indicator,period,date_range,seed,nfe,normalized_hypervolume
SPI3,A,2020–2040,1,100,0.552044898790301
SPI3,A,2020–2040,1,200,0.5602309867131492
SPI3,A,2020–2040,1,300,0.6801916102142168
SPI3,A,2020–2040,1,400,0.7061453657762373
SPI3,A,2020–2040,1,500,0.755222377752636
SPI3,A,2020–2040,1,600,0.7661202482011312
SPI3,A,2020–2040,1,700,0.783869642880999
SPI3,A,2020–2040,1,800,0.7847444590688529
SPI3,A,2020–2040,1,900,0.7849321243642295
SPI3,A,2020–2040,1,1000,0.7855398590782621
SPI3,A,2020–2040,1,1100,0.7869337475822227
SPI3,A,2020–2040,1,1200,0.7876709980170242
SPI3,A,2020–2040,1,1300,0.7877064345448984
SPI3,A,2020–2040,1,1400,0.7880826574090108
SPI3,A,2020–2040,1,1500,0.7882823872211666
SPI3,A,2020–2040,1,1600,0.7883173770436105
SPI3,A,2020–2040,1,1700,0.7884296636967868
SPI3,A,2020–2040,1,1800,0.7885669217502179
SPI3,A,2020–2040,1,1900,0.7885431809269868
SPI3,A,2020–2040,1,2000,0.7885222005730635
SPI3,A,2020–2040,1,2100,0.7885324662974074
SPI3,A,2020–2040,1,2200,0.7885387061785694
SPI3,A,2020–2040,1,2300,0.7885610501564388
SPI3,A,2020–2040,1,2400,0.7885717148126554
SPI3,A,2020–2040,1,2500,0.7886060424325871
SPI3,A,2020–2040,1,2600,0.789003969186946
SPI3,A,2020–2040,1,2700,0.7889974521046462
SPI3,A,2020–2040,1,2800,0.7889809322768018
SPI3,A,2020–2040,1,2900,0.7890246309109934
SPI3,A,2020–2040,1,3000,0.7890565127108892
SPI3,A,2020–2040,1,3100,0.7891397152563973
SPI3,A,2020–2040,1,3200,0.7891918901730748
SPI3,A,2020–2040,1,3300,0.7892059365584748
SPI3,A,2020–2040,1,3400,0.7892575222578302
SPI3,A,2020–2040,1,3500,0.7892806434121686
SPI3,A,2020–2040,1,3600,0.7892722293962946
SPI3,A,2020–2040,1,3700,0.7893955918519228
SPI3,A,2020–2040,1,3800,0.7894285311055821
SPI3,A,2020–2040,1,3900,0.7894732090248902
SPI3,A,2020–2040,1,4000,0.7894700669485517
SPI3,A,2020–2040,1,4100,0.789502891199298
SPI3,A,2020–2040,1,4200,0.7895066668925004
SPI3,A,2020–2040,1,4300,0.7895172928438162
SPI3,A,2020–2040,1,4400,0.7895201594486914
SPI3,A,2020–2040,1,4500,0.7895572181276804
SPI3,A,2020–2040,1,4600,0.7895455922158329
SPI3,A,2020–2040,1,4700,0.7895524163518423
SPI3,A,2020–2040,1,4800,0.7895522127937363
SPI3,A,2020–2040,1,4900,0.7895522127937363
SPI3,A,2020–2040,1,5000,0.7895522127937363
SPI3,A,2020–2040,1,5100,0.7895608522987112
SPI3,A,2020–2040,1,5200,0.7895529903641806
SPI3,A,2020–2040,1,5300,0.7895529903641806
SPI3,A,2020–2040,1,5400,0.7895529903641806
SPI3,A,2020–2040,1,5500,0.7895498496273758
SPI3,A,2020–2040,1,5600,0.7895783746662319
SPI3,A,2020–2040,1,5700,0.7895917079110378
SPI3,A,2020–2040,1,5800,0.7896079633902771
SPI3,A,2020–2040,1,5900,0.7896172942791112
SPI3,A,2020–2040,1,6000,0.7896184106907855
SPI3,A,2020–2040,1,6100,0.7896294528541342
SPI3,A,2020–2040,1,6200,0.7896407465006804
SPI3,A,2020–2040,1,6300,0.7896683604201541
SPI3,A,2020–2040,1,6400,0.7896711790459157
SPI3,A,2020–2040,1,6500,0.7896763738630243
SPI3,A,2020–2040,1,6600,0.7896737512485716
SPI3,A,2020–2040,1,6700,0.789677769392994
SPI3,A,2020–2040,1,6800,0.7896724598853208
SPI3,A,2020–2040,1,6900,0.7896715817918718
SPI3,A,2020–2040,1,7000,0.789667186438109
SPI3,A,2020–2040,1,7100,0.7896534710401263
SPI3,A,2020–2040,1,7200,0.7896535172806857
SPI3,A,2020–2040,1,7300,0.7896663691347119
SPI3,A,2020–2040,1,7400,0.7896628098399782
SPI3,A,2020–2040,1,7500,0.7896856193173764
SPI3,A,2020–2040,1,7600,0.7896976350298144
SPI3,A,2020–2040,1,7700,0.7896966664576732
SPI3,A,2020–2040,1,7800,0.789706427961642
SPI3,A,2020–2040,1,7900,0.7897047621668599
SPI3,A,2020–2040,1,8000,0.7897049148672898
SPI3,A,2020–2040,2,100,0.4991119179129435
SPI3,A,2020–2040,2,200,0.5310610385590357
SPI3,A,2020–2040,2,300,0.6978852944176306
SPI3,A,2020–2040,2,400,0.7610753409527138
SPI3,A,2020–2040,2,500,0.7780065704067252
SPI3,A,2020–2040,2,600,0.7838021431194632
SPI3,A,2020–2040,2,700,0.7848370656252532
SPI3,A,2020–2040,2,800,0.7851382373185829
SPI3,A,2020–2040,2,900,0.7851452125042531
SPI3,A,2020–2040,2,1000,0.785296238934942
SPI3,A,2020–2040,2,1100,0.7855167021930664
SPI3,A,2020–2040,2,1200,0.786592069677504
SPI3,A,2020–2040,2,1300,0.7874588444182842
SPI3,A,2020–2040,2,1400,0.7875570139042734
SPI3,A,2020–2040,2,1500,0.787894836604918
SPI3,A,2020–2040,2,1600,0.7882383105736372
SPI3,A,2020–2040,2,1700,0.7884239124981266
SPI3,A,2020–2040,2,1800,0.7885342411385984
SPI3,A,2020–2040,2,1900,0.7885906769215498
SPI3,A,2020–2040,2,2000,0.7888372730804288
SPI3,A,2020–2040,2,2100,0.7889981819355405
SPI3,A,2020–2040,2,2200,0.789137238120337
SPI3,A,2020–2040,2,2300,0.7892184665668064
SPI3,A,2020–2040,2,2400,0.7892581832898093
SPI3,A,2020–2040,2,2500,0.7892524442700547
SPI3,A,2020–2040,2,2600,0.7893134154648124
SPI3,A,2020–2040,2,2700,0.7893242380753114
SPI3,A,2020–2040,2,2800,0.7893784480076111
SPI3,A,2020–2040,2,2900,0.7895137555079231
SPI3,A,2020–2040,2,3000,0.7895869974215343
SPI3,A,2020–2040,2,3100,0.7895358837468325
SPI3,A,2020–2040,2,3200,0.7895394178713694
SPI3,A,2020–2040,2,3300,0.7895220710332448
SPI3,A,2020–2040,2,3400,0.7895612307877194
SPI3,A,2020–2040,2,3500,0.7895702979607849
SPI3,A,2020–2040,2,3600,0.7895730722503909
SPI3,A,2020–2040,2,3700,0.7895089985211137
SPI3,A,2020–2040,2,3800,0.7895107345889749
SPI3,A,2020–2040,2,3900,0.7895221831239205
SPI3,A,2020–2040,2,4000,0.7895975209068447
SPI3,A,2020–2040,2,4100,0.7895980786931197
SPI3,A,2020–2040,2,4200,0.7896020950796265
SPI3,A,2020–2040,2,4300,0.7896053211621543
SPI3,A,2020–2040,2,4400,0.7896094582510271
SPI3,A,2020–2040,2,4500,0.7896402930333907
SPI3,A,2020–2040,2,4600,0.7896077426102387
SPI3,A,2020–2040,2,4700,0.7895385173638372
SPI3,A,2020–2040,2,4800,0.7895401799510571
SPI3,A,2020–2040,2,4900,0.7895439567239891
SPI3,A,2020–2040,2,5000,0.7895337875825489
SPI3,A,2020–2040,2,5100,0.7895660535186902
SPI3,A,2020–2040,2,5200,0.7895479521528341
SPI3,A,2020–2040,2,5300,0.7895473498844268
SPI3,A,2020–2040,2,5400,0.7895524818069174
SPI3,A,2020–2040,2,5500,0.7895531574960637
SPI3,A,2020–2040,2,5600,0.7895526354408317
SPI3,A,2020–2040,2,5700,0.7895684701683996
SPI3,A,2020–2040,2,5800,0.7895850666523928
SPI3,A,2020–2040,2,5900,0.7895824678510442
SPI3,A,2020–2040,2,6000,0.7895783898078602
SPI3,A,2020–2040,2,6100,0.7895783898078602
SPI3,A,2020–2040,2,6200,0.7895932050639258
SPI3,A,2020–2040,2,6300,0.7895923728281045
SPI3,A,2020–2040,2,6400,0.7895952895188593
SPI3,A,2020–2040,2,6500,0.7895947999206049
SPI3,A,2020–2040,2,6600,0.7895961954289921
SPI3,A,2020–2040,2,6700,0.7896014204389054
SPI3,A,2020–2040,2,6800,0.7896210985102339
SPI3,A,2020–2040,2,6900,0.7896233242779275
SPI3,A,2020–2040,2,7000,0.7896204889835482
SPI3,A,2020–2040,2,7100,0.7896218599132584
SPI3,A,2020–2040,2,7200,0.7896222971756726
SPI3,A,2020–2040,2,7300,0.7896241580437932
SPI3,A,2020–2040,2,7400,0.7896238220801495
SPI3,A,2020–2040,2,7500,0.7896473918267299
SPI3,A,2020–2040,2,7600,0.7896506746187524
SPI3,A,2020–2040,2,7700,0.7896542492365036
SPI3,A,2020–2040,2,7800,0.7896500953965849
SPI3,A,2020–2040,2,7900,0.7896500953965849
SPI3,A,2020–2040,2,8000,0.7896500953965849
SPI3,A,2020–2040,3,100,0.5223611709765715
SPI3,A,2020–2040,3,200,0.567716524742164
SPI3,A,2020–2040,3,300,0.7252040446464241
SPI3,A,2020–2040,3,400,0.7345873823996505
SPI3,A,2020–2040,3,500,0.7498672780149372
SPI3,A,2020–2040,3,600,0.7597563088424445
SPI3,A,2020–2040,3,700,0.7804020066674844
SPI3,A,2020–2040,3,800,0.7838802691360091
SPI3,A,2020–2040,3,900,0.7845531662539763
SPI3,A,2020–2040,3,1000,0.7871476865114307
SPI3,A,2020–2040,3,1100,0.7873122062359831
SPI3,A,2020–2040,3,1200,0.7879091629510696
SPI3,A,2020–2040,3,1300,0.788241474676871
SPI3,A,2020–2040,3,1400,0.7884700959799492
SPI3,A,2020–2040,3,1500,0.7887007880980649
SPI3,A,2020–2040,3,1600,0.7888404611490036
SPI3,A,2020–2040,3,1700,0.7890982941893597
SPI3,A,2020–2040,3,1800,0.7891856402786619
SPI3,A,2020–2040,3,1900,0.7890700929886945
SPI3,A,2020–2040,3,2000,0.7891332153556958
SPI3,A,2020–2040,3,2100,0.7891370934752069
SPI3,A,2020–2040,3,2200,0.789121080226355
SPI3,A,2020–2040,3,2300,0.7891157652778901
SPI3,A,2020–2040,3,2400,0.7890149728389299
SPI3,A,2020–2040,3,2500,0.7891096391609267
SPI3,A,2020–2040,3,2600,0.7891270813331998
SPI3,A,2020–2040,3,2700,0.7891404478942062
SPI3,A,2020–2040,3,2800,0.7891489859893147
SPI3,A,2020–2040,3,2900,0.7891447695240257
SPI3,A,2020–2040,3,3000,0.7891318714080549
SPI3,A,2020–2040,3,3100,0.7891608925166487
SPI3,A,2020–2040,3,3200,0.789178287723299
SPI3,A,2020–2040,3,3300,0.7891849207719618
SPI3,A,2020–2040,3,3400,0.7892189851640523
SPI3,A,2020–2040,3,3500,0.7892189851640523
SPI3,A,2020–2040,3,3600,0.7893712702813318
SPI3,A,2020–2040,3,3700,0.7895040560831469
SPI3,A,2020–2040,3,3800,0.7895078955804388
SPI3,A,2020–2040,3,3900,0.7895087330741457
SPI3,A,2020–2040,3,4000,0.7895154555512035
SPI3,A,2020–2040,3,4100,0.7895135506873596
SPI3,A,2020–2040,3,4200,0.7894982263202558
SPI3,A,2020–2040,3,4300,0.7894918223513565
SPI3,A,2020–2040,3,4400,0.7895148181872327
SPI3,A,2020–2040,3,4500,0.7895219225818537
SPI3,A,2020–2040,3,4600,0.7895220610826957
SPI3,A,2020–2040,3,4700,0.7895357359989126
SPI3,A,2020–2040,3,4800,0.7895538502528368
SPI3,A,2020–2040,3,4900,0.7895795796496523
SPI3,A,2020–2040,3,5000,0.7895768940059023
SPI3,A,2020–2040,3,5100,0.7896179652614178
SPI3,A,2020–2040,3,5200,0.7896262729808481
SPI3,A,2020–2040,3,5300,0.789637992773352
SPI3,A,2020–2040,3,5400,0.7896376152940902
SPI3,A,2020–2040,3,5500,0.7896361018796265
SPI3,A,2020–2040,3,5600,0.7896954885148246
SPI3,A,2020–2040,3,5700,0.7896964048542543
SPI3,A,2020–2040,3,5800,0.789696523179125
SPI3,A,2020–2040,3,5900,0.7896858582816151
SPI3,A,2020–2040,3,6000,0.7896763044384192
SPI3,A,2020–2040,3,6100,0.7896763044384192
SPI3,A,2020–2040,3,6200,0.7896862933464184
SPI3,A,2020–2040,3,6300,0.7896870740297668
SPI3,A,2020–2040,3,6400,0.7896864986887783
SPI3,A,2020–2040,3,6500,0.7896856613675
SPI3,A,2020–2040,3,6600,0.7896918753786683
SPI3,A,2020–2040,3,6700,0.7896918753786683
SPI3,A,2020–2040,3,6800,0.7896918753786683
SPI3,A,2020–2040,3,6900,0.7896918753786683
SPI3,A,2020–2040,3,7000,0.7896937621650044
SPI3,A,2020–2040,3,7100,0.789698992453789
SPI3,A,2020–2040,3,7200,0.789698992453789
SPI3,A,2020–2040,3,7300,0.7896991544597632
SPI3,A,2020–2040,3,7400,0.7896970487191705
SPI3,A,2020–2040,3,7500,0.7897036382617545
SPI3,A,2020–2040,3,7600,0.7897050012632179
SPI3,A,2020–2040,3,7700,0.7897059355308448
SPI3,A,2020–2040,3,7800,0.7897079135315132
SPI3,A,2020–2040,3,7900,0.7897099739665012
SPI3,A,2020–2040,3,8000,0.7897099827354113
SPI3,A,2020–2040,4,100,0.5110448713316855
SPI3,A,2020–2040,4,200,0.5246810015938274
SPI3,A,2020–2040,4,300,0.7200785932375459
SPI3,A,2020–2040,4,400,0.7455248714462036
SPI3,A,2020–2040,4,500,0.7790413989079268
SPI3,A,2020–2040,4,600,0.783601066082367
SPI3,A,2020–2040,4,700,0.7841403035908873
SPI3,A,2020–2040,4,800,0.7863218966359948
SPI3,A,2020–2040,4,900,0.7880845635640774
SPI3,A,2020–2040,4,1000,0.7887025440528386
SPI3,A,2020–2040,4,1100,0.7887907867256336
SPI3,A,2020–2040,4,1200,0.7885141021875985
SPI3,A,2020–2040,4,1300,0.7885950479666745
SPI3,A,2020–2040,4,1400,0.7887926593982666
SPI3,A,2020–2040,4,1500,0.7887469632494835
SPI3,A,2020–2040,4,1600,0.7888308829109673
SPI3,A,2020–2040,4,1700,0.7887328336756442
SPI3,A,2020–2040,4,1800,0.7888097383387599
SPI3,A,2020–2040,4,1900,0.7888942924979023
SPI3,A,2020–2040,4,2000,0.7889259079165303
SPI3,A,2020–2040,4,2100,0.7890174008947682
SPI3,A,2020–2040,4,2200,0.7891436179493068
SPI3,A,2020–2040,4,2300,0.7891497652203168
SPI3,A,2020–2040,4,2400,0.789144488757414
SPI3,A,2020–2040,4,2500,0.7891886741628161
SPI3,A,2020–2040,4,2600,0.7892053648709668
SPI3,A,2020–2040,4,2700,0.7892200735015946
SPI3,A,2020–2040,4,2800,0.7892778861116748
SPI3,A,2020–2040,4,2900,0.7893108139799625
SPI3,A,2020–2040,4,3000,0.7893125622612233
SPI3,A,2020–2040,4,3100,0.7894500529171335
SPI3,A,2020–2040,4,3200,0.7894533647186167
SPI3,A,2020–2040,4,3300,0.7895479648295773
SPI3,A,2020–2040,4,3400,0.7895493546055319
SPI3,A,2020–2040,4,3500,0.7895581025319062
SPI3,A,2020–2040,4,3600,0.7895711352563047
SPI3,A,2020–2040,4,3700,0.7895533780569115
SPI3,A,2020–2040,4,3800,0.7895592661439992
SPI3,A,2020–2040,4,3900,0.7895840387236093
SPI3,A,2020–2040,4,4000,0.7895981555285619
SPI3,A,2020–2040,4,4100,0.7896005816150633
SPI3,A,2020–2040,4,4200,0.7895981982062382
SPI3,A,2020–2040,4,4300,0.7896012108753541
SPI3,A,2020–2040,4,4400,0.7896125940382827
SPI3,A,2020–2040,4,4500,0.7896258510401666
SPI3,A,2020–2040,4,4600,0.7896247202969224
SPI3,A,2020–2040,4,4700,0.7896096127236897
SPI3,A,2020–2040,4,4800,0.7896197525306027
SPI3,A,2020–2040,4,4900,0.7896573024823872
SPI3,A,2020–2040,4,5000,0.7896681186744927
SPI3,A,2020–2040,4,5100,0.7896663087586353
SPI3,A,2020–2040,4,5200,0.7896663088973103
SPI3,A,2020–2040,4,5300,0.7896663088973103
SPI3,A,2020–2040,4,5400,0.7896663601655778
SPI3,A,2020–2040,4,5500,0.7896670675736972
SPI3,A,2020–2040,4,5600,0.7896865775243719
SPI3,A,2020–2040,4,5700,0.789688330211453
SPI3,A,2020–2040,4,5800,0.7896930717194739
SPI3,A,2020–2040,4,5900,0.789687200062226
SPI3,A,2020–2040,4,6000,0.789687200062226
SPI3,A,2020–2040,4,6100,0.7896881623841387
SPI3,A,2020–2040,4,6200,0.7896881623841387
SPI3,A,2020–2040,4,6300,0.789689339713207
SPI3,A,2020–2040,4,6400,0.7896886079116919
SPI3,A,2020–2040,4,6500,0.78968575021899
SPI3,A,2020–2040,4,6600,0.78968575021899
SPI3,A,2020–2040,4,6700,0.7896822323012699
SPI3,A,2020–2040,4,6800,0.789686834511369
SPI3,A,2020–2040,4,6900,0.7896682920850293
SPI3,A,2020–2040,4,7000,0.7896681732561446
SPI3,A,2020–2040,4,7100,0.7896736970049206
SPI3,A,2020–2040,4,7200,0.7896641894085686
SPI3,A,2020–2040,4,7300,0.7896641894085686
SPI3,A,2020–2040,4,7400,0.7896641894085686
SPI3,A,2020–2040,4,7500,0.7896670116669539
SPI3,A,2020–2040,4,7600,0.7896757943348575
SPI3,A,2020–2040,4,7700,0.7896813540780095
SPI3,A,2020–2040,4,7800,0.7896813540780095
SPI3,A,2020–2040,4,7900,0.78968037103129
SPI3,A,2020–2040,4,8000,0.7896808199473835
SPI3,A,2020–2040,5,100,0.5548792109192234
SPI3,A,2020–2040,5,200,0.5572311568592669
SPI3,A,2020–2040,5,300,0.7352943789672817
SPI3,A,2020–2040,5,400,0.7745030490475608
SPI3,A,2020–2040,5,500,0.7796774970339123
SPI3,A,2020–2040,5,600,0.7833283657755323
SPI3,A,2020–2040,5,700,0.7859125622591233
SPI3,A,2020–2040,5,800,0.7862693842947095
SPI3,A,2020–2040,5,900,0.7868650270835599
SPI3,A,2020–2040,5,1000,0.7874660295619547
SPI3,A,2020–2040,5,1100,0.7882405933453093
SPI3,A,2020–2040,5,1200,0.7879033836900164
SPI3,A,2020–2040,5,1300,0.7882610954376065
SPI3,A,2020–2040,5,1400,0.787806176973516
SPI3,A,2020–2040,5,1500,0.7879320136838838
SPI3,A,2020–2040,5,1600,0.7886522132118083
SPI3,A,2020–2040,5,1700,0.7887972615620696
SPI3,A,2020–2040,5,1800,0.7887901734543739
SPI3,A,2020–2040,5,1900,0.7889186669890068
SPI3,A,2020–2040,5,2000,0.7889119378614445
SPI3,A,2020–2040,5,2100,0.7889016275148233
SPI3,A,2020–2040,5,2200,0.7888995607759278
SPI3,A,2020–2040,5,2300,0.7889815740339451
SPI3,A,2020–2040,5,2400,0.788988452183272
SPI3,A,2020–2040,5,2500,0.7890125106434318
SPI3,A,2020–2040,5,2600,0.7890430193379739
SPI3,A,2020–2040,5,2700,0.7890846370511158
SPI3,A,2020–2040,5,2800,0.7890907939773889
SPI3,A,2020–2040,5,2900,0.7891658095560488
SPI3,A,2020–2040,5,3000,0.789164544720484
SPI3,A,2020–2040,5,3100,0.7891697324845105
SPI3,A,2020–2040,5,3200,0.7893237621205013
SPI3,A,2020–2040,5,3300,0.7893433106959088
SPI3,A,2020–2040,5,3400,0.7893430621810303
SPI3,A,2020–2040,5,3500,0.7893502452453535
SPI3,A,2020–2040,5,3600,0.7893440649749307
SPI3,A,2020–2040,5,3700,0.7893478024427686
SPI3,A,2020–2040,5,3800,0.7893363879540329
SPI3,A,2020–2040,5,3900,0.7893534197584634
SPI3,A,2020–2040,5,4000,0.7893534197584634
SPI3,A,2020–2040,5,4100,0.78939287300903
SPI3,A,2020–2040,5,4200,0.7893849051142837
SPI3,A,2020–2040,5,4300,0.7893925983855375
SPI3,A,2020–2040,5,4400,0.7893922802145762
SPI3,A,2020–2040,5,4500,0.7894063563416521
SPI3,A,2020–2040,5,4600,0.7894116876380836
SPI3,A,2020–2040,5,4700,0.7893976954951061
SPI3,A,2020–2040,5,4800,0.7894106347226345
SPI3,A,2020–2040,5,4900,0.7894108635989425
SPI3,A,2020–2040,5,5000,0.7894259513586338
SPI3,A,2020–2040,5,5100,0.789429222244742
SPI3,A,2020–2040,5,5200,0.789429222244742
SPI3,A,2020–2040,5,5300,0.7894375240420728
SPI3,A,2020–2040,5,5400,0.7894403341307921
SPI3,A,2020–2040,5,5500,0.7894391723729951
SPI3,A,2020–2040,5,5600,0.7894412749322218
SPI3,A,2020–2040,5,5700,0.7894243475367675
SPI3,A,2020–2040,5,5800,0.78944096384217
SPI3,A,2020–2040,5,5900,0.7894413247874779
SPI3,A,2020–2040,5,6000,0.7894510591925229
SPI3,A,2020–2040,5,6100,0.789457879551048
SPI3,A,2020–2040,5,6200,0.7894499588612751
SPI3,A,2020–2040,5,6300,0.7894638273488727
SPI3,A,2020–2040,5,6400,0.7894656783894987
SPI3,A,2020–2040,5,6500,0.7894023447848928
SPI3,A,2020–2040,5,6600,0.7894024306499864
SPI3,A,2020–2040,5,6700,0.7894024306499864
SPI3,A,2020–2040,5,6800,0.7894024306499864
SPI3,A,2020–2040,5,6900,0.7894129448692975
SPI3,A,2020–2040,5,7000,0.7894344321489735
SPI3,A,2020–2040,5,7100,0.7894338330181563
SPI3,A,2020–2040,5,7200,0.789437262670795
SPI3,A,2020–2040,5,7300,0.7894637161251918
SPI3,A,2020–2040,5,7400,0.789488454504834
SPI3,A,2020–2040,5,7500,0.7894889228446592
SPI3,A,2020–2040,5,7600,0.7895120477630313
SPI3,A,2020–2040,5,7700,0.7895156328911554
SPI3,A,2020–2040,5,7800,0.7895707482351414
SPI3,A,2020–2040,5,7900,0.789584102922451
SPI3,A,2020–2040,5,8000,0.7895845702199014
SPI3,A,2020–2040,6,100,0.6039464116822854
SPI3,A,2020–2040,6,200,0.613381968677372
SPI3,A,2020–2040,6,300,0.7259461159007898
SPI3,A,2020–2040,6,400,0.7779037848983654
SPI3,A,2020–2040,6,500,0.7842893694494056
SPI3,A,2020–2040,6,600,0.7854565343403872
SPI3,A,2020–2040,6,700,0.7861958348725694
SPI3,A,2020–2040,6,800,0.7863131136954908
SPI3,A,2020–2040,6,900,0.787022946855858
SPI3,A,2020–2040,6,1000,0.7872789273153054
SPI3,A,2020–2040,6,1100,0.7877381005540324
SPI3,A,2020–2040,6,1200,0.787817858330115
SPI3,A,2020–2040,6,1300,0.7882958110799105
SPI3,A,2020–2040,6,1400,0.7887161434006589
SPI3,A,2020–2040,6,1500,0.788735990491244
SPI3,A,2020–2040,6,1600,0.7888278703815848
SPI3,A,2020–2040,6,1700,0.7888582231379029
SPI3,A,2020–2040,6,1800,0.788890646783638
SPI3,A,2020–2040,6,1900,0.7887794826150639
SPI3,A,2020–2040,6,2000,0.7887584977931138
SPI3,A,2020–2040,6,2100,0.7888879575741078
SPI3,A,2020–2040,6,2200,0.7889145787446897
SPI3,A,2020–2040,6,2300,0.7889260914852142
SPI3,A,2020–2040,6,2400,0.7890243782258071
SPI3,A,2020–2040,6,2500,0.7893303291283102
SPI3,A,2020–2040,6,2600,0.7894074766195461
SPI3,A,2020–2040,6,2700,0.7893982177962582
SPI3,A,2020–2040,6,2800,0.789421776481196
SPI3,A,2020–2040,6,2900,0.789421776481196
SPI3,A,2020–2040,6,3000,0.7894290821374338
SPI3,A,2020–2040,6,3100,0.7894169073189967
SPI3,A,2020–2040,6,3200,0.7894250307045426
SPI3,A,2020–2040,6,3300,0.7894240147478003
SPI3,A,2020–2040,6,3400,0.7894367848166293
SPI3,A,2020–2040,6,3500,0.7894547144059523
SPI3,A,2020–2040,6,3600,0.7894510227613531
SPI3,A,2020–2040,6,3700,0.7894518376677735
SPI3,A,2020–2040,6,3800,0.7894524321171065
SPI3,A,2020–2040,6,3900,0.7894669555995032
SPI3,A,2020–2040,6,4000,0.7894594870852745
SPI3,A,2020–2040,6,4100,0.7894540674414868
SPI3,A,2020–2040,6,4200,0.7894554938927231
SPI3,A,2020–2040,6,4300,0.7894547647884455
SPI3,A,2020–2040,6,4400,0.7894385051971913
SPI3,A,2020–2040,6,4500,0.7894223447107585
SPI3,A,2020–2040,6,4600,0.7894608225326714
SPI3,A,2020–2040,6,4700,0.7894900710376745
SPI3,A,2020–2040,6,4800,0.7894998129827159
SPI3,A,2020–2040,6,4900,0.7895251690427565
SPI3,A,2020–2040,6,5000,0.7895203622913868
SPI3,A,2020–2040,6,5100,0.789553121319876
SPI3,A,2020–2040,6,5200,0.7895654072569537
SPI3,A,2020–2040,6,5300,0.7895624361764972
SPI3,A,2020–2040,6,5400,0.7895623876448964
SPI3,A,2020–2040,6,5500,0.789560507155183
SPI3,A,2020–2040,6,5600,0.7895609688422229
SPI3,A,2020–2040,6,5700,0.7895832232946406
SPI3,A,2020–2040,6,5800,0.7895838216592455
SPI3,A,2020–2040,6,5900,0.7896019257681299
SPI3,A,2020–2040,6,6000,0.7896039538292663
SPI3,A,2020–2040,6,6100,0.7896065376465391
SPI3,A,2020–2040,6,6200,0.7895910389516748
SPI3,A,2020–2040,6,6300,0.7895833791657287
SPI3,A,2020–2040,6,6400,0.789583576474695
SPI3,A,2020–2040,6,6500,0.7895765621775885
SPI3,A,2020–2040,6,6600,0.789578377526643
SPI3,A,2020–2040,6,6700,0.7895770991203075
SPI3,A,2020–2040,6,6800,0.7895907993240133
SPI3,A,2020–2040,6,6900,0.7895945832768045
SPI3,A,2020–2040,6,7000,0.7896031215320222
SPI3,A,2020–2040,6,7100,0.7896380428731632
SPI3,A,2020–2040,6,7200,0.7896366580895224
SPI3,A,2020–2040,6,7300,0.7896402154477108
SPI3,A,2020–2040,6,7400,0.7896426210068852
SPI3,A,2020–2040,6,7500,0.7896426210068852
SPI3,A,2020–2040,6,7600,0.7896426210068852
SPI3,A,2020–2040,6,7700,0.7896378955457575
SPI3,A,2020–2040,6,7800,0.7896459022592092
SPI3,A,2020–2040,6,7900,0.7896444234651465
SPI3,A,2020–2040,6,8000,0.7896448465933941
SPI3,A,2020–2040,7,100,0.4966468467128311
SPI3,A,2020–2040,7,200,0.5047242114622251
SPI3,A,2020–2040,7,300,0.7209965498679864
SPI3,A,2020–2040,7,400,0.7762975241151701
SPI3,A,2020–2040,7,500,0.781516179930648
SPI3,A,2020–2040,7,600,0.7847410813187677
SPI3,A,2020–2040,7,700,0.7840611564508829
SPI3,A,2020–2040,7,800,0.784448921846173
SPI3,A,2020–2040,7,900,0.7855363373228772
SPI3,A,2020–2040,7,1000,0.786569720057368
SPI3,A,2020–2040,7,1100,0.7866372435055263
SPI3,A,2020–2040,7,1200,0.7871401463267588
SPI3,A,2020–2040,7,1300,0.7875673045611481
SPI3,A,2020–2040,7,1400,0.7874505565072671
SPI3,A,2020–2040,7,1500,0.7879550684665668
SPI3,A,2020–2040,7,1600,0.7883041371010118
SPI3,A,2020–2040,7,1700,0.7883663173304643
SPI3,A,2020–2040,7,1800,0.7887821170320818
SPI3,A,2020–2040,7,1900,0.7888059772433248
SPI3,A,2020–2040,7,2000,0.7889473562727618
SPI3,A,2020–2040,7,2100,0.7889651797746001
SPI3,A,2020–2040,7,2200,0.7890221097857012
SPI3,A,2020–2040,7,2300,0.7890660394565576
SPI3,A,2020–2040,7,2400,0.7890590716909099
SPI3,A,2020–2040,7,2500,0.7890430741377392
SPI3,A,2020–2040,7,2600,0.7890951079815176
SPI3,A,2020–2040,7,2700,0.7891003711378515
SPI3,A,2020–2040,7,2800,0.7891684121665136
SPI3,A,2020–2040,7,2900,0.7891865886645888
SPI3,A,2020–2040,7,3000,0.7891864624786725
SPI3,A,2020–2040,7,3100,0.789184202644807
SPI3,A,2020–2040,7,3200,0.7891866326319597
SPI3,A,2020–2040,7,3300,0.7892282350190503
SPI3,A,2020–2040,7,3400,0.789231816084601
SPI3,A,2020–2040,7,3500,0.7892509787303554
SPI3,A,2020–2040,7,3600,0.7892456308208553
SPI3,A,2020–2040,7,3700,0.7892921765276804
SPI3,A,2020–2040,7,3800,0.7892977395827816
SPI3,A,2020–2040,7,3900,0.7893165870379305
SPI3,A,2020–2040,7,4000,0.7893441476370632
SPI3,A,2020–2040,7,4100,0.7893300476700478
SPI3,A,2020–2040,7,4200,0.7893304241366645
SPI3,A,2020–2040,7,4300,0.7893223895002492
SPI3,A,2020–2040,7,4400,0.7893200004676448
SPI3,A,2020–2040,7,4500,0.7893186319626909
SPI3,A,2020–2040,7,4600,0.7893207486383824
SPI3,A,2020–2040,7,4700,0.7893583021040619
SPI3,A,2020–2040,7,4800,0.7893577496734171
SPI3,A,2020–2040,7,4900,0.789358769670311
SPI3,A,2020–2040,7,5000,0.7895296372087425
SPI3,A,2020–2040,7,5100,0.7895296372087425
SPI3,A,2020–2040,7,5200,0.7895326856993823
SPI3,A,2020–2040,7,5300,0.7895309660649427
SPI3,A,2020–2040,7,5400,0.78953819761314
SPI3,A,2020–2040,7,5500,0.7895421367138993
SPI3,A,2020–2040,7,5600,0.789564864345969
SPI3,A,2020–2040,7,5700,0.7896433860264404
SPI3,A,2020–2040,7,5800,0.7896186922344736
SPI3,A,2020–2040,7,5900,0.7896214731336959
SPI3,A,2020–2040,7,6000,0.7896209975017313
SPI3,A,2020–2040,7,6100,0.7896228585375293
SPI3,A,2020–2040,7,6200,0.7896223112964319
SPI3,A,2020–2040,7,6300,0.7896546985743542
SPI3,A,2020–2040,7,6400,0.7896497700862819
SPI3,A,2020–2040,7,6500,0.7896537654870424
SPI3,A,2020–2040,7,6600,0.7896514163022651
SPI3,A,2020–2040,7,6700,0.7896537518794887
SPI3,A,2020–2040,7,6800,0.789653062903465
SPI3,A,2020–2040,7,6900,0.789653062903465
SPI3,A,2020–2040,7,7000,0.7896570510185431
SPI3,A,2020–2040,7,7100,0.7896723786062296
SPI3,A,2020–2040,7,7200,0.7896850569779148
SPI3,A,2020–2040,7,7300,0.789691271260232
SPI3,A,2020–2040,7,7400,0.7896974784847917
SPI3,A,2020–2040,7,7500,0.7896972178233146
SPI3,A,2020–2040,7,7600,0.7896972178233146
SPI3,A,2020–2040,7,7700,0.7896980779887715
SPI3,A,2020–2040,7,7800,0.7896962483008564
SPI3,A,2020–2040,7,7900,0.7896953253853363
SPI3,A,2020–2040,7,8000,0.7896953253853363
SPI3,B,2080–2100,1,100,0.17765383511613222
SPI3,B,2080–2100,1,200,0.1779274456652849
SPI3,B,2080–2100,1,300,0.23530079360048262
SPI3,B,2080–2100,1,400,0.2731483844311269
SPI3,B,2080–2100,1,500,0.279827053734771
SPI3,B,2080–2100,1,600,0.29869857454039805
SPI3,B,2080–2100,1,700,0.3012309933605708
SPI3,B,2080–2100,1,800,0.3033320519927938
SPI3,B,2080–2100,1,900,0.30708766238319213
SPI3,B,2080–2100,1,1000,0.30865899662116747
SPI3,B,2080–2100,1,1100,0.30946463228313437
SPI3,B,2080–2100,1,1200,0.31018618800913134
SPI3,B,2080–2100,1,1300,0.31046660263890996
SPI3,B,2080–2100,1,1400,0.3107680423793139
SPI3,B,2080–2100,1,1500,0.3121510574447487
SPI3,B,2080–2100,1,1600,0.3123790817794889
SPI3,B,2080–2100,1,1700,0.31265930944313736
SPI3,B,2080–2100,1,1800,0.3130144400141092
SPI3,B,2080–2100,1,1900,0.313136073743239
SPI3,B,2080–2100,1,2000,0.31318259261501213
SPI3,B,2080–2100,1,2100,0.31316200683215945
SPI3,B,2080–2100,1,2200,0.3132631457580104
SPI3,B,2080–2100,1,2300,0.3132798033388234
SPI3,B,2080–2100,1,2400,0.31346520610158546
SPI3,B,2080–2100,1,2500,0.313490856575677
SPI3,B,2080–2100,1,2600,0.3141013546298025
SPI3,B,2080–2100,1,2700,0.31413115593369967
SPI3,B,2080–2100,1,2800,0.31419759982439815
SPI3,B,2080–2100,1,2900,0.3142503272802865
SPI3,B,2080–2100,1,3000,0.31427069670283647
SPI3,B,2080–2100,1,3100,0.3143079599742921
SPI3,B,2080–2100,1,3200,0.31431561000813985
SPI3,B,2080–2100,1,3300,0.31433818442352957
SPI3,B,2080–2100,1,3400,0.3143820752082384
SPI3,B,2080–2100,1,3500,0.3144228937556386
SPI3,B,2080–2100,1,3600,0.314458551917673
SPI3,B,2080–2100,1,3700,0.3144466500128026
SPI3,B,2080–2100,1,3800,0.31446229452767
SPI3,B,2080–2100,1,3900,0.31447244432548666
SPI3,B,2080–2100,1,4000,0.3144525760242278
SPI3,B,2080–2100,1,4100,0.3144711952245172
SPI3,B,2080–2100,1,4200,0.3144696638505124
SPI3,B,2080–2100,1,4300,0.3144695416644775
SPI3,B,2080–2100,1,4400,0.31443484473511846
SPI3,B,2080–2100,1,4500,0.3144424873359502
SPI3,B,2080–2100,1,4600,0.3144436129753564
SPI3,B,2080–2100,1,4700,0.3144592850523643
SPI3,B,2080–2100,1,4800,0.31447053039497475
SPI3,B,2080–2100,1,4900,0.3144717792859574
SPI3,B,2080–2100,1,5000,0.3144750203637769
SPI3,B,2080–2100,1,5100,0.3144819456115478
SPI3,B,2080–2100,1,5200,0.3144841549820482
SPI3,B,2080–2100,1,5300,0.31449836376020346
SPI3,B,2080–2100,1,5400,0.3144910060305676
SPI3,B,2080–2100,1,5500,0.3145016206924116
SPI3,B,2080–2100,1,5600,0.31450757362624643
SPI3,B,2080–2100,1,5700,0.3145344905944073
SPI3,B,2080–2100,1,5800,0.31454323549483804
SPI3,B,2080–2100,1,5900,0.31454575538944496
SPI3,B,2080–2100,1,6000,0.31454860286164305
SPI3,B,2080–2100,1,6100,0.31456533294717587
SPI3,B,2080–2100,1,6200,0.3145640957603392
SPI3,B,2080–2100,1,6300,0.3145657459526699
SPI3,B,2080–2100,1,6400,0.31457074638826055
SPI3,B,2080–2100,1,6500,0.31457130352546425
SPI3,B,2080–2100,1,6600,0.31457010228934157
SPI3,B,2080–2100,1,6700,0.3145672240025206
SPI3,B,2080–2100,1,6800,0.3145672240025206
SPI3,B,2080–2100,1,6900,0.31456726078206865
SPI3,B,2080–2100,1,7000,0.31457739686819974
SPI3,B,2080–2100,1,7100,0.3145831461351538
SPI3,B,2080–2100,1,7200,0.31458259369954716
SPI3,B,2080–2100,1,7300,0.3145822217872383
SPI3,B,2080–2100,1,7400,0.3145874674899068
SPI3,B,2080–2100,1,7500,0.31458975020195495
SPI3,B,2080–2100,1,7600,0.3145909222695008
SPI3,B,2080–2100,1,7700,0.3145909222695008
SPI3,B,2080–2100,1,7800,0.3145900293776468
SPI3,B,2080–2100,1,7900,0.3145850845826048
SPI3,B,2080–2100,1,8000,0.3145873044184204
SPI3,B,2080–2100,2,100,0.16215146300477648
SPI3,B,2080–2100,2,200,0.18882250829879804
SPI3,B,2080–2100,2,300,0.2251038336245861
SPI3,B,2080–2100,2,400,0.2607747943978839
SPI3,B,2080–2100,2,500,0.27268118680056985
SPI3,B,2080–2100,2,600,0.29988509724626466
SPI3,B,2080–2100,2,700,0.30393475854329555
SPI3,B,2080–2100,2,800,0.30591371358813996
SPI3,B,2080–2100,2,900,0.30991203748537877
SPI3,B,2080–2100,2,1000,0.31083040146606195
SPI3,B,2080–2100,2,1100,0.3112253809212871
SPI3,B,2080–2100,2,1200,0.31178121738321685
SPI3,B,2080–2100,2,1300,0.3124383702510636
SPI3,B,2080–2100,2,1400,0.3124001117209411
SPI3,B,2080–2100,2,1500,0.31253410742473486
SPI3,B,2080–2100,2,1600,0.31274214995468713
SPI3,B,2080–2100,2,1700,0.312858892409023
SPI3,B,2080–2100,2,1800,0.3129006098670112
SPI3,B,2080–2100,2,1900,0.31299310906600897
SPI3,B,2080–2100,2,2000,0.3131750669783744
SPI3,B,2080–2100,2,2100,0.3132971050669296
SPI3,B,2080–2100,2,2200,0.31339085259704436
SPI3,B,2080–2100,2,2300,0.31346931944136514
SPI3,B,2080–2100,2,2400,0.31353415500327897
SPI3,B,2080–2100,2,2500,0.3136587551219757
SPI3,B,2080–2100,2,2600,0.31372441329911444
SPI3,B,2080–2100,2,2700,0.31377261170135856
SPI3,B,2080–2100,2,2800,0.3139115583336475
SPI3,B,2080–2100,2,2900,0.3138538183185605
SPI3,B,2080–2100,2,3000,0.31386226444326004
SPI3,B,2080–2100,2,3100,0.314466653391904
SPI3,B,2080–2100,2,3200,0.314487368120396
SPI3,B,2080–2100,2,3300,0.31450780108428883
SPI3,B,2080–2100,2,3400,0.3145454333474936
SPI3,B,2080–2100,2,3500,0.3145372749466822
SPI3,B,2080–2100,2,3600,0.31453499659226414
SPI3,B,2080–2100,2,3700,0.31455980787913373
SPI3,B,2080–2100,2,3800,0.3144458608824623
SPI3,B,2080–2100,2,3900,0.31446348134622853
SPI3,B,2080–2100,2,4000,0.31446972820253283
SPI3,B,2080–2100,2,4100,0.3144813749245421
SPI3,B,2080–2100,2,4200,0.31446717252773093
SPI3,B,2080–2100,2,4300,0.31447106054541873
SPI3,B,2080–2100,2,4400,0.31446921015093865
SPI3,B,2080–2100,2,4500,0.3144718968286698
SPI3,B,2080–2100,2,4600,0.31447229216758543
SPI3,B,2080–2100,2,4700,0.314499477701064
SPI3,B,2080–2100,2,4800,0.314517487924965
SPI3,B,2080–2100,2,4900,0.3145228012893039
SPI3,B,2080–2100,2,5000,0.31453193676717034
SPI3,B,2080–2100,2,5100,0.31453176096201924
SPI3,B,2080–2100,2,5200,0.3145326768168992
SPI3,B,2080–2100,2,5300,0.3145343943972721
SPI3,B,2080–2100,2,5400,0.31453797038845066
SPI3,B,2080–2100,2,5500,0.3145179209573208
SPI3,B,2080–2100,2,5600,0.31452447799047667
SPI3,B,2080–2100,2,5700,0.3145250573231615
SPI3,B,2080–2100,2,5800,0.3145269137139561
SPI3,B,2080–2100,2,5900,0.3145269137139561
SPI3,B,2080–2100,2,6000,0.31453663584945063
SPI3,B,2080–2100,2,6100,0.3145386859132534
SPI3,B,2080–2100,2,6200,0.3145404554110746
SPI3,B,2080–2100,2,6300,0.31450393718056124
SPI3,B,2080–2100,2,6400,0.3145047908736949
SPI3,B,2080–2100,2,6500,0.3145152069424482
SPI3,B,2080–2100,2,6600,0.31451353763924583
SPI3,B,2080–2100,2,6700,0.3145120517425376
SPI3,B,2080–2100,2,6800,0.3145139036511269
SPI3,B,2080–2100,2,6900,0.31451760258962425
SPI3,B,2080–2100,2,7000,0.31451861919505547
SPI3,B,2080–2100,2,7100,0.3145141372777041
SPI3,B,2080–2100,2,7200,0.31451115508248173
SPI3,B,2080–2100,2,7300,0.3145128395164792
SPI3,B,2080–2100,2,7400,0.3145123363375544
SPI3,B,2080–2100,2,7500,0.3145063171107332
SPI3,B,2080–2100,2,7600,0.31450497129291777
SPI3,B,2080–2100,2,7700,0.31452539906699184
SPI3,B,2080–2100,2,7800,0.3145396490668931
SPI3,B,2080–2100,2,7900,0.3145396490668931
SPI3,B,2080–2100,2,8000,0.31453920931885826
SPI3,B,2080–2100,3,100,0.1757127916311844
SPI3,B,2080–2100,3,200,0.19915178298800823
SPI3,B,2080–2100,3,300,0.2754878734469597
SPI3,B,2080–2100,3,400,0.2983735536066493
SPI3,B,2080–2100,3,500,0.30179904512007466
SPI3,B,2080–2100,3,600,0.3031002350818462
SPI3,B,2080–2100,3,700,0.3086894302815044
SPI3,B,2080–2100,3,800,0.3090386802909336
SPI3,B,2080–2100,3,900,0.3095742027836649
SPI3,B,2080–2100,3,1000,0.3110649332947239
SPI3,B,2080–2100,3,1100,0.3111925500163989
SPI3,B,2080–2100,3,1200,0.3111896206494967
SPI3,B,2080–2100,3,1300,0.3112355992611203
SPI3,B,2080–2100,3,1400,0.3116446216231533
SPI3,B,2080–2100,3,1500,0.31313254754331304
SPI3,B,2080–2100,3,1600,0.31325280827727353
SPI3,B,2080–2100,3,1700,0.3133232290633804
SPI3,B,2080–2100,3,1800,0.31334255959860063
SPI3,B,2080–2100,3,1900,0.31397975138352385
SPI3,B,2080–2100,3,2000,0.3141581411387196
SPI3,B,2080–2100,3,2100,0.31419304276274995
SPI3,B,2080–2100,3,2200,0.31420166873489785
SPI3,B,2080–2100,3,2300,0.3142988507929994
SPI3,B,2080–2100,3,2400,0.3143118263239657
SPI3,B,2080–2100,3,2500,0.31435429413865634
SPI3,B,2080–2100,3,2600,0.3143828358229852
SPI3,B,2080–2100,3,2700,0.3144358010751432
SPI3,B,2080–2100,3,2800,0.3144170075619387
SPI3,B,2080–2100,3,2900,0.31449193763116173
SPI3,B,2080–2100,3,3000,0.3145336826147305
SPI3,B,2080–2100,3,3100,0.31453329740480246
SPI3,B,2080–2100,3,3200,0.3144432128306476
SPI3,B,2080–2100,3,3300,0.31448100088596814
SPI3,B,2080–2100,3,3400,0.31453598024290746
SPI3,B,2080–2100,3,3500,0.3145397684965414
SPI3,B,2080–2100,3,3600,0.31447721654300254
SPI3,B,2080–2100,3,3700,0.31448211783978636
SPI3,B,2080–2100,3,3800,0.31447945967499324
SPI3,B,2080–2100,3,3900,0.3144922125874665
SPI3,B,2080–2100,3,4000,0.3145019951581006
SPI3,B,2080–2100,3,4100,0.3144798319837487
SPI3,B,2080–2100,3,4200,0.3144781657251283
SPI3,B,2080–2100,3,4300,0.3144819750241804
SPI3,B,2080–2100,3,4400,0.31447894337857923
SPI3,B,2080–2100,3,4500,0.3144836429717468
SPI3,B,2080–2100,3,4600,0.314492761998298
SPI3,B,2080–2100,3,4700,0.31449302702465853
SPI3,B,2080–2100,3,4800,0.31450267951703414
SPI3,B,2080–2100,3,4900,0.3145036841162977
SPI3,B,2080–2100,3,5000,0.31450688715815067
SPI3,B,2080–2100,3,5100,0.31450688715815067
SPI3,B,2080–2100,3,5200,0.31450688715815067
SPI3,B,2080–2100,3,5300,0.3145104043519803
SPI3,B,2080–2100,3,5400,0.31452398295302864
SPI3,B,2080–2100,3,5500,0.31453057759419384
SPI3,B,2080–2100,3,5600,0.31454164863821094
SPI3,B,2080–2100,3,5700,0.3145489245341477
SPI3,B,2080–2100,3,5800,0.3145430425157463
SPI3,B,2080–2100,3,5900,0.3145664581788769
SPI3,B,2080–2100,3,6000,0.31455967115550637
SPI3,B,2080–2100,3,6100,0.31457120018127294
SPI3,B,2080–2100,3,6200,0.3145741391496948
SPI3,B,2080–2100,3,6300,0.31452276005493296
SPI3,B,2080–2100,3,6400,0.3145286611694775
SPI3,B,2080–2100,3,6500,0.3145296402041886
SPI3,B,2080–2100,3,6600,0.3145296402041886
SPI3,B,2080–2100,3,6700,0.31453868055948664
SPI3,B,2080–2100,3,6800,0.3145381928218356
SPI3,B,2080–2100,3,6900,0.3145374383472608
SPI3,B,2080–2100,3,7000,0.31453446648793687
SPI3,B,2080–2100,3,7100,0.3145334965647988
SPI3,B,2080–2100,3,7200,0.3145329593791727
SPI3,B,2080–2100,3,7300,0.3145332582045235
SPI3,B,2080–2100,3,7400,0.3145249061579211
SPI3,B,2080–2100,3,7500,0.31452421329709024
SPI3,B,2080–2100,3,7600,0.314526365635095
SPI3,B,2080–2100,3,7700,0.3145229513072385
SPI3,B,2080–2100,3,7800,0.31451699476203865
SPI3,B,2080–2100,3,7900,0.31451935386475327
SPI3,B,2080–2100,3,8000,0.31452867282206504
SPI3,B,2080–2100,4,100,0.17522327931134998
SPI3,B,2080–2100,4,200,0.1925236090548346
SPI3,B,2080–2100,4,300,0.20813480139198992
SPI3,B,2080–2100,4,400,0.28233624826019194
SPI3,B,2080–2100,4,500,0.29237831477740145
SPI3,B,2080–2100,4,600,0.29425771792975597
SPI3,B,2080–2100,4,700,0.3035723614436787
SPI3,B,2080–2100,4,800,0.3049257816549035
SPI3,B,2080–2100,4,900,0.30735489654779646
SPI3,B,2080–2100,4,1000,0.30843979309415354
SPI3,B,2080–2100,4,1100,0.3097782712159033
SPI3,B,2080–2100,4,1200,0.31073614482155676
SPI3,B,2080–2100,4,1300,0.311221597333261
SPI3,B,2080–2100,4,1400,0.3114250512309821
SPI3,B,2080–2100,4,1500,0.3117870654747371
SPI3,B,2080–2100,4,1600,0.31262512564584266
SPI3,B,2080–2100,4,1700,0.3128262148203001
SPI3,B,2080–2100,4,1800,0.3131762509740458
SPI3,B,2080–2100,4,1900,0.31374081759598066
SPI3,B,2080–2100,4,2000,0.31377944005374936
SPI3,B,2080–2100,4,2100,0.3138747172167945
SPI3,B,2080–2100,4,2200,0.31396634236258364
SPI3,B,2080–2100,4,2300,0.31411900753692384
SPI3,B,2080–2100,4,2400,0.3142108468879582
SPI3,B,2080–2100,4,2500,0.314264009396124
SPI3,B,2080–2100,4,2600,0.3142658783900104
SPI3,B,2080–2100,4,2700,0.3143661146878055
SPI3,B,2080–2100,4,2800,0.31432840215786084
SPI3,B,2080–2100,4,2900,0.31435283813630743
SPI3,B,2080–2100,4,3000,0.3144660127151621
SPI3,B,2080–2100,4,3100,0.3145055460174039
SPI3,B,2080–2100,4,3200,0.3145215142365862
SPI3,B,2080–2100,4,3300,0.31454757772770126
SPI3,B,2080–2100,4,3400,0.31450348677589945
SPI3,B,2080–2100,4,3500,0.3145155229899934
SPI3,B,2080–2100,4,3600,0.31453661745810335
SPI3,B,2080–2100,4,3700,0.31453743151148206
SPI3,B,2080–2100,4,3800,0.3145410995133423
SPI3,B,2080–2100,4,3900,0.3145422247368524
SPI3,B,2080–2100,4,4000,0.3145439034263142
SPI3,B,2080–2100,4,4100,0.3145424993657293
SPI3,B,2080–2100,4,4200,0.3145682065331652
SPI3,B,2080–2100,4,4300,0.31460432349697887
SPI3,B,2080–2100,4,4400,0.31460705288949053
SPI3,B,2080–2100,4,4500,0.3146095094260775
SPI3,B,2080–2100,4,4600,0.31461132324027596
SPI3,B,2080–2100,4,4700,0.31454416463253454
SPI3,B,2080–2100,4,4800,0.3145483463207313
SPI3,B,2080–2100,4,4900,0.31452640550112665
SPI3,B,2080–2100,4,5000,0.31452640550112665
SPI3,B,2080–2100,4,5100,0.31452893875333826
SPI3,B,2080–2100,4,5200,0.31453099529724
SPI3,B,2080–2100,4,5300,0.3145303966979486
SPI3,B,2080–2100,4,5400,0.31453724192222854
SPI3,B,2080–2100,4,5500,0.3145373972248863
SPI3,B,2080–2100,4,5600,0.31453436838819115
SPI3,B,2080–2100,4,5700,0.31453207584677406
SPI3,B,2080–2100,4,5800,0.31453207584677406
SPI3,B,2080–2100,4,5900,0.3145424876049272
SPI3,B,2080–2100,4,6000,0.3145424878750579
SPI3,B,2080–2100,4,6100,0.3145361341759184
SPI3,B,2080–2100,4,6200,0.3145350430143035
SPI3,B,2080–2100,4,6300,0.3145376004099615
SPI3,B,2080–2100,4,6400,0.31453944015112667
SPI3,B,2080–2100,4,6500,0.3145486193599245
SPI3,B,2080–2100,4,6600,0.31454937011610457
SPI3,B,2080–2100,4,6700,0.3145508838152187
SPI3,B,2080–2100,4,6800,0.3145508597030794
SPI3,B,2080–2100,4,6900,0.3145508597030794
SPI3,B,2080–2100,4,7000,0.31455145328468426
SPI3,B,2080–2100,4,7100,0.3145498253929419
SPI3,B,2080–2100,4,7200,0.31455831576777427
SPI3,B,2080–2100,4,7300,0.3145607442987771
SPI3,B,2080–2100,4,7400,0.3145538188738307
SPI3,B,2080–2100,4,7500,0.31455032546936806
SPI3,B,2080–2100,4,7600,0.3145527732476708
SPI3,B,2080–2100,4,7700,0.31455812978294106
SPI3,B,2080–2100,4,7800,0.3145611410514289
SPI3,B,2080–2100,4,7900,0.3145604916228433
SPI3,B,2080–2100,4,8000,0.3145600883922802
SPI3,B,2080–2100,5,100,0.1836130916320176
SPI3,B,2080–2100,5,200,0.19039445585438258
SPI3,B,2080–2100,5,300,0.228781868303856
SPI3,B,2080–2100,5,400,0.2905380502693322
SPI3,B,2080–2100,5,500,0.2978924826536162
SPI3,B,2080–2100,5,600,0.30422913361002313
SPI3,B,2080–2100,5,700,0.3094965407141009
SPI3,B,2080–2100,5,800,0.31069324501246515
SPI3,B,2080–2100,5,900,0.31103086428060356
SPI3,B,2080–2100,5,1000,0.31151475267365136
SPI3,B,2080–2100,5,1100,0.31169478442331183
SPI3,B,2080–2100,5,1200,0.31294733382548734
SPI3,B,2080–2100,5,1300,0.3131116895589613
SPI3,B,2080–2100,5,1400,0.3133571629379045
SPI3,B,2080–2100,5,1500,0.3134419180709359
SPI3,B,2080–2100,5,1600,0.31349218568969417
SPI3,B,2080–2100,5,1700,0.31353818485773244
SPI3,B,2080–2100,5,1800,0.3135800844238684
SPI3,B,2080–2100,5,1900,0.31368009094267985
SPI3,B,2080–2100,5,2000,0.31376625687788284
SPI3,B,2080–2100,5,2100,0.31403289025787995
SPI3,B,2080–2100,5,2200,0.31410731768314915
SPI3,B,2080–2100,5,2300,0.31413610497722555
SPI3,B,2080–2100,5,2400,0.3140787398850352
SPI3,B,2080–2100,5,2500,0.3141035555815377
SPI3,B,2080–2100,5,2600,0.31414374790292005
SPI3,B,2080–2100,5,2700,0.3141873232269781
SPI3,B,2080–2100,5,2800,0.3141373853318378
SPI3,B,2080–2100,5,2900,0.3141724162349608
SPI3,B,2080–2100,5,3000,0.31421150788112706
SPI3,B,2080–2100,5,3100,0.3142778966731472
SPI3,B,2080–2100,5,3200,0.3142851774160049
SPI3,B,2080–2100,5,3300,0.3142873002403163
SPI3,B,2080–2100,5,3400,0.3143070619188888
SPI3,B,2080–2100,5,3500,0.3143961958330737
SPI3,B,2080–2100,5,3600,0.3144102302128152
SPI3,B,2080–2100,5,3700,0.3144402605672496
SPI3,B,2080–2100,5,3800,0.3143878618793339
SPI3,B,2080–2100,5,3900,0.3143849786433379
SPI3,B,2080–2100,5,4000,0.3144024499214955
SPI3,B,2080–2100,5,4100,0.3144135487086286
SPI3,B,2080–2100,5,4200,0.31441180492867066
SPI3,B,2080–2100,5,4300,0.31443561727928526
SPI3,B,2080–2100,5,4400,0.3144576677583771
SPI3,B,2080–2100,5,4500,0.3144711411568438
SPI3,B,2080–2100,5,4600,0.31447308638998855
SPI3,B,2080–2100,5,4700,0.31446524060148073
SPI3,B,2080–2100,5,4800,0.31447886777965306
SPI3,B,2080–2100,5,4900,0.3144785220072548
SPI3,B,2080–2100,5,5000,0.3144799433316257
SPI3,B,2080–2100,5,5100,0.31448198142253736
SPI3,B,2080–2100,5,5200,0.31451252254490747
SPI3,B,2080–2100,5,5300,0.31451198631616606
SPI3,B,2080–2100,5,5400,0.314509239354979
SPI3,B,2080–2100,5,5500,0.314508875800793
SPI3,B,2080–2100,5,5600,0.31450873361929343
SPI3,B,2080–2100,5,5700,0.31450893366995564
SPI3,B,2080–2100,5,5800,0.31450893366995564
SPI3,B,2080–2100,5,5900,0.31450872998239815
SPI3,B,2080–2100,5,6000,0.31450766986917555
SPI3,B,2080–2100,5,6100,0.3145099424873534
SPI3,B,2080–2100,5,6200,0.31450980984981514
SPI3,B,2080–2100,5,6300,0.31451060416818055
SPI3,B,2080–2100,5,6400,0.314510702900919
SPI3,B,2080–2100,5,6500,0.31451183420166456
SPI3,B,2080–2100,5,6600,0.3145121170098031
SPI3,B,2080–2100,5,6700,0.3145243655816343
SPI3,B,2080–2100,5,6800,0.314517519584914
SPI3,B,2080–2100,5,6900,0.3145181061569756
SPI3,B,2080–2100,5,7000,0.31451840171040374
SPI3,B,2080–2100,5,7100,0.31452985005929257
SPI3,B,2080–2100,5,7200,0.31452985005929257
SPI3,B,2080–2100,5,7300,0.3145258965038415
SPI3,B,2080–2100,5,7400,0.3145247482094201
SPI3,B,2080–2100,5,7500,0.3145415977321118
SPI3,B,2080–2100,5,7600,0.31454297999585373
SPI3,B,2080–2100,5,7700,0.3145411424725998
SPI3,B,2080–2100,5,7800,0.31454554991098826
SPI3,B,2080–2100,5,7900,0.31454522173136634
SPI3,B,2080–2100,5,8000,0.3145456603239303
SPI3,B,2080–2100,6,100,0.1604017681938808
SPI3,B,2080–2100,6,200,0.17045235112818116
SPI3,B,2080–2100,6,300,0.23706843075277595
SPI3,B,2080–2100,6,400,0.2600754652029353
SPI3,B,2080–2100,6,500,0.27455221085334336
SPI3,B,2080–2100,6,600,0.28732146048606455
SPI3,B,2080–2100,6,700,0.30520331703450176
SPI3,B,2080–2100,6,800,0.309113990720121
SPI3,B,2080–2100,6,900,0.3109134833080743
SPI3,B,2080–2100,6,1000,0.3119928288506556
SPI3,B,2080–2100,6,1100,0.31239641671976365
SPI3,B,2080–2100,6,1200,0.3128102105782413
SPI3,B,2080–2100,6,1300,0.3128425030810661
SPI3,B,2080–2100,6,1400,0.31300975808457354
SPI3,B,2080–2100,6,1500,0.3131840330706889
SPI3,B,2080–2100,6,1600,0.3132074377920004
SPI3,B,2080–2100,6,1700,0.31339828638188477
SPI3,B,2080–2100,6,1800,0.3134460482630289
SPI3,B,2080–2100,6,1900,0.3133234162713139
SPI3,B,2080–2100,6,2000,0.31339623002098677
SPI3,B,2080–2100,6,2100,0.3133822442838524
SPI3,B,2080–2100,6,2200,0.31346151029288755
SPI3,B,2080–2100,6,2300,0.3137477130389913
SPI3,B,2080–2100,6,2400,0.3139200950865817
SPI3,B,2080–2100,6,2500,0.3139540163736912
SPI3,B,2080–2100,6,2600,0.31410970816471884
SPI3,B,2080–2100,6,2700,0.3141489834363823
SPI3,B,2080–2100,6,2800,0.314183039283343
SPI3,B,2080–2100,6,2900,0.31420494603162824
SPI3,B,2080–2100,6,3000,0.3142220797161319
SPI3,B,2080–2100,6,3100,0.31424436948616435
SPI3,B,2080–2100,6,3200,0.31424190756356063
SPI3,B,2080–2100,6,3300,0.314324294572991
SPI3,B,2080–2100,6,3400,0.31436292300553836
SPI3,B,2080–2100,6,3500,0.3143882225459759
SPI3,B,2080–2100,6,3600,0.31441278746299495
SPI3,B,2080–2100,6,3700,0.3144065194562889
SPI3,B,2080–2100,6,3800,0.3144176471108595
SPI3,B,2080–2100,6,3900,0.31443711687592435
SPI3,B,2080–2100,6,4000,0.3144416311405426
SPI3,B,2080–2100,6,4100,0.31446827448219156
SPI3,B,2080–2100,6,4200,0.31448245131296326
SPI3,B,2080–2100,6,4300,0.3144847885947445
SPI3,B,2080–2100,6,4400,0.31448516095201307
SPI3,B,2080–2100,6,4500,0.3144916422757268
SPI3,B,2080–2100,6,4600,0.31449928881337097
SPI3,B,2080–2100,6,4700,0.31450025332561005
SPI3,B,2080–2100,6,4800,0.314495937783016
SPI3,B,2080–2100,6,4900,0.3145053832215633
SPI3,B,2080–2100,6,5000,0.3145143482080219
SPI3,B,2080–2100,6,5100,0.3145090801130592
SPI3,B,2080–2100,6,5200,0.31450885656390903
SPI3,B,2080–2100,6,5300,0.3145105947764427
SPI3,B,2080–2100,6,5400,0.3145164186987588
SPI3,B,2080–2100,6,5500,0.3145164206427631
SPI3,B,2080–2100,6,5600,0.3145152308377591
SPI3,B,2080–2100,6,5700,0.3145220729807188
SPI3,B,2080–2100,6,5800,0.3145473956896164
SPI3,B,2080–2100,6,5900,0.3145475758759001
SPI3,B,2080–2100,6,6000,0.3145509037355241
SPI3,B,2080–2100,6,6100,0.31455367632343667
SPI3,B,2080–2100,6,6200,0.31455567000984636
SPI3,B,2080–2100,6,6300,0.31455616179235185
SPI3,B,2080–2100,6,6400,0.3145572824709819
SPI3,B,2080–2100,6,6500,0.3145577696699024
SPI3,B,2080–2100,6,6600,0.3145483078758255
SPI3,B,2080–2100,6,6700,0.31454582223474026
SPI3,B,2080–2100,6,6800,0.3145492558257665
SPI3,B,2080–2100,6,6900,0.3145489045421039
SPI3,B,2080–2100,6,7000,0.3145479271901983
SPI3,B,2080–2100,6,7100,0.31454658383567513
SPI3,B,2080–2100,6,7200,0.31455029038001286
SPI3,B,2080–2100,6,7300,0.31455029038001286
SPI3,B,2080–2100,6,7400,0.31454981714563
SPI3,B,2080–2100,6,7500,0.314550506122946
SPI3,B,2080–2100,6,7600,0.3145514840570518
SPI3,B,2080–2100,6,7700,0.3145391096108296
SPI3,B,2080–2100,6,7800,0.3145337045658502
SPI3,B,2080–2100,6,7900,0.31453238909772807
SPI3,B,2080–2100,6,8000,0.31453238909772807
SPI3,B,2080–2100,7,100,0.1910355656923418
SPI3,B,2080–2100,7,200,0.19193399371967074
SPI3,B,2080–2100,7,300,0.27414976271014835
SPI3,B,2080–2100,7,400,0.2777033507893369
SPI3,B,2080–2100,7,500,0.28921475073838854
SPI3,B,2080–2100,7,600,0.2933611398266513
SPI3,B,2080–2100,7,700,0.29988232650721125
SPI3,B,2080–2100,7,800,0.30360931697311255
SPI3,B,2080–2100,7,900,0.307401822981594
SPI3,B,2080–2100,7,1000,0.3088654684656488
SPI3,B,2080–2100,7,1100,0.3090626701562535
SPI3,B,2080–2100,7,1200,0.309608700733975
SPI3,B,2080–2100,7,1300,0.31014380506005335
SPI3,B,2080–2100,7,1400,0.3102506016047668
SPI3,B,2080–2100,7,1500,0.31093545401323813
SPI3,B,2080–2100,7,1600,0.3108275610261869
SPI3,B,2080–2100,7,1700,0.31173988183700796
SPI3,B,2080–2100,7,1800,0.3118867345065035
SPI3,B,2080–2100,7,1900,0.31243819330832434
SPI3,B,2080–2100,7,2000,0.3125885418585011
SPI3,B,2080–2100,7,2100,0.31272857651891406
SPI3,B,2080–2100,7,2200,0.31360746343768053
SPI3,B,2080–2100,7,2300,0.31361922159482036
SPI3,B,2080–2100,7,2400,0.3137672156990513
SPI3,B,2080–2100,7,2500,0.31375683041651514
SPI3,B,2080–2100,7,2600,0.3137974404383646
SPI3,B,2080–2100,7,2700,0.3136958287115571
SPI3,B,2080–2100,7,2800,0.31393332511639005
SPI3,B,2080–2100,7,2900,0.31400563752091143
SPI3,B,2080–2100,7,3000,0.31403520784923966
SPI3,B,2080–2100,7,3100,0.31411884663405315
SPI3,B,2080–2100,7,3200,0.3140327061458369
SPI3,B,2080–2100,7,3300,0.3141730641270595
SPI3,B,2080–2100,7,3400,0.31422406051029417
SPI3,B,2080–2100,7,3500,0.31429876680144453
SPI3,B,2080–2100,7,3600,0.3143103203599783
SPI3,B,2080–2100,7,3700,0.31440282042035694
SPI3,B,2080–2100,7,3800,0.31441558390829244
SPI3,B,2080–2100,7,3900,0.314444191097683
SPI3,B,2080–2100,7,4000,0.31446240980938034
SPI3,B,2080–2100,7,4100,0.3144677768071831
SPI3,B,2080–2100,7,4200,0.314473822790227
SPI3,B,2080–2100,7,4300,0.31446395214610257
SPI3,B,2080–2100,7,4400,0.31447081386604286
SPI3,B,2080–2100,7,4500,0.3144769313866101
SPI3,B,2080–2100,7,4600,0.3144799810820642
SPI3,B,2080–2100,7,4700,0.3144912199306688
SPI3,B,2080–2100,7,4800,0.3145069913945055
SPI3,B,2080–2100,7,4900,0.3145054719165818
SPI3,B,2080–2100,7,5000,0.31451548468048063
SPI3,B,2080–2100,7,5100,0.3145158301649918
SPI3,B,2080–2100,7,5200,0.31451453996431666
SPI3,B,2080–2100,7,5300,0.3145115665652766
SPI3,B,2080–2100,7,5400,0.3145338776399102
SPI3,B,2080–2100,7,5500,0.31453122612732476
SPI3,B,2080–2100,7,5600,0.314531722263527
SPI3,B,2080–2100,7,5700,0.3145321990214811
SPI3,B,2080–2100,7,5800,0.3145358748193357
SPI3,B,2080–2100,7,5900,0.3145353884367742
SPI3,B,2080–2100,7,6000,0.3145365861737979
SPI3,B,2080–2100,7,6100,0.3145410054133086
SPI3,B,2080–2100,7,6200,0.31454401533409443
SPI3,B,2080–2100,7,6300,0.3145473135950799
SPI3,B,2080–2100,7,6400,0.31454397846017956
SPI3,B,2080–2100,7,6500,0.31454877991378144
SPI3,B,2080–2100,7,6600,0.3145503153242303
SPI3,B,2080–2100,7,6700,0.31455344624311
SPI3,B,2080–2100,7,6800,0.31455218685810726
SPI3,B,2080–2100,7,6900,0.31455183463899167
SPI3,B,2080–2100,7,7000,0.31455183463899167
SPI3,B,2080–2100,7,7100,0.31455183463899167
SPI3,B,2080–2100,7,7200,0.31455202172155505
SPI3,B,2080–2100,7,7300,0.31455317848735764
SPI3,B,2080–2100,7,7400,0.3145576091684979
SPI3,B,2080–2100,7,7500,0.31455522504229405
SPI3,B,2080–2100,7,7600,0.31455744669523183
SPI3,B,2080–2100,7,7700,0.31455750832589074
SPI3,B,2080–2100,7,7800,0.31455750832589074
SPI3,B,2080–2100,7,7900,0.31455750832589074
SPI3,B,2080–2100,7,8000,0.3145575467397253
SPI6,A,2020–2040,1,100,0.5923679268120118
SPI6,A,2020–2040,1,200,0.6074561315628868
SPI6,A,2020–2040,1,300,0.7259088363081975
SPI6,A,2020–2040,1,400,0.7897630322088565
SPI6,A,2020–2040,1,500,0.8118933758173904
SPI6,A,2020–2040,1,600,0.813273703247726
SPI6,A,2020–2040,1,700,0.815658916769883
SPI6,A,2020–2040,1,800,0.8160065265964694
SPI6,A,2020–2040,1,900,0.8160553413155983
SPI6,A,2020–2040,1,1000,0.8169677369724042
SPI6,A,2020–2040,1,1100,0.8172625200137638
SPI6,A,2020–2040,1,1200,0.817972303452662
SPI6,A,2020–2040,1,1300,0.816721325911165
SPI6,A,2020–2040,1,1400,0.8170731095318315
SPI6,A,2020–2040,1,1500,0.8179694160035422
SPI6,A,2020–2040,1,1600,0.818113389968407
SPI6,A,2020–2040,1,1700,0.8182904266591265
SPI6,A,2020–2040,1,1800,0.8186825174884816
SPI6,A,2020–2040,1,1900,0.8186606422426219
SPI6,A,2020–2040,1,2000,0.818921947429633
SPI6,A,2020–2040,1,2100,0.8190506980479212
SPI6,A,2020–2040,1,2200,0.8194464870143913
SPI6,A,2020–2040,1,2300,0.8195700782145102
SPI6,A,2020–2040,1,2400,0.8196165248315511
SPI6,A,2020–2040,1,2500,0.8195907272668724
SPI6,A,2020–2040,1,2600,0.8196623216898506
SPI6,A,2020–2040,1,2700,0.81966905959592
SPI6,A,2020–2040,1,2800,0.8196911788352373
SPI6,A,2020–2040,1,2900,0.8197028111825784
SPI6,A,2020–2040,1,3000,0.8197098790359008
SPI6,A,2020–2040,1,3100,0.819738829244563
SPI6,A,2020–2040,1,3200,0.819742169841427
SPI6,A,2020–2040,1,3300,0.8197372956818514
SPI6,A,2020–2040,1,3400,0.8197819734263856
SPI6,A,2020–2040,1,3500,0.8197923976739482
SPI6,A,2020–2040,1,3600,0.8197999800763748
SPI6,A,2020–2040,1,3700,0.8197987425131219
SPI6,A,2020–2040,1,3800,0.819788558938932
SPI6,A,2020–2040,1,3900,0.8197845969250218
SPI6,A,2020–2040,1,4000,0.819741987002006
SPI6,A,2020–2040,1,4100,0.8198313294415788
SPI6,A,2020–2040,1,4200,0.8198322241075945
SPI6,A,2020–2040,1,4300,0.8198253381910524
SPI6,A,2020–2040,1,4400,0.8198657695697997
SPI6,A,2020–2040,1,4500,0.8198594367920327
SPI6,A,2020–2040,1,4600,0.8198790490117026
SPI6,A,2020–2040,1,4700,0.8198896332569392
SPI6,A,2020–2040,1,4800,0.8199034676920692
SPI6,A,2020–2040,1,4900,0.8199065771712122
SPI6,A,2020–2040,1,5000,0.8199053832059995
SPI6,A,2020–2040,1,5100,0.8199020016968098
SPI6,A,2020–2040,1,5200,0.819939420839159
SPI6,A,2020–2040,1,5300,0.819939420839159
SPI6,A,2020–2040,1,5400,0.8199445865515606
SPI6,A,2020–2040,1,5500,0.8199540376596023
SPI6,A,2020–2040,1,5600,0.8199548162953754
SPI6,A,2020–2040,1,5700,0.8199556870329177
SPI6,A,2020–2040,1,5800,0.8199609084948047
SPI6,A,2020–2040,1,5900,0.8199624237550801
SPI6,A,2020–2040,1,6000,0.8199647535606216
SPI6,A,2020–2040,1,6100,0.8199630298554091
SPI6,A,2020–2040,1,6200,0.8199690721032175
SPI6,A,2020–2040,1,6300,0.8199714109827457
SPI6,A,2020–2040,1,6400,0.8199670993255592
SPI6,A,2020–2040,1,6500,0.819963477944307
SPI6,A,2020–2040,1,6600,0.8199786942062957
SPI6,A,2020–2040,1,6700,0.8199778243467236
SPI6,A,2020–2040,1,6800,0.8199774915347344
SPI6,A,2020–2040,1,6900,0.8199778800668412
SPI6,A,2020–2040,1,7000,0.8199923905588247
SPI6,A,2020–2040,1,7100,0.819988007250972
SPI6,A,2020–2040,1,7200,0.8199941272693345
SPI6,A,2020–2040,1,7300,0.8199890549442348
SPI6,A,2020–2040,1,7400,0.8200043016419362
SPI6,A,2020–2040,1,7500,0.8200061991186363
SPI6,A,2020–2040,1,7600,0.8200036266250249
SPI6,A,2020–2040,1,7700,0.8200055021046201
SPI6,A,2020–2040,1,7800,0.8200055021046201
SPI6,A,2020–2040,1,7900,0.8200055021046201
SPI6,A,2020–2040,1,8000,0.8200045358774207
SPI6,A,2020–2040,2,100,0.48501362841458684
SPI6,A,2020–2040,2,200,0.6060383096895187
SPI6,A,2020–2040,2,300,0.7904903049871904
SPI6,A,2020–2040,2,400,0.8083365330349062
SPI6,A,2020–2040,2,500,0.8125464159289355
SPI6,A,2020–2040,2,600,0.8142241972598274
SPI6,A,2020–2040,2,700,0.8158240752361747
SPI6,A,2020–2040,2,800,0.8167025582035837
SPI6,A,2020–2040,2,900,0.8171263887949018
SPI6,A,2020–2040,2,1000,0.8172921128801071
SPI6,A,2020–2040,2,1100,0.8173424030273767
SPI6,A,2020–2040,2,1200,0.8174330608756456
SPI6,A,2020–2040,2,1300,0.8178806548435449
SPI6,A,2020–2040,2,1400,0.8179712505497962
SPI6,A,2020–2040,2,1500,0.8181281320960292
SPI6,A,2020–2040,2,1600,0.8182305267796252
SPI6,A,2020–2040,2,1700,0.8185685411580521
SPI6,A,2020–2040,2,1800,0.8186111178184265
SPI6,A,2020–2040,2,1900,0.8186876518217163
SPI6,A,2020–2040,2,2000,0.8188088872365213
SPI6,A,2020–2040,2,2100,0.819025396897386
SPI6,A,2020–2040,2,2200,0.8192170328621079
SPI6,A,2020–2040,2,2300,0.8192615897766986
SPI6,A,2020–2040,2,2400,0.8192212382567876
SPI6,A,2020–2040,2,2500,0.8193012899365353
SPI6,A,2020–2040,2,2600,0.8195100936341415
SPI6,A,2020–2040,2,2700,0.8195390121393392
SPI6,A,2020–2040,2,2800,0.8195720750347805
SPI6,A,2020–2040,2,2900,0.8196840664215215
SPI6,A,2020–2040,2,3000,0.8197185821954786
SPI6,A,2020–2040,2,3100,0.8197218285552619
SPI6,A,2020–2040,2,3200,0.8197151429550987
SPI6,A,2020–2040,2,3300,0.8197380708605467
SPI6,A,2020–2040,2,3400,0.8197840012362471
SPI6,A,2020–2040,2,3500,0.819777103747597
SPI6,A,2020–2040,2,3600,0.8198361739577879
SPI6,A,2020–2040,2,3700,0.8198409705600593
SPI6,A,2020–2040,2,3800,0.8198681541736667
SPI6,A,2020–2040,2,3900,0.8198519109117802
SPI6,A,2020–2040,2,4000,0.8198512559496806
SPI6,A,2020–2040,2,4100,0.8198674269633642
SPI6,A,2020–2040,2,4200,0.8198867160027552
SPI6,A,2020–2040,2,4300,0.8198771678237801
SPI6,A,2020–2040,2,4400,0.819885371688373
SPI6,A,2020–2040,2,4500,0.8198843982975464
SPI6,A,2020–2040,2,4600,0.8198871901397239
SPI6,A,2020–2040,2,4700,0.8198933104305691
SPI6,A,2020–2040,2,4800,0.8198933104305691
SPI6,A,2020–2040,2,4900,0.8198959437980073
SPI6,A,2020–2040,2,5000,0.8198965445673153
SPI6,A,2020–2040,2,5100,0.8199019703491776
SPI6,A,2020–2040,2,5200,0.8198882382813024
SPI6,A,2020–2040,2,5300,0.8199271283962487
SPI6,A,2020–2040,2,5400,0.819926132270286
SPI6,A,2020–2040,2,5500,0.8199242880038804
SPI6,A,2020–2040,2,5600,0.819928684362673
SPI6,A,2020–2040,2,5700,0.8199325771428605
SPI6,A,2020–2040,2,5800,0.8199325771428605
SPI6,A,2020–2040,2,5900,0.8199397286364167
SPI6,A,2020–2040,2,6000,0.8199430204466147
SPI6,A,2020–2040,2,6100,0.8199408968821822
SPI6,A,2020–2040,2,6200,0.8199426617145291
SPI6,A,2020–2040,2,6300,0.8199480918555554
SPI6,A,2020–2040,2,6400,0.8199548431018608
SPI6,A,2020–2040,2,6500,0.8199559282787824
SPI6,A,2020–2040,2,6600,0.8199561240895054
SPI6,A,2020–2040,2,6700,0.8199546741706311
SPI6,A,2020–2040,2,6800,0.8199428461523189
SPI6,A,2020–2040,2,6900,0.819944700835654
SPI6,A,2020–2040,2,7000,0.8199464175078172
SPI6,A,2020–2040,2,7100,0.8199493276671095
SPI6,A,2020–2040,2,7200,0.8199493287502242
SPI6,A,2020–2040,2,7300,0.8199582330390945
SPI6,A,2020–2040,2,7400,0.8199583028374366
SPI6,A,2020–2040,2,7500,0.8199682358509306
SPI6,A,2020–2040,2,7600,0.8200149393123659
SPI6,A,2020–2040,2,7700,0.8200183195366335
SPI6,A,2020–2040,2,7800,0.8200173016475787
SPI6,A,2020–2040,2,7900,0.8200123994480981
SPI6,A,2020–2040,2,8000,0.8200131749668986
SPI6,A,2020–2040,3,100,0.5389681377591119
SPI6,A,2020–2040,3,200,0.5483644699100342
SPI6,A,2020–2040,3,300,0.7288241727227678
SPI6,A,2020–2040,3,400,0.7888005755799241
SPI6,A,2020–2040,3,500,0.7945863141878442
SPI6,A,2020–2040,3,600,0.8020243344488568
SPI6,A,2020–2040,3,700,0.8111622368009249
SPI6,A,2020–2040,3,800,0.8141455926874892
SPI6,A,2020–2040,3,900,0.8149857966619949
SPI6,A,2020–2040,3,1000,0.8163708051890912
SPI6,A,2020–2040,3,1100,0.8164937699866848
SPI6,A,2020–2040,3,1200,0.8171870584279203
SPI6,A,2020–2040,3,1300,0.8176349094669303
SPI6,A,2020–2040,3,1400,0.8178412155220534
SPI6,A,2020–2040,3,1500,0.8178760919722332
SPI6,A,2020–2040,3,1600,0.8183365608764359
SPI6,A,2020–2040,3,1700,0.8185361597957723
SPI6,A,2020–2040,3,1800,0.8187212440490477
SPI6,A,2020–2040,3,1900,0.8190663241321429
SPI6,A,2020–2040,3,2000,0.8191291003547855
SPI6,A,2020–2040,3,2100,0.8191296920351527
SPI6,A,2020–2040,3,2200,0.8191025584763186
SPI6,A,2020–2040,3,2300,0.8191723029271203
SPI6,A,2020–2040,3,2400,0.8192068584682984
SPI6,A,2020–2040,3,2500,0.8192289641244137
SPI6,A,2020–2040,3,2600,0.819279593786671
SPI6,A,2020–2040,3,2700,0.8192942210847767
SPI6,A,2020–2040,3,2800,0.8193705693915405
SPI6,A,2020–2040,3,2900,0.819407194403024
SPI6,A,2020–2040,3,3000,0.8194180487027395
SPI6,A,2020–2040,3,3100,0.819539491816526
SPI6,A,2020–2040,3,3200,0.8195454051716389
SPI6,A,2020–2040,3,3300,0.8195989600938668
SPI6,A,2020–2040,3,3400,0.8196203793927878
SPI6,A,2020–2040,3,3500,0.8196137225526666
SPI6,A,2020–2040,3,3600,0.819613764668501
SPI6,A,2020–2040,3,3700,0.8196154757567444
SPI6,A,2020–2040,3,3800,0.819631023646648
SPI6,A,2020–2040,3,3900,0.8196673530624634
SPI6,A,2020–2040,3,4000,0.8196632465169325
SPI6,A,2020–2040,3,4100,0.8196949335424781
SPI6,A,2020–2040,3,4200,0.8197184134370801
SPI6,A,2020–2040,3,4300,0.8197109614213285
SPI6,A,2020–2040,3,4400,0.8197120262875819
SPI6,A,2020–2040,3,4500,0.8197399836374949
SPI6,A,2020–2040,3,4600,0.8197309896062909
SPI6,A,2020–2040,3,4700,0.8197380892838173
SPI6,A,2020–2040,3,4800,0.8197307507950602
SPI6,A,2020–2040,3,4900,0.8197692100937848
SPI6,A,2020–2040,3,5000,0.8197666101026247
SPI6,A,2020–2040,3,5100,0.8197678824283118
SPI6,A,2020–2040,3,5200,0.8197728016601448
SPI6,A,2020–2040,3,5300,0.8197884960226345
SPI6,A,2020–2040,3,5400,0.8198024113717894
SPI6,A,2020–2040,3,5500,0.8198037865197282
SPI6,A,2020–2040,3,5600,0.8198288968538293
SPI6,A,2020–2040,3,5700,0.819827765390181
SPI6,A,2020–2040,3,5800,0.8198289407895916
SPI6,A,2020–2040,3,5900,0.8198435816840989
SPI6,A,2020–2040,3,6000,0.8198446695020529
SPI6,A,2020–2040,3,6100,0.8198613539196113
SPI6,A,2020–2040,3,6200,0.819854747394881
SPI6,A,2020–2040,3,6300,0.8198546355952592
SPI6,A,2020–2040,3,6400,0.8198551263297822
SPI6,A,2020–2040,3,6500,0.8198677859859276
SPI6,A,2020–2040,3,6600,0.8198677859859276
SPI6,A,2020–2040,3,6700,0.8198677859859276
SPI6,A,2020–2040,3,6800,0.819869916280086
SPI6,A,2020–2040,3,6900,0.8198688960451873
SPI6,A,2020–2040,3,7000,0.8198690683635524
SPI6,A,2020–2040,3,7100,0.8198716717721395
SPI6,A,2020–2040,3,7200,0.8198832829938841
SPI6,A,2020–2040,3,7300,0.8198834499084257
SPI6,A,2020–2040,3,7400,0.8198840134641392
SPI6,A,2020–2040,3,7500,0.8198821576570252
SPI6,A,2020–2040,3,7600,0.8198926290057887
SPI6,A,2020–2040,3,7700,0.8198984752401397
SPI6,A,2020–2040,3,7800,0.8199036672581079
SPI6,A,2020–2040,3,7900,0.819903768654414
SPI6,A,2020–2040,3,8000,0.8199051833738646
SPI6,A,2020–2040,4,100,0.5940049349687944
SPI6,A,2020–2040,4,200,0.6127074370532329
SPI6,A,2020–2040,4,300,0.6735070136581233
SPI6,A,2020–2040,4,400,0.7934276490136998
SPI6,A,2020–2040,4,500,0.8034202269604851
SPI6,A,2020–2040,4,600,0.80825043911168
SPI6,A,2020–2040,4,700,0.8084412983000673
SPI6,A,2020–2040,4,800,0.8126633934594207
SPI6,A,2020–2040,4,900,0.8160723840392576
SPI6,A,2020–2040,4,1000,0.8164032644318215
SPI6,A,2020–2040,4,1100,0.8178559920901264
SPI6,A,2020–2040,4,1200,0.8180699005522022
SPI6,A,2020–2040,4,1300,0.8185008076834199
SPI6,A,2020–2040,4,1400,0.8187475673603197
SPI6,A,2020–2040,4,1500,0.818819735310106
SPI6,A,2020–2040,4,1600,0.8190028989938751
SPI6,A,2020–2040,4,1700,0.8191110613971061
SPI6,A,2020–2040,4,1800,0.8192253157044922
SPI6,A,2020–2040,4,1900,0.8192601802887631
SPI6,A,2020–2040,4,2000,0.8193350900073184
SPI6,A,2020–2040,4,2100,0.8193917523560208
SPI6,A,2020–2040,4,2200,0.8194013667104146
SPI6,A,2020–2040,4,2300,0.8193970384116194
SPI6,A,2020–2040,4,2400,0.819417481040761
SPI6,A,2020–2040,4,2500,0.8194485279300132
SPI6,A,2020–2040,4,2600,0.819442558886681
SPI6,A,2020–2040,4,2700,0.8194812800413244
SPI6,A,2020–2040,4,2800,0.8194865006963686
SPI6,A,2020–2040,4,2900,0.8194880578650642
SPI6,A,2020–2040,4,3000,0.8195344072553264
SPI6,A,2020–2040,4,3100,0.8195436600757184
SPI6,A,2020–2040,4,3200,0.8195502069492256
SPI6,A,2020–2040,4,3300,0.8195761529046897
SPI6,A,2020–2040,4,3400,0.81959384475341
SPI6,A,2020–2040,4,3500,0.8196373645282129
SPI6,A,2020–2040,4,3600,0.8196198868452883
SPI6,A,2020–2040,4,3700,0.8196207316236619
SPI6,A,2020–2040,4,3800,0.8196206092439415
SPI6,A,2020–2040,4,3900,0.8196174731627495
SPI6,A,2020–2040,4,4000,0.8196338340341139
SPI6,A,2020–2040,4,4100,0.8196337008084013
SPI6,A,2020–2040,4,4200,0.8196340080069172
SPI6,A,2020–2040,4,4300,0.8196369585972233
SPI6,A,2020–2040,4,4400,0.8196467861047683
SPI6,A,2020–2040,4,4500,0.8196486349975629
SPI6,A,2020–2040,4,4600,0.819703464087069
SPI6,A,2020–2040,4,4700,0.8197321200588025
SPI6,A,2020–2040,4,4800,0.8197486961180168
SPI6,A,2020–2040,4,4900,0.8197481523416611
SPI6,A,2020–2040,4,5000,0.819764995131648
SPI6,A,2020–2040,4,5100,0.8197555206231234
SPI6,A,2020–2040,4,5200,0.8197594413054872
SPI6,A,2020–2040,4,5300,0.8197625298595637
SPI6,A,2020–2040,4,5400,0.8197625298595637
SPI6,A,2020–2040,4,5500,0.8197840130503811
SPI6,A,2020–2040,4,5600,0.8197809599930089
SPI6,A,2020–2040,4,5700,0.8197713933813666
SPI6,A,2020–2040,4,5800,0.8197689034943185
SPI6,A,2020–2040,4,5900,0.8197693362081078
SPI6,A,2020–2040,4,6000,0.8197693362081078
SPI6,A,2020–2040,4,6100,0.8197693362081078
SPI6,A,2020–2040,4,6200,0.8197659625028725
SPI6,A,2020–2040,4,6300,0.8197676854962078
SPI6,A,2020–2040,4,6400,0.8197803516579222
SPI6,A,2020–2040,4,6500,0.8197803516579222
SPI6,A,2020–2040,4,6600,0.8197840156438723
SPI6,A,2020–2040,4,6700,0.819794507293694
SPI6,A,2020–2040,4,6800,0.8197895630287467
SPI6,A,2020–2040,4,6900,0.8197967326801783
SPI6,A,2020–2040,4,7000,0.8197878449338319
SPI6,A,2020–2040,4,7100,0.8197917146708883
SPI6,A,2020–2040,4,7200,0.8197980457670907
SPI6,A,2020–2040,4,7300,0.819798334018724
SPI6,A,2020–2040,4,7400,0.8198015215556799
SPI6,A,2020–2040,4,7500,0.8198015215556799
SPI6,A,2020–2040,4,7600,0.8198016551292151
SPI6,A,2020–2040,4,7700,0.8198025677937395
SPI6,A,2020–2040,4,7800,0.819805948510673
SPI6,A,2020–2040,4,7900,0.8198070272356306
SPI6,A,2020–2040,4,8000,0.8198070272356306
SPI6,A,2020–2040,5,100,0.5682773265418755
SPI6,A,2020–2040,5,200,0.5762709893381854
SPI6,A,2020–2040,5,300,0.7276482748080514
SPI6,A,2020–2040,5,400,0.7754215569987493
SPI6,A,2020–2040,5,500,0.7946622444948352
SPI6,A,2020–2040,5,600,0.8102861419442337
SPI6,A,2020–2040,5,700,0.8158459075500676
SPI6,A,2020–2040,5,800,0.8164301874130567
SPI6,A,2020–2040,5,900,0.8167263306504097
SPI6,A,2020–2040,5,1000,0.817240940119484
SPI6,A,2020–2040,5,1100,0.8178059343902583
SPI6,A,2020–2040,5,1200,0.8181404138961796
SPI6,A,2020–2040,5,1300,0.818240450312032
SPI6,A,2020–2040,5,1400,0.8182781035425721
SPI6,A,2020–2040,5,1500,0.8184479056450676
SPI6,A,2020–2040,5,1600,0.8184953187921173
SPI6,A,2020–2040,5,1700,0.8187987774267087
SPI6,A,2020–2040,5,1800,0.8189694642278755
SPI6,A,2020–2040,5,1900,0.8191404240096539
SPI6,A,2020–2040,5,2000,0.8192094082338411
SPI6,A,2020–2040,5,2100,0.8192632073858734
SPI6,A,2020–2040,5,2200,0.8193448397930597
SPI6,A,2020–2040,5,2300,0.8193213634849817
SPI6,A,2020–2040,5,2400,0.8193386896195244
SPI6,A,2020–2040,5,2500,0.8194565785323211
SPI6,A,2020–2040,5,2600,0.8194668839373749
SPI6,A,2020–2040,5,2700,0.8195003845117421
SPI6,A,2020–2040,5,2800,0.8195190441078275
SPI6,A,2020–2040,5,2900,0.8195523247540423
SPI6,A,2020–2040,5,3000,0.819557312572917
SPI6,A,2020–2040,5,3100,0.8195643603523147
SPI6,A,2020–2040,5,3200,0.8195955894670685
SPI6,A,2020–2040,5,3300,0.8196299562613611
SPI6,A,2020–2040,5,3400,0.8196291992218823
SPI6,A,2020–2040,5,3500,0.8196281350621386
SPI6,A,2020–2040,5,3600,0.819631386421214
SPI6,A,2020–2040,5,3700,0.8196603517909172
SPI6,A,2020–2040,5,3800,0.8196651655787992
SPI6,A,2020–2040,5,3900,0.8197155753858457
SPI6,A,2020–2040,5,4000,0.8197212917409324
SPI6,A,2020–2040,5,4100,0.8197116229312765
SPI6,A,2020–2040,5,4200,0.8197195859316042
SPI6,A,2020–2040,5,4300,0.8196958596905586
SPI6,A,2020–2040,5,4400,0.8196867101503622
SPI6,A,2020–2040,5,4500,0.8196843884989174
SPI6,A,2020–2040,5,4600,0.8196919664588754
SPI6,A,2020–2040,5,4700,0.819748499496441
SPI6,A,2020–2040,5,4800,0.819753753909447
SPI6,A,2020–2040,5,4900,0.8197525969763874
SPI6,A,2020–2040,5,5000,0.8197659599712923
SPI6,A,2020–2040,5,5100,0.8197780667901204
SPI6,A,2020–2040,5,5200,0.8197858450196215
SPI6,A,2020–2040,5,5300,0.8198095017765091
SPI6,A,2020–2040,5,5400,0.81980642156163
SPI6,A,2020–2040,5,5500,0.8198086420660121
SPI6,A,2020–2040,5,5600,0.8198087020539013
SPI6,A,2020–2040,5,5700,0.8198140919433694
SPI6,A,2020–2040,5,5800,0.8198176878748997
SPI6,A,2020–2040,5,5900,0.8198180293980237
SPI6,A,2020–2040,5,6000,0.8198181839468864
SPI6,A,2020–2040,5,6100,0.8198181839468864
SPI6,A,2020–2040,5,6200,0.8198181109396502
SPI6,A,2020–2040,5,6300,0.8198181036869329
SPI6,A,2020–2040,5,6400,0.8198180978276026
SPI6,A,2020–2040,5,6500,0.819809269827386
SPI6,A,2020–2040,5,6600,0.8198090307252688
SPI6,A,2020–2040,5,6700,0.8198124969726
SPI6,A,2020–2040,5,6800,0.8198126059562253
SPI6,A,2020–2040,5,6900,0.8198126059562253
SPI6,A,2020–2040,5,7000,0.819815791758379
SPI6,A,2020–2040,5,7100,0.8198154793541242
SPI6,A,2020–2040,5,7200,0.8198167340579833
SPI6,A,2020–2040,5,7300,0.8198098435206502
SPI6,A,2020–2040,5,7400,0.8198094065736452
SPI6,A,2020–2040,5,7500,0.8198121637621849
SPI6,A,2020–2040,5,7600,0.8198116668782497
SPI6,A,2020–2040,5,7700,0.8198168195393403
SPI6,A,2020–2040,5,7800,0.8198176374471197
SPI6,A,2020–2040,5,7900,0.8198234877396755
SPI6,A,2020–2040,5,8000,0.8198236059964138
SPI6,A,2020–2040,6,100,0.5401523212939527
SPI6,A,2020–2040,6,200,0.5647957605035646
SPI6,A,2020–2040,6,300,0.788598261325636
SPI6,A,2020–2040,6,400,0.7984224070744205
SPI6,A,2020–2040,6,500,0.8035389120720338
SPI6,A,2020–2040,6,600,0.8094294683873653
SPI6,A,2020–2040,6,700,0.8105839545914837
SPI6,A,2020–2040,6,800,0.8096101751132033
SPI6,A,2020–2040,6,900,0.8132965536794636
SPI6,A,2020–2040,6,1000,0.8152397984344683
SPI6,A,2020–2040,6,1100,0.8154265572994452
SPI6,A,2020–2040,6,1200,0.8162760666957439
SPI6,A,2020–2040,6,1300,0.8172527940475841
SPI6,A,2020–2040,6,1400,0.8175961929600807
SPI6,A,2020–2040,6,1500,0.8176884823165037
SPI6,A,2020–2040,6,1600,0.8182543923981823
SPI6,A,2020–2040,6,1700,0.8182640188765224
SPI6,A,2020–2040,6,1800,0.818284307723947
SPI6,A,2020–2040,6,1900,0.8185242116189364
SPI6,A,2020–2040,6,2000,0.8187370906509613
SPI6,A,2020–2040,6,2100,0.81903045386898
SPI6,A,2020–2040,6,2200,0.8190817180531965
SPI6,A,2020–2040,6,2300,0.8191035320452179
SPI6,A,2020–2040,6,2400,0.8192044477208144
SPI6,A,2020–2040,6,2500,0.8193838732128715
SPI6,A,2020–2040,6,2600,0.8193961349277717
SPI6,A,2020–2040,6,2700,0.8194467485066179
SPI6,A,2020–2040,6,2800,0.8194791050764879
SPI6,A,2020–2040,6,2900,0.8196374007059849
SPI6,A,2020–2040,6,3000,0.8196395386894209
SPI6,A,2020–2040,6,3100,0.8196702744601874
SPI6,A,2020–2040,6,3200,0.8197028609241656
SPI6,A,2020–2040,6,3300,0.8197191268423842
SPI6,A,2020–2040,6,3400,0.8197015207718245
SPI6,A,2020–2040,6,3500,0.8197035782770868
SPI6,A,2020–2040,6,3600,0.8197096281199658
SPI6,A,2020–2040,6,3700,0.8196732361180451
SPI6,A,2020–2040,6,3800,0.8196765702133751
SPI6,A,2020–2040,6,3900,0.8196853153092645
SPI6,A,2020–2040,6,4000,0.819836103489779
SPI6,A,2020–2040,6,4100,0.8198353699861813
SPI6,A,2020–2040,6,4200,0.8198132308495509
SPI6,A,2020–2040,6,4300,0.8198120083071191
SPI6,A,2020–2040,6,4400,0.8198137600823022
SPI6,A,2020–2040,6,4500,0.8198153045567412
SPI6,A,2020–2040,6,4600,0.8198167149042385
SPI6,A,2020–2040,6,4700,0.8198463078126794
SPI6,A,2020–2040,6,4800,0.8198215188804088
SPI6,A,2020–2040,6,4900,0.8198304328326472
SPI6,A,2020–2040,6,5000,0.8198365509748518
SPI6,A,2020–2040,6,5100,0.819841486778496
SPI6,A,2020–2040,6,5200,0.8198429825157841
SPI6,A,2020–2040,6,5300,0.8198535392152256
SPI6,A,2020–2040,6,5400,0.8198597460631744
SPI6,A,2020–2040,6,5500,0.8198617556103078
SPI6,A,2020–2040,6,5600,0.8198554093776128
SPI6,A,2020–2040,6,5700,0.8198989470214734
SPI6,A,2020–2040,6,5800,0.8199073373596076
SPI6,A,2020–2040,6,5900,0.8199015746938979
SPI6,A,2020–2040,6,6000,0.8199002430496884
SPI6,A,2020–2040,6,6100,0.8199054377718991
SPI6,A,2020–2040,6,6200,0.8198847363279665
SPI6,A,2020–2040,6,6300,0.8198823027812059
SPI6,A,2020–2040,6,6400,0.8198675034316464
SPI6,A,2020–2040,6,6500,0.8198679592586919
SPI6,A,2020–2040,6,6600,0.8199588561026161
SPI6,A,2020–2040,6,6700,0.819951553499015
SPI6,A,2020–2040,6,6800,0.8199506198541742
SPI6,A,2020–2040,6,6900,0.8199539145029003
SPI6,A,2020–2040,6,7000,0.8199544108044559
SPI6,A,2020–2040,6,7100,0.8199544108044559
SPI6,A,2020–2040,6,7200,0.8199546305738281
SPI6,A,2020–2040,6,7300,0.8199042460889459
SPI6,A,2020–2040,6,7400,0.8199135793329158
SPI6,A,2020–2040,6,7500,0.8199231686594664
SPI6,A,2020–2040,6,7600,0.8199267226320478
SPI6,A,2020–2040,6,7700,0.8199198803239209
SPI6,A,2020–2040,6,7800,0.8199191528109987
SPI6,A,2020–2040,6,7900,0.8199189522494812
SPI6,A,2020–2040,6,8000,0.8199712766187534
SPI6,A,2020–2040,7,100,0.5425587096540782
SPI6,A,2020–2040,7,200,0.5494812604255983
SPI6,A,2020–2040,7,300,0.7363150515260595
SPI6,A,2020–2040,7,400,0.7690289413610911
SPI6,A,2020–2040,7,500,0.8078065441322633
SPI6,A,2020–2040,7,600,0.8103601254391616
SPI6,A,2020–2040,7,700,0.8128219304349251
SPI6,A,2020–2040,7,800,0.8147546817070797
SPI6,A,2020–2040,7,900,0.8152380680571034
SPI6,A,2020–2040,7,1000,0.8157106715886077
SPI6,A,2020–2040,7,1100,0.8157039748882962
SPI6,A,2020–2040,7,1200,0.8170165577986841
SPI6,A,2020–2040,7,1300,0.8173696455056977
SPI6,A,2020–2040,7,1400,0.8174853488113881
SPI6,A,2020–2040,7,1500,0.8175534021486681
SPI6,A,2020–2040,7,1600,0.818002818704854
SPI6,A,2020–2040,7,1700,0.8183941370487221
SPI6,A,2020–2040,7,1800,0.8185563128482218
SPI6,A,2020–2040,7,1900,0.8188596512277014
SPI6,A,2020–2040,7,2000,0.8188635284732944
SPI6,A,2020–2040,7,2100,0.818915196365775
SPI6,A,2020–2040,7,2200,0.818927183067375
SPI6,A,2020–2040,7,2300,0.8189987022683941
SPI6,A,2020–2040,7,2400,0.8190811309642632
SPI6,A,2020–2040,7,2500,0.8191001813408654
SPI6,A,2020–2040,7,2600,0.8193183597699114
SPI6,A,2020–2040,7,2700,0.8193266712487209
SPI6,A,2020–2040,7,2800,0.8193355062897923
SPI6,A,2020–2040,7,2900,0.819413763434842
SPI6,A,2020–2040,7,3000,0.8194209208006114
SPI6,A,2020–2040,7,3100,0.8194209074968891
SPI6,A,2020–2040,7,3200,0.8194622610966621
SPI6,A,2020–2040,7,3300,0.8194563040714968
SPI6,A,2020–2040,7,3400,0.8194584448280374
SPI6,A,2020–2040,7,3500,0.819504765632365
SPI6,A,2020–2040,7,3600,0.8195209725454271
SPI6,A,2020–2040,7,3700,0.8194963700857788
SPI6,A,2020–2040,7,3800,0.8195424301533523
SPI6,A,2020–2040,7,3900,0.8195391251125521
SPI6,A,2020–2040,7,4000,0.8195525178171729
SPI6,A,2020–2040,7,4100,0.8195590853842428
SPI6,A,2020–2040,7,4200,0.8195438368619876
SPI6,A,2020–2040,7,4300,0.819549084727393
SPI6,A,2020–2040,7,4400,0.8195892744830393
SPI6,A,2020–2040,7,4500,0.8195912145169245
SPI6,A,2020–2040,7,4600,0.8195877182351728
SPI6,A,2020–2040,7,4700,0.819593665727739
SPI6,A,2020–2040,7,4800,0.8196016146285113
SPI6,A,2020–2040,7,4900,0.819595987529221
SPI6,A,2020–2040,7,5000,0.8196426350184295
SPI6,A,2020–2040,7,5100,0.8196568276319506
SPI6,A,2020–2040,7,5200,0.8196743970304767
SPI6,A,2020–2040,7,5300,0.8197178997078051
SPI6,A,2020–2040,7,5400,0.8197128867453006
SPI6,A,2020–2040,7,5500,0.8197205932449847
SPI6,A,2020–2040,7,5600,0.8197314926776444
SPI6,A,2020–2040,7,5700,0.8197316063960887
SPI6,A,2020–2040,7,5800,0.8197277708662145
SPI6,A,2020–2040,7,5900,0.8197308790226752
SPI6,A,2020–2040,7,6000,0.8197310151341552
SPI6,A,2020–2040,7,6100,0.8197329096618269
SPI6,A,2020–2040,7,6200,0.8197355733918961
SPI6,A,2020–2040,7,6300,0.8197423572414948
SPI6,A,2020–2040,7,6400,0.8197618655727277
SPI6,A,2020–2040,7,6500,0.8197582727052194
SPI6,A,2020–2040,7,6600,0.8197661283684113
SPI6,A,2020–2040,7,6700,0.8197420386502009
SPI6,A,2020–2040,7,6800,0.8197708752199157
SPI6,A,2020–2040,7,6900,0.8198024586376571
SPI6,A,2020–2040,7,7000,0.819816075455453
SPI6,A,2020–2040,7,7100,0.8198152953230543
SPI6,A,2020–2040,7,7200,0.8198335114003166
SPI6,A,2020–2040,7,7300,0.8198328479757921
SPI6,A,2020–2040,7,7400,0.8198328479757921
SPI6,A,2020–2040,7,7500,0.8198235820573897
SPI6,A,2020–2040,7,7600,0.8198329922578499
SPI6,A,2020–2040,7,7700,0.819933312827967
SPI6,A,2020–2040,7,7800,0.819933312827967
SPI6,A,2020–2040,7,7900,0.8199333132152212
SPI6,A,2020–2040,7,8000,0.8199335936388737
SPI6,B,2080–2100,1,100,0.15702307337452243
SPI6,B,2080–2100,1,200,0.17121934026283306
SPI6,B,2080–2100,1,300,0.20822753147899903
SPI6,B,2080–2100,1,400,0.2489128864098799
SPI6,B,2080–2100,1,500,0.28913513244537137
SPI6,B,2080–2100,1,600,0.2959737643224774
SPI6,B,2080–2100,1,700,0.30066130644528116
SPI6,B,2080–2100,1,800,0.30143163508324305
SPI6,B,2080–2100,1,900,0.3024522833379337
SPI6,B,2080–2100,1,1000,0.30290872042497646
SPI6,B,2080–2100,1,1100,0.30334533020595256
SPI6,B,2080–2100,1,1200,0.30386314218105864
SPI6,B,2080–2100,1,1300,0.30508206663063986
SPI6,B,2080–2100,1,1400,0.30539912781327755
SPI6,B,2080–2100,1,1500,0.30574873754473547
SPI6,B,2080–2100,1,1600,0.30586527641940314
SPI6,B,2080–2100,1,1700,0.3060404700703605
SPI6,B,2080–2100,1,1800,0.3061795562107559
SPI6,B,2080–2100,1,1900,0.3063822246505313
SPI6,B,2080–2100,1,2000,0.3064590086911824
SPI6,B,2080–2100,1,2100,0.30648155301992835
SPI6,B,2080–2100,1,2200,0.30660238030148407
SPI6,B,2080–2100,1,2300,0.30672404150451504
SPI6,B,2080–2100,1,2400,0.30645832162698095
SPI6,B,2080–2100,1,2500,0.306477681788359
SPI6,B,2080–2100,1,2600,0.30650816515785306
SPI6,B,2080–2100,1,2700,0.3065427124262713
SPI6,B,2080–2100,1,2800,0.30654610196768856
SPI6,B,2080–2100,1,2900,0.3066599279601798
SPI6,B,2080–2100,1,3000,0.3066841592278585
SPI6,B,2080–2100,1,3100,0.30668733827594397
SPI6,B,2080–2100,1,3200,0.30670658328975053
SPI6,B,2080–2100,1,3300,0.30671467246666156
SPI6,B,2080–2100,1,3400,0.3067402461465781
SPI6,B,2080–2100,1,3500,0.3067447623719745
SPI6,B,2080–2100,1,3600,0.30675396632882734
SPI6,B,2080–2100,1,3700,0.30674909537364076
SPI6,B,2080–2100,1,3800,0.30674568787469153
SPI6,B,2080–2100,1,3900,0.3067540592057979
SPI6,B,2080–2100,1,4000,0.3067569980911902
SPI6,B,2080–2100,1,4100,0.30677222857387854
SPI6,B,2080–2100,1,4200,0.3067715465208736
SPI6,B,2080–2100,1,4300,0.30678745723102435
SPI6,B,2080–2100,1,4400,0.3067905018322763
SPI6,B,2080–2100,1,4500,0.30679463430048715
SPI6,B,2080–2100,1,4600,0.30679962510569525
SPI6,B,2080–2100,1,4700,0.30680405995949755
SPI6,B,2080–2100,1,4800,0.30680385297776835
SPI6,B,2080–2100,1,4900,0.30680385246037545
SPI6,B,2080–2100,1,5000,0.3068062440178095
SPI6,B,2080–2100,1,5100,0.30681362956440406
SPI6,B,2080–2100,1,5200,0.30682023487876353
SPI6,B,2080–2100,1,5300,0.30682401192263864
SPI6,B,2080–2100,1,5400,0.30682818856190236
SPI6,B,2080–2100,1,5500,0.30682194306200233
SPI6,B,2080–2100,1,5600,0.3068279950007288
SPI6,B,2080–2100,1,5700,0.30683345313528965
SPI6,B,2080–2100,1,5800,0.3068439970747884
SPI6,B,2080–2100,1,5900,0.30683993874125737
SPI6,B,2080–2100,1,6000,0.3068398365922517
SPI6,B,2080–2100,1,6100,0.30683727235547
SPI6,B,2080–2100,1,6200,0.30683727326150056
SPI6,B,2080–2100,1,6300,0.30685650223521427
SPI6,B,2080–2100,1,6400,0.30685514358253085
SPI6,B,2080–2100,1,6500,0.30683858537386766
SPI6,B,2080–2100,1,6600,0.30683824936817977
SPI6,B,2080–2100,1,6700,0.30683834538637766
SPI6,B,2080–2100,1,6800,0.30683882337262924
SPI6,B,2080–2100,1,6900,0.3068375746289145
SPI6,B,2080–2100,1,7000,0.3068397058356859
SPI6,B,2080–2100,1,7100,0.30683664739619637
SPI6,B,2080–2100,1,7200,0.30683986920945266
SPI6,B,2080–2100,1,7300,0.3068383494708693
SPI6,B,2080–2100,1,7400,0.3068374400448824
SPI6,B,2080–2100,1,7500,0.3068359396139506
SPI6,B,2080–2100,1,7600,0.3068385373802659
SPI6,B,2080–2100,1,7700,0.3068385373802659
SPI6,B,2080–2100,1,7800,0.3068385373802659
SPI6,B,2080–2100,1,7900,0.3068380352938025
SPI6,B,2080–2100,1,8000,0.3068372025651296
SPI6,B,2080–2100,2,100,0.15307152977783411
SPI6,B,2080–2100,2,200,0.15929345471450554
SPI6,B,2080–2100,2,300,0.2112438585879249
SPI6,B,2080–2100,2,400,0.2357896178682537
SPI6,B,2080–2100,2,500,0.2623755174690245
SPI6,B,2080–2100,2,600,0.2748276435022018
SPI6,B,2080–2100,2,700,0.2990478871976492
SPI6,B,2080–2100,2,800,0.3001334961967603
SPI6,B,2080–2100,2,900,0.30104147977253315
SPI6,B,2080–2100,2,1000,0.30208600643162564
SPI6,B,2080–2100,2,1100,0.30362002546658606
SPI6,B,2080–2100,2,1200,0.3044390523733082
SPI6,B,2080–2100,2,1300,0.30496463999922296
SPI6,B,2080–2100,2,1400,0.3050178188279295
SPI6,B,2080–2100,2,1500,0.3053435899746481
SPI6,B,2080–2100,2,1600,0.30526693741688093
SPI6,B,2080–2100,2,1700,0.30559431339974663
SPI6,B,2080–2100,2,1800,0.3056821992526716
SPI6,B,2080–2100,2,1900,0.3056124982021548
SPI6,B,2080–2100,2,2000,0.3056735131352733
SPI6,B,2080–2100,2,2100,0.30578072060077977
SPI6,B,2080–2100,2,2200,0.30584205076507087
SPI6,B,2080–2100,2,2300,0.30595802511072795
SPI6,B,2080–2100,2,2400,0.3061445396922818
SPI6,B,2080–2100,2,2500,0.30616194157721216
SPI6,B,2080–2100,2,2600,0.3061801271388429
SPI6,B,2080–2100,2,2700,0.30619316542004926
SPI6,B,2080–2100,2,2800,0.3062612593250439
SPI6,B,2080–2100,2,2900,0.30634107284702816
SPI6,B,2080–2100,2,3000,0.30637963523905004
SPI6,B,2080–2100,2,3100,0.30639312556626663
SPI6,B,2080–2100,2,3200,0.30641217462429976
SPI6,B,2080–2100,2,3300,0.3064192419154783
SPI6,B,2080–2100,2,3400,0.30648815623659287
SPI6,B,2080–2100,2,3500,0.3064858497698375
SPI6,B,2080–2100,2,3600,0.3065320577735813
SPI6,B,2080–2100,2,3700,0.3065647465605127
SPI6,B,2080–2100,2,3800,0.30661724774536825
SPI6,B,2080–2100,2,3900,0.3066539829232617
SPI6,B,2080–2100,2,4000,0.3066503145113659
SPI6,B,2080–2100,2,4100,0.3066497908802822
SPI6,B,2080–2100,2,4200,0.3066575272146287
SPI6,B,2080–2100,2,4300,0.30665696677286286
SPI6,B,2080–2100,2,4400,0.306664129905016
SPI6,B,2080–2100,2,4500,0.3066545582410219
SPI6,B,2080–2100,2,4600,0.3066629064652863
SPI6,B,2080–2100,2,4700,0.30665781785666446
SPI6,B,2080–2100,2,4800,0.3066750382986256
SPI6,B,2080–2100,2,4900,0.30670725892944595
SPI6,B,2080–2100,2,5000,0.30670235575974114
SPI6,B,2080–2100,2,5100,0.3067000042411816
SPI6,B,2080–2100,2,5200,0.3067349594040082
SPI6,B,2080–2100,2,5300,0.3067390174242778
SPI6,B,2080–2100,2,5400,0.30675839415909123
SPI6,B,2080–2100,2,5500,0.3067677151554261
SPI6,B,2080–2100,2,5600,0.3067682472744135
SPI6,B,2080–2100,2,5700,0.30676732999177064
SPI6,B,2080–2100,2,5800,0.3067847410428153
SPI6,B,2080–2100,2,5900,0.30678165042519673
SPI6,B,2080–2100,2,6000,0.3067848051723411
SPI6,B,2080–2100,2,6100,0.3067846484958945
SPI6,B,2080–2100,2,6200,0.30677781858177183
SPI6,B,2080–2100,2,6300,0.3067930952954682
SPI6,B,2080–2100,2,6400,0.3067806295772581
SPI6,B,2080–2100,2,6500,0.3067806295772581
SPI6,B,2080–2100,2,6600,0.30678052581381615
SPI6,B,2080–2100,2,6700,0.306781961666199
SPI6,B,2080–2100,2,6800,0.30678204760016353
SPI6,B,2080–2100,2,6900,0.3067854735794221
SPI6,B,2080–2100,2,7000,0.3067893953772075
SPI6,B,2080–2100,2,7100,0.3067960372186861
SPI6,B,2080–2100,2,7200,0.3067960372186861
SPI6,B,2080–2100,2,7300,0.3067960372186861
SPI6,B,2080–2100,2,7400,0.3068005825958506
SPI6,B,2080–2100,2,7500,0.3068102846150827
SPI6,B,2080–2100,2,7600,0.3068110661887745
SPI6,B,2080–2100,2,7700,0.30681490235478776
SPI6,B,2080–2100,2,7800,0.306796783558973
SPI6,B,2080–2100,2,7900,0.3067953668657454
SPI6,B,2080–2100,2,8000,0.3067953668657454
SPI6,B,2080–2100,3,100,0.17363490952169974
SPI6,B,2080–2100,3,200,0.18087843028140307
SPI6,B,2080–2100,3,300,0.23952941392197546
SPI6,B,2080–2100,3,400,0.26684928973753064
SPI6,B,2080–2100,3,500,0.2948378241810626
SPI6,B,2080–2100,3,600,0.29779889948259375
SPI6,B,2080–2100,3,700,0.30004239626145784
SPI6,B,2080–2100,3,800,0.30044161240860673
SPI6,B,2080–2100,3,900,0.3015684637184116
SPI6,B,2080–2100,3,1000,0.30254370901996097
SPI6,B,2080–2100,3,1100,0.30294587573986176
SPI6,B,2080–2100,3,1200,0.30309564154665836
SPI6,B,2080–2100,3,1300,0.30350661776625565
SPI6,B,2080–2100,3,1400,0.3035787183841123
SPI6,B,2080–2100,3,1500,0.30440280381861895
SPI6,B,2080–2100,3,1600,0.3046966073642483
SPI6,B,2080–2100,3,1700,0.3047284128097421
SPI6,B,2080–2100,3,1800,0.30481026008773027
SPI6,B,2080–2100,3,1900,0.3049055159204652
SPI6,B,2080–2100,3,2000,0.3053503979495184
SPI6,B,2080–2100,3,2100,0.30607555881777515
SPI6,B,2080–2100,3,2200,0.306333422511718
SPI6,B,2080–2100,3,2300,0.3063910368240498
SPI6,B,2080–2100,3,2400,0.30641661573632933
SPI6,B,2080–2100,3,2500,0.30647674586328794
SPI6,B,2080–2100,3,2600,0.3064893451623187
SPI6,B,2080–2100,3,2700,0.3066758175131542
SPI6,B,2080–2100,3,2800,0.306734419527058
SPI6,B,2080–2100,3,2900,0.30672140876059717
SPI6,B,2080–2100,3,3000,0.3067821515381828
SPI6,B,2080–2100,3,3100,0.30681738017326354
SPI6,B,2080–2100,3,3200,0.30680269884841377
SPI6,B,2080–2100,3,3300,0.3068001866444945
SPI6,B,2080–2100,3,3400,0.30681441738960874
SPI6,B,2080–2100,3,3500,0.3068435940317655
SPI6,B,2080–2100,3,3600,0.306818881153204
SPI6,B,2080–2100,3,3700,0.30685330511558073
SPI6,B,2080–2100,3,3800,0.3068825852433694
SPI6,B,2080–2100,3,3900,0.3068937349133421
SPI6,B,2080–2100,3,4000,0.30688857707069817
SPI6,B,2080–2100,3,4100,0.3068879515995031
SPI6,B,2080–2100,3,4200,0.3069219756955452
SPI6,B,2080–2100,3,4300,0.30693277902220945
SPI6,B,2080–2100,3,4400,0.30693380820077226
SPI6,B,2080–2100,3,4500,0.30684383828996714
SPI6,B,2080–2100,3,4600,0.306837420037739
SPI6,B,2080–2100,3,4700,0.30683284190597704
SPI6,B,2080–2100,3,4800,0.30680358277338177
SPI6,B,2080–2100,3,4900,0.30680620481074306
SPI6,B,2080–2100,3,5000,0.30680681047158526
SPI6,B,2080–2100,3,5100,0.3067989634769584
SPI6,B,2080–2100,3,5200,0.3068243804286994
SPI6,B,2080–2100,3,5300,0.3068273393355636
SPI6,B,2080–2100,3,5400,0.30683945031131676
SPI6,B,2080–2100,3,5500,0.3068527011946788
SPI6,B,2080–2100,3,5600,0.30685553753693057
SPI6,B,2080–2100,3,5700,0.30685697827484915
SPI6,B,2080–2100,3,5800,0.3068642578336259
SPI6,B,2080–2100,3,5900,0.3068503266555415
SPI6,B,2080–2100,3,6000,0.30685038091729866
SPI6,B,2080–2100,3,6100,0.3068507173097232
SPI6,B,2080–2100,3,6200,0.30685249196255976
SPI6,B,2080–2100,3,6300,0.30685978101536704
SPI6,B,2080–2100,3,6400,0.3068608831913171
SPI6,B,2080–2100,3,6500,0.30686005051039733
SPI6,B,2080–2100,3,6600,0.3068636291410952
SPI6,B,2080–2100,3,6700,0.30686260360382445
SPI6,B,2080–2100,3,6800,0.30686211284244214
SPI6,B,2080–2100,3,6900,0.30686243931938795
SPI6,B,2080–2100,3,7000,0.306861455971853
SPI6,B,2080–2100,3,7100,0.30686046821593976
SPI6,B,2080–2100,3,7200,0.30686046821593976
SPI6,B,2080–2100,3,7300,0.3068601488166465
SPI6,B,2080–2100,3,7400,0.3068640067405658
SPI6,B,2080–2100,3,7500,0.30686403439805243
SPI6,B,2080–2100,3,7600,0.3068610307892412
SPI6,B,2080–2100,3,7700,0.30685968173061706
SPI6,B,2080–2100,3,7800,0.30686058062821514
SPI6,B,2080–2100,3,7900,0.30686058062821514
SPI6,B,2080–2100,3,8000,0.30686058062821514
SPI6,B,2080–2100,4,100,0.17947004697906016
SPI6,B,2080–2100,4,200,0.18260419868259953
SPI6,B,2080–2100,4,300,0.2432491545231279
SPI6,B,2080–2100,4,400,0.26425542401721785
SPI6,B,2080–2100,4,500,0.27948043637819875
SPI6,B,2080–2100,4,600,0.2905800477443539
SPI6,B,2080–2100,4,700,0.29548311932695875
SPI6,B,2080–2100,4,800,0.2972070253586232
SPI6,B,2080–2100,4,900,0.30031756282374233
SPI6,B,2080–2100,4,1000,0.30047025107774183
SPI6,B,2080–2100,4,1100,0.3018367637009789
SPI6,B,2080–2100,4,1200,0.3019566594376654
SPI6,B,2080–2100,4,1300,0.30206117496753704
SPI6,B,2080–2100,4,1400,0.30419951025900543
SPI6,B,2080–2100,4,1500,0.3046050857787656
SPI6,B,2080–2100,4,1600,0.3046986658016244
SPI6,B,2080–2100,4,1700,0.30490834598944255
SPI6,B,2080–2100,4,1800,0.30491562389672694
SPI6,B,2080–2100,4,1900,0.30510022084296046
SPI6,B,2080–2100,4,2000,0.30525439344890015
SPI6,B,2080–2100,4,2100,0.3054460377840503
SPI6,B,2080–2100,4,2200,0.3054702501135536
SPI6,B,2080–2100,4,2300,0.3055328717999997
SPI6,B,2080–2100,4,2400,0.3056168861062405
SPI6,B,2080–2100,4,2500,0.3056075372393428
SPI6,B,2080–2100,4,2600,0.3057137765783628
SPI6,B,2080–2100,4,2700,0.3057724389655807
SPI6,B,2080–2100,4,2800,0.3058482250624188
SPI6,B,2080–2100,4,2900,0.30627445774058115
SPI6,B,2080–2100,4,3000,0.30629399303363525
SPI6,B,2080–2100,4,3100,0.30629399303363525
SPI6,B,2080–2100,4,3200,0.3062514139513576
SPI6,B,2080–2100,4,3300,0.3063834914964423
SPI6,B,2080–2100,4,3400,0.30633367328898986
SPI6,B,2080–2100,4,3500,0.30633835195407594
SPI6,B,2080–2100,4,3600,0.3063566036384544
SPI6,B,2080–2100,4,3700,0.3066813455665449
SPI6,B,2080–2100,4,3800,0.3066645312862182
SPI6,B,2080–2100,4,3900,0.3067330069619822
SPI6,B,2080–2100,4,4000,0.3066878521276514
SPI6,B,2080–2100,4,4100,0.306704207975139
SPI6,B,2080–2100,4,4200,0.3067281537144904
SPI6,B,2080–2100,4,4300,0.30675221699081806
SPI6,B,2080–2100,4,4400,0.30676869561330716
SPI6,B,2080–2100,4,4500,0.30678194482153687
SPI6,B,2080–2100,4,4600,0.30680560112201416
SPI6,B,2080–2100,4,4700,0.3068346009820093
SPI6,B,2080–2100,4,4800,0.30683609244197774
SPI6,B,2080–2100,4,4900,0.3068275105773821
SPI6,B,2080–2100,4,5000,0.30682797923244565
SPI6,B,2080–2100,4,5100,0.3067697286351838
SPI6,B,2080–2100,4,5200,0.306772178650786
SPI6,B,2080–2100,4,5300,0.30677008152968466
SPI6,B,2080–2100,4,5400,0.30677034371529166
SPI6,B,2080–2100,4,5500,0.3067724046332728
SPI6,B,2080–2100,4,5600,0.30677241052548965
SPI6,B,2080–2100,4,5700,0.30677692469104745
SPI6,B,2080–2100,4,5800,0.3067831416754526
SPI6,B,2080–2100,4,5900,0.3067833465984659
SPI6,B,2080–2100,4,6000,0.3067932313615377
SPI6,B,2080–2100,4,6100,0.3067958256074986
SPI6,B,2080–2100,4,6200,0.30679816829660156
SPI6,B,2080–2100,4,6300,0.30679498880276057
SPI6,B,2080–2100,4,6400,0.3067929036308945
SPI6,B,2080–2100,4,6500,0.3067806121677161
SPI6,B,2080–2100,4,6600,0.3067802184801773
SPI6,B,2080–2100,4,6700,0.3067816003254731
SPI6,B,2080–2100,4,6800,0.3067787370654349
SPI6,B,2080–2100,4,6900,0.3067750781547219
SPI6,B,2080–2100,4,7000,0.3067775812850041
SPI6,B,2080–2100,4,7100,0.30678311824437204
SPI6,B,2080–2100,4,7200,0.30678311824437204
SPI6,B,2080–2100,4,7300,0.3067858554609424
SPI6,B,2080–2100,4,7400,0.30677566690591296
SPI6,B,2080–2100,4,7500,0.3067862891096716
SPI6,B,2080–2100,4,7600,0.30678641804782175
SPI6,B,2080–2100,4,7700,0.30678667087518535
SPI6,B,2080–2100,4,7800,0.306786589368706
SPI6,B,2080–2100,4,7900,0.306786589368706
SPI6,B,2080–2100,4,8000,0.306786589368706
SPI6,B,2080–2100,5,100,0.15066313076073737
SPI6,B,2080–2100,5,200,0.16192947210475706
SPI6,B,2080–2100,5,300,0.21690275470383658
SPI6,B,2080–2100,5,400,0.2418822693644019
SPI6,B,2080–2100,5,500,0.28449607084831685
SPI6,B,2080–2100,5,600,0.29278533935100026
SPI6,B,2080–2100,5,700,0.2961398983183928
SPI6,B,2080–2100,5,800,0.2964970033663989
SPI6,B,2080–2100,5,900,0.2977211293257116
SPI6,B,2080–2100,5,1000,0.3001482010119809
SPI6,B,2080–2100,5,1100,0.3017029583850048
SPI6,B,2080–2100,5,1200,0.30167663384067844
SPI6,B,2080–2100,5,1300,0.3023137634638275
SPI6,B,2080–2100,5,1400,0.30384208507986254
SPI6,B,2080–2100,5,1500,0.3044395956085381
SPI6,B,2080–2100,5,1600,0.30466197770158204
SPI6,B,2080–2100,5,1700,0.3051196446652484
SPI6,B,2080–2100,5,1800,0.30541479993175963
SPI6,B,2080–2100,5,1900,0.30564893081251726
SPI6,B,2080–2100,5,2000,0.30587627318913146
SPI6,B,2080–2100,5,2100,0.30592902913848047
SPI6,B,2080–2100,5,2200,0.30593116644401985
SPI6,B,2080–2100,5,2300,0.3059796199902161
SPI6,B,2080–2100,5,2400,0.30606152567577927
SPI6,B,2080–2100,5,2500,0.3060694273664754
SPI6,B,2080–2100,5,2600,0.30617243592642995
SPI6,B,2080–2100,5,2700,0.30621329251253393
SPI6,B,2080–2100,5,2800,0.30629545303401146
SPI6,B,2080–2100,5,2900,0.3063545135750764
SPI6,B,2080–2100,5,3000,0.3064496642587654
SPI6,B,2080–2100,5,3100,0.30645561106725905
SPI6,B,2080–2100,5,3200,0.30650085833426083
SPI6,B,2080–2100,5,3300,0.30654624367778616
SPI6,B,2080–2100,5,3400,0.3065650144417228
SPI6,B,2080–2100,5,3500,0.3065743047298917
SPI6,B,2080–2100,5,3600,0.3065733033720496
SPI6,B,2080–2100,5,3700,0.3065861188182236
SPI6,B,2080–2100,5,3800,0.3065892265377727
SPI6,B,2080–2100,5,3900,0.30660844708585505
SPI6,B,2080–2100,5,4000,0.306620232776302
SPI6,B,2080–2100,5,4100,0.3066282850645362
SPI6,B,2080–2100,5,4200,0.3066588494853305
SPI6,B,2080–2100,5,4300,0.3066455997127512
SPI6,B,2080–2100,5,4400,0.30667907089518326
SPI6,B,2080–2100,5,4500,0.306683242489036
SPI6,B,2080–2100,5,4600,0.30669330168316855
SPI6,B,2080–2100,5,4700,0.30670897710869943
SPI6,B,2080–2100,5,4800,0.30674916321076506
SPI6,B,2080–2100,5,4900,0.30675034706475457
SPI6,B,2080–2100,5,5000,0.30675263508004863
SPI6,B,2080–2100,5,5100,0.30675547178651885
SPI6,B,2080–2100,5,5200,0.30672975357765275
SPI6,B,2080–2100,5,5300,0.3067376798223573
SPI6,B,2080–2100,5,5400,0.306749484545102
SPI6,B,2080–2100,5,5500,0.3067532965159815
SPI6,B,2080–2100,5,5600,0.30675917658170493
SPI6,B,2080–2100,5,5700,0.30675801256129326
SPI6,B,2080–2100,5,5800,0.30676665455793906
SPI6,B,2080–2100,5,5900,0.3067673313869946
SPI6,B,2080–2100,5,6000,0.3067682912127092
SPI6,B,2080–2100,5,6100,0.30677972706419343
SPI6,B,2080–2100,5,6200,0.306776607418384
SPI6,B,2080–2100,5,6300,0.3067778059996145
SPI6,B,2080–2100,5,6400,0.30677868832908883
SPI6,B,2080–2100,5,6500,0.3067867332113448
SPI6,B,2080–2100,5,6600,0.3067855450360368
SPI6,B,2080–2100,5,6700,0.3067883147769063
SPI6,B,2080–2100,5,6800,0.30678983398113047
SPI6,B,2080–2100,5,6900,0.30678670726923907
SPI6,B,2080–2100,5,7000,0.30678653596389094
SPI6,B,2080–2100,5,7100,0.3067875351751898
SPI6,B,2080–2100,5,7200,0.3067894526475193
SPI6,B,2080–2100,5,7300,0.3067966662314145
SPI6,B,2080–2100,5,7400,0.30679649850452684
SPI6,B,2080–2100,5,7500,0.3067966042761342
SPI6,B,2080–2100,5,7600,0.30679541662922427
SPI6,B,2080–2100,5,7700,0.30679664563444126
SPI6,B,2080–2100,5,7800,0.3067945320067399
SPI6,B,2080–2100,5,7900,0.30679380768404896
SPI6,B,2080–2100,5,8000,0.3068074018207017
SPI6,B,2080–2100,6,100,0.1719878966050135
SPI6,B,2080–2100,6,200,0.18677056546652132
SPI6,B,2080–2100,6,300,0.23024229323121886
SPI6,B,2080–2100,6,400,0.2889179292238379
SPI6,B,2080–2100,6,500,0.293722342530178
SPI6,B,2080–2100,6,600,0.2973999107204401
SPI6,B,2080–2100,6,700,0.2988406938911198
SPI6,B,2080–2100,6,800,0.3015286009634744
SPI6,B,2080–2100,6,900,0.3025390104084768
SPI6,B,2080–2100,6,1000,0.30387823179358886
SPI6,B,2080–2100,6,1100,0.30430494677854386
SPI6,B,2080–2100,6,1200,0.30501399730003037
SPI6,B,2080–2100,6,1300,0.3051276552862391
SPI6,B,2080–2100,6,1400,0.30528841523125394
SPI6,B,2080–2100,6,1500,0.3054332939824289
SPI6,B,2080–2100,6,1600,0.30566770575622154
SPI6,B,2080–2100,6,1700,0.3057979156682147
SPI6,B,2080–2100,6,1800,0.30582831746777717
SPI6,B,2080–2100,6,1900,0.30575550972651944
SPI6,B,2080–2100,6,2000,0.3058596696781018
SPI6,B,2080–2100,6,2100,0.30589314686980473
SPI6,B,2080–2100,6,2200,0.3059847740551355
SPI6,B,2080–2100,6,2300,0.3061398964864108
SPI6,B,2080–2100,6,2400,0.3062045361622129
SPI6,B,2080–2100,6,2500,0.30636031461850144
SPI6,B,2080–2100,6,2600,0.3063803139685708
SPI6,B,2080–2100,6,2700,0.30641182422835295
SPI6,B,2080–2100,6,2800,0.30640275358231084
SPI6,B,2080–2100,6,2900,0.3063928528425308
SPI6,B,2080–2100,6,3000,0.3064128608776411
SPI6,B,2080–2100,6,3100,0.30643445928679214
SPI6,B,2080–2100,6,3200,0.3064382381534089
SPI6,B,2080–2100,6,3300,0.3064398505368119
SPI6,B,2080–2100,6,3400,0.30645782083309575
SPI6,B,2080–2100,6,3500,0.3065449732688425
SPI6,B,2080–2100,6,3600,0.3066694666169172
SPI6,B,2080–2100,6,3700,0.30668731342527183
SPI6,B,2080–2100,6,3800,0.30670147007973886
SPI6,B,2080–2100,6,3900,0.3067359848413012
SPI6,B,2080–2100,6,4000,0.3067701988874777
SPI6,B,2080–2100,6,4100,0.3068083345381142
SPI6,B,2080–2100,6,4200,0.3068019545103545
SPI6,B,2080–2100,6,4300,0.3068118028981676
SPI6,B,2080–2100,6,4400,0.30681194680096385
SPI6,B,2080–2100,6,4500,0.30681661304812213
SPI6,B,2080–2100,6,4600,0.3068162220424115
SPI6,B,2080–2100,6,4700,0.3068243859566425
SPI6,B,2080–2100,6,4800,0.30685611066761426
SPI6,B,2080–2100,6,4900,0.3068677204533923
SPI6,B,2080–2100,6,5000,0.30687279532133516
SPI6,B,2080–2100,6,5100,0.30687934878564826
SPI6,B,2080–2100,6,5200,0.3068881895490777
SPI6,B,2080–2100,6,5300,0.3068944709359122
SPI6,B,2080–2100,6,5400,0.3068956068085792
SPI6,B,2080–2100,6,5500,0.30689628882408576
SPI6,B,2080–2100,6,5600,0.3069039395533628
SPI6,B,2080–2100,6,5700,0.3069053258618497
SPI6,B,2080–2100,6,5800,0.3068957850029598
SPI6,B,2080–2100,6,5900,0.30681738030258443
SPI6,B,2080–2100,6,6000,0.3068256492727687
SPI6,B,2080–2100,6,6100,0.30682909870701247
SPI6,B,2080–2100,6,6200,0.30682835830167543
SPI6,B,2080–2100,6,6300,0.3068292331956852
SPI6,B,2080–2100,6,6400,0.3067978162760321
SPI6,B,2080–2100,6,6500,0.3068034318839792
SPI6,B,2080–2100,6,6600,0.3068001816563376
SPI6,B,2080–2100,6,6700,0.3068001816563376
SPI6,B,2080–2100,6,6800,0.3067899679971726
SPI6,B,2080–2100,6,6900,0.30678704177879745
SPI6,B,2080–2100,6,7000,0.30678704177879745
SPI6,B,2080–2100,6,7100,0.3067891098140619
SPI6,B,2080–2100,6,7200,0.30680695675903846
SPI6,B,2080–2100,6,7300,0.30680572647269844
SPI6,B,2080–2100,6,7400,0.30680574837272784
SPI6,B,2080–2100,6,7500,0.3068038807065578
SPI6,B,2080–2100,6,7600,0.3068040103429142
SPI6,B,2080–2100,6,7700,0.30680198061312536
SPI6,B,2080–2100,6,7800,0.3068011152400589
SPI6,B,2080–2100,6,7900,0.3068005247725883
SPI6,B,2080–2100,6,8000,0.30680128758532976
SPI6,B,2080–2100,7,100,0.177506553118918
SPI6,B,2080–2100,7,200,0.19253086606764275
SPI6,B,2080–2100,7,300,0.23972373012203624
SPI6,B,2080–2100,7,400,0.27534053066145925
SPI6,B,2080–2100,7,500,0.2857013029652452
SPI6,B,2080–2100,7,600,0.29298713304761154
SPI6,B,2080–2100,7,700,0.2989637517343264
SPI6,B,2080–2100,7,800,0.3012699237950841
SPI6,B,2080–2100,7,900,0.30182340739337093
SPI6,B,2080–2100,7,1000,0.30290520664486487
SPI6,B,2080–2100,7,1100,0.3032424885877152
SPI6,B,2080–2100,7,1200,0.3036143358251905
SPI6,B,2080–2100,7,1300,0.30409144611016675
SPI6,B,2080–2100,7,1400,0.3052547148461923
SPI6,B,2080–2100,7,1500,0.30536602317150463
SPI6,B,2080–2100,7,1600,0.30545369238451187
SPI6,B,2080–2100,7,1700,0.30573636488898326
SPI6,B,2080–2100,7,1800,0.3058982610764595
SPI6,B,2080–2100,7,1900,0.30605072460385097
SPI6,B,2080–2100,7,2000,0.30610530442349687
SPI6,B,2080–2100,7,2100,0.30629065842083925
SPI6,B,2080–2100,7,2200,0.30632061768639046
SPI6,B,2080–2100,7,2300,0.3063898972073359
SPI6,B,2080–2100,7,2400,0.30645989217737263
SPI6,B,2080–2100,7,2500,0.30650518647610686
SPI6,B,2080–2100,7,2600,0.3066073849546968
SPI6,B,2080–2100,7,2700,0.3066155428136635
SPI6,B,2080–2100,7,2800,0.3066465022468342
SPI6,B,2080–2100,7,2900,0.3066137586269535
SPI6,B,2080–2100,7,3000,0.3066280964957609
SPI6,B,2080–2100,7,3100,0.30663376308693013
SPI6,B,2080–2100,7,3200,0.30665244491696997
SPI6,B,2080–2100,7,3300,0.3066639820053042
SPI6,B,2080–2100,7,3400,0.30669084885693043
SPI6,B,2080–2100,7,3500,0.3066940840103578
SPI6,B,2080–2100,7,3600,0.30669137795373297
SPI6,B,2080–2100,7,3700,0.30670267558946085
SPI6,B,2080–2100,7,3800,0.30670131053270916
SPI6,B,2080–2100,7,3900,0.306708384784198
SPI6,B,2080–2100,7,4000,0.3067029373896084
SPI6,B,2080–2100,7,4100,0.3067125864585437
SPI6,B,2080–2100,7,4200,0.3067320010251409
SPI6,B,2080–2100,7,4300,0.30676567190570014
SPI6,B,2080–2100,7,4400,0.30677185016026565
SPI6,B,2080–2100,7,4500,0.3067812332905874
SPI6,B,2080–2100,7,4600,0.30678310026384387
SPI6,B,2080–2100,7,4700,0.30678315916272875
SPI6,B,2080–2100,7,4800,0.30678315916272875
SPI6,B,2080–2100,7,4900,0.3067897414784313
SPI6,B,2080–2100,7,5000,0.3067897414784313
SPI6,B,2080–2100,7,5100,0.3068126638085652
SPI6,B,2080–2100,7,5200,0.3068124728680406
SPI6,B,2080–2100,7,5300,0.30681308552551817
SPI6,B,2080–2100,7,5400,0.3068145565412997
SPI6,B,2080–2100,7,5500,0.3068124440183244
SPI6,B,2080–2100,7,5600,0.30681129883529407
SPI6,B,2080–2100,7,5700,0.3068186607575403
SPI6,B,2080–2100,7,5800,0.30681768521807357
SPI6,B,2080–2100,7,5900,0.3068170217097175
SPI6,B,2080–2100,7,6000,0.30681854076318305
SPI6,B,2080–2100,7,6100,0.3068143773205366
SPI6,B,2080–2100,7,6200,0.3068175389135261
SPI6,B,2080–2100,7,6300,0.3068398731418565
SPI6,B,2080–2100,7,6400,0.3068371495144492
SPI6,B,2080–2100,7,6500,0.306837149118057
SPI6,B,2080–2100,7,6600,0.3068347404816819
SPI6,B,2080–2100,7,6700,0.306846719890043
SPI6,B,2080–2100,7,6800,0.3068480061982456
SPI6,B,2080–2100,7,6900,0.3068480776769685
SPI6,B,2080–2100,7,7000,0.3068465889627798
SPI6,B,2080–2100,7,7100,0.30684544032699673
SPI6,B,2080–2100,7,7200,0.306853045670641
SPI6,B,2080–2100,7,7300,0.306853045670641
SPI6,B,2080–2100,7,7400,0.30685136316400774
SPI6,B,2080–2100,7,7500,0.30685096680630997
SPI6,B,2080–2100,7,7600,0.3068509421029551
SPI6,B,2080–2100,7,7700,0.3068520712199139
SPI6,B,2080–2100,7,7800,0.3068496838464282
SPI6,B,2080–2100,7,7900,0.3068514816841523
SPI6,B,2080–2100,7,8000,0.3068542952488232
SPI12,A,2020–2040,1,100,0.5077051012908145
SPI12,A,2020–2040,1,200,0.5311234582585594
SPI12,A,2020–2040,1,300,0.7519762283428502
SPI12,A,2020–2040,1,400,0.7739051478004544
SPI12,A,2020–2040,1,500,0.8064268629705993
SPI12,A,2020–2040,1,600,0.8106393872777083
SPI12,A,2020–2040,1,700,0.8111913615961569
SPI12,A,2020–2040,1,800,0.8197204564208226
SPI12,A,2020–2040,1,900,0.8201687581454881
SPI12,A,2020–2040,1,1000,0.8209490700648401
SPI12,A,2020–2040,1,1100,0.8219281827168767
SPI12,A,2020–2040,1,1200,0.8220668492046653
SPI12,A,2020–2040,1,1300,0.8220928950423276
SPI12,A,2020–2040,1,1400,0.8218747965197031
SPI12,A,2020–2040,1,1500,0.8219711053994889
SPI12,A,2020–2040,1,1600,0.8219214495819771
SPI12,A,2020–2040,1,1700,0.8219358007966795
SPI12,A,2020–2040,1,1800,0.8220528854273937
SPI12,A,2020–2040,1,1900,0.8222577819195226
SPI12,A,2020–2040,1,2000,0.8224429305633361
SPI12,A,2020–2040,1,2100,0.8224876718172967
SPI12,A,2020–2040,1,2200,0.8225246962516461
SPI12,A,2020–2040,1,2300,0.8225405478139901
SPI12,A,2020–2040,1,2400,0.8226205703966688
SPI12,A,2020–2040,1,2500,0.8226270328480162
SPI12,A,2020–2040,1,2600,0.8226302711568273
SPI12,A,2020–2040,1,2700,0.8227173719862004
SPI12,A,2020–2040,1,2800,0.8227189148477765
SPI12,A,2020–2040,1,2900,0.8227354683918925
SPI12,A,2020–2040,1,3000,0.8227755809639605
SPI12,A,2020–2040,1,3100,0.8228258514289525
SPI12,A,2020–2040,1,3200,0.8228592708238843
SPI12,A,2020–2040,1,3300,0.8229022190262407
SPI12,A,2020–2040,1,3400,0.8229017492598101
SPI12,A,2020–2040,1,3500,0.8229317385863315
SPI12,A,2020–2040,1,3600,0.8231545573940464
SPI12,A,2020–2040,1,3700,0.823146037501546
SPI12,A,2020–2040,1,3800,0.8231501044726806
SPI12,A,2020–2040,1,3900,0.8231506707234206
SPI12,A,2020–2040,1,4000,0.8231417278874883
SPI12,A,2020–2040,1,4100,0.8231410696946669
SPI12,A,2020–2040,1,4200,0.8231325362301904
SPI12,A,2020–2040,1,4300,0.8231441838076298
SPI12,A,2020–2040,1,4400,0.8231617154199952
SPI12,A,2020–2040,1,4500,0.8231669700667462
SPI12,A,2020–2040,1,4600,0.8231641738737646
SPI12,A,2020–2040,1,4700,0.8231795039217535
SPI12,A,2020–2040,1,4800,0.8231810017170196
SPI12,A,2020–2040,1,4900,0.8231791651794451
SPI12,A,2020–2040,1,5000,0.8231760440746385
SPI12,A,2020–2040,1,5100,0.8231748848344925
SPI12,A,2020–2040,1,5200,0.8231748848344925
SPI12,A,2020–2040,1,5300,0.8231903584792428
SPI12,A,2020–2040,1,5400,0.8231869332017542
SPI12,A,2020–2040,1,5500,0.8231849981098014
SPI12,A,2020–2040,1,5600,0.8231859540171906
SPI12,A,2020–2040,1,5700,0.8232113916953635
SPI12,A,2020–2040,1,5800,0.8232123529082868
SPI12,A,2020–2040,1,5900,0.8231915477812544
SPI12,A,2020–2040,1,6000,0.8232016579738478
SPI12,A,2020–2040,1,6100,0.8231980728336935
SPI12,A,2020–2040,1,6200,0.8231985961547404
SPI12,A,2020–2040,1,6300,0.8231986281220708
SPI12,A,2020–2040,1,6400,0.8231973620114698
SPI12,A,2020–2040,1,6500,0.8231977593213426
SPI12,A,2020–2040,1,6600,0.8231984709915452
SPI12,A,2020–2040,1,6700,0.8231895655693968
SPI12,A,2020–2040,1,6800,0.8231920595577708
SPI12,A,2020–2040,1,6900,0.8232049851645972
SPI12,A,2020–2040,1,7000,0.8232028749196502
SPI12,A,2020–2040,1,7100,0.8232034874815941
SPI12,A,2020–2040,1,7200,0.8232102313431208
SPI12,A,2020–2040,1,7300,0.8232066583042066
SPI12,A,2020–2040,1,7400,0.8231413978105426
SPI12,A,2020–2040,1,7500,0.8231422506533291
SPI12,A,2020–2040,1,7600,0.823143200779987
SPI12,A,2020–2040,1,7700,0.8231442501534627
SPI12,A,2020–2040,1,7800,0.8231450469379427
SPI12,A,2020–2040,1,7900,0.8231445450277477
SPI12,A,2020–2040,1,8000,0.8231468666318345
SPI12,A,2020–2040,2,100,0.4875869610873174
SPI12,A,2020–2040,2,200,0.5580024783051782
SPI12,A,2020–2040,2,300,0.7379702680512584
SPI12,A,2020–2040,2,400,0.7520589385814616
SPI12,A,2020–2040,2,500,0.81158377198963
SPI12,A,2020–2040,2,600,0.8179001594461983
SPI12,A,2020–2040,2,700,0.8177730540872785
SPI12,A,2020–2040,2,800,0.8181619371965723
SPI12,A,2020–2040,2,900,0.8183223698036187
SPI12,A,2020–2040,2,1000,0.8186324648259028
SPI12,A,2020–2040,2,1100,0.8199192249505045
SPI12,A,2020–2040,2,1200,0.8202990246125912
SPI12,A,2020–2040,2,1300,0.8212169638657533
SPI12,A,2020–2040,2,1400,0.8213991564619468
SPI12,A,2020–2040,2,1500,0.8214018976717404
SPI12,A,2020–2040,2,1600,0.8215237146639641
SPI12,A,2020–2040,2,1700,0.8215347447579456
SPI12,A,2020–2040,2,1800,0.8220726868019904
SPI12,A,2020–2040,2,1900,0.8220933012232203
SPI12,A,2020–2040,2,2000,0.8221889508446171
SPI12,A,2020–2040,2,2100,0.8222120715818244
SPI12,A,2020–2040,2,2200,0.8223547326808598
SPI12,A,2020–2040,2,2300,0.8224008749922124
SPI12,A,2020–2040,2,2400,0.822454054001069
SPI12,A,2020–2040,2,2500,0.8226667043175138
SPI12,A,2020–2040,2,2600,0.8226674308706764
SPI12,A,2020–2040,2,2700,0.8226729933835782
SPI12,A,2020–2040,2,2800,0.8227071362617063
SPI12,A,2020–2040,2,2900,0.8227076017011566
SPI12,A,2020–2040,2,3000,0.8227074956557503
SPI12,A,2020–2040,2,3100,0.8227043616205989
SPI12,A,2020–2040,2,3200,0.8227621231867561
SPI12,A,2020–2040,2,3300,0.8227503322072514
SPI12,A,2020–2040,2,3400,0.8227365769622353
SPI12,A,2020–2040,2,3500,0.8227327675203469
SPI12,A,2020–2040,2,3600,0.8227588339172722
SPI12,A,2020–2040,2,3700,0.8228036458056636
SPI12,A,2020–2040,2,3800,0.8228035040123902
SPI12,A,2020–2040,2,3900,0.8228068891097188
SPI12,A,2020–2040,2,4000,0.8228519366842943
SPI12,A,2020–2040,2,4100,0.8228370668501014
SPI12,A,2020–2040,2,4200,0.8228907248100008
SPI12,A,2020–2040,2,4300,0.8228655404779484
SPI12,A,2020–2040,2,4400,0.8229004406565023
SPI12,A,2020–2040,2,4500,0.8229420242482368
SPI12,A,2020–2040,2,4600,0.8229905586163212
SPI12,A,2020–2040,2,4700,0.8229905907850358
SPI12,A,2020–2040,2,4800,0.8230136862170596
SPI12,A,2020–2040,2,4900,0.8230172014799068
SPI12,A,2020–2040,2,5000,0.8230221184788956
SPI12,A,2020–2040,2,5100,0.8230215270577346
SPI12,A,2020–2040,2,5200,0.8230215888046952
SPI12,A,2020–2040,2,5300,0.8230227456855526
SPI12,A,2020–2040,2,5400,0.8230286805867605
SPI12,A,2020–2040,2,5500,0.823016715691285
SPI12,A,2020–2040,2,5600,0.8229933012244509
SPI12,A,2020–2040,2,5700,0.8229980046431683
SPI12,A,2020–2040,2,5800,0.8230050313593142
SPI12,A,2020–2040,2,5900,0.823007409811282
SPI12,A,2020–2040,2,6000,0.8230658677775429
SPI12,A,2020–2040,2,6100,0.8230658677775429
SPI12,A,2020–2040,2,6200,0.8230667297572094
SPI12,A,2020–2040,2,6300,0.8230587588113994
SPI12,A,2020–2040,2,6400,0.8230531532118512
SPI12,A,2020–2040,2,6500,0.8230523641560641
SPI12,A,2020–2040,2,6600,0.8230261204697781
SPI12,A,2020–2040,2,6700,0.823026335972312
SPI12,A,2020–2040,2,6800,0.823026335972312
SPI12,A,2020–2040,2,6900,0.8230247420774254
SPI12,A,2020–2040,2,7000,0.8230262903199751
SPI12,A,2020–2040,2,7100,0.8230262903199751
SPI12,A,2020–2040,2,7200,0.8230262903199751
SPI12,A,2020–2040,2,7300,0.8230319873433286
SPI12,A,2020–2040,2,7400,0.8230319001159796
SPI12,A,2020–2040,2,7500,0.8230368149463251
SPI12,A,2020–2040,2,7600,0.8230480556559279
SPI12,A,2020–2040,2,7700,0.8230565773415811
SPI12,A,2020–2040,2,7800,0.823056606349253
SPI12,A,2020–2040,2,7900,0.8230709371440065
SPI12,A,2020–2040,2,8000,0.8230673421638557
SPI12,A,2020–2040,3,100,0.46601744950619695
SPI12,A,2020–2040,3,200,0.5054582208892158
SPI12,A,2020–2040,3,300,0.749363023128099
SPI12,A,2020–2040,3,400,0.7622126275138221
SPI12,A,2020–2040,3,500,0.8110143119746238
SPI12,A,2020–2040,3,600,0.8143015611700646
SPI12,A,2020–2040,3,700,0.8169299398458701
SPI12,A,2020–2040,3,800,0.8180291030765893
SPI12,A,2020–2040,3,900,0.8181591226990855
SPI12,A,2020–2040,3,1000,0.8199520583823481
SPI12,A,2020–2040,3,1100,0.8202713781666597
SPI12,A,2020–2040,3,1200,0.8207109141552483
SPI12,A,2020–2040,3,1300,0.8212829671167365
SPI12,A,2020–2040,3,1400,0.8215323553122331
SPI12,A,2020–2040,3,1500,0.82168329807783
SPI12,A,2020–2040,3,1600,0.8222491148296369
SPI12,A,2020–2040,3,1700,0.822299226122317
SPI12,A,2020–2040,3,1800,0.8223581796323183
SPI12,A,2020–2040,3,1900,0.8224872501122182
SPI12,A,2020–2040,3,2000,0.8225590115216608
SPI12,A,2020–2040,3,2100,0.8226052540702126
SPI12,A,2020–2040,3,2200,0.822608401754356
SPI12,A,2020–2040,3,2300,0.8225589077630993
SPI12,A,2020–2040,3,2400,0.8225784143500502
SPI12,A,2020–2040,3,2500,0.8226941246050579
SPI12,A,2020–2040,3,2600,0.8227378658717732
SPI12,A,2020–2040,3,2700,0.8227768151904643
SPI12,A,2020–2040,3,2800,0.8227582338411763
SPI12,A,2020–2040,3,2900,0.8227846710864275
SPI12,A,2020–2040,3,3000,0.8228149983297017
SPI12,A,2020–2040,3,3100,0.8228159303308676
SPI12,A,2020–2040,3,3200,0.822840295968278
SPI12,A,2020–2040,3,3300,0.8229469332273566
SPI12,A,2020–2040,3,3400,0.822897209515017
SPI12,A,2020–2040,3,3500,0.8229455806650448
SPI12,A,2020–2040,3,3600,0.8229770672918859
SPI12,A,2020–2040,3,3700,0.8229771650295754
SPI12,A,2020–2040,3,3800,0.822977619512061
SPI12,A,2020–2040,3,3900,0.8230030643732499
SPI12,A,2020–2040,3,4000,0.823001252856592
SPI12,A,2020–2040,3,4100,0.823033668193834
SPI12,A,2020–2040,3,4200,0.8230350289569577
SPI12,A,2020–2040,3,4300,0.8230354639250526
SPI12,A,2020–2040,3,4400,0.8230360898173519
SPI12,A,2020–2040,3,4500,0.8230316994830288
SPI12,A,2020–2040,3,4600,0.823027309430347
SPI12,A,2020–2040,3,4700,0.8230277027529145
SPI12,A,2020–2040,3,4800,0.8230348546568815
SPI12,A,2020–2040,3,4900,0.8230155832952443
SPI12,A,2020–2040,3,5000,0.8230143839160833
SPI12,A,2020–2040,3,5100,0.8230143839160833
SPI12,A,2020–2040,3,5200,0.8230134751732401
SPI12,A,2020–2040,3,5300,0.8230182502360571
SPI12,A,2020–2040,3,5400,0.8229579808182206
SPI12,A,2020–2040,3,5500,0.8229800469422186
SPI12,A,2020–2040,3,5600,0.8229793935041496
SPI12,A,2020–2040,3,5700,0.823039489857265
SPI12,A,2020–2040,3,5800,0.823032568827299
SPI12,A,2020–2040,3,5900,0.8230337490744366
SPI12,A,2020–2040,3,6000,0.8230451040734315
SPI12,A,2020–2040,3,6100,0.8230451040734315
SPI12,A,2020–2040,3,6200,0.8230451040734315
SPI12,A,2020–2040,3,6300,0.8230368213740278
SPI12,A,2020–2040,3,6400,0.8230372334082381
SPI12,A,2020–2040,3,6500,0.823071745638714
SPI12,A,2020–2040,3,6600,0.82307094612648
SPI12,A,2020–2040,3,6700,0.8230714397426584
SPI12,A,2020–2040,3,6800,0.8230719581794017
SPI12,A,2020–2040,3,6900,0.8230763505886086
SPI12,A,2020–2040,3,7000,0.8231072714956146
SPI12,A,2020–2040,3,7100,0.8231089533534848
SPI12,A,2020–2040,3,7200,0.8231088421615593
SPI12,A,2020–2040,3,7300,0.8231050324075189
SPI12,A,2020–2040,3,7400,0.8231013151592433
SPI12,A,2020–2040,3,7500,0.8230991853241667
SPI12,A,2020–2040,3,7600,0.8231008130614081
SPI12,A,2020–2040,3,7700,0.8231076235936459
SPI12,A,2020–2040,3,7800,0.8231045945472203
SPI12,A,2020–2040,3,7900,0.8231042716789964
SPI12,A,2020–2040,3,8000,0.8231042716789964
SPI12,A,2020–2040,4,100,0.5167122844547379
SPI12,A,2020–2040,4,200,0.5355957212745022
SPI12,A,2020–2040,4,300,0.798206373620159
SPI12,A,2020–2040,4,400,0.811073714483646
SPI12,A,2020–2040,4,500,0.8132517999253548
SPI12,A,2020–2040,4,600,0.8117018626400068
SPI12,A,2020–2040,4,700,0.8154102046081302
SPI12,A,2020–2040,4,800,0.8172286513811615
SPI12,A,2020–2040,4,900,0.8197263534319907
SPI12,A,2020–2040,4,1000,0.820279865835688
SPI12,A,2020–2040,4,1100,0.8207672799824623
SPI12,A,2020–2040,4,1200,0.8211582875407301
SPI12,A,2020–2040,4,1300,0.8221288673439693
SPI12,A,2020–2040,4,1400,0.8222680686269359
SPI12,A,2020–2040,4,1500,0.822296287648438
SPI12,A,2020–2040,4,1600,0.822386033618795
SPI12,A,2020–2040,4,1700,0.8224352764620887
SPI12,A,2020–2040,4,1800,0.8225388962282517
SPI12,A,2020–2040,4,1900,0.8225547054786491
SPI12,A,2020–2040,4,2000,0.8226453367121228
SPI12,A,2020–2040,4,2100,0.8226477944397503
SPI12,A,2020–2040,4,2200,0.8226806985375912
SPI12,A,2020–2040,4,2300,0.8226687068351174
SPI12,A,2020–2040,4,2400,0.8226605455004222
SPI12,A,2020–2040,4,2500,0.8226636560582867
SPI12,A,2020–2040,4,2600,0.8227581839258638
SPI12,A,2020–2040,4,2700,0.8227998045176161
SPI12,A,2020–2040,4,2800,0.8228461377694
SPI12,A,2020–2040,4,2900,0.8228490976118837
SPI12,A,2020–2040,4,3000,0.8229022110869173
SPI12,A,2020–2040,4,3100,0.8229670657933968
SPI12,A,2020–2040,4,3200,0.822978809276107
SPI12,A,2020–2040,4,3300,0.8230567308695063
SPI12,A,2020–2040,4,3400,0.8230683480947679
SPI12,A,2020–2040,4,3500,0.8230698865590091
SPI12,A,2020–2040,4,3600,0.8230863681019088
SPI12,A,2020–2040,4,3700,0.8230644386596975
SPI12,A,2020–2040,4,3800,0.8230581813256482
SPI12,A,2020–2040,4,3900,0.8230592468547587
SPI12,A,2020–2040,4,4000,0.8230559541898947
SPI12,A,2020–2040,4,4100,0.8230548564128685
SPI12,A,2020–2040,4,4200,0.8230553914091733
SPI12,A,2020–2040,4,4300,0.823068184280695
SPI12,A,2020–2040,4,4400,0.823076534412756
SPI12,A,2020–2040,4,4500,0.8230763921143687
SPI12,A,2020–2040,4,4600,0.8230977948364882
SPI12,A,2020–2040,4,4700,0.8230978847466444
SPI12,A,2020–2040,4,4800,0.8230975847989183
SPI12,A,2020–2040,4,4900,0.8231047872203779
SPI12,A,2020–2040,4,5000,0.8231115466316108
SPI12,A,2020–2040,4,5100,0.8231177414891295
SPI12,A,2020–2040,4,5200,0.8231184190864507
SPI12,A,2020–2040,4,5300,0.8231119131926099
SPI12,A,2020–2040,4,5400,0.8231159448610377
SPI12,A,2020–2040,4,5500,0.8231160096510657
SPI12,A,2020–2040,4,5600,0.8231162266120278
SPI12,A,2020–2040,4,5700,0.823118938085486
SPI12,A,2020–2040,4,5800,0.8231203867474755
SPI12,A,2020–2040,4,5900,0.8231364082583387
SPI12,A,2020–2040,4,6000,0.8231301161416898
SPI12,A,2020–2040,4,6100,0.823128364366597
SPI12,A,2020–2040,4,6200,0.8231285740310912
SPI12,A,2020–2040,4,6300,0.8231283645360532
SPI12,A,2020–2040,4,6400,0.8231275958499663
SPI12,A,2020–2040,4,6500,0.8231234671348393
SPI12,A,2020–2040,4,6600,0.8231018653159535
SPI12,A,2020–2040,4,6700,0.8231021606451863
SPI12,A,2020–2040,4,6800,0.823102749385784
SPI12,A,2020–2040,4,6900,0.823102749385784
SPI12,A,2020–2040,4,7000,0.823102749385784
SPI12,A,2020–2040,4,7100,0.8231032764995734
SPI12,A,2020–2040,4,7200,0.8230951128184167
SPI12,A,2020–2040,4,7300,0.8230951128184167
SPI12,A,2020–2040,4,7400,0.8230974324976359
SPI12,A,2020–2040,4,7500,0.8230952532948075
SPI12,A,2020–2040,4,7600,0.8230952724325038
SPI12,A,2020–2040,4,7700,0.8230952684837399
SPI12,A,2020–2040,4,7800,0.8230952684837399
SPI12,A,2020–2040,4,7900,0.8230947879963378
SPI12,A,2020–2040,4,8000,0.8230961601340726
SPI12,A,2020–2040,5,100,0.48802801476656243
SPI12,A,2020–2040,5,200,0.5103954347406997
SPI12,A,2020–2040,5,300,0.737463069444281
SPI12,A,2020–2040,5,400,0.7992521418733305
SPI12,A,2020–2040,5,500,0.8139129075072578
SPI12,A,2020–2040,5,600,0.8183103908662942
SPI12,A,2020–2040,5,700,0.81843334652662
SPI12,A,2020–2040,5,800,0.8190087607444444
SPI12,A,2020–2040,5,900,0.8200287698302189
SPI12,A,2020–2040,5,1000,0.8211664358911664
SPI12,A,2020–2040,5,1100,0.8215532624099772
SPI12,A,2020–2040,5,1200,0.8217149858456579
SPI12,A,2020–2040,5,1300,0.82220083747366
SPI12,A,2020–2040,5,1400,0.8224535409409285
SPI12,A,2020–2040,5,1500,0.8225874827103699
SPI12,A,2020–2040,5,1600,0.8225559849704803
SPI12,A,2020–2040,5,1700,0.8226377443055414
SPI12,A,2020–2040,5,1800,0.8227690668950663
SPI12,A,2020–2040,5,1900,0.8227794366963803
SPI12,A,2020–2040,5,2000,0.8226400406327767
SPI12,A,2020–2040,5,2100,0.8226892098221368
SPI12,A,2020–2040,5,2200,0.8228370449055034
SPI12,A,2020–2040,5,2300,0.8229144097366498
SPI12,A,2020–2040,5,2400,0.8229144097366498
SPI12,A,2020–2040,5,2500,0.822920214109412
SPI12,A,2020–2040,5,2600,0.8229713010671221
SPI12,A,2020–2040,5,2700,0.8229820219349029
SPI12,A,2020–2040,5,2800,0.8229946243013214
SPI12,A,2020–2040,5,2900,0.8230234092008796
SPI12,A,2020–2040,5,3000,0.8230158372038466
SPI12,A,2020–2040,5,3100,0.8230292056257205
SPI12,A,2020–2040,5,3200,0.8230223459897238
SPI12,A,2020–2040,5,3300,0.8230205540644057
SPI12,A,2020–2040,5,3400,0.8230273069555571
SPI12,A,2020–2040,5,3500,0.8230414799490162
SPI12,A,2020–2040,5,3600,0.82306686003527
SPI12,A,2020–2040,5,3700,0.8230633893638776
SPI12,A,2020–2040,5,3800,0.8230708214335898
SPI12,A,2020–2040,5,3900,0.8230568106727769
SPI12,A,2020–2040,5,4000,0.8230598786686897
SPI12,A,2020–2040,5,4100,0.8230615977239892
SPI12,A,2020–2040,5,4200,0.823056054973997
SPI12,A,2020–2040,5,4300,0.8230683868842803
SPI12,A,2020–2040,5,4400,0.8230624422511099
SPI12,A,2020–2040,5,4500,0.8230624422511099
SPI12,A,2020–2040,5,4600,0.8230962251650359
SPI12,A,2020–2040,5,4700,0.823064828602102
SPI12,A,2020–2040,5,4800,0.8230583473947393
SPI12,A,2020–2040,5,4900,0.8230571362548212
SPI12,A,2020–2040,5,5000,0.8230596937693678
SPI12,A,2020–2040,5,5100,0.8230630682711588
SPI12,A,2020–2040,5,5200,0.8230670306716849
SPI12,A,2020–2040,5,5300,0.8230684461396341
SPI12,A,2020–2040,5,5400,0.8230828358962414
SPI12,A,2020–2040,5,5500,0.8230828358962414
SPI12,A,2020–2040,5,5600,0.8231280385108499
SPI12,A,2020–2040,5,5700,0.8231303472278996
SPI12,A,2020–2040,5,5800,0.8231299306953707
SPI12,A,2020–2040,5,5900,0.8231376728783684
SPI12,A,2020–2040,5,6000,0.8231374323581597
SPI12,A,2020–2040,5,6100,0.8231397311869094
SPI12,A,2020–2040,5,6200,0.8231292021878049
SPI12,A,2020–2040,5,6300,0.8231292202514484
SPI12,A,2020–2040,5,6400,0.8231239546221133
SPI12,A,2020–2040,5,6500,0.8231262801636696
SPI12,A,2020–2040,5,6600,0.8231258548233442
SPI12,A,2020–2040,5,6700,0.8231258548233442
SPI12,A,2020–2040,5,6800,0.8231258548233442
SPI12,A,2020–2040,5,6900,0.8231369018835595
SPI12,A,2020–2040,5,7000,0.823143668559232
SPI12,A,2020–2040,5,7100,0.8231444142741903
SPI12,A,2020–2040,5,7200,0.8231371575260451
SPI12,A,2020–2040,5,7300,0.8231350230652194
SPI12,A,2020–2040,5,7400,0.8231331824583743
SPI12,A,2020–2040,5,7500,0.8231329866219479
SPI12,A,2020–2040,5,7600,0.8231330174234464
SPI12,A,2020–2040,5,7700,0.8231314761420849
SPI12,A,2020–2040,5,7800,0.8231406412707282
SPI12,A,2020–2040,5,7900,0.8231390485941731
SPI12,A,2020–2040,5,8000,0.8231394891537115
SPI12,A,2020–2040,6,100,0.5290625036926094
SPI12,A,2020–2040,6,200,0.5367346524158221
SPI12,A,2020–2040,6,300,0.720830424580187
SPI12,A,2020–2040,6,400,0.7436703637155191
SPI12,A,2020–2040,6,500,0.7688458847393328
SPI12,A,2020–2040,6,600,0.8163929115015014
SPI12,A,2020–2040,6,700,0.8179147754378127
SPI12,A,2020–2040,6,800,0.8188112388391771
SPI12,A,2020–2040,6,900,0.8195380594197936
SPI12,A,2020–2040,6,1000,0.8199714729902949
SPI12,A,2020–2040,6,1100,0.8210732812000965
SPI12,A,2020–2040,6,1200,0.8216794379835537
SPI12,A,2020–2040,6,1300,0.8218461878390478
SPI12,A,2020–2040,6,1400,0.8220235180971891
SPI12,A,2020–2040,6,1500,0.8221840331264538
SPI12,A,2020–2040,6,1600,0.8221547888231612
SPI12,A,2020–2040,6,1700,0.8225276302272507
SPI12,A,2020–2040,6,1800,0.8225542171541592
SPI12,A,2020–2040,6,1900,0.8226450949417212
SPI12,A,2020–2040,6,2000,0.8229572657772818
SPI12,A,2020–2040,6,2100,0.822948029987025
SPI12,A,2020–2040,6,2200,0.8229823665376069
SPI12,A,2020–2040,6,2300,0.823063928985305
SPI12,A,2020–2040,6,2400,0.8231049082456445
SPI12,A,2020–2040,6,2500,0.8230984851393967
SPI12,A,2020–2040,6,2600,0.8228925345745247
SPI12,A,2020–2040,6,2700,0.8228909348713234
SPI12,A,2020–2040,6,2800,0.8229312658266984
SPI12,A,2020–2040,6,2900,0.8229463905748412
SPI12,A,2020–2040,6,3000,0.8229409725965283
SPI12,A,2020–2040,6,3100,0.8229360809520795
SPI12,A,2020–2040,6,3200,0.8229618165799236
SPI12,A,2020–2040,6,3300,0.8229302138569785
SPI12,A,2020–2040,6,3400,0.8229422221551541
SPI12,A,2020–2040,6,3500,0.8229821870180881
SPI12,A,2020–2040,6,3600,0.8229909550317682
SPI12,A,2020–2040,6,3700,0.8230086241012091
SPI12,A,2020–2040,6,3800,0.8230138874993853
SPI12,A,2020–2040,6,3900,0.8230208920446793
SPI12,A,2020–2040,6,4000,0.8230229770911437
SPI12,A,2020–2040,6,4100,0.8230330558139153
SPI12,A,2020–2040,6,4200,0.8230315121392164
SPI12,A,2020–2040,6,4300,0.8229944192056657
SPI12,A,2020–2040,6,4400,0.8229958757681757
SPI12,A,2020–2040,6,4500,0.8229883034120634
SPI12,A,2020–2040,6,4600,0.823115883319024
SPI12,A,2020–2040,6,4700,0.8231178388956245
SPI12,A,2020–2040,6,4800,0.8231165726085986
SPI12,A,2020–2040,6,4900,0.8231171086454109
SPI12,A,2020–2040,6,5000,0.823125379121005
SPI12,A,2020–2040,6,5100,0.8231482030733568
SPI12,A,2020–2040,6,5200,0.8231382258732005
SPI12,A,2020–2040,6,5300,0.8231433378954345
SPI12,A,2020–2040,6,5400,0.823143907895078
SPI12,A,2020–2040,6,5500,0.8231445650275092
SPI12,A,2020–2040,6,5600,0.8231444598045334
SPI12,A,2020–2040,6,5700,0.8231417201671993
SPI12,A,2020–2040,6,5800,0.8231420901190705
SPI12,A,2020–2040,6,5900,0.8231420901190705
SPI12,A,2020–2040,6,6000,0.8231672979283267
SPI12,A,2020–2040,6,6100,0.8231666608130134
SPI12,A,2020–2040,6,6200,0.8231706628994383
SPI12,A,2020–2040,6,6300,0.8231689474435866
SPI12,A,2020–2040,6,6400,0.8231803349873215
SPI12,A,2020–2040,6,6500,0.8231803349873215
SPI12,A,2020–2040,6,6600,0.8231821127959645
SPI12,A,2020–2040,6,6700,0.823185859188098
SPI12,A,2020–2040,6,6800,0.8231862772983036
SPI12,A,2020–2040,6,6900,0.8231858007801159
SPI12,A,2020–2040,6,7000,0.8231968821916071
SPI12,A,2020–2040,6,7100,0.8231976042024903
SPI12,A,2020–2040,6,7200,0.823198670090933
SPI12,A,2020–2040,6,7300,0.8231988651104617
SPI12,A,2020–2040,6,7400,0.8231814841681515
SPI12,A,2020–2040,6,7500,0.8231762808614033
SPI12,A,2020–2040,6,7600,0.8231763210801468
SPI12,A,2020–2040,6,7700,0.8231763210801468
SPI12,A,2020–2040,6,7800,0.8231763295115583
SPI12,A,2020–2040,6,7900,0.8231739372958671
SPI12,A,2020–2040,6,8000,0.8231739372958671
SPI12,A,2020–2040,7,100,0.4829734461809919
SPI12,A,2020–2040,7,200,0.50723163205231
SPI12,A,2020–2040,7,300,0.725306194104838
SPI12,A,2020–2040,7,400,0.7768966799474862
SPI12,A,2020–2040,7,500,0.8087372564576246
SPI12,A,2020–2040,7,600,0.8145356883698538
SPI12,A,2020–2040,7,700,0.8180103730556295
SPI12,A,2020–2040,7,800,0.8189639923748115
SPI12,A,2020–2040,7,900,0.8195824193830308
SPI12,A,2020–2040,7,1000,0.8192356508997534
SPI12,A,2020–2040,7,1100,0.8198215128146809
SPI12,A,2020–2040,7,1200,0.820080103189474
SPI12,A,2020–2040,7,1300,0.8203070894811153
SPI12,A,2020–2040,7,1400,0.8203950519025943
SPI12,A,2020–2040,7,1500,0.8205398856851034
SPI12,A,2020–2040,7,1600,0.8207976654833835
SPI12,A,2020–2040,7,1700,0.8217350449288711
SPI12,A,2020–2040,7,1800,0.8217556357129173
SPI12,A,2020–2040,7,1900,0.8219001726936042
SPI12,A,2020–2040,7,2000,0.8219118984074831
SPI12,A,2020–2040,7,2100,0.8218780889915847
SPI12,A,2020–2040,7,2200,0.8220091544957979
SPI12,A,2020–2040,7,2300,0.8221176914452835
SPI12,A,2020–2040,7,2400,0.8221828817073098
SPI12,A,2020–2040,7,2500,0.8222216151898141
SPI12,A,2020–2040,7,2600,0.8223869762458869
SPI12,A,2020–2040,7,2700,0.82236410890426
SPI12,A,2020–2040,7,2800,0.8224143572731126
SPI12,A,2020–2040,7,2900,0.8223648498995126
SPI12,A,2020–2040,7,3000,0.8224970439321901
SPI12,A,2020–2040,7,3100,0.8225242737575129
SPI12,A,2020–2040,7,3200,0.8225294953625957
SPI12,A,2020–2040,7,3300,0.8224773591113475
SPI12,A,2020–2040,7,3400,0.8224807743248658
SPI12,A,2020–2040,7,3500,0.8225391144135176
SPI12,A,2020–2040,7,3600,0.8225437687711136
SPI12,A,2020–2040,7,3700,0.8225340580022498
SPI12,A,2020–2040,7,3800,0.8225236556031994
SPI12,A,2020–2040,7,3900,0.8225740501315856
SPI12,A,2020–2040,7,4000,0.8225915996804211
SPI12,A,2020–2040,7,4100,0.8225867833101058
SPI12,A,2020–2040,7,4200,0.8226048987569584
SPI12,A,2020–2040,7,4300,0.8226586010786063
SPI12,A,2020–2040,7,4400,0.8226618709171498
SPI12,A,2020–2040,7,4500,0.8227348806936124
SPI12,A,2020–2040,7,4600,0.8227645409106776
SPI12,A,2020–2040,7,4700,0.8227739766909542
SPI12,A,2020–2040,7,4800,0.8227728727928174
SPI12,A,2020–2040,7,4900,0.8227712151568971
SPI12,A,2020–2040,7,5000,0.8227679375071084
SPI12,A,2020–2040,7,5100,0.8227679375071084
SPI12,A,2020–2040,7,5200,0.8227685710455057
SPI12,A,2020–2040,7,5300,0.8227736339517391
SPI12,A,2020–2040,7,5400,0.8227656761951241
SPI12,A,2020–2040,7,5500,0.8227803018391476
SPI12,A,2020–2040,7,5600,0.8227807761457065
SPI12,A,2020–2040,7,5700,0.8227810305822081
SPI12,A,2020–2040,7,5800,0.8228822007728587
SPI12,A,2020–2040,7,5900,0.8229037187069483
SPI12,A,2020–2040,7,6000,0.8229224500966712
SPI12,A,2020–2040,7,6100,0.8229117857321276
SPI12,A,2020–2040,7,6200,0.8229086470409903
SPI12,A,2020–2040,7,6300,0.8229113682506165
SPI12,A,2020–2040,7,6400,0.8229113682506165
SPI12,A,2020–2040,7,6500,0.8229102139588405
SPI12,A,2020–2040,7,6600,0.8229165688613415
SPI12,A,2020–2040,7,6700,0.8229182689972435
SPI12,A,2020–2040,7,6800,0.8229258622702161
SPI12,A,2020–2040,7,6900,0.8229181982159121
SPI12,A,2020–2040,7,7000,0.8229242173811451
SPI12,A,2020–2040,7,7100,0.8229261537720507
SPI12,A,2020–2040,7,7200,0.8229351224029013
SPI12,A,2020–2040,7,7300,0.8229421514726926
SPI12,A,2020–2040,7,7400,0.8229475684967742
SPI12,A,2020–2040,7,7500,0.82295025244106
SPI12,A,2020–2040,7,7600,0.8229502536641019
SPI12,A,2020–2040,7,7700,0.8229573007041286
SPI12,A,2020–2040,7,7800,0.8229531676327947
SPI12,A,2020–2040,7,7900,0.8229630993870715
SPI12,A,2020–2040,7,8000,0.8229616073934813
SPI12,B,2080–2100,1,100,0.17490887415527123
SPI12,B,2080–2100,1,200,0.20131132828785384
SPI12,B,2080–2100,1,300,0.27070115308798876
SPI12,B,2080–2100,1,400,0.27567726969350104
SPI12,B,2080–2100,1,500,0.27874891575547045
SPI12,B,2080–2100,1,600,0.27999216617745
SPI12,B,2080–2100,1,700,0.28559461139957865
SPI12,B,2080–2100,1,800,0.2882060937067814
SPI12,B,2080–2100,1,900,0.28893294625135363
SPI12,B,2080–2100,1,1000,0.2896062230342
SPI12,B,2080–2100,1,1100,0.29063669248514434
SPI12,B,2080–2100,1,1200,0.29069428969233546
SPI12,B,2080–2100,1,1300,0.29113068982823515
SPI12,B,2080–2100,1,1400,0.29621288675181534
SPI12,B,2080–2100,1,1500,0.29913023550423135
SPI12,B,2080–2100,1,1600,0.29959244063848145
SPI12,B,2080–2100,1,1700,0.299644501865602
SPI12,B,2080–2100,1,1800,0.3000990842380732
SPI12,B,2080–2100,1,1900,0.300162565308058
SPI12,B,2080–2100,1,2000,0.30033726405483274
SPI12,B,2080–2100,1,2100,0.3003911165412306
SPI12,B,2080–2100,1,2200,0.3004572585418396
SPI12,B,2080–2100,1,2300,0.3005530345944005
SPI12,B,2080–2100,1,2400,0.30082639023134133
SPI12,B,2080–2100,1,2500,0.3008202419983282
SPI12,B,2080–2100,1,2600,0.30086962321294763
SPI12,B,2080–2100,1,2700,0.30102925562008603
SPI12,B,2080–2100,1,2800,0.3011037634688945
SPI12,B,2080–2100,1,2900,0.3011008055489708
SPI12,B,2080–2100,1,3000,0.30109960861137636
SPI12,B,2080–2100,1,3100,0.3011025633306672
SPI12,B,2080–2100,1,3200,0.3011494624596125
SPI12,B,2080–2100,1,3300,0.3011785180500135
SPI12,B,2080–2100,1,3400,0.30125548605190117
SPI12,B,2080–2100,1,3500,0.3012964561712161
SPI12,B,2080–2100,1,3600,0.3013234889308903
SPI12,B,2080–2100,1,3700,0.301372090756819
SPI12,B,2080–2100,1,3800,0.30139664695404794
SPI12,B,2080–2100,1,3900,0.3014034812612742
SPI12,B,2080–2100,1,4000,0.3014110436733965
SPI12,B,2080–2100,1,4100,0.301403282408545
SPI12,B,2080–2100,1,4200,0.3014150967229963
SPI12,B,2080–2100,1,4300,0.30145086952914396
SPI12,B,2080–2100,1,4400,0.3014582109875401
SPI12,B,2080–2100,1,4500,0.3014864199544822
SPI12,B,2080–2100,1,4600,0.3014884687279329
SPI12,B,2080–2100,1,4700,0.301491613642712
SPI12,B,2080–2100,1,4800,0.30152787908441636
SPI12,B,2080–2100,1,4900,0.30155799871973665
SPI12,B,2080–2100,1,5000,0.30152845596954403
SPI12,B,2080–2100,1,5100,0.301525368287432
SPI12,B,2080–2100,1,5200,0.30152699666565724
SPI12,B,2080–2100,1,5300,0.3015464298975815
SPI12,B,2080–2100,1,5400,0.30154602257015994
SPI12,B,2080–2100,1,5500,0.3015380664935181
SPI12,B,2080–2100,1,5600,0.30154349820480164
SPI12,B,2080–2100,1,5700,0.30154109733394985
SPI12,B,2080–2100,1,5800,0.30155787430123926
SPI12,B,2080–2100,1,5900,0.3015633695105782
SPI12,B,2080–2100,1,6000,0.3015624021666038
SPI12,B,2080–2100,1,6100,0.30157183884957744
SPI12,B,2080–2100,1,6200,0.30157773650725694
SPI12,B,2080–2100,1,6300,0.3015796996812562
SPI12,B,2080–2100,1,6400,0.3015874337616779
SPI12,B,2080–2100,1,6500,0.30159658393650773
SPI12,B,2080–2100,1,6600,0.3016186417625237
SPI12,B,2080–2100,1,6700,0.3016145135191279
SPI12,B,2080–2100,1,6800,0.3016104786591579
SPI12,B,2080–2100,1,6900,0.3016054751420532
SPI12,B,2080–2100,1,7000,0.30160806571348986
SPI12,B,2080–2100,1,7100,0.30161851534673245
SPI12,B,2080–2100,1,7200,0.3016168459805318
SPI12,B,2080–2100,1,7300,0.30161923222180853
SPI12,B,2080–2100,1,7400,0.30161985981293776
SPI12,B,2080–2100,1,7500,0.301619533648471
SPI12,B,2080–2100,1,7600,0.3016315929046389
SPI12,B,2080–2100,1,7700,0.3016327090166493
SPI12,B,2080–2100,1,7800,0.30162592605225025
SPI12,B,2080–2100,1,7900,0.30162674769124015
SPI12,B,2080–2100,1,8000,0.3016317365221129
SPI12,B,2080–2100,2,100,0.15921694250734014
SPI12,B,2080–2100,2,200,0.16886922759569173
SPI12,B,2080–2100,2,300,0.21555782835880066
SPI12,B,2080–2100,2,400,0.22742938105604305
SPI12,B,2080–2100,2,500,0.24536688697109288
SPI12,B,2080–2100,2,600,0.25655111114036483
SPI12,B,2080–2100,2,700,0.2925051551895857
SPI12,B,2080–2100,2,800,0.29409485284440023
SPI12,B,2080–2100,2,900,0.2959275359022621
SPI12,B,2080–2100,2,1000,0.29669152786800107
SPI12,B,2080–2100,2,1100,0.29916981295733264
SPI12,B,2080–2100,2,1200,0.2993882888474897
SPI12,B,2080–2100,2,1300,0.29973071264688816
SPI12,B,2080–2100,2,1400,0.3000202639503195
SPI12,B,2080–2100,2,1500,0.3002521885109068
SPI12,B,2080–2100,2,1600,0.30013829226131905
SPI12,B,2080–2100,2,1700,0.30040714144555036
SPI12,B,2080–2100,2,1800,0.3005482870994984
SPI12,B,2080–2100,2,1900,0.30062352476033644
SPI12,B,2080–2100,2,2000,0.3007445916484883
SPI12,B,2080–2100,2,2100,0.3008822365649083
SPI12,B,2080–2100,2,2200,0.30094207501908454
SPI12,B,2080–2100,2,2300,0.3009659853226347
SPI12,B,2080–2100,2,2400,0.30098519686719455
SPI12,B,2080–2100,2,2500,0.30109705788611196
SPI12,B,2080–2100,2,2600,0.3011699051808453
SPI12,B,2080–2100,2,2700,0.30120158231701005
SPI12,B,2080–2100,2,2800,0.3012821109149849
SPI12,B,2080–2100,2,2900,0.30128235733416264
SPI12,B,2080–2100,2,3000,0.3013027810855835
SPI12,B,2080–2100,2,3100,0.3013027810855835
SPI12,B,2080–2100,2,3200,0.3013328917227803
SPI12,B,2080–2100,2,3300,0.30134043427951707
SPI12,B,2080–2100,2,3400,0.3013558447208373
SPI12,B,2080–2100,2,3500,0.30137373237330145
SPI12,B,2080–2100,2,3600,0.30136896451691164
SPI12,B,2080–2100,2,3700,0.3013643329478441
SPI12,B,2080–2100,2,3800,0.30138211762537614
SPI12,B,2080–2100,2,3900,0.30150682445913507
SPI12,B,2080–2100,2,4000,0.30151115402803885
SPI12,B,2080–2100,2,4100,0.30153485317435796
SPI12,B,2080–2100,2,4200,0.30153179281185816
SPI12,B,2080–2100,2,4300,0.3015298811949383
SPI12,B,2080–2100,2,4400,0.3015403705582009
SPI12,B,2080–2100,2,4500,0.3015372840691162
SPI12,B,2080–2100,2,4600,0.3015481422872731
SPI12,B,2080–2100,2,4700,0.3015438246054996
SPI12,B,2080–2100,2,4800,0.30154641954629763
SPI12,B,2080–2100,2,4900,0.30154124030962515
SPI12,B,2080–2100,2,5000,0.30153718858970535
SPI12,B,2080–2100,2,5100,0.3015401880865799
SPI12,B,2080–2100,2,5200,0.3015647972988865
SPI12,B,2080–2100,2,5300,0.30157958880193475
SPI12,B,2080–2100,2,5400,0.3015813612749176
SPI12,B,2080–2100,2,5500,0.30158048359226053
SPI12,B,2080–2100,2,5600,0.3015583394970033
SPI12,B,2080–2100,2,5700,0.3015583394970033
SPI12,B,2080–2100,2,5800,0.30155866966581013
SPI12,B,2080–2100,2,5900,0.30155866966581013
SPI12,B,2080–2100,2,6000,0.3015679663619447
SPI12,B,2080–2100,2,6100,0.30157118313960724
SPI12,B,2080–2100,2,6200,0.3015715940315487
SPI12,B,2080–2100,2,6300,0.3015733727546043
SPI12,B,2080–2100,2,6400,0.3015742418796237
SPI12,B,2080–2100,2,6500,0.30156698424336004
SPI12,B,2080–2100,2,6600,0.3015688926141173
SPI12,B,2080–2100,2,6700,0.3015720743411378
SPI12,B,2080–2100,2,6800,0.3015734312725296
SPI12,B,2080–2100,2,6900,0.3015718308445363
SPI12,B,2080–2100,2,7000,0.3015695653945478
SPI12,B,2080–2100,2,7100,0.3015719944056073
SPI12,B,2080–2100,2,7200,0.3015719944056073
SPI12,B,2080–2100,2,7300,0.30156610467448985
SPI12,B,2080–2100,2,7400,0.3015833260544115
SPI12,B,2080–2100,2,7500,0.30158371277968504
SPI12,B,2080–2100,2,7600,0.3015845871184164
SPI12,B,2080–2100,2,7700,0.30158577249253404
SPI12,B,2080–2100,2,7800,0.3015908433559906
SPI12,B,2080–2100,2,7900,0.3015960336228095
SPI12,B,2080–2100,2,8000,0.30159646615625274
SPI12,B,2080–2100,3,100,0.1432856780650783
SPI12,B,2080–2100,3,200,0.16298270098987877
SPI12,B,2080–2100,3,300,0.2204748729108777
SPI12,B,2080–2100,3,400,0.2827092052213869
SPI12,B,2080–2100,3,500,0.28484696291242867
SPI12,B,2080–2100,3,600,0.2899862799341343
SPI12,B,2080–2100,3,700,0.2920787666450053
SPI12,B,2080–2100,3,800,0.2934343362023206
SPI12,B,2080–2100,3,900,0.29387340260538436
SPI12,B,2080–2100,3,1000,0.29827872006738876
SPI12,B,2080–2100,3,1100,0.29848356602109627
SPI12,B,2080–2100,3,1200,0.29875376555924094
SPI12,B,2080–2100,3,1300,0.2990146890103329
SPI12,B,2080–2100,3,1400,0.2995244330741547
SPI12,B,2080–2100,3,1500,0.29955083249191994
SPI12,B,2080–2100,3,1600,0.3001158992240711
SPI12,B,2080–2100,3,1700,0.3001818488122172
SPI12,B,2080–2100,3,1800,0.30030344980991164
SPI12,B,2080–2100,3,1900,0.30039816337835334
SPI12,B,2080–2100,3,2000,0.30057288754270384
SPI12,B,2080–2100,3,2100,0.3006548864603672
SPI12,B,2080–2100,3,2200,0.30090330236706336
SPI12,B,2080–2100,3,2300,0.300747569237471
SPI12,B,2080–2100,3,2400,0.30079827942320253
SPI12,B,2080–2100,3,2500,0.30080800178702594
SPI12,B,2080–2100,3,2600,0.300795559889462
SPI12,B,2080–2100,3,2700,0.3007812119569351
SPI12,B,2080–2100,3,2800,0.30082320376173083
SPI12,B,2080–2100,3,2900,0.30084381077347394
SPI12,B,2080–2100,3,3000,0.30095748389710575
SPI12,B,2080–2100,3,3100,0.3009954116381153
SPI12,B,2080–2100,3,3200,0.3009721809101088
SPI12,B,2080–2100,3,3300,0.3010149746041766
SPI12,B,2080–2100,3,3400,0.301025905562786
SPI12,B,2080–2100,3,3500,0.30105423579264584
SPI12,B,2080–2100,3,3600,0.3014311391087467
SPI12,B,2080–2100,3,3700,0.3014452652969814
SPI12,B,2080–2100,3,3800,0.3014608788299471
SPI12,B,2080–2100,3,3900,0.3014616999593285
SPI12,B,2080–2100,3,4000,0.30145705590578376
SPI12,B,2080–2100,3,4100,0.3014937704261189
SPI12,B,2080–2100,3,4200,0.30152110523792724
SPI12,B,2080–2100,3,4300,0.30154050316935244
SPI12,B,2080–2100,3,4400,0.30153157317605056
SPI12,B,2080–2100,3,4500,0.30156566548352504
SPI12,B,2080–2100,3,4600,0.3015920867200733
SPI12,B,2080–2100,3,4700,0.30160435970073723
SPI12,B,2080–2100,3,4800,0.3016069514993677
SPI12,B,2080–2100,3,4900,0.3015701772027721
SPI12,B,2080–2100,3,5000,0.3015788647001194
SPI12,B,2080–2100,3,5100,0.3015839170381437
SPI12,B,2080–2100,3,5200,0.3015235648201213
SPI12,B,2080–2100,3,5300,0.3015319174447216
SPI12,B,2080–2100,3,5400,0.3015242574067075
SPI12,B,2080–2100,3,5500,0.30151357604387374
SPI12,B,2080–2100,3,5600,0.3015108860906166
SPI12,B,2080–2100,3,5700,0.3015067821189047
SPI12,B,2080–2100,3,5800,0.301520691555285
SPI12,B,2080–2100,3,5900,0.30152096792677424
SPI12,B,2080–2100,3,6000,0.30152746302891686
SPI12,B,2080–2100,3,6100,0.3015341999030976
SPI12,B,2080–2100,3,6200,0.3015378798885804
SPI12,B,2080–2100,3,6300,0.3015389131351645
SPI12,B,2080–2100,3,6400,0.30153319877327994
SPI12,B,2080–2100,3,6500,0.30154461626558837
SPI12,B,2080–2100,3,6600,0.3015539859254604
SPI12,B,2080–2100,3,6700,0.30157713011291504
SPI12,B,2080–2100,3,6800,0.3015773053974843
SPI12,B,2080–2100,3,6900,0.3015773010752073
SPI12,B,2080–2100,3,7000,0.3015835005506263
SPI12,B,2080–2100,3,7100,0.30158315232327026
SPI12,B,2080–2100,3,7200,0.3015844940287127
SPI12,B,2080–2100,3,7300,0.3015719880209241
SPI12,B,2080–2100,3,7400,0.30158253854484013
SPI12,B,2080–2100,3,7500,0.3015844579280877
SPI12,B,2080–2100,3,7600,0.30158742632062746
SPI12,B,2080–2100,3,7700,0.30158772302150244
SPI12,B,2080–2100,3,7800,0.30159699627165365
SPI12,B,2080–2100,3,7900,0.3015966272972969
SPI12,B,2080–2100,3,8000,0.3015966272972969
SPI12,B,2080–2100,4,100,0.16468982551137945
SPI12,B,2080–2100,4,200,0.16865232643175807
SPI12,B,2080–2100,4,300,0.1995467112207181
SPI12,B,2080–2100,4,400,0.22272013682713068
SPI12,B,2080–2100,4,500,0.24664045803854925
SPI12,B,2080–2100,4,600,0.2658910423484324
SPI12,B,2080–2100,4,700,0.29340598916463095
SPI12,B,2080–2100,4,800,0.2971917959607002
SPI12,B,2080–2100,4,900,0.2984799165943585
SPI12,B,2080–2100,4,1000,0.298762358209076
SPI12,B,2080–2100,4,1100,0.29921455989190515
SPI12,B,2080–2100,4,1200,0.2993337361811772
SPI12,B,2080–2100,4,1300,0.29977512106420656
SPI12,B,2080–2100,4,1400,0.29996084600775264
SPI12,B,2080–2100,4,1500,0.30046460504076944
SPI12,B,2080–2100,4,1600,0.30046182554532996
SPI12,B,2080–2100,4,1700,0.3007870876188954
SPI12,B,2080–2100,4,1800,0.3010023322543017
SPI12,B,2080–2100,4,1900,0.30110858267608864
SPI12,B,2080–2100,4,2000,0.30121719411620423
SPI12,B,2080–2100,4,2100,0.3012236320293601
SPI12,B,2080–2100,4,2200,0.30136144264597803
SPI12,B,2080–2100,4,2300,0.30125166049561014
SPI12,B,2080–2100,4,2400,0.3012270283515868
SPI12,B,2080–2100,4,2500,0.30125256798227734
SPI12,B,2080–2100,4,2600,0.3012067645701563
SPI12,B,2080–2100,4,2700,0.30126387443471053
SPI12,B,2080–2100,4,2800,0.30125724006200527
SPI12,B,2080–2100,4,2900,0.30133582136326154
SPI12,B,2080–2100,4,3000,0.3014185065179815
SPI12,B,2080–2100,4,3100,0.3014260383011552
SPI12,B,2080–2100,4,3200,0.30142432056592655
SPI12,B,2080–2100,4,3300,0.3014396419477397
SPI12,B,2080–2100,4,3400,0.30144009152430123
SPI12,B,2080–2100,4,3500,0.30148872066715326
SPI12,B,2080–2100,4,3600,0.30149232582541396
SPI12,B,2080–2100,4,3700,0.30144618097720577
SPI12,B,2080–2100,4,3800,0.30145925455034633
SPI12,B,2080–2100,4,3900,0.30147465275864016
SPI12,B,2080–2100,4,4000,0.30149414513812584
SPI12,B,2080–2100,4,4100,0.30152398340753933
SPI12,B,2080–2100,4,4200,0.3015435046196169
SPI12,B,2080–2100,4,4300,0.3015394527036101
SPI12,B,2080–2100,4,4400,0.30154642737677917
SPI12,B,2080–2100,4,4500,0.30154603183771084
SPI12,B,2080–2100,4,4600,0.3015632984130917
SPI12,B,2080–2100,4,4700,0.30156605644189494
SPI12,B,2080–2100,4,4800,0.3015804427908214
SPI12,B,2080–2100,4,4900,0.30159828017682405
SPI12,B,2080–2100,4,5000,0.301590044817973
SPI12,B,2080–2100,4,5100,0.30159509684372543
SPI12,B,2080–2100,4,5200,0.30160021633296197
SPI12,B,2080–2100,4,5300,0.3015870961526762
SPI12,B,2080–2100,4,5400,0.3016083395783792
SPI12,B,2080–2100,4,5500,0.3016419714365355
SPI12,B,2080–2100,4,5600,0.3016437349033559
SPI12,B,2080–2100,4,5700,0.30164608417261674
SPI12,B,2080–2100,4,5800,0.30164837213696183
SPI12,B,2080–2100,4,5900,0.30164735478413046
SPI12,B,2080–2100,4,6000,0.3015978458323272
SPI12,B,2080–2100,4,6100,0.30159394425036307
SPI12,B,2080–2100,4,6200,0.3015904831346854
SPI12,B,2080–2100,4,6300,0.3015900750590018
SPI12,B,2080–2100,4,6400,0.30159774460809996
SPI12,B,2080–2100,4,6500,0.30160735558787816
SPI12,B,2080–2100,4,6600,0.3016095841845734
SPI12,B,2080–2100,4,6700,0.3016128601028311
SPI12,B,2080–2100,4,6800,0.3016129116095522
SPI12,B,2080–2100,4,6900,0.30163076350477713
SPI12,B,2080–2100,4,7000,0.3016107048022663
SPI12,B,2080–2100,4,7100,0.3016127786900539
SPI12,B,2080–2100,4,7200,0.3016210558681722
SPI12,B,2080–2100,4,7300,0.30162177582249855
SPI12,B,2080–2100,4,7400,0.301623072818085
SPI12,B,2080–2100,4,7500,0.30162351082971023
SPI12,B,2080–2100,4,7600,0.3016244353600437
SPI12,B,2080–2100,4,7700,0.301625271779974
SPI12,B,2080–2100,4,7800,0.3016252506553586
SPI12,B,2080–2100,4,7900,0.3016273082083689
SPI12,B,2080–2100,4,8000,0.3016281307835345
SPI12,B,2080–2100,5,100,0.16995010318125103
SPI12,B,2080–2100,5,200,0.18008713460114512
SPI12,B,2080–2100,5,300,0.2228456666685137
SPI12,B,2080–2100,5,400,0.2441313849484954
SPI12,B,2080–2100,5,500,0.25696183094834696
SPI12,B,2080–2100,5,600,0.25768896247528883
SPI12,B,2080–2100,5,700,0.26809180693037965
SPI12,B,2080–2100,5,800,0.29022396344398055
SPI12,B,2080–2100,5,900,0.29183733134859746
SPI12,B,2080–2100,5,1000,0.2927555238651888
SPI12,B,2080–2100,5,1100,0.29648750942662977
SPI12,B,2080–2100,5,1200,0.2970650995487921
SPI12,B,2080–2100,5,1300,0.2971049599733565
SPI12,B,2080–2100,5,1400,0.2979946681634097
SPI12,B,2080–2100,5,1500,0.29841697244940824
SPI12,B,2080–2100,5,1600,0.3001008215145423
SPI12,B,2080–2100,5,1700,0.3003102877808428
SPI12,B,2080–2100,5,1800,0.3006840839569277
SPI12,B,2080–2100,5,1900,0.3006980531700864
SPI12,B,2080–2100,5,2000,0.3009645506593366
SPI12,B,2080–2100,5,2100,0.30098639057307036
SPI12,B,2080–2100,5,2200,0.30101217263679236
SPI12,B,2080–2100,5,2300,0.301052016208914
SPI12,B,2080–2100,5,2400,0.30114284701673544
SPI12,B,2080–2100,5,2500,0.30118711975483464
SPI12,B,2080–2100,5,2600,0.30126906077528987
SPI12,B,2080–2100,5,2700,0.30127772757500515
SPI12,B,2080–2100,5,2800,0.3012867833869158
SPI12,B,2080–2100,5,2900,0.3013026035415384
SPI12,B,2080–2100,5,3000,0.3014338155262477
SPI12,B,2080–2100,5,3100,0.3014401515831559
SPI12,B,2080–2100,5,3200,0.3014639137041896
SPI12,B,2080–2100,5,3300,0.30147169990668143
SPI12,B,2080–2100,5,3400,0.3013358847907003
SPI12,B,2080–2100,5,3500,0.3013458852615015
SPI12,B,2080–2100,5,3600,0.3013833948699681
SPI12,B,2080–2100,5,3700,0.30138763122436074
SPI12,B,2080–2100,5,3800,0.30145770795468707
SPI12,B,2080–2100,5,3900,0.3015157465864726
SPI12,B,2080–2100,5,4000,0.3015083178297523
SPI12,B,2080–2100,5,4100,0.3015044164950996
SPI12,B,2080–2100,5,4200,0.30151603744691274
SPI12,B,2080–2100,5,4300,0.3015319996897672
SPI12,B,2080–2100,5,4400,0.30154657717208605
SPI12,B,2080–2100,5,4500,0.30155854841117136
SPI12,B,2080–2100,5,4600,0.30158938561667603
SPI12,B,2080–2100,5,4700,0.30159713575314684
SPI12,B,2080–2100,5,4800,0.30159713575314684
SPI12,B,2080–2100,5,4900,0.30159913029140106
SPI12,B,2080–2100,5,5000,0.3016021711107488
SPI12,B,2080–2100,5,5100,0.3016079858360101
SPI12,B,2080–2100,5,5200,0.30161389276073003
SPI12,B,2080–2100,5,5300,0.30162304431919673
SPI12,B,2080–2100,5,5400,0.30162370909509384
SPI12,B,2080–2100,5,5500,0.3016209532323283
SPI12,B,2080–2100,5,5600,0.3016221107008683
SPI12,B,2080–2100,5,5700,0.30161604940505304
SPI12,B,2080–2100,5,5800,0.30161303363637226
SPI12,B,2080–2100,5,5900,0.3016126977656505
SPI12,B,2080–2100,5,6000,0.3016128887320755
SPI12,B,2080–2100,5,6100,0.3016136948978331
SPI12,B,2080–2100,5,6200,0.30161791317430786
SPI12,B,2080–2100,5,6300,0.3016175086586427
SPI12,B,2080–2100,5,6400,0.30161477440004325
SPI12,B,2080–2100,5,6500,0.3016385500442548
SPI12,B,2080–2100,5,6600,0.3016382251125853
SPI12,B,2080–2100,5,6700,0.3016381491879062
SPI12,B,2080–2100,5,6800,0.3016481220019316
SPI12,B,2080–2100,5,6900,0.30164967145101057
SPI12,B,2080–2100,5,7000,0.30164967145101057
SPI12,B,2080–2100,5,7100,0.3016498922910485
SPI12,B,2080–2100,5,7200,0.301647613987821
SPI12,B,2080–2100,5,7300,0.30164895318300616
SPI12,B,2080–2100,5,7400,0.3016123526060859
SPI12,B,2080–2100,5,7500,0.3016153743330718
SPI12,B,2080–2100,5,7600,0.3016188383310368
SPI12,B,2080–2100,5,7700,0.30163190412225394
SPI12,B,2080–2100,5,7800,0.3016339468985824
SPI12,B,2080–2100,5,7900,0.30163059932400804
SPI12,B,2080–2100,5,8000,0.30163181899509706
SPI12,B,2080–2100,6,100,0.15695586808463768
SPI12,B,2080–2100,6,200,0.16989695231980936
SPI12,B,2080–2100,6,300,0.21755811067997916
SPI12,B,2080–2100,6,400,0.23941706784906408
SPI12,B,2080–2100,6,500,0.2452810766167141
SPI12,B,2080–2100,6,600,0.28579465644153296
SPI12,B,2080–2100,6,700,0.2869415030202159
SPI12,B,2080–2100,6,800,0.28958248465529757
SPI12,B,2080–2100,6,900,0.2967484706616683
SPI12,B,2080–2100,6,1000,0.2990950767549003
SPI12,B,2080–2100,6,1100,0.29948635980007154
SPI12,B,2080–2100,6,1200,0.29956567092980796
SPI12,B,2080–2100,6,1300,0.2996987015881793
SPI12,B,2080–2100,6,1400,0.30032053982341644
SPI12,B,2080–2100,6,1500,0.3003592936592687
SPI12,B,2080–2100,6,1600,0.30041587290530547
SPI12,B,2080–2100,6,1700,0.30059342185043225
SPI12,B,2080–2100,6,1800,0.3005209752617401
SPI12,B,2080–2100,6,1900,0.30063492972520417
SPI12,B,2080–2100,6,2000,0.3006288474248218
SPI12,B,2080–2100,6,2100,0.3008159447307035
SPI12,B,2080–2100,6,2200,0.3008655794303972
SPI12,B,2080–2100,6,2300,0.3009018970565357
SPI12,B,2080–2100,6,2400,0.30100612743761435
SPI12,B,2080–2100,6,2500,0.3010031989422115
SPI12,B,2080–2100,6,2600,0.30118270630651883
SPI12,B,2080–2100,6,2700,0.3012101098815688
SPI12,B,2080–2100,6,2800,0.30131304686719473
SPI12,B,2080–2100,6,2900,0.30134985555605587
SPI12,B,2080–2100,6,3000,0.30132981850693175
SPI12,B,2080–2100,6,3100,0.30133827998855217
SPI12,B,2080–2100,6,3200,0.30133999788943155
SPI12,B,2080–2100,6,3300,0.3013643149791342
SPI12,B,2080–2100,6,3400,0.3013890002463308
SPI12,B,2080–2100,6,3500,0.3013919056315951
SPI12,B,2080–2100,6,3600,0.30141336224762594
SPI12,B,2080–2100,6,3700,0.30142235498529235
SPI12,B,2080–2100,6,3800,0.30145150257902426
SPI12,B,2080–2100,6,3900,0.3014624836386021
SPI12,B,2080–2100,6,4000,0.30145846775926405
SPI12,B,2080–2100,6,4100,0.3014655703024756
SPI12,B,2080–2100,6,4200,0.3014857216095347
SPI12,B,2080–2100,6,4300,0.30149390419567457
SPI12,B,2080–2100,6,4400,0.30151330272092663
SPI12,B,2080–2100,6,4500,0.301519168962582
SPI12,B,2080–2100,6,4600,0.30152335956074516
SPI12,B,2080–2100,6,4700,0.3015459492204218
SPI12,B,2080–2100,6,4800,0.3015410565363245
SPI12,B,2080–2100,6,4900,0.30154554176931836
SPI12,B,2080–2100,6,5000,0.301545242588254
SPI12,B,2080–2100,6,5100,0.3015567949113217
SPI12,B,2080–2100,6,5200,0.3015585960275074
SPI12,B,2080–2100,6,5300,0.3015623807858421
SPI12,B,2080–2100,6,5400,0.30156399140923745
SPI12,B,2080–2100,6,5500,0.30156495162451713
SPI12,B,2080–2100,6,5600,0.30156780453305565
SPI12,B,2080–2100,6,5700,0.3015669767588403
SPI12,B,2080–2100,6,5800,0.3015656343528143
SPI12,B,2080–2100,6,5900,0.30156594263478403
SPI12,B,2080–2100,6,6000,0.3015676727191634
SPI12,B,2080–2100,6,6100,0.30157500288654704
SPI12,B,2080–2100,6,6200,0.3015725919440977
SPI12,B,2080–2100,6,6300,0.30157249178231904
SPI12,B,2080–2100,6,6400,0.30157249178231904
SPI12,B,2080–2100,6,6500,0.3015754124612621
SPI12,B,2080–2100,6,6600,0.30157517594678357
SPI12,B,2080–2100,6,6700,0.3015766575351782
SPI12,B,2080–2100,6,6800,0.3015766575351782
SPI12,B,2080–2100,6,6900,0.3015731065012533
SPI12,B,2080–2100,6,7000,0.3015804952171903
SPI12,B,2080–2100,6,7100,0.30158725759593286
SPI12,B,2080–2100,6,7200,0.30159036983181575
SPI12,B,2080–2100,6,7300,0.3015897640627897
SPI12,B,2080–2100,6,7400,0.3015872368036272
SPI12,B,2080–2100,6,7500,0.3015872368036272
SPI12,B,2080–2100,6,7600,0.3015872368036272
SPI12,B,2080–2100,6,7700,0.3015972401100598
SPI12,B,2080–2100,6,7800,0.30159717083096116
SPI12,B,2080–2100,6,7900,0.30159735089699924
SPI12,B,2080–2100,6,8000,0.3015958826867966
SPI12,B,2080–2100,7,100,0.1401874909624114
SPI12,B,2080–2100,7,200,0.15632608140706844
SPI12,B,2080–2100,7,300,0.21783116499939276
SPI12,B,2080–2100,7,400,0.24824591846401825
SPI12,B,2080–2100,7,500,0.2635416628080885
SPI12,B,2080–2100,7,600,0.2661147557359973
SPI12,B,2080–2100,7,700,0.2705158919740932
SPI12,B,2080–2100,7,800,0.2917528525739833
SPI12,B,2080–2100,7,900,0.29545986462537077
SPI12,B,2080–2100,7,1000,0.2962231276345856
SPI12,B,2080–2100,7,1100,0.29663845996360494
SPI12,B,2080–2100,7,1200,0.2968843418029955
SPI12,B,2080–2100,7,1300,0.2986730458626932
SPI12,B,2080–2100,7,1400,0.2986897759540599
SPI12,B,2080–2100,7,1500,0.29914557235855677
SPI12,B,2080–2100,7,1600,0.2997996598664286
SPI12,B,2080–2100,7,1700,0.30046634823942414
SPI12,B,2080–2100,7,1800,0.3007254548043089
SPI12,B,2080–2100,7,1900,0.3007918163506807
SPI12,B,2080–2100,7,2000,0.3009496968868108
SPI12,B,2080–2100,7,2100,0.30112447085967003
SPI12,B,2080–2100,7,2200,0.3012240258433559
SPI12,B,2080–2100,7,2300,0.30127469401294144
SPI12,B,2080–2100,7,2400,0.30124505400491697
SPI12,B,2080–2100,7,2500,0.30114513850339925
SPI12,B,2080–2100,7,2600,0.3011596291715731
SPI12,B,2080–2100,7,2700,0.3011944778069605
SPI12,B,2080–2100,7,2800,0.30131754972237407
SPI12,B,2080–2100,7,2900,0.3013180305784623
SPI12,B,2080–2100,7,3000,0.30137272070539556
SPI12,B,2080–2100,7,3100,0.3014641648254761
SPI12,B,2080–2100,7,3200,0.30147255603007383
SPI12,B,2080–2100,7,3300,0.30143970952501986
SPI12,B,2080–2100,7,3400,0.30144695866027393
SPI12,B,2080–2100,7,3500,0.30146973901038293
SPI12,B,2080–2100,7,3600,0.3014738219266766
SPI12,B,2080–2100,7,3700,0.30147439726218217
SPI12,B,2080–2100,7,3800,0.30148579055704494
SPI12,B,2080–2100,7,3900,0.30147915504061484
SPI12,B,2080–2100,7,4000,0.30148828120895144
SPI12,B,2080–2100,7,4100,0.3015000614761306
SPI12,B,2080–2100,7,4200,0.30149850916625165
SPI12,B,2080–2100,7,4300,0.3015001915585167
SPI12,B,2080–2100,7,4400,0.3015146103892719
SPI12,B,2080–2100,7,4500,0.3015165050615871
SPI12,B,2080–2100,7,4600,0.3015169084866497
SPI12,B,2080–2100,7,4700,0.301516932948634
SPI12,B,2080–2100,7,4800,0.3015151539808296
SPI12,B,2080–2100,7,4900,0.3015194068831104
SPI12,B,2080–2100,7,5000,0.30152766883055504
SPI12,B,2080–2100,7,5100,0.30152766883055504
SPI12,B,2080–2100,7,5200,0.30152766883055504
SPI12,B,2080–2100,7,5300,0.30152766883055504
SPI12,B,2080–2100,7,5400,0.30153367443678625
SPI12,B,2080–2100,7,5500,0.30154275163972766
SPI12,B,2080–2100,7,5600,0.3015407185917067
SPI12,B,2080–2100,7,5700,0.3015378803591017
SPI12,B,2080–2100,7,5800,0.3015359085885434
SPI12,B,2080–2100,7,5900,0.30153496359343185
SPI12,B,2080–2100,7,6000,0.3015349734966377
SPI12,B,2080–2100,7,6100,0.30153764276322814
SPI12,B,2080–2100,7,6200,0.30153764276322814
SPI12,B,2080–2100,7,6300,0.3015477845862491
SPI12,B,2080–2100,7,6400,0.3015511934096874
SPI12,B,2080–2100,7,6500,0.3015510020039763
SPI12,B,2080–2100,7,6600,0.3015582360924467
SPI12,B,2080–2100,7,6700,0.3015643080908843
SPI12,B,2080–2100,7,6800,0.30156559210448547
SPI12,B,2080–2100,7,6900,0.3015727482559035
SPI12,B,2080–2100,7,7000,0.3015738056330185
SPI12,B,2080–2100,7,7100,0.30157927774432935
SPI12,B,2080–2100,7,7200,0.301579149400548
SPI12,B,2080–2100,7,7300,0.30157990343427094
SPI12,B,2080–2100,7,7400,0.3015880482765101
SPI12,B,2080–2100,7,7500,0.301588760434251
SPI12,B,2080–2100,7,7600,0.3015896107189451
SPI12,B,2080–2100,7,7700,0.3015906431498439
SPI12,B,2080–2100,7,7800,0.30158967262736003
SPI12,B,2080–2100,7,7900,0.30159632860125474
SPI12,B,2080–2100,7,8000,0.30160441813101757
SRI3,A,2020–2040,1,100,0.5799383201460824
SRI3,A,2020–2040,1,200,0.5883708357981465
SRI3,A,2020–2040,1,300,0.7041575599382167
SRI3,A,2020–2040,1,400,0.7801711733618095
SRI3,A,2020–2040,1,500,0.8311741699384936
SRI3,A,2020–2040,1,600,0.8331543389315985
SRI3,A,2020–2040,1,700,0.8369895502105187
SRI3,A,2020–2040,1,800,0.8376193146522545
SRI3,A,2020–2040,1,900,0.8417937967415354
SRI3,A,2020–2040,1,1000,0.8425514468506032
SRI3,A,2020–2040,1,1100,0.8432366546848837
SRI3,A,2020–2040,1,1200,0.8433013043165498
SRI3,A,2020–2040,1,1300,0.843509873241346
SRI3,A,2020–2040,1,1400,0.8438768772601565
SRI3,A,2020–2040,1,1500,0.8440099852060221
SRI3,A,2020–2040,1,1600,0.8441511077191928
SRI3,A,2020–2040,1,1700,0.8442726172271166
SRI3,A,2020–2040,1,1800,0.8443661951180849
SRI3,A,2020–2040,1,1900,0.8443647696716434
SRI3,A,2020–2040,1,2000,0.8444286427423567
SRI3,A,2020–2040,1,2100,0.844448260992623
SRI3,A,2020–2040,1,2200,0.8444510245075484
SRI3,A,2020–2040,1,2300,0.8445031895224742
SRI3,A,2020–2040,1,2400,0.8445291282058139
SRI3,A,2020–2040,1,2500,0.8445932801863267
SRI3,A,2020–2040,1,2600,0.8446129834578251
SRI3,A,2020–2040,1,2700,0.8446769751438886
SRI3,A,2020–2040,1,2800,0.8446683024363154
SRI3,A,2020–2040,1,2900,0.8446878076576352
SRI3,A,2020–2040,1,3000,0.844689047967032
SRI3,A,2020–2040,1,3100,0.8446928406632073
SRI3,A,2020–2040,1,3200,0.8446888833297633
SRI3,A,2020–2040,1,3300,0.8446883828540634
SRI3,A,2020–2040,1,3400,0.8446729335223062
SRI3,A,2020–2040,1,3500,0.8447628259192078
SRI3,A,2020–2040,1,3600,0.8447383233283596
SRI3,A,2020–2040,1,3700,0.8447505103652411
SRI3,A,2020–2040,1,3800,0.8447717518768197
SRI3,A,2020–2040,1,3900,0.8447708956830677
SRI3,A,2020–2040,1,4000,0.8447801185269673
SRI3,A,2020–2040,1,4100,0.8447803914616505
SRI3,A,2020–2040,1,4200,0.8447803294776197
SRI3,A,2020–2040,1,4300,0.8447803294776197
SRI3,A,2020–2040,1,4400,0.8447734307203361
SRI3,A,2020–2040,1,4500,0.8447757540641139
SRI3,A,2020–2040,1,4600,0.8447849320044306
SRI3,A,2020–2040,1,4700,0.8447895514908939
SRI3,A,2020–2040,1,4800,0.8447930390501519
SRI3,A,2020–2040,1,4900,0.8447920048951324
SRI3,A,2020–2040,1,5000,0.8448012445683257
SRI3,A,2020–2040,1,5100,0.8448442290165384
SRI3,A,2020–2040,1,5200,0.8448337142063562
SRI3,A,2020–2040,1,5300,0.8448281421582439
SRI3,A,2020–2040,1,5400,0.8448229649546679
SRI3,A,2020–2040,1,5500,0.844819424944765
SRI3,A,2020–2040,1,5600,0.8448144212360732
SRI3,A,2020–2040,1,5700,0.8448265128204138
SRI3,A,2020–2040,1,5800,0.8448270916989077
SRI3,A,2020–2040,1,5900,0.844820794599558
SRI3,A,2020–2040,1,6000,0.8448205225663473
SRI3,A,2020–2040,1,6100,0.8448219684952192
SRI3,A,2020–2040,1,6200,0.8448177126658927
SRI3,A,2020–2040,1,6300,0.8448248946628529
SRI3,A,2020–2040,1,6400,0.8448223792282965
SRI3,A,2020–2040,1,6500,0.8452117614107436
SRI3,A,2020–2040,1,6600,0.845215428935164
SRI3,A,2020–2040,1,6700,0.8452213822450148
SRI3,A,2020–2040,1,6800,0.845225921000764
SRI3,A,2020–2040,1,6900,0.8452278919147035
SRI3,A,2020–2040,1,7000,0.8452283131142845
SRI3,A,2020–2040,1,7100,0.845225818112164
SRI3,A,2020–2040,1,7200,0.8452259089646195
SRI3,A,2020–2040,1,7300,0.845228629090396
SRI3,A,2020–2040,1,7400,0.845235402453683
SRI3,A,2020–2040,1,7500,0.845236150303235
SRI3,A,2020–2040,1,7600,0.8452350963102515
SRI3,A,2020–2040,1,7700,0.8452328087992002
SRI3,A,2020–2040,1,7800,0.8452326508105666
SRI3,A,2020–2040,1,7900,0.8452326508105666
SRI3,A,2020–2040,1,8000,0.8452327209783613
SRI3,A,2020–2040,2,100,0.5702566185314961
SRI3,A,2020–2040,2,200,0.6077766719078531
SRI3,A,2020–2040,2,300,0.7652733530950605
SRI3,A,2020–2040,2,400,0.8312244229850021
SRI3,A,2020–2040,2,500,0.8327121399041298
SRI3,A,2020–2040,2,600,0.8369115650950415
SRI3,A,2020–2040,2,700,0.8390180988127417
SRI3,A,2020–2040,2,800,0.8399803149479127
SRI3,A,2020–2040,2,900,0.8419652923007731
SRI3,A,2020–2040,2,1000,0.8428848983045877
SRI3,A,2020–2040,2,1100,0.843135181037427
SRI3,A,2020–2040,2,1200,0.8435234361346577
SRI3,A,2020–2040,2,1300,0.8437211891317052
SRI3,A,2020–2040,2,1400,0.8440181234148302
SRI3,A,2020–2040,2,1500,0.8441080254323738
SRI3,A,2020–2040,2,1600,0.8442194437182453
SRI3,A,2020–2040,2,1700,0.8444784203693851
SRI3,A,2020–2040,2,1800,0.844607785373567
SRI3,A,2020–2040,2,1900,0.8447523465986153
SRI3,A,2020–2040,2,2000,0.8448007003956024
SRI3,A,2020–2040,2,2100,0.8449299100928394
SRI3,A,2020–2040,2,2200,0.8449205399903124
SRI3,A,2020–2040,2,2300,0.8449112968432966
SRI3,A,2020–2040,2,2400,0.8449516519643502
SRI3,A,2020–2040,2,2500,0.8450536680460482
SRI3,A,2020–2040,2,2600,0.8450401123191112
SRI3,A,2020–2040,2,2700,0.8450454420778962
SRI3,A,2020–2040,2,2800,0.8450518253206797
SRI3,A,2020–2040,2,2900,0.8450388059966054
SRI3,A,2020–2040,2,3000,0.8450448676503646
SRI3,A,2020–2040,2,3100,0.8450678403953784
SRI3,A,2020–2040,2,3200,0.8450768540442735
SRI3,A,2020–2040,2,3300,0.8450818874090881
SRI3,A,2020–2040,2,3400,0.8451717469895617
SRI3,A,2020–2040,2,3500,0.8451667425334024
SRI3,A,2020–2040,2,3600,0.8451849072596057
SRI3,A,2020–2040,2,3700,0.8452761472042748
SRI3,A,2020–2040,2,3800,0.845275899271228
SRI3,A,2020–2040,2,3900,0.8452808667098104
SRI3,A,2020–2040,2,4000,0.8452699536365944
SRI3,A,2020–2040,2,4100,0.8452572656469737
SRI3,A,2020–2040,2,4200,0.8452685526080483
SRI3,A,2020–2040,2,4300,0.8452949201607162
SRI3,A,2020–2040,2,4400,0.8452940250896146
SRI3,A,2020–2040,2,4500,0.8452842841658127
SRI3,A,2020–2040,2,4600,0.8452896680166869
SRI3,A,2020–2040,2,4700,0.845271127747159
SRI3,A,2020–2040,2,4800,0.8452760780085651
SRI3,A,2020–2040,2,4900,0.8452760780085651
SRI3,A,2020–2040,2,5000,0.8452771254371603
SRI3,A,2020–2040,2,5100,0.8452780826069062
SRI3,A,2020–2040,2,5200,0.8452780703759605
SRI3,A,2020–2040,2,5300,0.8452773873892756
SRI3,A,2020–2040,2,5400,0.8452806649831012
SRI3,A,2020–2040,2,5500,0.8452788098211917
SRI3,A,2020–2040,2,5600,0.8452777824285522
SRI3,A,2020–2040,2,5700,0.8452793435491905
SRI3,A,2020–2040,2,5800,0.8452865319643018
SRI3,A,2020–2040,2,5900,0.8452857198032521
SRI3,A,2020–2040,2,6000,0.8452818303244661
SRI3,A,2020–2040,2,6100,0.8452822018559766
SRI3,A,2020–2040,2,6200,0.8452807155966388
SRI3,A,2020–2040,2,6300,0.8452810356146673
SRI3,A,2020–2040,2,6400,0.8452860280234422
SRI3,A,2020–2040,2,6500,0.845292080746015
SRI3,A,2020–2040,2,6600,0.8452906043345867
SRI3,A,2020–2040,2,6700,0.8452888543347138
SRI3,A,2020–2040,2,6800,0.8452892908450649
SRI3,A,2020–2040,2,6900,0.845289888824005
SRI3,A,2020–2040,2,7000,0.8452998891516789
SRI3,A,2020–2040,2,7100,0.8453000525325756
SRI3,A,2020–2040,2,7200,0.8453064065169286
SRI3,A,2020–2040,2,7300,0.845309161334433
SRI3,A,2020–2040,2,7400,0.8453097604066188
SRI3,A,2020–2040,2,7500,0.845309127342259
SRI3,A,2020–2040,2,7600,0.8453091492050345
SRI3,A,2020–2040,2,7700,0.8453091492050345
SRI3,A,2020–2040,2,7800,0.8453091492050345
SRI3,A,2020–2040,2,7900,0.8453018708625931
SRI3,A,2020–2040,2,8000,0.8453012809379906
SRI3,A,2020–2040,3,100,0.5549437275935406
SRI3,A,2020–2040,3,200,0.5691775192384729
SRI3,A,2020–2040,3,300,0.762949658887658
SRI3,A,2020–2040,3,400,0.774448048871183
SRI3,A,2020–2040,3,500,0.7958853487599765
SRI3,A,2020–2040,3,600,0.8055160202403335
SRI3,A,2020–2040,3,700,0.8098020567331192
SRI3,A,2020–2040,3,800,0.8134668344689595
SRI3,A,2020–2040,3,900,0.8176624513686601
SRI3,A,2020–2040,3,1000,0.8199244811966238
SRI3,A,2020–2040,3,1100,0.8419833084402498
SRI3,A,2020–2040,3,1200,0.8437198228266087
SRI3,A,2020–2040,3,1300,0.8438024914975639
SRI3,A,2020–2040,3,1400,0.8445420824556671
SRI3,A,2020–2040,3,1500,0.844898389160775
SRI3,A,2020–2040,3,1600,0.8450788786580742
SRI3,A,2020–2040,3,1700,0.845033366153294
SRI3,A,2020–2040,3,1800,0.845441863184193
SRI3,A,2020–2040,3,1900,0.8455451122392856
SRI3,A,2020–2040,3,2000,0.8455666082264097
SRI3,A,2020–2040,3,2100,0.8455484478122149
SRI3,A,2020–2040,3,2200,0.8455916101392906
SRI3,A,2020–2040,3,2300,0.8456181271456165
SRI3,A,2020–2040,3,2400,0.8458656476537666
SRI3,A,2020–2040,3,2500,0.8459974688022673
SRI3,A,2020–2040,3,2600,0.8460087952732097
SRI3,A,2020–2040,3,2700,0.8460114212702705
SRI3,A,2020–2040,3,2800,0.8460051319032965
SRI3,A,2020–2040,3,2900,0.8460422032182378
SRI3,A,2020–2040,3,3000,0.8460710805723506
SRI3,A,2020–2040,3,3100,0.8460377876263289
SRI3,A,2020–2040,3,3200,0.8446309560247333
SRI3,A,2020–2040,3,3300,0.8447876779469814
SRI3,A,2020–2040,3,3400,0.8447579454651499
SRI3,A,2020–2040,3,3500,0.8445950472992466
SRI3,A,2020–2040,3,3600,0.8448550728424961
SRI3,A,2020–2040,3,3700,0.8448523560918721
SRI3,A,2020–2040,3,3800,0.8448470545216885
SRI3,A,2020–2040,3,3900,0.8448674581592334
SRI3,A,2020–2040,3,4000,0.8448885665534628
SRI3,A,2020–2040,3,4100,0.8448795717304697
SRI3,A,2020–2040,3,4200,0.8448860606510175
SRI3,A,2020–2040,3,4300,0.844890976700171
SRI3,A,2020–2040,3,4400,0.8449080078615188
SRI3,A,2020–2040,3,4500,0.8449079360322529
SRI3,A,2020–2040,3,4600,0.844910601308003
SRI3,A,2020–2040,3,4700,0.8449133691326014
SRI3,A,2020–2040,3,4800,0.8449247192928521
SRI3,A,2020–2040,3,4900,0.8449247192928521
SRI3,A,2020–2040,3,5000,0.8449176210942845
SRI3,A,2020–2040,3,5100,0.8449146118528278
SRI3,A,2020–2040,3,5200,0.8449150735550693
SRI3,A,2020–2040,3,5300,0.8449226899306091
SRI3,A,2020–2040,3,5400,0.8449226899306091
SRI3,A,2020–2040,3,5500,0.8449216610217157
SRI3,A,2020–2040,3,5600,0.8449401508845286
SRI3,A,2020–2040,3,5700,0.8449071899698745
SRI3,A,2020–2040,3,5800,0.8449059149948055
SRI3,A,2020–2040,3,5900,0.8449058646340405
SRI3,A,2020–2040,3,6000,0.8449055906585876
SRI3,A,2020–2040,3,6100,0.8449055906585876
SRI3,A,2020–2040,3,6200,0.8449042387569153
SRI3,A,2020–2040,3,6300,0.8449083714569086
SRI3,A,2020–2040,3,6400,0.8449069511353451
SRI3,A,2020–2040,3,6500,0.8449035795686033
SRI3,A,2020–2040,3,6600,0.8449034608058238
SRI3,A,2020–2040,3,6700,0.8449034608058238
SRI3,A,2020–2040,3,6800,0.8449010225846918
SRI3,A,2020–2040,3,6900,0.8448979511985799
SRI3,A,2020–2040,3,7000,0.8449291231544133
SRI3,A,2020–2040,3,7100,0.8450047020733955
SRI3,A,2020–2040,3,7200,0.84500140824442
SRI3,A,2020–2040,3,7300,0.8450002798611183
SRI3,A,2020–2040,3,7400,0.8450036093389437
SRI3,A,2020–2040,3,7500,0.8450036093389437
SRI3,A,2020–2040,3,7600,0.8449995593157968
SRI3,A,2020–2040,3,7700,0.845000548473076
SRI3,A,2020–2040,3,7800,0.8449996378894054
SRI3,A,2020–2040,3,7900,0.8450003384081926
SRI3,A,2020–2040,3,8000,0.8450003384081926
SRI3,A,2020–2040,4,100,0.4793150320437187
SRI3,A,2020–2040,4,200,0.5125606479112464
SRI3,A,2020–2040,4,300,0.7539973899296941
SRI3,A,2020–2040,4,400,0.7770193722535462
SRI3,A,2020–2040,4,500,0.8140619600091074
SRI3,A,2020–2040,4,600,0.8384958514225607
SRI3,A,2020–2040,4,700,0.8393715212119639
SRI3,A,2020–2040,4,800,0.8397512691162339
SRI3,A,2020–2040,4,900,0.8429623153586712
SRI3,A,2020–2040,4,1000,0.8430511946847505
SRI3,A,2020–2040,4,1100,0.8435342107567355
SRI3,A,2020–2040,4,1200,0.8438035914750944
SRI3,A,2020–2040,4,1300,0.8440638965917492
SRI3,A,2020–2040,4,1400,0.8442971335186121
SRI3,A,2020–2040,4,1500,0.8442352494128148
SRI3,A,2020–2040,4,1600,0.8442902268863115
SRI3,A,2020–2040,4,1700,0.8444220348921938
SRI3,A,2020–2040,4,1800,0.8445368539817363
SRI3,A,2020–2040,4,1900,0.8445291214328875
SRI3,A,2020–2040,4,2000,0.8445840892361214
SRI3,A,2020–2040,4,2100,0.8445315856512193
SRI3,A,2020–2040,4,2200,0.8447054652106805
SRI3,A,2020–2040,4,2300,0.8447244291018078
SRI3,A,2020–2040,4,2400,0.8447021740468387
SRI3,A,2020–2040,4,2500,0.844925654229282
SRI3,A,2020–2040,4,2600,0.8450020041660818
SRI3,A,2020–2040,4,2700,0.8449825426798664
SRI3,A,2020–2040,4,2800,0.8450164963273841
SRI3,A,2020–2040,4,2900,0.8450741558868146
SRI3,A,2020–2040,4,3000,0.8450798361044354
SRI3,A,2020–2040,4,3100,0.8451025726007146
SRI3,A,2020–2040,4,3200,0.8451022270398396
SRI3,A,2020–2040,4,3300,0.8451304254613972
SRI3,A,2020–2040,4,3400,0.8451658228114408
SRI3,A,2020–2040,4,3500,0.8451571071791244
SRI3,A,2020–2040,4,3600,0.8451588107463104
SRI3,A,2020–2040,4,3700,0.8451828329117469
SRI3,A,2020–2040,4,3800,0.8452232821161493
SRI3,A,2020–2040,4,3900,0.8452201806711463
SRI3,A,2020–2040,4,4000,0.8452351920538999
SRI3,A,2020–2040,4,4100,0.8452352061485653
SRI3,A,2020–2040,4,4200,0.8452412968156702
SRI3,A,2020–2040,4,4300,0.8452582350981663
SRI3,A,2020–2040,4,4400,0.8452580250246672
SRI3,A,2020–2040,4,4500,0.8452726632361796
SRI3,A,2020–2040,4,4600,0.8452701176842264
SRI3,A,2020–2040,4,4700,0.8452699073842923
SRI3,A,2020–2040,4,4800,0.8452866554302185
SRI3,A,2020–2040,4,4900,0.8452865743321558
SRI3,A,2020–2040,4,5000,0.8453081508156429
SRI3,A,2020–2040,4,5100,0.8452863875643698
SRI3,A,2020–2040,4,5200,0.8452862120159627
SRI3,A,2020–2040,4,5300,0.8452862120159627
SRI3,A,2020–2040,4,5400,0.8452862120159627
SRI3,A,2020–2040,4,5500,0.8452826715752986
SRI3,A,2020–2040,4,5600,0.8452821984532797
SRI3,A,2020–2040,4,5700,0.8452824076184355
SRI3,A,2020–2040,4,5800,0.8452868840699699
SRI3,A,2020–2040,4,5900,0.8452863720975374
SRI3,A,2020–2040,4,6000,0.845218724893099
SRI3,A,2020–2040,4,6100,0.845218724893099
SRI3,A,2020–2040,4,6200,0.845223423440647
SRI3,A,2020–2040,4,6300,0.8452115450780217
SRI3,A,2020–2040,4,6400,0.8452117649025883
SRI3,A,2020–2040,4,6500,0.8452151618973646
SRI3,A,2020–2040,4,6600,0.8452151618973646
SRI3,A,2020–2040,4,6700,0.8452174290560972
SRI3,A,2020–2040,4,6800,0.8452191527883353
SRI3,A,2020–2040,4,6900,0.8452195928641175
SRI3,A,2020–2040,4,7000,0.8452170120475423
SRI3,A,2020–2040,4,7100,0.8452161494488957
SRI3,A,2020–2040,4,7200,0.8452160685469952
SRI3,A,2020–2040,4,7300,0.8452350417394676
SRI3,A,2020–2040,4,7400,0.8452452717785999
SRI3,A,2020–2040,4,7500,0.8452451164441481
SRI3,A,2020–2040,4,7600,0.845247830252612
SRI3,A,2020–2040,4,7700,0.845247830252612
SRI3,A,2020–2040,4,7800,0.845247830252612
SRI3,A,2020–2040,4,7900,0.8452479860505918
SRI3,A,2020–2040,4,8000,0.8452479875986763
SRI3,A,2020–2040,5,100,0.5151605791134635
SRI3,A,2020–2040,5,200,0.5683691694016867
SRI3,A,2020–2040,5,300,0.7459010208264628
SRI3,A,2020–2040,5,400,0.7981363175234655
SRI3,A,2020–2040,5,500,0.8302291565876326
SRI3,A,2020–2040,5,600,0.8377917161065286
SRI3,A,2020–2040,5,700,0.8393210886633651
SRI3,A,2020–2040,5,800,0.8411707966451631
SRI3,A,2020–2040,5,900,0.8418247371981536
SRI3,A,2020–2040,5,1000,0.8415914500127677
SRI3,A,2020–2040,5,1100,0.841723680898537
SRI3,A,2020–2040,5,1200,0.8425497006948116
SRI3,A,2020–2040,5,1300,0.8429241027252025
SRI3,A,2020–2040,5,1400,0.8433853539691141
SRI3,A,2020–2040,5,1500,0.843705121922161
SRI3,A,2020–2040,5,1600,0.8437440930072847
SRI3,A,2020–2040,5,1700,0.843766430177684
SRI3,A,2020–2040,5,1800,0.8439832042454579
SRI3,A,2020–2040,5,1900,0.8442369419613722
SRI3,A,2020–2040,5,2000,0.8442855377764037
SRI3,A,2020–2040,5,2100,0.844328541217297
SRI3,A,2020–2040,5,2200,0.8445026841111304
SRI3,A,2020–2040,5,2300,0.8447128217107445
SRI3,A,2020–2040,5,2400,0.844793724699302
SRI3,A,2020–2040,5,2500,0.8448319960888663
SRI3,A,2020–2040,5,2600,0.8448364137497416
SRI3,A,2020–2040,5,2700,0.8448338925558945
SRI3,A,2020–2040,5,2800,0.8449049616963547
SRI3,A,2020–2040,5,2900,0.8449267812874295
SRI3,A,2020–2040,5,3000,0.8449196912713568
SRI3,A,2020–2040,5,3100,0.8449702825542224
SRI3,A,2020–2040,5,3200,0.8450291471714594
SRI3,A,2020–2040,5,3300,0.845075412903542
SRI3,A,2020–2040,5,3400,0.8451045217321226
SRI3,A,2020–2040,5,3500,0.8451264661600112
SRI3,A,2020–2040,5,3600,0.8451737831371756
SRI3,A,2020–2040,5,3700,0.8451719254382328
SRI3,A,2020–2040,5,3800,0.8451876564599097
SRI3,A,2020–2040,5,3900,0.8451742573896929
SRI3,A,2020–2040,5,4000,0.8451747914325304
SRI3,A,2020–2040,5,4100,0.8451755702406911
SRI3,A,2020–2040,5,4200,0.8451756580493589
SRI3,A,2020–2040,5,4300,0.8451756580493589
SRI3,A,2020–2040,5,4400,0.8451726720037878
SRI3,A,2020–2040,5,4500,0.8451642510858419
SRI3,A,2020–2040,5,4600,0.845168469600282
SRI3,A,2020–2040,5,4700,0.845168070731877
SRI3,A,2020–2040,5,4800,0.8451607029885226
SRI3,A,2020–2040,5,4900,0.84515377236885
SRI3,A,2020–2040,5,5000,0.8451533685866589
SRI3,A,2020–2040,5,5100,0.8451399604777018
SRI3,A,2020–2040,5,5200,0.8451375872577293
SRI3,A,2020–2040,5,5300,0.8451413060333519
SRI3,A,2020–2040,5,5400,0.8451711119106916
SRI3,A,2020–2040,5,5500,0.84519728533003
SRI3,A,2020–2040,5,5600,0.8451934840720582
SRI3,A,2020–2040,5,5700,0.8451890745456327
SRI3,A,2020–2040,5,5800,0.8451895451329351
SRI3,A,2020–2040,5,5900,0.8451944732281209
SRI3,A,2020–2040,5,6000,0.8451985349199054
SRI3,A,2020–2040,5,6100,0.8452058170484443
SRI3,A,2020–2040,5,6200,0.845205426917433
SRI3,A,2020–2040,5,6300,0.8451933170842905
SRI3,A,2020–2040,5,6400,0.8451945356596383
SRI3,A,2020–2040,5,6500,0.8451945356596383
SRI3,A,2020–2040,5,6600,0.845198090399161
SRI3,A,2020–2040,5,6700,0.8452005087310638
SRI3,A,2020–2040,5,6800,0.8451981409337739
SRI3,A,2020–2040,5,6900,0.845199067597918
SRI3,A,2020–2040,5,7000,0.8451970477947235
SRI3,A,2020–2040,5,7100,0.8451975556335967
SRI3,A,2020–2040,5,7200,0.8452083098644624
SRI3,A,2020–2040,5,7300,0.8452084673849468
SRI3,A,2020–2040,5,7400,0.8452181711818774
SRI3,A,2020–2040,5,7500,0.8452227767782998
SRI3,A,2020–2040,5,7600,0.8452294993808077
SRI3,A,2020–2040,5,7700,0.8452294848288957
SRI3,A,2020–2040,5,7800,0.8452317904958989
SRI3,A,2020–2040,5,7900,0.8452316256929986
SRI3,A,2020–2040,5,8000,0.8452464484780813
SRI3,A,2020–2040,6,100,0.47184504371492364
SRI3,A,2020–2040,6,200,0.5212935521317099
SRI3,A,2020–2040,6,300,0.779510105809908
SRI3,A,2020–2040,6,400,0.8294598961744649
SRI3,A,2020–2040,6,500,0.8324439080905117
SRI3,A,2020–2040,6,600,0.8362596268569764
SRI3,A,2020–2040,6,700,0.8379220852435518
SRI3,A,2020–2040,6,800,0.8387572490600197
SRI3,A,2020–2040,6,900,0.8438121397729804
SRI3,A,2020–2040,6,1000,0.8445316426236105
SRI3,A,2020–2040,6,1100,0.8450187898609373
SRI3,A,2020–2040,6,1200,0.845104791559496
SRI3,A,2020–2040,6,1300,0.8450328708137591
SRI3,A,2020–2040,6,1400,0.8450351587602787
SRI3,A,2020–2040,6,1500,0.8451270764518731
SRI3,A,2020–2040,6,1600,0.8451858949278304
SRI3,A,2020–2040,6,1700,0.8442208833184937
SRI3,A,2020–2040,6,1800,0.8443426309262124
SRI3,A,2020–2040,6,1900,0.8444791379251805
SRI3,A,2020–2040,6,2000,0.8446653181757331
SRI3,A,2020–2040,6,2100,0.8445095764816674
SRI3,A,2020–2040,6,2200,0.8445179409800601
SRI3,A,2020–2040,6,2300,0.8445666492372825
SRI3,A,2020–2040,6,2400,0.8446287292116118
SRI3,A,2020–2040,6,2500,0.8446778132016372
SRI3,A,2020–2040,6,2600,0.8448557947644387
SRI3,A,2020–2040,6,2700,0.8448968191915721
SRI3,A,2020–2040,6,2800,0.8448917100930874
SRI3,A,2020–2040,6,2900,0.8449447742464404
SRI3,A,2020–2040,6,3000,0.8449858154530723
SRI3,A,2020–2040,6,3100,0.8450552950953814
SRI3,A,2020–2040,6,3200,0.8450664917521019
SRI3,A,2020–2040,6,3300,0.845074521423411
SRI3,A,2020–2040,6,3400,0.8450811806558312
SRI3,A,2020–2040,6,3500,0.8450764457778039
SRI3,A,2020–2040,6,3600,0.8450954346380875
SRI3,A,2020–2040,6,3700,0.8451050424918636
SRI3,A,2020–2040,6,3800,0.8451192251434896
SRI3,A,2020–2040,6,3900,0.8451211664967984
SRI3,A,2020–2040,6,4000,0.8451357967076065
SRI3,A,2020–2040,6,4100,0.8451284839284814
SRI3,A,2020–2040,6,4200,0.8451155358011149
SRI3,A,2020–2040,6,4300,0.8451181679713433
SRI3,A,2020–2040,6,4400,0.8451114355929903
SRI3,A,2020–2040,6,4500,0.8451393340429599
SRI3,A,2020–2040,6,4600,0.845138436070385
SRI3,A,2020–2040,6,4700,0.845093924219139
SRI3,A,2020–2040,6,4800,0.84509047111879
SRI3,A,2020–2040,6,4900,0.8451056275104117
SRI3,A,2020–2040,6,5000,0.8451249107662248
SRI3,A,2020–2040,6,5100,0.8451274383671346
SRI3,A,2020–2040,6,5200,0.845129311136438
SRI3,A,2020–2040,6,5300,0.8451388067899049
SRI3,A,2020–2040,6,5400,0.8451384405683624
SRI3,A,2020–2040,6,5500,0.8451444384132996
SRI3,A,2020–2040,6,5600,0.8451385041703594
SRI3,A,2020–2040,6,5700,0.8451405057680804
SRI3,A,2020–2040,6,5800,0.845144315523635
SRI3,A,2020–2040,6,5900,0.845144315523635
SRI3,A,2020–2040,6,6000,0.8451445900022779
SRI3,A,2020–2040,6,6100,0.8451421520779152
SRI3,A,2020–2040,6,6200,0.8451460897064025
SRI3,A,2020–2040,6,6300,0.8451460897064025
SRI3,A,2020–2040,6,6400,0.8451460897064025
SRI3,A,2020–2040,6,6500,0.8451652007740759
SRI3,A,2020–2040,6,6600,0.8452870709023207
SRI3,A,2020–2040,6,6700,0.8452950760102124
SRI3,A,2020–2040,6,6800,0.8452937711296437
SRI3,A,2020–2040,6,6900,0.8452962968376435
SRI3,A,2020–2040,6,7000,0.8452962968376435
SRI3,A,2020–2040,6,7100,0.845296701253103
SRI3,A,2020–2040,6,7200,0.845294190246321
SRI3,A,2020–2040,6,7300,0.8452950747282927
SRI3,A,2020–2040,6,7400,0.8453055250356224
SRI3,A,2020–2040,6,7500,0.8453141537214032
SRI3,A,2020–2040,6,7600,0.8453142875680558
SRI3,A,2020–2040,6,7700,0.8453146283676523
SRI3,A,2020–2040,6,7800,0.8453161016361848
SRI3,A,2020–2040,6,7900,0.8453161016361848
SRI3,A,2020–2040,6,8000,0.8453221543945522
SRI3,A,2020–2040,7,100,0.5679574530014637
SRI3,A,2020–2040,7,200,0.5804584100588904
SRI3,A,2020–2040,7,300,0.7890916589908463
SRI3,A,2020–2040,7,400,0.8189639598916586
SRI3,A,2020–2040,7,500,0.8299724567237999
SRI3,A,2020–2040,7,600,0.8323958690278694
SRI3,A,2020–2040,7,700,0.8350434762682641
SRI3,A,2020–2040,7,800,0.8419728658834132
SRI3,A,2020–2040,7,900,0.8419713838156075
SRI3,A,2020–2040,7,1000,0.842171210443053
SRI3,A,2020–2040,7,1100,0.8429376532466902
SRI3,A,2020–2040,7,1200,0.8429562456948354
SRI3,A,2020–2040,7,1300,0.8431438945975103
SRI3,A,2020–2040,7,1400,0.8433855019244336
SRI3,A,2020–2040,7,1500,0.8433910132082524
SRI3,A,2020–2040,7,1600,0.8436056732172619
SRI3,A,2020–2040,7,1700,0.8436786549074221
SRI3,A,2020–2040,7,1800,0.8439688066155241
SRI3,A,2020–2040,7,1900,0.8440692671994814
SRI3,A,2020–2040,7,2000,0.8440684709284427
SRI3,A,2020–2040,7,2100,0.8440921221633453
SRI3,A,2020–2040,7,2200,0.844125469908037
SRI3,A,2020–2040,7,2300,0.8442040579912682
SRI3,A,2020–2040,7,2400,0.8442656518010758
SRI3,A,2020–2040,7,2500,0.8443346661306405
SRI3,A,2020–2040,7,2600,0.8443717127903521
SRI3,A,2020–2040,7,2700,0.8444864814491224
SRI3,A,2020–2040,7,2800,0.8444591387883378
SRI3,A,2020–2040,7,2900,0.8444969380896962
SRI3,A,2020–2040,7,3000,0.8445588219244984
SRI3,A,2020–2040,7,3100,0.8445478580256427
SRI3,A,2020–2040,7,3200,0.8445761846442819
SRI3,A,2020–2040,7,3300,0.8446044375017934
SRI3,A,2020–2040,7,3400,0.8446279398018508
SRI3,A,2020–2040,7,3500,0.844681983457497
SRI3,A,2020–2040,7,3600,0.8447366590075963
SRI3,A,2020–2040,7,3700,0.8447529591859653
SRI3,A,2020–2040,7,3800,0.8447578423339878
SRI3,A,2020–2040,7,3900,0.8447660651532237
SRI3,A,2020–2040,7,4000,0.8447621875247301
SRI3,A,2020–2040,7,4100,0.8448177087759163
SRI3,A,2020–2040,7,4200,0.8448090350733715
SRI3,A,2020–2040,7,4300,0.8448133942483015
SRI3,A,2020–2040,7,4400,0.8448404801248179
SRI3,A,2020–2040,7,4500,0.8448511524825779
SRI3,A,2020–2040,7,4600,0.8448270354983132
SRI3,A,2020–2040,7,4700,0.8448253074286594
SRI3,A,2020–2040,7,4800,0.8448285535577895
SRI3,A,2020–2040,7,4900,0.8448232389111804
SRI3,A,2020–2040,7,5000,0.8448583980593821
SRI3,A,2020–2040,7,5100,0.844857230768208
SRI3,A,2020–2040,7,5200,0.8448662169390757
SRI3,A,2020–2040,7,5300,0.8448682148479877
SRI3,A,2020–2040,7,5400,0.8448840324694631
SRI3,A,2020–2040,7,5500,0.8449177626780221
SRI3,A,2020–2040,7,5600,0.8449079129595057
SRI3,A,2020–2040,7,5700,0.8449103278313979
SRI3,A,2020–2040,7,5800,0.8449149576284707
SRI3,A,2020–2040,7,5900,0.8449138819912312
SRI3,A,2020–2040,7,6000,0.8449150702851317
SRI3,A,2020–2040,7,6100,0.8449153053277343
SRI3,A,2020–2040,7,6200,0.8449079511629972
SRI3,A,2020–2040,7,6300,0.8449094783943605
SRI3,A,2020–2040,7,6400,0.8449100486595391
SRI3,A,2020–2040,7,6500,0.8449100486595391
SRI3,A,2020–2040,7,6600,0.8449122474285099
SRI3,A,2020–2040,7,6700,0.844913872250676
SRI3,A,2020–2040,7,6800,0.8449162156211154
SRI3,A,2020–2040,7,6900,0.8449160226409493
SRI3,A,2020–2040,7,7000,0.8449184001425463
SRI3,A,2020–2040,7,7100,0.8449184001425463
SRI3,A,2020–2040,7,7200,0.8449256942570891
SRI3,A,2020–2040,7,7300,0.8449267508319782
SRI3,A,2020–2040,7,7400,0.8449288648427783
SRI3,A,2020–2040,7,7500,0.8449288648427783
SRI3,A,2020–2040,7,7600,0.8450123610940036
SRI3,A,2020–2040,7,7700,0.8450224633296155
SRI3,A,2020–2040,7,7800,0.8450322185838163
SRI3,A,2020–2040,7,7900,0.8450329656828846
SRI3,A,2020–2040,7,8000,0.8450335859123622
SRI3,B,2080–2100,1,100,0.22130065285680936
SRI3,B,2080–2100,1,200,0.23846539058481453
SRI3,B,2080–2100,1,300,0.30841152221399964
SRI3,B,2080–2100,1,400,0.34633996454619864
SRI3,B,2080–2100,1,500,0.3523668568285223
SRI3,B,2080–2100,1,600,0.3558678923490566
SRI3,B,2080–2100,1,700,0.35861180927965275
SRI3,B,2080–2100,1,800,0.35917576158291215
SRI3,B,2080–2100,1,900,0.3599400215957602
SRI3,B,2080–2100,1,1000,0.36087754617710915
SRI3,B,2080–2100,1,1100,0.36107473517985805
SRI3,B,2080–2100,1,1200,0.3612703520778683
SRI3,B,2080–2100,1,1300,0.3613720249264313
SRI3,B,2080–2100,1,1400,0.3618685728887884
SRI3,B,2080–2100,1,1500,0.362089267038028
SRI3,B,2080–2100,1,1600,0.3621726342005301
SRI3,B,2080–2100,1,1700,0.3622223789012523
SRI3,B,2080–2100,1,1800,0.3626563704041208
SRI3,B,2080–2100,1,1900,0.3628286720763504
SRI3,B,2080–2100,1,2000,0.3631538373992118
SRI3,B,2080–2100,1,2100,0.3633926128959463
SRI3,B,2080–2100,1,2200,0.3637570518584021
SRI3,B,2080–2100,1,2300,0.3639007196874355
SRI3,B,2080–2100,1,2400,0.3639905873870331
SRI3,B,2080–2100,1,2500,0.3640484478064197
SRI3,B,2080–2100,1,2600,0.3641068366446246
SRI3,B,2080–2100,1,2700,0.36434574699894534
SRI3,B,2080–2100,1,2800,0.3644357768299883
SRI3,B,2080–2100,1,2900,0.3644598865583911
SRI3,B,2080–2100,1,3000,0.36456333618434555
SRI3,B,2080–2100,1,3100,0.3646827845872542
SRI3,B,2080–2100,1,3200,0.36469956820383126
SRI3,B,2080–2100,1,3300,0.36473209542019813
SRI3,B,2080–2100,1,3400,0.3649198787378868
SRI3,B,2080–2100,1,3500,0.36497139745915935
SRI3,B,2080–2100,1,3600,0.36497806014076684
SRI3,B,2080–2100,1,3700,0.3653080416124484
SRI3,B,2080–2100,1,3800,0.3654978139106097
SRI3,B,2080–2100,1,3900,0.36571676934354713
SRI3,B,2080–2100,1,4000,0.3657488807526253
SRI3,B,2080–2100,1,4100,0.36577664379302166
SRI3,B,2080–2100,1,4200,0.36580681319741815
SRI3,B,2080–2100,1,4300,0.3657013213344418
SRI3,B,2080–2100,1,4400,0.3659038545355671
SRI3,B,2080–2100,1,4500,0.3659189027194552
SRI3,B,2080–2100,1,4600,0.36602352477489813
SRI3,B,2080–2100,1,4700,0.36601279417785
SRI3,B,2080–2100,1,4800,0.36611358536068433
SRI3,B,2080–2100,1,4900,0.3661234566114874
SRI3,B,2080–2100,1,5000,0.3661825552897093
SRI3,B,2080–2100,1,5100,0.366134364834706
SRI3,B,2080–2100,1,5200,0.3661428847439685
SRI3,B,2080–2100,1,5300,0.3661834587213967
SRI3,B,2080–2100,1,5400,0.36617422248464904
SRI3,B,2080–2100,1,5500,0.36617798615570823
SRI3,B,2080–2100,1,5600,0.3662165583972491
SRI3,B,2080–2100,1,5700,0.366222294681622
SRI3,B,2080–2100,1,5800,0.36625498586017824
SRI3,B,2080–2100,1,5900,0.3662804941753003
SRI3,B,2080–2100,1,6000,0.36636659163864105
SRI3,B,2080–2100,1,6100,0.36639048491175225
SRI3,B,2080–2100,1,6200,0.36639890179279183
SRI3,B,2080–2100,1,6300,0.3664072316541256
SRI3,B,2080–2100,1,6400,0.3664095851366953
SRI3,B,2080–2100,1,6500,0.3664103904071512
SRI3,B,2080–2100,1,6600,0.36640937596068474
SRI3,B,2080–2100,1,6700,0.36642007466052284
SRI3,B,2080–2100,1,6800,0.36642097807074386
SRI3,B,2080–2100,1,6900,0.3664227189143991
SRI3,B,2080–2100,1,7000,0.36642626449544147
SRI3,B,2080–2100,1,7100,0.3664171383495871
SRI3,B,2080–2100,1,7200,0.36642004330975037
SRI3,B,2080–2100,1,7300,0.3664193341332506
SRI3,B,2080–2100,1,7400,0.3664251871002597
SRI3,B,2080–2100,1,7500,0.36643931882938413
SRI3,B,2080–2100,1,7600,0.36644528277771726
SRI3,B,2080–2100,1,7700,0.36645086052024645
SRI3,B,2080–2100,1,7800,0.3664482398086484
SRI3,B,2080–2100,1,7900,0.3664271465765524
SRI3,B,2080–2100,1,8000,0.3664607608364331
SRI3,B,2080–2100,2,100,0.2223258904485565
SRI3,B,2080–2100,2,200,0.2312804386191623
SRI3,B,2080–2100,2,300,0.29255733340936374
SRI3,B,2080–2100,2,400,0.3186254920482796
SRI3,B,2080–2100,2,500,0.33367612395512425
SRI3,B,2080–2100,2,600,0.33685728508196117
SRI3,B,2080–2100,2,700,0.3394046197528316
SRI3,B,2080–2100,2,800,0.3401931535068015
SRI3,B,2080–2100,2,900,0.3560745127883461
SRI3,B,2080–2100,2,1000,0.35629525196829503
SRI3,B,2080–2100,2,1100,0.35743221139191916
SRI3,B,2080–2100,2,1200,0.35810030263995685
SRI3,B,2080–2100,2,1300,0.36064821127455227
SRI3,B,2080–2100,2,1400,0.3610710662816016
SRI3,B,2080–2100,2,1500,0.3610692409177926
SRI3,B,2080–2100,2,1600,0.3610660461755556
SRI3,B,2080–2100,2,1700,0.3618672005707729
SRI3,B,2080–2100,2,1800,0.36234862117248057
SRI3,B,2080–2100,2,1900,0.36231338928561074
SRI3,B,2080–2100,2,2000,0.36201426735686226
SRI3,B,2080–2100,2,2100,0.36238037934466194
SRI3,B,2080–2100,2,2200,0.3629668438657344
SRI3,B,2080–2100,2,2300,0.36319786650181524
SRI3,B,2080–2100,2,2400,0.3636557410385631
SRI3,B,2080–2100,2,2500,0.3639726087582152
SRI3,B,2080–2100,2,2600,0.3643076861380066
SRI3,B,2080–2100,2,2700,0.36432377254089654
SRI3,B,2080–2100,2,2800,0.36431486043502403
SRI3,B,2080–2100,2,2900,0.3643538899314832
SRI3,B,2080–2100,2,3000,0.36444527095233203
SRI3,B,2080–2100,2,3100,0.3644697180101959
SRI3,B,2080–2100,2,3200,0.36455422172334745
SRI3,B,2080–2100,2,3300,0.3646923858784037
SRI3,B,2080–2100,2,3400,0.3647229073418471
SRI3,B,2080–2100,2,3500,0.3648413512658172
SRI3,B,2080–2100,2,3600,0.3650195039142323
SRI3,B,2080–2100,2,3700,0.3650711822917132
SRI3,B,2080–2100,2,3800,0.3652540775445761
SRI3,B,2080–2100,2,3900,0.3653373358183672
SRI3,B,2080–2100,2,4000,0.36540466565544283
SRI3,B,2080–2100,2,4100,0.36541159685135943
SRI3,B,2080–2100,2,4200,0.3654623355115798
SRI3,B,2080–2100,2,4300,0.3654609597130638
SRI3,B,2080–2100,2,4400,0.3654443435792411
SRI3,B,2080–2100,2,4500,0.36545924333645374
SRI3,B,2080–2100,2,4600,0.3654979797089286
SRI3,B,2080–2100,2,4700,0.3655776456032011
SRI3,B,2080–2100,2,4800,0.36557271096226285
SRI3,B,2080–2100,2,4900,0.3655778673550557
SRI3,B,2080–2100,2,5000,0.36566916808444905
SRI3,B,2080–2100,2,5100,0.3657201682531037
SRI3,B,2080–2100,2,5200,0.365719133764464
SRI3,B,2080–2100,2,5300,0.3657362341749427
SRI3,B,2080–2100,2,5400,0.3657671618019498
SRI3,B,2080–2100,2,5500,0.36575485840685457
SRI3,B,2080–2100,2,5600,0.36577794877429376
SRI3,B,2080–2100,2,5700,0.3657884658635612
SRI3,B,2080–2100,2,5800,0.36582443052251623
SRI3,B,2080–2100,2,5900,0.3658312427059923
SRI3,B,2080–2100,2,6000,0.36586127939811014
SRI3,B,2080–2100,2,6100,0.3658762751175474
SRI3,B,2080–2100,2,6200,0.36590510363398954
SRI3,B,2080–2100,2,6300,0.36590131667982584
SRI3,B,2080–2100,2,6400,0.365929189987312
SRI3,B,2080–2100,2,6500,0.365936720794767
SRI3,B,2080–2100,2,6600,0.36596814359207414
SRI3,B,2080–2100,2,6700,0.36599077563121274
SRI3,B,2080–2100,2,6800,0.36600376498858717
SRI3,B,2080–2100,2,6900,0.3660224333114135
SRI3,B,2080–2100,2,7000,0.3660105645688959
SRI3,B,2080–2100,2,7100,0.3660328253926131
SRI3,B,2080–2100,2,7200,0.3660506980013381
SRI3,B,2080–2100,2,7300,0.3660864250171322
SRI3,B,2080–2100,2,7400,0.36613922385693876
SRI3,B,2080–2100,2,7500,0.36613858617121126
SRI3,B,2080–2100,2,7600,0.3661427501320675
SRI3,B,2080–2100,2,7700,0.3661494400160507
SRI3,B,2080–2100,2,7800,0.366153540178972
SRI3,B,2080–2100,2,7900,0.3661452634316477
SRI3,B,2080–2100,2,8000,0.3661642792736982
SRI3,B,2080–2100,3,100,0.21188586040117824
SRI3,B,2080–2100,3,200,0.22663799088691827
SRI3,B,2080–2100,3,300,0.27718611945763255
SRI3,B,2080–2100,3,400,0.2876442911045586
SRI3,B,2080–2100,3,500,0.29749496568601047
SRI3,B,2080–2100,3,600,0.31166494344046447
SRI3,B,2080–2100,3,700,0.3184547359614246
SRI3,B,2080–2100,3,800,0.34357880276128916
SRI3,B,2080–2100,3,900,0.3453603527682818
SRI3,B,2080–2100,3,1000,0.3469035603713354
SRI3,B,2080–2100,3,1100,0.3521994258979303
SRI3,B,2080–2100,3,1200,0.35305122274354617
SRI3,B,2080–2100,3,1300,0.35491595278101473
SRI3,B,2080–2100,3,1400,0.35686203823214885
SRI3,B,2080–2100,3,1500,0.35901129609473675
SRI3,B,2080–2100,3,1600,0.359492490907079
SRI3,B,2080–2100,3,1700,0.3605369625948548
SRI3,B,2080–2100,3,1800,0.3616243213245877
SRI3,B,2080–2100,3,1900,0.36276303537282734
SRI3,B,2080–2100,3,2000,0.3633115947873832
SRI3,B,2080–2100,3,2100,0.3634930908838536
SRI3,B,2080–2100,3,2200,0.3639776817522409
SRI3,B,2080–2100,3,2300,0.36462011105963976
SRI3,B,2080–2100,3,2400,0.36470842906657813
SRI3,B,2080–2100,3,2500,0.3648850718735212
SRI3,B,2080–2100,3,2600,0.3649674732153828
SRI3,B,2080–2100,3,2700,0.3649768171976324
SRI3,B,2080–2100,3,2800,0.3650035202499128
SRI3,B,2080–2100,3,2900,0.3650499512589498
SRI3,B,2080–2100,3,3000,0.36508843758729503
SRI3,B,2080–2100,3,3100,0.3651596754972174
SRI3,B,2080–2100,3,3200,0.36521540745446035
SRI3,B,2080–2100,3,3300,0.3652860946837754
SRI3,B,2080–2100,3,3400,0.3653566268798676
SRI3,B,2080–2100,3,3500,0.36547602461748796
SRI3,B,2080–2100,3,3600,0.36556449689077236
SRI3,B,2080–2100,3,3700,0.3655719339479427
SRI3,B,2080–2100,3,3800,0.36558762546877177
SRI3,B,2080–2100,3,3900,0.36559634385198575
SRI3,B,2080–2100,3,4000,0.36563581616758756
SRI3,B,2080–2100,3,4100,0.3656854629909114
SRI3,B,2080–2100,3,4200,0.36568327501989517
SRI3,B,2080–2100,3,4300,0.36570871529449356
SRI3,B,2080–2100,3,4400,0.36572497397545595
SRI3,B,2080–2100,3,4500,0.36578918760740453
SRI3,B,2080–2100,3,4600,0.3658250234955731
SRI3,B,2080–2100,3,4700,0.3659313746251926
SRI3,B,2080–2100,3,4800,0.36597245375557774
SRI3,B,2080–2100,3,4900,0.36598895913580953
SRI3,B,2080–2100,3,5000,0.3659950081016653
SRI3,B,2080–2100,3,5100,0.3659995278563924
SRI3,B,2080–2100,3,5200,0.36603540572015525
SRI3,B,2080–2100,3,5300,0.36603035272961015
SRI3,B,2080–2100,3,5400,0.3660361433488643
SRI3,B,2080–2100,3,5500,0.3660500144224247
SRI3,B,2080–2100,3,5600,0.3660827682591228
SRI3,B,2080–2100,3,5700,0.3660967702052333
SRI3,B,2080–2100,3,5800,0.36609970599759933
SRI3,B,2080–2100,3,5900,0.3661444569980637
SRI3,B,2080–2100,3,6000,0.3661436656272169
SRI3,B,2080–2100,3,6100,0.3661534718440058
SRI3,B,2080–2100,3,6200,0.36614541880217677
SRI3,B,2080–2100,3,6300,0.366155601186892
SRI3,B,2080–2100,3,6400,0.3661704415281283
SRI3,B,2080–2100,3,6500,0.36622551370907763
SRI3,B,2080–2100,3,6600,0.3662341481302355
SRI3,B,2080–2100,3,6700,0.3662362276063432
SRI3,B,2080–2100,3,6800,0.3662426530978236
SRI3,B,2080–2100,3,6900,0.3662540089602552
SRI3,B,2080–2100,3,7000,0.36625484578161577
SRI3,B,2080–2100,3,7100,0.36625486847700817
SRI3,B,2080–2100,3,7200,0.36624316954784103
SRI3,B,2080–2100,3,7300,0.36626510501103027
SRI3,B,2080–2100,3,7400,0.366279344273983
SRI3,B,2080–2100,3,7500,0.3662920111796055
SRI3,B,2080–2100,3,7600,0.3662989069109741
SRI3,B,2080–2100,3,7700,0.36631291584210945
SRI3,B,2080–2100,3,7800,0.36631063403270525
SRI3,B,2080–2100,3,7900,0.3663266875226297
SRI3,B,2080–2100,3,8000,0.36632831942023963
SRI3,B,2080–2100,4,100,0.20243157961627856
SRI3,B,2080–2100,4,200,0.2213632198321396
SRI3,B,2080–2100,4,300,0.33078603602507894
SRI3,B,2080–2100,4,400,0.33790615598688917
SRI3,B,2080–2100,4,500,0.34822014065693285
SRI3,B,2080–2100,4,600,0.35174930333829035
SRI3,B,2080–2100,4,700,0.35861448567777454
SRI3,B,2080–2100,4,800,0.36016424571696576
SRI3,B,2080–2100,4,900,0.3608615459660089
SRI3,B,2080–2100,4,1000,0.3620860651050869
SRI3,B,2080–2100,4,1100,0.36245478727233565
SRI3,B,2080–2100,4,1200,0.3627337485452502
SRI3,B,2080–2100,4,1300,0.36322592152854144
SRI3,B,2080–2100,4,1400,0.3634639141497153
SRI3,B,2080–2100,4,1500,0.3636000435548755
SRI3,B,2080–2100,4,1600,0.36365057408028384
SRI3,B,2080–2100,4,1700,0.36415147006810966
SRI3,B,2080–2100,4,1800,0.3641035482715026
SRI3,B,2080–2100,4,1900,0.3644836456568692
SRI3,B,2080–2100,4,2000,0.3648375266291112
SRI3,B,2080–2100,4,2100,0.3649543930415263
SRI3,B,2080–2100,4,2200,0.3651161757421535
SRI3,B,2080–2100,4,2300,0.3651665258163601
SRI3,B,2080–2100,4,2400,0.36523090361172666
SRI3,B,2080–2100,4,2500,0.3652529703065613
SRI3,B,2080–2100,4,2600,0.36526490444743986
SRI3,B,2080–2100,4,2700,0.3653519936186775
SRI3,B,2080–2100,4,2800,0.3654656371014935
SRI3,B,2080–2100,4,2900,0.3655477974298493
SRI3,B,2080–2100,4,3000,0.36566372918948886
SRI3,B,2080–2100,4,3100,0.3655133515892777
SRI3,B,2080–2100,4,3200,0.3656093410538426
SRI3,B,2080–2100,4,3300,0.36568276679632317
SRI3,B,2080–2100,4,3400,0.3657164914488586
SRI3,B,2080–2100,4,3500,0.3656926339564129
SRI3,B,2080–2100,4,3600,0.36570426110364096
SRI3,B,2080–2100,4,3700,0.36572899843078166
SRI3,B,2080–2100,4,3800,0.3657888407018577
SRI3,B,2080–2100,4,3900,0.36578913105440175
SRI3,B,2080–2100,4,4000,0.36579051579904764
SRI3,B,2080–2100,4,4100,0.36579090567985867
SRI3,B,2080–2100,4,4200,0.36579395097872897
SRI3,B,2080–2100,4,4300,0.365811299988421
SRI3,B,2080–2100,4,4400,0.3659081750396474
SRI3,B,2080–2100,4,4500,0.3659209155522651
SRI3,B,2080–2100,4,4600,0.36592423768154175
SRI3,B,2080–2100,4,4700,0.36597376806091564
SRI3,B,2080–2100,4,4800,0.3659860226393602
SRI3,B,2080–2100,4,4900,0.36599031804880766
SRI3,B,2080–2100,4,5000,0.36600420338834305
SRI3,B,2080–2100,4,5100,0.3660298897776108
SRI3,B,2080–2100,4,5200,0.36606686036163205
SRI3,B,2080–2100,4,5300,0.3660833591618038
SRI3,B,2080–2100,4,5400,0.36613059365831413
SRI3,B,2080–2100,4,5500,0.36614116572635624
SRI3,B,2080–2100,4,5600,0.36615391779807516
SRI3,B,2080–2100,4,5700,0.3661558536166009
SRI3,B,2080–2100,4,5800,0.366159084784142
SRI3,B,2080–2100,4,5900,0.36617889038283447
SRI3,B,2080–2100,4,6000,0.3661789811613813
SRI3,B,2080–2100,4,6100,0.3661810308944742
SRI3,B,2080–2100,4,6200,0.36618850601712877
SRI3,B,2080–2100,4,6300,0.3661896743337555
SRI3,B,2080–2100,4,6400,0.3662102170810781
SRI3,B,2080–2100,4,6500,0.3662185276483607
SRI3,B,2080–2100,4,6600,0.3662484722301608
SRI3,B,2080–2100,4,6700,0.36626371524975226
SRI3,B,2080–2100,4,6800,0.3663317648808017
SRI3,B,2080–2100,4,6900,0.36633576090305564
SRI3,B,2080–2100,4,7000,0.36634916607565265
SRI3,B,2080–2100,4,7100,0.36634554837212724
SRI3,B,2080–2100,4,7200,0.3663712239470892
SRI3,B,2080–2100,4,7300,0.3663785273521242
SRI3,B,2080–2100,4,7400,0.3663828619595665
SRI3,B,2080–2100,4,7500,0.36636574401456456
SRI3,B,2080–2100,4,7600,0.3663669903509926
SRI3,B,2080–2100,4,7700,0.3663715246881692
SRI3,B,2080–2100,4,7800,0.36637733826788643
SRI3,B,2080–2100,4,7900,0.3663816304827497
SRI3,B,2080–2100,4,8000,0.366385425125427
SRI3,B,2080–2100,5,100,0.22208330761227818
SRI3,B,2080–2100,5,200,0.23071326897497246
SRI3,B,2080–2100,5,300,0.2443266263022374
SRI3,B,2080–2100,5,400,0.3117346833317006
SRI3,B,2080–2100,5,500,0.3242535340314021
SRI3,B,2080–2100,5,600,0.3369163459904798
SRI3,B,2080–2100,5,700,0.34593762019337904
SRI3,B,2080–2100,5,800,0.3539977892583447
SRI3,B,2080–2100,5,900,0.3555775991941787
SRI3,B,2080–2100,5,1000,0.3572870113061219
SRI3,B,2080–2100,5,1100,0.357490190943079
SRI3,B,2080–2100,5,1200,0.3588285441922414
SRI3,B,2080–2100,5,1300,0.3596380728818194
SRI3,B,2080–2100,5,1400,0.3603268976058354
SRI3,B,2080–2100,5,1500,0.3608221836488332
SRI3,B,2080–2100,5,1600,0.3612471315218859
SRI3,B,2080–2100,5,1700,0.36137234549010777
SRI3,B,2080–2100,5,1800,0.36239945605033547
SRI3,B,2080–2100,5,1900,0.36270264432360777
SRI3,B,2080–2100,5,2000,0.36288269234387266
SRI3,B,2080–2100,5,2100,0.3633404158019713
SRI3,B,2080–2100,5,2200,0.3633530936496888
SRI3,B,2080–2100,5,2300,0.36367246230127626
SRI3,B,2080–2100,5,2400,0.3641221787601603
SRI3,B,2080–2100,5,2500,0.36420087715314
SRI3,B,2080–2100,5,2600,0.3642890070680479
SRI3,B,2080–2100,5,2700,0.3643988697860598
SRI3,B,2080–2100,5,2800,0.3645322078708828
SRI3,B,2080–2100,5,2900,0.36471815438901567
SRI3,B,2080–2100,5,3000,0.36478905533697287
SRI3,B,2080–2100,5,3100,0.36481540676676166
SRI3,B,2080–2100,5,3200,0.36496164262244724
SRI3,B,2080–2100,5,3300,0.36509012211630665
SRI3,B,2080–2100,5,3400,0.3652310898105355
SRI3,B,2080–2100,5,3500,0.3652803976215514
SRI3,B,2080–2100,5,3600,0.3652956831524539
SRI3,B,2080–2100,5,3700,0.3653439129834196
SRI3,B,2080–2100,5,3800,0.3653517287577761
SRI3,B,2080–2100,5,3900,0.36533574025280025
SRI3,B,2080–2100,5,4000,0.36535378163225063
SRI3,B,2080–2100,5,4100,0.36542382890343683
SRI3,B,2080–2100,5,4200,0.3655202846326168
SRI3,B,2080–2100,5,4300,0.36558402513117205
SRI3,B,2080–2100,5,4400,0.36567148721124154
SRI3,B,2080–2100,5,4500,0.36571031744030874
SRI3,B,2080–2100,5,4600,0.3657600099115561
SRI3,B,2080–2100,5,4700,0.36577713187448657
SRI3,B,2080–2100,5,4800,0.36586211861790546
SRI3,B,2080–2100,5,4900,0.36586244267715395
SRI3,B,2080–2100,5,5000,0.3659482353947143
SRI3,B,2080–2100,5,5100,0.36598232108441003
SRI3,B,2080–2100,5,5200,0.3659685404027758
SRI3,B,2080–2100,5,5300,0.3660141899467645
SRI3,B,2080–2100,5,5400,0.3660425983685429
SRI3,B,2080–2100,5,5500,0.36607904826098536
SRI3,B,2080–2100,5,5600,0.36609693311761354
SRI3,B,2080–2100,5,5700,0.36609741869468015
SRI3,B,2080–2100,5,5800,0.3660911986675676
SRI3,B,2080–2100,5,5900,0.3661125435159932
SRI3,B,2080–2100,5,6000,0.36613277193384786
SRI3,B,2080–2100,5,6100,0.3661591604147439
SRI3,B,2080–2100,5,6200,0.36615778331095417
SRI3,B,2080–2100,5,6300,0.3661616392288956
SRI3,B,2080–2100,5,6400,0.36615792808855163
SRI3,B,2080–2100,5,6500,0.3661843204573536
SRI3,B,2080–2100,5,6600,0.3661702338276649
SRI3,B,2080–2100,5,6700,0.3661725084929982
SRI3,B,2080–2100,5,6800,0.3661902928506876
SRI3,B,2080–2100,5,6900,0.36621381273943954
SRI3,B,2080–2100,5,7000,0.3662266722548217
SRI3,B,2080–2100,5,7100,0.3662275796783011
SRI3,B,2080–2100,5,7200,0.3662297502122209
SRI3,B,2080–2100,5,7300,0.36622783417333965
SRI3,B,2080–2100,5,7400,0.3662563693093821
SRI3,B,2080–2100,5,7500,0.3662433337874141
SRI3,B,2080–2100,5,7600,0.36623567500914284
SRI3,B,2080–2100,5,7700,0.3662449310516822
SRI3,B,2080–2100,5,7800,0.3662666893501936
SRI3,B,2080–2100,5,7900,0.3662646749339848
SRI3,B,2080–2100,5,8000,0.36625551281948143
SRI3,B,2080–2100,6,100,0.20011620976941552
SRI3,B,2080–2100,6,200,0.21337773628535345
SRI3,B,2080–2100,6,300,0.22587737284579112
SRI3,B,2080–2100,6,400,0.25161115950057894
SRI3,B,2080–2100,6,500,0.28600833865735953
SRI3,B,2080–2100,6,600,0.3188957910347087
SRI3,B,2080–2100,6,700,0.32452021607665693
SRI3,B,2080–2100,6,800,0.3506933844481458
SRI3,B,2080–2100,6,900,0.3530805265559809
SRI3,B,2080–2100,6,1000,0.35693076309706173
SRI3,B,2080–2100,6,1100,0.35847793406949957
SRI3,B,2080–2100,6,1200,0.3613439932153436
SRI3,B,2080–2100,6,1300,0.361887542744953
SRI3,B,2080–2100,6,1400,0.3622470153246873
SRI3,B,2080–2100,6,1500,0.3623665244965757
SRI3,B,2080–2100,6,1600,0.3625600208683408
SRI3,B,2080–2100,6,1700,0.3627354449156963
SRI3,B,2080–2100,6,1800,0.3633863757682171
SRI3,B,2080–2100,6,1900,0.3635039261651726
SRI3,B,2080–2100,6,2000,0.36355518276954313
SRI3,B,2080–2100,6,2100,0.3636355663014339
SRI3,B,2080–2100,6,2200,0.36401357450993577
SRI3,B,2080–2100,6,2300,0.36412429937616275
SRI3,B,2080–2100,6,2400,0.36415433566104705
SRI3,B,2080–2100,6,2500,0.3639478558658001
SRI3,B,2080–2100,6,2600,0.36413152278751393
SRI3,B,2080–2100,6,2700,0.36464332153358114
SRI3,B,2080–2100,6,2800,0.36484356107967497
SRI3,B,2080–2100,6,2900,0.36494650434896075
SRI3,B,2080–2100,6,3000,0.3650054305612694
SRI3,B,2080–2100,6,3100,0.36517822122889465
SRI3,B,2080–2100,6,3200,0.3654062666680164
SRI3,B,2080–2100,6,3300,0.3655126795840803
SRI3,B,2080–2100,6,3400,0.3656047057837113
SRI3,B,2080–2100,6,3500,0.3656603377211798
SRI3,B,2080–2100,6,3600,0.365668526210626
SRI3,B,2080–2100,6,3700,0.36574288361244167
SRI3,B,2080–2100,6,3800,0.36576408848043174
SRI3,B,2080–2100,6,3900,0.36580445041059995
SRI3,B,2080–2100,6,4000,0.36580362675219313
SRI3,B,2080–2100,6,4100,0.3658244884659898
SRI3,B,2080–2100,6,4200,0.36584873512497024
SRI3,B,2080–2100,6,4300,0.36585257177477576
SRI3,B,2080–2100,6,4400,0.36588683450541726
SRI3,B,2080–2100,6,4500,0.3659148301256808
SRI3,B,2080–2100,6,4600,0.365933900411002
SRI3,B,2080–2100,6,4700,0.36593745523699994
SRI3,B,2080–2100,6,4800,0.36593822461795983
SRI3,B,2080–2100,6,4900,0.3659718800137558
SRI3,B,2080–2100,6,5000,0.365983912738451
SRI3,B,2080–2100,6,5100,0.36597932587650683
SRI3,B,2080–2100,6,5200,0.3659990146795892
SRI3,B,2080–2100,6,5300,0.36601354817380916
SRI3,B,2080–2100,6,5400,0.3660314078070143
SRI3,B,2080–2100,6,5500,0.3659823827814064
SRI3,B,2080–2100,6,5600,0.3660151286398332
SRI3,B,2080–2100,6,5700,0.3660471808766874
SRI3,B,2080–2100,6,5800,0.3660474749194875
SRI3,B,2080–2100,6,5900,0.3660441784619291
SRI3,B,2080–2100,6,6000,0.3660596626877302
SRI3,B,2080–2100,6,6100,0.36607101156459443
SRI3,B,2080–2100,6,6200,0.3660801966122762
SRI3,B,2080–2100,6,6300,0.36611547523632815
SRI3,B,2080–2100,6,6400,0.3661375917846301
SRI3,B,2080–2100,6,6500,0.3661737173222232
SRI3,B,2080–2100,6,6600,0.3661762802557646
SRI3,B,2080–2100,6,6700,0.36619924367884743
SRI3,B,2080–2100,6,6800,0.36623286577123937
SRI3,B,2080–2100,6,6900,0.3662336369637368
SRI3,B,2080–2100,6,7000,0.3662305681165111
SRI3,B,2080–2100,6,7100,0.36624952746601064
SRI3,B,2080–2100,6,7200,0.36624922986494446
SRI3,B,2080–2100,6,7300,0.36626571866645863
SRI3,B,2080–2100,6,7400,0.3662708080962609
SRI3,B,2080–2100,6,7500,0.366292893447973
SRI3,B,2080–2100,6,7600,0.36629424947878886
SRI3,B,2080–2100,6,7700,0.36629819965490773
SRI3,B,2080–2100,6,7800,0.36629904608498315
SRI3,B,2080–2100,6,7900,0.3662848421257888
SRI3,B,2080–2100,6,8000,0.36628763533398634
SRI3,B,2080–2100,7,100,0.20864704281520802
SRI3,B,2080–2100,7,200,0.24258928419964393
SRI3,B,2080–2100,7,300,0.29016590149915555
SRI3,B,2080–2100,7,400,0.3293647322410517
SRI3,B,2080–2100,7,500,0.33378192822145303
SRI3,B,2080–2100,7,600,0.3435028983766938
SRI3,B,2080–2100,7,700,0.34586959898012115
SRI3,B,2080–2100,7,800,0.3482972803763644
SRI3,B,2080–2100,7,900,0.3486847540024445
SRI3,B,2080–2100,7,1000,0.35925577641613005
SRI3,B,2080–2100,7,1100,0.36014928896444837
SRI3,B,2080–2100,7,1200,0.3601444550268751
SRI3,B,2080–2100,7,1300,0.3602844070203185
SRI3,B,2080–2100,7,1400,0.36061471872374784
SRI3,B,2080–2100,7,1500,0.3608104556795483
SRI3,B,2080–2100,7,1600,0.3609982615387196
SRI3,B,2080–2100,7,1700,0.3619765438317799
SRI3,B,2080–2100,7,1800,0.36253703773119983
SRI3,B,2080–2100,7,1900,0.3628367028961944
SRI3,B,2080–2100,7,2000,0.36329888870759464
SRI3,B,2080–2100,7,2100,0.3636740747626526
SRI3,B,2080–2100,7,2200,0.3637975610570039
SRI3,B,2080–2100,7,2300,0.3639487424977624
SRI3,B,2080–2100,7,2400,0.36404508998077423
SRI3,B,2080–2100,7,2500,0.36417587621145964
SRI3,B,2080–2100,7,2600,0.3642822016963274
SRI3,B,2080–2100,7,2700,0.364444005161387
SRI3,B,2080–2100,7,2800,0.3647225249038075
SRI3,B,2080–2100,7,2900,0.3648375022318343
SRI3,B,2080–2100,7,3000,0.36499563993699546
SRI3,B,2080–2100,7,3100,0.3648680177550317
SRI3,B,2080–2100,7,3200,0.3650614554051478
SRI3,B,2080–2100,7,3300,0.3652182169169428
SRI3,B,2080–2100,7,3400,0.365250749215108
SRI3,B,2080–2100,7,3500,0.3653776150689827
SRI3,B,2080–2100,7,3600,0.3654785152468592
SRI3,B,2080–2100,7,3700,0.36550238206681723
SRI3,B,2080–2100,7,3800,0.36554371567605565
SRI3,B,2080–2100,7,3900,0.3655580414193641
SRI3,B,2080–2100,7,4000,0.36564573871112205
SRI3,B,2080–2100,7,4100,0.3656737763528668
SRI3,B,2080–2100,7,4200,0.36578085148302675
SRI3,B,2080–2100,7,4300,0.36583651054132116
SRI3,B,2080–2100,7,4400,0.365867536152209
SRI3,B,2080–2100,7,4500,0.3658770431018563
SRI3,B,2080–2100,7,4600,0.3658905852581286
SRI3,B,2080–2100,7,4700,0.3659821136911004
SRI3,B,2080–2100,7,4800,0.36597282706034157
SRI3,B,2080–2100,7,4900,0.36596094963176296
SRI3,B,2080–2100,7,5000,0.3659800949565194
SRI3,B,2080–2100,7,5100,0.3660296524292198
SRI3,B,2080–2100,7,5200,0.36601740077585987
SRI3,B,2080–2100,7,5300,0.36603947853017765
SRI3,B,2080–2100,7,5400,0.3660517914125192
SRI3,B,2080–2100,7,5500,0.3660940066910951
SRI3,B,2080–2100,7,5600,0.36608165762866235
SRI3,B,2080–2100,7,5700,0.3660983322401229
SRI3,B,2080–2100,7,5800,0.36614055701508447
SRI3,B,2080–2100,7,5900,0.36615548446199914
SRI3,B,2080–2100,7,6000,0.3661676071891578
SRI3,B,2080–2100,7,6100,0.36618305248152183
SRI3,B,2080–2100,7,6200,0.36618647554299183
SRI3,B,2080–2100,7,6300,0.36619345221277305
SRI3,B,2080–2100,7,6400,0.3662116696335863
SRI3,B,2080–2100,7,6500,0.36620831498338813
SRI3,B,2080–2100,7,6600,0.3662254629027667
SRI3,B,2080–2100,7,6700,0.3662407292138759
SRI3,B,2080–2100,7,6800,0.3662587847999563
SRI3,B,2080–2100,7,6900,0.366260299058892
SRI3,B,2080–2100,7,7000,0.36627992136168896
SRI3,B,2080–2100,7,7100,0.3663174334190089
SRI3,B,2080–2100,7,7200,0.36631180486353976
SRI3,B,2080–2100,7,7300,0.366333023913012
SRI3,B,2080–2100,7,7400,0.36632643913344004
SRI3,B,2080–2100,7,7500,0.3663400454127316
SRI3,B,2080–2100,7,7600,0.3663452368631814
SRI3,B,2080–2100,7,7700,0.36635195375540086
SRI3,B,2080–2100,7,7800,0.36635416771218654
SRI3,B,2080–2100,7,7900,0.3663633240512515
SRI3,B,2080–2100,7,8000,0.36636628360467044
SRI6,A,2020–2040,1,100,0.4671143465046471
SRI6,A,2020–2040,1,200,0.5781939881912623
SRI6,A,2020–2040,1,300,0.7556359248962736
SRI6,A,2020–2040,1,400,0.7699683308371196
SRI6,A,2020–2040,1,500,0.7843583544195348
SRI6,A,2020–2040,1,600,0.786316022317376
SRI6,A,2020–2040,1,700,0.7859075984061451
SRI6,A,2020–2040,1,800,0.786180466862936
SRI6,A,2020–2040,1,900,0.7865715650137799
SRI6,A,2020–2040,1,1000,0.7882507639128028
SRI6,A,2020–2040,1,1100,0.7882560222548979
SRI6,A,2020–2040,1,1200,0.7885252068429148
SRI6,A,2020–2040,1,1300,0.7883671361264946
SRI6,A,2020–2040,1,1400,0.7884892298305105
SRI6,A,2020–2040,1,1500,0.7891263694628837
SRI6,A,2020–2040,1,1600,0.7899844270781983
SRI6,A,2020–2040,1,1700,0.790044243194673
SRI6,A,2020–2040,1,1800,0.7902809926237233
SRI6,A,2020–2040,1,1900,0.790456192551575
SRI6,A,2020–2040,1,2000,0.7905489444616107
SRI6,A,2020–2040,1,2100,0.7931017454382364
SRI6,A,2020–2040,1,2200,0.7933887776832236
SRI6,A,2020–2040,1,2300,0.793610780935323
SRI6,A,2020–2040,1,2400,0.7936450000065824
SRI6,A,2020–2040,1,2500,0.7936637671483852
SRI6,A,2020–2040,1,2600,0.7936722235477813
SRI6,A,2020–2040,1,2700,0.793648745232729
SRI6,A,2020–2040,1,2800,0.7937066758373458
SRI6,A,2020–2040,1,2900,0.7937819806902924
SRI6,A,2020–2040,1,3000,0.7938144395183993
SRI6,A,2020–2040,1,3100,0.7940237185223749
SRI6,A,2020–2040,1,3200,0.7942285022773005
SRI6,A,2020–2040,1,3300,0.7943132521603828
SRI6,A,2020–2040,1,3400,0.7943613868641287
SRI6,A,2020–2040,1,3500,0.7945152467060678
SRI6,A,2020–2040,1,3600,0.7946356830115857
SRI6,A,2020–2040,1,3700,0.7946751922657928
SRI6,A,2020–2040,1,3800,0.7947065610659693
SRI6,A,2020–2040,1,3900,0.7947033705207703
SRI6,A,2020–2040,1,4000,0.7947222497889521
SRI6,A,2020–2040,1,4100,0.7948173310947226
SRI6,A,2020–2040,1,4200,0.79499109367942
SRI6,A,2020–2040,1,4300,0.7951743348783227
SRI6,A,2020–2040,1,4400,0.7951997516812923
SRI6,A,2020–2040,1,4500,0.7951542944607787
SRI6,A,2020–2040,1,4600,0.7952598808395722
SRI6,A,2020–2040,1,4700,0.7952598811268826
SRI6,A,2020–2040,1,4800,0.7953016722166227
SRI6,A,2020–2040,1,4900,0.7953593003842782
SRI6,A,2020–2040,1,5000,0.795767697514063
SRI6,A,2020–2040,1,5100,0.7959501991250589
SRI6,A,2020–2040,1,5200,0.7960011069016968
SRI6,A,2020–2040,1,5300,0.7959960945807796
SRI6,A,2020–2040,1,5400,0.7959850401855493
SRI6,A,2020–2040,1,5500,0.7959754964951564
SRI6,A,2020–2040,1,5600,0.7959539075906453
SRI6,A,2020–2040,1,5700,0.7962705737393116
SRI6,A,2020–2040,1,5800,0.7962789853843836
SRI6,A,2020–2040,1,5900,0.7963394019648605
SRI6,A,2020–2040,1,6000,0.7963457268688734
SRI6,A,2020–2040,1,6100,0.7963443768916727
SRI6,A,2020–2040,1,6200,0.7964037440139146
SRI6,A,2020–2040,1,6300,0.7964072109339783
SRI6,A,2020–2040,1,6400,0.7963828820158793
SRI6,A,2020–2040,1,6500,0.796384015695966
SRI6,A,2020–2040,1,6600,0.796384084069889
SRI6,A,2020–2040,1,6700,0.7963849712942338
SRI6,A,2020–2040,1,6800,0.7963849712942338
SRI6,A,2020–2040,1,6900,0.7963834607142792
SRI6,A,2020–2040,1,7000,0.796384601292891
SRI6,A,2020–2040,1,7100,0.7963653573409599
SRI6,A,2020–2040,1,7200,0.7963654702899416
SRI6,A,2020–2040,1,7300,0.7963646839398522
SRI6,A,2020–2040,1,7400,0.7963785806423143
SRI6,A,2020–2040,1,7500,0.796378580651316
SRI6,A,2020–2040,1,7600,0.7963775440776403
SRI6,A,2020–2040,1,7700,0.7964083089223175
SRI6,A,2020–2040,1,7800,0.7963986261737422
SRI6,A,2020–2040,1,7900,0.7964013097801428
SRI6,A,2020–2040,1,8000,0.7964247367012344
SRI6,A,2020–2040,2,100,0.47703385623205635
SRI6,A,2020–2040,2,200,0.5271858663478546
SRI6,A,2020–2040,2,300,0.7452587785957969
SRI6,A,2020–2040,2,400,0.7566817210338008
SRI6,A,2020–2040,2,500,0.7718140999640906
SRI6,A,2020–2040,2,600,0.7950362967882961
SRI6,A,2020–2040,2,700,0.7951624426171613
SRI6,A,2020–2040,2,800,0.7953086890635249
SRI6,A,2020–2040,2,900,0.7955961295771972
SRI6,A,2020–2040,2,1000,0.7966860900816484
SRI6,A,2020–2040,2,1100,0.7960949121288128
SRI6,A,2020–2040,2,1200,0.7962459792336136
SRI6,A,2020–2040,2,1300,0.7962149242842977
SRI6,A,2020–2040,2,1400,0.79630979348717
SRI6,A,2020–2040,2,1500,0.7963333027461571
SRI6,A,2020–2040,2,1600,0.7963539297965649
SRI6,A,2020–2040,2,1700,0.7964604692904711
SRI6,A,2020–2040,2,1800,0.7965320303560999
SRI6,A,2020–2040,2,1900,0.7963725007967154
SRI6,A,2020–2040,2,2000,0.7963946693893251
SRI6,A,2020–2040,2,2100,0.7963959137859516
SRI6,A,2020–2040,2,2200,0.7963961463956123
SRI6,A,2020–2040,2,2300,0.7963873170463428
SRI6,A,2020–2040,2,2400,0.7963767066374874
SRI6,A,2020–2040,2,2500,0.7963953461744322
SRI6,A,2020–2040,2,2600,0.7964277228625722
SRI6,A,2020–2040,2,2700,0.7964216786233507
SRI6,A,2020–2040,2,2800,0.7964785432252844
SRI6,A,2020–2040,2,2900,0.7964516193101029
SRI6,A,2020–2040,2,3000,0.7964652278052019
SRI6,A,2020–2040,2,3100,0.7964883211503688
SRI6,A,2020–2040,2,3200,0.7965001572824981
SRI6,A,2020–2040,2,3300,0.7965191078859583
SRI6,A,2020–2040,2,3400,0.7965210455624018
SRI6,A,2020–2040,2,3500,0.7965270961681548
SRI6,A,2020–2040,2,3600,0.796539275738784
SRI6,A,2020–2040,2,3700,0.7965389840797891
SRI6,A,2020–2040,2,3800,0.7965674390558433
SRI6,A,2020–2040,2,3900,0.7966006119767568
SRI6,A,2020–2040,2,4000,0.7965895252473862
SRI6,A,2020–2040,2,4100,0.796588742225117
SRI6,A,2020–2040,2,4200,0.7966161386720596
SRI6,A,2020–2040,2,4300,0.7966079022938293
SRI6,A,2020–2040,2,4400,0.7966160428091559
SRI6,A,2020–2040,2,4500,0.7966127373993017
SRI6,A,2020–2040,2,4600,0.7966251870956288
SRI6,A,2020–2040,2,4700,0.7966519166027916
SRI6,A,2020–2040,2,4800,0.7966570645146818
SRI6,A,2020–2040,2,4900,0.7966689473176206
SRI6,A,2020–2040,2,5000,0.7966689478982555
SRI6,A,2020–2040,2,5100,0.7966735190924227
SRI6,A,2020–2040,2,5200,0.7966477010386984
SRI6,A,2020–2040,2,5300,0.7966477010386984
SRI6,A,2020–2040,2,5400,0.7966517394912785
SRI6,A,2020–2040,2,5500,0.7966553340817588
SRI6,A,2020–2040,2,5600,0.7966588203112351
SRI6,A,2020–2040,2,5700,0.7966740997310824
SRI6,A,2020–2040,2,5800,0.7966843722342769
SRI6,A,2020–2040,2,5900,0.7966907787255173
SRI6,A,2020–2040,2,6000,0.7966909710851052
SRI6,A,2020–2040,2,6100,0.7966913253449867
SRI6,A,2020–2040,2,6200,0.7966811929048033
SRI6,A,2020–2040,2,6300,0.7966943423283525
SRI6,A,2020–2040,2,6400,0.7966943348715552
SRI6,A,2020–2040,2,6500,0.7966948597952827
SRI6,A,2020–2040,2,6600,0.7966948647634208
SRI6,A,2020–2040,2,6700,0.7966948647634208
SRI6,A,2020–2040,2,6800,0.7966942674751671
SRI6,A,2020–2040,2,6900,0.7966968140213561
SRI6,A,2020–2040,2,7000,0.7966966399217003
SRI6,A,2020–2040,2,7100,0.7966952260567208
SRI6,A,2020–2040,2,7200,0.7966976551851059
SRI6,A,2020–2040,2,7300,0.7967319517972684
SRI6,A,2020–2040,2,7400,0.7967319517972684
SRI6,A,2020–2040,2,7500,0.7967319517972684
SRI6,A,2020–2040,2,7600,0.796732158891819
SRI6,A,2020–2040,2,7700,0.7967321593224652
SRI6,A,2020–2040,2,7800,0.7967321593224652
SRI6,A,2020–2040,2,7900,0.7967321593224652
SRI6,A,2020–2040,2,8000,0.7967299750041534
SRI6,A,2020–2040,3,100,0.5359842497044531
SRI6,A,2020–2040,3,200,0.5373546402367116
SRI6,A,2020–2040,3,300,0.6904155042524887
SRI6,A,2020–2040,3,400,0.7693828220120035
SRI6,A,2020–2040,3,500,0.7881597826353157
SRI6,A,2020–2040,3,600,0.7894886685423222
SRI6,A,2020–2040,3,700,0.7899710270510205
SRI6,A,2020–2040,3,800,0.79115586784266
SRI6,A,2020–2040,3,900,0.7914146171919682
SRI6,A,2020–2040,3,1000,0.7919850913969977
SRI6,A,2020–2040,3,1100,0.7961607020453233
SRI6,A,2020–2040,3,1200,0.7964383051980075
SRI6,A,2020–2040,3,1300,0.7962344704300816
SRI6,A,2020–2040,3,1400,0.7961233814661604
SRI6,A,2020–2040,3,1500,0.7963955585028251
SRI6,A,2020–2040,3,1600,0.7954998178611652
SRI6,A,2020–2040,3,1700,0.7956398259341814
SRI6,A,2020–2040,3,1800,0.7958446228747718
SRI6,A,2020–2040,3,1900,0.7958851876881429
SRI6,A,2020–2040,3,2000,0.795931820247426
SRI6,A,2020–2040,3,2100,0.7959875642425688
SRI6,A,2020–2040,3,2200,0.7960475666063072
SRI6,A,2020–2040,3,2300,0.7960363930973287
SRI6,A,2020–2040,3,2400,0.79603876101299
SRI6,A,2020–2040,3,2500,0.7960499516328359
SRI6,A,2020–2040,3,2600,0.7960385464756748
SRI6,A,2020–2040,3,2700,0.7960596583075085
SRI6,A,2020–2040,3,2800,0.7960849873910799
SRI6,A,2020–2040,3,2900,0.7960958230271489
SRI6,A,2020–2040,3,3000,0.7963587546265487
SRI6,A,2020–2040,3,3100,0.7963582803276166
SRI6,A,2020–2040,3,3200,0.7963428525926334
SRI6,A,2020–2040,3,3300,0.7963641307076885
SRI6,A,2020–2040,3,3400,0.7964143768787105
SRI6,A,2020–2040,3,3500,0.7964156854092792
SRI6,A,2020–2040,3,3600,0.7964426478853665
SRI6,A,2020–2040,3,3700,0.7965134671919669
SRI6,A,2020–2040,3,3800,0.7965146624987613
SRI6,A,2020–2040,3,3900,0.7966533868139223
SRI6,A,2020–2040,3,4000,0.7966726481828124
SRI6,A,2020–2040,3,4100,0.7966808591280371
SRI6,A,2020–2040,3,4200,0.7966846821397109
SRI6,A,2020–2040,3,4300,0.7966643920223755
SRI6,A,2020–2040,3,4400,0.7966639013920633
SRI6,A,2020–2040,3,4500,0.7966717369165532
SRI6,A,2020–2040,3,4600,0.7966735711925123
SRI6,A,2020–2040,3,4700,0.7966639871882395
SRI6,A,2020–2040,3,4800,0.7967107385359645
SRI6,A,2020–2040,3,4900,0.7967075409247178
SRI6,A,2020–2040,3,5000,0.796664104144992
SRI6,A,2020–2040,3,5100,0.7966734818962382
SRI6,A,2020–2040,3,5200,0.7966734818962382
SRI6,A,2020–2040,3,5300,0.7966706919471331
SRI6,A,2020–2040,3,5400,0.7966706849223659
SRI6,A,2020–2040,3,5500,0.7966690655204045
SRI6,A,2020–2040,3,5600,0.7966729417764231
SRI6,A,2020–2040,3,5700,0.7966731630314385
SRI6,A,2020–2040,3,5800,0.7966759689306515
SRI6,A,2020–2040,3,5900,0.7966763729760756
SRI6,A,2020–2040,3,6000,0.7966763729760756
SRI6,A,2020–2040,3,6100,0.7966810532838419
SRI6,A,2020–2040,3,6200,0.7966873738069828
SRI6,A,2020–2040,3,6300,0.7966851813374113
SRI6,A,2020–2040,3,6400,0.7966860945286458
SRI6,A,2020–2040,3,6500,0.7966880696232563
SRI6,A,2020–2040,3,6600,0.7966820868039554
SRI6,A,2020–2040,3,6700,0.796682397108822
SRI6,A,2020–2040,3,6800,0.796682398590071
SRI6,A,2020–2040,3,6900,0.7966846493008278
SRI6,A,2020–2040,3,7000,0.7966853195493829
SRI6,A,2020–2040,3,7100,0.7966853195493829
SRI6,A,2020–2040,3,7200,0.7966816570360791
SRI6,A,2020–2040,3,7300,0.7966811681309534
SRI6,A,2020–2040,3,7400,0.7966787273414497
SRI6,A,2020–2040,3,7500,0.7966785027913524
SRI6,A,2020–2040,3,7600,0.7966733278931059
SRI6,A,2020–2040,3,7700,0.7966734012034101
SRI6,A,2020–2040,3,7800,0.7966734012034101
SRI6,A,2020–2040,3,7900,0.7966767174805117
SRI6,A,2020–2040,3,8000,0.7966729325072882
SRI6,A,2020–2040,4,100,0.4886711411350754
SRI6,A,2020–2040,4,200,0.5410323451973417
SRI6,A,2020–2040,4,300,0.7221911692430727
SRI6,A,2020–2040,4,400,0.7693868279656144
SRI6,A,2020–2040,4,500,0.789984230377831
SRI6,A,2020–2040,4,600,0.7935502227322763
SRI6,A,2020–2040,4,700,0.7940974988947096
SRI6,A,2020–2040,4,800,0.7947375948900387
SRI6,A,2020–2040,4,900,0.7953781373610613
SRI6,A,2020–2040,4,1000,0.7965556811350458
SRI6,A,2020–2040,4,1100,0.7968133920063849
SRI6,A,2020–2040,4,1200,0.7970175911049757
SRI6,A,2020–2040,4,1300,0.7970916689008366
SRI6,A,2020–2040,4,1400,0.7966605289601251
SRI6,A,2020–2040,4,1500,0.7966538105271108
SRI6,A,2020–2040,4,1600,0.7963760096069363
SRI6,A,2020–2040,4,1700,0.7963940369424052
SRI6,A,2020–2040,4,1800,0.7964243161034825
SRI6,A,2020–2040,4,1900,0.7964695101164035
SRI6,A,2020–2040,4,2000,0.7964692546780079
SRI6,A,2020–2040,4,2100,0.7965222033807895
SRI6,A,2020–2040,4,2200,0.7965345210562228
SRI6,A,2020–2040,4,2300,0.7965627209297336
SRI6,A,2020–2040,4,2400,0.7965687465137318
SRI6,A,2020–2040,4,2500,0.7965561133174958
SRI6,A,2020–2040,4,2600,0.7965561696381266
SRI6,A,2020–2040,4,2700,0.7965602255996771
SRI6,A,2020–2040,4,2800,0.7965706216749296
SRI6,A,2020–2040,4,2900,0.7965701079822827
SRI6,A,2020–2040,4,3000,0.7965722974984955
SRI6,A,2020–2040,4,3100,0.7965552618073947
SRI6,A,2020–2040,4,3200,0.7965637624721998
SRI6,A,2020–2040,4,3300,0.7966021945306467
SRI6,A,2020–2040,4,3400,0.7966552708688782
SRI6,A,2020–2040,4,3500,0.7966547477046435
SRI6,A,2020–2040,4,3600,0.7966623405063834
SRI6,A,2020–2040,4,3700,0.7966617726510367
SRI6,A,2020–2040,4,3800,0.7966385723903854
SRI6,A,2020–2040,4,3900,0.7966761970159697
SRI6,A,2020–2040,4,4000,0.7966716146177888
SRI6,A,2020–2040,4,4100,0.7966678061971177
SRI6,A,2020–2040,4,4200,0.7966671010436466
SRI6,A,2020–2040,4,4300,0.7966709050826837
SRI6,A,2020–2040,4,4400,0.7966675321968559
SRI6,A,2020–2040,4,4500,0.7966525525388648
SRI6,A,2020–2040,4,4600,0.7966511859782057
SRI6,A,2020–2040,4,4700,0.7966417128275058
SRI6,A,2020–2040,4,4800,0.796647854100824
SRI6,A,2020–2040,4,4900,0.7966581807892483
SRI6,A,2020–2040,4,5000,0.7966647325792923
SRI6,A,2020–2040,4,5100,0.7966647325792923
SRI6,A,2020–2040,4,5200,0.7966647325792923
SRI6,A,2020–2040,4,5300,0.7966647325792923
SRI6,A,2020–2040,4,5400,0.7966670510260718
SRI6,A,2020–2040,4,5500,0.7966682503398171
SRI6,A,2020–2040,4,5600,0.7966709395300574
SRI6,A,2020–2040,4,5700,0.7966710243715296
SRI6,A,2020–2040,4,5800,0.7966789283773649
SRI6,A,2020–2040,4,5900,0.796714304243638
SRI6,A,2020–2040,4,6000,0.7967139485014909
SRI6,A,2020–2040,4,6100,0.7967120698777241
SRI6,A,2020–2040,4,6200,0.7967184895758336
SRI6,A,2020–2040,4,6300,0.7967184896138848
SRI6,A,2020–2040,4,6400,0.7967281129542158
SRI6,A,2020–2040,4,6500,0.796729864319041
SRI6,A,2020–2040,4,6600,0.7967249341452638
SRI6,A,2020–2040,4,6700,0.796725329845723
SRI6,A,2020–2040,4,6800,0.796725329845723
SRI6,A,2020–2040,4,6900,0.7967253316809361
SRI6,A,2020–2040,4,7000,0.7967773680189923
SRI6,A,2020–2040,4,7100,0.7967865843145985
SRI6,A,2020–2040,4,7200,0.7967864694481139
SRI6,A,2020–2040,4,7300,0.7967864856768662
SRI6,A,2020–2040,4,7400,0.7967867334462677
SRI6,A,2020–2040,4,7500,0.7967883983251105
SRI6,A,2020–2040,4,7600,0.7967879715775771
SRI6,A,2020–2040,4,7700,0.7967879715775771
SRI6,A,2020–2040,4,7800,0.7967932057871389
SRI6,A,2020–2040,4,7900,0.7967937876978451
SRI6,A,2020–2040,4,8000,0.7967935305489627
SRI6,A,2020–2040,5,100,0.4615071833449938
SRI6,A,2020–2040,5,200,0.47164891268011266
SRI6,A,2020–2040,5,300,0.6937205258777186
SRI6,A,2020–2040,5,400,0.7097596507904238
SRI6,A,2020–2040,5,500,0.7639570346968438
SRI6,A,2020–2040,5,600,0.7910812092904365
SRI6,A,2020–2040,5,700,0.7923332738563176
SRI6,A,2020–2040,5,800,0.7930337931388657
SRI6,A,2020–2040,5,900,0.7927479743598306
SRI6,A,2020–2040,5,1000,0.7933761794124016
SRI6,A,2020–2040,5,1100,0.7936228254258492
SRI6,A,2020–2040,5,1200,0.7939940477748916
SRI6,A,2020–2040,5,1300,0.7940630375476753
SRI6,A,2020–2040,5,1400,0.7944538843661825
SRI6,A,2020–2040,5,1500,0.7944563752421238
SRI6,A,2020–2040,5,1600,0.7947469996059046
SRI6,A,2020–2040,5,1700,0.7955751354754823
SRI6,A,2020–2040,5,1800,0.7955748329738931
SRI6,A,2020–2040,5,1900,0.7958058441541661
SRI6,A,2020–2040,5,2000,0.7957897223532989
SRI6,A,2020–2040,5,2100,0.7957794228135842
SRI6,A,2020–2040,5,2200,0.7958529694935907
SRI6,A,2020–2040,5,2300,0.7959041529312053
SRI6,A,2020–2040,5,2400,0.7960160600667083
SRI6,A,2020–2040,5,2500,0.7960403720055207
SRI6,A,2020–2040,5,2600,0.7960880669458664
SRI6,A,2020–2040,5,2700,0.7961519007280082
SRI6,A,2020–2040,5,2800,0.7964861111017983
SRI6,A,2020–2040,5,2900,0.7964943889872484
SRI6,A,2020–2040,5,3000,0.7965041928398066
SRI6,A,2020–2040,5,3100,0.7965009154502923
SRI6,A,2020–2040,5,3200,0.7965104497390386
SRI6,A,2020–2040,5,3300,0.7965106799205309
SRI6,A,2020–2040,5,3400,0.7965104596171714
SRI6,A,2020–2040,5,3500,0.7965135631307181
SRI6,A,2020–2040,5,3600,0.796506442960091
SRI6,A,2020–2040,5,3700,0.7964699599807343
SRI6,A,2020–2040,5,3800,0.7964985531226088
SRI6,A,2020–2040,5,3900,0.7965099035320135
SRI6,A,2020–2040,5,4000,0.7966134441402332
SRI6,A,2020–2040,5,4100,0.7966171709313203
SRI6,A,2020–2040,5,4200,0.7966173957762054
SRI6,A,2020–2040,5,4300,0.7966262478142979
SRI6,A,2020–2040,5,4400,0.7966398629971247
SRI6,A,2020–2040,5,4500,0.7966305577048595
SRI6,A,2020–2040,5,4600,0.796633207856063
SRI6,A,2020–2040,5,4700,0.7966415059595259
SRI6,A,2020–2040,5,4800,0.7966596501765143
SRI6,A,2020–2040,5,4900,0.796657861133027
SRI6,A,2020–2040,5,5000,0.7966607524836147
SRI6,A,2020–2040,5,5100,0.7966608488934571
SRI6,A,2020–2040,5,5200,0.7966525475631019
SRI6,A,2020–2040,5,5300,0.7966523925675899
SRI6,A,2020–2040,5,5400,0.7966685105181854
SRI6,A,2020–2040,5,5500,0.7966808708782271
SRI6,A,2020–2040,5,5600,0.7966809612439516
SRI6,A,2020–2040,5,5700,0.7966790143305815
SRI6,A,2020–2040,5,5800,0.7966790143305815
SRI6,A,2020–2040,5,5900,0.796679200256017
SRI6,A,2020–2040,5,6000,0.7966804915410395
SRI6,A,2020–2040,5,6100,0.7966793730876929
SRI6,A,2020–2040,5,6200,0.7966841516242238
SRI6,A,2020–2040,5,6300,0.7966903917951992
SRI6,A,2020–2040,5,6400,0.7966903901132935
SRI6,A,2020–2040,5,6500,0.7966901188626876
SRI6,A,2020–2040,5,6600,0.7966898115459287
SRI6,A,2020–2040,5,6700,0.796692376174404
SRI6,A,2020–2040,5,6800,0.7966953590805204
SRI6,A,2020–2040,5,6900,0.7966947445023707
SRI6,A,2020–2040,5,7000,0.7966916638856054
SRI6,A,2020–2040,5,7100,0.7966916638856054
SRI6,A,2020–2040,5,7200,0.7966919627119806
SRI6,A,2020–2040,5,7300,0.7967450457284415
SRI6,A,2020–2040,5,7400,0.7967452391366148
SRI6,A,2020–2040,5,7500,0.7967414969060339
SRI6,A,2020–2040,5,7600,0.7967414969915182
SRI6,A,2020–2040,5,7700,0.7967414969915182
SRI6,A,2020–2040,5,7800,0.7967373812265527
SRI6,A,2020–2040,5,7900,0.7967430246559971
SRI6,A,2020–2040,5,8000,0.7967430528891428
SRI6,A,2020–2040,6,100,0.4663438859747008
SRI6,A,2020–2040,6,200,0.4883339532707184
SRI6,A,2020–2040,6,300,0.692555706267092
SRI6,A,2020–2040,6,400,0.7838272268991185
SRI6,A,2020–2040,6,500,0.7872998734454276
SRI6,A,2020–2040,6,600,0.7901628540422606
SRI6,A,2020–2040,6,700,0.7904407287588823
SRI6,A,2020–2040,6,800,0.7924399926711074
SRI6,A,2020–2040,6,900,0.7928906836317413
SRI6,A,2020–2040,6,1000,0.7945377265617055
SRI6,A,2020–2040,6,1100,0.7950099990060482
SRI6,A,2020–2040,6,1200,0.7950073947925018
SRI6,A,2020–2040,6,1300,0.7950929491106135
SRI6,A,2020–2040,6,1400,0.7951129980877663
SRI6,A,2020–2040,6,1500,0.7958456146614494
SRI6,A,2020–2040,6,1600,0.7959817246173762
SRI6,A,2020–2040,6,1700,0.7960538149376356
SRI6,A,2020–2040,6,1800,0.7960749146315484
SRI6,A,2020–2040,6,1900,0.79608386403914
SRI6,A,2020–2040,6,2000,0.7959994824642463
SRI6,A,2020–2040,6,2100,0.7960525212556134
SRI6,A,2020–2040,6,2200,0.7960678743854949
SRI6,A,2020–2040,6,2300,0.7962003165110207
SRI6,A,2020–2040,6,2400,0.7962335938681593
SRI6,A,2020–2040,6,2500,0.7961724810728688
SRI6,A,2020–2040,6,2600,0.7962000603302615
SRI6,A,2020–2040,6,2700,0.7961879633156363
SRI6,A,2020–2040,6,2800,0.7962447318559842
SRI6,A,2020–2040,6,2900,0.7962536236291259
SRI6,A,2020–2040,6,3000,0.7962541963483325
SRI6,A,2020–2040,6,3100,0.7963439152981726
SRI6,A,2020–2040,6,3200,0.7963983872983278
SRI6,A,2020–2040,6,3300,0.7964855434476321
SRI6,A,2020–2040,6,3400,0.7964817853159921
SRI6,A,2020–2040,6,3500,0.7965017592821741
SRI6,A,2020–2040,6,3600,0.7965295369892355
SRI6,A,2020–2040,6,3700,0.7965391476869417
SRI6,A,2020–2040,6,3800,0.7965330404443791
SRI6,A,2020–2040,6,3900,0.7965198580033865
SRI6,A,2020–2040,6,4000,0.796515579277177
SRI6,A,2020–2040,6,4100,0.7965156377287017
SRI6,A,2020–2040,6,4200,0.7965180530290532
SRI6,A,2020–2040,6,4300,0.7966284180265029
SRI6,A,2020–2040,6,4400,0.7966802544953352
SRI6,A,2020–2040,6,4500,0.7967097879919083
SRI6,A,2020–2040,6,4600,0.7967106600936462
SRI6,A,2020–2040,6,4700,0.796722919546402
SRI6,A,2020–2040,6,4800,0.7967122012854997
SRI6,A,2020–2040,6,4900,0.7967160726968026
SRI6,A,2020–2040,6,5000,0.7967765945399321
SRI6,A,2020–2040,6,5100,0.7967882029430697
SRI6,A,2020–2040,6,5200,0.7967971366233304
SRI6,A,2020–2040,6,5300,0.7968065738620012
SRI6,A,2020–2040,6,5400,0.796811921074473
SRI6,A,2020–2040,6,5500,0.7968119210781133
SRI6,A,2020–2040,6,5600,0.7968110222980106
SRI6,A,2020–2040,6,5700,0.7968110823861742
SRI6,A,2020–2040,6,5800,0.7968106865230429
SRI6,A,2020–2040,6,5900,0.7968064458958676
SRI6,A,2020–2040,6,6000,0.7968116128930055
SRI6,A,2020–2040,6,6100,0.79681770015965
SRI6,A,2020–2040,6,6200,0.7968168066357965
SRI6,A,2020–2040,6,6300,0.7968169286701307
SRI6,A,2020–2040,6,6400,0.7968172500848458
SRI6,A,2020–2040,6,6500,0.7968195554060612
SRI6,A,2020–2040,6,6600,0.7968200256903537
SRI6,A,2020–2040,6,6700,0.7968199201378393
SRI6,A,2020–2040,6,6800,0.7968198431923248
SRI6,A,2020–2040,6,6900,0.7968215098682254
SRI6,A,2020–2040,6,7000,0.796821489998477
SRI6,A,2020–2040,6,7100,0.7968208141171366
SRI6,A,2020–2040,6,7200,0.7968237978663116
SRI6,A,2020–2040,6,7300,0.7968224955951986
SRI6,A,2020–2040,6,7400,0.796822644026042
SRI6,A,2020–2040,6,7500,0.7968226797128626
SRI6,A,2020–2040,6,7600,0.7968229692675373
SRI6,A,2020–2040,6,7700,0.7968302530014346
SRI6,A,2020–2040,6,7800,0.7968302530014346
SRI6,A,2020–2040,6,7900,0.7968358723533681
SRI6,A,2020–2040,6,8000,0.7968345193421787
SRI6,A,2020–2040,7,100,0.4896840499331784
SRI6,A,2020–2040,7,200,0.5206301621117545
SRI6,A,2020–2040,7,300,0.7121936795928289
SRI6,A,2020–2040,7,400,0.7477588904149639
SRI6,A,2020–2040,7,500,0.7646855955581038
SRI6,A,2020–2040,7,600,0.7925511142101551
SRI6,A,2020–2040,7,700,0.7940324045384713
SRI6,A,2020–2040,7,800,0.7945429006036419
SRI6,A,2020–2040,7,900,0.7950936006944186
SRI6,A,2020–2040,7,1000,0.7956441272868995
SRI6,A,2020–2040,7,1100,0.7960297930486249
SRI6,A,2020–2040,7,1200,0.7960677807483795
SRI6,A,2020–2040,7,1300,0.7959735821989979
SRI6,A,2020–2040,7,1400,0.7960283224735908
SRI6,A,2020–2040,7,1500,0.7960888845364106
SRI6,A,2020–2040,7,1600,0.7961542847064819
SRI6,A,2020–2040,7,1700,0.7961478217025606
SRI6,A,2020–2040,7,1800,0.7961478961958712
SRI6,A,2020–2040,7,1900,0.7961686714051701
SRI6,A,2020–2040,7,2000,0.796189544629718
SRI6,A,2020–2040,7,2100,0.7962207867777856
SRI6,A,2020–2040,7,2200,0.7962412692315225
SRI6,A,2020–2040,7,2300,0.7962107936522953
SRI6,A,2020–2040,7,2400,0.7962136341279645
SRI6,A,2020–2040,7,2500,0.7962461435843114
SRI6,A,2020–2040,7,2600,0.7962769210563427
SRI6,A,2020–2040,7,2700,0.7962542830422237
SRI6,A,2020–2040,7,2800,0.7962984099697458
SRI6,A,2020–2040,7,2900,0.7962911787427072
SRI6,A,2020–2040,7,3000,0.7963644881571728
SRI6,A,2020–2040,7,3100,0.7963746665074577
SRI6,A,2020–2040,7,3200,0.7963784904905999
SRI6,A,2020–2040,7,3300,0.7963969874763629
SRI6,A,2020–2040,7,3400,0.7965983447127704
SRI6,A,2020–2040,7,3500,0.7966040309600931
SRI6,A,2020–2040,7,3600,0.7966159606375798
SRI6,A,2020–2040,7,3700,0.7966154302694861
SRI6,A,2020–2040,7,3800,0.7966181735580188
SRI6,A,2020–2040,7,3900,0.7966153925024817
SRI6,A,2020–2040,7,4000,0.7966154319962585
SRI6,A,2020–2040,7,4100,0.7966121640841958
SRI6,A,2020–2040,7,4200,0.7966132578249959
SRI6,A,2020–2040,7,4300,0.7966066083988417
SRI6,A,2020–2040,7,4400,0.7966229876048598
SRI6,A,2020–2040,7,4500,0.7965776975396809
SRI6,A,2020–2040,7,4600,0.7966068246880981
SRI6,A,2020–2040,7,4700,0.7966063272034487
SRI6,A,2020–2040,7,4800,0.7966061962813835
SRI6,A,2020–2040,7,4900,0.7966055983440764
SRI6,A,2020–2040,7,5000,0.7966073203411288
SRI6,A,2020–2040,7,5100,0.7966167636289981
SRI6,A,2020–2040,7,5200,0.7966205783902228
SRI6,A,2020–2040,7,5300,0.7966205798985305
SRI6,A,2020–2040,7,5400,0.7966195330650733
SRI6,A,2020–2040,7,5500,0.7966103381403324
SRI6,A,2020–2040,7,5600,0.796611624388492
SRI6,A,2020–2040,7,5700,0.796609595903134
SRI6,A,2020–2040,7,5800,0.7966107319595097
SRI6,A,2020–2040,7,5900,0.7966056503188005
SRI6,A,2020–2040,7,6000,0.7967400982966095
SRI6,A,2020–2040,7,6100,0.7967457984410056
SRI6,A,2020–2040,7,6200,0.7967479144904942
SRI6,A,2020–2040,7,6300,0.7967459536372786
SRI6,A,2020–2040,7,6400,0.7967480876417832
SRI6,A,2020–2040,7,6500,0.7967500320423766
SRI6,A,2020–2040,7,6600,0.7967498977075783
SRI6,A,2020–2040,7,6700,0.7967524892301714
SRI6,A,2020–2040,7,6800,0.7967546877582997
SRI6,A,2020–2040,7,6900,0.7967566960775609
SRI6,A,2020–2040,7,7000,0.7967607481046508
SRI6,A,2020–2040,7,7100,0.7967608588127696
SRI6,A,2020–2040,7,7200,0.7967608588127696
SRI6,A,2020–2040,7,7300,0.7967653709420952
SRI6,A,2020–2040,7,7400,0.7967651524311252
SRI6,A,2020–2040,7,7500,0.7967655624344252
SRI6,A,2020–2040,7,7600,0.7967656429642842
SRI6,A,2020–2040,7,7700,0.7967657170087794
SRI6,A,2020–2040,7,7800,0.7967657170087794
SRI6,A,2020–2040,7,7900,0.7967660180625105
SRI6,A,2020–2040,7,8000,0.7967670082078928
SRI6,B,2080–2100,1,100,0.19665240174684537
SRI6,B,2080–2100,1,200,0.2115260031656213
SRI6,B,2080–2100,1,300,0.22640275182674102
SRI6,B,2080–2100,1,400,0.2684419584353073
SRI6,B,2080–2100,1,500,0.29925902016634015
SRI6,B,2080–2100,1,600,0.3145522801980948
SRI6,B,2080–2100,1,700,0.3491477632633608
SRI6,B,2080–2100,1,800,0.35343491575414904
SRI6,B,2080–2100,1,900,0.35460294111230456
SRI6,B,2080–2100,1,1000,0.3550073691047462
SRI6,B,2080–2100,1,1100,0.355431125499875
SRI6,B,2080–2100,1,1200,0.3555185625537003
SRI6,B,2080–2100,1,1300,0.3559206115119074
SRI6,B,2080–2100,1,1400,0.3563286309408471
SRI6,B,2080–2100,1,1500,0.3566642316916595
SRI6,B,2080–2100,1,1600,0.356679569615604
SRI6,B,2080–2100,1,1700,0.35719692925736146
SRI6,B,2080–2100,1,1800,0.35748815381060756
SRI6,B,2080–2100,1,1900,0.3576671810060093
SRI6,B,2080–2100,1,2000,0.35775564156296435
SRI6,B,2080–2100,1,2100,0.3580450263203706
SRI6,B,2080–2100,1,2200,0.35824792653169235
SRI6,B,2080–2100,1,2300,0.35831301106992414
SRI6,B,2080–2100,1,2400,0.35890916326619515
SRI6,B,2080–2100,1,2500,0.35899540449613365
SRI6,B,2080–2100,1,2600,0.3588044196657516
SRI6,B,2080–2100,1,2700,0.35886882467194614
SRI6,B,2080–2100,1,2800,0.35900005093775256
SRI6,B,2080–2100,1,2900,0.3591380567368121
SRI6,B,2080–2100,1,3000,0.3591698092870984
SRI6,B,2080–2100,1,3100,0.35932465427266597
SRI6,B,2080–2100,1,3200,0.35947049484032445
SRI6,B,2080–2100,1,3300,0.359486232102006
SRI6,B,2080–2100,1,3400,0.3595149261125111
SRI6,B,2080–2100,1,3500,0.3595278924516873
SRI6,B,2080–2100,1,3600,0.3595291434429447
SRI6,B,2080–2100,1,3700,0.3595481501517755
SRI6,B,2080–2100,1,3800,0.3594683115029523
SRI6,B,2080–2100,1,3900,0.3595275870223759
SRI6,B,2080–2100,1,4000,0.3596337642272542
SRI6,B,2080–2100,1,4100,0.3596515764855187
SRI6,B,2080–2100,1,4200,0.3598286316591252
SRI6,B,2080–2100,1,4300,0.36013684282664127
SRI6,B,2080–2100,1,4400,0.360184827706108
SRI6,B,2080–2100,1,4500,0.3603225579819515
SRI6,B,2080–2100,1,4600,0.36032119568002186
SRI6,B,2080–2100,1,4700,0.36031677422976893
SRI6,B,2080–2100,1,4800,0.3604241911878292
SRI6,B,2080–2100,1,4900,0.3604373965025016
SRI6,B,2080–2100,1,5000,0.3604372084324472
SRI6,B,2080–2100,1,5100,0.3604753819096054
SRI6,B,2080–2100,1,5200,0.36058873982918616
SRI6,B,2080–2100,1,5300,0.36060355101954883
SRI6,B,2080–2100,1,5400,0.3606129391021116
SRI6,B,2080–2100,1,5500,0.3606175731323703
SRI6,B,2080–2100,1,5600,0.36061663198545196
SRI6,B,2080–2100,1,5700,0.360609674327369
SRI6,B,2080–2100,1,5800,0.36065471059604787
SRI6,B,2080–2100,1,5900,0.36067242998682836
SRI6,B,2080–2100,1,6000,0.36068128740248795
SRI6,B,2080–2100,1,6100,0.3606939113100132
SRI6,B,2080–2100,1,6200,0.36077665854036456
SRI6,B,2080–2100,1,6300,0.36079264019955326
SRI6,B,2080–2100,1,6400,0.36080552174762515
SRI6,B,2080–2100,1,6500,0.3608027379074722
SRI6,B,2080–2100,1,6600,0.3608219609151522
SRI6,B,2080–2100,1,6700,0.36082415872623375
SRI6,B,2080–2100,1,6800,0.3608531046125831
SRI6,B,2080–2100,1,6900,0.3608751196931278
SRI6,B,2080–2100,1,7000,0.3608932249138901
SRI6,B,2080–2100,1,7100,0.36090557279296126
SRI6,B,2080–2100,1,7200,0.3608977155715388
SRI6,B,2080–2100,1,7300,0.360908993706457
SRI6,B,2080–2100,1,7400,0.3609124373946025
SRI6,B,2080–2100,1,7500,0.3609113869382356
SRI6,B,2080–2100,1,7600,0.36092129882570434
SRI6,B,2080–2100,1,7700,0.3609214953082871
SRI6,B,2080–2100,1,7800,0.3609282382183695
SRI6,B,2080–2100,1,7900,0.3609287272205618
SRI6,B,2080–2100,1,8000,0.360947312721535
SRI6,B,2080–2100,2,100,0.19379445860601557
SRI6,B,2080–2100,2,200,0.22213761013544037
SRI6,B,2080–2100,2,300,0.26455840964040606
SRI6,B,2080–2100,2,400,0.2984330727836185
SRI6,B,2080–2100,2,500,0.31799141138789744
SRI6,B,2080–2100,2,600,0.3428397801363532
SRI6,B,2080–2100,2,700,0.345635959794258
SRI6,B,2080–2100,2,800,0.3504092863359053
SRI6,B,2080–2100,2,900,0.3554623495964605
SRI6,B,2080–2100,2,1000,0.3562098382274815
SRI6,B,2080–2100,2,1100,0.35665500018114993
SRI6,B,2080–2100,2,1200,0.3568684181057804
SRI6,B,2080–2100,2,1300,0.357484880451563
SRI6,B,2080–2100,2,1400,0.35783805296956883
SRI6,B,2080–2100,2,1500,0.3580607019370282
SRI6,B,2080–2100,2,1600,0.35812134614482233
SRI6,B,2080–2100,2,1700,0.3581472782141413
SRI6,B,2080–2100,2,1800,0.35822396688356567
SRI6,B,2080–2100,2,1900,0.35812632718851367
SRI6,B,2080–2100,2,2000,0.35813769969659615
SRI6,B,2080–2100,2,2100,0.35843516604786074
SRI6,B,2080–2100,2,2200,0.3585550811049655
SRI6,B,2080–2100,2,2300,0.3587308686224059
SRI6,B,2080–2100,2,2400,0.35871197150432016
SRI6,B,2080–2100,2,2500,0.35880832949895697
SRI6,B,2080–2100,2,2600,0.3588623106647288
SRI6,B,2080–2100,2,2700,0.35881316265905505
SRI6,B,2080–2100,2,2800,0.3588463676519198
SRI6,B,2080–2100,2,2900,0.3588664726183815
SRI6,B,2080–2100,2,3000,0.35893265032866817
SRI6,B,2080–2100,2,3100,0.3591484276273271
SRI6,B,2080–2100,2,3200,0.35929529605362587
SRI6,B,2080–2100,2,3300,0.35931201136336377
SRI6,B,2080–2100,2,3400,0.3593390764035395
SRI6,B,2080–2100,2,3500,0.35945296546265304
SRI6,B,2080–2100,2,3600,0.3594964625052137
SRI6,B,2080–2100,2,3700,0.3596438919571082
SRI6,B,2080–2100,2,3800,0.3597949124148941
SRI6,B,2080–2100,2,3900,0.35977938772412776
SRI6,B,2080–2100,2,4000,0.35976792025075904
SRI6,B,2080–2100,2,4100,0.35981988683701094
SRI6,B,2080–2100,2,4200,0.35992057849386166
SRI6,B,2080–2100,2,4300,0.3599345086315837
SRI6,B,2080–2100,2,4400,0.3600623126635039
SRI6,B,2080–2100,2,4500,0.36007211588884364
SRI6,B,2080–2100,2,4600,0.3601246693108587
SRI6,B,2080–2100,2,4700,0.3602118606155225
SRI6,B,2080–2100,2,4800,0.36021758711499957
SRI6,B,2080–2100,2,4900,0.36028109472095693
SRI6,B,2080–2100,2,5000,0.36033683430247887
SRI6,B,2080–2100,2,5100,0.3603797514085701
SRI6,B,2080–2100,2,5200,0.3603921648145769
SRI6,B,2080–2100,2,5300,0.3603994108762468
SRI6,B,2080–2100,2,5400,0.36042015728924
SRI6,B,2080–2100,2,5500,0.36044350275846854
SRI6,B,2080–2100,2,5600,0.36054912611484036
SRI6,B,2080–2100,2,5700,0.36061219470883854
SRI6,B,2080–2100,2,5800,0.36062656011672234
SRI6,B,2080–2100,2,5900,0.36062566002107477
SRI6,B,2080–2100,2,6000,0.36065957214230593
SRI6,B,2080–2100,2,6100,0.3606523355589447
SRI6,B,2080–2100,2,6200,0.36064265409322244
SRI6,B,2080–2100,2,6300,0.36064392363864173
SRI6,B,2080–2100,2,6400,0.36065063423676613
SRI6,B,2080–2100,2,6500,0.3607625280767741
SRI6,B,2080–2100,2,6600,0.36077563708580324
SRI6,B,2080–2100,2,6700,0.3607925977437959
SRI6,B,2080–2100,2,6800,0.360787094657455
SRI6,B,2080–2100,2,6900,0.3607964501027543
SRI6,B,2080–2100,2,7000,0.36080420039387323
SRI6,B,2080–2100,2,7100,0.3608099594054933
SRI6,B,2080–2100,2,7200,0.3608141715008113
SRI6,B,2080–2100,2,7300,0.3608406913148219
SRI6,B,2080–2100,2,7400,0.3608648216676493
SRI6,B,2080–2100,2,7500,0.3608664953401512
SRI6,B,2080–2100,2,7600,0.3608900442223578
SRI6,B,2080–2100,2,7700,0.3608908052957757
SRI6,B,2080–2100,2,7800,0.36089931906687234
SRI6,B,2080–2100,2,7900,0.36090216375283596
SRI6,B,2080–2100,2,8000,0.3609099290403738
SRI6,B,2080–2100,3,100,0.220089564255214
SRI6,B,2080–2100,3,200,0.23055914143175021
SRI6,B,2080–2100,3,300,0.29631473439734113
SRI6,B,2080–2100,3,400,0.31206442836279935
SRI6,B,2080–2100,3,500,0.3425643547460992
SRI6,B,2080–2100,3,600,0.34979704184758265
SRI6,B,2080–2100,3,700,0.35237503024813704
SRI6,B,2080–2100,3,800,0.3535163358165629
SRI6,B,2080–2100,3,900,0.35484215282886894
SRI6,B,2080–2100,3,1000,0.3553447016819097
SRI6,B,2080–2100,3,1100,0.3561269425559757
SRI6,B,2080–2100,3,1200,0.35732669331726113
SRI6,B,2080–2100,3,1300,0.35760137156053673
SRI6,B,2080–2100,3,1400,0.3580220791866824
SRI6,B,2080–2100,3,1500,0.3580491814255479
SRI6,B,2080–2100,3,1600,0.3579812848224289
SRI6,B,2080–2100,3,1700,0.3580309326222727
SRI6,B,2080–2100,3,1800,0.3581322502147659
SRI6,B,2080–2100,3,1900,0.3585637030292115
SRI6,B,2080–2100,3,2000,0.35870888157660097
SRI6,B,2080–2100,3,2100,0.3588804057817563
SRI6,B,2080–2100,3,2200,0.359130356246152
SRI6,B,2080–2100,3,2300,0.35921412948392384
SRI6,B,2080–2100,3,2400,0.35926056543281387
SRI6,B,2080–2100,3,2500,0.3593724537600902
SRI6,B,2080–2100,3,2600,0.35966052100287116
SRI6,B,2080–2100,3,2700,0.3596790757859713
SRI6,B,2080–2100,3,2800,0.3596831763519804
SRI6,B,2080–2100,3,2900,0.3597556488538637
SRI6,B,2080–2100,3,3000,0.3598974337157248
SRI6,B,2080–2100,3,3100,0.359951372525945
SRI6,B,2080–2100,3,3200,0.36000360673801024
SRI6,B,2080–2100,3,3300,0.36003238405548565
SRI6,B,2080–2100,3,3400,0.36032080824785145
SRI6,B,2080–2100,3,3500,0.3603179365022202
SRI6,B,2080–2100,3,3600,0.36036638727399317
SRI6,B,2080–2100,3,3700,0.3603785522940559
SRI6,B,2080–2100,3,3800,0.3603960531839725
SRI6,B,2080–2100,3,3900,0.3604864088433933
SRI6,B,2080–2100,3,4000,0.36047925109166584
SRI6,B,2080–2100,3,4100,0.36053514100098116
SRI6,B,2080–2100,3,4200,0.36059054554050984
SRI6,B,2080–2100,3,4300,0.3606126356035509
SRI6,B,2080–2100,3,4400,0.3606304595864166
SRI6,B,2080–2100,3,4500,0.36066278935778767
SRI6,B,2080–2100,3,4600,0.36067337247281644
SRI6,B,2080–2100,3,4700,0.3606697237007192
SRI6,B,2080–2100,3,4800,0.3607195699619703
SRI6,B,2080–2100,3,4900,0.3607273725115594
SRI6,B,2080–2100,3,5000,0.36071361203459096
SRI6,B,2080–2100,3,5100,0.3607165280952042
SRI6,B,2080–2100,3,5200,0.3608029579944283
SRI6,B,2080–2100,3,5300,0.36078726169399483
SRI6,B,2080–2100,3,5400,0.3608040451791834
SRI6,B,2080–2100,3,5500,0.3608211715589096
SRI6,B,2080–2100,3,5600,0.36083169442816254
SRI6,B,2080–2100,3,5700,0.36082340075541
SRI6,B,2080–2100,3,5800,0.36083552752290465
SRI6,B,2080–2100,3,5900,0.3608627279794544
SRI6,B,2080–2100,3,6000,0.3608792162983344
SRI6,B,2080–2100,3,6100,0.3608777118392791
SRI6,B,2080–2100,3,6200,0.36087869971908315
SRI6,B,2080–2100,3,6300,0.36087961169460003
SRI6,B,2080–2100,3,6400,0.36086262837813154
SRI6,B,2080–2100,3,6500,0.36088123038195064
SRI6,B,2080–2100,3,6600,0.36090818195140606
SRI6,B,2080–2100,3,6700,0.36091908637791514
SRI6,B,2080–2100,3,6800,0.36092677398756434
SRI6,B,2080–2100,3,6900,0.3609453838696124
SRI6,B,2080–2100,3,7000,0.36095113742885543
SRI6,B,2080–2100,3,7100,0.3609940284977234
SRI6,B,2080–2100,3,7200,0.3610112168585291
SRI6,B,2080–2100,3,7300,0.3610153184885626
SRI6,B,2080–2100,3,7400,0.3610191196214026
SRI6,B,2080–2100,3,7500,0.361028171318961
SRI6,B,2080–2100,3,7600,0.3610199956661662
SRI6,B,2080–2100,3,7700,0.36102125320836753
SRI6,B,2080–2100,3,7800,0.361028267595308
SRI6,B,2080–2100,3,7900,0.36104298368295906
SRI6,B,2080–2100,3,8000,0.361045012516243
SRI6,B,2080–2100,4,100,0.2173039871185611
SRI6,B,2080–2100,4,200,0.22710690230159608
SRI6,B,2080–2100,4,300,0.25218502373244156
SRI6,B,2080–2100,4,400,0.2737572897914363
SRI6,B,2080–2100,4,500,0.30910534002418955
SRI6,B,2080–2100,4,600,0.3140519649983732
SRI6,B,2080–2100,4,700,0.3191400380797335
SRI6,B,2080–2100,4,800,0.3350789471834956
SRI6,B,2080–2100,4,900,0.35224778685010383
SRI6,B,2080–2100,4,1000,0.35332514138847015
SRI6,B,2080–2100,4,1100,0.3542106529199557
SRI6,B,2080–2100,4,1200,0.3555072316828002
SRI6,B,2080–2100,4,1300,0.35574563842731055
SRI6,B,2080–2100,4,1400,0.3565525174302815
SRI6,B,2080–2100,4,1500,0.3569264169014496
SRI6,B,2080–2100,4,1600,0.3569400181145564
SRI6,B,2080–2100,4,1700,0.3571046289609406
SRI6,B,2080–2100,4,1800,0.3572072533653392
SRI6,B,2080–2100,4,1900,0.35728134405655876
SRI6,B,2080–2100,4,2000,0.3578635684808367
SRI6,B,2080–2100,4,2100,0.3580881023444962
SRI6,B,2080–2100,4,2200,0.35833348667840276
SRI6,B,2080–2100,4,2300,0.35849330268350954
SRI6,B,2080–2100,4,2400,0.35884977541762564
SRI6,B,2080–2100,4,2500,0.35894311106575083
SRI6,B,2080–2100,4,2600,0.35919910251922826
SRI6,B,2080–2100,4,2700,0.3594346862005029
SRI6,B,2080–2100,4,2800,0.3595659943502835
SRI6,B,2080–2100,4,2900,0.35965072340970844
SRI6,B,2080–2100,4,3000,0.3596752801566152
SRI6,B,2080–2100,4,3100,0.3597024373638171
SRI6,B,2080–2100,4,3200,0.3597276628198105
SRI6,B,2080–2100,4,3300,0.3597456229431315
SRI6,B,2080–2100,4,3400,0.35994176961518676
SRI6,B,2080–2100,4,3500,0.3601120145977529
SRI6,B,2080–2100,4,3600,0.3601363882127822
SRI6,B,2080–2100,4,3700,0.3602336274010243
SRI6,B,2080–2100,4,3800,0.36027389120494496
SRI6,B,2080–2100,4,3900,0.36026954243071296
SRI6,B,2080–2100,4,4000,0.3601880822576858
SRI6,B,2080–2100,4,4100,0.3602177904931524
SRI6,B,2080–2100,4,4200,0.3602887573617313
SRI6,B,2080–2100,4,4300,0.360292691673871
SRI6,B,2080–2100,4,4400,0.3604071767015187
SRI6,B,2080–2100,4,4500,0.3604074087604784
SRI6,B,2080–2100,4,4600,0.36036308981646714
SRI6,B,2080–2100,4,4700,0.36056194671616654
SRI6,B,2080–2100,4,4800,0.36060177251839054
SRI6,B,2080–2100,4,4900,0.3606381220145869
SRI6,B,2080–2100,4,5000,0.3606349665437047
SRI6,B,2080–2100,4,5100,0.36066060503012876
SRI6,B,2080–2100,4,5200,0.36069166519257845
SRI6,B,2080–2100,4,5300,0.360707316954475
SRI6,B,2080–2100,4,5400,0.3607267666663258
SRI6,B,2080–2100,4,5500,0.36077554322543
SRI6,B,2080–2100,4,5600,0.3607885596153533
SRI6,B,2080–2100,4,5700,0.36079189777013
SRI6,B,2080–2100,4,5800,0.3607876039645621
SRI6,B,2080–2100,4,5900,0.3607954682928861
SRI6,B,2080–2100,4,6000,0.3608400626262809
SRI6,B,2080–2100,4,6100,0.36084387529732664
SRI6,B,2080–2100,4,6200,0.3608438301486568
SRI6,B,2080–2100,4,6300,0.3608870216466253
SRI6,B,2080–2100,4,6400,0.360886930919787
SRI6,B,2080–2100,4,6500,0.36087924823877515
SRI6,B,2080–2100,4,6600,0.36089535966945374
SRI6,B,2080–2100,4,6700,0.3609039148300719
SRI6,B,2080–2100,4,6800,0.36090448413108006
SRI6,B,2080–2100,4,6900,0.3609204714955589
SRI6,B,2080–2100,4,7000,0.3609214036715219
SRI6,B,2080–2100,4,7100,0.36093137892086713
SRI6,B,2080–2100,4,7200,0.3609623514103675
SRI6,B,2080–2100,4,7300,0.3609566478575798
SRI6,B,2080–2100,4,7400,0.360970581451326
SRI6,B,2080–2100,4,7500,0.360988506622496
SRI6,B,2080–2100,4,7600,0.3609872799772238
SRI6,B,2080–2100,4,7700,0.3609859518796086
SRI6,B,2080–2100,4,7800,0.36098908476489844
SRI6,B,2080–2100,4,7900,0.36100323507325904
SRI6,B,2080–2100,4,8000,0.3610164222959087
SRI6,B,2080–2100,5,100,0.21664867816743788
SRI6,B,2080–2100,5,200,0.224308626279492
SRI6,B,2080–2100,5,300,0.25419020990077174
SRI6,B,2080–2100,5,400,0.2672730370544294
SRI6,B,2080–2100,5,500,0.30283886046505104
SRI6,B,2080–2100,5,600,0.30994345324714667
SRI6,B,2080–2100,5,700,0.3256574501938326
SRI6,B,2080–2100,5,800,0.33017568546426235
SRI6,B,2080–2100,5,900,0.33405273669959945
SRI6,B,2080–2100,5,1000,0.35372502737362627
SRI6,B,2080–2100,5,1100,0.35398588823151567
SRI6,B,2080–2100,5,1200,0.35466207085036716
SRI6,B,2080–2100,5,1300,0.35520754845262387
SRI6,B,2080–2100,5,1400,0.3570519323225171
SRI6,B,2080–2100,5,1500,0.3572203030076033
SRI6,B,2080–2100,5,1600,0.3574956126787887
SRI6,B,2080–2100,5,1700,0.3579705099394237
SRI6,B,2080–2100,5,1800,0.358099476910062
SRI6,B,2080–2100,5,1900,0.35869653025555714
SRI6,B,2080–2100,5,2000,0.35878823320112085
SRI6,B,2080–2100,5,2100,0.35878079407782226
SRI6,B,2080–2100,5,2200,0.3588602248561643
SRI6,B,2080–2100,5,2300,0.35911377029477076
SRI6,B,2080–2100,5,2400,0.3591840926906038
SRI6,B,2080–2100,5,2500,0.35934884439555903
SRI6,B,2080–2100,5,2600,0.3596221235770021
SRI6,B,2080–2100,5,2700,0.3596441058100456
SRI6,B,2080–2100,5,2800,0.35962852865932554
SRI6,B,2080–2100,5,2900,0.35966452520833114
SRI6,B,2080–2100,5,3000,0.3596527206520649
SRI6,B,2080–2100,5,3100,0.35988891722913785
SRI6,B,2080–2100,5,3200,0.3599061166839069
SRI6,B,2080–2100,5,3300,0.35989393287499527
SRI6,B,2080–2100,5,3400,0.35996720491654544
SRI6,B,2080–2100,5,3500,0.36009357016579957
SRI6,B,2080–2100,5,3600,0.3601381016833507
SRI6,B,2080–2100,5,3700,0.3601865498536792
SRI6,B,2080–2100,5,3800,0.36015822353052485
SRI6,B,2080–2100,5,3900,0.36020626521101073
SRI6,B,2080–2100,5,4000,0.3603219038655514
SRI6,B,2080–2100,5,4100,0.36032573892972
SRI6,B,2080–2100,5,4200,0.360365933462912
SRI6,B,2080–2100,5,4300,0.3603763797569073
SRI6,B,2080–2100,5,4400,0.3603881987690014
SRI6,B,2080–2100,5,4500,0.3603793394229732
SRI6,B,2080–2100,5,4600,0.3603720725014653
SRI6,B,2080–2100,5,4700,0.3603779552058254
SRI6,B,2080–2100,5,4800,0.36039902849688965
SRI6,B,2080–2100,5,4900,0.360406629300326
SRI6,B,2080–2100,5,5000,0.36043329953151576
SRI6,B,2080–2100,5,5100,0.3604611488454035
SRI6,B,2080–2100,5,5200,0.3605227711829657
SRI6,B,2080–2100,5,5300,0.36051996803514763
SRI6,B,2080–2100,5,5400,0.3605130712117607
SRI6,B,2080–2100,5,5500,0.3605502373884066
SRI6,B,2080–2100,5,5600,0.3605701126467638
SRI6,B,2080–2100,5,5700,0.3605573847655916
SRI6,B,2080–2100,5,5800,0.3606108120944817
SRI6,B,2080–2100,5,5900,0.36061778162894187
SRI6,B,2080–2100,5,6000,0.3606482513042846
SRI6,B,2080–2100,5,6100,0.3606430116181549
SRI6,B,2080–2100,5,6200,0.3606644815423111
SRI6,B,2080–2100,5,6300,0.36066936004633293
SRI6,B,2080–2100,5,6400,0.3606698542924096
SRI6,B,2080–2100,5,6500,0.360671315916123
SRI6,B,2080–2100,5,6600,0.3606884299198699
SRI6,B,2080–2100,5,6700,0.3606947317341825
SRI6,B,2080–2100,5,6800,0.36069973949594697
SRI6,B,2080–2100,5,6900,0.36068918537111294
SRI6,B,2080–2100,5,7000,0.36069651045235945
SRI6,B,2080–2100,5,7100,0.360735456097091
SRI6,B,2080–2100,5,7200,0.36074490818331884
SRI6,B,2080–2100,5,7300,0.36075012897283026
SRI6,B,2080–2100,5,7400,0.3607575752711499
SRI6,B,2080–2100,5,7500,0.36077957937801886
SRI6,B,2080–2100,5,7600,0.36079753135659576
SRI6,B,2080–2100,5,7700,0.3608011661376105
SRI6,B,2080–2100,5,7800,0.3608125671972521
SRI6,B,2080–2100,5,7900,0.36081394323321275
SRI6,B,2080–2100,5,8000,0.36081300341390943
SRI6,B,2080–2100,6,100,0.188960118705856
SRI6,B,2080–2100,6,200,0.22417847647120165
SRI6,B,2080–2100,6,300,0.2699911248433365
SRI6,B,2080–2100,6,400,0.3104198106000115
SRI6,B,2080–2100,6,500,0.3258693258264969
SRI6,B,2080–2100,6,600,0.33459800190883127
SRI6,B,2080–2100,6,700,0.3416017476166854
SRI6,B,2080–2100,6,800,0.34846005264223634
SRI6,B,2080–2100,6,900,0.348772681081685
SRI6,B,2080–2100,6,1000,0.34964515396121176
SRI6,B,2080–2100,6,1100,0.3565189792770926
SRI6,B,2080–2100,6,1200,0.3576047402855015
SRI6,B,2080–2100,6,1300,0.3577621300964636
SRI6,B,2080–2100,6,1400,0.3578424853134118
SRI6,B,2080–2100,6,1500,0.3580547864292425
SRI6,B,2080–2100,6,1600,0.35849658313687344
SRI6,B,2080–2100,6,1700,0.3587994890518526
SRI6,B,2080–2100,6,1800,0.35925679594914994
SRI6,B,2080–2100,6,1900,0.35951241527132866
SRI6,B,2080–2100,6,2000,0.3596574624594535
SRI6,B,2080–2100,6,2100,0.35965938298398875
SRI6,B,2080–2100,6,2200,0.35976816202707085
SRI6,B,2080–2100,6,2300,0.35979142579718804
SRI6,B,2080–2100,6,2400,0.3599063589995668
SRI6,B,2080–2100,6,2500,0.3600100103773242
SRI6,B,2080–2100,6,2600,0.35992261695787453
SRI6,B,2080–2100,6,2700,0.3598972694796422
SRI6,B,2080–2100,6,2800,0.35974484032188514
SRI6,B,2080–2100,6,2900,0.35984950397357696
SRI6,B,2080–2100,6,3000,0.3598833334854231
SRI6,B,2080–2100,6,3100,0.35990427007116393
SRI6,B,2080–2100,6,3200,0.35984931696882594
SRI6,B,2080–2100,6,3300,0.35997421753815195
SRI6,B,2080–2100,6,3400,0.36004092566169993
SRI6,B,2080–2100,6,3500,0.3600464431869922
SRI6,B,2080–2100,6,3600,0.3600920664533415
SRI6,B,2080–2100,6,3700,0.3601147033696277
SRI6,B,2080–2100,6,3800,0.3601387106494868
SRI6,B,2080–2100,6,3900,0.36030512056629765
SRI6,B,2080–2100,6,4000,0.360259965074859
SRI6,B,2080–2100,6,4100,0.360288532328581
SRI6,B,2080–2100,6,4200,0.36031050766697925
SRI6,B,2080–2100,6,4300,0.3603342249876176
SRI6,B,2080–2100,6,4400,0.360366295179566
SRI6,B,2080–2100,6,4500,0.3604247602227847
SRI6,B,2080–2100,6,4600,0.36042642698640676
SRI6,B,2080–2100,6,4700,0.36043479610375706
SRI6,B,2080–2100,6,4800,0.3604292097236682
SRI6,B,2080–2100,6,4900,0.3604478325226933
SRI6,B,2080–2100,6,5000,0.36046097801359644
SRI6,B,2080–2100,6,5100,0.3605012318858187
SRI6,B,2080–2100,6,5200,0.3605181197104776
SRI6,B,2080–2100,6,5300,0.36052684667701523
SRI6,B,2080–2100,6,5400,0.3605598066125253
SRI6,B,2080–2100,6,5500,0.36054868659795
SRI6,B,2080–2100,6,5600,0.36054641130929865
SRI6,B,2080–2100,6,5700,0.3605679381030903
SRI6,B,2080–2100,6,5800,0.3605728717971259
SRI6,B,2080–2100,6,5900,0.36057337402872075
SRI6,B,2080–2100,6,6000,0.3605825283126755
SRI6,B,2080–2100,6,6100,0.3605841584162591
SRI6,B,2080–2100,6,6200,0.36059641961586586
SRI6,B,2080–2100,6,6300,0.3606258731506719
SRI6,B,2080–2100,6,6400,0.3606405640867767
SRI6,B,2080–2100,6,6500,0.3606416447449885
SRI6,B,2080–2100,6,6600,0.3606622192721918
SRI6,B,2080–2100,6,6700,0.36066659013425684
SRI6,B,2080–2100,6,6800,0.3606770026971209
SRI6,B,2080–2100,6,6900,0.36068150347109634
SRI6,B,2080–2100,6,7000,0.36068570062744
SRI6,B,2080–2100,6,7100,0.360690945947915
SRI6,B,2080–2100,6,7200,0.36075709281099233
SRI6,B,2080–2100,6,7300,0.3607720963070315
SRI6,B,2080–2100,6,7400,0.3607628464668879
SRI6,B,2080–2100,6,7500,0.36076492416000544
SRI6,B,2080–2100,6,7600,0.36077725049744375
SRI6,B,2080–2100,6,7700,0.3607854967937453
SRI6,B,2080–2100,6,7800,0.36078854131965166
SRI6,B,2080–2100,6,7900,0.36079390312949755
SRI6,B,2080–2100,6,8000,0.36080948405768526
SRI6,B,2080–2100,7,100,0.21204016993630076
SRI6,B,2080–2100,7,200,0.22352732112562052
SRI6,B,2080–2100,7,300,0.25909423907866286
SRI6,B,2080–2100,7,400,0.3056013962789178
SRI6,B,2080–2100,7,500,0.3084141423905831
SRI6,B,2080–2100,7,600,0.3265432928496391
SRI6,B,2080–2100,7,700,0.3313798352979173
SRI6,B,2080–2100,7,800,0.3423258809074183
SRI6,B,2080–2100,7,900,0.3470913416116437
SRI6,B,2080–2100,7,1000,0.35079586854755684
SRI6,B,2080–2100,7,1100,0.3543367995376626
SRI6,B,2080–2100,7,1200,0.35568260691909653
SRI6,B,2080–2100,7,1300,0.3557494259833607
SRI6,B,2080–2100,7,1400,0.3568023326740267
SRI6,B,2080–2100,7,1500,0.3570972019786922
SRI6,B,2080–2100,7,1600,0.357404844064531
SRI6,B,2080–2100,7,1700,0.3578943694731486
SRI6,B,2080–2100,7,1800,0.35796261778918803
SRI6,B,2080–2100,7,1900,0.35819500439987784
SRI6,B,2080–2100,7,2000,0.3584635146103878
SRI6,B,2080–2100,7,2100,0.35853174881368954
SRI6,B,2080–2100,7,2200,0.35857879998509345
SRI6,B,2080–2100,7,2300,0.35859311744852934
SRI6,B,2080–2100,7,2400,0.35932982944318903
SRI6,B,2080–2100,7,2500,0.3594985063077285
SRI6,B,2080–2100,7,2600,0.3595004860233711
SRI6,B,2080–2100,7,2700,0.3598311292546215
SRI6,B,2080–2100,7,2800,0.36002243730223416
SRI6,B,2080–2100,7,2900,0.36019330538096406
SRI6,B,2080–2100,7,3000,0.3602732049143945
SRI6,B,2080–2100,7,3100,0.3601460016541487
SRI6,B,2080–2100,7,3200,0.3602181443581316
SRI6,B,2080–2100,7,3300,0.3604335152547028
SRI6,B,2080–2100,7,3400,0.36047683922569257
SRI6,B,2080–2100,7,3500,0.3604869303079632
SRI6,B,2080–2100,7,3600,0.36050323691410907
SRI6,B,2080–2100,7,3700,0.36055786587252325
SRI6,B,2080–2100,7,3800,0.36055790203814875
SRI6,B,2080–2100,7,3900,0.36053272165769357
SRI6,B,2080–2100,7,4000,0.3602516589774
SRI6,B,2080–2100,7,4100,0.36026404678380775
SRI6,B,2080–2100,7,4200,0.36027552071934915
SRI6,B,2080–2100,7,4300,0.36031317281449415
SRI6,B,2080–2100,7,4400,0.3602875974976111
SRI6,B,2080–2100,7,4500,0.36033289642132577
SRI6,B,2080–2100,7,4600,0.36038913006484197
SRI6,B,2080–2100,7,4700,0.36040753293376815
SRI6,B,2080–2100,7,4800,0.36042102010073324
SRI6,B,2080–2100,7,4900,0.3605052582892031
SRI6,B,2080–2100,7,5000,0.36051785041193546
SRI6,B,2080–2100,7,5100,0.3605353345390436
SRI6,B,2080–2100,7,5200,0.36054557944696425
SRI6,B,2080–2100,7,5300,0.36054574125692296
SRI6,B,2080–2100,7,5400,0.3605873804699875
SRI6,B,2080–2100,7,5500,0.3606190581525622
SRI6,B,2080–2100,7,5600,0.36066048384321353
SRI6,B,2080–2100,7,5700,0.36067236857430973
SRI6,B,2080–2100,7,5800,0.3606717654290389
SRI6,B,2080–2100,7,5900,0.36067955907976934
SRI6,B,2080–2100,7,6000,0.36084556291592557
SRI6,B,2080–2100,7,6100,0.36085730875953204
SRI6,B,2080–2100,7,6200,0.3608522543049304
SRI6,B,2080–2100,7,6300,0.36084884058570454
SRI6,B,2080–2100,7,6400,0.36086626042085135
SRI6,B,2080–2100,7,6500,0.36086407856620356
SRI6,B,2080–2100,7,6600,0.3608695794156132
SRI6,B,2080–2100,7,6700,0.3608795733865179
SRI6,B,2080–2100,7,6800,0.3609059595982733
SRI6,B,2080–2100,7,6900,0.3609297191160265
SRI6,B,2080–2100,7,7000,0.3609408244775689
SRI6,B,2080–2100,7,7100,0.3609418080555199
SRI6,B,2080–2100,7,7200,0.3609362196783781
SRI6,B,2080–2100,7,7300,0.36096094313166477
SRI6,B,2080–2100,7,7400,0.36096515898582104
SRI6,B,2080–2100,7,7500,0.36099778169999625
SRI6,B,2080–2100,7,7600,0.36101156067105156
SRI6,B,2080–2100,7,7700,0.3610132215884727
SRI6,B,2080–2100,7,7800,0.3610054382931542
SRI6,B,2080–2100,7,7900,0.3610094071300242
SRI6,B,2080–2100,7,8000,0.3610100989464545
SRI12,A,2020–2040,1,100,0.5596969939476515
SRI12,A,2020–2040,1,200,0.5786391893500908
SRI12,A,2020–2040,1,300,0.7020798579709626
SRI12,A,2020–2040,1,400,0.7306339772256587
SRI12,A,2020–2040,1,500,0.7468454236131229
SRI12,A,2020–2040,1,600,0.7490534973221517
SRI12,A,2020–2040,1,700,0.7496958707411754
SRI12,A,2020–2040,1,800,0.7510320840843202
SRI12,A,2020–2040,1,900,0.7532430212523662
SRI12,A,2020–2040,1,1000,0.7534965578601661
SRI12,A,2020–2040,1,1100,0.7535172767336222
SRI12,A,2020–2040,1,1200,0.7534032798635961
SRI12,A,2020–2040,1,1300,0.7542801973374506
SRI12,A,2020–2040,1,1400,0.7543300033354641
SRI12,A,2020–2040,1,1500,0.7545526470656511
SRI12,A,2020–2040,1,1600,0.7549314495026265
SRI12,A,2020–2040,1,1700,0.7549312576965836
SRI12,A,2020–2040,1,1800,0.7549371302478619
SRI12,A,2020–2040,1,1900,0.754692608210561
SRI12,A,2020–2040,1,2000,0.7546350352084544
SRI12,A,2020–2040,1,2100,0.7544855967566342
SRI12,A,2020–2040,1,2200,0.7544796143642687
SRI12,A,2020–2040,1,2300,0.754556737295197
SRI12,A,2020–2040,1,2400,0.7546798744347317
SRI12,A,2020–2040,1,2500,0.7546891639171857
SRI12,A,2020–2040,1,2600,0.7547001950213642
SRI12,A,2020–2040,1,2700,0.7547300155004306
SRI12,A,2020–2040,1,2800,0.7547307857753971
SRI12,A,2020–2040,1,2900,0.7547872040373427
SRI12,A,2020–2040,1,3000,0.7547895828642148
SRI12,A,2020–2040,1,3100,0.7548538429916285
SRI12,A,2020–2040,1,3200,0.7548556413163356
SRI12,A,2020–2040,1,3300,0.7548168347700334
SRI12,A,2020–2040,1,3400,0.7549346933467206
SRI12,A,2020–2040,1,3500,0.7549535565924007
SRI12,A,2020–2040,1,3600,0.7549408580074369
SRI12,A,2020–2040,1,3700,0.7549440352462516
SRI12,A,2020–2040,1,3800,0.7549568455993017
SRI12,A,2020–2040,1,3900,0.7549694736223005
SRI12,A,2020–2040,1,4000,0.7549454461978851
SRI12,A,2020–2040,1,4100,0.7549383737454478
SRI12,A,2020–2040,1,4200,0.7549439555856412
SRI12,A,2020–2040,1,4300,0.7549626513975682
SRI12,A,2020–2040,1,4400,0.7549664669088163
SRI12,A,2020–2040,1,4500,0.7549459736049634
SRI12,A,2020–2040,1,4600,0.7549433735746373
SRI12,A,2020–2040,1,4700,0.7549478947493646
SRI12,A,2020–2040,1,4800,0.7549478947493646
SRI12,A,2020–2040,1,4900,0.7549527947587372
SRI12,A,2020–2040,1,5000,0.7549625460718895
SRI12,A,2020–2040,1,5100,0.7549638180647197
SRI12,A,2020–2040,1,5200,0.7549533958563724
SRI12,A,2020–2040,1,5300,0.75495372500137
SRI12,A,2020–2040,1,5400,0.7549502283912145
SRI12,A,2020–2040,1,5500,0.7549505013762904
SRI12,A,2020–2040,1,5600,0.7549543399076746
SRI12,A,2020–2040,1,5700,0.754956003405692
SRI12,A,2020–2040,1,5800,0.75495711281531
SRI12,A,2020–2040,1,5900,0.7549565725735727
SRI12,A,2020–2040,1,6000,0.7549565725735727
SRI12,A,2020–2040,1,6100,0.7549580207502387
SRI12,A,2020–2040,1,6200,0.7549597226037696
SRI12,A,2020–2040,1,6300,0.7549596865253603
SRI12,A,2020–2040,1,6400,0.7549596865253603
SRI12,A,2020–2040,1,6500,0.7549602906073737
SRI12,A,2020–2040,1,6600,0.7549611954058617
SRI12,A,2020–2040,1,6700,0.7549611954058617
SRI12,A,2020–2040,1,6800,0.7549612063923157
SRI12,A,2020–2040,1,6900,0.7549618123461775
SRI12,A,2020–2040,1,7000,0.7549606970277605
SRI12,A,2020–2040,1,7100,0.7549615787163793
SRI12,A,2020–2040,1,7200,0.7549615925406107
SRI12,A,2020–2040,1,7300,0.754952027402543
SRI12,A,2020–2040,1,7400,0.7549526495558969
SRI12,A,2020–2040,1,7500,0.7549528322501589
SRI12,A,2020–2040,1,7600,0.7549506434453894
SRI12,A,2020–2040,1,7700,0.7549504546195535
SRI12,A,2020–2040,1,7800,0.7549506994827138
SRI12,A,2020–2040,1,7900,0.7549512408439645
SRI12,A,2020–2040,1,8000,0.7549555046389214
SRI12,A,2020–2040,2,100,0.4866326896803105
SRI12,A,2020–2040,2,200,0.48853676074353136
SRI12,A,2020–2040,2,300,0.6834172222364121
SRI12,A,2020–2040,2,400,0.7473441270247495
SRI12,A,2020–2040,2,500,0.750848514374451
SRI12,A,2020–2040,2,600,0.7533289807685306
SRI12,A,2020–2040,2,700,0.7544361862263477
SRI12,A,2020–2040,2,800,0.7555147624302685
SRI12,A,2020–2040,2,900,0.7556003059777321
SRI12,A,2020–2040,2,1000,0.7544967220591274
SRI12,A,2020–2040,2,1100,0.7547927636441344
SRI12,A,2020–2040,2,1200,0.7550255338036199
SRI12,A,2020–2040,2,1300,0.7550809126729894
SRI12,A,2020–2040,2,1400,0.7552480995406675
SRI12,A,2020–2040,2,1500,0.7553617620573355
SRI12,A,2020–2040,2,1600,0.7554768563703648
SRI12,A,2020–2040,2,1700,0.7550204840391587
SRI12,A,2020–2040,2,1800,0.7550190102459723
SRI12,A,2020–2040,2,1900,0.7550227397967418
SRI12,A,2020–2040,2,2000,0.7549963663211281
SRI12,A,2020–2040,2,2100,0.7551721383241538
SRI12,A,2020–2040,2,2200,0.7545466861081731
SRI12,A,2020–2040,2,2300,0.754573029500056
SRI12,A,2020–2040,2,2400,0.7546194274881217
SRI12,A,2020–2040,2,2500,0.7546442439220327
SRI12,A,2020–2040,2,2600,0.7546776477637327
SRI12,A,2020–2040,2,2700,0.7546763805146713
SRI12,A,2020–2040,2,2800,0.754676725961314
SRI12,A,2020–2040,2,2900,0.7546690770147553
SRI12,A,2020–2040,2,3000,0.7546547415425444
SRI12,A,2020–2040,2,3100,0.7546543516908878
SRI12,A,2020–2040,2,3200,0.7546750874478542
SRI12,A,2020–2040,2,3300,0.754759078503033
SRI12,A,2020–2040,2,3400,0.7547676110998733
SRI12,A,2020–2040,2,3500,0.7547758074254076
SRI12,A,2020–2040,2,3600,0.7547901051882903
SRI12,A,2020–2040,2,3700,0.7547873351577429
SRI12,A,2020–2040,2,3800,0.7547910964894957
SRI12,A,2020–2040,2,3900,0.7547895349528194
SRI12,A,2020–2040,2,4000,0.7547895349528194
SRI12,A,2020–2040,2,4100,0.7547912919808486
SRI12,A,2020–2040,2,4200,0.7547892672622758
SRI12,A,2020–2040,2,4300,0.7548478336117683
SRI12,A,2020–2040,2,4400,0.7548476042137011
SRI12,A,2020–2040,2,4500,0.7548462579940323
SRI12,A,2020–2040,2,4600,0.7548356325081075
SRI12,A,2020–2040,2,4700,0.7548990894627607
SRI12,A,2020–2040,2,4800,0.7548993418864072
SRI12,A,2020–2040,2,4900,0.7548782985708242
SRI12,A,2020–2040,2,5000,0.7548804636892826
SRI12,A,2020–2040,2,5100,0.7548909982451848
SRI12,A,2020–2040,2,5200,0.7548630127060747
SRI12,A,2020–2040,2,5300,0.7548631958277442
SRI12,A,2020–2040,2,5400,0.7548664761404313
SRI12,A,2020–2040,2,5500,0.7548664767948486
SRI12,A,2020–2040,2,5600,0.7548645175400073
SRI12,A,2020–2040,2,5700,0.7548645175400073
SRI12,A,2020–2040,2,5800,0.7548671500939084
SRI12,A,2020–2040,2,5900,0.7548710531923591
SRI12,A,2020–2040,2,6000,0.7548729410671731
SRI12,A,2020–2040,2,6100,0.7548729461831156
SRI12,A,2020–2040,2,6200,0.7548729461831156
SRI12,A,2020–2040,2,6300,0.7548721841420767
SRI12,A,2020–2040,2,6400,0.7548734807460171
SRI12,A,2020–2040,2,6500,0.7548766808700466
SRI12,A,2020–2040,2,6600,0.7548764411921165
SRI12,A,2020–2040,2,6700,0.7548767435107685
SRI12,A,2020–2040,2,6800,0.754876747373184
SRI12,A,2020–2040,2,6900,0.754876747373184
SRI12,A,2020–2040,2,7000,0.7548766951934175
SRI12,A,2020–2040,2,7100,0.754877026087662
SRI12,A,2020–2040,2,7200,0.7548801555790083
SRI12,A,2020–2040,2,7300,0.7548801555790083
SRI12,A,2020–2040,2,7400,0.7548803757830136
SRI12,A,2020–2040,2,7500,0.7548796878194909
SRI12,A,2020–2040,2,7600,0.7548793778635436
SRI12,A,2020–2040,2,7700,0.7548793778635436
SRI12,A,2020–2040,2,7800,0.7548797912690555
SRI12,A,2020–2040,2,7900,0.754880963677216
SRI12,A,2020–2040,2,8000,0.754880963677216
SRI12,A,2020–2040,3,100,0.4563669885707176
SRI12,A,2020–2040,3,200,0.4638278397747677
SRI12,A,2020–2040,3,300,0.6571118393689249
SRI12,A,2020–2040,3,400,0.6763803290003652
SRI12,A,2020–2040,3,500,0.7214204907535565
SRI12,A,2020–2040,3,600,0.7382867800104805
SRI12,A,2020–2040,3,700,0.7506861973647913
SRI12,A,2020–2040,3,800,0.7519669578565458
SRI12,A,2020–2040,3,900,0.7532891873428689
SRI12,A,2020–2040,3,1000,0.7530807866200822
SRI12,A,2020–2040,3,1100,0.753221487558442
SRI12,A,2020–2040,3,1200,0.7534882603931732
SRI12,A,2020–2040,3,1300,0.752417223853305
SRI12,A,2020–2040,3,1400,0.7524947714656405
SRI12,A,2020–2040,3,1500,0.7528704922314748
SRI12,A,2020–2040,3,1600,0.7529007320227674
SRI12,A,2020–2040,3,1700,0.7540126338469924
SRI12,A,2020–2040,3,1800,0.7541149920430386
SRI12,A,2020–2040,3,1900,0.754158315721995
SRI12,A,2020–2040,3,2000,0.7542836226973536
SRI12,A,2020–2040,3,2100,0.754352951114082
SRI12,A,2020–2040,3,2200,0.7546583879096123
SRI12,A,2020–2040,3,2300,0.7547744741949673
SRI12,A,2020–2040,3,2400,0.7548155204083359
SRI12,A,2020–2040,3,2500,0.7549286898292316
SRI12,A,2020–2040,3,2600,0.7549159014021266
SRI12,A,2020–2040,3,2700,0.7549622847018375
SRI12,A,2020–2040,3,2800,0.7549759135748504
SRI12,A,2020–2040,3,2900,0.7549852364127051
SRI12,A,2020–2040,3,3000,0.7549221428493937
SRI12,A,2020–2040,3,3100,0.7549180252236403
SRI12,A,2020–2040,3,3200,0.7549241428046388
SRI12,A,2020–2040,3,3300,0.7549455208346708
SRI12,A,2020–2040,3,3400,0.754946148440209
SRI12,A,2020–2040,3,3500,0.7549907684791844
SRI12,A,2020–2040,3,3600,0.7549944803003779
SRI12,A,2020–2040,3,3700,0.7549984253360048
SRI12,A,2020–2040,3,3800,0.7549984883526986
SRI12,A,2020–2040,3,3900,0.7550125640541199
SRI12,A,2020–2040,3,4000,0.755024174916049
SRI12,A,2020–2040,3,4100,0.7550253457381364
SRI12,A,2020–2040,3,4200,0.7550196322578907
SRI12,A,2020–2040,3,4300,0.7550189146135298
SRI12,A,2020–2040,3,4400,0.7550208808819819
SRI12,A,2020–2040,3,4500,0.75503383892405
SRI12,A,2020–2040,3,4600,0.7550199100551809
SRI12,A,2020–2040,3,4700,0.7550264863800891
SRI12,A,2020–2040,3,4800,0.7550298210188037
SRI12,A,2020–2040,3,4900,0.755038578924591
SRI12,A,2020–2040,3,5000,0.7550399564869943
SRI12,A,2020–2040,3,5100,0.7550398297925627
SRI12,A,2020–2040,3,5200,0.7550398297925627
SRI12,A,2020–2040,3,5300,0.7550407350104622
SRI12,A,2020–2040,3,5400,0.7550410417122747
SRI12,A,2020–2040,3,5500,0.7550400432626729
SRI12,A,2020–2040,3,5600,0.7550432949132763
SRI12,A,2020–2040,3,5700,0.755040159090258
SRI12,A,2020–2040,3,5800,0.755040159090258
SRI12,A,2020–2040,3,5900,0.7550398381883532
SRI12,A,2020–2040,3,6000,0.755059539424461
SRI12,A,2020–2040,3,6100,0.7550598505052188
SRI12,A,2020–2040,3,6200,0.7550587422782183
SRI12,A,2020–2040,3,6300,0.755066216691079
SRI12,A,2020–2040,3,6400,0.7550986780523508
SRI12,A,2020–2040,3,6500,0.7551021115560413
SRI12,A,2020–2040,3,6600,0.7550995076147373
SRI12,A,2020–2040,3,6700,0.7550995076147373
SRI12,A,2020–2040,3,6800,0.7550995297918439
SRI12,A,2020–2040,3,6900,0.7550997595699107
SRI12,A,2020–2040,3,7000,0.7550993611126186
SRI12,A,2020–2040,3,7100,0.7550993611126186
SRI12,A,2020–2040,3,7200,0.7550974726218872
SRI12,A,2020–2040,3,7300,0.7551003156595854
SRI12,A,2020–2040,3,7400,0.7550999905772303
SRI12,A,2020–2040,3,7500,0.7550999905772303
SRI12,A,2020–2040,3,7600,0.75508580799516
SRI12,A,2020–2040,3,7700,0.7550861178959807
SRI12,A,2020–2040,3,7800,0.7550861178959807
SRI12,A,2020–2040,3,7900,0.7550865952157967
SRI12,A,2020–2040,3,8000,0.7550868924001687
SRI12,A,2020–2040,4,100,0.4941834207056195
SRI12,A,2020–2040,4,200,0.5075263553534171
SRI12,A,2020–2040,4,300,0.6668857699597952
SRI12,A,2020–2040,4,400,0.6964531915937893
SRI12,A,2020–2040,4,500,0.7490555619522955
SRI12,A,2020–2040,4,600,0.7504652837238511
SRI12,A,2020–2040,4,700,0.7525882970566357
SRI12,A,2020–2040,4,800,0.7548326240377771
SRI12,A,2020–2040,4,900,0.7553502911451148
SRI12,A,2020–2040,4,1000,0.7558190637118876
SRI12,A,2020–2040,4,1100,0.755808310016743
SRI12,A,2020–2040,4,1200,0.7542609732715772
SRI12,A,2020–2040,4,1300,0.7543158436155527
SRI12,A,2020–2040,4,1400,0.7543516223229975
SRI12,A,2020–2040,4,1500,0.7543936213166069
SRI12,A,2020–2040,4,1600,0.7545616428181305
SRI12,A,2020–2040,4,1700,0.7546355691187184
SRI12,A,2020–2040,4,1800,0.7546795321683347
SRI12,A,2020–2040,4,1900,0.7544246972354349
SRI12,A,2020–2040,4,2000,0.7544412840067476
SRI12,A,2020–2040,4,2100,0.7545941018901399
SRI12,A,2020–2040,4,2200,0.7546027174560559
SRI12,A,2020–2040,4,2300,0.7544339073182726
SRI12,A,2020–2040,4,2400,0.7545838666935387
SRI12,A,2020–2040,4,2500,0.7545874471515217
SRI12,A,2020–2040,4,2600,0.7545666435696001
SRI12,A,2020–2040,4,2700,0.7546145866522755
SRI12,A,2020–2040,4,2800,0.7546251303297803
SRI12,A,2020–2040,4,2900,0.7546691288122345
SRI12,A,2020–2040,4,3000,0.754675324793428
SRI12,A,2020–2040,4,3100,0.7546852232205085
SRI12,A,2020–2040,4,3200,0.7547076869310706
SRI12,A,2020–2040,4,3300,0.7547591980256753
SRI12,A,2020–2040,4,3400,0.7547418900505993
SRI12,A,2020–2040,4,3500,0.7547415720980721
SRI12,A,2020–2040,4,3600,0.7547419490324887
SRI12,A,2020–2040,4,3700,0.7547598691310782
SRI12,A,2020–2040,4,3800,0.7547718768592138
SRI12,A,2020–2040,4,3900,0.754772133712394
SRI12,A,2020–2040,4,4000,0.7547727585817359
SRI12,A,2020–2040,4,4100,0.7547817158792506
SRI12,A,2020–2040,4,4200,0.7547775661851642
SRI12,A,2020–2040,4,4300,0.7547885851877444
SRI12,A,2020–2040,4,4400,0.7547837996886365
SRI12,A,2020–2040,4,4500,0.7547796372516294
SRI12,A,2020–2040,4,4600,0.7547863157106878
SRI12,A,2020–2040,4,4700,0.7547885359507857
SRI12,A,2020–2040,4,4800,0.7547885392410372
SRI12,A,2020–2040,4,4900,0.7547883723018797
SRI12,A,2020–2040,4,5000,0.7547885308734299
SRI12,A,2020–2040,4,5100,0.7547887083429123
SRI12,A,2020–2040,4,5200,0.7547885061049561
SRI12,A,2020–2040,4,5300,0.7547866644498238
SRI12,A,2020–2040,4,5400,0.7547866796240981
SRI12,A,2020–2040,4,5500,0.7547866796240981
SRI12,A,2020–2040,4,5600,0.7549353393915635
SRI12,A,2020–2040,4,5700,0.754905219134368
SRI12,A,2020–2040,4,5800,0.754905219134368
SRI12,A,2020–2040,4,5900,0.7549058407268919
SRI12,A,2020–2040,4,6000,0.7549059567792753
SRI12,A,2020–2040,4,6100,0.7549039547957894
SRI12,A,2020–2040,4,6200,0.7549045953433664
SRI12,A,2020–2040,4,6300,0.7549036326956606
SRI12,A,2020–2040,4,6400,0.7549036326956606
SRI12,A,2020–2040,4,6500,0.7549036460219765
SRI12,A,2020–2040,4,6600,0.7549038273015789
SRI12,A,2020–2040,4,6700,0.7549137790936237
SRI12,A,2020–2040,4,6800,0.7549137790936237
SRI12,A,2020–2040,4,6900,0.7549137795333606
SRI12,A,2020–2040,4,7000,0.7549145136695984
SRI12,A,2020–2040,4,7100,0.7549145382336248
SRI12,A,2020–2040,4,7200,0.7549145382336248
SRI12,A,2020–2040,4,7300,0.7549099160988932
SRI12,A,2020–2040,4,7400,0.7549101334124326
SRI12,A,2020–2040,4,7500,0.7549101334124326
SRI12,A,2020–2040,4,7600,0.7549101338301072
SRI12,A,2020–2040,4,7700,0.7549113119336242
SRI12,A,2020–2040,4,7800,0.7549148500385016
SRI12,A,2020–2040,4,7900,0.7549148500385016
SRI12,A,2020–2040,4,8000,0.7549149023092524
SRI12,A,2020–2040,5,100,0.43630070629023926
SRI12,A,2020–2040,5,200,0.4893583063942639
SRI12,A,2020–2040,5,300,0.7382795390941227
SRI12,A,2020–2040,5,400,0.743384609011112
SRI12,A,2020–2040,5,500,0.7488371209282393
SRI12,A,2020–2040,5,600,0.7503176132133658
SRI12,A,2020–2040,5,700,0.7514391063951235
SRI12,A,2020–2040,5,800,0.752781817050051
SRI12,A,2020–2040,5,900,0.7529698813934241
SRI12,A,2020–2040,5,1000,0.753315793201162
SRI12,A,2020–2040,5,1100,0.7536558030571964
SRI12,A,2020–2040,5,1200,0.7538336159737248
SRI12,A,2020–2040,5,1300,0.7539057765517183
SRI12,A,2020–2040,5,1400,0.7538717726947523
SRI12,A,2020–2040,5,1500,0.7539168405471235
SRI12,A,2020–2040,5,1600,0.7540172170740262
SRI12,A,2020–2040,5,1700,0.7540480932627762
SRI12,A,2020–2040,5,1800,0.7540497037688523
SRI12,A,2020–2040,5,1900,0.7540461029339811
SRI12,A,2020–2040,5,2000,0.7540687761136787
SRI12,A,2020–2040,5,2100,0.75432239091165
SRI12,A,2020–2040,5,2200,0.7543885450159473
SRI12,A,2020–2040,5,2300,0.75457933964053
SRI12,A,2020–2040,5,2400,0.7546115290782558
SRI12,A,2020–2040,5,2500,0.7546018228380931
SRI12,A,2020–2040,5,2600,0.7546243238020407
SRI12,A,2020–2040,5,2700,0.7545814372715017
SRI12,A,2020–2040,5,2800,0.7545830151224646
SRI12,A,2020–2040,5,2900,0.7545848743076458
SRI12,A,2020–2040,5,3000,0.7545848743076458
SRI12,A,2020–2040,5,3100,0.754589691952861
SRI12,A,2020–2040,5,3200,0.7545906564151057
SRI12,A,2020–2040,5,3300,0.7546157443157566
SRI12,A,2020–2040,5,3400,0.7546045291118189
SRI12,A,2020–2040,5,3500,0.7548810372489665
SRI12,A,2020–2040,5,3600,0.7548930662028354
SRI12,A,2020–2040,5,3700,0.7549069295224717
SRI12,A,2020–2040,5,3800,0.7548881098435947
SRI12,A,2020–2040,5,3900,0.7548889099198203
SRI12,A,2020–2040,5,4000,0.7548881757812448
SRI12,A,2020–2040,5,4100,0.7548913294291467
SRI12,A,2020–2040,5,4200,0.7548913294291467
SRI12,A,2020–2040,5,4300,0.7549055127853248
SRI12,A,2020–2040,5,4400,0.7549079949054727
SRI12,A,2020–2040,5,4500,0.7549094232018478
SRI12,A,2020–2040,5,4600,0.7549115663493022
SRI12,A,2020–2040,5,4700,0.7549115663493022
SRI12,A,2020–2040,5,4800,0.7549199374863792
SRI12,A,2020–2040,5,4900,0.7549092408858648
SRI12,A,2020–2040,5,5000,0.7548892736836684
SRI12,A,2020–2040,5,5100,0.7548654586089272
SRI12,A,2020–2040,5,5200,0.7548749433268754
SRI12,A,2020–2040,5,5300,0.7548812827155269
SRI12,A,2020–2040,5,5400,0.7549296376605721
SRI12,A,2020–2040,5,5500,0.754925756723895
SRI12,A,2020–2040,5,5600,0.7549293452888481
SRI12,A,2020–2040,5,5700,0.7549413900969487
SRI12,A,2020–2040,5,5800,0.7549465248393572
SRI12,A,2020–2040,5,5900,0.754950650779175
SRI12,A,2020–2040,5,6000,0.7549440703179797
SRI12,A,2020–2040,5,6100,0.7549450315532288
SRI12,A,2020–2040,5,6200,0.7549457331858178
SRI12,A,2020–2040,5,6300,0.7549487649080274
SRI12,A,2020–2040,5,6400,0.754948923830644
SRI12,A,2020–2040,5,6500,0.7549511970270256
SRI12,A,2020–2040,5,6600,0.7549515005824856
SRI12,A,2020–2040,5,6700,0.7549477497578094
SRI12,A,2020–2040,5,6800,0.7549477497578094
SRI12,A,2020–2040,5,6900,0.7549482620409145
SRI12,A,2020–2040,5,7000,0.7549636293986399
SRI12,A,2020–2040,5,7100,0.7549617483376002
SRI12,A,2020–2040,5,7200,0.7549630943909847
SRI12,A,2020–2040,5,7300,0.7549634863621337
SRI12,A,2020–2040,5,7400,0.7549643469272436
SRI12,A,2020–2040,5,7500,0.754966900739221
SRI12,A,2020–2040,5,7600,0.754966900739221
SRI12,A,2020–2040,5,7700,0.7549681907435237
SRI12,A,2020–2040,5,7800,0.7549697080627772
SRI12,A,2020–2040,5,7900,0.7549713814762617
SRI12,A,2020–2040,5,8000,0.7549715407293482
SRI12,A,2020–2040,6,100,0.5257745124730232
SRI12,A,2020–2040,6,200,0.5379837737859962
SRI12,A,2020–2040,6,300,0.6685575779499837
SRI12,A,2020–2040,6,400,0.6724085925577175
SRI12,A,2020–2040,6,500,0.7392361182006192
SRI12,A,2020–2040,6,600,0.7412706678202017
SRI12,A,2020–2040,6,700,0.7493157907220565
SRI12,A,2020–2040,6,800,0.7497035817719123
SRI12,A,2020–2040,6,900,0.7499751283539897
SRI12,A,2020–2040,6,1000,0.7500772301372083
SRI12,A,2020–2040,6,1100,0.7508923206890734
SRI12,A,2020–2040,6,1200,0.7524325607232053
SRI12,A,2020–2040,6,1300,0.752567277741675
SRI12,A,2020–2040,6,1400,0.7527422387138184
SRI12,A,2020–2040,6,1500,0.752351126358723
SRI12,A,2020–2040,6,1600,0.7530249517109637
SRI12,A,2020–2040,6,1700,0.7532161744305566
SRI12,A,2020–2040,6,1800,0.7532099643390104
SRI12,A,2020–2040,6,1900,0.7534263705951669
SRI12,A,2020–2040,6,2000,0.7535282627965877
SRI12,A,2020–2040,6,2100,0.7535151632026851
SRI12,A,2020–2040,6,2200,0.7540614450636922
SRI12,A,2020–2040,6,2300,0.754535833902598
SRI12,A,2020–2040,6,2400,0.7545355745058059
SRI12,A,2020–2040,6,2500,0.7545956911364313
SRI12,A,2020–2040,6,2600,0.7545480235404568
SRI12,A,2020–2040,6,2700,0.7545567226795005
SRI12,A,2020–2040,6,2800,0.7545360269611735
SRI12,A,2020–2040,6,2900,0.7545978431650031
SRI12,A,2020–2040,6,3000,0.7546305080585122
SRI12,A,2020–2040,6,3100,0.7547409435054758
SRI12,A,2020–2040,6,3200,0.7547405064558284
SRI12,A,2020–2040,6,3300,0.7547435178609853
SRI12,A,2020–2040,6,3400,0.7547668648465707
SRI12,A,2020–2040,6,3500,0.7547922641134702
SRI12,A,2020–2040,6,3600,0.7547996933178422
SRI12,A,2020–2040,6,3700,0.7548216814104448
SRI12,A,2020–2040,6,3800,0.7548485979279651
SRI12,A,2020–2040,6,3900,0.7548364019396818
SRI12,A,2020–2040,6,4000,0.7548466736776445
SRI12,A,2020–2040,6,4100,0.7548727545928775
SRI12,A,2020–2040,6,4200,0.7548896782431883
SRI12,A,2020–2040,6,4300,0.7548871534131166
SRI12,A,2020–2040,6,4400,0.7550549577158119
SRI12,A,2020–2040,6,4500,0.7550626861426325
SRI12,A,2020–2040,6,4600,0.7550708727722695
SRI12,A,2020–2040,6,4700,0.7550745863371326
SRI12,A,2020–2040,6,4800,0.7550728260267807
SRI12,A,2020–2040,6,4900,0.7550748307913862
SRI12,A,2020–2040,6,5000,0.7550748307913862
SRI12,A,2020–2040,6,5100,0.7550711149567779
SRI12,A,2020–2040,6,5200,0.7551362867201639
SRI12,A,2020–2040,6,5300,0.7551234002502711
SRI12,A,2020–2040,6,5400,0.755121107053127
SRI12,A,2020–2040,6,5500,0.7551251798405608
SRI12,A,2020–2040,6,5600,0.7551260084302597
SRI12,A,2020–2040,6,5700,0.7551293568929542
SRI12,A,2020–2040,6,5800,0.7551433095501568
SRI12,A,2020–2040,6,5900,0.7551515557951796
SRI12,A,2020–2040,6,6000,0.7551515557951796
SRI12,A,2020–2040,6,6100,0.7551573456038694
SRI12,A,2020–2040,6,6200,0.7551578107972378
SRI12,A,2020–2040,6,6300,0.755161853705226
SRI12,A,2020–2040,6,6400,0.7551789476774634
SRI12,A,2020–2040,6,6500,0.7551666751466274
SRI12,A,2020–2040,6,6600,0.7551806605280706
SRI12,A,2020–2040,6,6700,0.7551806605280706
SRI12,A,2020–2040,6,6800,0.7551806683937247
SRI12,A,2020–2040,6,6900,0.7551809957197351
SRI12,A,2020–2040,6,7000,0.7551803794879677
SRI12,A,2020–2040,6,7100,0.7551814321489765
SRI12,A,2020–2040,6,7200,0.7551814331443025
SRI12,A,2020–2040,6,7300,0.7551878093269593
SRI12,A,2020–2040,6,7400,0.7551944510371861
SRI12,A,2020–2040,6,7500,0.7551951721750981
SRI12,A,2020–2040,6,7600,0.7551959279973961
SRI12,A,2020–2040,6,7700,0.7552172756154196
SRI12,A,2020–2040,6,7800,0.7552189828834172
SRI12,A,2020–2040,6,7900,0.7552210797394618
SRI12,A,2020–2040,6,8000,0.7552231930421335
SRI12,A,2020–2040,7,100,0.4168650601671112
SRI12,A,2020–2040,7,200,0.6208195814633588
SRI12,A,2020–2040,7,300,0.6628621876725627
SRI12,A,2020–2040,7,400,0.7176515315058332
SRI12,A,2020–2040,7,500,0.7382041889167205
SRI12,A,2020–2040,7,600,0.7486220395966131
SRI12,A,2020–2040,7,700,0.749934787918882
SRI12,A,2020–2040,7,800,0.7510755376175542
SRI12,A,2020–2040,7,900,0.7521818828811165
SRI12,A,2020–2040,7,1000,0.752886423824651
SRI12,A,2020–2040,7,1100,0.7534271922349862
SRI12,A,2020–2040,7,1200,0.7533242026872069
SRI12,A,2020–2040,7,1300,0.753509880968005
SRI12,A,2020–2040,7,1400,0.7538484104309061
SRI12,A,2020–2040,7,1500,0.7539290119902491
SRI12,A,2020–2040,7,1600,0.7539138476825035
SRI12,A,2020–2040,7,1700,0.753913334900475
SRI12,A,2020–2040,7,1800,0.7539211471272506
SRI12,A,2020–2040,7,1900,0.7540263953003051
SRI12,A,2020–2040,7,2000,0.7546625701691483
SRI12,A,2020–2040,7,2100,0.7546616022804725
SRI12,A,2020–2040,7,2200,0.7546490539771129
SRI12,A,2020–2040,7,2300,0.7546759163830378
SRI12,A,2020–2040,7,2400,0.7546942370641059
SRI12,A,2020–2040,7,2500,0.754648819059455
SRI12,A,2020–2040,7,2600,0.7546742460190776
SRI12,A,2020–2040,7,2700,0.7547056436828717
SRI12,A,2020–2040,7,2800,0.7547101585220667
SRI12,A,2020–2040,7,2900,0.7547101647650309
SRI12,A,2020–2040,7,3000,0.7547325349109385
SRI12,A,2020–2040,7,3100,0.7547357822847435
SRI12,A,2020–2040,7,3200,0.754730852049337
SRI12,A,2020–2040,7,3300,0.7547317020685067
SRI12,A,2020–2040,7,3400,0.7547264578831471
SRI12,A,2020–2040,7,3500,0.7547214387286755
SRI12,A,2020–2040,7,3600,0.7547286086651059
SRI12,A,2020–2040,7,3700,0.7545308563391231
SRI12,A,2020–2040,7,3800,0.7546437947143564
SRI12,A,2020–2040,7,3900,0.7546017102355854
SRI12,A,2020–2040,7,4000,0.7545855761056702
SRI12,A,2020–2040,7,4100,0.7545887872378532
SRI12,A,2020–2040,7,4200,0.7545761378678009
SRI12,A,2020–2040,7,4300,0.7547059671309314
SRI12,A,2020–2040,7,4400,0.7547200386719426
SRI12,A,2020–2040,7,4500,0.7547291787500713
SRI12,A,2020–2040,7,4600,0.7547271266704288
SRI12,A,2020–2040,7,4700,0.7549384204710728
SRI12,A,2020–2040,7,4800,0.7549332946271142
SRI12,A,2020–2040,7,4900,0.7549351359035057
SRI12,A,2020–2040,7,5000,0.7549682691505439
SRI12,A,2020–2040,7,5100,0.7549831256852375
SRI12,A,2020–2040,7,5200,0.754996241583892
SRI12,A,2020–2040,7,5300,0.754930655870551
SRI12,A,2020–2040,7,5400,0.7549417979898991
SRI12,A,2020–2040,7,5500,0.754950080672974
SRI12,A,2020–2040,7,5600,0.7549665329682077
SRI12,A,2020–2040,7,5700,0.7549721175489496
SRI12,A,2020–2040,7,5800,0.7549908441271462
SRI12,A,2020–2040,7,5900,0.7549966276006521
SRI12,A,2020–2040,7,6000,0.755003046475251
SRI12,A,2020–2040,7,6100,0.755003046475251
SRI12,A,2020–2040,7,6200,0.755003168368462
SRI12,A,2020–2040,7,6300,0.7550343725243149
SRI12,A,2020–2040,7,6400,0.7550347038975749
SRI12,A,2020–2040,7,6500,0.7550314556440644
SRI12,A,2020–2040,7,6600,0.7550368699205288
SRI12,A,2020–2040,7,6700,0.7550350564140353
SRI12,A,2020–2040,7,6800,0.7550354633190055
SRI12,A,2020–2040,7,6900,0.7550264437357099
SRI12,A,2020–2040,7,7000,0.7550247930807251
SRI12,A,2020–2040,7,7100,0.7550266437573562
SRI12,A,2020–2040,7,7200,0.755027766722518
SRI12,A,2020–2040,7,7300,0.755028089339299
SRI12,A,2020–2040,7,7400,0.7550262589501407
SRI12,A,2020–2040,7,7500,0.7550512398748148
SRI12,A,2020–2040,7,7600,0.7550546775893461
SRI12,A,2020–2040,7,7700,0.7550517646929753
SRI12,A,2020–2040,7,7800,0.7550517995146131
SRI12,A,2020–2040,7,7900,0.7550504183316441
SRI12,A,2020–2040,7,8000,0.7550523613859705
SRI12,B,2080–2100,1,100,0.21141482978823553
SRI12,B,2080–2100,1,200,0.21897094730149547
SRI12,B,2080–2100,1,300,0.25239916746542923
SRI12,B,2080–2100,1,400,0.3038497704286994
SRI12,B,2080–2100,1,500,0.344188533444739
SRI12,B,2080–2100,1,600,0.34852881613978576
SRI12,B,2080–2100,1,700,0.35275946667161195
SRI12,B,2080–2100,1,800,0.3544977601398511
SRI12,B,2080–2100,1,900,0.35523578131850475
SRI12,B,2080–2100,1,1000,0.35725140513649367
SRI12,B,2080–2100,1,1100,0.35745774083036186
SRI12,B,2080–2100,1,1200,0.35789561735331116
SRI12,B,2080–2100,1,1300,0.3584991285644719
SRI12,B,2080–2100,1,1400,0.35862490633949207
SRI12,B,2080–2100,1,1500,0.3586911927567114
SRI12,B,2080–2100,1,1600,0.3589667359058802
SRI12,B,2080–2100,1,1700,0.35905473328854426
SRI12,B,2080–2100,1,1800,0.3592403667316355
SRI12,B,2080–2100,1,1900,0.35952398635177935
SRI12,B,2080–2100,1,2000,0.3599208793620393
SRI12,B,2080–2100,1,2100,0.3599089576321402
SRI12,B,2080–2100,1,2200,0.35994214204729597
SRI12,B,2080–2100,1,2300,0.3599941767393337
SRI12,B,2080–2100,1,2400,0.3600311260607131
SRI12,B,2080–2100,1,2500,0.3600862145440407
SRI12,B,2080–2100,1,2600,0.3600986918519897
SRI12,B,2080–2100,1,2700,0.36010470306619746
SRI12,B,2080–2100,1,2800,0.36024702822600196
SRI12,B,2080–2100,1,2900,0.3604208932148454
SRI12,B,2080–2100,1,3000,0.36053581365172827
SRI12,B,2080–2100,1,3100,0.36071301241169335
SRI12,B,2080–2100,1,3200,0.3607307306773588
SRI12,B,2080–2100,1,3300,0.3608186513511874
SRI12,B,2080–2100,1,3400,0.3608228770329788
SRI12,B,2080–2100,1,3500,0.3608400955734127
SRI12,B,2080–2100,1,3600,0.36091955450346686
SRI12,B,2080–2100,1,3700,0.36090593612956295
SRI12,B,2080–2100,1,3800,0.3610968774573215
SRI12,B,2080–2100,1,3900,0.3611534383524342
SRI12,B,2080–2100,1,4000,0.3611715414457526
SRI12,B,2080–2100,1,4100,0.36110828563381947
SRI12,B,2080–2100,1,4200,0.3611133285807757
SRI12,B,2080–2100,1,4300,0.3611215619126561
SRI12,B,2080–2100,1,4400,0.36116771441914614
SRI12,B,2080–2100,1,4500,0.36116831063468446
SRI12,B,2080–2100,1,4600,0.3610263683036387
SRI12,B,2080–2100,1,4700,0.3610523946824864
SRI12,B,2080–2100,1,4800,0.3610515312512673
SRI12,B,2080–2100,1,4900,0.36106552988635277
SRI12,B,2080–2100,1,5000,0.36107528971914155
SRI12,B,2080–2100,1,5100,0.361080846780304
SRI12,B,2080–2100,1,5200,0.3610976909221942
SRI12,B,2080–2100,1,5300,0.36109755727934895
SRI12,B,2080–2100,1,5400,0.3610930715211702
SRI12,B,2080–2100,1,5500,0.36109566914013963
SRI12,B,2080–2100,1,5600,0.36111891793148526
SRI12,B,2080–2100,1,5700,0.3611180872334122
SRI12,B,2080–2100,1,5800,0.3611314247176238
SRI12,B,2080–2100,1,5900,0.3612102956570262
SRI12,B,2080–2100,1,6000,0.36120847088273866
SRI12,B,2080–2100,1,6100,0.36122345782082543
SRI12,B,2080–2100,1,6200,0.36126986050431265
SRI12,B,2080–2100,1,6300,0.3612851683502153
SRI12,B,2080–2100,1,6400,0.3612914559765183
SRI12,B,2080–2100,1,6500,0.3612899830825226
SRI12,B,2080–2100,1,6600,0.3613033793151032
SRI12,B,2080–2100,1,6700,0.36131492736215576
SRI12,B,2080–2100,1,6800,0.36131961044745436
SRI12,B,2080–2100,1,6900,0.3613415133678687
SRI12,B,2080–2100,1,7000,0.36134171348861316
SRI12,B,2080–2100,1,7100,0.3613668578136273
SRI12,B,2080–2100,1,7200,0.36137651207160454
SRI12,B,2080–2100,1,7300,0.3613822792196732
SRI12,B,2080–2100,1,7400,0.36138689321068024
SRI12,B,2080–2100,1,7500,0.3613938081180906
SRI12,B,2080–2100,1,7600,0.3613983805292965
SRI12,B,2080–2100,1,7700,0.3614071638910076
SRI12,B,2080–2100,1,7800,0.36141546238291644
SRI12,B,2080–2100,1,7900,0.3614245857169318
SRI12,B,2080–2100,1,8000,0.3613969508021407
SRI12,B,2080–2100,2,100,0.19212840818022814
SRI12,B,2080–2100,2,200,0.21267124463515813
SRI12,B,2080–2100,2,300,0.29394740030885336
SRI12,B,2080–2100,2,400,0.3080259629853644
SRI12,B,2080–2100,2,500,0.3131970989922475
SRI12,B,2080–2100,2,600,0.32749595296205924
SRI12,B,2080–2100,2,700,0.34735618325187223
SRI12,B,2080–2100,2,800,0.3483144135252719
SRI12,B,2080–2100,2,900,0.3503853710316328
SRI12,B,2080–2100,2,1000,0.35210196803812654
SRI12,B,2080–2100,2,1100,0.3534452755208514
SRI12,B,2080–2100,2,1200,0.3536921340133234
SRI12,B,2080–2100,2,1300,0.3555463435472034
SRI12,B,2080–2100,2,1400,0.35668367792317446
SRI12,B,2080–2100,2,1500,0.35791764478681665
SRI12,B,2080–2100,2,1600,0.35817355362074077
SRI12,B,2080–2100,2,1700,0.3581921058945291
SRI12,B,2080–2100,2,1800,0.3582886281020142
SRI12,B,2080–2100,2,1900,0.359011170148529
SRI12,B,2080–2100,2,2000,0.359415336011275
SRI12,B,2080–2100,2,2100,0.35954257263967404
SRI12,B,2080–2100,2,2200,0.35988504085940065
SRI12,B,2080–2100,2,2300,0.359922405306407
SRI12,B,2080–2100,2,2400,0.3599310709270761
SRI12,B,2080–2100,2,2500,0.3600639242613562
SRI12,B,2080–2100,2,2600,0.3600969318906623
SRI12,B,2080–2100,2,2700,0.3601520788163429
SRI12,B,2080–2100,2,2800,0.36020117919229017
SRI12,B,2080–2100,2,2900,0.360260568290596
SRI12,B,2080–2100,2,3000,0.36039174042128874
SRI12,B,2080–2100,2,3100,0.3604569168217026
SRI12,B,2080–2100,2,3200,0.3604325214183114
SRI12,B,2080–2100,2,3300,0.36065053742399134
SRI12,B,2080–2100,2,3400,0.3607203324183996
SRI12,B,2080–2100,2,3500,0.3607768313807166
SRI12,B,2080–2100,2,3600,0.36081858371786196
SRI12,B,2080–2100,2,3700,0.3608631779513743
SRI12,B,2080–2100,2,3800,0.360921510337436
SRI12,B,2080–2100,2,3900,0.36093792251743995
SRI12,B,2080–2100,2,4000,0.3609658321038231
SRI12,B,2080–2100,2,4100,0.36097407065406445
SRI12,B,2080–2100,2,4200,0.36098557905494266
SRI12,B,2080–2100,2,4300,0.3609934993797367
SRI12,B,2080–2100,2,4400,0.36099743148419916
SRI12,B,2080–2100,2,4500,0.36100134027732583
SRI12,B,2080–2100,2,4600,0.3611411282898546
SRI12,B,2080–2100,2,4700,0.3611456865411582
SRI12,B,2080–2100,2,4800,0.36114903998069703
SRI12,B,2080–2100,2,4900,0.3611606518806358
SRI12,B,2080–2100,2,5000,0.3612234677576739
SRI12,B,2080–2100,2,5100,0.3612315755868871
SRI12,B,2080–2100,2,5200,0.36125746892907473
SRI12,B,2080–2100,2,5300,0.36127225757571263
SRI12,B,2080–2100,2,5400,0.3612754346237819
SRI12,B,2080–2100,2,5500,0.3612831532446784
SRI12,B,2080–2100,2,5600,0.3612857964661639
SRI12,B,2080–2100,2,5700,0.3612941871205114
SRI12,B,2080–2100,2,5800,0.3613284411990616
SRI12,B,2080–2100,2,5900,0.3613147244484039
SRI12,B,2080–2100,2,6000,0.3613190687129211
SRI12,B,2080–2100,2,6100,0.36135376244662676
SRI12,B,2080–2100,2,6200,0.36136263532540175
SRI12,B,2080–2100,2,6300,0.36136530947486445
SRI12,B,2080–2100,2,6400,0.3613765569614416
SRI12,B,2080–2100,2,6500,0.36139082326464994
SRI12,B,2080–2100,2,6600,0.3613946325301403
SRI12,B,2080–2100,2,6700,0.36143143983636106
SRI12,B,2080–2100,2,6800,0.36143319767361615
SRI12,B,2080–2100,2,6900,0.3614451175863989
SRI12,B,2080–2100,2,7000,0.36143890880164153
SRI12,B,2080–2100,2,7100,0.36143912923017957
SRI12,B,2080–2100,2,7200,0.3614346040475493
SRI12,B,2080–2100,2,7300,0.36143475807933534
SRI12,B,2080–2100,2,7400,0.3614357499076921
SRI12,B,2080–2100,2,7500,0.36143164498062585
SRI12,B,2080–2100,2,7600,0.3614344047403722
SRI12,B,2080–2100,2,7700,0.3614334160026763
SRI12,B,2080–2100,2,7800,0.361434170905637
SRI12,B,2080–2100,2,7900,0.3614459227437835
SRI12,B,2080–2100,2,8000,0.36148260409684824
SRI12,B,2080–2100,3,100,0.2176163170708337
SRI12,B,2080–2100,3,200,0.22773180862059708
SRI12,B,2080–2100,3,300,0.251645192608251
SRI12,B,2080–2100,3,400,0.265974170711858
SRI12,B,2080–2100,3,500,0.27852929417431754
SRI12,B,2080–2100,3,600,0.28029908645414603
SRI12,B,2080–2100,3,700,0.29025069425094807
SRI12,B,2080–2100,3,800,0.3033947824821129
SRI12,B,2080–2100,3,900,0.3446744320222814
SRI12,B,2080–2100,3,1000,0.3451133788310308
SRI12,B,2080–2100,3,1100,0.3459521213506669
SRI12,B,2080–2100,3,1200,0.34690921110948614
SRI12,B,2080–2100,3,1300,0.35260958402793746
SRI12,B,2080–2100,3,1400,0.3530435517312479
SRI12,B,2080–2100,3,1500,0.3534613670544139
SRI12,B,2080–2100,3,1600,0.3538426426194577
SRI12,B,2080–2100,3,1700,0.3560919581973004
SRI12,B,2080–2100,3,1800,0.35698462262525904
SRI12,B,2080–2100,3,1900,0.3570363359886897
SRI12,B,2080–2100,3,2000,0.35809683905044404
SRI12,B,2080–2100,3,2100,0.3583514961721608
SRI12,B,2080–2100,3,2200,0.35890213391096126
SRI12,B,2080–2100,3,2300,0.35909883453842817
SRI12,B,2080–2100,3,2400,0.3591978488989089
SRI12,B,2080–2100,3,2500,0.359513856709055
SRI12,B,2080–2100,3,2600,0.3594532328737252
SRI12,B,2080–2100,3,2700,0.3593711381853214
SRI12,B,2080–2100,3,2800,0.35938277566029847
SRI12,B,2080–2100,3,2900,0.35957497226541424
SRI12,B,2080–2100,3,3000,0.3596547523917355
SRI12,B,2080–2100,3,3100,0.3597822889004823
SRI12,B,2080–2100,3,3200,0.3599506815660596
SRI12,B,2080–2100,3,3300,0.36005286997786856
SRI12,B,2080–2100,3,3400,0.36011930100492145
SRI12,B,2080–2100,3,3500,0.36006229242737314
SRI12,B,2080–2100,3,3600,0.36012524332146845
SRI12,B,2080–2100,3,3700,0.3601357091820394
SRI12,B,2080–2100,3,3800,0.3602199858261441
SRI12,B,2080–2100,3,3900,0.36029682759405035
SRI12,B,2080–2100,3,4000,0.36037220687393945
SRI12,B,2080–2100,3,4100,0.3604069110217227
SRI12,B,2080–2100,3,4200,0.3604542693388654
SRI12,B,2080–2100,3,4300,0.36051059500432614
SRI12,B,2080–2100,3,4400,0.36055902871770246
SRI12,B,2080–2100,3,4500,0.36058513939043985
SRI12,B,2080–2100,3,4600,0.36049195405809714
SRI12,B,2080–2100,3,4700,0.3605024062234042
SRI12,B,2080–2100,3,4800,0.36052346981472244
SRI12,B,2080–2100,3,4900,0.3605296536981384
SRI12,B,2080–2100,3,5000,0.3605066664043647
SRI12,B,2080–2100,3,5100,0.36058485345799474
SRI12,B,2080–2100,3,5200,0.3605869096641044
SRI12,B,2080–2100,3,5300,0.36059955565585833
SRI12,B,2080–2100,3,5400,0.36064224204261863
SRI12,B,2080–2100,3,5500,0.36063384245748736
SRI12,B,2080–2100,3,5600,0.3606597981927151
SRI12,B,2080–2100,3,5700,0.3606607856034989
SRI12,B,2080–2100,3,5800,0.36074883897220433
SRI12,B,2080–2100,3,5900,0.36079036933013575
SRI12,B,2080–2100,3,6000,0.36079369880588813
SRI12,B,2080–2100,3,6100,0.3608313192390442
SRI12,B,2080–2100,3,6200,0.3608536770397214
SRI12,B,2080–2100,3,6300,0.36090916035170234
SRI12,B,2080–2100,3,6400,0.3609151737709748
SRI12,B,2080–2100,3,6500,0.3609257815983578
SRI12,B,2080–2100,3,6600,0.3609481275094953
SRI12,B,2080–2100,3,6700,0.36097147121548656
SRI12,B,2080–2100,3,6800,0.3609747888611433
SRI12,B,2080–2100,3,6900,0.36097514742656145
SRI12,B,2080–2100,3,7000,0.36097627593824194
SRI12,B,2080–2100,3,7100,0.36103095918347183
SRI12,B,2080–2100,3,7200,0.3610630749181336
SRI12,B,2080–2100,3,7300,0.36107849799677194
SRI12,B,2080–2100,3,7400,0.3611278516787024
SRI12,B,2080–2100,3,7500,0.361153383288616
SRI12,B,2080–2100,3,7600,0.3611756916967254
SRI12,B,2080–2100,3,7700,0.36119967022671917
SRI12,B,2080–2100,3,7800,0.3612402206970919
SRI12,B,2080–2100,3,7900,0.36124646219938256
SRI12,B,2080–2100,3,8000,0.36125324077486065
SRI12,B,2080–2100,4,100,0.20869512376588917
SRI12,B,2080–2100,4,200,0.23725566938383397
SRI12,B,2080–2100,4,300,0.27010267068859933
SRI12,B,2080–2100,4,400,0.29222348826657774
SRI12,B,2080–2100,4,500,0.31413486057253404
SRI12,B,2080–2100,4,600,0.3448470267134615
SRI12,B,2080–2100,4,700,0.3469409564920209
SRI12,B,2080–2100,4,800,0.34800829284405277
SRI12,B,2080–2100,4,900,0.34854231952200904
SRI12,B,2080–2100,4,1000,0.349219362658372
SRI12,B,2080–2100,4,1100,0.3513435821460278
SRI12,B,2080–2100,4,1200,0.35215535795508696
SRI12,B,2080–2100,4,1300,0.35273781951386
SRI12,B,2080–2100,4,1400,0.35286575621404975
SRI12,B,2080–2100,4,1500,0.35333681496205266
SRI12,B,2080–2100,4,1600,0.3555268448116137
SRI12,B,2080–2100,4,1700,0.3564744752606968
SRI12,B,2080–2100,4,1800,0.357118810463667
SRI12,B,2080–2100,4,1900,0.3573499751572188
SRI12,B,2080–2100,4,2000,0.3580345006463487
SRI12,B,2080–2100,4,2100,0.3584354106933608
SRI12,B,2080–2100,4,2200,0.3586097205007729
SRI12,B,2080–2100,4,2300,0.35910372462329476
SRI12,B,2080–2100,4,2400,0.3593643488633317
SRI12,B,2080–2100,4,2500,0.3595785824258919
SRI12,B,2080–2100,4,2600,0.36010584892881214
SRI12,B,2080–2100,4,2700,0.3602271956063157
SRI12,B,2080–2100,4,2800,0.36046141876161575
SRI12,B,2080–2100,4,2900,0.36052356053237067
SRI12,B,2080–2100,4,3000,0.3606165367075811
SRI12,B,2080–2100,4,3100,0.3606833034128255
SRI12,B,2080–2100,4,3200,0.36069022597509015
SRI12,B,2080–2100,4,3300,0.36070985565549724
SRI12,B,2080–2100,4,3400,0.36070604634415354
SRI12,B,2080–2100,4,3500,0.36071069353069074
SRI12,B,2080–2100,4,3600,0.36070967038933055
SRI12,B,2080–2100,4,3700,0.3606899054620213
SRI12,B,2080–2100,4,3800,0.36071140359346193
SRI12,B,2080–2100,4,3900,0.3607710365165121
SRI12,B,2080–2100,4,4000,0.36091256584395637
SRI12,B,2080–2100,4,4100,0.3610058669189953
SRI12,B,2080–2100,4,4200,0.36080863017352355
SRI12,B,2080–2100,4,4300,0.3608029195795858
SRI12,B,2080–2100,4,4400,0.3608263085832749
SRI12,B,2080–2100,4,4500,0.36092838232309743
SRI12,B,2080–2100,4,4600,0.36094326197325344
SRI12,B,2080–2100,4,4700,0.360949439572408
SRI12,B,2080–2100,4,4800,0.3608849630632035
SRI12,B,2080–2100,4,4900,0.36091598654930124
SRI12,B,2080–2100,4,5000,0.36093673292515366
SRI12,B,2080–2100,4,5100,0.3609436791908736
SRI12,B,2080–2100,4,5200,0.36094115678186106
SRI12,B,2080–2100,4,5300,0.3609473691677427
SRI12,B,2080–2100,4,5400,0.36095464740582395
SRI12,B,2080–2100,4,5500,0.36097456250127063
SRI12,B,2080–2100,4,5600,0.3609989846052933
SRI12,B,2080–2100,4,5700,0.360982355424597
SRI12,B,2080–2100,4,5800,0.3609956535252371
SRI12,B,2080–2100,4,5900,0.36099956298008784
SRI12,B,2080–2100,4,6000,0.3610269964000591
SRI12,B,2080–2100,4,6100,0.36102290104098494
SRI12,B,2080–2100,4,6200,0.3609884400495099
SRI12,B,2080–2100,4,6300,0.36104455337996166
SRI12,B,2080–2100,4,6400,0.36106549709478986
SRI12,B,2080–2100,4,6500,0.36107168911564885
SRI12,B,2080–2100,4,6600,0.36107244042145414
SRI12,B,2080–2100,4,6700,0.3610756198289567
SRI12,B,2080–2100,4,6800,0.36108089154819983
SRI12,B,2080–2100,4,6900,0.3610873341910736
SRI12,B,2080–2100,4,7000,0.36108722761009504
SRI12,B,2080–2100,4,7100,0.36108588696164856
SRI12,B,2080–2100,4,7200,0.36111115607618444
SRI12,B,2080–2100,4,7300,0.36111039947256585
SRI12,B,2080–2100,4,7400,0.36112573597115366
SRI12,B,2080–2100,4,7500,0.3611574250958048
SRI12,B,2080–2100,4,7600,0.36116072989931947
SRI12,B,2080–2100,4,7700,0.3611772318327207
SRI12,B,2080–2100,4,7800,0.3611928211930146
SRI12,B,2080–2100,4,7900,0.361232600724796
SRI12,B,2080–2100,4,8000,0.36123559321420445
SRI12,B,2080–2100,5,100,0.2258876212081926
SRI12,B,2080–2100,5,200,0.24352127180034397
SRI12,B,2080–2100,5,300,0.28897709244691655
SRI12,B,2080–2100,5,400,0.2999359342058019
SRI12,B,2080–2100,5,500,0.324006191290103
SRI12,B,2080–2100,5,600,0.3257097855124537
SRI12,B,2080–2100,5,700,0.3307778433123559
SRI12,B,2080–2100,5,800,0.34090562693375126
SRI12,B,2080–2100,5,900,0.3463794880668556
SRI12,B,2080–2100,5,1000,0.34963673697331105
SRI12,B,2080–2100,5,1100,0.34994412826445576
SRI12,B,2080–2100,5,1200,0.3501105439373639
SRI12,B,2080–2100,5,1300,0.35030750349059514
SRI12,B,2080–2100,5,1400,0.35052190868625216
SRI12,B,2080–2100,5,1500,0.3506300522276984
SRI12,B,2080–2100,5,1600,0.35637508902335713
SRI12,B,2080–2100,5,1700,0.35693865876124764
SRI12,B,2080–2100,5,1800,0.35758433512574495
SRI12,B,2080–2100,5,1900,0.35787198933823894
SRI12,B,2080–2100,5,2000,0.3580494181177384
SRI12,B,2080–2100,5,2100,0.3585396508433982
SRI12,B,2080–2100,5,2200,0.35883744410817303
SRI12,B,2080–2100,5,2300,0.3591543022241932
SRI12,B,2080–2100,5,2400,0.35917359825744416
SRI12,B,2080–2100,5,2500,0.35916366016933343
SRI12,B,2080–2100,5,2600,0.3594180400758341
SRI12,B,2080–2100,5,2700,0.3595968806889107
SRI12,B,2080–2100,5,2800,0.3598627135924539
SRI12,B,2080–2100,5,2900,0.35989020573916713
SRI12,B,2080–2100,5,3000,0.3599518181106881
SRI12,B,2080–2100,5,3100,0.36009612636237986
SRI12,B,2080–2100,5,3200,0.3603101368092057
SRI12,B,2080–2100,5,3300,0.360325172615764
SRI12,B,2080–2100,5,3400,0.36051477369282886
SRI12,B,2080–2100,5,3500,0.36065069500109403
SRI12,B,2080–2100,5,3600,0.3606816901996682
SRI12,B,2080–2100,5,3700,0.3607321181480463
SRI12,B,2080–2100,5,3800,0.36077805017069275
SRI12,B,2080–2100,5,3900,0.3607934689745687
SRI12,B,2080–2100,5,4000,0.36085870324941915
SRI12,B,2080–2100,5,4100,0.36087035616931723
SRI12,B,2080–2100,5,4200,0.3608753677641947
SRI12,B,2080–2100,5,4300,0.3609080630935415
SRI12,B,2080–2100,5,4400,0.36090976912316364
SRI12,B,2080–2100,5,4500,0.3609264860286579
SRI12,B,2080–2100,5,4600,0.3609380206699788
SRI12,B,2080–2100,5,4700,0.3609544699926237
SRI12,B,2080–2100,5,4800,0.36098698078088004
SRI12,B,2080–2100,5,4900,0.3610410167617698
SRI12,B,2080–2100,5,5000,0.36098932333201283
SRI12,B,2080–2100,5,5100,0.3610071153779305
SRI12,B,2080–2100,5,5200,0.361036621383922
SRI12,B,2080–2100,5,5300,0.36104629078528105
SRI12,B,2080–2100,5,5400,0.3610566761324957
SRI12,B,2080–2100,5,5500,0.36106511041920963
SRI12,B,2080–2100,5,5600,0.36107389483432745
SRI12,B,2080–2100,5,5700,0.36109987472081584
SRI12,B,2080–2100,5,5800,0.36113762301404406
SRI12,B,2080–2100,5,5900,0.361152073665723
SRI12,B,2080–2100,5,6000,0.3611515372616858
SRI12,B,2080–2100,5,6100,0.36115040208518157
SRI12,B,2080–2100,5,6200,0.3611649005152807
SRI12,B,2080–2100,5,6300,0.36116752172337857
SRI12,B,2080–2100,5,6400,0.36120047546810796
SRI12,B,2080–2100,5,6500,0.3612054523359382
SRI12,B,2080–2100,5,6600,0.36120328884888653
SRI12,B,2080–2100,5,6700,0.36120377968915973
SRI12,B,2080–2100,5,6800,0.3612257734103567
SRI12,B,2080–2100,5,6900,0.3611872378202618
SRI12,B,2080–2100,5,7000,0.3611875304631289
SRI12,B,2080–2100,5,7100,0.3611891174643989
SRI12,B,2080–2100,5,7200,0.36119159238200715
SRI12,B,2080–2100,5,7300,0.3612056596529102
SRI12,B,2080–2100,5,7400,0.3612043170127421
SRI12,B,2080–2100,5,7500,0.36121566942418726
SRI12,B,2080–2100,5,7600,0.361234900279161
SRI12,B,2080–2100,5,7700,0.3612330454255865
SRI12,B,2080–2100,5,7800,0.36122666598830067
SRI12,B,2080–2100,5,7900,0.36124549397687045
SRI12,B,2080–2100,5,8000,0.3612478146757547
SRI12,B,2080–2100,6,100,0.21233655577802607
SRI12,B,2080–2100,6,200,0.24048582711470867
SRI12,B,2080–2100,6,300,0.2812147100138891
SRI12,B,2080–2100,6,400,0.2890293990964843
SRI12,B,2080–2100,6,500,0.29585301344217374
SRI12,B,2080–2100,6,600,0.2983306767245987
SRI12,B,2080–2100,6,700,0.33692148865258165
SRI12,B,2080–2100,6,800,0.33844057775528985
SRI12,B,2080–2100,6,900,0.3451204496317569
SRI12,B,2080–2100,6,1000,0.34609684686664555
SRI12,B,2080–2100,6,1100,0.3530294861712897
SRI12,B,2080–2100,6,1200,0.35372444291614286
SRI12,B,2080–2100,6,1300,0.3543333188084778
SRI12,B,2080–2100,6,1400,0.35440762906620765
SRI12,B,2080–2100,6,1500,0.3549199251215254
SRI12,B,2080–2100,6,1600,0.3553529756590128
SRI12,B,2080–2100,6,1700,0.35607786155264864
SRI12,B,2080–2100,6,1800,0.35716548594808245
SRI12,B,2080–2100,6,1900,0.3580735411327552
SRI12,B,2080–2100,6,2000,0.3585556988630019
SRI12,B,2080–2100,6,2100,0.3588071947600727
SRI12,B,2080–2100,6,2200,0.35898785109494225
SRI12,B,2080–2100,6,2300,0.35929560111964937
SRI12,B,2080–2100,6,2400,0.359344060327649
SRI12,B,2080–2100,6,2500,0.3592833432914658
SRI12,B,2080–2100,6,2600,0.359335354494851
SRI12,B,2080–2100,6,2700,0.3594682442566977
SRI12,B,2080–2100,6,2800,0.3595332417512665
SRI12,B,2080–2100,6,2900,0.3595465315915196
SRI12,B,2080–2100,6,3000,0.3597102502373164
SRI12,B,2080–2100,6,3100,0.35974427185564245
SRI12,B,2080–2100,6,3200,0.35996618775794786
SRI12,B,2080–2100,6,3300,0.3600389596823934
SRI12,B,2080–2100,6,3400,0.36014787922338
SRI12,B,2080–2100,6,3500,0.3602451088032812
SRI12,B,2080–2100,6,3600,0.3602766657270836
SRI12,B,2080–2100,6,3700,0.3601883199389974
SRI12,B,2080–2100,6,3800,0.36025677519547167
SRI12,B,2080–2100,6,3900,0.36041461830810456
SRI12,B,2080–2100,6,4000,0.3604361267339648
SRI12,B,2080–2100,6,4100,0.36047253959925457
SRI12,B,2080–2100,6,4200,0.36047763886867257
SRI12,B,2080–2100,6,4300,0.36048273455456054
SRI12,B,2080–2100,6,4400,0.36053197407594134
SRI12,B,2080–2100,6,4500,0.3605455070772633
SRI12,B,2080–2100,6,4600,0.3605804620282411
SRI12,B,2080–2100,6,4700,0.3605933114990563
SRI12,B,2080–2100,6,4800,0.36060940097373023
SRI12,B,2080–2100,6,4900,0.3606062948096175
SRI12,B,2080–2100,6,5000,0.3606018111581928
SRI12,B,2080–2100,6,5100,0.3606123707456191
SRI12,B,2080–2100,6,5200,0.3606139830515421
SRI12,B,2080–2100,6,5300,0.3606606329458625
SRI12,B,2080–2100,6,5400,0.36081571076490937
SRI12,B,2080–2100,6,5500,0.36091211534583567
SRI12,B,2080–2100,6,5600,0.36093072925782915
SRI12,B,2080–2100,6,5700,0.36096916341713575
SRI12,B,2080–2100,6,5800,0.3609807450821344
SRI12,B,2080–2100,6,5900,0.3610231722332998
SRI12,B,2080–2100,6,6000,0.36102567853934475
SRI12,B,2080–2100,6,6100,0.3610676140787876
SRI12,B,2080–2100,6,6200,0.3610668916910495
SRI12,B,2080–2100,6,6300,0.36112320196719855
SRI12,B,2080–2100,6,6400,0.36113376260176344
SRI12,B,2080–2100,6,6500,0.36118737847419913
SRI12,B,2080–2100,6,6600,0.36119633545414276
SRI12,B,2080–2100,6,6700,0.361217060328663
SRI12,B,2080–2100,6,6800,0.36123366859528094
SRI12,B,2080–2100,6,6900,0.36124728043310317
SRI12,B,2080–2100,6,7000,0.3612601200001375
SRI12,B,2080–2100,6,7100,0.36125579386530865
SRI12,B,2080–2100,6,7200,0.36126979822041194
SRI12,B,2080–2100,6,7300,0.3612917381699567
SRI12,B,2080–2100,6,7400,0.36127469543928536
SRI12,B,2080–2100,6,7500,0.36131007471807386
SRI12,B,2080–2100,6,7600,0.36130771767980774
SRI12,B,2080–2100,6,7700,0.36130514609998293
SRI12,B,2080–2100,6,7800,0.3613206894290951
SRI12,B,2080–2100,6,7900,0.36132880730892347
SRI12,B,2080–2100,6,8000,0.3613330576650899
SRI12,B,2080–2100,7,100,0.20254348492526064
SRI12,B,2080–2100,7,200,0.21945538825486732
SRI12,B,2080–2100,7,300,0.25177875774132197
SRI12,B,2080–2100,7,400,0.30459198167336343
SRI12,B,2080–2100,7,500,0.33011741412300233
SRI12,B,2080–2100,7,600,0.3358401324712956
SRI12,B,2080–2100,7,700,0.33920341695924927
SRI12,B,2080–2100,7,800,0.3428340640150429
SRI12,B,2080–2100,7,900,0.3474282706366323
SRI12,B,2080–2100,7,1000,0.3563189182865885
SRI12,B,2080–2100,7,1100,0.35676765053881576
SRI12,B,2080–2100,7,1200,0.3572032051077794
SRI12,B,2080–2100,7,1300,0.3575000853640483
SRI12,B,2080–2100,7,1400,0.35827135618641653
SRI12,B,2080–2100,7,1500,0.3585195603963999
SRI12,B,2080–2100,7,1600,0.35860458673029605
SRI12,B,2080–2100,7,1700,0.35863681780782564
SRI12,B,2080–2100,7,1800,0.358652968032178
SRI12,B,2080–2100,7,1900,0.35867071849537047
SRI12,B,2080–2100,7,2000,0.3587373117527664
SRI12,B,2080–2100,7,2100,0.35881474523764945
SRI12,B,2080–2100,7,2200,0.358900505169303
SRI12,B,2080–2100,7,2300,0.3589732133923852
SRI12,B,2080–2100,7,2400,0.3590728699183001
SRI12,B,2080–2100,7,2500,0.359191068978168
SRI12,B,2080–2100,7,2600,0.35932386515992826
SRI12,B,2080–2100,7,2700,0.35946142617580235
SRI12,B,2080–2100,7,2800,0.3595617045061459
SRI12,B,2080–2100,7,2900,0.3596858441801144
SRI12,B,2080–2100,7,3000,0.35969504982399003
SRI12,B,2080–2100,7,3100,0.35991316454737793
SRI12,B,2080–2100,7,3200,0.35992368506257977
SRI12,B,2080–2100,7,3300,0.3599818837444131
SRI12,B,2080–2100,7,3400,0.35998453827928056
SRI12,B,2080–2100,7,3500,0.3600479496415059
SRI12,B,2080–2100,7,3600,0.3600889972145742
SRI12,B,2080–2100,7,3700,0.3601506882819395
SRI12,B,2080–2100,7,3800,0.3602635417513544
SRI12,B,2080–2100,7,3900,0.36022247575780336
SRI12,B,2080–2100,7,4000,0.36031306491683
SRI12,B,2080–2100,7,4100,0.36052781857340666
SRI12,B,2080–2100,7,4200,0.3606308363278077
SRI12,B,2080–2100,7,4300,0.36066487953804677
SRI12,B,2080–2100,7,4400,0.3606808357394204
SRI12,B,2080–2100,7,4500,0.36068970217332014
SRI12,B,2080–2100,7,4600,0.3607647289342794
SRI12,B,2080–2100,7,4700,0.3608227069010008
SRI12,B,2080–2100,7,4800,0.36084233303867125
SRI12,B,2080–2100,7,4900,0.3608755659251155
SRI12,B,2080–2100,7,5000,0.36093601823332244
SRI12,B,2080–2100,7,5100,0.3609597823532284
SRI12,B,2080–2100,7,5200,0.3609934203865054
SRI12,B,2080–2100,7,5300,0.3610242195942976
SRI12,B,2080–2100,7,5400,0.3610268235247095
SRI12,B,2080–2100,7,5500,0.3610356564397519
SRI12,B,2080–2100,7,5600,0.361038742284697
SRI12,B,2080–2100,7,5700,0.36111083028230123
SRI12,B,2080–2100,7,5800,0.3611122207079839
SRI12,B,2080–2100,7,5900,0.3610973431874892
SRI12,B,2080–2100,7,6000,0.3611371353591918
SRI12,B,2080–2100,7,6100,0.36117869816289244
SRI12,B,2080–2100,7,6200,0.36118897949677264
SRI12,B,2080–2100,7,6300,0.36121270177212855
SRI12,B,2080–2100,7,6400,0.3612444501917904
SRI12,B,2080–2100,7,6500,0.36125442888627574
SRI12,B,2080–2100,7,6600,0.36125429224511424
SRI12,B,2080–2100,7,6700,0.36125400602998625
SRI12,B,2080–2100,7,6800,0.36126954351332907
SRI12,B,2080–2100,7,6900,0.3612379469816097
SRI12,B,2080–2100,7,7000,0.36124493378645284
SRI12,B,2080–2100,7,7100,0.36125219000936154
SRI12,B,2080–2100,7,7200,0.3612550897896924
SRI12,B,2080–2100,7,7300,0.36128009680688195
SRI12,B,2080–2100,7,7400,0.36128481865222645
SRI12,B,2080–2100,7,7500,0.36128514076331825
SRI12,B,2080–2100,7,7600,0.3612889611441589
SRI12,B,2080–2100,7,7700,0.36131389203524134
SRI12,B,2080–2100,7,7800,0.36132518154697013
SRI12,B,2080–2100,7,7900,0.3613284779010937
SRI12,B,2080–2100,7,8000,0.3613265946281127
