Timestamp,ACCESS-CM2_ssp126,ACCESS-CM2_ssp245,ACCESS-CM2_ssp370,ACCESS-CM2_ssp585,CNRM-CM6-1_ssp126,CNRM-CM6-1_ssp245,CNRM-CM6-1_ssp370,CNRM-CM6-1_ssp585,INM-CM4-8_ssp126,INM-CM4-8_ssp245
01-04-2004,0.134232,0.134232,0.134232,0.134232,0.134232,0.134232,0.134232,0.134232,0.134232,0.134232
08-04-2004,0.130358,0.130358,0.130358,0.130358,0.130358,0.130358,0.130358,0.130358,0.130358,0.130358
15-04-2004,0.173369,0.173369,0.173369,0.173369,0.173369,0.173369,0.173369,0.173369,0.173369,0.173369
22-04-2004,0.209943,0.209943,0.209943,0.209943,0.209943,0.209943,0.209943,0.209943,0.209943,0.209943
29-04-2004,0.1951237160001755,0.1951237160001755,0.1951237160001755,0.1951237160001755,0.1951237160001755,0.1951237160001755,0.1951237160001755,0.1951237160001755,0.1951237160001755,0.1951237160001755
06-05-2004,0.1803133648811214,0.1803133648811214,0.1803133648811214,0.1803133648811214,0.1803133648811214,0.1803133648811214,0.1803133648811214,0.1803133648811214,0.1803133648811214,0.1803133648811214
13-05-2004,0.1709832434798929,0.1709832434798929,0.1709832434798929,0.1709832434798929,0.1709832434798929,0.1709832434798929,0.1709832434798929,0.1709832434798929,0.1709832434798929,0.1709832434798929
20-05-2004,0.1840900724244001,0.1840900724244001,0.1840900724244001,0.1840900724244001,0.1840900724244001,0.1840900724244001,0.1840900724244001,0.1840900724244001,0.1840900724244001,0.1840900724244001
27-05-2004,0.194830377771819,0.194830377771819,0.194830377771819,0.194830377771819,0.194830377771819,0.194830377771819,0.194830377771819,0.194830377771819,0.194830377771819,0.194830377771819
03-06-2004,0.2996894953052663,0.2996894953052663,0.2996894953052663,0.2996894953052663,0.2996894953052663,0.2996894953052663,0.2996894953052663,0.2996894953052663,0.2996894953052663,0.2996894953052663
10-06-2004,0.3322270738137107,0.3322270738137107,0.3322270738137107,0.3322270738137107,0.3322270738137107,0.3322270738137107,0.3322270738137107,0.3322270738137107,0.3322270738137107,0.3322270738137107
17-06-2004,0.3493434238801511,0.3493434238801511,0.3493434238801511,0.3493434238801511,0.3493434238801511,0.3493434238801511,0.3493434238801511,0.3493434238801511,0.3493434238801511,0.3493434238801511
24-06-2004,0.3593816067990626,0.3593816067990626,0.3593816067990626,0.3593816067990626,0.3593816067990626,0.3593816067990626,0.3593816067990626,0.3593816067990626,0.3593816067990626,0.3593816067990626
01-07-2004,0.236459,0.236459,0.236459,0.236459,0.236459,0.236459,0.236459,0.236459,0.236459,0.236459
08-07-2004,0.279343,0.279343,0.279343,0.279343,0.279343,0.279343,0.279343,0.279343,0.279343,0.279343
15-07-2004,0.334709,0.334709,0.334709,0.334709,0.334709,0.334709,0.334709,0.334709,0.334709,0.334709
22-07-2004,0.320572,0.320572,0.320572,0.320572,0.320572,0.320572,0.320572,0.320572,0.320572,0.320572
29-07-2004,0.344068,0.344068,0.344068,0.344068,0.344068,0.344068,0.344068,0.344068,0.344068,0.344068
05-08-2004,0.369418,0.369418,0.369418,0.369418,0.369418,0.369418,0.369418,0.369418,0.369418,0.369418
12-08-2004,0.356619,0.356619,0.356619,0.356619,0.356619,0.356619,0.356619,0.356619,0.356619,0.356619
19-08-2004,0.359784,0.359784,0.359784,0.359784,0.359784,0.359784,0.359784,0.359784,0.359784,0.359784
26-08-2004,0.376831,0.376831,0.376831,0.376831,0.376831,0.376831,0.376831,0.376831,0.376831,0.376831
02-09-2004,0.53662,0.53662,0.53662,0.53662,0.53662,0.53662,0.53662,0.53662,0.53662,0.53662
09-09-2004,0.633252,0.633252,0.633252,0.633252,0.633252,0.633252,0.633252,0.633252,0.633252,0.633252
16-09-2004,0.541694,0.541694,0.541694,0.541694,0.541694,0.541694,0.541694,0.541694,0.541694,0.541694
23-09-2004,0.462337,0.462337,0.462337,0.462337,0.462337,0.462337,0.462337,0.462337,0.462337,0.462337
30-09-2004,0.402777,0.402777,0.402777,0.402777,0.402777,0.402777,0.402777,0.402777,0.402777,0.402777
07-10-2004,0.406434,0.406434,0.406434,0.406434,0.406434,0.406434,0.406434,0.406434,0.406434,0.406434
14-10-2004,0.415656,0.415656,0.415656,0.415656,0.415656,0.415656,0.415656,0.415656,0.415656,0.415656
21-10-2004,0.405002,0.405002,0.405002,0.405002,0.405002,0.405002,0.405002,0.405002,0.405002,0.405002
28-10-2004,0.382013,0.382013,0.382013,0.382013,0.382013,0.382013,0.382013,0.382013,0.382013,0.382013
04-11-2004,0.339434,0.339434,0.339434,0.339434,0.339434,0.339434,0.339434,0.339434,0.339434,0.339434
11-11-2004,0.425309,0.425309,0.425309,0.425309,0.425309,0.425309,0.425309,0.425309,0.425309,0.425309
18-11-2004,0.504915,0.504915,0.504915,0.504915,0.504915,0.504915,0.504915,0.504915,0.504915,0.504915
25-11-2004,0.435611,0.435611,0.435611,0.435611,0.435611,0.435611,0.435611,0.435611,0.435611,0.435611
02-12-2004,0.378378,0.378378,0.378378,0.378378,0.378378,0.378378,0.378378,0.378378,0.378378,0.378378
09-12-2004,0.33771,0.33771,0.33771,0.33771,0.33771,0.33771,0.33771,0.33771,0.33771,0.33771
16-12-2004,0.303228,0.303228,0.303228,0.303228,0.303228,0.303228,0.303228,0.303228,0.303228,0.303228
23-12-2004,0.274343,0.274343,0.274343,0.274343,0.274343,0.274343,0.274343,0.274343,0.274343,0.274343
30-12-2004,0.249393,0.249393,0.249393,0.249393,0.249393,0.249393,0.249393,0.249393,0.249393,0.249393
06-01-2005,0.228836,0.228836,0.228836,0.228836,0.228836,0.228836,0.228836,0.228836,0.228836,0.228836
13-01-2005,0.212208,0.212208,0.212208,0.212208,0.212208,0.212208,0.212208,0.212208,0.212208,0.212208
20-01-2005,0.198484,0.198484,0.198484,0.198484,0.198484,0.198484,0.198484,0.198484,0.198484,0.198484
27-01-2005,0.215294,0.215294,0.215294,0.215294,0.215294,0.215294,0.215294,0.215294,0.215294,0.215294
03-02-2005,0.226617,0.226617,0.226617,0.226617,0.226617,0.226617,0.226617,0.226617,0.226617,0.226617
10-02-2005,0.205093,0.205093,0.205093,0.205093,0.205093,0.205093,0.205093,0.205093,0.205093,0.205093
17-02-2005,0.190073,0.190073,0.190073,0.190073,0.190073,0.190073,0.190073,0.190073,0.190073,0.190073
24-02-2005,0.17798,0.17798,0.17798,0.17798,0.17798,0.17798,0.17798,0.17798,0.17798,0.17798
03-03-2005,0.200368,0.200368,0.200368,0.200368,0.200368,0.200368,0.200368,0.200368,0.200368,0.200368
10-03-2005,0.219866,0.219866,0.219866,0.219866,0.219866,0.219866,0.219866,0.219866,0.219866,0.219866
17-03-2005,0.200499,0.200499,0.200499,0.200499,0.200499,0.200499,0.200499,0.200499,0.200499,0.200499
24-03-2005,0.192811,0.192811,0.192811,0.192811,0.192811,0.192811,0.192811,0.192811,0.192811,0.192811
31-03-2005,0.18742,0.18742,0.18742,0.18742,0.18742,0.18742,0.18742,0.18742,0.18742,0.18742
07-04-2005,0.178208,0.178208,0.178208,0.178208,0.178208,0.178208,0.178208,0.178208,0.178208,0.178208
14-04-2005,0.170489,0.170489,0.170489,0.170489,0.170489,0.170489,0.170489,0.170489,0.170489,0.170489
21-04-2005,0.173541,0.173541,0.173541,0.173541,0.173541,0.173541,0.173541,0.173541,0.173541,0.173541
28-04-2005,0.190658,0.190658,0.190658,0.190658,0.190658,0.190658,0.190658,0.190658,0.190658,0.190658
05-05-2005,0.239145,0.239145,0.239145,0.239145,0.239145,0.239145,0.239145,0.239145,0.239145,0.239145
12-05-2005,0.291926,0.291926,0.291926,0.291926,0.291926,0.291926,0.291926,0.291926,0.291926,0.291926
19-05-2005,0.371146,0.371146,0.371146,0.371146,0.371146,0.371146,0.371146,0.371146,0.371146,0.371146
26-05-2005,0.410049,0.410049,0.410049,0.410049,0.410049,0.410049,0.410049,0.410049,0.410049,0.410049
02-06-2005,0.68773499616288,0.68773499616288,0.68773499616288,0.68773499616288,0.68773499616288,0.68773499616288,0.68773499616288,0.68773499616288,0.68773499616288,0.68773499616288
09-06-2005,1.1620929141942504,1.1620929141942504,1.1620929141942504,1.1620929141942504,1.1620929141942504,1.1620929141942504,1.1620929141942504,1.1620929141942504,1.1620929141942504,1.1620929141942504
16-06-2005,1.4201477881363078,1.4201477881363078,1.4201477881363078,1.4201477881363078,1.4201477881363078,1.4201477881363078,1.4201477881363078,1.4201477881363078,1.4201477881363078,1.4201477881363078
23-06-2005,1.653001990693758,1.653001990693758,1.653001990693758,1.653001990693758,1.653001990693758,1.653001990693758,1.653001990693758,1.653001990693758,1.653001990693758,1.653001990693758
30-06-2005,1.32973,1.32973,1.32973,1.32973,1.32973,1.32973,1.32973,1.32973,1.32973,1.32973
07-07-2005,1.15201,1.15201,1.15201,1.15201,1.15201,1.15201,1.15201,1.15201,1.15201,1.15201
14-07-2005,1.01696,1.01696,1.01696,1.01696,1.01696,1.01696,1.01696,1.01696,1.01696,1.01696
21-07-2005,0.88845,0.88845,0.88845,0.88845,0.88845,0.88845,0.88845,0.88845,0.88845,0.88845
28-07-2005,0.969855,0.969855,0.969855,0.969855,0.969855,0.969855,0.969855,0.969855,0.969855,0.969855
04-08-2005,1.00626,1.00626,1.00626,1.00626,1.00626,1.00626,1.00626,1.00626,1.00626,1.00626
11-08-2005,1.01229,1.01229,1.01229,1.01229,1.01229,1.01229,1.01229,1.01229,1.01229,1.01229
18-08-2005,1.17143,1.17143,1.17143,1.17143,1.17143,1.17143,1.17143,1.17143,1.17143,1.17143
25-08-2005,1.14366,1.14366,1.14366,1.14366,1.14366,1.14366,1.14366,1.14366,1.14366,1.14366
01-09-2005,1.28278,1.28278,1.28278,1.28278,1.28278,1.28278,1.28278,1.28278,1.28278,1.28278
08-09-2005,1.37133,1.37133,1.37133,1.37133,1.37133,1.37133,1.37133,1.37133,1.37133,1.37133
15-09-2005,1.23694,1.23694,1.23694,1.23694,1.23694,1.23694,1.23694,1.23694,1.23694,1.23694
22-09-2005,1.22769,1.22769,1.22769,1.22769,1.22769,1.22769,1.22769,1.22769,1.22769,1.22769
29-09-2005,1.4917132493434069,1.4917132493434069,1.4917132493434069,1.4917132493434069,1.4917132493434069,1.4917132493434069,1.4917132493434069,1.4917132493434069,1.4917132493434069,1.4917132493434069
06-10-2005,1.3463730977861763,1.3463730977861763,1.3463730977861763,1.3463730977861763,1.3463730977861763,1.3463730977861763,1.3463730977861763,1.3463730977861763,1.3463730977861763,1.3463730977861763
13-10-2005,1.2826004725967464,1.2826004725967464,1.2826004725967464,1.2826004725967464,1.2826004725967464,1.2826004725967464,1.2826004725967464,1.2826004725967464,1.2826004725967464,1.2826004725967464
20-10-2005,1.1646652113182785,1.1646652113182785,1.1646652113182785,1.1646652113182785,1.1646652113182785,1.1646652113182785,1.1646652113182785,1.1646652113182785,1.1646652113182785,1.1646652113182785
27-10-2005,1.051528419101626,1.051528419101626,1.051528419101626,1.051528419101626,1.051528419101626,1.051528419101626,1.051528419101626,1.051528419101626,1.051528419101626,1.051528419101626
03-11-2005,0.9298314618386538,0.9298314618386538,0.9298314618386538,0.9298314618386538,0.9298314618386538,0.9298314618386538,0.9298314618386538,0.9298314618386538,0.9298314618386538,0.9298314618386538
10-11-2005,0.8144763276269056,0.8144763276269056,0.8144763276269056,0.8144763276269056,0.8144763276269056,0.8144763276269056,0.8144763276269056,0.8144763276269056,0.8144763276269056,0.8144763276269056
17-11-2005,0.7586827956431171,0.7586827956431171,0.7586827956431171,0.7586827956431171,0.7586827956431171,0.7586827956431171,0.7586827956431171,0.7586827956431171,0.7586827956431171,0.7586827956431171
24-11-2005,0.7075515314449626,0.7075515314449626,0.7075515314449626,0.7075515314449626,0.7075515314449626,0.7075515314449626,0.7075515314449626,0.7075515314449626,0.7075515314449626,0.7075515314449626
01-12-2005,0.587696,0.587696,0.587696,0.587696,0.587696,0.587696,0.587696,0.587696,0.587696,0.587696
08-12-2005,0.534314,0.534314,0.534314,0.534314,0.534314,0.534314,0.534314,0.534314,0.534314,0.534314
15-12-2005,0.486732,0.486732,0.486732,0.486732,0.486732,0.486732,0.486732,0.486732,0.486732,0.486732
22-12-2005,0.444097,0.444097,0.444097,0.444097,0.444097,0.444097,0.444097,0.444097,0.444097,0.444097
29-12-2005,0.41266485229564,0.41266485229564,0.41266485229564,0.41266485229564,0.41266485229564,0.41266485229564,0.41266485229564,0.41266485229564,0.41266485229564,0.41266485229564
05-01-2006,0.3808294939156764,0.3808294939156764,0.3808294939156764,0.3808294939156764,0.3808294939156764,0.3808294939156764,0.3808294939156764,0.3808294939156764,0.3808294939156764,0.3808294939156764
12-01-2006,0.3566738306951053,0.3566738306951053,0.3566738306951053,0.3566738306951053,0.3566738306951053,0.3566738306951053,0.3566738306951053,0.3566738306951053,0.3566738306951053,0.3566738306951053
19-01-2006,0.3373261675602027,0.3373261675602027,0.3373261675602027,0.3373261675602027,0.3373261675602027,0.3373261675602027,0.3373261675602027,0.3373261675602027,0.3373261675602027,0.3373261675602027
26-01-2006,0.3149637231742662,0.3149637231742662,0.3149637231742662,0.3149637231742662,0.3149637231742662,0.3149637231742662,0.3149637231742662,0.3149637231742662,0.3149637231742662,0.3149637231742662
02-02-2006,0.290053,0.290053,0.290053,0.290053,0.290053,0.290053,0.290053,0.290053,0.290053,0.290053
09-02-2006,0.274827,0.274827,0.274827,0.274827,0.274827,0.274827,0.274827,0.274827,0.274827,0.274827
16-02-2006,0.261295,0.261295,0.261295,0.261295,0.261295,0.261295,0.261295,0.261295,0.261295,0.261295
23-02-2006,0.250782,0.250782,0.250782,0.250782,0.250782,0.250782,0.250782,0.250782,0.250782,0.250782
02-03-2006,0.241271,0.241271,0.241271,0.241271,0.241271,0.241271,0.241271,0.241271,0.241271,0.241271
09-03-2006,0.229206,0.229206,0.229206,0.229206,0.229206,0.229206,0.229206,0.229206,0.229206,0.229206
16-03-2006,0.218508,0.218508,0.218508,0.218508,0.218508,0.218508,0.218508,0.218508,0.218508,0.218508
23-03-2006,0.209061,0.209061,0.209061,0.209061,0.209061,0.209061,0.209061,0.209061,0.209061,0.209061
30-03-2006,0.2140355856986434,0.2140355856986434,0.2140355856986434,0.2140355856986434,0.2140355856986434,0.2140355856986434,0.2140355856986434,0.2140355856986434,0.2140355856986434,0.2140355856986434
06-04-2006,0.2154954005691293,0.2154954005691293,0.2154954005691293,0.2154954005691293,0.2154954005691293,0.2154954005691293,0.2154954005691293,0.2154954005691293,0.2154954005691293,0.2154954005691293
13-04-2006,0.2150518358679668,0.2150518358679668,0.2150518358679668,0.2150518358679668,0.2150518358679668,0.2150518358679668,0.2150518358679668,0.2150518358679668,0.2150518358679668,0.2150518358679668
20-04-2006,0.2049912244989013,0.2049912244989013,0.2049912244989013,0.2049912244989013,0.2049912244989013,0.2049912244989013,0.2049912244989013,0.2049912244989013,0.2049912244989013,0.2049912244989013
27-04-2006,0.2760244892722711,0.2760244892722711,0.2760244892722711,0.2760244892722711,0.2760244892722711,0.2760244892722711,0.2760244892722711,0.2760244892722711,0.2760244892722711,0.2760244892722711
04-05-2006,0.2947151230888261,0.2947151230888261,0.2947151230888261,0.2947151230888261,0.2947151230888261,0.2947151230888261,0.2947151230888261,0.2947151230888261,0.2947151230888261,0.2947151230888261
11-05-2006,0.3058158367042698,0.3058158367042698,0.3058158367042698,0.3058158367042698,0.3058158367042698,0.3058158367042698,0.3058158367042698,0.3058158367042698,0.3058158367042698,0.3058158367042698
18-05-2006,0.309299183015961,0.309299183015961,0.309299183015961,0.309299183015961,0.309299183015961,0.309299183015961,0.309299183015961,0.309299183015961,0.309299183015961,0.309299183015961
25-05-2006,0.3094207347003738,0.3094207347003738,0.3094207347003738,0.3094207347003738,0.3094207347003738,0.3094207347003738,0.3094207347003738,0.3094207347003738,0.3094207347003738,0.3094207347003738
01-06-2006,0.4207115965816956,0.4207115965816956,0.4207115965816956,0.4207115965816956,0.4207115965816956,0.4207115965816956,0.4207115965816956,0.4207115965816956,0.4207115965816956,0.4207115965816956
08-06-2006,0.5707289664825459,0.5707289664825459,0.5707289664825459,0.5707289664825459,0.5707289664825459,0.5707289664825459,0.5707289664825459,0.5707289664825459,0.5707289664825459,0.5707289664825459
15-06-2006,0.5253215183867389,0.5253215183867389,0.5253215183867389,0.5253215183867389,0.5253215183867389,0.5253215183867389,0.5253215183867389,0.5253215183867389,0.5253215183867389,0.5253215183867389
22-06-2006,0.494318634121081,0.494318634121081,0.494318634121081,0.494318634121081,0.494318634121081,0.494318634121081,0.494318634121081,0.494318634121081,0.494318634121081,0.494318634121081
29-06-2006,0.407728,0.407728,0.407728,0.407728,0.407728,0.407728,0.407728,0.407728,0.407728,0.407728
06-07-2006,1.02411,1.02411,1.02411,1.02411,1.02411,1.02411,1.02411,1.02411,1.02411,1.02411
13-07-2006,1.45364,1.45364,1.45364,1.45364,1.45364,1.45364,1.45364,1.45364,1.45364,1.45364
20-07-2006,1.23999,1.23999,1.23999,1.23999,1.23999,1.23999,1.23999,1.23999,1.23999,1.23999
27-07-2006,1.09074,1.09074,1.09074,1.09074,1.09074,1.09074,1.09074,1.09074,1.09074,1.09074
03-08-2006,1.15197,1.15197,1.15197,1.15197,1.15197,1.15197,1.15197,1.15197,1.15197,1.15197
10-08-2006,1.16109,1.16109,1.16109,1.16109,1.16109,1.16109,1.16109,1.16109,1.16109,1.16109
17-08-2006,1.08453,1.08453,1.08453,1.08453,1.08453,1.08453,1.08453,1.08453,1.08453,1.08453
24-08-2006,1.062,1.062,1.062,1.062,1.062,1.062,1.062,1.062,1.062,1.062
31-08-2006,1.02375,1.02375,1.02375,1.02375,1.02375,1.02375,1.02375,1.02375,1.02375,1.02375
07-09-2006,0.944109,0.944109,0.944109,0.944109,0.944109,0.944109,0.944109,0.944109,0.944109,0.944109
14-09-2006,0.896192,0.896192,0.896192,0.896192,0.896192,0.896192,0.896192,0.896192,0.896192,0.896192
21-09-2006,0.830768,0.830768,0.830768,0.830768,0.830768,0.830768,0.830768,0.830768,0.830768,0.830768
28-09-2006,0.77152,0.77152,0.77152,0.77152,0.77152,0.77152,0.77152,0.77152,0.77152,0.77152
05-10-2006,0.941896,0.941896,0.941896,0.941896,0.941896,0.941896,0.941896,0.941896,0.941896,0.941896
12-10-2006,1.00863,1.00863,1.00863,1.00863,1.00863,1.00863,1.00863,1.00863,1.00863,1.00863
19-10-2006,0.894202,0.894202,0.894202,0.894202,0.894202,0.894202,0.894202,0.894202,0.894202,0.894202
26-10-2006,0.813273,0.813273,0.813273,0.813273,0.813273,0.813273,0.813273,0.813273,0.813273,0.813273
02-11-2006,0.7871882354960207,0.7871882354960207,0.7871882354960207,0.7871882354960207,0.7871882354960207,0.7871882354960207,0.7871882354960207,0.7871882354960207,0.7871882354960207,0.7871882354960207
09-11-2006,0.703839857039952,0.703839857039952,0.703839857039952,0.703839857039952,0.703839857039952,0.703839857039952,0.703839857039952,0.703839857039952,0.703839857039952,0.703839857039952
16-11-2006,0.6207947145475382,0.6207947145475382,0.6207947145475382,0.6207947145475382,0.6207947145475382,0.6207947145475382,0.6207947145475382,0.6207947145475382,0.6207947145475382,0.6207947145475382
23-11-2006,0.5695090833723666,0.5695090833723666,0.5695090833723666,0.5695090833723666,0.5695090833723666,0.5695090833723666,0.5695090833723666,0.5695090833723666,0.5695090833723666,0.5695090833723666
30-11-2006,0.48408,0.48408,0.48408,0.48408,0.48408,0.48408,0.48408,0.48408,0.48408,0.48408
07-12-2006,0.447388,0.447388,0.447388,0.447388,0.447388,0.447388,0.447388,0.447388,0.447388,0.447388
14-12-2006,0.415202,0.415202,0.415202,0.415202,0.415202,0.415202,0.415202,0.415202,0.415202,0.415202
21-12-2006,0.381034,0.381034,0.381034,0.381034,0.381034,0.381034,0.381034,0.381034,0.381034,0.381034
28-12-2006,0.3517395934943199,0.3517395934943199,0.3517395934943199,0.3517395934943199,0.3517395934943199,0.3517395934943199,0.3517395934943199,0.3517395934943199,0.3517395934943199,0.3517395934943199
04-01-2007,0.3255230809632478,0.3255230809632478,0.3255230809632478,0.3255230809632478,0.3255230809632478,0.3255230809632478,0.3255230809632478,0.3255230809632478,0.3255230809632478,0.3255230809632478
11-01-2007,0.3033023864758325,0.3033023864758325,0.3033023864758325,0.3033023864758325,0.3033023864758325,0.3033023864758325,0.3033023864758325,0.3033023864758325,0.3033023864758325,0.3033023864758325
18-01-2007,0.2846151078441828,0.2846151078441828,0.2846151078441828,0.2846151078441828,0.2846151078441828,0.2846151078441828,0.2846151078441828,0.2846151078441828,0.2846151078441828,0.2846151078441828
25-01-2007,0.2676522429374172,0.2676522429374172,0.2676522429374172,0.2676522429374172,0.2676522429374172,0.2676522429374172,0.2676522429374172,0.2676522429374172,0.2676522429374172,0.2676522429374172
01-02-2007,0.250253,0.250253,0.250253,0.250253,0.250253,0.250253,0.250253,0.250253,0.250253,0.250253
08-02-2007,0.243329,0.243329,0.243329,0.243329,0.243329,0.243329,0.243329,0.243329,0.243329,0.243329
15-02-2007,0.244073,0.244073,0.244073,0.244073,0.244073,0.244073,0.244073,0.244073,0.244073,0.244073
22-02-2007,0.236967,0.236967,0.236967,0.236967,0.236967,0.236967,0.236967,0.236967,0.236967,0.236967
01-03-2007,0.224017,0.224017,0.224017,0.224017,0.224017,0.224017,0.224017,0.224017,0.224017,0.224017
08-03-2007,0.212642,0.212642,0.212642,0.212642,0.212642,0.212642,0.212642,0.212642,0.212642,0.212642
15-03-2007,0.202757,0.202757,0.202757,0.202757,0.202757,0.202757,0.202757,0.202757,0.202757,0.202757
22-03-2007,0.223145,0.223145,0.223145,0.223145,0.223145,0.223145,0.223145,0.223145,0.223145,0.223145
29-03-2007,0.24133,0.24133,0.24133,0.24133,0.24133,0.24133,0.24133,0.24133,0.24133,0.24133
05-04-2007,0.230232,0.230232,0.230232,0.230232,0.230232,0.230232,0.230232,0.230232,0.230232,0.230232
12-04-2007,0.222707,0.222707,0.222707,0.222707,0.222707,0.222707,0.222707,0.222707,0.222707,0.222707
19-04-2007,0.215662,0.215662,0.215662,0.215662,0.215662,0.215662,0.215662,0.215662,0.215662,0.215662
26-04-2007,0.221713,0.221713,0.221713,0.221713,0.221713,0.221713,0.221713,0.221713,0.221713,0.221713
03-05-2007,0.223474,0.223474,0.223474,0.223474,0.223474,0.223474,0.223474,0.223474,0.223474,0.223474
10-05-2007,0.225469,0.225469,0.225469,0.225469,0.225469,0.225469,0.225469,0.225469,0.225469,0.225469
17-05-2007,0.227069,0.227069,0.227069,0.227069,0.227069,0.227069,0.227069,0.227069,0.227069,0.227069
24-05-2007,0.228252,0.228252,0.228252,0.228252,0.228252,0.228252,0.228252,0.228252,0.228252,0.228252
31-05-2007,0.236082,0.236082,0.236082,0.236082,0.236082,0.236082,0.236082,0.236082,0.236082,0.236082
07-06-2007,0.447859,0.447859,0.447859,0.447859,0.447859,0.447859,0.447859,0.447859,0.447859,0.447859
14-06-2007,0.612536,0.612536,0.612536,0.612536,0.612536,0.612536,0.612536,0.612536,0.612536,0.612536
21-06-2007,0.517951,0.517951,0.517951,0.517951,0.517951,0.517951,0.517951,0.517951,0.517951,0.517951
28-06-2007,0.695015,0.695015,0.695015,0.695015,0.695015,0.695015,0.695015,0.695015,0.695015,0.695015
05-07-2007,0.793733,0.793733,0.793733,0.793733,0.793733,0.793733,0.793733,0.793733,0.793733,0.793733
12-07-2007,0.706389,0.706389,0.706389,0.706389,0.706389,0.706389,0.706389,0.706389,0.706389,0.706389
19-07-2007,0.658307,0.658307,0.658307,0.658307,0.658307,0.658307,0.658307,0.658307,0.658307,0.658307
26-07-2007,0.596685,0.596685,0.596685,0.596685,0.596685,0.596685,0.596685,0.596685,0.596685,0.596685
02-08-2007,0.549098,0.549098,0.549098,0.549098,0.549098,0.549098,0.549098,0.549098,0.549098,0.549098
09-08-2007,0.511021,0.511021,0.511021,0.511021,0.511021,0.511021,0.511021,0.511021,0.511021,0.511021
16-08-2007,0.489343,0.489343,0.489343,0.489343,0.489343,0.489343,0.489343,0.489343,0.489343,0.489343
23-08-2007,0.488118,0.488118,0.488118,0.488118,0.488118,0.488118,0.488118,0.488118,0.488118,0.488118
30-08-2007,0.8382319088440637,0.8382319088440637,0.8382319088440637,0.8382319088440637,0.8382319088440637,0.8382319088440637,0.8382319088440637,0.8382319088440637,0.8382319088440637,0.8382319088440637
06-09-2007,1.182899495853297,1.182899495853297,1.182899495853297,1.182899495853297,1.182899495853297,1.182899495853297,1.182899495853297,1.182899495853297,1.182899495853297,1.182899495853297
13-09-2007,1.3745094561306193,1.3745094561306193,1.3745094561306193,1.3745094561306193,1.3745094561306193,1.3745094561306193,1.3745094561306193,1.3745094561306193,1.3745094561306193,1.3745094561306193
20-09-2007,1.3874986538441951,1.3874986538441951,1.3874986538441951,1.3874986538441951,1.3874986538441951,1.3874986538441951,1.3874986538441951,1.3874986538441951,1.3874986538441951,1.3874986538441951
27-09-2007,0.8937697021530802,0.8937697021530802,0.8937697021530802,0.8937697021530802,0.8937697021530802,0.8937697021530802,0.8937697021530802,0.8937697021530802,0.8937697021530802,0.8937697021530802
04-10-2007,0.7884461437114553,0.7884461437114553,0.7884461437114553,0.7884461437114553,0.7884461437114553,0.7884461437114553,0.7884461437114553,0.7884461437114553,0.7884461437114553,0.7884461437114553
11-10-2007,0.6903593219358272,0.6903593219358272,0.6903593219358272,0.6903593219358272,0.6903593219358272,0.6903593219358272,0.6903593219358272,0.6903593219358272,0.6903593219358272,0.6903593219358272
18-10-2007,0.5750619132128159,0.5750619132128159,0.5750619132128159,0.5750619132128159,0.5750619132128159,0.5750619132128159,0.5750619132128159,0.5750619132128159,0.5750619132128159,0.5750619132128159
25-10-2007,0.5342941826615712,0.5342941826615712,0.5342941826615712,0.5342941826615712,0.5342941826615712,0.5342941826615712,0.5342941826615712,0.5342941826615712,0.5342941826615712,0.5342941826615712
01-11-2007,0.5020702419632308,0.5020702419632308,0.5020702419632308,0.5020702419632308,0.5020702419632308,0.5020702419632308,0.5020702419632308,0.5020702419632308,0.5020702419632308,0.5020702419632308
08-11-2007,0.4799524874870997,0.4799524874870997,0.4799524874870997,0.4799524874870997,0.4799524874870997,0.4799524874870997,0.4799524874870997,0.4799524874870997,0.4799524874870997,0.4799524874870997
15-11-2007,0.4048915679587305,0.4048915679587305,0.4048915679587305,0.4048915679587305,0.4048915679587305,0.4048915679587305,0.4048915679587305,0.4048915679587305,0.4048915679587305,0.4048915679587305
22-11-2007,0.3803025018815728,0.3803025018815728,0.3803025018815728,0.3803025018815728,0.3803025018815728,0.3803025018815728,0.3803025018815728,0.3803025018815728,0.3803025018815728,0.3803025018815728
29-11-2007,0.314974,0.314974,0.314974,0.314974,0.314974,0.314974,0.314974,0.314974,0.314974,0.314974
06-12-2007,0.295379,0.295379,0.295379,0.295379,0.295379,0.295379,0.295379,0.295379,0.295379,0.295379
13-12-2007,0.276402,0.276402,0.276402,0.276402,0.276402,0.276402,0.276402,0.276402,0.276402,0.276402
20-12-2007,0.256036,0.256036,0.256036,0.256036,0.256036,0.256036,0.256036,0.256036,0.256036,0.256036
27-12-2007,0.2442062906419844,0.2442062906419844,0.2442062906419844,0.2442062906419844,0.2442062906419844,0.2442062906419844,0.2442062906419844,0.2442062906419844,0.2442062906419844,0.2442062906419844
03-01-2008,0.2286881154279715,0.2286881154279715,0.2286881154279715,0.2286881154279715,0.2286881154279715,0.2286881154279715,0.2286881154279715,0.2286881154279715,0.2286881154279715,0.2286881154279715
10-01-2008,0.2146041859534492,0.2146041859534492,0.2146041859534492,0.2146041859534492,0.2146041859534492,0.2146041859534492,0.2146041859534492,0.2146041859534492,0.2146041859534492,0.2146041859534492
17-01-2008,0.2088058312105139,0.2088058312105139,0.2088058312105139,0.2088058312105139,0.2088058312105139,0.2088058312105139,0.2088058312105139,0.2088058312105139,0.2088058312105139,0.2088058312105139
24-01-2008,0.196303,0.196303,0.196303,0.196303,0.196303,0.196303,0.196303,0.196303,0.196303,0.196303
31-01-2008,0.193181,0.193181,0.193181,0.193181,0.193181,0.193181,0.193181,0.193181,0.193181,0.193181
07-02-2008,0.183585,0.183585,0.183585,0.183585,0.183585,0.183585,0.183585,0.183585,0.183585,0.183585
14-02-2008,0.173711,0.173711,0.173711,0.173711,0.173711,0.173711,0.173711,0.173711,0.173711,0.173711
21-02-2008,0.165369,0.165369,0.165369,0.165369,0.165369,0.165369,0.165369,0.165369,0.165369,0.165369
28-02-2008,0.16568,0.16568,0.16568,0.16568,0.16568,0.16568,0.16568,0.16568,0.16568,0.16568
06-03-2008,0.165492,0.165492,0.165492,0.165492,0.165492,0.165492,0.165492,0.165492,0.165492,0.165492
13-03-2008,0.157186,0.157186,0.157186,0.157186,0.157186,0.157186,0.157186,0.157186,0.157186,0.157186
20-03-2008,0.150616,0.150616,0.150616,0.150616,0.150616,0.150616,0.150616,0.150616,0.150616,0.150616
27-03-2008,0.1563006273407505,0.1563006273407505,0.1563006273407505,0.1563006273407505,0.1563006273407505,0.1563006273407505,0.1563006273407505,0.1563006273407505,0.1563006273407505,0.1563006273407505
03-04-2008,0.1556534876570474,0.1556534876570474,0.1556534876570474,0.1556534876570474,0.1556534876570474,0.1556534876570474,0.1556534876570474,0.1556534876570474,0.1556534876570474,0.1556534876570474
10-04-2008,0.1483246237448953,0.1483246237448953,0.1483246237448953,0.1483246237448953,0.1483246237448953,0.1483246237448953,0.1483246237448953,0.1483246237448953,0.1483246237448953,0.1483246237448953
17-04-2008,0.161054576263026,0.161054576263026,0.161054576263026,0.161054576263026,0.161054576263026,0.161054576263026,0.161054576263026,0.161054576263026,0.161054576263026,0.161054576263026
24-04-2008,0.171483,0.171483,0.171483,0.171483,0.171483,0.171483,0.171483,0.171483,0.171483,0.171483
01-05-2008,0.17477,0.17477,0.17477,0.17477,0.17477,0.17477,0.17477,0.17477,0.17477,0.17477
08-05-2008,0.24408,0.24408,0.24408,0.24408,0.24408,0.24408,0.24408,0.24408,0.24408,0.24408
15-05-2008,0.655908,0.655908,0.655908,0.655908,0.655908,0.655908,0.655908,0.655908,0.655908,0.655908
22-05-2008,0.929572,0.929572,0.929572,0.929572,0.929572,0.929572,0.929572,0.929572,0.929572,0.929572
29-05-2008,1.05967,1.05967,1.05967,1.05967,1.05967,1.05967,1.05967,1.05967,1.05967,1.05967
05-06-2008,1.06096,1.06096,1.06096,1.06096,1.06096,1.06096,1.06096,1.06096,1.06096,1.06096
12-06-2008,0.913469,0.913469,0.913469,0.913469,0.913469,0.913469,0.913469,0.913469,0.913469,0.913469
19-06-2008,0.840884,0.840884,0.840884,0.840884,0.840884,0.840884,0.840884,0.840884,0.840884,0.840884
26-06-2008,0.769147,0.769147,0.769147,0.769147,0.769147,0.769147,0.769147,0.769147,0.769147,0.769147
03-07-2008,0.768214,0.768214,0.768214,0.768214,0.768214,0.768214,0.768214,0.768214,0.768214,0.768214
10-07-2008,0.793336,0.793336,0.793336,0.793336,0.793336,0.793336,0.793336,0.793336,0.793336,0.793336
17-07-2008,0.758985,0.758985,0.758985,0.758985,0.758985,0.758985,0.758985,0.758985,0.758985,0.758985
24-07-2008,0.852174,0.852174,0.852174,0.852174,0.852174,0.852174,0.852174,0.852174,0.852174,0.852174
31-07-2008,0.9579,0.9579,0.9579,0.9579,0.9579,0.9579,0.9579,0.9579,0.9579,0.9579
07-08-2008,1.06223,1.06223,1.06223,1.06223,1.06223,1.06223,1.06223,1.06223,1.06223,1.06223
14-08-2008,1.09472,1.09472,1.09472,1.09472,1.09472,1.09472,1.09472,1.09472,1.09472,1.09472
21-08-2008,1.26856491421462,1.26856491421462,1.26856491421462,1.26856491421462,1.26856491421462,1.26856491421462,1.26856491421462,1.26856491421462,1.26856491421462,1.26856491421462
28-08-2008,1.3225016806574117,1.3225016806574117,1.3225016806574117,1.3225016806574117,1.3225016806574117,1.3225016806574117,1.3225016806574117,1.3225016806574117,1.3225016806574117,1.3225016806574117
04-09-2008,1.181698046119508,1.181698046119508,1.181698046119508,1.181698046119508,1.181698046119508,1.181698046119508,1.181698046119508,1.181698046119508,1.181698046119508,1.181698046119508
11-09-2008,1.1284012156142451,1.1284012156142451,1.1284012156142451,1.1284012156142451,1.1284012156142451,1.1284012156142451,1.1284012156142451,1.1284012156142451,1.1284012156142451,1.1284012156142451
18-09-2008,1.1688047610952783,1.1688047610952783,1.1688047610952783,1.1688047610952783,1.1688047610952783,1.1688047610952783,1.1688047610952783,1.1688047610952783,1.1688047610952783,1.1688047610952783
25-09-2008,1.0766983503129206,1.0766983503129206,1.0766983503129206,1.0766983503129206,1.0766983503129206,1.0766983503129206,1.0766983503129206,1.0766983503129206,1.0766983503129206,1.0766983503129206
02-10-2008,0.9856689071277264,0.9856689071277264,0.9856689071277264,0.9856689071277264,0.9856689071277264,0.9856689071277264,0.9856689071277264,0.9856689071277264,0.9856689071277264,0.9856689071277264
09-10-2008,0.8565619536776826,0.8565619536776826,0.8565619536776826,0.8565619536776826,0.8565619536776826,0.8565619536776826,0.8565619536776826,0.8565619536776826,0.8565619536776826,0.8565619536776826
16-10-2008,0.7549095009236547,0.7549095009236547,0.7549095009236547,0.7549095009236547,0.7549095009236547,0.7549095009236547,0.7549095009236547,0.7549095009236547,0.7549095009236547,0.7549095009236547
23-10-2008,0.7157151094291399,0.7157151094291399,0.7157151094291399,0.7157151094291399,0.7157151094291399,0.7157151094291399,0.7157151094291399,0.7157151094291399,0.7157151094291399,0.7157151094291399
30-10-2008,0.6377429374717151,0.6377429374717151,0.6377429374717151,0.6377429374717151,0.6377429374717151,0.6377429374717151,0.6377429374717151,0.6377429374717151,0.6377429374717151,0.6377429374717151
06-11-2008,0.5626270813451757,0.5626270813451757,0.5626270813451757,0.5626270813451757,0.5626270813451757,0.5626270813451757,0.5626270813451757,0.5626270813451757,0.5626270813451757,0.5626270813451757
13-11-2008,0.5020743978786943,0.5020743978786943,0.5020743978786943,0.5020743978786943,0.5020743978786943,0.5020743978786943,0.5020743978786943,0.5020743978786943,0.5020743978786943,0.5020743978786943
20-11-2008,0.433063,0.433063,0.433063,0.433063,0.433063,0.433063,0.433063,0.433063,0.433063,0.433063
27-11-2008,0.400132,0.400132,0.400132,0.400132,0.400132,0.400132,0.400132,0.400132,0.400132,0.400132
04-12-2008,0.370208,0.370208,0.370208,0.370208,0.370208,0.370208,0.370208,0.370208,0.370208,0.370208
11-12-2008,0.343274,0.343274,0.343274,0.343274,0.343274,0.343274,0.343274,0.343274,0.343274,0.343274
18-12-2008,0.317968,0.317968,0.317968,0.317968,0.317968,0.317968,0.317968,0.317968,0.317968,0.317968
25-12-2008,0.2976738248373103,0.2976738248373103,0.2976738248373103,0.2976738248373103,0.2976738248373103,0.2976738248373103,0.2976738248373103,0.2976738248373103,0.2976738248373103,0.2976738248373103
01-01-2009,0.2785262968160853,0.2785262968160853,0.2785262968160853,0.2785262968160853,0.2785262968160853,0.2785262968160853,0.2785262968160853,0.2785262968160853,0.2785262968160853,0.2785262968160853
08-01-2009,0.2648697269490148,0.2648697269490148,0.2648697269490148,0.2648697269490148,0.2648697269490148,0.2648697269490148,0.2648697269490148,0.2648697269490148,0.2648697269490148,0.2648697269490148
15-01-2009,0.2522018747981654,0.2522018747981654,0.2522018747981654,0.2522018747981654,0.2522018747981654,0.2522018747981654,0.2522018747981654,0.2522018747981654,0.2522018747981654,0.2522018747981654
22-01-2009,0.234696,0.234696,0.234696,0.234696,0.234696,0.234696,0.234696,0.234696,0.234696,0.234696
29-01-2009,0.226356,0.226356,0.226356,0.226356,0.226356,0.226356,0.226356,0.226356,0.226356,0.226356
05-02-2009,0.218303,0.218303,0.218303,0.218303,0.218303,0.218303,0.218303,0.218303,0.218303,0.218303
12-02-2009,0.209515,0.209515,0.209515,0.209515,0.209515,0.209515,0.209515,0.209515,0.209515,0.209515
19-02-2009,0.2105477948788462,0.2105477948788462,0.2105477948788462,0.2105477948788462,0.2105477948788462,0.2105477948788462,0.2105477948788462,0.2105477948788462,0.2105477948788462,0.2105477948788462
26-02-2009,0.2019198449141744,0.2019198449141744,0.2019198449141744,0.2019198449141744,0.2019198449141744,0.2019198449141744,0.2019198449141744,0.2019198449141744,0.2019198449141744,0.2019198449141744
05-03-2009,0.1910405489444854,0.1910405489444854,0.1910405489444854,0.1910405489444854,0.1910405489444854,0.1910405489444854,0.1910405489444854,0.1910405489444854,0.1910405489444854,0.1910405489444854
12-03-2009,0.1827365611293824,0.1827365611293824,0.1827365611293824,0.1827365611293824,0.1827365611293824,0.1827365611293824,0.1827365611293824,0.1827365611293824,0.1827365611293824,0.1827365611293824
19-03-2009,0.1761415757926052,0.1761415757926052,0.1761415757926052,0.1761415757926052,0.1761415757926052,0.1761415757926052,0.1761415757926052,0.1761415757926052,0.1761415757926052,0.1761415757926052
26-03-2009,0.2238545259501873,0.2238545259501873,0.2238545259501873,0.2238545259501873,0.2238545259501873,0.2238545259501873,0.2238545259501873,0.2238545259501873,0.2238545259501873,0.2238545259501873
02-04-2009,0.2215286649103905,0.2215286649103905,0.2215286649103905,0.2215286649103905,0.2215286649103905,0.2215286649103905,0.2215286649103905,0.2215286649103905,0.2215286649103905,0.2215286649103905
09-04-2009,0.2217412265361894,0.2217412265361894,0.2217412265361894,0.2217412265361894,0.2217412265361894,0.2217412265361894,0.2217412265361894,0.2217412265361894,0.2217412265361894,0.2217412265361894
16-04-2009,0.2248164903677178,0.2248164903677178,0.2248164903677178,0.2248164903677178,0.2248164903677178,0.2248164903677178,0.2248164903677178,0.2248164903677178,0.2248164903677178,0.2248164903677178
23-04-2009,0.1621593924029971,0.1621593924029971,0.1621593924029971,0.1621593924029971,0.1621593924029971,0.1621593924029971,0.1621593924029971,0.1621593924029971,0.1621593924029971,0.1621593924029971
30-04-2009,0.1723729740142932,0.1723729740142932,0.1723729740142932,0.1723729740142932,0.1723729740142932,0.1723729740142932,0.1723729740142932,0.1723729740142932,0.1723729740142932,0.1723729740142932
07-05-2009,0.1830812374948949,0.1830812374948949,0.1830812374948949,0.1830812374948949,0.1830812374948949,0.1830812374948949,0.1830812374948949,0.1830812374948949,0.1830812374948949,0.1830812374948949
14-05-2009,0.1760698916241637,0.1760698916241637,0.1760698916241637,0.1760698916241637,0.1760698916241637,0.1760698916241637,0.1760698916241637,0.1760698916241637,0.1760698916241637,0.1760698916241637
21-05-2009,0.1933886028346345,0.1933886028346345,0.1933886028346345,0.1933886028346345,0.1933886028346345,0.1933886028346345,0.1933886028346345,0.1933886028346345,0.1933886028346345,0.1933886028346345
28-05-2009,0.1899540740683055,0.1899540740683055,0.1899540740683055,0.1899540740683055,0.1899540740683055,0.1899540740683055,0.1899540740683055,0.1899540740683055,0.1899540740683055,0.1899540740683055
04-06-2009,0.20873260160602,0.20873260160602,0.20873260160602,0.20873260160602,0.20873260160602,0.20873260160602,0.20873260160602,0.20873260160602,0.20873260160602,0.20873260160602
11-06-2009,0.3157621658293432,0.3157621658293432,0.3157621658293432,0.3157621658293432,0.3157621658293432,0.3157621658293432,0.3157621658293432,0.3157621658293432,0.3157621658293432,0.3157621658293432
18-06-2009,0.5001325905825225,0.5001325905825225,0.5001325905825225,0.5001325905825225,0.5001325905825225,0.5001325905825225,0.5001325905825225,0.5001325905825225,0.5001325905825225,0.5001325905825225
25-06-2009,0.7673546088286598,0.7673546088286598,0.7673546088286598,0.7673546088286598,0.7673546088286598,0.7673546088286598,0.7673546088286598,0.7673546088286598,0.7673546088286598,0.7673546088286598
02-07-2009,0.6886314789141406,0.6886314789141406,0.6886314789141406,0.6886314789141406,0.6886314789141406,0.6886314789141406,0.6886314789141406,0.6886314789141406,0.6886314789141406,0.6886314789141406
09-07-2009,0.6739868851703816,0.6739868851703816,0.6739868851703816,0.6739868851703816,0.6739868851703816,0.6739868851703816,0.6739868851703816,0.6739868851703816,0.6739868851703816,0.6739868851703816
16-07-2009,0.681825868024004,0.681825868024004,0.681825868024004,0.681825868024004,0.681825868024004,0.681825868024004,0.681825868024004,0.681825868024004,0.681825868024004,0.681825868024004
23-07-2009,0.342016,0.342016,0.342016,0.342016,0.342016,0.342016,0.342016,0.342016,0.342016,0.342016
30-07-2009,0.365353,0.365353,0.365353,0.365353,0.365353,0.365353,0.365353,0.365353,0.365353,0.365353
06-08-2009,0.542562,0.542562,0.542562,0.542562,0.542562,0.542562,0.542562,0.542562,0.542562,0.542562
13-08-2009,0.684398,0.684398,0.684398,0.684398,0.684398,0.684398,0.684398,0.684398,0.684398,0.684398
20-08-2009,0.680699,0.680699,0.680699,0.680699,0.680699,0.680699,0.680699,0.680699,0.680699,0.680699
27-08-2009,0.77427,0.77427,0.77427,0.77427,0.77427,0.77427,0.77427,0.77427,0.77427,0.77427
03-09-2009,0.81616,0.81616,0.81616,0.81616,0.81616,0.81616,0.81616,0.81616,0.81616,0.81616
10-09-2009,0.77742,0.77742,0.77742,0.77742,0.77742,0.77742,0.77742,0.77742,0.77742,0.77742
17-09-2009,0.820767,0.820767,0.820767,0.820767,0.820767,0.820767,0.820767,0.820767,0.820767,0.820767
24-09-2009,1.0278698309901164,1.0278698309901164,1.0278698309901164,1.0278698309901164,1.0278698309901164,1.0278698309901164,1.0278698309901164,1.0278698309901164,1.0278698309901164,1.0278698309901164
01-10-2009,0.997842754474325,0.997842754474325,0.997842754474325,0.997842754474325,0.997842754474325,0.997842754474325,0.997842754474325,0.997842754474325,0.997842754474325,0.997842754474325
08-10-2009,1.0321620602767896,1.0321620602767896,1.0321620602767896,1.0321620602767896,1.0321620602767896,1.0321620602767896,1.0321620602767896,1.0321620602767896,1.0321620602767896,1.0321620602767896
15-10-2009,0.9551856892008432,0.9551856892008432,0.9551856892008432,0.9551856892008432,0.9551856892008432,0.9551856892008432,0.9551856892008432,0.9551856892008432,0.9551856892008432,0.9551856892008432
22-10-2009,0.734221,0.734221,0.734221,0.734221,0.734221,0.734221,0.734221,0.734221,0.734221,0.734221
29-10-2009,0.653006,0.653006,0.653006,0.653006,0.653006,0.653006,0.653006,0.653006,0.653006,0.653006
05-11-2009,0.579243,0.579243,0.579243,0.579243,0.579243,0.579243,0.579243,0.579243,0.579243,0.579243
12-11-2009,0.519057,0.519057,0.519057,0.519057,0.519057,0.519057,0.519057,0.519057,0.519057,0.519057
19-11-2009,0.46964,0.46964,0.46964,0.46964,0.46964,0.46964,0.46964,0.46964,0.46964,0.46964
26-11-2009,0.428353,0.428353,0.428353,0.428353,0.428353,0.428353,0.428353,0.428353,0.428353,0.428353
03-12-2009,0.391658,0.391658,0.391658,0.391658,0.391658,0.391658,0.391658,0.391658,0.391658,0.391658
10-12-2009,0.358894,0.358894,0.358894,0.358894,0.358894,0.358894,0.358894,0.358894,0.358894,0.358894
17-12-2009,0.329577,0.329577,0.329577,0.329577,0.329577,0.329577,0.329577,0.329577,0.329577,0.329577
24-12-2009,0.3102048670436307,0.3102048670436307,0.3102048670436307,0.3102048670436307,0.3102048670436307,0.3102048670436307,0.3102048670436307,0.3102048670436307,0.3102048670436307,0.3102048670436307
31-12-2009,0.2883013466857819,0.2883013466857819,0.2883013466857819,0.2883013466857819,0.2883013466857819,0.2883013466857819,0.2883013466857819,0.2883013466857819,0.2883013466857819,0.2883013466857819
07-01-2010,0.2690361301097633,0.2690361301097633,0.2690361301097633,0.2690361301097633,0.2690361301097633,0.2690361301097633,0.2690361301097633,0.2690361301097633,0.2690361301097633,0.2690361301097633
14-01-2010,0.2518934971660687,0.2518934971660687,0.2518934971660687,0.2518934971660687,0.2518934971660687,0.2518934971660687,0.2518934971660687,0.2518934971660687,0.2518934971660687,0.2518934971660687
21-01-2010,0.229872,0.229872,0.229872,0.229872,0.229872,0.229872,0.229872,0.229872,0.229872,0.229872
28-01-2010,0.216497,0.216497,0.216497,0.216497,0.216497,0.216497,0.216497,0.216497,0.216497,0.216497
04-02-2010,0.204469,0.204469,0.204469,0.204469,0.204469,0.204469,0.204469,0.204469,0.204469,0.204469
11-02-2010,0.193618,0.193618,0.193618,0.193618,0.193618,0.193618,0.193618,0.193618,0.193618,0.193618
18-02-2010,0.1887293016729158,0.1887293016729158,0.1887293016729158,0.1887293016729158,0.1887293016729158,0.1887293016729158,0.1887293016729158,0.1887293016729158,0.1887293016729158,0.1887293016729158
25-02-2010,0.1806251347953288,0.1806251347953288,0.1806251347953288,0.1806251347953288,0.1806251347953288,0.1806251347953288,0.1806251347953288,0.1806251347953288,0.1806251347953288,0.1806251347953288
04-03-2010,0.1726812251842868,0.1726812251842868,0.1726812251842868,0.1726812251842868,0.1726812251842868,0.1726812251842868,0.1726812251842868,0.1726812251842868,0.1726812251842868,0.1726812251842868
11-03-2010,0.1661071117342499,0.1661071117342499,0.1661071117342499,0.1661071117342499,0.1661071117342499,0.1661071117342499,0.1661071117342499,0.1661071117342499,0.1661071117342499,0.1661071117342499
18-03-2010,0.1616482599598739,0.1616482599598739,0.1616482599598739,0.1616482599598739,0.1616482599598739,0.1616482599598739,0.1616482599598739,0.1616482599598739,0.1616482599598739,0.1616482599598739
25-03-2010,0.1568078604320517,0.1568078604320517,0.1568078604320517,0.1568078604320517,0.1568078604320517,0.1568078604320517,0.1568078604320517,0.1568078604320517,0.1568078604320517,0.1568078604320517
01-04-2010,0.1525038952689506,0.1525038952689506,0.1525038952689506,0.1525038952689506,0.1525038952689506,0.1525038952689506,0.1525038952689506,0.1525038952689506,0.1525038952689506,0.1525038952689506
08-04-2010,0.1525895078976522,0.1525895078976522,0.1525895078976522,0.1525895078976522,0.1525895078976522,0.1525895078976522,0.1525895078976522,0.1525895078976522,0.1525895078976522,0.1525895078976522
15-04-2010,0.1534147297818563,0.1534147297818563,0.1534147297818563,0.1534147297818563,0.1534147297818563,0.1534147297818563,0.1534147297818563,0.1534147297818563,0.1534147297818563,0.1534147297818563
22-04-2010,0.143251,0.143251,0.143251,0.143251,0.143251,0.143251,0.143251,0.143251,0.143251,0.143251
29-04-2010,0.143065,0.143065,0.143065,0.143065,0.143065,0.143065,0.143065,0.143065,0.143065,0.143065
06-05-2010,0.149117,0.149117,0.149117,0.149117,0.149117,0.149117,0.149117,0.149117,0.149117,0.149117
13-05-2010,0.167862,0.167862,0.167862,0.167862,0.167862,0.167862,0.167862,0.167862,0.167862,0.167862
20-05-2010,0.188258,0.188258,0.188258,0.188258,0.188258,0.188258,0.188258,0.188258,0.188258,0.188258
27-05-2010,0.190788,0.190788,0.190788,0.190788,0.190788,0.190788,0.190788,0.190788,0.190788,0.190788
03-06-2010,0.238971,0.238971,0.238971,0.238971,0.238971,0.238971,0.238971,0.238971,0.238971,0.238971
10-06-2010,0.305643,0.305643,0.305643,0.305643,0.305643,0.305643,0.305643,0.305643,0.305643,0.305643
17-06-2010,0.323235,0.323235,0.323235,0.323235,0.323235,0.323235,0.323235,0.323235,0.323235,0.323235
24-06-2010,0.353758,0.353758,0.353758,0.353758,0.353758,0.353758,0.353758,0.353758,0.353758,0.353758
01-07-2010,0.348923,0.348923,0.348923,0.348923,0.348923,0.348923,0.348923,0.348923,0.348923,0.348923
08-07-2010,0.313978,0.313978,0.313978,0.313978,0.313978,0.313978,0.313978,0.313978,0.313978,0.313978
15-07-2010,0.290597,0.290597,0.290597,0.290597,0.290597,0.290597,0.290597,0.290597,0.290597,0.290597
22-07-2010,0.3190860005533961,0.3190860005533961,0.3190860005533961,0.3190860005533961,0.3190860005533961,0.3190860005533961,0.3190860005533961,0.3190860005533961,0.3190860005533961,0.3190860005533961
29-07-2010,0.324467574634681,0.324467574634681,0.324467574634681,0.324467574634681,0.324467574634681,0.324467574634681,0.324467574634681,0.324467574634681,0.324467574634681,0.324467574634681
05-08-2010,0.3475265141984055,0.3475265141984055,0.3475265141984055,0.3475265141984055,0.3475265141984055,0.3475265141984055,0.3475265141984055,0.3475265141984055,0.3475265141984055,0.3475265141984055
12-08-2010,0.3584986643400397,0.3584986643400397,0.3584986643400397,0.3584986643400397,0.3584986643400397,0.3584986643400397,0.3584986643400397,0.3584986643400397,0.3584986643400397,0.3584986643400397
19-08-2010,0.4552522532991964,0.4552522532991964,0.4552522532991964,0.4552522532991964,0.4552522532991964,0.4552522532991964,0.4552522532991964,0.4552522532991964,0.4552522532991964,0.4552522532991964
26-08-2010,0.7371253996054596,0.7371253996054596,0.7371253996054596,0.7371253996054596,0.7371253996054596,0.7371253996054596,0.7371253996054596,0.7371253996054596,0.7371253996054596,0.7371253996054596
02-09-2010,0.707929456128692,0.707929456128692,0.707929456128692,0.707929456128692,0.707929456128692,0.707929456128692,0.707929456128692,0.707929456128692,0.707929456128692,0.707929456128692
09-09-2010,0.6095615229207074,0.6095615229207074,0.6095615229207074,0.6095615229207074,0.6095615229207074,0.6095615229207074,0.6095615229207074,0.6095615229207074,0.6095615229207074,0.6095615229207074
16-09-2010,0.5837855960134248,0.5837855960134248,0.5837855960134248,0.5837855960134248,0.5837855960134248,0.5837855960134248,0.5837855960134248,0.5837855960134248,0.5837855960134248,0.5837855960134248
23-09-2010,0.723709332909822,0.723709332909822,0.723709332909822,0.723709332909822,0.723709332909822,0.723709332909822,0.723709332909822,0.723709332909822,0.723709332909822,0.723709332909822
30-09-2010,0.5755000745151055,0.5755000745151055,0.5755000745151055,0.5755000745151055,0.5755000745151055,0.5755000745151055,0.5755000745151055,0.5755000745151055,0.5755000745151055,0.5755000745151055
07-10-2010,0.5153774388484418,0.5153774388484418,0.5153774388484418,0.5153774388484418,0.5153774388484418,0.5153774388484418,0.5153774388484418,0.5153774388484418,0.5153774388484418,0.5153774388484418
14-10-2010,0.4845509837068258,0.4845509837068258,0.4845509837068258,0.4845509837068258,0.4845509837068258,0.4845509837068258,0.4845509837068258,0.4845509837068258,0.4845509837068258,0.4845509837068258
21-10-2010,0.29536,0.29536,0.29536,0.29536,0.29536,0.29536,0.29536,0.29536,0.29536,0.29536
28-10-2010,0.357028,0.357028,0.357028,0.357028,0.357028,0.357028,0.357028,0.357028,0.357028,0.357028
04-11-2010,0.390024,0.390024,0.390024,0.390024,0.390024,0.390024,0.390024,0.390024,0.390024,0.390024
11-11-2010,0.331202,0.331202,0.331202,0.331202,0.331202,0.331202,0.331202,0.331202,0.331202,0.331202
18-11-2010,0.294929,0.294929,0.294929,0.294929,0.294929,0.294929,0.294929,0.294929,0.294929,0.294929
25-11-2010,0.26783,0.26783,0.26783,0.26783,0.26783,0.26783,0.26783,0.26783,0.26783,0.26783
02-12-2010,0.250921,0.250921,0.250921,0.250921,0.250921,0.250921,0.250921,0.250921,0.250921,0.250921
09-12-2010,0.235324,0.235324,0.235324,0.235324,0.235324,0.235324,0.235324,0.235324,0.235324,0.235324
16-12-2010,0.215611,0.215611,0.215611,0.215611,0.215611,0.215611,0.215611,0.215611,0.215611,0.215611
23-12-2010,0.2145220568854119,0.2145220568854119,0.2145220568854119,0.2145220568854119,0.2145220568854119,0.2145220568854119,0.2145220568854119,0.2145220568854119,0.2145220568854119,0.2145220568854119
30-12-2010,0.2141220475244593,0.2141220475244593,0.2141220475244593,0.2141220475244593,0.2141220475244593,0.2141220475244593,0.2141220475244593,0.2141220475244593,0.2141220475244593,0.2141220475244593
06-01-2011,0.1979741948860941,0.1979741948860941,0.1979741948860941,0.1979741948860941,0.1979741948860941,0.1979741948860941,0.1979741948860941,0.1979741948860941,0.1979741948860941,0.1979741948860941
13-01-2011,0.1834679865613225,0.1834679865613225,0.1834679865613225,0.1834679865613225,0.1834679865613225,0.1834679865613225,0.1834679865613225,0.1834679865613225,0.1834679865613225,0.1834679865613225
20-01-2011,0.1712307093050316,0.1712307093050316,0.1712307093050316,0.1712307093050316,0.1712307093050316,0.1712307093050316,0.1712307093050316,0.1712307093050316,0.1712307093050316,0.1712307093050316
27-01-2011,0.169222,0.169222,0.169222,0.169222,0.169222,0.169222,0.169222,0.169222,0.169222,0.169222
03-02-2011,0.16706,0.16706,0.16706,0.16706,0.16706,0.16706,0.16706,0.16706,0.16706,0.16706
10-02-2011,0.156922,0.156922,0.156922,0.156922,0.156922,0.156922,0.156922,0.156922,0.156922,0.156922
17-02-2011,0.148341,0.148341,0.148341,0.148341,0.148341,0.148341,0.148341,0.148341,0.148341,0.148341
24-02-2011,0.143703,0.143703,0.143703,0.143703,0.143703,0.143703,0.143703,0.143703,0.143703,0.143703
03-03-2011,0.139854,0.139854,0.139854,0.139854,0.139854,0.139854,0.139854,0.139854,0.139854,0.139854
10-03-2011,0.133926,0.133926,0.133926,0.133926,0.133926,0.133926,0.133926,0.133926,0.133926,0.133926
17-03-2011,0.128779,0.128779,0.128779,0.128779,0.128779,0.128779,0.128779,0.128779,0.128779,0.128779
24-03-2011,0.124255,0.124255,0.124255,0.124255,0.124255,0.124255,0.124255,0.124255,0.124255,0.124255
31-03-2011,0.120341,0.120341,0.120341,0.120341,0.120341,0.120341,0.120341,0.120341,0.120341,0.120341
07-04-2011,0.117046,0.117046,0.117046,0.117046,0.117046,0.117046,0.117046,0.117046,0.117046,0.117046
14-04-2011,0.114005,0.114005,0.114005,0.114005,0.114005,0.114005,0.114005,0.114005,0.114005,0.114005
21-04-2011,0.295923912639974,0.295923912639974,0.295923912639974,0.295923912639974,0.295923912639974,0.295923912639974,0.295923912639974,0.295923912639974,0.295923912639974,0.295923912639974
28-04-2011,0.3020749793345226,0.3020749793345226,0.3020749793345226,0.3020749793345226,0.3020749793345226,0.3020749793345226,0.3020749793345226,0.3020749793345226,0.3020749793345226,0.3020749793345226
05-05-2011,0.3108855971477778,0.3108855971477778,0.3108855971477778,0.3108855971477778,0.3108855971477778,0.3108855971477778,0.3108855971477778,0.3108855971477778,0.3108855971477778,0.3108855971477778
12-05-2011,0.3013365820849382,0.3013365820849382,0.3013365820849382,0.3013365820849382,0.3013365820849382,0.3013365820849382,0.3013365820849382,0.3013365820849382,0.3013365820849382,0.3013365820849382
19-05-2011,0.3136038003652486,0.3136038003652486,0.3136038003652486,0.3136038003652486,0.3136038003652486,0.3136038003652486,0.3136038003652486,0.3136038003652486,0.3136038003652486,0.3136038003652486
26-05-2011,0.109234,0.109234,0.109234,0.109234,0.109234,0.109234,0.109234,0.109234,0.109234,0.109234
02-06-2011,0.116557,0.116557,0.116557,0.116557,0.116557,0.116557,0.116557,0.116557,0.116557,0.116557
09-06-2011,0.113698,0.113698,0.113698,0.113698,0.113698,0.113698,0.113698,0.113698,0.113698,0.113698
16-06-2011,0.112141,0.112141,0.112141,0.112141,0.112141,0.112141,0.112141,0.112141,0.112141,0.112141
23-06-2011,0.111104,0.111104,0.111104,0.111104,0.111104,0.111104,0.111104,0.111104,0.111104,0.111104
30-06-2011,0.153894,0.153894,0.153894,0.153894,0.153894,0.153894,0.153894,0.153894,0.153894,0.153894
07-07-2011,0.196693,0.196693,0.196693,0.196693,0.196693,0.196693,0.196693,0.196693,0.196693,0.196693
14-07-2011,0.199842,0.199842,0.199842,0.199842,0.199842,0.199842,0.199842,0.199842,0.199842,0.199842
21-07-2011,0.202156,0.202156,0.202156,0.202156,0.202156,0.202156,0.202156,0.202156,0.202156,0.202156
28-07-2011,0.226571,0.226571,0.226571,0.226571,0.226571,0.226571,0.226571,0.226571,0.226571,0.226571
04-08-2011,0.256181,0.256181,0.256181,0.256181,0.256181,0.256181,0.256181,0.256181,0.256181,0.256181
11-08-2011,0.257199,0.257199,0.257199,0.257199,0.257199,0.257199,0.257199,0.257199,0.257199,0.257199
18-08-2011,0.279778,0.279778,0.279778,0.279778,0.279778,0.279778,0.279778,0.279778,0.279778,0.279778
25-08-2011,1.228229852943604,1.228229852943604,1.228229852943604,1.228229852943604,1.228229852943604,1.228229852943604,1.228229852943604,1.228229852943604,1.228229852943604,1.228229852943604
01-09-2011,1.3804717649658975,1.3804717649658975,1.3804717649658975,1.3804717649658975,1.3804717649658975,1.3804717649658975,1.3804717649658975,1.3804717649658975,1.3804717649658975,1.3804717649658975
08-09-2011,1.3687249303625484,1.3687249303625484,1.3687249303625484,1.3687249303625484,1.3687249303625484,1.3687249303625484,1.3687249303625484,1.3687249303625484,1.3687249303625484,1.3687249303625484
15-09-2011,1.4578103711631687,1.4578103711631687,1.4578103711631687,1.4578103711631687,1.4578103711631687,1.4578103711631687,1.4578103711631687,1.4578103711631687,1.4578103711631687,1.4578103711631687
22-09-2011,0.729312538374952,0.729312538374952,0.729312538374952,0.729312538374952,0.729312538374952,0.729312538374952,0.729312538374952,0.729312538374952,0.729312538374952,0.729312538374952
29-09-2011,0.7036058628140058,0.7036058628140058,0.7036058628140058,0.7036058628140058,0.7036058628140058,0.7036058628140058,0.7036058628140058,0.7036058628140058,0.7036058628140058,0.7036058628140058
06-10-2011,0.6864025158595675,0.6864025158595675,0.6864025158595675,0.6864025158595675,0.6864025158595675,0.6864025158595675,0.6864025158595675,0.6864025158595675,0.6864025158595675,0.6864025158595675
13-10-2011,0.5734311883165273,0.5734311883165273,0.5734311883165273,0.5734311883165273,0.5734311883165273,0.5734311883165273,0.5734311883165273,0.5734311883165273,0.5734311883165273,0.5734311883165273
20-10-2011,0.4840002295885622,0.4840002295885622,0.4840002295885622,0.4840002295885622,0.4840002295885622,0.4840002295885622,0.4840002295885622,0.4840002295885622,0.4840002295885622,0.4840002295885622
27-10-2011,0.3946299758958368,0.3946299758958368,0.3946299758958368,0.3946299758958368,0.3946299758958368,0.3946299758958368,0.3946299758958368,0.3946299758958368,0.3946299758958368,0.3946299758958368
03-11-2011,0.3608450465177713,0.3608450465177713,0.3608450465177713,0.3608450465177713,0.3608450465177713,0.3608450465177713,0.3608450465177713,0.3608450465177713,0.3608450465177713,0.3608450465177713
10-11-2011,0.3260033791043569,0.3260033791043569,0.3260033791043569,0.3260033791043569,0.3260033791043569,0.3260033791043569,0.3260033791043569,0.3260033791043569,0.3260033791043569,0.3260033791043569
17-11-2011,0.2979938348511067,0.2979938348511067,0.2979938348511067,0.2979938348511067,0.2979938348511067,0.2979938348511067,0.2979938348511067,0.2979938348511067,0.2979938348511067,0.2979938348511067
24-11-2011,0.2297,0.2297,0.2297,0.2297,0.2297,0.2297,0.2297,0.2297,0.2297,0.2297
01-12-2011,0.210771,0.210771,0.210771,0.210771,0.210771,0.210771,0.210771,0.210771,0.210771,0.210771
08-12-2011,0.194372,0.194372,0.194372,0.194372,0.194372,0.194372,0.194372,0.194372,0.194372,0.194372
15-12-2011,0.178969,0.178969,0.178969,0.178969,0.178969,0.178969,0.178969,0.178969,0.178969,0.178969
22-12-2011,0.1857351655782932,0.1857351655782932,0.1857351655782932,0.1857351655782932,0.1857351655782932,0.1857351655782932,0.1857351655782932,0.1857351655782932,0.1857351655782932,0.1857351655782932
29-12-2011,0.1916609781045424,0.1916609781045424,0.1916609781045424,0.1916609781045424,0.1916609781045424,0.1916609781045424,0.1916609781045424,0.1916609781045424,0.1916609781045424,0.1916609781045424
05-01-2012,0.1784908627430161,0.1784908627430161,0.1784908627430161,0.1784908627430161,0.1784908627430161,0.1784908627430161,0.1784908627430161,0.1784908627430161,0.1784908627430161,0.1784908627430161
12-01-2012,0.1668111735269607,0.1668111735269607,0.1668111735269607,0.1668111735269607,0.1668111735269607,0.1668111735269607,0.1668111735269607,0.1668111735269607,0.1668111735269607,0.1668111735269607
19-01-2012,0.156676890378955,0.156676890378955,0.156676890378955,0.156676890378955,0.156676890378955,0.156676890378955,0.156676890378955,0.156676890378955,0.156676890378955,0.156676890378955
26-01-2012,0.143465,0.143465,0.143465,0.143465,0.143465,0.143465,0.143465,0.143465,0.143465,0.143465
02-02-2012,0.135201,0.135201,0.135201,0.135201,0.135201,0.135201,0.135201,0.135201,0.135201,0.135201
09-02-2012,0.128228,0.128228,0.128228,0.128228,0.128228,0.128228,0.128228,0.128228,0.128228,0.128228
16-02-2012,0.122119,0.122119,0.122119,0.122119,0.122119,0.122119,0.122119,0.122119,0.122119,0.122119
23-02-2012,0.1275912394735208,0.1275912394735208,0.1275912394735208,0.1275912394735208,0.1275912394735208,0.1275912394735208,0.1275912394735208,0.1275912394735208,0.1275912394735208,0.1275912394735208
01-03-2012,0.1218892714654581,0.1218892714654581,0.1218892714654581,0.1218892714654581,0.1218892714654581,0.1218892714654581,0.1218892714654581,0.1218892714654581,0.1218892714654581,0.1218892714654581
08-03-2012,0.1178262289049376,0.1178262289049376,0.1178262289049376,0.1178262289049376,0.1178262289049376,0.1178262289049376,0.1178262289049376,0.1178262289049376,0.1178262289049376,0.1178262289049376
15-03-2012,0.1183562312174852,0.1183562312174852,0.1183562312174852,0.1183562312174852,0.1183562312174852,0.1183562312174852,0.1183562312174852,0.1183562312174852,0.1183562312174852,0.1183562312174852
22-03-2012,0.1049430063616696,0.1049430063616696,0.1049430063616696,0.1049430063616696,0.1049430063616696,0.1049430063616696,0.1049430063616696,0.1049430063616696,0.1049430063616696,0.1049430063616696
29-03-2012,0.1094345245011617,0.1094345245011617,0.1094345245011617,0.1094345245011617,0.1094345245011617,0.1094345245011617,0.1094345245011617,0.1094345245011617,0.1094345245011617,0.1094345245011617
05-04-2012,0.1142830950460112,0.1142830950460112,0.1142830950460112,0.1142830950460112,0.1142830950460112,0.1142830950460112,0.1142830950460112,0.1142830950460112,0.1142830950460112,0.1142830950460112
12-04-2012,0.1253910998677037,0.1253910998677037,0.1253910998677037,0.1253910998677037,0.1253910998677037,0.1253910998677037,0.1253910998677037,0.1253910998677037,0.1253910998677037,0.1253910998677037
19-04-2012,0.1343056760859573,0.1343056760859573,0.1343056760859573,0.1343056760859573,0.1343056760859573,0.1343056760859573,0.1343056760859573,0.1343056760859573,0.1343056760859573,0.1343056760859573
26-04-2012,0.118677,0.118677,0.118677,0.118677,0.118677,0.118677,0.118677,0.118677,0.118677,0.118677
03-05-2012,0.11727,0.11727,0.11727,0.11727,0.11727,0.11727,0.11727,0.11727,0.11727,0.11727
10-05-2012,0.173148,0.173148,0.173148,0.173148,0.173148,0.173148,0.173148,0.173148,0.173148,0.173148
17-05-2012,0.248439,0.248439,0.248439,0.248439,0.248439,0.248439,0.248439,0.248439,0.248439,0.248439
24-05-2012,0.3422988254576758,0.3422988254576758,0.3422988254576758,0.3422988254576758,0.3422988254576758,0.3422988254576758,0.3422988254576758,0.3422988254576758,0.3422988254576758,0.3422988254576758
31-05-2012,0.4020786694776359,0.4020786694776359,0.4020786694776359,0.4020786694776359,0.4020786694776359,0.4020786694776359,0.4020786694776359,0.4020786694776359,0.4020786694776359,0.4020786694776359
07-06-2012,0.4805324820556471,0.4805324820556471,0.4805324820556471,0.4805324820556471,0.4805324820556471,0.4805324820556471,0.4805324820556471,0.4805324820556471,0.4805324820556471,0.4805324820556471
14-06-2012,0.6072117967533659,0.6072117967533659,0.6072117967533659,0.6072117967533659,0.6072117967533659,0.6072117967533659,0.6072117967533659,0.6072117967533659,0.6072117967533659,0.6072117967533659
21-06-2012,0.8407756773938242,0.8407756773938242,0.8407756773938242,0.8407756773938242,0.8407756773938242,0.8407756773938242,0.8407756773938242,0.8407756773938242,0.8407756773938242,0.8407756773938242
28-06-2012,0.7768565545684954,0.7768565545684954,0.7768565545684954,0.7768565545684954,0.7768565545684954,0.7768565545684954,0.7768565545684954,0.7768565545684954,0.7768565545684954,0.7768565545684954
05-07-2012,0.7514957641121263,0.7514957641121263,0.7514957641121263,0.7514957641121263,0.7514957641121263,0.7514957641121263,0.7514957641121263,0.7514957641121263,0.7514957641121263,0.7514957641121263
12-07-2012,0.7350345901949256,0.7350345901949256,0.7350345901949256,0.7350345901949256,0.7350345901949256,0.7350345901949256,0.7350345901949256,0.7350345901949256,0.7350345901949256,0.7350345901949256
19-07-2012,0.6940996417093421,0.6940996417093421,0.6940996417093421,0.6940996417093421,0.6940996417093421,0.6940996417093421,0.6940996417093421,0.6940996417093421,0.6940996417093421,0.6940996417093421
26-07-2012,0.339629,0.339629,0.339629,0.339629,0.339629,0.339629,0.339629,0.339629,0.339629,0.339629
02-08-2012,0.361578,0.361578,0.361578,0.361578,0.361578,0.361578,0.361578,0.361578,0.361578,0.361578
09-08-2012,0.383266,0.383266,0.383266,0.383266,0.383266,0.383266,0.383266,0.383266,0.383266,0.383266
16-08-2012,0.380208,0.380208,0.380208,0.380208,0.380208,0.380208,0.380208,0.380208,0.380208,0.380208
23-08-2012,1.4287686754264404,1.4287686754264404,1.4287686754264404,1.4287686754264404,1.4287686754264404,1.4287686754264404,1.4287686754264404,1.4287686754264404,1.4287686754264404,1.4287686754264404
30-08-2012,1.4055227360820068,1.4055227360820068,1.4055227360820068,1.4055227360820068,1.4055227360820068,1.4055227360820068,1.4055227360820068,1.4055227360820068,1.4055227360820068,1.4055227360820068
06-09-2012,1.17954088866952,1.17954088866952,1.17954088866952,1.17954088866952,1.17954088866952,1.17954088866952,1.17954088866952,1.17954088866952,1.17954088866952,1.17954088866952
13-09-2012,1.0717829016565985,1.0717829016565985,1.0717829016565985,1.0717829016565985,1.0717829016565985,1.0717829016565985,1.0717829016565985,1.0717829016565985,1.0717829016565985,1.0717829016565985
20-09-2012,0.330385,0.330385,0.330385,0.330385,0.330385,0.330385,0.330385,0.330385,0.330385,0.330385
27-09-2012,0.339859,0.339859,0.339859,0.339859,0.339859,0.339859,0.339859,0.339859,0.339859,0.339859
04-10-2012,0.325088,0.325088,0.325088,0.325088,0.325088,0.325088,0.325088,0.325088,0.325088,0.325088
11-10-2012,0.34562,0.34562,0.34562,0.34562,0.34562,0.34562,0.34562,0.34562,0.34562,0.34562
18-10-2012,0.345425,0.345425,0.345425,0.345425,0.345425,0.345425,0.345425,0.345425,0.345425,0.345425
25-10-2012,0.3737844329188987,0.3737844329188987,0.3737844329188987,0.3737844329188987,0.3737844329188987,0.3737844329188987,0.3737844329188987,0.3737844329188987,0.3737844329188987,0.3737844329188987
01-11-2012,0.3399514408248288,0.3399514408248288,0.3399514408248288,0.3399514408248288,0.3399514408248288,0.3399514408248288,0.3399514408248288,0.3399514408248288,0.3399514408248288,0.3399514408248288
08-11-2012,0.2912342164765211,0.2912342164765211,0.2912342164765211,0.2912342164765211,0.2912342164765211,0.2912342164765211,0.2912342164765211,0.2912342164765211,0.2912342164765211,0.2912342164765211
15-11-2012,0.2667622719563339,0.2667622719563339,0.2667622719563339,0.2667622719563339,0.2667622719563339,0.2667622719563339,0.2667622719563339,0.2667622719563339,0.2667622719563339,0.2667622719563339
22-11-2012,0.3208323468819201,0.3208323468819201,0.3208323468819201,0.3208323468819201,0.3208323468819201,0.3208323468819201,0.3208323468819201,0.3208323468819201,0.3208323468819201,0.3208323468819201
29-11-2012,0.2778123437365973,0.2778123437365973,0.2778123437365973,0.2778123437365973,0.2778123437365973,0.2778123437365973,0.2778123437365973,0.2778123437365973,0.2778123437365973,0.2778123437365973
06-12-2012,0.3164415043389638,0.3164415043389638,0.3164415043389638,0.3164415043389638,0.3164415043389638,0.3164415043389638,0.3164415043389638,0.3164415043389638,0.3164415043389638,0.3164415043389638
13-12-2012,0.3312307528736732,0.3312307528736732,0.3312307528736732,0.3312307528736732,0.3312307528736732,0.3312307528736732,0.3312307528736732,0.3312307528736732,0.3312307528736732,0.3312307528736732
20-12-2012,0.2427613789708501,0.2427613789708501,0.2427613789708501,0.2427613789708501,0.2427613789708501,0.2427613789708501,0.2427613789708501,0.2427613789708501,0.2427613789708501,0.2427613789708501
27-12-2012,0.2175704301353601,0.2175704301353601,0.2175704301353601,0.2175704301353601,0.2175704301353601,0.2175704301353601,0.2175704301353601,0.2175704301353601,0.2175704301353601,0.2175704301353601
03-01-2013,0.2036813651204724,0.2036813651204724,0.2036813651204724,0.2036813651204724,0.2036813651204724,0.2036813651204724,0.2036813651204724,0.2036813651204724,0.2036813651204724,0.2036813651204724
10-01-2013,0.2048649880865305,0.2048649880865305,0.2048649880865305,0.2048649880865305,0.2048649880865305,0.2048649880865305,0.2048649880865305,0.2048649880865305,0.2048649880865305,0.2048649880865305
17-01-2013,0.189968,0.189968,0.189968,0.189968,0.189968,0.189968,0.189968,0.189968,0.189968,0.189968
24-01-2013,0.181989,0.181989,0.181989,0.181989,0.181989,0.181989,0.181989,0.181989,0.181989,0.181989
31-01-2013,0.177225,0.177225,0.177225,0.177225,0.177225,0.177225,0.177225,0.177225,0.177225,0.177225
07-02-2013,0.166323,0.166323,0.166323,0.166323,0.166323,0.166323,0.166323,0.166323,0.166323,0.166323
14-02-2013,0.155775,0.155775,0.155775,0.155775,0.155775,0.155775,0.155775,0.155775,0.155775,0.155775
21-02-2013,0.147002,0.147002,0.147002,0.147002,0.147002,0.147002,0.147002,0.147002,0.147002,0.147002
28-02-2013,0.139722,0.139722,0.139722,0.139722,0.139722,0.139722,0.139722,0.139722,0.139722,0.139722
07-03-2013,0.133478,0.133478,0.133478,0.133478,0.133478,0.133478,0.133478,0.133478,0.133478,0.133478
14-03-2013,0.1447582520070359,0.1447582520070359,0.1447582520070359,0.1447582520070359,0.1447582520070359,0.1447582520070359,0.1447582520070359,0.1447582520070359,0.1447582520070359,0.1447582520070359
21-03-2013,0.1463232455103413,0.1463232455103413,0.1463232455103413,0.1463232455103413,0.1463232455103413,0.1463232455103413,0.1463232455103413,0.1463232455103413,0.1463232455103413,0.1463232455103413
28-03-2013,0.1432910817005164,0.1432910817005164,0.1432910817005164,0.1432910817005164,0.1432910817005164,0.1432910817005164,0.1432910817005164,0.1432910817005164,0.1432910817005164,0.1432910817005164
04-04-2013,0.1414271436561123,0.1414271436561123,0.1414271436561123,0.1414271436561123,0.1414271436561123,0.1414271436561123,0.1414271436561123,0.1414271436561123,0.1414271436561123,0.1414271436561123
11-04-2013,0.1453226395413681,0.1453226395413681,0.1453226395413681,0.1453226395413681,0.1453226395413681,0.1453226395413681,0.1453226395413681,0.1453226395413681,0.1453226395413681,0.1453226395413681
18-04-2013,0.121739,0.121739,0.121739,0.121739,0.121739,0.121739,0.121739,0.121739,0.121739,0.121739
25-04-2013,0.12139,0.12139,0.12139,0.12139,0.12139,0.12139,0.12139,0.12139,0.12139,0.12139
02-05-2013,0.130542,0.130542,0.130542,0.130542,0.130542,0.130542,0.130542,0.130542,0.130542,0.130542
09-05-2013,0.203272,0.203272,0.203272,0.203272,0.203272,0.203272,0.203272,0.203272,0.203272,0.203272
16-05-2013,0.7790294368183963,0.7790294368183963,0.7790294368183963,0.7790294368183963,0.7790294368183963,0.7790294368183963,0.7790294368183963,0.7790294368183963,0.7790294368183963,0.7790294368183963
23-05-2013,0.8312268478293328,0.8312268478293328,0.8312268478293328,0.8312268478293328,0.8312268478293328,0.8312268478293328,0.8312268478293328,0.8312268478293328,0.8312268478293328,0.8312268478293328
30-05-2013,0.7163863525508825,0.7163863525508825,0.7163863525508825,0.7163863525508825,0.7163863525508825,0.7163863525508825,0.7163863525508825,0.7163863525508825,0.7163863525508825,0.7163863525508825
06-06-2013,0.6694559999126618,0.6694559999126618,0.6694559999126618,0.6694559999126618,0.6694559999126618,0.6694559999126618,0.6694559999126618,0.6694559999126618,0.6694559999126618,0.6694559999126618
13-06-2013,0.317766,0.317766,0.317766,0.317766,0.317766,0.317766,0.317766,0.317766,0.317766,0.317766
20-06-2013,0.350368,0.350368,0.350368,0.350368,0.350368,0.350368,0.350368,0.350368,0.350368,0.350368
27-06-2013,0.342316,0.342316,0.342316,0.342316,0.342316,0.342316,0.342316,0.342316,0.342316,0.342316
04-07-2013,0.336977,0.336977,0.336977,0.336977,0.336977,0.336977,0.336977,0.336977,0.336977,0.336977
11-07-2013,0.331676,0.331676,0.331676,0.331676,0.331676,0.331676,0.331676,0.331676,0.331676,0.331676
18-07-2013,0.318923,0.318923,0.318923,0.318923,0.318923,0.318923,0.318923,0.318923,0.318923,0.318923
25-07-2013,0.37467,0.37467,0.37467,0.37467,0.37467,0.37467,0.37467,0.37467,0.37467,0.37467
01-08-2013,0.427713,0.427713,0.427713,0.427713,0.427713,0.427713,0.427713,0.427713,0.427713,0.427713
08-08-2013,0.411929,0.411929,0.411929,0.411929,0.411929,0.411929,0.411929,0.411929,0.411929,0.411929
15-08-2013,0.402858,0.402858,0.402858,0.402858,0.402858,0.402858,0.402858,0.402858,0.402858,0.402858
22-08-2013,0.430968,0.430968,0.430968,0.430968,0.430968,0.430968,0.430968,0.430968,0.430968,0.430968
29-08-2013,0.460717,0.460717,0.460717,0.460717,0.460717,0.460717,0.460717,0.460717,0.460717,0.460717
05-09-2013,0.443111,0.443111,0.443111,0.443111,0.443111,0.443111,0.443111,0.443111,0.443111,0.443111
12-09-2013,0.430601,0.430601,0.430601,0.430601,0.430601,0.430601,0.430601,0.430601,0.430601,0.430601
19-09-2013,0.7578099913312747,0.7578099913312747,0.7578099913312747,0.7578099913312747,0.7578099913312747,0.7578099913312747,0.7578099913312747,0.7578099913312747,0.7578099913312747,0.7578099913312747
26-09-2013,0.6459043644869078,0.6459043644869078,0.6459043644869078,0.6459043644869078,0.6459043644869078,0.6459043644869078,0.6459043644869078,0.6459043644869078,0.6459043644869078,0.6459043644869078
03-10-2013,0.5749412722682281,0.5749412722682281,0.5749412722682281,0.5749412722682281,0.5749412722682281,0.5749412722682281,0.5749412722682281,0.5749412722682281,0.5749412722682281,0.5749412722682281
10-10-2013,0.4929732827453614,0.4929732827453614,0.4929732827453614,0.4929732827453614,0.4929732827453614,0.4929732827453614,0.4929732827453614,0.4929732827453614,0.4929732827453614,0.4929732827453614
17-10-2013,0.3273002247575007,0.3273002247575007,0.3273002247575007,0.3273002247575007,0.3273002247575007,0.3273002247575007,0.3273002247575007,0.3273002247575007,0.3273002247575007,0.3273002247575007
24-10-2013,0.3026219996051687,0.3026219996051687,0.3026219996051687,0.3026219996051687,0.3026219996051687,0.3026219996051687,0.3026219996051687,0.3026219996051687,0.3026219996051687,0.3026219996051687
31-10-2013,0.2744846569969183,0.2744846569969183,0.2744846569969183,0.2744846569969183,0.2744846569969183,0.2744846569969183,0.2744846569969183,0.2744846569969183,0.2744846569969183,0.2744846569969183
07-11-2013,0.249191873553085,0.249191873553085,0.249191873553085,0.249191873553085,0.249191873553085,0.249191873553085,0.249191873553085,0.249191873553085,0.249191873553085,0.249191873553085
14-11-2013,0.222998,0.222998,0.222998,0.222998,0.222998,0.222998,0.222998,0.222998,0.222998,0.222998
21-11-2013,0.206838,0.206838,0.206838,0.206838,0.206838,0.206838,0.206838,0.206838,0.206838,0.206838
28-11-2013,0.191621,0.191621,0.191621,0.191621,0.191621,0.191621,0.191621,0.191621,0.191621,0.191621
05-12-2013,0.177713,0.177713,0.177713,0.177713,0.177713,0.177713,0.177713,0.177713,0.177713,0.177713
12-12-2013,0.164594,0.164594,0.164594,0.164594,0.164594,0.164594,0.164594,0.164594,0.164594,0.164594
19-12-2013,0.1591558678361595,0.1591558678361595,0.1591558678361595,0.1591558678361595,0.1591558678361595,0.1591558678361595,0.1591558678361595,0.1591558678361595,0.1591558678361595,0.1591558678361595
26-12-2013,0.1490614776287848,0.1490614776287848,0.1490614776287848,0.1490614776287848,0.1490614776287848,0.1490614776287848,0.1490614776287848,0.1490614776287848,0.1490614776287848,0.1490614776287848
02-01-2014,0.1464625127912232,0.1464625127912232,0.1464625127912232,0.1464625127912232,0.1464625127912232,0.1464625127912232,0.1464625127912232,0.1464625127912232,0.1464625127912232,0.1464625127912232
09-01-2014,0.1444047712998978,0.1444047712998978,0.1444047712998978,0.1444047712998978,0.1444047712998978,0.1444047712998978,0.1444047712998978,0.1444047712998978,0.1444047712998978,0.1444047712998978
16-01-2014,0.129229,0.129229,0.129229,0.129229,0.129229,0.129229,0.129229,0.129229,0.129229,0.129229
23-01-2014,0.122185,0.122185,0.122185,0.122185,0.122185,0.122185,0.122185,0.122185,0.122185,0.122185
30-01-2014,0.124594,0.124594,0.124594,0.124594,0.124594,0.124594,0.124594,0.124594,0.124594,0.124594
06-02-2014,0.13455,0.13455,0.13455,0.13455,0.13455,0.13455,0.13455,0.13455,0.13455,0.13455
13-02-2014,0.137889,0.137889,0.137889,0.137889,0.137889,0.137889,0.137889,0.137889,0.137889,0.137889
20-02-2014,0.132217,0.132217,0.132217,0.132217,0.132217,0.132217,0.132217,0.132217,0.132217,0.132217
27-02-2014,0.123821,0.123821,0.123821,0.123821,0.123821,0.123821,0.123821,0.123821,0.123821,0.123821
06-03-2014,0.117452,0.117452,0.117452,0.117452,0.117452,0.117452,0.117452,0.117452,0.117452,0.117452
13-03-2014,0.11237,0.11237,0.11237,0.11237,0.11237,0.11237,0.11237,0.11237,0.11237,0.11237
20-03-2014,0.1218471273144354,0.1218471273144354,0.1218471273144354,0.1218471273144354,0.1218471273144354,0.1218471273144354,0.1218471273144354,0.1218471273144354,0.1218471273144354,0.1218471273144354
27-03-2014,0.120597932211436,0.120597932211436,0.120597932211436,0.120597932211436,0.120597932211436,0.120597932211436,0.120597932211436,0.120597932211436,0.120597932211436,0.120597932211436
03-04-2014,0.1178029111737203,0.1178029111737203,0.1178029111737203,0.1178029111737203,0.1178029111737203,0.1178029111737203,0.1178029111737203,0.1178029111737203,0.1178029111737203,0.1178029111737203
10-04-2014,0.1159362510456161,0.1159362510456161,0.1159362510456161,0.1159362510456161,0.1159362510456161,0.1159362510456161,0.1159362510456161,0.1159362510456161,0.1159362510456161,0.1159362510456161
17-04-2014,0.139213,0.139213,0.139213,0.139213,0.139213,0.139213,0.139213,0.139213,0.139213,0.139213
24-04-2014,0.177411,0.177411,0.177411,0.177411,0.177411,0.177411,0.177411,0.177411,0.177411,0.177411
01-05-2014,0.170463,0.170463,0.170463,0.170463,0.170463,0.170463,0.170463,0.170463,0.170463,0.170463
08-05-2014,0.168694,0.168694,0.168694,0.168694,0.168694,0.168694,0.168694,0.168694,0.168694,0.168694
15-05-2014,0.208265,0.208265,0.208265,0.208265,0.208265,0.208265,0.208265,0.208265,0.208265,0.208265
22-05-2014,0.239419,0.239419,0.239419,0.239419,0.239419,0.239419,0.239419,0.239419,0.239419,0.239419
29-05-2014,0.324155,0.324155,0.324155,0.324155,0.324155,0.324155,0.324155,0.324155,0.324155,0.324155
05-06-2014,0.401206,0.401206,0.401206,0.401206,0.401206,0.401206,0.401206,0.401206,0.401206,0.401206
12-06-2014,0.371184,0.371184,0.371184,0.371184,0.371184,0.371184,0.371184,0.371184,0.371184,0.371184
19-06-2014,0.343285,0.343285,0.343285,0.343285,0.343285,0.343285,0.343285,0.343285,0.343285,0.343285
26-06-2014,0.374111,0.374111,0.374111,0.374111,0.374111,0.374111,0.374111,0.374111,0.374111,0.374111
03-07-2014,0.412478,0.412478,0.412478,0.412478,0.412478,0.412478,0.412478,0.412478,0.412478,0.412478
10-07-2014,0.387868,0.387868,0.387868,0.387868,0.387868,0.387868,0.387868,0.387868,0.387868,0.387868
17-07-2014,0.388418,0.388418,0.388418,0.388418,0.388418,0.388418,0.388418,0.388418,0.388418,0.388418
24-07-2014,0.396847,0.396847,0.396847,0.396847,0.396847,0.396847,0.396847,0.396847,0.396847,0.396847
31-07-2014,0.368547,0.368547,0.368547,0.368547,0.368547,0.368547,0.368547,0.368547,0.368547,0.368547
07-08-2014,0.409235,0.409235,0.409235,0.409235,0.409235,0.409235,0.409235,0.409235,0.409235,0.409235
14-08-2014,0.476099,0.476099,0.476099,0.476099,0.476099,0.476099,0.476099,0.476099,0.476099,0.476099
21-08-2014,0.494389,0.494389,0.494389,0.494389,0.494389,0.494389,0.494389,0.494389,0.494389,0.494389
28-08-2014,0.480266,0.480266,0.480266,0.480266,0.480266,0.480266,0.480266,0.480266,0.480266,0.480266
04-09-2014,0.44381,0.44381,0.44381,0.44381,0.44381,0.44381,0.44381,0.44381,0.44381,0.44381
11-09-2014,0.410705,0.410705,0.410705,0.410705,0.410705,0.410705,0.410705,0.410705,0.410705,0.410705
18-09-2014,1.3051230739307773,1.3051230739307773,1.3051230739307773,1.3051230739307773,1.3051230739307773,1.3051230739307773,1.3051230739307773,1.3051230739307773,1.3051230739307773,1.3051230739307773
25-09-2014,1.0531743586669884,1.0531743586669884,1.0531743586669884,1.0531743586669884,1.0531743586669884,1.0531743586669884,1.0531743586669884,1.0531743586669884,1.0531743586669884,1.0531743586669884
02-10-2014,0.9386134213820828,0.9386134213820828,0.9386134213820828,0.9386134213820828,0.9386134213820828,0.9386134213820828,0.9386134213820828,0.9386134213820828,0.9386134213820828,0.9386134213820828
09-10-2014,0.7933229302338373,0.7933229302338373,0.7933229302338373,0.7933229302338373,0.7933229302338373,0.7933229302338373,0.7933229302338373,0.7933229302338373,0.7933229302338373,0.7933229302338373
16-10-2014,0.286283,0.286283,0.286283,0.286283,0.286283,0.286283,0.286283,0.286283,0.286283,0.286283
23-10-2014,0.262057,0.262057,0.262057,0.262057,0.262057,0.262057,0.262057,0.262057,0.262057,0.262057
30-10-2014,0.240334,0.240334,0.240334,0.240334,0.240334,0.240334,0.240334,0.240334,0.240334,0.240334
06-11-2014,0.222086,0.222086,0.222086,0.222086,0.222086,0.222086,0.222086,0.222086,0.222086,0.222086
13-11-2014,0.221755,0.221755,0.221755,0.221755,0.221755,0.221755,0.221755,0.221755,0.221755,0.221755
20-11-2014,0.218104,0.218104,0.218104,0.218104,0.218104,0.218104,0.218104,0.218104,0.218104,0.218104
27-11-2014,0.199352,0.199352,0.199352,0.199352,0.199352,0.199352,0.199352,0.199352,0.199352,0.199352
04-12-2014,0.188649,0.188649,0.188649,0.188649,0.188649,0.188649,0.188649,0.188649,0.188649,0.188649
11-12-2014,0.17764,0.17764,0.17764,0.17764,0.17764,0.17764,0.17764,0.17764,0.17764,0.17764
18-12-2014,0.1734781418040894,0.1734781418040894,0.1734781418040894,0.1734781418040894,0.1734781418040894,0.1734781418040894,0.1734781418040894,0.1734781418040894,0.1734781418040894,0.1734781418040894
25-12-2014,0.1623013864280187,0.1623013864280187,0.1623013864280187,0.1623013864280187,0.1623013864280187,0.1623013864280187,0.1623013864280187,0.1623013864280187,0.1623013864280187,0.1623013864280187
01-01-2015,0.1522384774733801,0.1522384774733801,0.1522384774733801,0.1522384774733801,0.1522384774733801,0.1522384774733801,0.1522384774733801,0.1522384774733801,0.1522384774733801,0.1522384774733801
08-01-2015,0.1438566977752566,0.1438566977752566,0.1438566977752566,0.1438566977752566,0.1438566977752566,0.1438566977752566,0.1438566977752566,0.1438566977752566,0.1438566977752566,0.1438566977752566
15-01-2015,0.126554,0.126554,0.126554,0.126554,0.126554,0.126554,0.126554,0.126554,0.126554,0.126554
22-01-2015,0.119538,0.119538,0.119538,0.119538,0.119538,0.119538,0.119538,0.119538,0.119538,0.119538
29-01-2015,0.113349,0.113349,0.113349,0.113349,0.113349,0.113349,0.113349,0.113349,0.113349,0.113349
05-02-2015,0.109328,0.109328,0.109328,0.109328,0.109328,0.109328,0.109328,0.109328,0.109328,0.109328
12-02-2015,0.1131655640395074,0.1131655640395074,0.1131655640395074,0.1131655640395074,0.1131655640395074,0.1131655640395074,0.1131655640395074,0.1131655640395074,0.1131655640395074,0.1131655640395074
19-02-2015,0.1106643643319253,0.1106643643319253,0.1106643643319253,0.1106643643319253,0.1106643643319253,0.1106643643319253,0.1106643643319253,0.1106643643319253,0.1106643643319253,0.1106643643319253
26-02-2015,0.1055652292772376,0.1055652292772376,0.1055652292772376,0.1055652292772376,0.1055652292772376,0.1055652292772376,0.1055652292772376,0.1055652292772376,0.1055652292772376,0.1055652292772376
05-03-2015,0.1065186871153042,0.1065186871153042,0.1065186871153042,0.1065186871153042,0.1065186871153042,0.1065186871153042,0.1065186871153042,0.1065186871153042,0.1065186871153042,0.1065186871153042
12-03-2015,0.1095238472502794,0.1095238472502794,0.1095238472502794,0.1095238472502794,0.1095238472502794,0.1095238472502794,0.1095238472502794,0.1095238472502794,0.1095238472502794,0.1095238472502794
19-03-2015,0.1349872892701244,0.1349872892701244,0.1349872892701244,0.1349872892701244,0.1349872892701244,0.1349872892701244,0.1349872892701244,0.1349872892701244,0.1349872892701244,0.1349872892701244
26-03-2015,0.1335368369486061,0.1335368369486061,0.1335368369486061,0.1335368369486061,0.1335368369486061,0.1335368369486061,0.1335368369486061,0.1335368369486061,0.1335368369486061,0.1335368369486061
02-04-2015,0.1344316657722135,0.1344316657722135,0.1344316657722135,0.1344316657722135,0.1344316657722135,0.1344316657722135,0.1344316657722135,0.1344316657722135,0.1344316657722135,0.1344316657722135
09-04-2015,0.1373863801763657,0.1373863801763657,0.1373863801763657,0.1373863801763657,0.1373863801763657,0.1373863801763657,0.1373863801763657,0.1373863801763657,0.1373863801763657,0.1373863801763657
16-04-2015,0.3314727200508168,0.3314727200508168,0.3314727200508168,0.3314727200508168,0.3314727200508168,0.3314727200508168,0.3314727200508168,0.3314727200508168,0.3314727200508168,0.3314727200508168
23-04-2015,0.3415615205481102,0.3415615205481102,0.3415615205481102,0.3415615205481102,0.3415615205481102,0.3415615205481102,0.3415615205481102,0.3415615205481102,0.3415615205481102,0.3415615205481102
30-04-2015,0.3539729133483714,0.3539729133483714,0.3539729133483714,0.3539729133483714,0.3539729133483714,0.3539729133483714,0.3539729133483714,0.3539729133483714,0.3539729133483714,0.3539729133483714
07-05-2015,0.3417900369446631,0.3417900369446631,0.3417900369446631,0.3417900369446631,0.3417900369446631,0.3417900369446631,0.3417900369446631,0.3417900369446631,0.3417900369446631,0.3417900369446631
14-05-2015,0.3840957202626708,0.3840957202626708,0.3840957202626708,0.3840957202626708,0.3840957202626708,0.3840957202626708,0.3840957202626708,0.3840957202626708,0.3840957202626708,0.3840957202626708
21-05-2015,0.3829589126307424,0.3829589126307424,0.3829589126307424,0.3829589126307424,0.3829589126307424,0.3829589126307424,0.3829589126307424,0.3829589126307424,0.3829589126307424,0.3829589126307424
28-05-2015,0.3791074077565985,0.3791074077565985,0.3791074077565985,0.3791074077565985,0.3791074077565985,0.3791074077565985,0.3791074077565985,0.3791074077565985,0.3791074077565985,0.3791074077565985
04-06-2015,0.3683852234030059,0.3683852234030059,0.3683852234030059,0.3683852234030059,0.3683852234030059,0.3683852234030059,0.3683852234030059,0.3683852234030059,0.3683852234030059,0.3683852234030059
11-06-2015,0.359041767599385,0.359041767599385,0.359041767599385,0.359041767599385,0.359041767599385,0.359041767599385,0.359041767599385,0.359041767599385,0.359041767599385,0.359041767599385
18-06-2015,0.073891,0.073891,0.073891,0.073891,0.073891,0.073891,0.073891,0.073891,0.073891,0.073891
25-06-2015,0.0758586,0.0758586,0.0758586,0.0758586,0.0758586,0.0758586,0.0758586,0.0758586,0.0758586,0.0758586
02-07-2015,0.0876025,0.0876025,0.0876025,0.0876025,0.0876025,0.0876025,0.0876025,0.0876025,0.0876025,0.0876025
09-07-2015,0.10218,0.10218,0.10218,0.10218,0.10218,0.10218,0.10218,0.10218,0.10218,0.10218
16-07-2015,0.216906,0.216906,0.216906,0.216906,0.216906,0.216906,0.216906,0.216906,0.216906,0.216906
23-07-2015,0.346255,0.346255,0.346255,0.346255,0.346255,0.346255,0.346255,0.346255,0.346255,0.346255
30-07-2015,0.340683,0.340683,0.340683,0.340683,0.340683,0.340683,0.340683,0.340683,0.340683,0.340683
06-08-2015,0.351635,0.351635,0.351635,0.351635,0.351635,0.351635,0.351635,0.351635,0.351635,0.351635
13-08-2015,0.361227,0.361227,0.361227,0.361227,0.361227,0.361227,0.361227,0.361227,0.361227,0.361227
20-08-2015,0.545515,0.545515,0.545515,0.545515,0.545515,0.545515,0.545515,0.545515,0.545515,0.545515
27-08-2015,0.761214,0.761214,0.761214,0.761214,0.761214,0.761214,0.761214,0.761214,0.761214,0.761214
03-09-2015,0.797378,0.797378,0.797378,0.797378,0.797378,0.797378,0.797378,0.797378,0.797378,0.797378
10-09-2015,0.743068,0.743068,0.743068,0.743068,0.743068,0.743068,0.743068,0.743068,0.743068,0.743068
17-09-2015,0.708463,0.708463,0.708463,0.708463,0.708463,0.708463,0.708463,0.708463,0.708463,0.708463
24-09-2015,0.777697,0.777697,0.777697,0.777697,0.777697,0.777697,0.777697,0.777697,0.777697,0.777697
01-10-2015,0.770015,0.770015,0.770015,0.770015,0.770015,0.770015,0.770015,0.770015,0.770015,0.770015
08-10-2015,0.659758,0.659758,0.659758,0.659758,0.659758,0.659758,0.659758,0.659758,0.659758,0.659758
15-10-2015,0.581071,0.581071,0.581071,0.581071,0.581071,0.581071,0.581071,0.581071,0.581071,0.581071
22-10-2015,0.543005,0.543005,0.543005,0.543005,0.543005,0.543005,0.543005,0.543005,0.543005,0.543005
29-10-2015,0.505069,0.505069,0.505069,0.505069,0.505069,0.505069,0.505069,0.505069,0.505069,0.505069
05-11-2015,0.453709,0.453709,0.453709,0.453709,0.453709,0.453709,0.453709,0.453709,0.453709,0.453709
12-11-2015,0.408576,0.408576,0.408576,0.408576,0.408576,0.408576,0.408576,0.408576,0.408576,0.408576
19-11-2015,0.36935,0.36935,0.36935,0.36935,0.36935,0.36935,0.36935,0.36935,0.36935,0.36935
26-11-2015,0.331831,0.331831,0.331831,0.331831,0.331831,0.331831,0.331831,0.331831,0.331831,0.331831
03-12-2015,0.301333,0.301333,0.301333,0.301333,0.301333,0.301333,0.301333,0.301333,0.301333,0.301333
10-12-2015,0.272955,0.272955,0.272955,0.272955,0.272955,0.272955,0.272955,0.272955,0.272955,0.272955
17-12-2015,0.2536408991859212,0.2536408991859212,0.2536408991859212,0.2536408991859212,0.2536408991859212,0.2536408991859212,0.2536408991859212,0.2536408991859212,0.2536408991859212,0.2536408991859212
24-12-2015,0.2378628663957314,0.2378628663957314,0.2378628663957314,0.2378628663957314,0.2378628663957314,0.2378628663957314,0.2378628663957314,0.2378628663957314,0.2378628663957314,0.2378628663957314
31-12-2015,0.2188419263834992,0.2188419263834992,0.2188419263834992,0.2188419263834992,0.2188419263834992,0.2188419263834992,0.2188419263834992,0.2188419263834992,0.2188419263834992,0.2188419263834992
07-01-2016,0.207898941396764,0.207898941396764,0.207898941396764,0.207898941396764,0.207898941396764,0.207898941396764,0.207898941396764,0.207898941396764,0.207898941396764,0.207898941396764
14-01-2016,0.19785,0.19785,0.19785,0.19785,0.19785,0.19785,0.19785,0.19785,0.19785,0.19785
21-01-2016,0.184139,0.184139,0.184139,0.184139,0.184139,0.184139,0.184139,0.184139,0.184139,0.184139
28-01-2016,0.172164,0.172164,0.172164,0.172164,0.172164,0.172164,0.172164,0.172164,0.172164,0.172164
04-02-2016,0.161474,0.161474,0.161474,0.161474,0.161474,0.161474,0.161474,0.161474,0.161474,0.161474
11-02-2016,0.152188,0.152188,0.152188,0.152188,0.152188,0.152188,0.152188,0.152188,0.152188,0.152188
18-02-2016,0.1498057536923606,0.1498057536923606,0.1498057536923606,0.1498057536923606,0.1498057536923606,0.1498057536923606,0.1498057536923606,0.1498057536923606,0.1498057536923606,0.1498057536923606
25-02-2016,0.1427824358150895,0.1427824358150895,0.1427824358150895,0.1427824358150895,0.1427824358150895,0.1427824358150895,0.1427824358150895,0.1427824358150895,0.1427824358150895,0.1427824358150895
03-03-2016,0.1367576850609931,0.1367576850609931,0.1367576850609931,0.1367576850609931,0.1367576850609931,0.1367576850609931,0.1367576850609931,0.1367576850609931,0.1367576850609931,0.1367576850609931
10-03-2016,0.1329337570089656,0.1329337570089656,0.1329337570089656,0.1329337570089656,0.1329337570089656,0.1329337570089656,0.1329337570089656,0.1329337570089656,0.1329337570089656,0.1329337570089656
17-03-2016,0.123524,0.123524,0.123524,0.123524,0.123524,0.123524,0.123524,0.123524,0.123524,0.123524
24-03-2016,0.138003,0.138003,0.138003,0.138003,0.138003,0.138003,0.138003,0.138003,0.138003,0.138003
31-03-2016,0.399227,0.399227,0.399227,0.399227,0.399227,0.399227,0.399227,0.399227,0.399227,0.399227
07-04-2016,0.754892,0.754892,0.754892,0.754892,0.754892,0.754892,0.754892,0.754892,0.754892,0.754892
14-04-2016,0.725198,0.725198,0.725198,0.725198,0.725198,0.725198,0.725198,0.725198,0.725198,0.725198
21-04-2016,0.614997,0.614997,0.614997,0.614997,0.614997,0.614997,0.614997,0.614997,0.614997,0.614997
28-04-2016,0.562941,0.562941,0.562941,0.562941,0.562941,0.562941,0.562941,0.562941,0.562941,0.562941
05-05-2016,0.538361,0.538361,0.538361,0.538361,0.538361,0.538361,0.538361,0.538361,0.538361,0.538361
12-05-2016,0.73036,0.73036,0.73036,0.73036,0.73036,0.73036,0.73036,0.73036,0.73036,0.73036
19-05-2016,0.9977763399054967,0.9977763399054967,0.9977763399054967,0.9977763399054967,0.9977763399054967,0.9977763399054967,0.9977763399054967,0.9977763399054967,0.9977763399054967,0.9977763399054967
26-05-2016,0.9486662989103593,0.9486662989103593,0.9486662989103593,0.9486662989103593,0.9486662989103593,0.9486662989103593,0.9486662989103593,0.9486662989103593,0.9486662989103593,0.9486662989103593
02-06-2016,0.914194353013846,0.914194353013846,0.914194353013846,0.914194353013846,0.914194353013846,0.914194353013846,0.914194353013846,0.914194353013846,0.914194353013846,0.914194353013846
09-06-2016,0.8570597264630435,0.8570597264630435,0.8570597264630435,0.8570597264630435,0.8570597264630435,0.8570597264630435,0.8570597264630435,0.8570597264630435,0.8570597264630435,0.8570597264630435
16-06-2016,0.707885,0.707885,0.707885,0.707885,0.707885,0.707885,0.707885,0.707885,0.707885,0.707885
23-06-2016,0.793773,0.793773,0.793773,0.793773,0.793773,0.793773,0.793773,0.793773,0.793773,0.793773
30-06-2016,0.832389,0.832389,0.832389,0.832389,0.832389,0.832389,0.832389,0.832389,0.832389,0.832389
07-07-2016,0.863471,0.863471,0.863471,0.863471,0.863471,0.863471,0.863471,0.863471,0.863471,0.863471
14-07-2016,1.6724975301111782,1.6724975301111782,1.6724975301111782,1.6724975301111782,1.6724975301111782,1.6724975301111782,1.6724975301111782,1.6724975301111782,1.6724975301111782,1.6724975301111782
21-07-2016,1.523955210954753,1.523955210954753,1.523955210954753,1.523955210954753,1.523955210954753,1.523955210954753,1.523955210954753,1.523955210954753,1.523955210954753,1.523955210954753
28-07-2016,1.4184523906479745,1.4184523906479745,1.4184523906479745,1.4184523906479745,1.4184523906479745,1.4184523906479745,1.4184523906479745,1.4184523906479745,1.4184523906479745,1.4184523906479745
04-08-2016,1.2715765060524231,1.2715765060524231,1.2715765060524231,1.2715765060524231,1.2715765060524231,1.2715765060524231,1.2715765060524231,1.2715765060524231,1.2715765060524231,1.2715765060524231
11-08-2016,1.218290750823503,1.218290750823503,1.218290750823503,1.218290750823503,1.218290750823503,1.218290750823503,1.218290750823503,1.218290750823503,1.218290750823503,1.218290750823503
18-08-2016,2.5756625910014144,2.5756625910014144,2.5756625910014144,2.5756625910014144,2.5756625910014144,2.5756625910014144,2.5756625910014144,2.5756625910014144,2.5756625910014144,2.5756625910014144
25-08-2016,2.3795402533495924,2.3795402533495924,2.3795402533495924,2.3795402533495924,2.3795402533495924,2.3795402533495924,2.3795402533495924,2.3795402533495924,2.3795402533495924,2.3795402533495924
01-09-2016,1.9645009421651336,1.9645009421651336,1.9645009421651336,1.9645009421651336,1.9645009421651336,1.9645009421651336,1.9645009421651336,1.9645009421651336,1.9645009421651336,1.9645009421651336
08-09-2016,1.788097755916476,1.788097755916476,1.788097755916476,1.788097755916476,1.788097755916476,1.788097755916476,1.788097755916476,1.788097755916476,1.788097755916476,1.788097755916476
15-09-2016,0.418779,0.418779,0.418779,0.418779,0.418779,0.418779,0.418779,0.418779,0.418779,0.418779
22-09-2016,0.395833,0.395833,0.395833,0.395833,0.395833,0.395833,0.395833,0.395833,0.395833,0.395833
29-09-2016,0.43962,0.43962,0.43962,0.43962,0.43962,0.43962,0.43962,0.43962,0.43962,0.43962
06-10-2016,0.486571,0.486571,0.486571,0.486571,0.486571,0.486571,0.486571,0.486571,0.486571,0.486571
13-10-2016,0.466269,0.466269,0.466269,0.466269,0.466269,0.466269,0.466269,0.466269,0.466269,0.466269
20-10-2016,0.5369106878591698,0.5369106878591698,0.5369106878591698,0.5369106878591698,0.5369106878591698,0.5369106878591698,0.5369106878591698,0.5369106878591698,0.5369106878591698,0.5369106878591698
27-10-2016,0.4759937107345179,0.4759937107345179,0.4759937107345179,0.4759937107345179,0.4759937107345179,0.4759937107345179,0.4759937107345179,0.4759937107345179,0.4759937107345179,0.4759937107345179
03-11-2016,0.4433097032146085,0.4433097032146085,0.4433097032146085,0.4433097032146085,0.4433097032146085,0.4433097032146085,0.4433097032146085,0.4433097032146085,0.4433097032146085,0.4433097032146085
10-11-2016,0.4275592825351856,0.4275592825351856,0.4275592825351856,0.4275592825351856,0.4275592825351856,0.4275592825351856,0.4275592825351856,0.4275592825351856,0.4275592825351856,0.4275592825351856
17-11-2016,0.4914698944425167,0.4914698944425167,0.4914698944425167,0.4914698944425167,0.4914698944425167,0.4914698944425167,0.4914698944425167,0.4914698944425167,0.4914698944425167,0.4914698944425167
24-11-2016,0.4742447184838813,0.4742447184838813,0.4742447184838813,0.4742447184838813,0.4742447184838813,0.4742447184838813,0.4742447184838813,0.4742447184838813,0.4742447184838813,0.4742447184838813
01-12-2016,0.431279939088839,0.431279939088839,0.431279939088839,0.431279939088839,0.431279939088839,0.431279939088839,0.431279939088839,0.431279939088839,0.431279939088839,0.431279939088839
08-12-2016,0.4140362126967396,0.4140362126967396,0.4140362126967396,0.4140362126967396,0.4140362126967396,0.4140362126967396,0.4140362126967396,0.4140362126967396,0.4140362126967396,0.4140362126967396
15-12-2016,0.340813679787477,0.340813679787477,0.340813679787477,0.340813679787477,0.340813679787477,0.340813679787477,0.340813679787477,0.340813679787477,0.340813679787477,0.340813679787477
22-12-2016,0.3062725139313774,0.3062725139313774,0.3062725139313774,0.3062725139313774,0.3062725139313774,0.3062725139313774,0.3062725139313774,0.3062725139313774,0.3062725139313774,0.3062725139313774
29-12-2016,0.2796409453479881,0.2796409453479881,0.2796409453479881,0.2796409453479881,0.2796409453479881,0.2796409453479881,0.2796409453479881,0.2796409453479881,0.2796409453479881,0.2796409453479881
05-01-2017,0.2580075490907761,0.2580075490907761,0.2580075490907761,0.2580075490907761,0.2580075490907761,0.2580075490907761,0.2580075490907761,0.2580075490907761,0.2580075490907761,0.2580075490907761
12-01-2017,0.2496923268482354,0.2496923268482354,0.2496923268482354,0.2496923268482354,0.2496923268482354,0.2496923268482354,0.2496923268482354,0.2496923268482354,0.2496923268482354,0.2496923268482354
19-01-2017,0.229222,0.229222,0.229222,0.229222,0.229222,0.229222,0.229222,0.229222,0.229222,0.229222
26-01-2017,0.214183,0.214183,0.214183,0.214183,0.214183,0.214183,0.214183,0.214183,0.214183,0.214183
02-02-2017,0.201695,0.201695,0.201695,0.201695,0.201695,0.201695,0.201695,0.201695,0.201695,0.201695
09-02-2017,0.19002,0.19002,0.19002,0.19002,0.19002,0.19002,0.19002,0.19002,0.19002,0.19002
16-02-2017,0.179644,0.179644,0.179644,0.179644,0.179644,0.179644,0.179644,0.179644,0.179644,0.179644
23-02-2017,0.170643,0.170643,0.170643,0.170643,0.170643,0.170643,0.170643,0.170643,0.170643,0.170643
02-03-2017,0.162593,0.162593,0.162593,0.162593,0.162593,0.162593,0.162593,0.162593,0.162593,0.162593
09-03-2017,0.155721,0.155721,0.155721,0.155721,0.155721,0.155721,0.155721,0.155721,0.155721,0.155721
16-03-2017,0.15491,0.15491,0.15491,0.15491,0.15491,0.15491,0.15491,0.15491,0.15491,0.15491
23-03-2017,0.154286,0.154286,0.154286,0.154286,0.154286,0.154286,0.154286,0.154286,0.154286,0.154286
30-03-2017,0.169726,0.169726,0.169726,0.169726,0.169726,0.169726,0.169726,0.169726,0.169726,0.169726
06-04-2017,0.183327,0.183327,0.183327,0.183327,0.183327,0.183327,0.183327,0.183327,0.183327,0.183327
13-04-2017,0.171923,0.171923,0.171923,0.171923,0.171923,0.171923,0.171923,0.171923,0.171923,0.171923
20-04-2017,0.254384,0.254384,0.254384,0.254384,0.254384,0.254384,0.254384,0.254384,0.254384,0.254384
27-04-2017,0.357599,0.357599,0.357599,0.357599,0.357599,0.357599,0.357599,0.357599,0.357599,0.357599
04-05-2017,0.390992,0.390992,0.390992,0.390992,0.390992,0.390992,0.390992,0.390992,0.390992,0.390992
11-05-2017,0.392024,0.392024,0.392024,0.392024,0.392024,0.392024,0.392024,0.392024,0.392024,0.392024
18-05-2017,0.4137282388962987,0.4137282388962987,0.4137282388962987,0.4137282388962987,0.4137282388962987,0.4137282388962987,0.4137282388962987,0.4137282388962987,0.4137282388962987,0.4137282388962987
25-05-2017,0.5109809100801384,0.5109809100801384,0.5109809100801384,0.5109809100801384,0.5109809100801384,0.5109809100801384,0.5109809100801384,0.5109809100801384,0.5109809100801384,0.5109809100801384
01-06-2017,0.5999618924963981,0.5999618924963981,0.5999618924963981,0.5999618924963981,0.5999618924963981,0.5999618924963981,0.5999618924963981,0.5999618924963981,0.5999618924963981,0.5999618924963981
08-06-2017,0.5718736279116032,0.5718736279116032,0.5718736279116032,0.5718736279116032,0.5718736279116032,0.5718736279116032,0.5718736279116032,0.5718736279116032,0.5718736279116032,0.5718736279116032
15-06-2017,0.476716,0.476716,0.476716,0.476716,0.476716,0.476716,0.476716,0.476716,0.476716,0.476716
22-06-2017,0.481385,0.481385,0.481385,0.481385,0.481385,0.481385,0.481385,0.481385,0.481385,0.481385
29-06-2017,0.472661,0.472661,0.472661,0.472661,0.472661,0.472661,0.472661,0.472661,0.472661,0.472661
06-07-2017,0.455526,0.455526,0.455526,0.455526,0.455526,0.455526,0.455526,0.455526,0.455526,0.455526
13-07-2017,0.437665,0.437665,0.437665,0.437665,0.437665,0.437665,0.437665,0.437665,0.437665,0.437665
20-07-2017,0.43796,0.43796,0.43796,0.43796,0.43796,0.43796,0.43796,0.43796,0.43796,0.43796
27-07-2017,0.466619,0.466619,0.466619,0.466619,0.466619,0.466619,0.466619,0.466619,0.466619,0.466619
03-08-2017,0.46355,0.46355,0.46355,0.46355,0.46355,0.46355,0.46355,0.46355,0.46355,0.46355
10-08-2017,0.463501,0.463501,0.463501,0.463501,0.463501,0.463501,0.463501,0.463501,0.463501,0.463501
17-08-2017,0.466747,0.466747,0.466747,0.466747,0.466747,0.466747,0.466747,0.466747,0.466747,0.466747
24-08-2017,0.442944,0.442944,0.442944,0.442944,0.442944,0.442944,0.442944,0.442944,0.442944,0.442944
31-08-2017,0.405554,0.405554,0.405554,0.405554,0.405554,0.405554,0.405554,0.405554,0.405554,0.405554
07-09-2017,0.406325,0.406325,0.406325,0.406325,0.406325,0.406325,0.406325,0.406325,0.406325,0.406325
14-09-2017,0.471023,0.471023,0.471023,0.471023,0.471023,0.471023,0.471023,0.471023,0.471023,0.471023
21-09-2017,0.486177,0.486177,0.486177,0.486177,0.486177,0.486177,0.486177,0.486177,0.486177,0.486177
28-09-2017,0.431261,0.431261,0.431261,0.431261,0.431261,0.431261,0.431261,0.431261,0.431261,0.431261
05-10-2017,0.383845,0.383845,0.383845,0.383845,0.383845,0.383845,0.383845,0.383845,0.383845,0.383845
12-10-2017,0.357957,0.357957,0.357957,0.357957,0.357957,0.357957,0.357957,0.357957,0.357957,0.357957
19-10-2017,0.4045813917609742,0.4045813917609742,0.4045813917609742,0.4045813917609742,0.4045813917609742,0.4045813917609742,0.4045813917609742,0.4045813917609742,0.4045813917609742,0.4045813917609742
26-10-2017,0.3607856113512154,0.3607856113512154,0.3607856113512154,0.3607856113512154,0.3607856113512154,0.3607856113512154,0.3607856113512154,0.3607856113512154,0.3607856113512154,0.3607856113512154
02-11-2017,0.3184498426672744,0.3184498426672744,0.3184498426672744,0.3184498426672744,0.3184498426672744,0.3184498426672744,0.3184498426672744,0.3184498426672744,0.3184498426672744,0.3184498426672744
09-11-2017,0.2935951326688839,0.2935951326688839,0.2935951326688839,0.2935951326688839,0.2935951326688839,0.2935951326688839,0.2935951326688839,0.2935951326688839,0.2935951326688839,0.2935951326688839
16-11-2017,0.242191,0.242191,0.242191,0.242191,0.242191,0.242191,0.242191,0.242191,0.242191,0.242191
23-11-2017,0.224212,0.224212,0.224212,0.224212,0.224212,0.224212,0.224212,0.224212,0.224212,0.224212
30-11-2017,0.207843,0.207843,0.207843,0.207843,0.207843,0.207843,0.207843,0.207843,0.207843,0.207843
07-12-2017,0.192566,0.192566,0.192566,0.192566,0.192566,0.192566,0.192566,0.192566,0.192566,0.192566
14-12-2017,0.1838741325108657,0.1838741325108657,0.1838741325108657,0.1838741325108657,0.1838741325108657,0.1838741325108657,0.1838741325108657,0.1838741325108657,0.1838741325108657,0.1838741325108657
21-12-2017,0.1721163399162847,0.1721163399162847,0.1721163399162847,0.1721163399162847,0.1721163399162847,0.1721163399162847,0.1721163399162847,0.1721163399162847,0.1721163399162847,0.1721163399162847
28-12-2017,0.1645359072240299,0.1645359072240299,0.1645359072240299,0.1645359072240299,0.1645359072240299,0.1645359072240299,0.1645359072240299,0.1645359072240299,0.1645359072240299,0.1645359072240299
04-01-2018,0.1580474729061365,0.1580474729061365,0.1580474729061365,0.1580474729061365,0.1580474729061365,0.1580474729061365,0.1580474729061365,0.1580474729061365,0.1580474729061365,0.1580474729061365
11-01-2018,0.1487307243605278,0.1487307243605278,0.1487307243605278,0.1487307243605278,0.1487307243605278,0.1487307243605278,0.1487307243605278,0.1487307243605278,0.1487307243605278,0.1487307243605278
18-01-2018,0.135966,0.135966,0.135966,0.135966,0.135966,0.135966,0.135966,0.135966,0.135966,0.135966
25-01-2018,0.12877,0.12877,0.12877,0.12877,0.12877,0.12877,0.12877,0.12877,0.12877,0.12877
01-02-2018,0.122489,0.122489,0.122489,0.122489,0.122489,0.122489,0.122489,0.122489,0.122489,0.122489
08-02-2018,0.117094,0.117094,0.117094,0.117094,0.117094,0.117094,0.117094,0.117094,0.117094,0.117094
15-02-2018,0.112178,0.112178,0.112178,0.112178,0.112178,0.112178,0.112178,0.112178,0.112178,0.112178
22-02-2018,0.107827,0.107827,0.107827,0.107827,0.107827,0.107827,0.107827,0.107827,0.107827,0.107827
01-03-2018,0.103935,0.103935,0.103935,0.103935,0.103935,0.103935,0.103935,0.103935,0.103935,0.103935
08-03-2018,0.100382,0.100382,0.100382,0.100382,0.100382,0.100382,0.100382,0.100382,0.100382,0.100382
15-03-2018,0.1330073676425486,0.1330073676425486,0.1330073676425486,0.1330073676425486,0.1330073676425486,0.1330073676425486,0.1330073676425486,0.1330073676425486,0.1330073676425486,0.1330073676425486
22-03-2018,0.1393012231988216,0.1393012231988216,0.1393012231988216,0.1393012231988216,0.1393012231988216,0.1393012231988216,0.1393012231988216,0.1393012231988216,0.1393012231988216,0.1393012231988216
29-03-2018,0.1437324403368824,0.1437324403368824,0.1437324403368824,0.1437324403368824,0.1437324403368824,0.1437324403368824,0.1437324403368824,0.1437324403368824,0.1437324403368824,0.1437324403368824
05-04-2018,0.1438255540913868,0.1438255540913868,0.1438255540913868,0.1438255540913868,0.1438255540913868,0.1438255540913868,0.1438255540913868,0.1438255540913868,0.1438255540913868,0.1438255540913868
12-04-2018,0.142211716298813,0.142211716298813,0.142211716298813,0.142211716298813,0.142211716298813,0.142211716298813,0.142211716298813,0.142211716298813,0.142211716298813,0.142211716298813
19-04-2018,0.0989751,0.0989751,0.0989751,0.0989751,0.0989751,0.0989751,0.0989751,0.0989751,0.0989751,0.0989751
26-04-2018,0.101036,0.101036,0.101036,0.101036,0.101036,0.101036,0.101036,0.101036,0.101036,0.101036
03-05-2018,0.0981713,0.0981713,0.0981713,0.0981713,0.0981713,0.0981713,0.0981713,0.0981713,0.0981713,0.0981713
10-05-2018,0.112239,0.112239,0.112239,0.112239,0.112239,0.112239,0.112239,0.112239,0.112239,0.112239
17-05-2018,0.194947,0.194947,0.194947,0.194947,0.194947,0.194947,0.194947,0.194947,0.194947,0.194947
24-05-2018,0.2427,0.2427,0.2427,0.2427,0.2427,0.2427,0.2427,0.2427,0.2427,0.2427
31-05-2018,0.22481,0.22481,0.22481,0.22481,0.22481,0.22481,0.22481,0.22481,0.22481,0.22481
07-06-2018,0.219167,0.219167,0.219167,0.219167,0.219167,0.219167,0.219167,0.219167,0.219167,0.219167
14-06-2018,0.278651,0.278651,0.278651,0.278651,0.278651,0.278651,0.278651,0.278651,0.278651,0.278651
21-06-2018,0.318549,0.318549,0.318549,0.318549,0.318549,0.318549,0.318549,0.318549,0.318549,0.318549
28-06-2018,0.279371,0.279371,0.279371,0.279371,0.279371,0.279371,0.279371,0.279371,0.279371,0.279371
05-07-2018,0.266709,0.266709,0.266709,0.266709,0.266709,0.266709,0.266709,0.266709,0.266709,0.266709
12-07-2018,0.267052,0.267052,0.267052,0.267052,0.267052,0.267052,0.267052,0.267052,0.267052,0.267052
19-07-2018,1.0607282704427663,1.0607282704427663,1.0607282704427663,1.0607282704427663,1.0607282704427663,1.0607282704427663,1.0607282704427663,1.0607282704427663,1.0607282704427663,1.0607282704427663
26-07-2018,1.1168331908489662,1.1168331908489662,1.1168331908489662,1.1168331908489662,1.1168331908489662,1.1168331908489662,1.1168331908489662,1.1168331908489662,1.1168331908489662,1.1168331908489662
02-08-2018,0.9814449262929268,0.9814449262929268,0.9814449262929268,0.9814449262929268,0.9814449262929268,0.9814449262929268,0.9814449262929268,0.9814449262929268,0.9814449262929268,0.9814449262929268
09-08-2018,0.9739187649922288,0.9739187649922288,0.9739187649922288,0.9739187649922288,0.9739187649922288,0.9739187649922288,0.9739187649922288,0.9739187649922288,0.9739187649922288,0.9739187649922288
16-08-2018,0.267826,0.267826,0.267826,0.267826,0.267826,0.267826,0.267826,0.267826,0.267826,0.267826
23-08-2018,0.242056,0.242056,0.242056,0.242056,0.242056,0.242056,0.242056,0.242056,0.242056,0.242056
30-08-2018,0.261006,0.261006,0.261006,0.261006,0.261006,0.261006,0.261006,0.261006,0.261006,0.261006
06-09-2018,0.352035,0.352035,0.352035,0.352035,0.352035,0.352035,0.352035,0.352035,0.352035,0.352035
13-09-2018,0.377126,0.377126,0.377126,0.377126,0.377126,0.377126,0.377126,0.377126,0.377126,0.377126
20-09-2018,0.362008,0.362008,0.362008,0.362008,0.362008,0.362008,0.362008,0.362008,0.362008,0.362008
27-09-2018,0.348855,0.348855,0.348855,0.348855,0.348855,0.348855,0.348855,0.348855,0.348855,0.348855
04-10-2018,0.306574,0.306574,0.306574,0.306574,0.306574,0.306574,0.306574,0.306574,0.306574,0.306574
11-10-2018,0.28025,0.28025,0.28025,0.28025,0.28025,0.28025,0.28025,0.28025,0.28025,0.28025
18-10-2018,0.3037107807576381,0.3037107807576381,0.3037107807576381,0.3037107807576381,0.3037107807576381,0.3037107807576381,0.3037107807576381,0.3037107807576381,0.3037107807576381,0.3037107807576381
25-10-2018,0.2850841160577094,0.2850841160577094,0.2850841160577094,0.2850841160577094,0.2850841160577094,0.2850841160577094,0.2850841160577094,0.2850841160577094,0.2850841160577094,0.2850841160577094
01-11-2018,0.261604161662026,0.261604161662026,0.261604161662026,0.261604161662026,0.261604161662026,0.261604161662026,0.261604161662026,0.261604161662026,0.261604161662026,0.261604161662026
08-11-2018,0.2374021218158848,0.2374021218158848,0.2374021218158848,0.2374021218158848,0.2374021218158848,0.2374021218158848,0.2374021218158848,0.2374021218158848,0.2374021218158848,0.2374021218158848
15-11-2018,0.198059,0.198059,0.198059,0.198059,0.198059,0.198059,0.198059,0.198059,0.198059,0.198059
22-11-2018,0.18481,0.18481,0.18481,0.18481,0.18481,0.18481,0.18481,0.18481,0.18481,0.18481
29-11-2018,0.170778,0.170778,0.170778,0.170778,0.170778,0.170778,0.170778,0.170778,0.170778,0.170778
06-12-2018,0.157555,0.157555,0.157555,0.157555,0.157555,0.157555,0.157555,0.157555,0.157555,0.157555
13-12-2018,0.1650126076590316,0.1525462703729617,0.1501108048997576,0.1608383789338021,0.1572049782547797,0.1547176565966281,0.1487548868256799,0.152266,0.1617051770433683,0.1562661419782596
20-12-2018,0.1542657065157351,0.14236779803627,0.1409522315618823,0.1500049645416789,0.1467272019548215,0.1445030960756419,0.1392143667545841,0.149575,0.1511711842979842,0.1461963937859183
27-12-2018,0.145747211270227,0.134222420217361,0.1331619630504904,0.1417509449482591,0.1382267301832762,0.1362704367803311,0.1313357368059697,0.143724,0.142522072639463,0.1381633942904806
03-01-2019,0.1398531327279293,0.1274698995798768,0.1361817501777372,0.1355338177841541,0.1316587529936704,0.1300149228608804,0.1246961405537156,0.136805,0.136200571877305,0.1316647458304032
10-01-2019,0.127531473210293,0.1150486570949817,0.152529,0.112745,0.1129069095025301,0.114355,0.115108,0.133414,0.1170707050917847,0.1156760845031543
17-01-2019,0.1213326124770114,0.1174809634934324,0.155356,0.106923,0.1069008409900294,0.109309,0.109322,0.130017,0.111096433890241,0.109722646637799
24-01-2019,0.1159992013562676,0.1188047939828043,0.140066,0.101725,0.1045125006560776,0.104697,0.104399,0.122001,0.1070774743702275,0.1042857067746566
31-01-2019,0.1294723328593743,0.1172377242562701,0.139885,0.097139,0.1023266700876457,0.0999623,0.109773,0.115134,0.1050602304961818,0.1000556119605737
07-02-2019,0.121768,0.1272671308545607,0.1517262148386127,0.1016001849164598,0.1041419580996686,0.1006170179290814,0.1167912219070684,0.1123233127778922,0.1069152796197483,0.1025427555897696
14-02-2019,0.111937,0.1224306467760962,0.1428147854629453,0.09916245469002,0.1007501820018689,0.0973366115611743,0.1111882391996518,0.1078446501288477,0.1105116531666596,0.1008884321208877
21-02-2019,0.105608,0.1168993805708191,0.1346890018657444,0.0957596945272338,0.0967739149698423,0.0936115776239593,0.10538654252,0.1033168032408491,0.1111625976119139,0.0978023127710361
28-02-2019,0.100535,0.1129361639230727,0.1289708094848232,0.0931743786953946,0.1044420741009554,0.0908138300402766,0.1005497568570296,0.0993700244569815,0.1060904214162158,0.0947591646832016
07-03-2019,0.133463,0.0960996881153916,0.120151,0.0813671,0.1291227818995741,0.0829471,0.1045466457791127,0.0927877,0.0923151270231253,0.1009458812317243
14-03-2019,0.162491,0.0937108849354335,0.21936,0.0799212,0.1320662464805433,0.0808655,0.1077118645236769,0.0898511,0.0916988214539334,0.1043527321022855
21-03-2019,0.142511,0.0911355231394571,0.28292,0.103248,0.1300091293355027,0.120468,0.1097886973449077,0.103667,0.091892464332002,0.1037603685901471
28-03-2019,0.132348,0.0890566024070655,0.393111,0.133446,0.130278025936688,0.166388,0.1221413190650607,0.143196,0.1003283852892686,0.1044634574839424
04-04-2019,0.129883,0.0884427391290928,0.520846,0.125202,0.1303486171432407,0.146074,0.1425590213176931,0.172293,0.1068104606475586,0.1097812761913631
11-04-2019,0.4666531316112408,0.0847215,0.453279,0.4347538760804496,0.2529248658816282,0.132998,0.129304,0.177982,0.1627350757804636,0.421926949231875
18-04-2019,0.4774440782829184,0.0846222,0.491102,0.4302753586486783,0.2754634454122544,0.131821,0.129461,0.167008,0.1612073512570657,0.4416735953761332
25-04-2019,0.51047877230423,0.085882,0.589047,0.4393420069094527,0.2775845092599094,0.131098,0.125123,0.154328,0.1608321236658966,0.5259142897788582
02-05-2019,0.5159187749066088,0.0855022,1.3645,0.4498769557761131,0.2703426977649444,0.147117,0.142352,0.190389,0.1593536619793404,0.5630641612533384
09-05-2019,0.4113929254735721,0.5703743857884712,2.05245,0.6033283269576404,0.6359794305196035,0.5944490266524629,0.7799900593248723,0.222592,0.194818,0.2083587267729191
16-05-2019,0.4076946383343425,0.5756313398651778,1.96996,0.8907998965216584,0.7428117460768447,1.0104432992187071,0.7759682785359843,0.210209,0.294117,0.2848254448896054
23-05-2019,0.7673315754386392,0.574967966184697,2.30465,0.9382298392729528,0.6892537695131852,1.3655329276285977,0.7699643512141061,0.357371,0.764887,0.2471868172563995
30-05-2019,1.596672906374611,1.3347311911689632,2.2449,1.1158314855381517,0.6397989166460379,1.3229751282554036,0.7417671545105166,0.487917,1.14597,0.2349854076742102
06-06-2019,1.2072215886374464,0.961707,2.58631,0.563374,0.285161,0.943322,0.299446,0.516957,0.9246,0.20728
13-06-2019,1.022647951763835,0.847284,2.69638,0.467053,0.402793,1.11289,0.583034,0.530361,0.859835,0.190287
20-06-2019,0.9852544553120912,1.73015,3.31812,0.763023,0.320952,0.90736,0.642687,0.472128,0.842315,0.178387
27-06-2019,0.9673822728296396,2.12007,3.80674,0.95568,0.275458,0.859791,0.740885,0.523879,0.8624,0.169766
04-07-2019,0.9331757959011924,2.07269,3.26145,0.76669,0.24546,0.848939,0.748151,0.557158,0.886267,0.178518
11-07-2019,0.5082026424758656,2.05664,2.84869,0.741336,0.287511,0.883577,0.623403,0.534521,2.3166622363757505,0.198571
18-07-2019,0.5335950043706694,1.63002,2.49597,0.716929,0.32902,0.9554,0.768117,0.515345,2.23282720108378,0.213097
25-07-2019,0.5418012678545101,1.38382,2.39598,0.980558,0.337291,1.02315,0.866248,0.554626,2.1034712850736232,0.276383
01-08-2019,0.5070136434719966,1.30465,2.36759,1.12867,0.484289,1.69854,0.830438,0.591984,1.858818058405277,0.505778
08-08-2019,0.407791,2.9928570958140748,3.502295723011387,0.915539,0.622794,1.94612,0.935133,2.317139653576811,0.688489,0.706296
15-08-2019,0.385888,2.788055585707969,3.509780861847565,1.02465,0.808542,2.20523,0.93522,2.124314514990292,0.731797,0.662866
22-08-2019,0.37902,2.644877427140263,3.6306685588803633,1.06385,0.825984,2.30063,0.844408,2.044290893098529,0.692984,0.590017
29-08-2019,0.452157,2.284148550031367,3.5890032210483414,1.00383,0.651505,1.81502,0.805235,1.693359292438864,0.642777,0.637297
05-09-2019,0.481351,2.088454844487196,3.4074834420369093,0.946017,0.554922,1.61787,0.847577,1.4815712639947505,0.611252,0.690043
12-09-2019,1.55198439447323,1.632853282986303,4.371908612935641,1.5849816850867664,0.95256268570851,2.78953908597121,1.5601810812630563,1.0442000341229676,1.24767916297809,1.2720933284081293
19-09-2019,1.1936349635113015,1.3531113682706346,3.645612828021857,1.333293822971117,0.7961027250148762,2.3444728569512714,1.3117666559567995,0.9112147345114686,1.0215195777514186,1.1168082024437154
26-09-2019,1.053774942676891,1.1934381475154467,3.150025108600489,1.186195109308053,0.7176292929855517,2.0348929035456886,1.200240965846657,0.844001567518551,0.9113689115884124,1.0150862989592966
03-10-2019,0.8534453636998813,1.0323430630087376,2.6274964448995486,1.026502223025053,0.6435967972002345,1.7376640245716908,1.028119488053205,0.7284786449083993,0.7802771323453841,0.837950906853216
10-10-2019,0.287419,0.6219785799334171,1.19136,0.6005696713548795,0.4555990749411441,1.01684,0.5760980928067758,0.40997,0.4091150461760073,0.5833827207367666
17-10-2019,0.264316,0.5619650466813129,1.09485,0.5366985244760217,0.4135846482613191,1.08671,0.5252857335477544,0.434731,0.3854764801486672,0.5014208821574024
24-10-2019,0.243846,0.5119287494724284,1.00316,0.4799740436487402,0.3722254161108517,1.01827,0.4819470383935495,0.385184,0.3626932167677715,0.4350097570835652
31-10-2019,0.225912,0.4681877580036174,0.918433,0.4313811151603438,0.3276373769525154,0.887525,0.4314314627972996,0.345642,0.3314766345086989,0.3777641502028476
07-11-2019,0.209548,0.415016,0.842798,0.372743,0.266174,0.834724,0.383856,0.5088075416498801,0.3068856576360839,0.306745
14-11-2019,0.194975,0.386102,0.77571,0.345401,0.256622,0.797344,0.350316,0.5562484563613777,0.283615750257694,0.280002
21-11-2019,0.181632,0.357611,0.714767,0.317521,0.235806,0.726733,0.320687,0.4622722887747804,0.2607198238363128,0.255688
28-11-2019,0.169074,0.330131,0.658703,0.29237,0.217617,0.68844,0.294869,0.4157573385700391,0.2409859703132074,0.235042
05-12-2019,0.156575,0.303165,0.606086,0.285249,0.200209,0.644491,0.269996,0.3669888464680472,0.2222517351355348,0.215398
12-12-2019,0.1564789357507583,0.2922542787217042,0.558571,0.2884494417950369,0.1904031413653886,0.5923434663061757,0.2677548128841762,0.2948406040040865,0.2132701916480218,0.2072831964685757
19-12-2019,0.1469174534378425,0.2718615391371887,0.516467,0.2650528556320156,0.1791351178124607,0.5376796895486368,0.2501454989067245,0.2768955731596924,0.2057171784575432,0.1973386980298494
26-12-2019,0.1391869388433061,0.2547813622502608,0.478628,0.2465201414038496,0.1704868869502638,0.4915225697847322,0.2345443090204608,0.2528110361515223,0.1921172526855828,0.1887171899463479
02-01-2020,0.1331152407881666,0.2400649814295794,0.445459,0.2312352581580659,0.1622598078313272,0.4519776672373005,0.2210566463865186,0.2340752510131815,0.1845808709637605,0.1785175674747646
09-01-2020,0.115021,0.211589,0.415607,0.2110986380421428,0.1596643708466389,0.407627,0.186835,0.219996,0.17198,0.161083413665407
16-01-2020,0.109656,0.1989,0.40484,0.1982780745156785,0.1529528970306785,0.386409,0.184091,0.219114,0.161403,0.1541116639532391
23-01-2020,0.105409,0.18837,0.393827,0.1864819681070361,0.1441259285473189,0.364832,0.181234,0.20392,0.152461,0.147724570378107
30-01-2020,0.101209,0.179301,0.367114,0.1803998318238274,0.1368015527632357,0.346424,0.173357,0.208052,0.144674,0.1396649918946279
06-02-2020,0.1094788495820478,0.1850287722376423,0.3555722881084203,0.180418732855541,0.1358909694016182,0.3450132562655512,0.1792692948309329,0.2157568398561394,0.143635587607759,0.1416381051672467
13-02-2020,0.1071337963852612,0.1805080118667095,0.3433638338314374,0.174196972861313,0.2507124468002752,0.3333475409575773,0.1821621166278885,0.2001244171939842,0.1380212044234292,0.1368392703520388
20-02-2020,0.1027957877196421,0.174939363248246,0.3308511863937458,0.1670106567362575,0.3292005967606823,0.3129652147122214,0.1782107481560904,0.1871043053503907,0.1320826950682085,0.1310130642090164
27-02-2020,0.0999401604975575,0.1685198041873709,0.314207648071675,0.1603053693498933,0.2606963937366209,0.2958414608112135,0.175272037772712,0.1767782828978167,0.128355064824643,0.1273010792775707
05-03-2020,0.1051736048230079,0.2502575919409142,0.3023870409098078,0.1586096276540237,0.234071914489656,0.2814961187678744,0.1756792574023444,0.1696456407590655,0.1272760160630065,0.127922464724223
12-03-2020,0.0891382,0.361714,0.3037699408012612,0.1943203573861044,0.193132,0.3156648950966877,0.1800420697235985,0.178,0.168399005876079,0.1688005877203885
19-03-2020,0.102086,0.372866,0.2941972717525948,0.1930313650108727,0.182317,0.3084739739094752,0.1771421441095965,0.251058,0.18004141688151,0.1697022474597735
26-03-2020,0.108581,0.332965,0.2853505231892924,0.1938808027282408,0.172404,0.3030666970757514,0.1751069534160003,0.369947,0.1910223707858226,0.1735203063435569
02-04-2020,0.102762,0.301345,0.2852827047627325,0.197097886276559,0.187256,0.299045822798662,0.1722813868069294,0.384371,0.1928882111297049,0.1792194975019219
09-04-2020,0.4013683820879374,0.8576708589290406,0.261704,0.120471,0.4445063679489248,0.3156956264895138,0.143461,0.353696,0.427418375751751,0.3264131102587406
16-04-2020,0.3852623960843724,0.8580027688765063,0.261298,0.130519,0.4431674939341092,0.3145777496018965,0.160387,0.374363,0.4379270098559801,0.340007183517497
23-04-2020,0.3755058836420416,0.8774061989771793,0.257289,0.158709,0.4649564919456956,0.3511715239052347,0.17851,0.369871,0.4549692928583487,0.3670683550258243
30-04-2020,0.3682511140358973,0.8683948138201139,0.41088,0.198022,0.4675555265404358,0.4505684268000686,0.185577,0.339553,0.4766758106224918,0.3720784733027734
07-05-2020,0.3745097707164482,0.9120319509023626,1.2657967876716338,0.5672272732112031,0.3676401945497188,0.9574821506906088,0.7115590084442583,0.332658,0.125088,0.3072034846259394
14-05-2020,0.3820616801090462,0.9857793903076364,1.423175808143312,0.5823693365980436,0.6771883528017523,1.0369813071064482,0.9083072940853396,0.325736,0.205742,0.3411254244223006
21-05-2020,0.3777665176505186,1.0535614343830086,1.2818327793069058,0.5483493358358478,3.1493153158943046,0.9375940552006462,0.7782704892048719,0.306769,0.293308,0.3621513814316439
28-05-2020,0.426140593378996,1.0172662741642604,1.155984247926943,0.5222317104393007,3.776478187480545,0.9041936009671806,0.7012361890443246,0.319339,0.364347,0.3780249033812704
04-06-2020,0.5529062186907067,0.976976122187556,1.0728852726203488,0.5382153795100956,2.846246783375733,0.895747424687882,0.7997097212365293,0.339037,0.79305,0.5328538265278518
11-06-2020,0.184854,0.6310940979414114,1.02397027324569,0.245627,1.8449,0.473572,0.491427,0.412059,1.01457,0.31088
18-06-2020,0.234213,0.6327032980477219,1.0145115153083175,0.236326,1.63518,0.501865,0.512356,0.48656,0.818004,0.299205
25-06-2020,0.281594,0.6404085093602363,1.0136807540656592,0.278835,1.44752,0.460918,0.560964,0.495161,0.6864,0.399232
02-07-2020,0.266589,0.6786783854494771,1.0102090576613865,0.30758,1.31508,0.434626,0.637374,0.675644,0.621278,0.469563
09-07-2020,0.26535,0.250354,0.450266,0.283326,1.25791,0.405532,0.629096,0.758623,0.575247,0.454794
16-07-2020,0.351897,0.268696,0.436829,0.277645,1.22112,0.483438,0.696865,0.663291,0.529827,0.438978
23-07-2020,0.390827,0.357563,0.544959,0.309666,1.16633,0.639087,0.720801,0.661259,0.48246,0.438686
30-07-2020,0.337792,0.902495,0.621891,0.407337,1.1774,0.945784,0.660455,0.656339,0.519233,0.589818
06-08-2020,0.32802,1.15085,0.56192,0.469016,1.21198,1.57776,0.614443,0.630021,0.568199,1.14509
13-08-2020,0.313784,0.905083,2.1156697874693613,0.799149,1.49775,1.71207,2.2322772459069804,4.001604160098224,2.6058720483260487,3.6711921631672895
20-08-2020,0.343115,0.836924,1.9744556210737727,1.11908,1.61737,1.38091,2.214008524494454,4.285947066405064,2.450773936156386,3.268855515976017
27-08-2020,0.455269,0.829936,1.7430781271960791,1.04977,1.39036,1.16734,1.850758396663007,3.733533679902667,1.988978525228844,2.690212281895872
03-09-2020,0.50854,0.760893,1.6296244268020892,0.949997,1.24243,1.09436,1.741327718086536,3.53078696905295,1.7899305277869562,2.3727958226861943
10-09-2020,1.448843423316095,1.770708614793559,0.403173,0.827867,1.9572519595644853,1.373667489136256,1.1391593626831125,0.742361,0.8011223299791882,1.4690186612396756
17-09-2020,1.1985078201424586,1.4025623375660805,0.430036,0.702997,1.6751600500492492,1.2864979592465582,0.9246172035279764,0.698842,0.7078827021763439,1.1263737721148834
24-09-2020,1.0787359853482128,1.2223121101859284,0.452203,0.612724,1.5007039521036982,1.205861632139516,0.8300167586085049,0.648817,0.6548055679242601,0.9586847398921954
01-10-2020,0.8549231211825912,0.9908771806119784,0.417501,0.660161,1.2936461629610003,1.0501604630019057,0.7478899484471053,0.643991,0.5806553501704743,0.8032854278702801
08-10-2020,0.4532831619486109,0.5133887857244201,0.386675,0.8019141496303844,0.849505,1.0290249638108635,0.4237597813340806,0.7219373313376903,0.354418,0.5480041408472256
15-10-2020,0.3850972398565711,0.4578722495200168,0.360868,0.6719957068751038,0.835628,0.912653221411233,0.3845245865924607,0.6341224494688218,0.337345,0.4871156965069624
22-10-2020,0.3419737632100905,0.4890128085573922,0.336634,0.578097509946963,0.761306,0.8022798068355054,0.3461896940470258,0.5672835816252532,0.30757,0.4343305232238531
29-10-2020,0.3161317835400129,0.5876697053668443,0.313708,0.5009599394605018,0.696009,0.6870292382669578,0.3117658003600109,0.503864384149336,0.283098,0.3791548672812151
05-11-2020,0.2949128140585431,0.5850760682000711,0.301204,0.450587252873617,0.631251,0.6209471078797624,0.2900459112626685,0.4588237484973285,0.261676,0.3472045401246663
12-11-2020,0.231646,0.6651359791813047,0.290358,0.5581724820766708,0.601705,0.480247,0.2777353386753265,0.3972242035016078,0.244913,0.271555
19-11-2020,0.21233,0.5657655959851342,0.272026,0.5645506269545506,0.576159,0.474478,0.2572791569345869,0.3577146425705148,0.228682,0.252948
26-11-2020,0.195228,0.5202395475646543,0.25428,0.5883358659042451,0.528804,0.437823,0.2367272150718091,0.3285713136978402,0.21152,0.235167
03-12-2020,0.179187,0.7812593821601762,0.236829,0.5022061155386571,0.481296,0.39801,0.2173095702476993,0.2998079099113818,0.195638,0.217175
10-12-2020,0.2410122052362271,0.734991399123219,0.221238,0.337509,0.4470992184981012,0.3714315794001228,0.2024434833716854,0.268256975857246,0.2013570598085621,0.2058324130463983
17-12-2020,0.2800256377349113,0.5674072762403386,0.208286,0.307036,0.4104266237157782,0.3430561837837098,0.1977328705921014,0.2488290538666882,0.188341151013666,0.1920789418229365
24-12-2020,0.2360101732698759,0.5195015726349024,0.196726,0.308231,0.380789856716722,0.318939071324219,0.1930963099491792,0.2330495101554859,0.177794003008533,0.183595919097845
31-12-2020,0.2108606764942538,0.4836379036722574,0.186191,0.306223,0.3556966149916015,0.3177375965365405,0.1823562489994798,0.2394918627491767,0.16994789487458,0.1762573563587709
07-01-2021,0.185717,0.426327,0.176819,0.277208,0.324525,0.306867,0.160999,0.2571576426322788,0.140575,0.160652
14-01-2021,0.171749,0.389245,0.168524,0.25457,0.304649,0.287496,0.156063,0.2474112596582278,0.133369,0.162652
21-01-2021,0.159811,0.359295,0.160378,0.236693,0.290573,0.277773,0.151094,0.249554331485148,0.126524,0.163503
28-01-2021,0.1495,0.333474,0.152855,0.221786,0.276185,0.275759,0.142961,0.2653676529773771,0.120544,0.153279
04-02-2021,0.156359041010702,0.339188116619888,0.1585632696491705,0.2212573623391573,0.261373,0.2688122754822917,0.136072749949995,0.242545,0.1152257851670749,0.1489106652094792
11-02-2021,0.1593493624786497,0.3247970227082775,0.156718296827723,0.2102916200971436,0.252096,0.2881209485307399,0.1296367110637309,0.221501,0.1103312353029429,0.1418252154674157
18-02-2021,0.1581620713329231,0.3027001222361413,0.1502555578013608,0.1995225820074921,0.24264,0.2987279614241956,0.1238974464102018,0.206493,0.1060307925851858,0.1352240897387021
25-02-2021,0.150024575356106,0.2854267120208224,0.1452690698009033,0.1909067933946647,0.23065,0.274095851587152,0.1187777165065836,0.194706,0.1020798993166695,0.1295152048649287
04-03-2021,0.1642195238512179,0.2959620687478318,0.1477527902006018,0.187050224730638,0.220339,0.2675249892492964,0.1151224050620576,0.185049,0.0987319639322986,0.1257723313417548
11-03-2021,0.145833,0.271276,0.208297849589592,0.1714067407403832,0.211589,0.264855,0.1433302709137124,0.213901872518441,0.0958834,0.1438692349620406
18-03-2021,0.142804,0.308586,0.2117886848026772,0.1663396114684513,0.217498,0.264275,0.1495988428008563,0.2085601641043539,0.14783,0.1469700827492646
25-03-2021,0.140348,0.34168,0.2119238896039662,0.1618965090316803,0.223904,0.287243,0.1567532575204142,0.2052634386273645,0.198358,0.1509792686446524
01-04-2021,0.134227,0.318584,0.2281288254468816,0.1621127610922008,0.234345,0.337865,0.1578319309012488,0.2048781449339888,0.268231,0.1607789847727508
08-04-2021,0.1834859663360017,0.313359,0.145086,0.149554,0.372372,0.344564,0.116408,0.4396803081973057,0.457285,0.169769
15-04-2021,0.1856361912686275,0.305685,0.141209,0.153587,0.47842,0.359419,0.115459,0.4491359615703756,0.508102,0.246723
22-04-2021,0.19286096735009,0.29045,0.147446,0.159766,0.456497,0.370335,0.112426,0.4602937359914804,0.546808,0.280711
29-04-2021,0.1917727072983195,0.506122,0.23033,0.259648,0.439221,0.389133,0.128282,0.4511846464929546,0.540273,0.268854
06-05-2021,0.1897282843720319,0.868543,0.291382,0.667535,0.522543,0.633648,0.228409,0.472788308530363,0.557833,0.354023
13-05-2021,0.2088889074548897,1.869797783286148,0.4648578856528191,0.797524,0.8646341405527296,0.805604,0.9280761890298376,0.6374571507508835,0.589982,0.8664458819149007
20-05-2021,0.2105474051170316,1.7390253820574713,0.4455119154612101,0.66297,0.8282927476374755,0.779223,0.8271213304428406,0.7041688989255859,0.629943,0.794386509919248
27-05-2021,0.2075647975895005,1.6498218729731953,0.4209314111265399,0.784024,0.7575618582800692,0.745926,0.7639267799357137,0.8062740178764315,0.645388,0.7406579588854114
03-06-2021,0.2281632401569182,1.5919623834780168,0.400673788567071,0.838812,0.716808172847425,0.715604,1.3268587115437258,1.7183361191138873,0.581595,1.4348867175890212
10-06-2021,0.158909,0.661502,0.20723,1.817223876014872,0.530765,0.736736,0.618045,1.10952,0.538507,1.00033
17-06-2021,0.517496,0.636968,0.77325,1.7013447883518968,0.571694,0.72857,0.485091,1.18572,0.511342,0.803423
24-06-2021,0.767815,0.869502,1.14524,1.659973369181555,0.708711,0.758745,0.872308,1.13041,0.488124,0.899998
01-07-2021,0.604,1.15535,0.866196,1.6800864548227277,0.820518,0.768908,1.24377,1.04483,0.469485,0.969054
08-07-2021,1.4266584548009649,1.15746,0.765291,0.574256,0.820244,0.727112,1.04849,1.6617569831924437,0.503333,0.841664
15-07-2021,1.3638597720170746,1.06827,0.782697,0.55651,1.09999,0.682975,0.885692,1.5173549269961044,0.535339,0.752842
22-07-2021,1.436344171444118,1.17478,0.883828,0.531063,1.20471,0.69739,1.0093,1.490730774872516,0.560549,0.702271
29-07-2021,1.4980363024046903,1.43921,1.23017,0.526504,1.13831,0.775845,1.24536,1.4181583544080965,0.653693,0.723461
05-08-2021,1.5713766701053995,1.45453,1.44289,0.768391,1.13147,0.778104,1.18608,1.4575624359085864,0.882482,0.992401
12-08-2021,0.600016,1.3109,1.51962,1.27618,2.9358359575960664,0.710449,0.996809,0.808233,1.3008,1.43831
19-08-2021,0.539563,1.29406,1.80708,1.31453,2.8254742661962293,0.639632,0.862816,1.15517,1.31842,1.60153
26-08-2021,0.481114,1.48065,1.87022,1.10281,2.406081725097246,0.582145,0.860126,1.36904,1.06647,1.44295
02-09-2021,0.488431,1.54305,1.79297,0.979888,2.1866094500004847,0.627618,0.884432,1.15756,0.917996,1.22188
09-09-2021,0.48454,1.5659,3.6753791957511,2.385062998334376,0.751824,1.2855163442689357,1.810830835372132,1.608850632544292,0.8987627556759734,1.15173
16-09-2021,0.502072,1.47861,2.994140082250404,1.859134181329393,0.715206,1.0962994401080148,1.463103036496801,1.346575468303337,0.8063904436904297,1.70445
23-09-2021,0.503523,1.26094,2.519580702351353,1.5782898230191609,0.70592,1.0092577183944993,1.284405119623988,1.198311114478544,0.7226905079167778,1.85858
30-09-2021,0.485405,1.10446,2.2262111808952607,1.295987987797221,0.69987,0.9096737214905182,1.1771086575529075,1.1171398831667234,0.6525032742738174,1.45424
07-10-2021,0.6243836620579968,1.0851535885401078,1.6529060888669698,0.8363616327053915,0.6985087346371445,0.6120870820947479,0.7483357630694005,0.642712,0.6106374478338334,1.23051
14-10-2021,0.5711925135862357,0.9572140034177632,1.6991443937229185,0.7190698232010905,0.6236649933183983,0.5808189826831062,0.6609397195383155,0.69532,0.5504300205327683,1.12404
21-10-2021,0.4895793507050294,0.8798005775455882,1.782175896336928,0.6231088928307363,0.5628753101719143,0.5475233695465819,0.5960138541469453,0.721404,0.4973845838392132,1.03126
28-10-2021,0.4190788048668062,0.8111071771159907,1.7535297649398691,0.5344888128262025,0.5083455722782408,0.4783547052210326,0.5334671067926948,0.625808,0.4462345307236134,0.903296
04-11-2021,0.3773503030103143,0.7306426611624428,1.5573941541973846,0.489831389453381,0.4666120666980304,0.4416351431309421,0.4826428390999291,0.557371,0.4100234101048722,0.804273
11-11-2021,0.4336191803824545,0.642001,1.21095,0.355756538773455,0.6134520918589859,0.5161799295570468,0.386517,0.515786,0.3703546596810378,0.723591
18-11-2021,0.3710457191960621,0.588131,1.07496,0.3283818470388445,0.520252817881635,0.4510699918752954,0.355987,0.477599,0.343002185293815,0.654226
25-11-2021,0.4463976694678807,0.538623,0.965945,0.3099577386105927,0.5480330226289116,0.4272671744570268,0.32752,0.439975,0.3213613538475336,0.592769
02-12-2021,0.5028079286691848,0.490569,0.862322,0.2910531487656591,0.5519743694190667,0.4494858279923434,0.299713,0.406043,0.293685564402596,0.534771
09-12-2021,0.3620604068465496,0.4653882155715965,0.773994,0.2812821697989786,0.3850031106169012,0.3484924897098735,0.2801084452111118,0.375545528667681,0.2705986698979474,0.4926400651001517
16-12-2021,0.3166921078635432,0.4298229190565423,0.703427,0.2649679558787862,0.3561378949855165,0.3092712143787035,0.2595887964962093,0.3464204759108242,0.252246331743247,0.4575612684434632
23-12-2021,0.2850456912070834,0.3980505315407043,0.645761,0.2477036247638879,0.3322216974396386,0.2860030769127789,0.2422349442838313,0.32136972380984,0.236611625226627,0.4274142730516387
30-12-2021,0.2626830362351091,0.376155713273532,0.595505,0.2336419020128393,0.3070866221229597,0.2674984364256784,0.2285194950643529,0.299917792670366,0.2226817635426667,0.3971930212717244
06-01-2022,0.2424399990961254,0.356398920003355,0.549788,0.2198071519840771,0.2857691333878858,0.2488408854143733,0.2171479353349684,0.2805781661123406,0.2091127923070321,0.3687287890718099
13-01-2022,0.2086871931668723,0.317421,0.514488,0.205797929361031,0.269797,0.231482,0.201356,0.258623,0.18919,0.337005
20-01-2022,0.1948075269706686,0.298549,0.489051,0.2001031303430716,0.260482,0.222106,0.19013,0.244401,0.178544,0.314344
27-01-2022,0.1826320902116626,0.283589,0.462417,0.1881755968518266,0.247533,0.213212,0.18139,0.244569,0.168918,0.294891
03-02-2022,0.1720178134136146,0.278314,0.433356,0.1786004035894508,0.234395,0.204858,0.173906,0.241717,0.160087,0.278303
10-02-2022,0.163965,0.3121882068520314,0.406762,0.166409,0.222685,0.195942,0.1717986956883059,0.226203,0.1545643241545375,0.2803763675843179
17-02-2022,0.160581,0.3218297940139912,0.386577,0.159163,0.211164,0.188099,0.1644197208504356,0.213973,0.147713005319664,0.2666905452204763
24-02-2022,0.155246,0.2981800495651827,0.36856,0.152478,0.201627,0.179306,0.1581054895238288,0.203089,0.1416332713339137,0.2548272838043077
03-03-2022,0.151196,0.2831192538149846,0.350137,0.146554,0.193163,0.171805,0.1539212716754811,0.193871,0.1386328835969152,0.2521947006968601
10-03-2022,0.1963726313090972,0.2930137114032393,0.373865,0.1982103329820173,0.2693908567181572,0.1677399928020748,0.141139,0.186209,0.132434,0.2771581009455254
17-03-2022,0.1931905147930032,0.2837396060445761,0.39647,0.1964853295882364,0.2682332636011801,0.1622140094753562,0.137992,0.179493,0.129515,0.2743337688781406
24-03-2022,0.1924056426568099,0.2773733809277692,0.376194,0.1969635214868622,0.269074585712682,0.1573666275051242,0.13975,0.175294,0.138019,0.273540986859814
31-03-2022,0.1937506980164383,0.2726994697511484,0.36304,0.2002835614923891,0.2726102512942058,0.153180837869552,0.140043,0.176119,0.15221,0.2713431954428036
07-04-2022,0.130993,0.222246,0.348146,0.125892,0.166886,0.146546,0.136125,0.2158967263597614,0.152194,0.3806040441993356
14-04-2022,0.14986,0.238354,0.33764,0.12296,0.18716,0.14364,0.133792,0.2244770476640543,0.147,0.3941702158262318
21-04-2022,0.167121,0.260573,0.349791,0.120247,0.25322,0.158379,0.132255,0.2156719745309215,0.146675,0.4098302376939167
28-04-2022,0.162871,0.331684,0.387288,0.117772,0.412506,0.182859,0.13077,0.212459212874702,0.169065,0.419465378474073
05-05-2022,0.15571,0.475091,0.429191,0.11572,0.472629,0.190886,0.169336,0.2119815943408166,0.188813,0.4412946780324435
12-05-2022,0.4849576836769045,0.595507,0.525988,0.2290771568414905,0.455894,0.188532,0.2447077404285767,0.191278,0.2816257216333878,0.594281274023758
19-05-2022,0.6290848492058803,0.636103,0.594944,0.3785229495464652,0.449451,0.404346,0.2353607598450866,0.263086,0.4736463795520119,0.608809818660521
26-05-2022,0.7295515130508332,0.582469,0.578421,0.5055328447137365,0.612825,0.577774,0.2191560718195278,0.344805,0.8381643900698785,0.5945422756217955
02-06-2022,0.733809933396865,0.526872,0.566391,0.4923253292583844,0.724483,0.693313,0.2113687770895415,0.342121,0.9151056808372332,0.5872335128010894
09-06-2022,0.7436371744312564,1.0856511672184,1.2760389255420082,0.8429047771553655,0.655662,0.774943,0.5744466126484022,0.444504,0.608872,0.209208
16-06-2022,0.7039041825749794,1.0922686074539558,1.3548183086997492,0.8805167512443545,0.673419,0.657668,0.6015136695940929,1.298,0.555322,0.217055
23-06-2022,0.7035181275301006,1.09366940275925,1.3837598952798549,0.8541783566161976,0.645257,0.59567,0.6870935273587664,1.8136,0.50767,0.222265
30-06-2022,0.7620021915802737,1.0963929611939285,1.3750290056283334,0.888519311723949,0.595965,0.628201,0.911896810498761,1.68459,0.562536,0.238996
07-07-2022,0.341947,0.468593,0.574336,0.309583,0.592896,1.1488314526127694,0.322252,1.50119,0.627647,0.6597739760935404
14-07-2022,0.582988,0.473003,0.624076,0.30749,0.573639,1.0521942973229723,0.413363,1.26385,0.585169,0.6842751416980233
21-07-2022,0.689582,0.470901,0.719368,0.465217,0.600942,1.0337316604330866,0.462073,1.12987,0.561317,0.7343125932927097
28-07-2022,1.11256,0.524339,0.824627,0.591009,0.666134,0.9660467454828748,0.439399,1.17227,0.566052,0.8377222030917002
04-08-2022,1.46685,0.52987,0.828973,0.677985,0.654067,0.9583954083067032,0.501257,1.29113,0.611394,1.0211247182544052
11-08-2022,1.38694,1.4268534616021418,3.296909669104304,4.891890593890308,0.814474,0.582605,1.94725977989787,1.72333,1.5895712114580245,0.468912
18-08-2022,2.37146,1.3805240380094868,3.297540541434276,4.315175424155137,0.881259,0.679853,1.877701583863131,1.82141,1.5628777297829517,0.452398
25-08-2022,2.6099,1.197998148861885,2.917935269300201,3.398576683811479,0.774683,0.654973,1.561317073111785,1.47074,1.3954146692359082,0.406707
01-09-2022,1.91157,1.154168625527375,2.772633094125681,2.9135328318587623,0.72904,0.576935,1.4329371157391293,1.26268,1.3136466564599674,0.37721
08-09-2022,2.588873669594643,0.416712,1.3126514915020555,0.537437,1.2128578480086658,1.4970358451123047,1.3086770409739272,2.423963644873189,1.6868417509191422,0.338733
15-09-2022,2.134259930193016,0.380395,1.0700677706001276,0.541785,1.047175590783119,1.2213146029934772,0.9800597960644526,1.9545182166106976,1.301273618612589,0.389083
22-09-2022,1.872421853429061,0.350726,0.9429977284179852,0.491163,0.9440994644005828,1.112823579895895,0.8681352175551518,1.69072159453626,1.1363910074228023,0.421004
29-09-2022,1.6148926050498285,0.367067,0.8708373984357967,0.46735,0.8431158047027586,0.9577826875242212,0.7246186788288587,1.430473362916084,0.9691817311793864,0.365287
06-10-2022,1.3851631910745603,0.429353,0.8498930510294633,0.437115,0.7564441671009534,0.8259826736600824,0.6111762640138598,1.223494875150304,0.8365542268337217,0.338225
13-10-2022,0.9467785002377768,0.5862746124336412,0.8912427094585382,0.39593,0.6694418737630953,0.4515716139882407,0.2736178576926298,0.8959907947919616,0.4696636029350794,0.3471738140341969
20-10-2022,0.8408726901463435,0.510063054428804,0.8153649996494808,0.356127,0.5910951319175426,0.4014502894876733,0.2590825631576775,0.805420540458312,0.4111393489275904,0.3158985322134027
27-10-2022,0.7400496672772412,0.5233701258387243,0.694121781956809,0.325237,0.5029042001659958,0.3563033889504101,0.243800332982686,0.7056890636076654,0.3563303228186454,0.2832917195365494
03-11-2022,0.6692843938942838,0.6361549181345549,0.6393841586910433,0.300075,0.4691294965068242,0.3493543913605114,0.2555856736276997,0.6396861070306173,0.3321675688640325,0.2610617298349388
10-11-2022,0.549148,0.478916146549673,0.6499954886406637,0.277351,0.336655,0.264596,0.238569,0.506751,0.251562,0.22998
17-11-2022,0.500928,0.4068318763685027,0.5517904218187909,0.255378,0.311782,0.246927,0.218432,0.467981,0.234183,0.213892
24-11-2022,0.458602,0.3603230747302866,0.5154043292886605,0.236016,0.289405,0.230284,0.199534,0.432708,0.217922,0.198743
01-12-2022,0.42968,0.32249825093891,0.565346139988594,0.217714,0.268404,0.213412,0.183108,0.397702,0.202059,0.184424
08-12-2022,0.4233274036011518,0.3152604714204219,0.4580863756256811,0.2078367518300122,0.254159,0.2091598037095959,0.1814504182865436,0.3805660744837734,0.1982035441298425,0.1736121717709844
15-12-2022,0.3911838619333925,0.2894190052690391,0.400188455054838,0.1940538658057502,0.243633,0.2431941498171706,0.173242956735289,0.3518949908783692,0.1916410708425283,0.1649965558412285
22-12-2022,0.3614724313860573,0.2691710908863088,0.3748671344784846,0.1821414832289618,0.229646,0.2672555939017397,0.1666465768850261,0.3271257583970726,0.179418229413466,0.1609026250405819
29-12-2022,0.3432325557477649,0.252977977018644,0.3599019717108416,0.1718652404954645,0.215485,0.2392387600390687,0.1582315175276327,0.3072771723104511,0.1704351530120565,0.1557981731387328
05-01-2023,0.3257443626420881,0.2367419688102288,0.3409539979625884,0.1618635763189088,0.202564,0.2197493543500871,0.1489551175405463,0.2883411206106359,0.1646630942645178,0.147790795692016
12-01-2023,0.285134,0.202048,0.319799,0.151824,0.191928,0.197571,0.139088,0.256372,0.1545,0.137717
19-01-2023,0.266567,0.190758,0.311102,0.148228,0.182415,0.189871,0.14224,0.242634,0.145776,0.130403
26-01-2023,0.25034,0.180163,0.289446,0.142711,0.173693,0.201366,0.138436,0.233444,0.13839,0.133644
02-02-2023,0.235856,0.17079,0.270207,0.137595,0.16583,0.211312,0.133823,0.225297,0.132145,0.136627
09-02-2023,0.2638145604492797,0.1848046876545587,0.2585286487292795,0.1485498941179222,0.1846573286803475,0.197561,0.1451026211733824,0.222085,0.126442,0.128925
16-02-2023,0.2730726939963379,0.1767508829936673,0.2456085207591744,0.1448857304237042,0.1766395180536041,0.184614,0.1378125279802335,0.222859,0.121348,0.122669
23-02-2023,0.2553665951292286,0.1707669422867631,0.2338574860095628,0.139416825190999,0.1713076364625751,0.174313,0.1327302388298117,0.215878,0.116756,0.117347
02-03-2023,0.2462388603896986,0.1723424846528021,0.2422510575706752,0.1389589669872554,0.1737166625417588,0.169228,0.134265817680148,0.206825,0.112724,0.112946
09-03-2023,0.2168679370990436,0.138817,0.282042361667475,0.1750134120213779,0.175080494584402,0.165089,0.2061858899912965,0.2226898099819756,0.109191,0.110433
16-03-2023,0.2081253161670719,0.140114,0.2715215270609256,0.174621778492482,0.1754923772945812,0.159286,0.2321922938467914,0.2161735402387402,0.106848,0.132569
23-03-2023,0.2133326095081359,0.151349,0.2634355863384179,0.1930062062092752,0.1771628209319058,0.157398,0.2265568081097891,0.2111921332743227,0.106151,0.151844
30-03-2023,0.2198551986337794,0.163472,0.2597522296016042,0.2113419072509413,0.1793155739299388,0.155398,0.2279850589232179,0.2074875219903586,0.105021,0.138871
06-04-2023,0.4876323633822379,0.163033,0.4667265374458461,0.124482,0.304627498219802,0.157039,0.116146,0.173682,0.103921,0.131064
13-04-2023,0.4870457150532412,0.155712,0.4730287087363219,0.123545,0.3096124570724102,0.193507,0.114937,0.169219,0.103531,0.143164
20-04-2023,0.4948609294913356,0.152904,0.4943457949329534,0.131504,0.3155371512596596,0.322554,0.113459,0.206449,0.115235,0.184475
27-04-2023,0.4891684918154724,0.278623,0.5020209970202562,0.141587,0.324539551755527,0.678873,0.11094,0.775722,0.164147,0.208743
04-05-2023,0.5033312129798461,0.39301,0.5133560618410502,0.175703,0.360280088774904,0.825609,0.179977,1.15709,0.486517,0.205531
11-05-2023,0.4173001631061194,0.414615,0.5783774026040728,0.6372312145832276,0.7226324012009225,1.139327863629589,0.5241079051803695,2.370519122818503,0.9297361549973958,0.3462283546106727
18-05-2023,0.4991649962181419,0.437286,0.9161930441230342,1.394329064385088,0.7136810938806273,1.116962063068937,1.4689744424266733,2.1462617049184614,1.4908093236686466,0.3400814220704363
25-05-2023,0.4857767190630888,0.440474,1.125493089595833,1.940628320142522,0.6988538299492143,1.149702608803115,2.1329121812545173,2.124416420254596,1.7683388384229004,0.3326376043007677
01-06-2023,0.5282732183264515,0.50819,1.0016941025588415,1.762471312309999,0.6967001067980012,1.0893186642697423,1.7547000022740031,2.126881691471501,1.3914498017840982,0.3211355297445156
08-06-2023,0.310024,0.521823,0.8933429008693428,1.4026791992787806,0.135568,0.547764,0.971546,0.75299,1.91362535186464,0.174699
15-06-2023,0.288479,0.477415,0.8619405410700298,1.3415614003674663,0.1401,0.56362,0.87052,0.777771,1.7388924220265176,0.168645
22-06-2023,0.274459,0.471231,0.8532225999554953,1.2777022727090812,0.148434,0.560102,0.819962,0.706419,1.6508526595288968,0.179755
29-06-2023,0.292596,0.478712,0.9201015314842108,1.260466360823247,0.15631,0.535568,0.78039,0.718602,1.7050388741296232,0.235965
06-07-2023,0.355726,0.487627,0.8996838409075706,1.2008831132656606,0.211349,0.517386,0.737027,0.825517,1.6909333987086166,0.273976
13-07-2023,0.4496093613057002,0.53785,0.363786,0.653434,0.4994605211233672,1.7011616238898073,0.721142,0.887433,0.644958,0.271598
20-07-2023,0.4724237002343291,0.625413,0.348359,0.770999,0.4630457816491106,1.8404586871483573,0.88833,0.884369,0.637248,0.460964
27-07-2023,0.5985153802851689,0.705231,0.44016,0.820916,0.4138485257344106,1.8552311491938585,1.06144,0.924488,0.6676,0.650334
03-08-2023,0.63932203082684,0.779547,0.740498,0.892138,0.4143279548239477,1.9077444270941024,1.05981,0.921778,0.793631,0.614189
10-08-2023,0.545878,0.968114,1.31838,4.112489132313608,1.2138903259315308,2.57539069292017,4.033989897527688,4.003375996788395,2.4054347682345902,0.561499
17-08-2023,0.554773,1.09054,1.38899,3.788721679006727,1.1710181507929842,2.319335768537268,3.7080547939224537,4.083676121803907,2.1981147519922453,0.53077
24-08-2023,0.603953,1.20574,1.15263,3.2335362583172285,1.0121690872846405,1.9220122153919568,2.995460977281124,3.604174117961805,1.866091192375552,0.652118
31-08-2023,0.618212,1.28221,1.09024,2.966069748874337,0.9988494970054363,1.7548680029879635,2.642451372681931,3.153700882120681,1.7516780873638544,0.740688
07-09-2023,0.551027,2.4713954723140112,2.129017140274912,0.63943,0.6461296256747404,1.0070989504518706,1.8821654201945408,1.6026302637984768,0.544041,1.8743226634706591
14-09-2023,0.709192,2.155492163057888,1.8695198216539333,0.723264,0.5934389323285613,0.8234407935231602,1.416076494378732,1.2958339399376793,0.623791,1.563752333017124
21-09-2023,0.794657,1.906339895891146,1.6865202307085068,0.798822,0.5450026933099372,0.742252118715109,1.1945367186566416,1.1689292952495394,0.712167,1.3384433425858542
28-09-2023,0.649797,1.567948084396706,1.381358536238522,0.708862,0.5044049102551214,0.6459316742085214,0.9950518543468904,1.020048280636228,0.674494,1.0960198276597044
05-10-2023,0.567919,1.286651708453051,1.1357916301962778,0.620308,0.4661052772353111,0.5978838574505054,0.8516974716537848,0.8940164043779322,0.605935,0.8947870816758273
12-10-2023,0.7645205967943962,0.7618422907616731,0.8444679467712888,0.8381245277226027,0.2547050329396256,0.279323,0.4718308693877345,0.5474636563137686,0.8213510885098991,0.5802923810877855
19-10-2023,0.6639960131882043,0.6688015960437416,0.7263588054316945,0.7196234608126192,0.2523130954776375,0.262351,0.4299458424660208,0.4967119830266016,0.7320605163405659,0.5008407665355684
26-10-2023,0.5571929635129217,0.594451807774601,0.6233981543275376,0.6045036971092808,0.2141158339661832,0.245779,0.3960808240208999,0.4474364291642935,0.6416093355977304,0.4325345014896512
02-11-2023,0.5070352833117676,0.5399331355829223,0.5636923783602942,0.5469505484521204,0.2005942663330089,0.230487,0.3731831725836614,0.4221572309843034,0.5654759700339628,0.4025678735202664
09-11-2023,0.5383398665899002,0.472002,0.4589947246267498,0.374935,0.165462,0.216449,0.31067,0.3680821532087989,0.4230027893264225,0.2982009377802618
16-11-2023,0.5271064244194774,0.43396,0.4148615283520454,0.344995,0.163683,0.203677,0.288291,0.3424294268992611,0.3808550605394576,0.2704589764791257
23-11-2023,0.551704919477372,0.397872,0.382643601592422,0.31822,0.150627,0.191076,0.267302,0.3178513155080526,0.3472537936613185,0.2497570482314017
30-11-2023,0.4912861959628829,0.368783,0.3511788207737235,0.292613,0.139397,0.178503,0.247339,0.2923309413836821,0.3166172098625003,0.2288089477951669
07-12-2023,0.3285513771001409,0.365733665594168,0.3267308107747643,0.2763391963620027,0.1319626163000782,0.1737174424422,0.242048341227619,0.2820381362120484,0.2994233869600677,0.2058390069052862
14-12-2023,0.2982165699570182,0.3392995233656677,0.3055822230951465,0.2572813228465246,0.1249834441852355,0.1638520219757315,0.2261101140116891,0.2640354404570733,0.2771009870311516,0.1918653891304457
21-12-2023,0.2744003762109655,0.3169266898466614,0.2866261583530809,0.2404988337635266,0.1187520793483302,0.1557820404270621,0.2126700718993876,0.2483399329564347,0.2580787786951322,0.180989204448526
28-12-2023,0.2537566803937448,0.2978253835638066,0.2714391244511001,0.2255348939250959,0.1131056183402955,0.1489337723243786,0.2010581409534023,0.234951150140238,0.2427514637312072,0.1719119560886144
04-01-2024,0.2358015016538155,0.2781318712528245,0.2561588937004468,0.211044830226053,0.1079310719293883,0.1413168428946588,0.2028224892831452,0.2216166089020078,0.229055110104565,0.1622189985986906
11-01-2024,0.218114,0.2425930865147102,0.2510004808531781,0.1935265176067355,0.102656,0.129244,0.2092660204928464,0.19551,0.201929,0.148316
18-01-2024,0.204804,0.2287259028197326,0.244895355881511,0.1825212356637142,0.0984815,0.126858,0.1967549016736112,0.186942,0.191075,0.140898
25-01-2024,0.19253,0.2175761915694974,0.2533736097876266,0.1729759427840994,0.0942916,0.123631,0.2316159592155475,0.179129,0.181388,0.1343
01-02-2024,0.181687,0.2091419853584959,0.2650194652968803,0.1646514373386342,0.0917425,0.118465,0.2574642008924719,0.171968,0.172153,0.128026
08-02-2024,0.187106,0.2227854309835544,0.2241741774977796,0.1736421553692115,0.0893635,0.1224170645812187,0.2110811527200517,0.1999055702622771,0.163974,0.1268929933829133
15-02-2024,0.191435,0.2316947957623998,0.210639519706141,0.1660279572781526,0.0878512,0.1177556450288191,0.1955378536060948,0.2145955523073834,0.156794,0.1217676182728284
22-02-2024,0.198269,0.2264601824466267,0.2010269238682554,0.1604682820526605,0.0883957,0.1141721965847067,0.1858532558040302,0.1981004091145464,0.150055,0.1176881654196297
29-02-2024,0.219201,0.2310621963691864,0.1944319562525361,0.160719819605178,0.0870808,0.1144310273660796,0.1804113876523517,0.1900736152477583,0.144326,0.119588925047915
07-03-2024,0.2829213403378473,0.211785,0.18623,0.138239,0.0842495,0.100619,0.161353,0.168234,0.141213,0.1582380554960271
14-03-2024,0.2900633763173185,0.230808,0.185711,0.141813,0.0828557,0.112434,0.156154,0.16329,0.140582,0.1561213699943318
21-03-2024,0.298283920548137,0.244879,0.198237,0.137676,0.0815958,0.124008,0.151652,0.308274,0.148227,0.1564900052908796
28-03-2024,0.28939558871381,0.231904,0.209688,0.133058,0.0811904,0.116453,0.164401,0.502805,0.16107,0.1679363785256866
04-04-2024,0.2781419999095489,0.223401,0.19969,0.129008,0.0809768,0.1187,0.219454,0.447978,0.1688,0.1745742632507216
11-04-2024,0.194355,0.216542,0.205279,0.128493,0.240460768910261,0.128631,0.25227,0.4373057938987441,0.4263155651209906,0.108987
18-04-2024,0.216,0.214554,0.214885,0.142139,0.2483985993590216,0.184214,0.259108,0.3960328759837914,0.4257123714228837,0.112481
25-04-2024,0.25606,0.533781,0.209405,0.22369,0.2378241011027863,0.724961,0.325574,0.4326130131998787,0.411683534570727,0.118788
02-05-2024,0.676425,0.796729,0.22418,0.306005,0.256154204982787,1.22596,0.350224,0.4625022145200681,0.4448224162303389,0.218992
09-05-2024,2.326235875838115,0.8763853086604881,0.278043,0.386365,0.7135954457198562,1.909572358685395,1.4836122905165523,1.1059217798263432,0.5366991529849454,0.306523
16-05-2024,3.319359653139517,1.226018054855624,0.300017,0.44068,0.698602064074072,1.8405522466114808,1.9346381489299849,1.339775583367352,0.5939319650969658,0.328633
23-05-2024,3.81663655433847,1.5425512138046795,0.280065,0.712844,0.7353448805906198,1.7523765562220106,1.7847570085702578,1.6222531228142971,0.57686125848683,0.437202
30-05-2024,3.286874847441953,1.4954824804871076,0.264477,0.89278,1.2240582086820162,2.669714422485205,1.7006531777094014,1.6287044104999249,0.6558207324219028,0.508683
06-06-2024,1.50952,1.36149,0.6414811982025712,0.759995,0.311849,2.21097,0.810824,0.560201,0.549129,0.518497
13-06-2024,1.68449,3.1309,0.6290436782687535,0.693517,0.280059,2.34052,0.739899,0.502704,0.686301,0.54148
20-06-2024,2.04156,3.52291,0.616859316011796,0.710308,0.26089,2.96091,0.87789,0.606393,0.610332,0.61642
27-06-2024,1.94632,2.68715,0.6315374527468398,0.695366,0.298708,3.31594,0.976262,0.744772,0.584076,0.705713
04-07-2024,1.69173,2.35473,0.6203644581250768,0.629073,0.352285,2.96469,0.872909,0.70241,0.589237,0.72324
11-07-2024,1.57839,2.07136,0.220646,0.577475,0.345157,2.4416,0.780896,0.624971,0.726837,0.684379
18-07-2024,1.60782,1.9648,0.216212,0.685974,0.40166,2.16036,0.762752,0.787149,0.747963,0.705528
25-07-2024,2.6035,1.8861,0.227494,0.794591,0.937754,1.94819,0.783462,0.893494,0.666148,0.720352
01-08-2024,3.13944,1.73948,0.264579,0.754971,1.38516,1.96863,1.02304,0.769289,0.621354,0.685316
08-08-2024,2.60123,4.065514722048912,1.718604598796046,1.693624762096623,3.249688652326753,3.0590410607342045,3.753088115192714,0.824743,0.645198,1.456844366651176
15-08-2024,2.30795,3.793274071883389,1.7067316058227815,1.6922043570392886,3.0634346680013635,2.924750885974075,3.395946417170008,0.853541,0.637164,1.3826615170116243
22-08-2024,2.11723,3.302603951520683,1.3893974069221209,1.5093474230528368,2.543944514206024,2.7081807031703446,2.9511368523992303,0.794462,0.604004,1.129408444016371
29-08-2024,1.96073,3.03952720886125,1.293827983247872,1.492659201740362,2.269738451622392,2.54864886771814,2.697974004348448,0.736372,0.589393,1.0156400454962595
05-09-2024,1.80825,2.746112251408449,1.217551438414211,1.455618660828524,1.983931660528692,2.3804789327551017,2.35526480369365,0.64924,0.636329,0.9571964139701468
12-09-2024,2.784289867795244,2.47235419607462,0.6682800658388719,2.1827260102973307,1.6853532697481302,1.39427,0.873071,0.653874,1.7853939551596074,1.4857812805412642
19-09-2024,2.520679879644848,2.1644685138275404,0.6542486785022897,1.949316325340967,1.516573251397663,1.30193,0.975094,0.647684,1.613000401675745,1.3507167231917774
26-09-2024,2.2301962735950616,1.827289847932413,0.6017504911888875,1.6128395260186956,1.2300173016376932,1.17525,0.821962,0.599416,1.4127823521685707,1.176395550562088
03-10-2024,1.961049514042802,1.5683388579527089,0.5732247855746578,1.3068575945313192,1.0235313192714652,1.06717,0.71718,0.586127,1.2222708774984647,0.997022103950394
10-10-2024,1.4749046436257751,1.0120490818462415,0.2730580403022425,0.5440046484818081,0.6348036565280415,0.993431,0.8019317428640387,0.564329,0.8380142004613539,0.5209026956541281
17-10-2024,1.2841743284242242,0.8972711966034613,0.2494403341573425,0.4908241180180176,0.5461739171136164,1.08338,0.7013649794205266,0.627874,0.6948587027073236,0.4415686324136725
24-10-2024,1.1087627404159772,0.8153048013478533,0.2468769786768333,0.4311940532156814,0.4618915901683337,1.10674,0.6061562218545297,0.641199,0.5492179378831108,0.3639968075698256
31-10-2024,1.1227217445555044,0.8917094405406181,0.262697301343821,0.39833188086161,0.4146848401673922,0.972081,0.5468149003177838,0.558918,0.4851441643086268,0.3360410395949181
07-11-2024,0.973479,0.805667,0.3896546581728837,0.324045,0.300141,0.875229,0.435901,0.512392,0.3072360643530366,0.228414
14-11-2024,0.872014,0.714948,0.3019265101003896,0.299082,0.279488,0.793531,0.399355,0.471479,0.282162925195099,0.216211
21-11-2024,0.778311,0.638098,0.386740617370688,0.291506,0.260521,0.721651,0.366599,0.438586,0.2606195456532662,0.202819
28-11-2024,0.701226,0.575198,0.508811588906225,0.279858,0.240927,0.653281,0.336872,0.403963,0.2400485641844675,0.191786
05-12-2024,0.6534703220057508,0.5364977086055666,0.3466491381323098,0.2583633122776786,0.241026694990014,0.6016036596902612,0.3185866597194688,0.3679707282496804,0.2385475199409458,0.271966915564222
12-12-2024,0.5976748127580879,0.4944876117508621,0.2849441224615814,0.2405723991294781,0.2243898975524051,0.5512891832937056,0.2961987128791373,0.3381041987344267,0.2234684064029128,0.3158099531842231
19-12-2024,0.5496166309317301,0.46706130452919,0.2592458151068221,0.224598709650364,0.2102899297089596,0.5103804296646672,0.278868047455989,0.3133436729180364,0.2110660300179004,0.2626985116313127
26-12-2024,0.5083721803562298,0.4399164924712599,0.2515924467095572,0.2103940408278718,0.1994690589277359,0.4744468100403721,0.2634241518740519,0.2924367456513194,0.2015315541895758,0.2396901229316572
02-01-2025,0.459139,0.394777,0.2242693494595574,0.2235754416366425,0.1728706493510919,0.4427818824799947,0.2668757821720698,0.2950429477091988,0.169982,0.21694
09-01-2025,0.430089,0.368128,0.2103756663901241,0.2121255239812124,0.1643282582275922,0.4115179668319121,0.2731863822029142,0.3053800134668031,0.160494,0.200538
16-01-2025,0.400982,0.349146,0.1984651191083534,0.2041774131349541,0.15651467299371,0.3837433701440155,0.290182593563123,0.3183983601860516,0.151968,0.186998
23-01-2025,0.375238,0.334508,0.1870439840196485,0.224954947012223,0.1496047389460518,0.3605353760339076,0.2827191097833686,0.3163201533248795,0.145406,0.175946
30-01-2025,0.3540379876016338,0.3302278770618251,0.204260408838631,0.2182876204460669,0.1505436119206167,0.3423573098906035,0.2357392026875371,0.2779758567376503,0.1406731995796011,0.1695065691322005
06-02-2025,0.3345013322711799,0.3138183827461033,0.217590965886524,0.2023498691187824,0.1467417147589386,0.32528854762922,0.2454568232565178,0.259059096924892,0.1348233139156296,0.1672512045253257
13-02-2025,0.3174029470103012,0.2989138606142522,0.1976452815671351,0.1902936442619656,0.1414803925410991,0.3096524354610802,0.2503508207379915,0.244775042710371,0.1294138330471693,0.1641731876940163
20-02-2025,0.301617910783864,0.2862692705715713,0.1843870051087892,0.1815613962170253,0.1379437867675074,0.2954825136419675,0.2316416887164926,0.2313901311008918,0.1246942693377932,0.1604107581755507
27-02-2025,0.2880398357138223,0.2782692493877289,0.174353335372032,0.1784874433825102,0.1389415067999308,0.2837835813536141,0.2209742588058265,0.2202728601087039,0.1216685173170197,0.1583206908459227
06-03-2025,0.2785566947803387,0.2983173735915272,0.2103581879262229,0.1970212828098562,0.1680686674414052,0.2829008664443476,0.212059,0.212692,0.160068516706241,0.236345869493359
13-03-2025,0.2684509027652882,0.2917111666402582,0.2210260122672735,0.1943140508377797,0.1711622224531616,0.2803718149906888,0.20886,0.205581,0.1601613192870891,0.2347695242459803
20-03-2025,0.2597498026053265,0.2876450073373902,0.2280840812645321,0.1933138141916627,0.1761482185432401,0.2708921884524013,0.19992,0.208364,0.162466302174068,0.2372012926456644
27-03-2025,0.2521883248419377,0.2885887297165173,0.2237881042695382,0.1956892417851415,0.1793685415660696,0.2658897994538964,0.1977,0.211106,0.165302458143443,0.2476324072357606
03-04-2025,0.3967776135365281,0.7319841866992434,0.164316,0.135063,0.4801370357809418,0.2490770837004423,0.19567,0.209003,0.283011356260333,0.132484
10-04-2025,0.4035580471463303,0.7498327460189453,0.160476,0.135151,0.4973829356228265,0.2418978186447515,0.188808,0.228177,0.2898850646929581,0.12888
17-04-2025,0.4328917986350656,0.7754422682344144,0.167909,0.157151,0.5314947586809471,0.2355436183816802,0.188863,0.278938,0.3379084162507181,0.301901
24-04-2025,0.4492715275235891,0.7757151775908444,0.173438,0.173859,0.5319702713072697,0.2597740304520579,0.218348,0.295461,0.3647408190367276,0.496657
01-05-2025,0.2784707597329433,0.6240364671449764,0.3806804377217683,0.7370973226488594,0.3968641823195271,0.626776172658642,0.416179098835885,0.3465956780225458,0.3952955674200685,0.852954009689555
08-05-2025,0.3232116683470264,0.6291150913327341,0.3840066846529908,1.1934412794396632,0.402524839368867,0.670564896133591,0.4960304529265609,0.3604200934949899,0.4895926854455308,0.8669110961981581
15-05-2025,0.5481445404665333,0.6290630896489653,0.6838283224583309,1.5000107357318926,0.4061207932450333,0.648302959941883,0.9176870122778418,0.7657631484612941,1.087162367155425,2.2937769639448264
22-05-2025,0.6589350209458941,0.6242962311280048,0.9026710729787896,1.308385946012444,0.6207602803801111,0.6520121260520987,1.1171274197007552,1.1923547430987749,1.3831360211148815,3.013102061460395
29-05-2025,0.6062807470109137,0.6806914803389066,0.8179019382700752,1.2864971674940324,0.8952975754257522,0.8032648191202935,0.9542956257655648,1.1503203360334684,1.162770616839587,2.4235051467075466
05-06-2025,1.1164531050537918,0.224224,0.423948,0.388053,0.303163,0.458055,0.52544,0.907903,0.614287,1.2906
12-06-2025,1.1050402161802353,0.407348,0.572089,0.377128,0.285038,0.631928,0.498242,0.809419,0.716382,1.16664
19-06-2025,1.1257945193529622,0.569046,0.663023,0.3977,0.472882,0.838169,0.544208,0.717539,0.794585,1.06108
26-06-2025,1.146943967079506,0.510101,0.586246,0.423452,0.618326,0.953425,0.616191,0.656924,0.734759,1.00068
03-07-2025,0.522818,0.598142,1.3501746659435203,0.393892,0.566157,0.921234,0.59621,0.64783,0.706639,0.982288
10-07-2025,0.516199,0.672384,1.213424291414562,0.501547,0.519606,0.779817,0.538401,0.700638,0.67814,0.970407
17-07-2025,0.649191,0.714167,1.155923953529981,0.736463,0.461394,0.865806,0.559439,0.794078,0.613811,1.326
24-07-2025,0.746994,0.720034,1.1268662840478565,0.778817,0.440821,1.03426,0.630954,1.06039,0.616222,1.60394
31-07-2025,1.4055603034534443,0.734029,1.8996361745501409,0.673683,2.2164205242857915,2.518761122012592,0.627805,1.14106,1.7937734061488122,4.332596602933222
07-08-2025,1.333372631020359,0.7399,1.6728188476644963,0.644676,2.3196762349615634,2.401359187951252,0.709705,0.995803,1.6108932529873372,4.147112477957521
14-08-2025,1.2930228883801502,0.694219,1.5444154968205095,0.945149,2.360795506237931,2.313912748520496,0.768484,0.907644,1.5203139419428675,4.187266378029894
21-08-2025,1.1331763696719497,0.739698,1.2881287089390063,1.09552,1.8772812162649344,2.0287630964017085,0.679305,0.846232,1.3612720366994957,3.9745504425341593
28-08-2025,1.0464479577733636,0.837918,1.1947528748832152,0.941322,1.5660305363959353,1.840984814423519,0.596266,0.90287,1.298821998529765,3.905399210819388
04-09-2025,0.445803,0.875019,0.9600142805583728,1.9277027073406383,1.0979891376141842,1.7878989155107972,1.0459923009924486,0.896542,1.5466040699890031,1.41759
11-09-2025,0.512729,0.928691,0.764738773921346,1.5285654039687038,0.8473798932215637,1.4917428318424126,0.8935194088814329,0.961153,1.262536228317357,1.36596
18-09-2025,0.557025,0.877741,0.685920342845387,1.3175897810831605,0.7273872563730528,1.3046648306545665,0.8103421329320529,1.02704,1.1568355518292657,1.32754
25-09-2025,0.490811,0.738103,0.5990884308260055,1.0825743364214515,0.6455742444927369,1.1304799343057068,0.7178013609439227,1.00757,0.9625863957199818,1.25071
02-10-2025,0.5688528924967073,0.9920637632063928,0.3098898873429831,0.7823486584709956,0.287458,0.4891842633891788,0.4372502941323529,0.9505941811608392,0.5203878864317644,1.33460520748466
09-10-2025,0.5212969808722633,0.8443889503704682,0.2826458076329311,0.6719632935522044,0.272306,0.4510850623469951,0.4496556687837497,0.813799429403214,0.4386352424353135,1.201384585960634
16-10-2025,0.4677289035082802,0.7231559787562433,0.25636719692149,0.582259554332802,0.263873,0.4176965182483509,0.4559485017490253,0.7205585355589541,0.3813446088403445,1.057171871595716
23-10-2025,0.4150329846036362,0.6991785410937607,0.2280737653593569,0.5013591575315016,0.250559,0.3874836105144689,0.4027708869785926,0.6454858939400498,0.3336381483970101,0.9156023094138236
30-10-2025,0.689481119583263,0.8897422131040578,0.178669,0.351672,0.236348,0.357137,0.342319,0.583852,0.229542,0.75496
06-11-2025,0.7998609200206921,0.8344101837375748,0.168441,0.324191,0.226426,0.332912,0.314169,0.54019,0.214701,0.687365
13-11-2025,0.6394521348096812,0.7012581756619481,0.159342,0.299232,0.215217,0.310835,0.290827,0.496428,0.20081,0.62594
20-11-2025,0.5720956681574336,0.6684970072512065,0.150662,0.276799,0.202006,0.290839,0.269328,0.45362,0.187836,0.57015
27-11-2025,0.5049054170805469,0.8459887430364353,0.141836,0.254774,0.185495,0.270733,0.247966,0.413689,0.174968,0.518131
04-12-2025,0.456638,0.756893503645907,0.1473186719766667,0.2479611764180652,0.1781418867493911,0.2737107029643303,0.2531825984448865,0.3906254095445115,0.1797981262296967,0.4882861377618911
11-12-2025,0.501965,0.6180232306880467,0.1397836483773128,0.231942734538963,0.1675246784076392,0.2571063400735818,0.2361841999997858,0.3607166835725106,0.1698216915545061,0.449135961284588
18-12-2025,0.425816,0.543153485399197,0.1340423567529432,0.2187823782682982,0.1614352862456784,0.2441493411925224,0.2221977816031343,0.3344292893893608,0.1618152355409111,0.4308384544543486
25-12-2025,0.379666,0.4884679445888722,0.1297507511834163,0.2072618485328312,0.1550831268077687,0.2334752607374332,0.211289312534049,0.3129497270187391,0.1568821040569824,0.4147423384823727
01-01-2026,0.3638123608173176,0.4268135391619541,0.176908068762084,0.1823018845092824,0.1461530478573866,0.1990176335312803,0.175392,0.3281105042427016,0.1350003757279062,0.403161
08-01-2026,0.3508407803995927,0.4023617925401271,0.2058026852871873,0.1917428145750375,0.138781969213601,0.1889081050764173,0.165919,0.3206637756871103,0.1282214798649135,0.401711
15-01-2026,0.3252474269779553,0.3801220576090392,0.1779465625204513,0.1983394308909766,0.1320824431884807,0.1806473586630498,0.160203,0.3018709846642365,0.1223516645304529,0.368562
22-01-2026,0.3004053148096116,0.3517548377462902,0.1718350710330987,0.1829589121198863,0.125951266263945,0.1750603991013537,0.154778,0.3609114878829497,0.1172355001123273,0.342016
29-01-2026,0.3070856710226847,0.340768277932451,0.1402119492802891,0.1789569298182081,0.127677833940271,0.1693360323343684,0.161194753492484,0.357892339124303,0.1178795233374276,0.3286662981251087
05-02-2026,0.3053949660151553,0.3334629140263433,0.1323917968285218,0.1710805796460736,0.1247265564772727,0.162195103992439,0.1594559408042659,0.3164688705354342,0.1152915172344813,0.3111524274556195
12-02-2026,0.3003576837308446,0.3269395767639086,0.1260392456301887,0.1631351340890546,0.1196246842134487,0.1560870663370837,0.1555935027344626,0.2911359849617832,0.1109237187232496,0.2948736057912471
19-02-2026,0.3783001006643628,0.3111328673752438,0.1207853652223533,0.1565396223312062,0.1164682923820284,0.1538579345453549,0.1502111919420878,0.2777470095307861,0.1074179762209247,0.3061809069838704
26-02-2026,0.4535043922549582,0.3012254313002389,0.1177194690761802,0.1592895687508012,0.1194301519214278,0.1534175003983266,0.1519759606184901,0.2846663567891744,0.1112234388889972,0.3249316211027044
05-03-2026,0.353799,0.260916,0.151484865961565,0.2194027601407751,0.0940526,0.1728062490332468,0.1433554589703468,0.4104569084859146,0.100676,0.3636201460527478
12-03-2026,0.325547,0.257009,0.1507639296234585,0.2165038576197835,0.150907,0.169547482390459,0.1403406588983684,0.3974300893095598,0.0974129,0.3540024692146967
19-03-2026,0.458225,0.309169,0.1525374089467792,0.218156381937492,0.203326,0.1832690096515283,0.1391905306553234,0.3921475708013291,0.304539,0.3477302728537652
26-03-2026,0.613277,0.354454,0.1563062894571371,0.2295246092387493,0.250456,0.1958170979422668,0.1410052917335097,0.3929417694834378,0.545097,0.3415798935265159
02-04-2026,0.9265989194112856,0.4456731768367274,0.4338487462688388,0.137405,0.407932,0.156952,0.125129,0.3593163959932942,0.439458,0.248994
09-04-2026,0.8529267224067636,0.4250886546726754,0.4535080783879702,0.133654,0.426138,0.157036,0.12633,0.3713948855101686,0.376976,0.240138
16-04-2026,0.8095677988340739,0.412623115168491,0.5034911533882794,0.146664,0.345661,0.176408,0.122359,0.3930493753453982,0.352969,0.338108
23-04-2026,0.7804095766421293,0.4724647201134939,0.5111936059490836,0.166817,0.326652,0.210614,0.188217,0.4151532477853111,0.360714,0.546691
30-04-2026,0.9374328810493334,0.6685916789860379,0.2744103716039479,0.6478720109089309,0.8430606645578156,0.3826069438848708,0.4829545468476379,0.616717,0.381512,0.9872233597202656
07-05-2026,0.9052331460709172,0.6328567071820886,0.3126368012930179,0.6514973935426766,0.9304815295268664,0.4105712626820221,0.6347654044494935,1.07842,0.533033,0.9737418662113192
14-05-2026,0.8955158997613627,0.9771485382108904,0.4935310049570103,0.6329806839036446,0.8569193988794974,0.4511819805901191,0.7928847599399192,1.11713,0.644212,1.2771914790749426
21-05-2026,0.904620421765142,1.256920109019186,0.5768876417042466,0.6115272247730524,1.4900465465448989,0.5717384113406577,0.7263484459977567,1.00499,0.617636,1.4013534538915942
28-05-2026,0.9722677673572672,1.1057129536074597,0.524332231125531,0.5910822192939889,2.429082337919267,0.8044305432938541,0.8668765357054236,0.852463,0.59011,1.3430234599340207
04-06-2026,0.444249,0.58354,0.24566,0.197258,1.68405,0.558474,1.1687052531583737,0.776226,1.3692033061731967,0.789316
11-06-2026,0.512404,0.53395,2.77768,0.231804,1.4865,0.532936,1.0673188083978755,0.737119,1.3060477833884536,0.716907
18-06-2026,0.571172,0.635049,3.50769,0.213674,1.78943,0.465656,1.0281455268674546,0.691974,1.2359734257151676,0.653869
25-06-2026,0.547061,0.71284,2.47346,0.200882,1.95308,0.42119,1.1025059278768894,0.647786,1.2476500759513385,0.615336
02-07-2026,0.527378,0.681731,2.07389,0.8859592308243586,1.6285,0.390634,0.5665569690312983,0.6921678828436955,0.7734664555027324,0.594912
09-07-2026,0.492722,0.677541,1.71376,0.8045932827345585,1.41643,0.366795,0.5254059470771798,0.6662473665224894,0.7166355616288147,0.584081
16-07-2026,0.484525,0.669671,1.68925,0.8005194602681767,1.69599,0.343343,0.6643566332746388,0.6513182081101043,0.7405174365962535,0.702438
23-07-2026,0.625897,0.858738,1.72931,0.7663966545635628,2.05166,0.323091,0.7468257759798655,0.6605245212948729,0.7320299326779194,0.852443
30-07-2026,0.761265,0.959508,1.62673,0.8012785109861772,2.10494,0.356575,0.6453400845158167,0.6921243202462652,0.7159730519721941,0.929691
06-08-2026,0.797618,0.871937,1.54993,1.5180611820617862,4.1410975098134095,1.9555452802891664,0.700643,1.1469,0.381073,2.156077698340619
13-08-2026,1.61431,0.946543,1.47517,1.5703178322629652,3.8640790810909023,1.7708695911585692,0.749305,1.59356,0.402968,2.065209378371648
20-08-2026,1.93121,0.989039,1.48304,1.252740763182474,3.390941397748533,1.4857530358476192,0.642379,1.53673,0.433653,1.7999170980703358
27-08-2026,1.71451,0.908883,1.40735,1.1988421580194757,3.1359936128199712,1.393211438464101,0.633339,1.61636,0.43457,1.6543024784279416
03-09-2026,1.65789,0.864913,2.110665847419496,0.4696733182333636,2.1155061542498466,0.7105425864452761,1.1576546602099111,3.9993635292545706,1.6401445094361833,1.2129338888685288
10-09-2026,1.76688,0.990812,1.7668159501966552,0.4074925201969839,1.8091338471000555,0.579629032544048,0.9692830789967584,3.1653378248125943,1.2892908451779557,1.04501142986365
17-09-2026,1.94662,1.01732,1.5567482855490358,0.4107071782628918,1.6223259806350383,0.5259736797202886,0.87852439605057,2.611280235169951,1.1763871103998425,0.9621744462279648
24-09-2026,1.94809,0.865124,1.3458130924810905,0.3832737624980875,1.407933890469641,0.5210784442330045,0.7876969341708513,2.103856123626256,0.9888957707192316,0.8650711872779899
01-10-2026,2.2314299605936,0.791521,1.0720025360244372,0.2071375030679098,1.0613701721577529,0.2587571792666009,0.5642581528163775,0.958361,0.4241767326751133,0.5600071406309295
08-10-2026,1.8596865259264987,0.739279,0.9339599983403032,0.19207221777681,0.9410905903646262,0.2394696278872823,0.5018264365236654,0.912024,0.3785417583449456,0.5101213563624362
15-10-2026,1.5482300252338537,0.665352,0.8171330715572547,0.1755335090451769,0.841689896667341,0.2239521831191076,0.4459431926071071,0.8479,0.3870428901255591,0.4654479436204985
22-10-2026,1.2882509905923616,0.597664,0.8305983121252185,0.1502800679425228,0.7500048254097608,0.2080382906385948,0.3898647106561118,0.768155,0.4045622616962008,0.4219967201242629
29-10-2026,1.1298510094972745,0.544693,0.8549393391054666,0.1463580109866714,0.6836798803087,0.1958876952623908,0.362519532036791,0.694795,0.392210223242113,0.3915900475409508
05-11-2026,0.9165698608055072,0.8240318569712369,0.8248125256887902,0.108915,0.7408968472403961,0.188158,0.2721912844956651,0.636217,0.334506,0.341163
12-11-2026,0.8283773706429098,0.812147869800458,0.7166451259930918,0.103547,0.6494586460396472,0.181969,0.2512617365611427,0.581555,0.309814,0.317005
19-11-2026,0.7507049030415203,0.8228039906646609,0.7104319856419787,0.0985659,0.5956507835206462,0.170843,0.2336459201923315,0.529798,0.285809,0.295585
26-11-2026,0.6757886249608582,0.7101454427968555,0.6897936219278892,0.0935337,0.5759820756585461,0.159754,0.2165114067701737,0.482504,0.257582,0.274452
03-12-2026,0.639783203337706,0.5072604916703889,0.567775777956116,0.0985413032941841,0.4643279763352335,0.1749701800826872,0.209075396806081,0.4521006328863769,0.2487286544615184,0.271990119548188
10-12-2026,0.5851918046436542,0.47188778498276,0.5419522091377202,0.0939187902589141,0.4257847238610889,0.1652887807832991,0.2073413656835649,0.4173890778850375,0.2293224593565523,0.2588232349147544
17-12-2026,0.5397733725121192,0.4502941185908966,0.4919349097458378,0.0905688824960084,0.3987375697910636,0.1587333087115954,0.2069859163395736,0.3879507345970996,0.2145499667958367,0.242984599304167
24-12-2026,0.5033746476706915,0.4577055819822852,0.4634334211668388,0.0882905954576847,0.3733028700478453,0.1545643374412043,0.1958251991381159,0.3625307631743061,0.2026051387784458,0.2296209143543921
31-12-2026,0.4418727307256911,0.4006451102486981,0.424745,0.0746837,0.3463834717042216,0.121312,0.1807337261383828,0.3699223883817887,0.174927,0.206396
07-01-2027,0.4127190861942384,0.3670071799186641,0.397142,0.0720896,0.3216715521339832,0.11738,0.1711009691848581,0.3550243139839837,0.16461,0.199034
14-01-2027,0.3913143023234454,0.3392509545002416,0.377485,0.0695377,0.3028371286934762,0.114782,0.1624482709738327,0.3414068772510955,0.160427,0.190034
21-01-2027,0.3711978264792457,0.3172160798395153,0.354374,0.0672074,0.2871027289195405,0.112383,0.1545205000134347,0.3829894188796463,0.16045,0.180991
28-01-2027,0.3483697382918516,0.3069512751726369,0.3353768134543576,0.0651179,0.2878642427371539,0.108799,0.139097,0.3707936984464087,0.155491,0.172574
04-02-2027,0.3288209019374054,0.2920014592002491,0.3152375218875156,0.0687442,0.2744247977608004,0.104674,0.14286,0.3362332880660633,0.147987,0.170291
11-02-2027,0.3122610097416538,0.2770369171181338,0.2978727727163404,0.0749368,0.2609168822203541,0.101402,0.15211,0.3128809099098557,0.142295,0.167812
18-02-2027,0.2978601440976851,0.2650510422648877,0.2829105311778184,0.0729064,0.250662842291296,0.0985505,0.147951,0.2956566799951827,0.136606,0.160062
25-02-2027,0.2871317363089522,0.259867848337845,0.2716699205853488,0.0694863,0.2462235710249926,0.0958085,0.142458,0.285393876760175,0.141975,0.158372
04-03-2027,0.3672065968381404,0.231664,0.2536518935498306,0.1189179229901976,0.2496442435237252,0.106106,0.1582255167947955,0.251536,0.146725,0.205876
11-03-2027,0.3618834612174691,0.240355,0.2441444237197724,0.1208494008805846,0.2455218530160559,0.119031,0.1544470318810623,0.270308,0.140653,0.240722
18-03-2027,0.3603190272855793,0.267543,0.2353759901118945,0.1265823629035455,0.2448670668589098,0.11397,0.1514258737907237,0.288217,0.137704,0.213841
25-03-2027,0.3669705327197853,0.276672,0.2352831500396237,0.147070376269521,0.245343997745693,0.109138,0.1498433088651226,0.272626,0.169807,0.199293
01-04-2027,0.241364,0.259375,0.4140918712246862,0.0820628,0.186116,0.105626,0.172509,0.260435,0.23706,0.190698
08-04-2027,0.234301,0.246796,0.4125475940397087,0.0777862,0.186,0.119493,0.219286,0.249664,0.244579,0.185327
15-04-2027,0.229145,0.255884,0.4144468419187105,0.0913214,0.185351,0.1424,0.194798,0.27315,0.270602,0.219614
22-04-2027,0.224506,0.377711,0.4241953037231762,0.102769,0.209028,0.148346,0.181739,0.336304,0.289153,0.30104
29-04-2027,0.288968,0.460213,0.4989948925711673,0.24109,0.294903,0.144083,0.176255,0.567627,0.256746,0.332329
06-05-2027,1.4770010131302735,0.406325,0.3595484505530008,0.5919360483927604,0.7591451009352985,0.6084253730603653,0.181107,1.46768,0.2498274164540671,0.6635979883843527
13-05-2027,1.5287233849318682,0.729268,0.6451984355456656,0.5713492496670028,0.7238295152814831,0.6776849480343469,0.209801,2.10962,0.2382385160028598,0.7097229783679468
20-05-2027,1.5364501748035166,0.949596,0.958681799335374,0.4702556139997197,0.7766693591130089,0.6235861067502221,0.224266,2.07515,0.2337761865712578,0.8222209955900179
27-05-2027,1.4635154608943344,0.78295,0.8784089282301402,0.472905699603192,0.8793669999036164,0.5866711629443888,0.218839,1.87812,0.2860698264165157,0.8893386115843287
03-06-2027,0.307665,1.847459617091924,1.3155251380149673,0.7723966032690535,0.450138,0.201895,0.225519,1.59976,0.335571,0.431771
10-06-2027,0.545006,1.737320204516818,1.2663137720952793,0.7064409932626394,0.476616,0.227713,0.235343,1.40056,0.327225,1.39889
17-06-2027,0.813368,1.6803750631603855,1.2347698965834262,0.6580274367257215,0.415255,0.215826,0.252638,1.40285,0.298494,1.97518
24-06-2027,0.719841,1.6894587658143871,1.284745793328984,0.6704177119425758,0.400338,0.210677,0.828,1.37047,0.310685,1.43211
01-07-2027,0.619677,0.8426996778882623,0.581906,0.403792,0.398175,0.226984,1.19986,1.26065,0.321152,1.22872
08-07-2027,0.561551,0.7980626434447122,0.769801,0.531272,0.376342,0.250679,0.889399,1.2061,0.309941,1.22216
15-07-2027,0.550733,0.7536116833102133,0.904125,0.629391,0.493313,0.361121,0.745731,1.62966,0.350642,1.48611
22-07-2027,0.693114,0.7223740354476742,0.872465,0.966447,0.836516,0.427243,0.683703,2.03107,0.39854,1.54471
29-07-2027,0.845634,0.9409024430455804,0.896036,1.11079,0.924779,0.362595,0.655299,1.81969,0.422529,1.30701
05-08-2027,1.24456,0.826702,0.835868,1.30058,2.466364185040024,2.3129932950397807,3.554039109022192,2.13681,0.5019690783951699,3.231761599185403
12-08-2027,1.72705,0.754493,1.04435,1.36182,2.212552643994072,2.062613012500341,3.338984208332725,2.26811,0.4590765513191732,2.968601212657507
19-08-2027,1.70395,0.684944,1.28746,1.23073,1.8850662301708736,1.6245448072912836,2.5437205795874034,1.97524,0.4258403516413115,2.520443504315
26-08-2027,1.46599,0.716467,1.17006,1.21938,1.6994251709305486,1.4403640135131277,2.189970268655093,1.76707,0.435487842413482,2.2736265003028606
02-09-2027,3.690073108674788,2.644766859494524,2.394394686824305,2.0678477228369503,0.583092,0.5003132815977154,1.3354004455333608,3.395557936191743,0.356983,0.796958
09-09-2027,3.06797703409627,2.232287557679743,2.056232095689125,1.744768987419243,0.597688,0.4360027559698293,1.0056126086439057,2.926184404165421,0.40423,0.742167
16-09-2027,2.689870555542404,1.9554301022132312,1.817314140997772,1.4759089813326784,0.539153,0.4302959611666305,0.8722885329698049,2.689433205895999,0.424271,0.680511
23-09-2027,2.2247210107260003,1.5690209749159765,1.5312266021269707,1.2042018264596663,0.511038,0.3958501384478915,0.7379595690341276,2.3224424173485163,0.379264,0.623592
30-09-2027,1.1151807711252673,0.6495657782963361,0.9224741200925324,0.7885429805966881,0.5242740595173968,0.194531,0.4464632781976174,1.3684031835833503,0.4656402771993996,0.8808375941030733
07-10-2027,0.9613222052881404,0.572477052032645,0.8911058572624612,0.7013703315953738,0.4775849402649132,0.18488,0.3985793064643509,1.18592006512411,0.4320133115690363,0.7898564153850303
14-10-2027,0.836953218097326,0.5148118801663368,0.8589792580702413,0.6290922126581573,0.4390230885655728,0.17796,0.3586963361251168,1.03787238909967,0.3695371645088834,0.6955963369267967
21-10-2027,0.733392003566923,0.4645605732123667,0.7401893191035576,0.5533462196513914,0.3961993248692866,0.170659,0.3155347917699964,0.9078533513738972,0.3190433536375163,0.586879403606305
28-10-2027,0.6668772652485506,0.4326175122526678,0.664468516418938,0.5106873210135042,0.365627991093495,0.159535,0.295398285087528,0.8221725686952285,0.2904499110392552,0.5434688164711785
04-11-2027,0.5580911114772782,0.5931134825996567,0.6871722317847508,0.444828,0.314118,0.1556300270289044,0.214568,0.6998100034449716,0.239267,0.418511
11-11-2027,0.5308344039661665,0.5250039364295719,0.6028809032986759,0.406966,0.290297,0.1435674034364029,0.201523,0.6383274049367775,0.224255,0.386099
18-11-2027,0.4839667434581049,0.6309046253070374,0.553151232061072,0.371883,0.269369,0.1349502865869992,0.189188,0.5865870025344441,0.216069,0.360162
25-11-2027,0.4413924837532493,0.657780227033558,0.5224606674929619,0.338673,0.248523,0.1264323310778068,0.176458,0.5357966888728355,0.20262,0.336293
02-12-2027,0.4442183525846442,0.4558572109177244,0.4231257889248559,0.3257810901149691,0.2471659282026104,0.1192422512344095,0.1745529297998018,0.489573829249969,0.2068677949642841,0.3199130283398099
09-12-2027,0.4148913167147312,0.4249045417212944,0.3867567389115015,0.3012995752329364,0.2309135796924429,0.1128450963612421,0.1642974336928448,0.4580385632603787,0.2010405240909928,0.2994681030572261
16-12-2027,0.3863572524816975,0.3836768291004584,0.3576929390551097,0.2789524490703344,0.2189207486154304,0.1087507983204326,0.1555201537624442,0.4280894776976953,0.1889944532932748,0.2811710315976852
23-12-2027,0.3658122019375709,0.3544390729148696,0.3398365395880304,0.2611236265438607,0.2092664171472837,0.1053599856647711,0.1481972900918553,0.4005608403498474,0.1777979609705861,0.2641390870022705
30-12-2027,0.3447447241107566,0.3275577271142697,0.3221729712058886,0.2445175158072239,0.1973081005861492,0.1007092753740907,0.1403294104160239,0.3757743819397365,0.1661967443990177,0.2490427655408803
06-01-2028,0.287031,0.2807912922873667,0.291187,0.218804,0.170395,0.1126252509879428,0.125898,0.3455474484513129,0.145665,0.2573190028681951
13-01-2028,0.271087,0.2624838561442126,0.273499,0.20888,0.163261,0.1090082370622852,0.121855,0.3340125257016456,0.140502,0.246022242569157
20-01-2028,0.256899,0.2463169969416821,0.257733,0.196675,0.155507,0.1543117328122109,0.118965,0.3268825186359315,0.134305,0.2726948891187896
27-01-2028,0.243655,0.2331576262659198,0.243342,0.192686,0.148265,0.1969232886874836,0.116165,0.3112102602023955,0.127663,0.2959777219484776
03-02-2028,0.232058,0.24574180471915,0.2383995780253347,0.189558,0.1483359927175132,0.163403,0.115159,0.2948146633961399,0.121599,0.2402868417322458
10-02-2028,0.221864,0.2345546503401409,0.2273021852865545,0.17997,0.1440434471499301,0.16559,0.113953,0.2824739122532981,0.116283,0.2283294316450247
17-02-2028,0.212474,0.2259761462563616,0.2177691469382959,0.171304,0.1386085304503773,0.146431,0.109417,0.294971772400575,0.111645,0.2153836072569253
24-02-2028,0.208253,0.2245407037601444,0.2109476332556327,0.16393,0.1352263473829194,0.135171,0.105794,0.3070889749554902,0.109079,0.2093665986689199
02-03-2028,0.2199483642331368,0.183567,0.2315058788669791,0.1575,0.124955,0.1924601504963142,0.106794,0.283046,0.10682,0.194119
09-03-2028,0.213738292527061,0.193883,0.2289999379591942,0.161281,0.121018,0.1896399681953338,0.108302,0.331535,0.112443,0.186856
16-03-2028,0.2086128766657266,0.222221,0.2280406760035716,0.201771,0.181246,0.189679735822048,0.132372,0.370516,0.132766,0.17993
23-03-2028,0.2048063937289927,0.254038,0.2265105583717759,0.225622,0.263118,0.193912049923777,0.157054,0.337499,0.163162,0.193875
30-03-2028,0.181949,0.431035,0.173931,0.2880763513410997,0.292742,0.109206,0.18683,0.5642018673420781,0.174915,0.267073
06-04-2028,0.186042,0.523066,0.169534,0.2753706623386983,0.387165,0.135428,0.22821,0.5566694807012138,0.165227,0.304108
13-04-2028,0.19268,0.437183,0.176513,0.2734142071853803,0.465657,0.190096,0.241197,0.5520804949900999,0.157255,0.274724
20-04-2028,0.211081,0.392741,0.184349,0.2806871923038787,0.538394,0.195748,0.292713,0.5592344927261502,0.167867,0.392106
27-04-2028,0.238791,0.361289,0.230707,0.3042582344469679,0.636353,0.177003,0.320227,0.5795787062961865,0.177295,0.61293
04-05-2028,0.5594689434226229,0.338318,0.7844098103675686,0.4199070250942319,0.631227,0.4067649796641344,0.290616,1.1274042483956066,0.4614546925307401,0.879115
11-05-2028,0.9974041235535251,0.71358,0.8555456482773918,0.4502557281400089,0.939051,0.7384519577204083,0.283551,1.1283256922742753,0.4464551175892633,0.953122
18-05-2028,1.2942800300534654,1.0022,0.8102677329562944,0.539274040914759,1.11363,0.8578668511393537,0.303697,1.218824227388308,0.4321046929168517,0.803248
25-05-2028,1.0756767225569126,0.855206,0.8466647215130843,0.7167507040131735,0.917251,0.7155567376786851,0.307539,1.532118875352902,0.4265483049893801,0.809573
01-06-2028,0.431667,0.847465,0.37782,0.422655,0.871693,0.425838,0.371968,0.425275,0.149626,0.815346
08-06-2028,0.401304,0.825242,0.342968,0.367881,0.828388,0.438539,0.414502,0.394529,0.372933,0.773794
15-06-2028,0.573005,0.755786,0.364984,0.404963,0.741476,0.392182,0.370635,0.456663,0.670477,0.736349
22-06-2028,0.700628,0.688389,0.480181,0.429933,0.686626,0.364321,0.344617,0.685972,0.645401,0.691597
29-06-2028,0.640481,0.67487,0.583384,0.383501,0.655857,0.386584,0.332735,0.758448,0.551388,0.727446
06-07-2028,1.21222,0.795082,0.560894,0.752523,0.610819,0.419602,0.3295,0.765102,0.486962,0.780236
13-07-2028,1.75897,0.868871,0.497367,1.03787,0.627253,0.412356,0.396775,0.958629,0.561536,0.751326
20-07-2028,2.23503,0.83469,0.550414,0.860453,0.937666,0.448967,0.56816,0.974795,0.599566,0.739707
27-07-2028,2.43666,1.11288,0.605404,0.742691,1.07539,0.53042,0.656203,0.914999,0.549889,0.883297
03-08-2028,2.67599,1.36746,2.230545896660321,0.77574,1.0020270710473955,1.48899,0.697193,1.28107,2.2426136001359604,2.402025232862735
10-08-2028,2.66158,1.54566,2.054250775689839,0.811642,0.9538721781529892,1.87077,0.676308,1.39182,2.105642346479626,2.294491817503604
17-08-2028,2.27661,1.62661,1.7005059734006926,0.802604,0.8520078870159341,1.36825,0.602838,1.20668,1.7283064724556096,2.0377900261663946
24-08-2028,1.9936,1.43465,1.5285581383383295,0.838854,0.7538293428982666,1.1442,0.539515,1.09447,1.635645629682711,1.880302765741019
31-08-2028,1.81973,1.26104,0.6947210597990745,1.552200167651936,1.3315461414860983,2.661685879265656,1.793088654749669,2.426430093747562,0.9418398850053178,0.6796474130096446
07-09-2028,1.77134,1.1713,0.5882824481848703,1.3048609690376338,1.1300286639382782,2.032230603726122,1.2740395174508972,2.0444015652355665,0.8097071496941368,0.6483554301958353
14-09-2028,1.61218,1.19211,0.5694002806811327,1.1809453932989042,1.0144982440254804,1.6721340689964368,1.0618634685854142,1.832811039524846,0.7689308631891052,0.6111198861162759
21-09-2028,1.40783,1.29251,0.5670044365564713,1.034071734844606,0.8833138571610473,1.377235574834776,0.8714937690811663,1.5575251290630998,0.6632273430017865,0.563943215829293
28-09-2028,1.31504,1.26824,0.5302809620187038,0.9777709204398878,0.7715019184569731,1.1878594803082074,0.7544365892859446,1.3094402415267434,0.5849547289958957,0.5209718828601932
05-10-2028,1.3654516531485357,1.7218507016668334,0.569503822381754,0.8958666612109203,0.5259723045112077,0.725757456022296,0.590136210274603,0.566639,0.4268212302768157,0.7949751476464693
12-10-2028,1.1954301267518543,1.42447741822913,0.5088454991498611,0.7800194581518141,0.4899200672032558,0.6383996403765244,0.5602737338957244,0.522808,0.3740108957710578,0.6755867207139945
19-10-2028,1.050866745871387,1.177966329636575,0.4205059098397378,0.644457259416504,0.440962290142878,0.562203027908019,0.4735844824347202,0.484926,0.3139165937297413,0.5596719723429112
26-10-2028,0.950868952800926,1.0486577785132078,0.3924181876547695,0.590110031568863,0.4071958865243208,0.5182676070331349,0.4406767218013909,0.450555,0.2939800542360165,0.5040012731700471
02-11-2028,0.840423,0.701658,0.2292364376647877,0.3813966623897367,0.3502862159753815,0.3887032043757989,0.257867,0.417079,0.2017384143614901,0.3510482508624643
09-11-2028,0.789448,0.641945,0.2134292443663263,0.3439121664046828,0.3231030617053312,0.3553572636884276,0.240524,0.390124,0.187937559320009,0.3238513043265755
16-11-2028,0.715645,0.585401,0.2001211593627604,0.3162518215792207,0.3005688400538291,0.3275703917185705,0.223719,0.367127,0.1763334039824262,0.30044757632411
23-11-2028,0.651181,0.533327,0.1900624703208153,0.2882944330354909,0.277042221029222,0.3005149895145005,0.206502,0.341031,0.1630576610964636,0.2771110577868214
30-11-2028,0.6331459249934,0.4980069772655173,0.1803858523972019,0.262992310148935,0.2505403060676456,0.2904359552449385,0.2035271685405321,0.3386018182702476,0.1671591858343486,0.2703105410185668
07-12-2028,0.5801684086317322,0.4591895965759799,0.1700201779818611,0.2446996191895329,0.2340995116560748,0.2699705049240691,0.1894035972203867,0.316430934883861,0.1963029950140195,0.2534252602013194
14-12-2028,0.5364872717276239,0.4253654344804088,0.1651923999617207,0.2294240431361627,0.2202781318258843,0.2530882679168594,0.1781425917173601,0.29909501279112,0.1916733623788535,0.2426960398557352
21-12-2028,0.5046297066274741,0.3959509028120914,0.165906547493988,0.2167937936145512,0.2318912797110539,0.2392890758844024,0.1693579955994914,0.287049935991276,0.1734388563717127,0.2334603430997935
28-12-2028,0.4727473482578309,0.3690792235636298,0.1609353462591668,0.2036696839888335,0.247714577877233,0.2248912210746928,0.160999542310409,0.2728952418818954,0.1604684092592179,0.220049618621077
04-01-2029,0.410039,0.3544424506111168,0.1510940804229899,0.184688,0.229526,0.193886,0.1638791680986449,0.235112,0.149086,0.19002
11-01-2029,0.38413,0.3417876300549407,0.1436439362064822,0.179424,0.215676,0.183084,0.1643400543101456,0.223891,0.140314,0.181353
18-01-2029,0.360468,0.321079770769141,0.1368202694917653,0.170734,0.204409,0.178017,0.2755989213184694,0.215613,0.132083,0.173866
25-01-2029,0.341584,0.3039653128555222,0.1311207780654478,0.164143,0.192315,0.17332,0.3418819006467643,0.206974,0.124874,0.166453
01-02-2029,0.3288338549859013,0.285188642201678,0.1288964584004503,0.1680096277906859,0.1925889671304131,0.1688461540496528,0.232747,0.197372,0.118858,0.159217
08-02-2029,0.3125606792087547,0.2714769032922149,0.1241152433550097,0.1686011118709093,0.1836365304702842,0.1610886760400478,0.206832,0.189062,0.113689,0.152642
15-02-2029,0.298108386773817,0.2597864420699962,0.1204187801683849,0.1876979470805117,0.1760647551290025,0.1545616454490301,0.190463,0.182008,0.108977,0.148644
22-02-2029,0.291547545878116,0.2509436355451475,0.1198649563005724,0.1966914570470018,0.1721520807303733,0.1500689441651076,0.17796,0.176125,0.104837,0.148571
01-03-2029,0.3229993627105067,0.2397744036099161,0.114475,0.2122710572409494,0.1820058319411597,0.139566,0.172105,0.2109916943915541,0.138774,0.146715
08-03-2029,0.329986185896678,0.2319711289083495,0.217959,0.2049103479791184,0.178810063581918,0.136649,0.166821,0.2076605030240288,0.180273,0.144649
15-03-2029,0.3382724866646563,0.225874124019917,0.313929,0.2090458290000305,0.1772363518725174,0.152354,0.185417,0.2064230336622015,0.164857,0.143156
22-03-2029,0.329883967455415,0.2227131654302828,0.261563,0.2170552035629393,0.1765776907221326,0.166164,0.202293,0.2067507273671656,0.153458,0.141974
29-03-2029,0.3215458832520162,0.2187161614710005,0.228132,0.2144923312370134,0.1742661428219784,0.157791,0.209192,0.2043224875706191,0.160684,0.14043
05-04-2029,0.255671,0.201245,0.207329,0.167083,0.132722,0.2007297222079175,0.292541,0.154668,0.3263334858314451,0.136776
12-04-2029,0.249408,0.206366,0.19876,0.190771,0.131591,0.1971668307136636,0.569637,0.159627,0.3258475138043862,0.146992
19-04-2029,0.453079,0.23001,0.283412,0.196339,0.161106,0.1912691862068129,1.02489,0.159494,0.3168578522664517,0.266909
26-04-2029,0.646745,0.615516,0.397612,0.18779,0.29805,0.2053999814594382,1.17068,0.162345,0.3522168693133612,0.349745
03-05-2029,0.7148699479219202,0.875456,0.487231,0.4637712808873134,0.36489,0.4444026096009187,2.0240007343448445,0.8897533700344287,0.184068,0.4174651349800586
10-05-2029,0.923714836070624,0.670552,0.525047,0.7211874467754726,0.392489,0.4856117407009823,1.869312381354503,0.8816850542527598,0.385179,0.8125492769391226
17-05-2029,1.0210547265958525,0.585179,0.849403,0.930617666396662,0.519444,0.5031161668396156,1.8115106905135,0.9727025539404284,0.534369,0.940145818887351
24-05-2029,0.948789986666364,0.533983,1.02099,0.8254147866260536,0.527553,0.4907493211472974,1.8002420417140792,1.7088810446641702,0.46781,0.7682458080826333
31-05-2029,1.5604980686295962,1.1796275425214997,0.854212,0.348815,0.694117,0.196573,0.917199,0.618498,1.334660967016504,0.749804
07-06-2029,1.637311203728234,1.199174180262114,0.770138,0.357005,0.80043,0.199574,1.05812,0.536753,1.3087112186837264,2.10827
14-06-2029,1.717578040741914,1.141534997658519,0.836901,0.414036,0.659606,0.328706,1.11557,0.478637,1.3105774164698791,3.42804
21-06-2029,1.9435625859452537,1.1345224808581222,0.970598,0.464499,0.738215,0.615605,1.06097,0.450218,1.3377444606953213,2.91447
28-06-2029,2.106752761880009,1.0892827706352786,0.930114,0.446392,0.811286,0.673295,1.05167,0.43943,1.2125175924056804,2.31951
05-07-2029,1.04241,0.436411,0.835731,0.7234756700288654,0.832876,0.6098617273670572,1.02103,0.617502178990897,0.360309,2.0003
12-07-2029,0.964597,0.629656,0.762247,0.7285737608367748,0.825225,0.5849528748695875,1.0295,0.6949125315959588,0.340521,1.97629
19-07-2029,0.921243,0.913273,0.780506,0.7010458965390114,0.763779,0.5651295213892844,1.22877,0.8767910590237115,0.326856,1.9711
26-07-2029,0.970015,0.859924,0.815675,0.6908926781092684,0.75179,0.535223057810259,1.25,0.8858777979101837,0.40597,1.86032
02-08-2029,3.294555917707753,2.5374721752872547,0.895237,1.7968508719699487,2.1416105971970243,0.573234,3.34989717440762,0.662462,2.1612775325573943,2.8429199481053
09-08-2029,3.246655580660859,2.364611496738028,0.945367,1.752570107045229,2.20189354658117,0.608933,3.174337048809642,0.654285,2.003663283310053,3.0120105327094446
16-08-2029,2.844809792497,2.018276782812756,0.962318,1.4976868829481094,1.83439529285543,0.536268,2.7001112781098167,0.56527,1.70922721417018,2.966216208102093
23-08-2029,2.5836933558617288,1.8380128987036264,0.971764,1.371762456240334,1.6618512473236184,0.516053,2.4250220706959933,0.53013,1.553861020344732,2.7980357810167846
30-08-2029,0.710174,1.581125993883081,1.7954826775603414,0.7643022977030028,1.2535098314680748,1.218584070282831,1.8916827561244671,1.5108377325492888,0.5560743697403754,3.37845068984414
06-09-2029,0.820433,1.2798079073918187,1.4659563463226115,0.6122310054179306,0.9977833846538392,1.0347694805060088,1.5691476096056596,1.1778634784323114,0.4982857542202457,2.7528040905937847
13-09-2029,0.902188,1.1479311571356976,1.2996931188677938,0.5727374744670373,0.8636320232266526,0.9703688705486108,1.3837813792122442,1.01593514966513,0.467394336760482,2.423861724177707
20-09-2029,0.790765,0.9769915677025114,1.103769461634764,0.5151782827899111,0.7373136466867014,0.8334704820281776,1.2091359537285606,0.8794466655932769,0.4302350068149403,2.052783170427793
27-09-2029,0.71838,0.8350994896366684,0.9341459338775592,0.4645519404617664,0.6697519258219347,0.7094721812300379,1.0800565245076836,0.7866866399484507,0.392821492593031,1.7473407272218924
04-10-2029,0.8891244089814031,0.4717251832652455,0.6866837966316999,0.3940214452531979,0.5682511423936162,0.3576106203483904,0.8801945766289279,0.6064525131116701,0.3810457160042488,1.6092862692486316
11-10-2029,0.8153541291005546,0.4287001055812544,0.5963907371539323,0.3551314393804755,0.5017947166070127,0.3246306150564307,0.7511068450849834,0.5566969621282905,0.3393200571248391,1.3542185669935674
18-10-2029,0.713714924951789,0.3793655546029458,0.5143087639580195,0.3019388491766998,0.44089295165283,0.2947784962424469,0.6285859732016158,0.476176042443467,0.2909005636910997,1.1278256714315515
25-10-2029,0.6555532743125582,0.3598886311300681,0.6151744816268909,0.2952523189219237,0.406038477083197,0.276008643818951,0.5662453094929006,0.458469553766969,0.2756202718743072,1.0068909492879226
01-11-2029,0.6836264712705294,0.266633,0.7602843039561422,0.18251,0.310376193787504,0.239137,0.379727,0.2617520700301512,0.184507,0.6775962226753497
08-11-2029,0.6639125051667738,0.250992,0.6330544112454991,0.170122,0.2876297449842943,0.223218,0.357392,0.2446050763725273,0.172828,0.6233025442380241
15-11-2029,0.6680280376984724,0.235947,0.5646001179505271,0.170941,0.2674865975621782,0.208272,0.331978,0.2282741634307967,0.161997,0.5731657815125044
22-11-2029,0.593058507126415,0.220854,0.5421671499583877,0.168425,0.2472493276791004,0.193345,0.319783,0.2123072104728255,0.150618,0.5260746574607092
29-11-2029,0.4316564677520814,0.2098159632188124,0.4278361566507573,0.165409756054657,0.2458474397121959,0.1973364290171916,0.3200924689251447,0.193146,0.1529994353940188,0.4853819954880992
06-12-2029,0.3977316059256395,0.1976660432528397,0.3932504599749221,0.1545052028690927,0.2295861823494678,0.1846873627284475,0.2954772390619202,0.192064,0.1464024326894331,0.4492690465765654
13-12-2029,0.3702314234435025,0.1914764524865372,0.3922284248975556,0.145941348383554,0.2184103978047845,0.1744862198871768,0.2760496672898755,0.190352,0.1381748812306107,0.4178496735342942
20-12-2029,0.3581001227528104,0.2124661788320708,0.3814965919603306,0.142302043465733,0.2109545671952525,0.1668141374037176,0.2599297670104841,0.178872,0.1334262474344379,0.3907027511956622
27-12-2029,0.330414,0.217637,0.33704,0.126492,0.18143,0.140585,0.232732124138709,0.168996,0.117813,0.364346
03-01-2030,0.309779,0.19937,0.310249,0.119722,0.175267,0.136708,0.2193139926648602,0.161067,0.111556,0.342478
10-01-2030,0.290613,0.186828,0.288169,0.117088,0.170371,0.13294,0.2105536172934564,0.156354,0.106031,0.323291
17-01-2030,0.273663,0.176133,0.269428,0.11437,0.163948,0.126406,0.2022049326462782,0.151164,0.101267,0.305987
24-01-2030,0.2832293724188921,0.1921611246208384,0.2641071633084256,0.1156346162558585,0.1710258567829861,0.1274940415073626,0.2018129845657837,0.1671797448103408,0.0982429,0.3011079413384818
31-01-2030,0.2727981599448416,0.1897422213078795,0.2518305760449565,0.111854222230473,0.1652388885026638,0.1233232606629009,0.1969577320075851,0.1641201928215629,0.105734,0.2874376013343308
07-02-2030,0.2611919786513912,0.1890678164579125,0.2405376553074759,0.1073758445556855,0.1581508615255161,0.1183959054613123,0.1910072551710975,0.1576046341471416,0.110325,0.2750112378671879
14-02-2030,0.2518390003744005,0.2227254195195228,0.22976916034057,0.1038499240106487,0.1528296045615274,0.1146030075848083,0.2053194892747419,0.1536692119528808,0.103208,0.2664114368960997
21-02-2030,0.2435301020070363,0.206162,0.207079,0.0927596,0.132036,0.1355552314360026,0.2351216296048237,0.1649700255702687,0.1152297927133806,0.2645042081935205
28-02-2030,0.2442614127840371,0.191623,0.198993,0.100793,0.13506,0.1427450966304787,0.2501020189626958,0.1743214052349958,0.1176784429049525,0.2590456478382208
07-03-2030,0.2382815055404775,0.19567,0.201332,0.109757,0.138258,0.1421084735832326,0.2554839572994833,0.1737113220396341,0.1227274746764983,0.25353923740368
14-03-2030,0.2343749866083082,0.194881,0.20413,0.136809,0.134631,0.1498230382660178,0.2441999518655756,0.1756749386629165,0.1278958652426974,0.2653010162205723
21-03-2030,0.2340079780204326,0.188625,0.23195,0.159633,0.156415,0.1599029716135105,0.246616386557262,0.1820132259203714,0.1283349210292328,0.2856372313615186
28-03-2030,0.7252106528749123,0.2569888920774945,0.280491,0.202647,0.284182,0.6404962063004866,0.210342,0.4446348406165694,0.7260828146699276,0.267271
04-04-2030,0.7490484972183606,0.2975498625445941,0.300237,0.232793,0.353066,0.6584722997796058,0.215934,0.463019799309973,0.7535429637448752,0.270622
11-04-2030,0.7866121164986839,0.3104759130909971,0.350755,0.205666,0.321877,0.6830449165946586,0.332817,0.4940386591110945,0.7900059574803049,0.260898
18-04-2030,0.8085528490669526,0.3850173413448975,0.393841,0.189513,0.302165,0.6573069061405554,0.46083,0.4864969476204979,0.7855623778269629,0.269044
25-04-2030,0.4586551324530116,0.960720781512232,0.64307602645186,0.5073692647102299,0.329203,0.6604354339233545,1.2737244691598215,0.1311153538669867,0.2156775338889163,0.733510840089705
02-05-2030,0.534030847731819,0.9157457577426826,0.7857734269679879,0.6264261545213898,0.35998,0.6684761272266875,1.3968922073328445,0.1300507239712476,0.2286906155930783,0.7351099465653845
09-05-2030,0.8554923001622803,0.8945193198811672,1.339815551608766,0.5880412287393953,0.510672,0.6586325527868067,1.8974136223062308,0.3350633880525172,0.2250383986744214,1.7450794560765637
16-05-2030,1.144668065849448,0.8845976339965774,1.5223266259728736,0.9176068027699706,0.605591,0.6421414095512643,2.0274969870167454,0.5472148371774203,0.2233208437560711,2.4162065839349403
23-05-2030,1.3296213751748942,0.367306,0.79893,0.676527,0.507001,0.09193,1.1689705551291658,0.417827,0.10761,0.832068
30-05-2030,1.2919794317010682,0.383246,0.74462,0.631097,0.496459,0.0950943,1.177738654421782,0.391645,0.124382,0.755231
06-06-2030,1.2050844425657097,1.72476,0.70058,0.897175,0.486693,0.0968385,1.1911230095027296,0.370111,0.138413,0.722953
13-06-2030,1.1301334905941505,2.59133,0.6364,0.982617,0.542256,0.108444,1.1319678044880228,0.479542,0.131596,2.65966
20-06-2030,1.108910017596668,1.88886,0.615105,0.993375,0.578401,0.235568,1.0889019416800203,0.758964,0.133388,3.66501
27-06-2030,0.412497,1.49202,0.596651,1.07258,0.545417,1.6698139041104128,0.737724,2.020703781282569,0.163575,2.70559
04-07-2030,0.43519,1.41691,0.55909,1.14876,0.519424,1.3375718355781256,0.818066,1.8198482814430144,0.204067,2.23316
11-07-2030,0.478612,1.42653,0.540601,1.17887,0.484154,1.2210122249713378,0.772747,1.8033096374556856,0.627876,1.97726
18-07-2030,0.473535,1.38286,0.550805,1.18733,0.474508,1.1589795047828535,0.783392,1.7019356269507435,1.27203,1.8676
25-07-2030,0.526593,1.35634,0.577418,1.33816,0.482308,1.3054614672284144,0.817936,0.735353,1.79776,1.94586
01-08-2030,0.670402,1.32754,0.615964,1.32248,0.644074,1.0883415137711896,0.806186,0.779741,1.77536,1.9095
08-08-2030,0.730565,1.40959,0.844426,1.14664,0.78588,0.9970001138777786,0.759633,0.675025,1.33431,1.72496
15-08-2030,0.662828,1.42942,1.08089,1.0571,0.763667,0.8194075993595031,0.77156,0.588209,1.06394,1.57482
22-08-2030,0.637078,1.26719,0.981733,1.01516,0.763543,0.7967600305747575,0.734307,0.606022,0.898571,1.42027
29-08-2030,1.0087332781264189,1.1105,1.453385104630812,1.28133,2.50833432738949,0.6450940151619596,1.895757389732832,1.7292986444260066,0.9505675661863412,1.30126
05-09-2030,0.8559280022458882,0.986836,1.253358457842631,1.37554,1.940073595588088,0.5494914541706728,1.601602841748921,1.3716225693920778,0.8401610254584623,1.35434
12-09-2030,0.7897193735656389,0.960984,1.1324155740765152,1.14875,1.6479744999598689,0.5728953414850184,1.457810082889187,1.182677837615079,0.7614757975702757,1.34115
19-09-2030,0.7312233683001665,0.940148,1.010726751140363,1.01285,1.3150254296737496,0.5223458833926832,1.2537378944275852,1.0509434484959583,0.6820372854065103,1.19599
26-09-2030,0.441522,0.843999,0.6620277947126737,0.894169,0.56524,0.2054132167003037,0.4950263297134356,0.529326288646551,0.7593970402170339,1.245915843620072
03-10-2030,0.491853,0.800973,0.5903323732698054,0.795053,0.676197,0.1969173692429653,0.4582896300647757,0.4714198298922696,0.6675825879506624,1.1262200440525885
10-10-2030,0.516383,0.75918,0.5271047017031172,0.712379,0.636836,0.1820926847331902,0.4228540877281881,0.4248622140018393,0.5827955307187426,1.011704965022238
17-10-2030,0.448412,0.684923,0.4708473552975601,0.640223,0.544239,0.1601131995032506,0.3852089128554684,0.3786611451697006,0.5025859489660417,0.9017724700365384
24-10-2030,0.407204,0.9385995188550972,0.38709,0.578729,0.482248,0.2188168773332376,0.33916,0.304253,0.3847796552613747,0.764792654479534
31-10-2030,0.38268,0.8631110296217863,0.360666,0.527279,0.442318,0.209847446871325,0.319684,0.281518,0.3511589735934035,0.7027514136048959
07-11-2030,0.356332,0.7599187224435158,0.334821,0.483167,0.408162,0.1650749635688476,0.301165,0.261546,0.3201677975570119,0.6466350334350162
14-11-2030,0.326914,0.7098995081864301,0.309162,0.444308,0.370669,0.2144564059980321,0.27938,0.243959,0.2941528297333641,0.5956646899258576
21-11-2030,0.300303,0.616815728502209,0.285379,0.405763,0.336397,0.2317476413324383,0.259046,0.226807,0.2699053760113047,0.5452254949409264
28-11-2030,0.2838616757560415,0.4752950004196588,0.2843482501186023,0.3734034706982738,0.319146956076694,0.1612065281011352,0.251415450144197,0.2148970425625491,0.2737904042680036,0.5301118598321497
05-12-2030,0.2639626407659247,0.4415090957237644,0.265380133339095,0.3448355941999586,0.2961155058112053,0.1455254405943875,0.2347082121449325,0.2086337277490317,0.253266055132489,0.5212456719292584
12-12-2030,0.2472400401418287,0.4101756098634502,0.2499062075514582,0.3192655240353474,0.276740304659038,0.1350573235788058,0.2211332251521778,0.2026759012295524,0.2460810296357648,0.4984430442978658
19-12-2030,0.2332340587276393,0.3867645138204124,0.2375555397556298,0.2971241726954863,0.2693340787563437,0.1286353510620401,0.2098012192875707,0.1909542685047474,0.2419665216322579,0.4610908281122023
26-12-2030,0.212754,0.3449378106406348,0.2087330943548204,0.2836063354907934,0.2517164168822945,0.1034925192074366,0.1887485036284584,0.1866109516404174,0.196387,0.418104
02-01-2031,0.201332,0.321913423709012,0.1972431933223273,0.2652180922893612,0.2344785039458128,0.0975016569276217,0.178181050497533,0.1811085968516647,0.183908,0.400466
09-01-2031,0.1913,0.3019298891448472,0.1870085581971592,0.2488883741629673,0.2202800188599293,0.0925265086662949,0.1691044222692093,0.1762766212554111,0.172684,0.37482
16-01-2031,0.18207,0.3026480673847374,0.1779463793234545,0.2349270276556316,0.2090144443284988,0.0913235347503564,0.1614095786144497,0.1696980947237725,0.162894,0.351665
23-01-2031,0.1866907598079396,0.3032078874513708,0.164454,0.214869,0.2203187187656414,0.0959712664947775,0.1652781882132872,0.1692905678699715,0.1660223516571567,0.3574449109504529
30-01-2031,0.181947898972886,0.2853884065735075,0.157608,0.207283,0.2130520142173838,0.09385366140758,0.1601033673419295,0.1641961208301899,0.1599611092632067,0.3440250723341673
06-02-2031,0.1760154671701177,0.271892562666327,0.151696,0.20042,0.2022442923659488,0.0905351491748061,0.1533127273692664,0.1570881118500672,0.1529210552012918,0.3292146837699669
13-02-2031,0.1704889529040591,0.2599446048255015,0.14619,0.191551,0.1948357318551348,0.0882331141792971,0.1482019892785631,0.1553432295904949,0.1499905438779502,0.3155162087896977
20-02-2031,0.1696761109539974,0.2754975611614795,0.141176,0.183706,0.1960721725946836,0.0908922116795596,0.1614586586662097,0.1640239121177077,0.1514341864387985,0.3089920221630323
27-02-2031,0.1956890120450576,0.3173490279180254,0.1671314674678177,0.238011494069208,0.1787682700757711,0.1025525458578082,0.162485,0.2632046293113585,0.158351894600103,0.292147654132072
06-03-2031,0.1956564504380029,0.3012605509775077,0.1647586516392512,0.2361569003668767,0.1925424813877953,0.1061913165710844,0.163706,0.2638830642325748,0.161871277856444,0.2885266232022864
13-03-2031,0.1956026933099804,0.2913743075309294,0.1639776480686746,0.237413802003562,0.181605450279406,0.108721278258098,0.153074,0.2710630002315746,0.1661397016818489,0.2856988152344453
20-03-2031,0.2025779800749183,0.3005418146197954,0.1645113442684974,0.2526362027530986,0.1741736237280647,0.1268011532952411,0.161978,0.2861020812306643,0.1663371210515475,0.2810567548739282
27-03-2031,0.3583030600863899,0.6054630406485864,0.6349573538877488,0.3687367498891968,0.178429,0.3304813865855776,0.198980396200011,0.5057305635813052,0.396479,0.240413
03-04-2031,0.3656359430027493,0.6018828746158812,0.6576557207928462,0.3986304150598995,0.187796,0.356237208239947,0.1995728674998594,0.5372301628239792,0.629672,0.27793
10-04-2031,0.3798783676878733,0.6092915061886106,0.7383308201919236,0.4104219143599912,0.213579,0.3952022268231961,0.1880865762177074,0.5751601408619853,0.480196,0.361016
17-04-2031,0.3739983111152135,0.6478182182652896,0.7687218946858766,0.4065661266882173,0.245161,0.3741385150095403,0.19339004420919,0.5849259861798308,0.424798,0.421186
24-04-2031,0.180092,0.269417,0.4474155112516564,0.5690075931330768,0.486000488306529,0.4447370500008684,0.269158,0.9758228084416656,0.5813194086773493,0.9719812101607984
01-05-2031,0.231687,0.311615,0.5887856464332518,0.5774964754530707,0.5958285713614054,0.5354587404545788,0.330881,0.9515342963510076,0.5883447756125265,0.9160898773030576
08-05-2031,0.219399,0.433678,0.5679442345880537,0.9080878363498972,0.6088016861716842,0.6199291760910495,0.440147,1.0368253013837458,0.6285478785700895,0.8876137330018512
15-05-2031,0.204024,0.478986,0.5210996580423233,1.1496620018720816,0.7450340181987474,0.5717583840195178,0.66593,1.1814138059395087,0.7333402326199672,0.8674326294326922
22-05-2031,0.192565,0.484717,0.6405866195653687,1.1970051081116788,0.84385758496072,0.5401161931848426,0.689451,1.2324054022532769,0.7806143432805739,0.8578695548574851
29-05-2031,0.212427,0.497835,0.38597,0.606747,0.556525,0.214688,0.639078,0.286459,0.468702,0.403175
05-06-2031,0.229457,0.559777,0.425492,0.625097,0.550114,0.266574,0.716233,2.33153,0.446263,0.456526
12-06-2031,0.223831,0.617548,0.528802,0.526629,0.861197,0.253331,1.36574,3.34688,0.462439,0.447107
19-06-2031,0.23024,0.605864,0.536833,0.479792,1.28214,0.255317,1.70242,2.435,0.490475,0.766916
26-06-2031,0.584068931038605,0.606304,0.486029,0.465409,1.3987391862628502,0.6524245136937716,1.5241,2.02807,0.473201,1.04331
03-07-2031,0.549131208753812,0.832713,0.44338,0.647511,1.2197589214654634,0.604060387923957,1.45526,1.85014,0.4478,1.12318
10-07-2031,0.5480365145935094,0.96918,0.613498,0.857232,1.040776357274894,0.6783489665332629,1.31417,1.65174,0.430803,1.15479
17-07-2031,0.5129945249734371,0.910052,0.8067,0.867805,1.047085005637797,0.6599784565415301,1.27197,1.49279,0.448332,1.21965
24-07-2031,0.752519195498554,0.889521,0.72113,0.873422,0.936382,1.301941197823934,2.818454011117585,1.88832,0.504829,2.760136166776848
31-07-2031,0.6991795743237079,0.950519,0.680847,0.848848,0.833509,1.1123963288650662,2.706134343812678,2.83758,0.670333,2.5981622642301168
07-08-2031,0.6930173795715241,1.49779,3.26651,0.758371,0.77673,1.0134014464747547,2.7082726691335743,2.89708,0.747027,2.5109201583366483
14-08-2031,0.6067596483273485,2.1836,4.05495,0.706486,0.760726,0.8296456785549184,2.5664051426531964,2.45947,0.649339,2.3199550866046827
21-08-2031,0.6137760418082469,2.28224,2.7204,0.674665,0.752374,0.7915009132700179,2.4962347519279886,2.16862,0.562824,2.173001698914177
28-08-2031,0.5306759037923493,2.11996,2.22602,1.6278581279094766,1.7385901974911384,0.6964268007342678,3.875498640348294,2.432975026999689,1.6147658987171287,1.5691472879873258
04-09-2031,0.4345049135681158,2.1821,1.92734,1.385733518413282,1.4761177998870396,0.5484750604218567,3.174840214788605,2.249849246566471,1.2714756308669932,1.3122080357718844
11-09-2031,0.4318455458011817,2.21371,1.78394,1.2887354101538184,1.3564275724739452,0.5270095854556643,2.646313533917503,2.2135095693425546,1.084948661640396,1.1667546568471083
18-09-2031,0.3925578391826857,1.97391,1.67934,1.0865655499399445,1.2238649910295645,0.4846260422145595,2.0802635486161805,2.0239722198339254,0.9153842134404672,1.018186825097578
25-09-2031,0.15127,1.732917341731618,1.65428,0.5219472371011569,0.6159470286540898,0.2420690857680642,0.800717,1.6983700367903725,0.4787662622266081,0.608296
02-10-2031,0.158836,1.4836343612788447,1.67508,0.4804537924780681,0.5533349857430382,0.2450416376684629,0.742424,1.476692260246507,0.429269591654248,0.566041
09-10-2031,0.160265,1.2961290319791905,1.50255,0.4730904456664308,0.5001343689195056,0.2474750160007376,0.691656,1.2952327926005596,0.3853386665470727,0.525809
16-10-2031,0.148971,1.1460956027111382,1.28784,0.4591540889722613,0.4456487158058954,0.2327256893240614,0.629363,1.1430201806015612,0.3415970180706967,0.485596
23-10-2031,0.145218,1.3436412496067254,1.6951875706987194,0.5324858193278179,0.368904,0.165907,0.575089,0.970611,0.285536,0.449349
30-10-2031,0.14114,1.216338424864266,1.6801246301050508,0.5078060155774495,0.345708,0.150895,0.53343,0.879996,0.297224,0.416466
06-11-2031,0.133155,1.1739713088466206,1.3883012258298948,0.4756170465067809,0.322129,0.137594,0.495406,0.7998,0.278179,0.38606
13-11-2031,0.126202,1.1431096164404535,1.212925029765641,0.4523137800250939,0.298227,0.1267,0.455918,0.730403,0.253115,0.358994
20-11-2031,0.11983,1.0055615268528646,1.0575670845054082,0.4164523210827484,0.274891,0.116993,0.418515,0.666313,0.230985,0.333279
27-11-2031,0.1211620840298008,0.7774902130061048,0.822206661337696,0.3525397948668202,0.2608068231880217,0.1194267012416962,0.4169976396031135,0.6228053794248364,0.2227938977129115,0.3161762571077458
04-12-2031,0.1155445252669663,0.7094650142777883,0.741620186567071,0.325196993342905,0.2436527043915102,0.1117518388050945,0.3866763650952567,0.5735520045945814,0.2084231782610884,0.3004813746332224
11-12-2031,0.1111275424831357,0.652733728557398,0.6745293746132298,0.3043682990308936,0.2290680098677401,0.1059041043570681,0.3608276485224796,0.5330326885861192,0.1962484875138792,0.2825010950189829
18-12-2031,0.1075678197906662,0.606658057518148,0.6176862967023354,0.2872686892258689,0.2161179719022796,0.1014292727711723,0.3405172336359817,0.4989585626470129,0.1850689223414048,0.2661917144619459
25-12-2031,0.0957955,0.5122382792890149,0.550385,0.229681,0.2101032523018481,0.087245220776591,0.2864906437802124,0.4631731274506323,0.163305,0.249243
01-01-2032,0.0922372,0.4753050739103865,0.508681,0.219046,0.198594845910166,0.0841086446698147,0.268544481634901,0.431996885515415,0.160786,0.237013
08-01-2032,0.0890794,0.4429429224999537,0.471935,0.206233,0.1884109923655194,0.0838130825494228,0.2537304812658971,0.4032143681741524,0.15937,0.225903
15-01-2032,0.0862466,0.4168071034747315,0.440284,0.194815,0.1802315857190062,0.0840326585975259,0.2417098673273285,0.3840981990664205,0.150893,0.214774
22-01-2032,0.0947524251869268,0.4188034126844031,0.4326303704962183,0.2124126562891874,0.1666315535086273,0.0827322816679171,0.229848,0.3660972536406957,0.1434825307627089,0.2212037657167486
29-01-2032,0.0944685487302531,0.4255424532869025,0.4075511761894694,0.2075043897810172,0.1608176419962543,0.079500358965861,0.220276,0.3464128543375661,0.1383167726796762,0.2150347783521415
05-02-2032,0.0920248934629061,0.4271182458281973,0.3843166563797414,0.1981097242563793,0.1543163402945984,0.0762124675750411,0.21104,0.3291390928953533,0.138361822427097,0.2068924612457378
12-02-2032,0.0905790211447255,0.4017315194844106,0.3657235186910943,0.1950764309848916,0.1492019113102823,0.0738735342558734,0.210414,0.3141023870920559,0.1361824518999262,0.2026230994252218
19-02-2032,0.095030076546645,0.3882690578785377,0.3529277559110829,0.2091197647299991,0.1472465495983003,0.0734245778631336,0.209571,0.328099801634076,0.1303236716789159,0.2036502026049289
26-02-2032,0.1539241456739946,0.3766936673018356,0.313308,0.2872835754296492,0.1934605745801396,0.0658059,0.199684,0.378261,0.1739868446563613,0.2000087507030896
04-03-2032,0.1695447024133528,0.3643140610963373,0.301398,0.2840942198222547,0.1931282614240033,0.0827352,0.199774,0.39702,0.1757974700811408,0.1972058681566476
11-03-2032,0.1729858552661516,0.3544751548214222,0.310199,0.2891199264720608,0.1954269863127447,0.100207,0.225052,0.376272,0.1794713561397143,0.1953821459280289
18-03-2032,0.1818777218091363,0.3472807883375926,0.320991,0.2985235385637002,0.2004441966004037,0.0933105,0.262711,0.360063,0.1834249675055691,0.1946594949835624
25-03-2032,0.0811306,0.7029515571092924,0.4201292071974167,0.147692,0.5528121853798772,0.089135,0.264372,0.339229,0.1560633650116251,0.7314150901432879
01-04-2032,0.0795207,0.7110538379082669,0.4084534793426321,0.14491,0.571940749277212,0.0847489,0.264519,0.323221,0.155092684720148,0.7686030185840551
08-04-2032,0.0834817,0.7184025646463611,0.4085351622362586,0.142141,0.6074031938131351,0.08213,0.301124,0.310207,0.1556245832016555,0.7978928146120479
15-04-2032,0.0873098,0.7101981219787378,0.4050651587093665,0.268457,0.6025647252631231,0.166207,0.389169,0.558251,0.1605773972178041,0.7835386851687814
22-04-2032,0.165865,0.7312798337793279,0.4192229398709436,0.399515,0.6772364635347634,0.246827,0.454928,0.811207,0.1707992919421428,0.8127384428086413
29-04-2032,0.6317312966860864,1.076099642393648,0.5224584329446912,0.9299445609467364,0.169814,0.6841193503136322,0.6746080998880701,1.5635168419846546,0.3850587620697889,0.165995
06-05-2032,0.6729952513510526,1.2460999212770687,0.7764183374993123,0.907201406753072,0.219485,0.639932858592581,0.963589912816498,1.5948237566860646,0.4536991372789379,0.16869
13-05-2032,0.7313438689599026,1.3946441978877475,0.90450653637245,0.8597274380144299,0.243009,0.6727712463413232,1.4845699187723886,1.514632554697795,0.5354781579237788,0.168984
20-05-2032,0.7394091416117443,1.32338382799058,0.8220608980547598,0.8138355813645759,0.237105,0.9016460305247588,1.878500793189421,1.5061696911093465,0.5380823968616992,0.166527
27-05-2032,0.296625,1.1924235471329263,0.9859660975291497,0.27585,0.8784369176517461,0.464136,1.64937,0.743174,0.199157,0.7138726215552925
03-06-2032,0.787078,1.1936853036228356,0.9357448914402346,0.356429,0.8256911866416448,0.397365,2.98796,0.724155,0.249967,0.7419249350645859
10-06-2032,1.09969,1.1770215054607158,0.9016148775387396,0.42224,0.7659695797521531,0.545219,3.43809,0.658591,0.263997,0.7439265539852686
17-06-2032,0.882878,1.1869172205625182,0.9422248196921073,0.380218,0.8707669336490854,0.730068,2.57807,0.737156,0.246654,0.776459944681374
24-06-2032,0.93791,0.6673758292385139,0.446921,0.387983,0.215289,0.781306,2.21447,0.790104,0.249687,0.177818
01-07-2032,1.01979,0.6616005389543794,0.459178,0.386826,0.20089,0.737963,2.37134,0.838544,0.243459,0.182962
08-07-2032,0.944649,0.690965515536842,0.480384,0.352371,0.225256,0.632869,2.46422,0.968784,0.25605,0.180401
15-07-2032,0.816326,0.6572916451555415,0.535862,0.356985,0.302059,0.638939,2.20029,1.1627,0.27738,0.227696
22-07-2032,0.900704,0.6734276744509978,0.609369,0.454131,0.484857,0.659885,2.06868,1.29086,0.302592,0.323678
29-07-2032,1.04132,0.348901,0.900572,0.499304,0.72331,2.343591086693034,2.13236,1.44232,0.381653,1.7345584777555594
05-08-2032,1.15115,0.374698,1.01559,0.611031,0.693776,2.179210975497047,2.06037,1.42413,0.468489,1.622833035636899
12-08-2032,1.25378,0.37426,0.836637,0.739925,0.560397,1.8214811943074047,1.85854,1.1994,0.675397,1.3721744501408375
19-08-2032,1.18586,0.424766,0.8645,0.731954,0.552446,1.6136407086228963,1.73782,1.06991,0.843224,1.296589654702922
26-08-2032,2.984249312541948,0.8931974946621171,1.0802977184923632,1.4938536436184395,1.8020639742014417,1.1167956417884048,3.3997237098967807,2.6897840059350493,1.5749189069519764,0.6280396161118778
02-09-2032,2.661362491344684,0.7610616797574279,0.9324807838232376,1.1729217578978075,1.381740122880032,0.9142947945742064,2.878928464422895,2.160620557661293,1.2020217908267874,0.5593490161734485
09-09-2032,2.489222229108836,0.7281918049736911,0.8461428674374307,1.0013904730548382,1.2309457724361883,0.8027802154053083,2.578277343518053,1.8664303714625363,1.0470747566031116,0.5345286147037547
16-09-2032,2.05796906022497,0.6667035406502242,0.7633776361974453,0.8898910951954165,1.0546818421207165,0.6850426810715662,2.174524963562115,1.5506312288601651,0.8692972274784027,0.487605961329475
23-09-2032,0.9456950281212848,0.3581572972410003,0.7280211200008582,0.455805,0.341140140306076,0.3482102637351363,1.0870997590988942,0.8397987616890179,0.5466604461503863,0.4271356301755056
30-09-2032,0.8113440786426304,0.332877414639057,0.6482792952396526,0.414927,0.3350731208236834,0.411452901123995,0.9917316267968468,0.7478594036459405,0.4696907200382485,0.3839494402128609
07-10-2032,0.7105156124268874,0.3070190722951699,0.5760943440720331,0.375193,0.3205625470178264,0.4505654523677286,0.9089460810493742,0.6717794842637955,0.4064122482765444,0.3413069379062865
14-10-2032,0.6311981712006695,0.2751582532145202,0.5043574132329182,0.340154,0.2892870272275697,0.3777554622283368,0.8469540347352167,0.5991444201382524,0.3461583864475318,0.2814648424682732
21-10-2032,0.5808877260237498,0.2631905504663033,0.4686009793052811,0.3121,0.2652104432315217,0.3348229223289833,0.7993157080449423,0.5525735770659679,0.3148329928338178,0.272970833515751
28-10-2032,0.523955,0.224442,0.386726,0.2964436486262591,0.244122,0.28797,0.739062,0.4611640622741178,0.243524,0.178919940585445
04-11-2032,0.479076,0.21115,0.364848,0.2717564810433514,0.227065,0.268505,0.682423,0.4244995897903474,0.224133,0.1633259562140016
11-11-2032,0.439401,0.198909,0.341924,0.2506000934656662,0.211119,0.246845,0.630792,0.3928322371751888,0.216959,0.1573639132816438
18-11-2032,0.400579,0.186903,0.318545,0.2368994367391675,0.195447,0.22452,0.577535,0.3628794050594004,0.208067,0.1496303536505624
25-11-2032,0.3812237684907023,0.1874348010856891,0.3092664452732447,0.2273442475295808,0.1833213981412907,0.2186681279884486,0.5486136005357409,0.3507288546018984,0.2082528312294587,0.1469467698365522
02-12-2032,0.3518531516903888,0.1773290393949118,0.2882179118742795,0.210899966300254,0.1717912310158831,0.2099203714393376,0.50652598128686,0.3338716037573955,0.1929533108833738,0.1397323115463755
09-12-2032,0.3643431094758592,0.1695625784114089,0.2703573625155021,0.2154940224649627,0.1635565305434029,0.1949056076833579,0.47004974765886,0.324142487406086,0.1830976753763524,0.1347533147864419
16-12-2032,0.3721175615603693,0.1634381799162576,0.2553864569684099,0.2395170862058579,0.1559993102424008,0.1907309448502143,0.4381838026235686,0.3106981152304661,0.1756509929741084,0.1432820185113958
23-12-2032,0.3389999238595648,0.1555146368054843,0.2405605619330514,0.2344569472204097,0.1471857106154456,0.185440032051546,0.409212533215754,0.2919885926174362,0.1648849846467666,0.1466330244651009
30-12-2032,0.297999,0.1429443697523127,0.2180133412622533,0.206707,0.138397,0.165961,0.366672,0.2535471050671272,0.138718,0.123479
06-01-2033,0.277379,0.1404283566771104,0.2101613848589336,0.191791,0.132693,0.155314,0.345881,0.2403645681945863,0.132495,0.118257
13-01-2033,0.260093,0.1375491890277113,0.1998257282726877,0.179205,0.129726,0.145855,0.336666,0.2293100421241843,0.126714,0.113282
20-01-2033,0.245224,0.1331632080647013,0.1907713158324387,0.168696,0.126179,0.137952,0.32776,0.2189666952372987,0.121861,0.109215
27-01-2033,0.2443734231318189,0.1373687871273512,0.1945010427032186,0.1862424542840488,0.120625,0.1399093858520207,0.31727,0.2184501611135136,0.1171,0.1218530977632622
03-02-2033,0.2334402720780515,0.133171134337702,0.1886603087376542,0.1782959550921595,0.115847,0.1333541424570763,0.308237,0.2103591286614103,0.112099,0.1195574484327957
10-02-2033,0.2232586054006591,0.1385666225678118,0.1817034406812159,0.1721068397162878,0.11148,0.128137026458231,0.292636,0.202895300883219,0.107639,0.1161873989999217
17-02-2033,0.2673127311945704,0.1506920335616209,0.1842919634063801,0.2202899897560098,0.109971,0.1312322660772435,0.280561,0.19936607834411,0.103812,0.1187073993993591
24-02-2033,0.294016,0.2101113686233767,0.205561,0.22104,0.1238627179113763,0.155621,0.270331,0.2984053093577612,0.1550504675237677,0.0968182
03-03-2033,0.419711,0.2091306658787912,0.231647,0.213134,0.1232871517432163,0.198123,0.259987,0.3008524825808465,0.1569956952408004,0.0957878
10-03-2033,0.499799,0.2134004382977821,0.209184,0.203291,0.124017776151585,0.188388,0.261099,0.307565234979816,0.1617748408429703,0.120021
17-03-2033,0.42178,0.2232852789289709,0.196268,0.211237,0.123764433970519,0.206262,0.265161,0.3211217022626295,0.1668972912444537,0.141557
24-03-2033,0.379514,0.11283,0.187972,0.247282,0.112489,0.2489,0.270766,0.169046,0.102805,0.253662
31-03-2033,0.364925,0.110526,0.181253,0.266903,0.180223,0.275605,0.348884,0.164313,0.111605,0.336418
07-04-2033,0.362292,0.120358,0.176153,0.276072,0.23123,0.279817,0.409118,0.172862,0.10859,0.268871
14-04-2033,0.347825,0.131234,0.406321,0.330351,0.862512,0.279343,0.491916,0.182729,0.11635,0.276518
21-04-2033,0.330829,0.374154,0.927818,0.353228,1.2696,0.42691,0.548363,0.36105,0.138963,0.365023
28-04-2033,0.8071431650067862,0.715589168001804,0.940461,1.0523518557390563,1.4948790638370406,0.886384599996201,0.50793,0.513702,0.146616,0.922451585930878
05-05-2033,1.1682368296519456,0.8922385656485335,0.830101,1.2806600747023231,2.9667645981557422,0.7629592798524936,0.537297,0.484598,0.167362,2.100572187718336
12-05-2033,1.4600422262365318,0.9854612114400584,0.83975,1.312289589306662,3.3555440644971,0.6848848752491856,0.542905,0.486546,0.258674,3.00203180350658
19-05-2033,1.4596803265918037,0.8442125553426083,0.823704,1.4059025561266076,2.61630721253451,0.8343680244635123,0.584405,0.507172,0.539613,2.6190418710234424
26-05-2033,1.2999174573603218,0.614165,0.844924,0.641635,3.56949351793742,0.830634,0.760182,0.658703,0.6893,2.918885072695115
02-06-2033,1.2473982811458633,0.53729,0.994076,0.724164,3.339394697436465,0.920892,0.942094,0.720137,0.618799,2.7784131007683364
09-06-2033,1.259689779797058,0.487798,1.1918,0.698032,3.153705818252168,0.904605,0.924459,0.705096,0.621547,2.6581548168661326
16-06-2033,1.305344055803711,0.490739,1.14459,0.628329,3.1143961108638565,0.912557,0.878036,0.920767,0.605475,2.5600085072589684
23-06-2033,0.550813,0.517957,0.983546,0.584565,1.41908,0.796219,1.09577,0.978654,0.595326,0.742325
30-06-2033,0.594781,0.567598,0.900997,0.587698,1.43484,0.708881,1.18241,0.884662,0.58825,0.678583
07-07-2033,0.614475,0.623025,0.853623,0.584091,1.74053,0.692221,1.08788,0.840804,0.588168,0.642443
14-07-2033,0.600437,0.67046,0.883197,0.594625,2.08894,0.821623,1.01264,0.767222,0.651913,0.679038
21-07-2033,0.635846,0.725444,0.907122,0.676764,1.96597,0.858208,1.01568,0.84011,4.25416,0.705732
28-07-2033,0.7461,0.7870647925126506,2.2286554544443766,0.697985,6.343284379836669,3.5159784785507258,3.496128867792014,0.875233,4.70207,0.657201
04-08-2033,1.79252,0.7378334056424114,2.069802015177646,0.630672,6.0622043952199824,3.2699784591823526,3.218758511733872,1.13559,3.6097,0.646839
11-08-2033,2.1949,0.6475593789656013,1.764644361704942,0.61489,5.24307122642187,2.615611512750499,2.666800028278503,1.24664,3.10821,0.701522
18-08-2033,1.58081,0.5948690135284593,1.5973997795472656,0.592025,4.649879675131832,2.269528059284455,2.474821889258932,1.00495,2.58092,0.699753
25-08-2033,3.070172755367502,0.524448,1.1113601727864908,0.545645,2.734895422978224,1.1427888532786563,0.79128,1.08026,4.365410006494977,1.9698021806492936
01-09-2033,2.475210993232886,0.499508,0.9472837410845416,0.810797,2.187155728619849,0.9118285193637,0.707592,1.08987,3.903984037059696,1.57889437967957
08-09-2033,2.131577342843553,0.487116,0.8616571001553581,0.970649,1.917846433810411,0.8083583754984618,0.651945,0.915588,3.741103631761019,1.4152437289859674
15-09-2033,1.7575305114316278,0.539113,0.7602620700805857,0.807453,1.634853333171369,0.7382695870220546,0.696256,0.804451,3.498330589169305,1.1815053148517614
22-09-2033,1.4435497119907916,0.566708,0.675993720091798,0.776696,1.4099072829143018,0.6886547991889603,0.721414,0.71395,3.080737179649684,0.9858155945652172
29-09-2033,1.1881014880728291,0.7866171542255612,0.5255948054117159,1.1384749934661282,0.928663555739084,0.4612252940286569,0.8977118075318635,0.8364274786826013,2.429002894707566,0.6948233137993468
06-10-2033,1.0141458384687418,0.6835594675601219,0.4722125855900426,0.9782149668028832,0.8344556832935549,0.417672190830264,0.8294140016639188,0.7305808413486443,2.0274070333521057,0.5916290366594888
13-10-2033,0.8547824388429346,0.5631571052323531,0.4220921796112197,0.7995997749988137,0.7486547243578288,0.3757161755159909,0.717634855281084,0.6333023404899376,1.6901413202709643,0.4988309873642912
20-10-2033,0.8002669887125713,0.5095675478297863,0.5356178272096009,0.7231951208522748,0.7402624054923997,0.361877039093947,0.656915746703202,0.5712451165936796,1.4761633735328032,0.4577276985563586
27-10-2033,0.5197578415615394,0.3663047485414784,0.5557132235909589,0.508172,0.666107,0.312724,0.491473,0.450113,1.4422827855672191,0.3390662222065145
03-11-2033,0.4708146865840118,0.3279927337141693,0.4711099571705892,0.467764,0.601273,0.290098,0.454831,0.416915,1.253565190934412,0.3071083139573091
10-11-2033,0.4334634354697734,0.3014367181256106,0.4162440476957702,0.432659,0.550619,0.266263,0.418488,0.385469,1.1924859629204256,0.2866059302000845
17-11-2033,0.3976816118873394,0.2756055801692397,0.3732865358658823,0.398885,0.5037,0.24866,0.384916,0.354527,1.1202466179616768,0.2643212081539757
24-11-2033,0.3599147416435895,0.2581632590420444,0.335471294046199,0.3788430830332901,0.4798220499330849,0.2393814569840322,0.3986350020362717,0.3517540243065338,0.8442329669539532,0.2437474092698563
01-12-2033,0.333710951413208,0.2407622348138995,0.3094460701810672,0.346649715452927,0.4443450522396516,0.2255996506041844,0.3884288356527615,0.3287023085168678,0.7669385041687807,0.2314404523906637
08-12-2033,0.3113435511115905,0.2267603967504641,0.2880800560155657,0.3191161966481752,0.4108197894644169,0.2129462293275799,0.3605635198853557,0.3095987980953185,0.6977860087797688,0.2206248130492561
15-12-2033,0.2986367293788081,0.2156085994879921,0.2698848388014001,0.296734720690561,0.3826993298758308,0.2003150329856098,0.3459726676730329,0.2945279492398169,0.6467403921031855,0.2116854238056845
22-12-2033,0.2855340084274776,0.2038528555819604,0.2523893440797202,0.2768583078185542,0.3576832825732907,0.2345553417177483,0.3287876291928216,0.2778484235937224,0.6021793396331137,0.2014866887601577
29-12-2033,0.259674,0.1840024943420656,0.248074,0.247914,0.319193,0.250742,0.297924,0.2424548030210777,0.550421,0.2123888113875195
05-01-2034,0.244042,0.1772208226346272,0.250767,0.237164,0.302162,0.221952,0.291386,0.2303042137677838,0.518666,0.2099726988564137
12-01-2034,0.230391,0.1688199784893379,0.243108,0.222292,0.286416,0.210338,0.273987,0.2236511188271102,0.487228,0.2092333008670963
19-01-2034,0.230791,0.1633523503782043,0.235099,0.210207,0.271239,0.20124,0.258413,0.2193739325857958,0.455401,0.2231913790890302
26-01-2034,0.2396155097834908,0.1602919750679572,0.2295669742179858,0.199441,0.2701476256755979,0.1906773507331171,0.2591511286034066,0.2189621190137251,0.428469,0.17332
02-02-2034,0.226275799871999,0.1549314582905703,0.2285830658445771,0.189453,0.2576688771201407,0.1793983684392399,0.2471810418316266,0.209485591703907,0.403361,0.164186
09-02-2034,0.2159419804662054,0.1496852421345193,0.2210429915358194,0.180858,0.2470892236830221,0.1703052571990963,0.2370760667658238,0.2019895567539884,0.380822,0.157805
16-02-2034,0.2132572806381528,0.1539211484564457,0.2106555169072402,0.173933,0.2417571375706627,0.1665536691866065,0.2316079492309492,0.1995093378011589,0.361975,0.1753
23-02-2034,0.2360340217871522,0.151082,0.2917163542452914,0.170539,0.2885831655922586,0.160321,0.205483,0.2883412209607624,0.34692,0.2664635029706333
02-03-2034,0.2325664684493985,0.258667,0.2884126573657223,0.184617,0.2845119320744012,0.155159,0.236269,0.2890268849250157,0.336392,0.253717222052041
09-03-2034,0.236484235080415,0.36768,0.2886981368271477,0.194053,0.2827294559240005,0.166136,0.266022,0.3004555629802714,0.364246,0.2498043706931898
16-03-2034,0.2455207812292984,0.374163,0.2931051589759043,0.21015,0.2827249702169875,0.183774,0.250596,0.3157535895505137,0.576138,0.2499798115799415
23-03-2034,0.195504,0.7516719574497461,0.521460155230548,0.251963,0.190364,0.179695,0.2933109136853862,0.162496,0.957342,0.152358
30-03-2034,0.188133,0.6974760934827537,0.5338124295096223,0.256458,0.186944,0.173285,0.2861745030963127,0.166275,1.14418,0.151035
06-04-2034,0.187056,0.6876903801833013,0.551357124716621,0.275516,0.19513,0.170723,0.2828670489063071,0.188996,1.10666,0.254253
13-04-2034,0.28536,0.670274967931211,0.5422095695758946,0.289711,0.258791,0.168239,0.2904584346054878,0.375046,1.08123,0.39042
20-04-2034,0.371687,0.653157669316927,0.5631045514527198,0.276356,0.299277,0.165192,0.2966854891855018,0.501278,1.04692,0.361664
27-04-2034,0.6994705303994371,0.9644174241262904,0.233575,0.9893752390062698,0.8508527005554658,0.180621,0.261539,1.363379631487196,1.2445746938811657,0.799057805697811
04-05-2034,0.898769534482531,1.51055974159356,0.502957,2.439853482453868,0.9256709351295772,0.315144,0.295572,1.872958855986996,1.1739608357418916,0.7723531581903359
11-05-2034,0.9431461402930652,1.8546276579089955,0.887857,2.947174263299477,0.8466902054407607,0.420628,0.390334,2.092616584940514,1.4975131214442208,0.7521462188951102
18-05-2034,0.8528325995185821,1.629589919670043,0.926051,2.3978191475494253,0.797037628665372,0.486357,0.538925,2.122372005745357,1.824667960132769,0.7712336320211794
25-05-2034,0.544736,0.485346,0.750695,1.7053274697714702,0.423167,1.1793125278471306,0.634028,0.764647,1.50175,0.351808
01-06-2034,0.565931,0.592959,0.665165,1.573445662237294,0.498261,1.1458786387667463,0.618314,0.650373,1.5001,0.507753
08-06-2034,0.531706,0.678329,0.719516,1.4587092427377757,0.434687,1.0543254844702554,0.542491,0.784691,1.30246,0.569755
15-06-2034,0.507065,0.645651,0.948754,1.4017357542997972,0.47676,1.0377751383949405,0.509436,0.864878,1.20112,0.496571
22-06-2034,0.541147,0.609896,1.35228,1.3214775482967251,0.538089,0.9972437065927032,0.50664,0.733332,1.18818,0.525378
29-06-2034,0.557105,0.779415,1.37794,0.7965562763805104,0.508145,1.4453619396397492,0.485831,2.5297220673614595,1.16911,0.549976
06-07-2034,0.531128,0.872309,1.17567,0.7968463917598734,0.482296,1.3857395954359149,0.461714,2.407601556296783,1.53118,0.52578
13-07-2034,0.559718,1.21284,1.13991,0.8358305236952068,0.522647,1.288490546720269,0.534771,2.2373533369303003,1.81832,0.514516
20-07-2034,0.553255,1.49963,1.066,0.8498940402927151,0.528299,1.264644843512413,0.565939,2.1787367646401656,1.85568,1.19513
27-07-2034,0.527595,1.63731,1.12102,1.1015943910534003,2.4971312550958125,0.9215428671278048,1.7621224741926396,2.930399761569618,1.89158,1.62045
03-08-2034,0.499628,1.84598,1.2733,1.0636561992179256,2.3841003996604027,0.8861845281351008,1.6529887189040875,2.5950128787126707,1.873,1.2158
10-08-2034,0.548787,1.71842,1.25374,0.95854806289962,1.9914622937870667,0.7689053547371731,1.4017821703891942,2.219480680618577,1.85127,1.04181
17-08-2034,0.62579,1.71037,1.15748,0.8719003227654278,1.7996858385165897,0.726212356660679,1.3383813403108002,2.0504482007423244,1.72775,0.93744
24-08-2034,0.606317,1.80145,2.7205408008476004,0.8271827373366296,0.8187824861860294,0.8549170434129432,1.1659931715226426,1.1172516610173195,1.70748,1.4684012503481192
31-08-2034,0.558286,2.12948,2.2609958821296177,0.7342833500722998,0.7527601075189254,0.7258524874042521,0.9540376673575264,1.030390013676121,1.79621,1.195859241764375
07-09-2034,0.52581,2.08192,1.9477260340655809,0.6912176463031907,0.7466199815904468,0.6863769204749433,0.882507159535766,0.9902660768284848,1.71743,1.03404929659334
14-09-2034,0.48667,1.9705,1.577573116819322,0.6687222900528079,0.6605575209092328,0.6077420513381373,0.7881500312425596,0.8694475630973255,1.51127,0.9489675434823478
21-09-2034,0.472765,2.44523,1.2836313801951182,0.6316921548961479,0.611259528084529,0.5453866245606913,0.703968212424024,0.7981053938239994,1.35091,0.8766855748963864
28-09-2034,0.6201884623068212,2.8837705943018257,0.9218846674574266,0.6789197253545788,0.5132941938829149,0.2933190901748987,0.5406517294732531,0.4873057745628141,1.731513269010354,0.8589054427444511
05-10-2034,0.5352285659211875,2.3892475980068424,0.7968751268221391,0.6053855194968861,0.4755112402009576,0.2690701814194867,0.4844029622375093,0.4557899721635283,1.5167645960805514,0.7495692664298808
12-10-2034,0.4532837491827781,1.942740499551311,0.6941037832570153,0.5053929915621358,0.4093003936136524,0.2401958885542176,0.4131796280192319,0.4024425696760202,1.3004401906250835,0.623967052362103
19-10-2034,0.4521327589047023,1.6917560847703748,0.6344948401253504,0.6861160789393637,0.3916034197357421,0.2289319257134021,0.3988049776710771,0.3820984256088729,1.1703198132878792,0.5646386341133496
26-10-2034,0.6390131752041119,1.31382,0.501567,0.644587,0.241566,0.179904,0.227094,0.2824424057299604,0.8362512805526087,0.395955468906671
02-11-2034,0.5423583613239085,1.15989,0.474704,0.542173,0.226161,0.169874,0.223521,0.2621472550809501,0.7578478097506688,0.3658983952203228
09-11-2034,0.5484231759626153,1.03292,0.443758,0.462927,0.212097,0.15967,0.209043,0.2455691894001382,0.6980222270115771,0.3359444577108589
16-11-2034,0.5473334596155348,0.918369,0.405078,0.405022,0.198253,0.148887,0.195888,0.2286552372004611,0.6401810823228911,0.30797741976754
23-11-2034,0.3847732903511933,0.8250169197355135,0.3982631225142435,0.3657029203542881,0.192168049976931,0.1484571635573498,0.2012253439254418,0.2245291695545943,0.5868106276453638,0.2867624070176819
30-11-2034,0.3566568500567821,0.7596028132711555,0.3690015647363246,0.3334293060482301,0.1824992780925634,0.1413012960252101,0.189911882265283,0.211726660968265,0.5444496047184137,0.2675716978635578
07-12-2034,0.3227138037125452,0.7113994493294563,0.3449550371701996,0.3065540653473679,0.1741319587933446,0.1344867796146775,0.1810671070699604,0.2013513354566358,0.50693921478012,0.2521788269158079
14-12-2034,0.3132485080302237,0.6586093389203949,0.3240461525327041,0.2838080821006168,0.1717342688387392,0.1290367047926343,0.1741460407017552,0.1931280936488429,0.4716339452193958,0.2390642598660233
21-12-2034,0.3020669752227546,0.6746992314076615,0.3029143090669441,0.2653916618824886,0.1678106565943961,0.1223878333078011,0.1652233795445272,0.1831108229262983,0.4722826723035356,0.225598631276015
28-12-2034,0.2653339644034743,0.677532,0.2692107489147068,0.2655532710361974,0.156785,0.110205,0.141832,0.157277,0.459674,0.2472443612773613
04-01-2035,0.2478220812148854,0.610902,0.2586947855210746,0.2539209914585195,0.15487,0.105771,0.136147,0.151859,0.425026,0.2605501328703183
11-01-2035,0.2320910870296786,0.563164,0.2444569746358424,0.2512695064190904,0.149258,0.101255,0.131587,0.147967,0.40988,0.2427616467219857
18-01-2035,0.2186725530316939,0.523923,0.2325302320580559,0.2483745623964041,0.144404,0.0974979,0.127514,0.146794,0.394833,0.2342198341498168
25-01-2035,0.2191364054625886,0.5076284029154001,0.2167784388905642,0.2368713290281062,0.1398403771942895,0.1006159701843878,0.1312497813795854,0.1562726534056399,0.3732158286100394,0.2036938286214284
01-02-2035,0.2094888698718018,0.477066143303839,0.2090528705958252,0.2241373392080935,0.1338665283250927,0.0965094816250925,0.1309023248389789,0.149387998828176,0.3532551412083238,0.1976454540747385
08-02-2035,0.2049128307022493,0.4510801469792086,0.2010102679530552,0.2144048473240435,0.1291021555039083,0.0938004469533771,0.1265527468412224,0.1444622386210121,0.3346971950802063,0.188824370818137
15-02-2035,0.2067457184548504,0.4308067754448799,0.2004499215380251,0.2136434505210618,0.1375096318757603,0.0937828571800643,0.1281977125933787,0.1441257726379098,0.319279279109391,0.1897044812781403
22-02-2035,0.2207286425475039,0.409874,0.2295465530156533,0.221627,0.144478,0.0827564,0.1738257223305955,0.1382321386388433,0.3088340178395168,0.191795154420426
01-03-2035,0.2171813155753263,0.418078,0.2235640287111652,0.253064,0.141592,0.0808244,0.1735393667801633,0.1417842042046881,0.3250276933439442,0.186209069143744
08-03-2035,0.2143955816392096,0.402517,0.219333526102105,0.230691,0.140134,0.0792724,0.1753494150743468,0.1468420474051062,0.3400874798288119,0.1832297686143704
15-03-2035,0.213699811674718,0.394569,0.2315253061079497,0.24887,0.134949,0.0795673,0.1826395298593064,0.1453682930550152,0.3256649146387044,0.1797535758633852
22-03-2035,0.2114007257493994,0.386939,0.2411566323534646,0.423161,0.169718,0.092513,0.1995162144153732,0.1421489322205363,0.3149822018078273,0.1751923321401906
29-03-2035,0.16786,0.412293,0.189191,0.517633,0.200657,0.126603,0.161315,0.124062,0.294406,0.156462
05-04-2035,0.185002,0.442183,0.187156,0.444795,0.185819,0.186387,0.185094,0.15103,0.28484,0.172462
12-04-2035,0.234959,0.543569,0.46958,0.672826,0.354716,0.2478,0.188481,0.205552,0.324854,0.225
19-04-2035,0.264699,0.779404,0.70444,1.00543,0.541657,0.272175,0.193057,0.217965,0.362429,0.357896
26-04-2035,0.29235,1.9731960354099696,0.9044409853736984,1.161460284823792,1.4207662597539776,0.355169,1.0750577972026054,0.7563382617073241,0.342061,0.439
03-05-2035,0.331313,1.926613182577946,1.2456118453538128,1.370087719545198,1.5333970196650877,0.493722,1.070569957710395,0.7539982597418897,0.574437,0.456544
10-05-2035,0.314231,2.6655885715937586,1.6068693362200956,1.5269813156840688,1.819911594990315,0.48624,1.059574602703015,0.988797807061017,0.763822,0.472404
17-05-2035,0.292623,3.069967677533338,1.5306058282998174,1.3244456855016715,2.0210162597728463,0.422573,1.0045213712088474,1.453840263334207,0.658484,0.475248
24-05-2035,0.276424,1.30347,0.909745,1.05298,0.963998,0.418507,0.6732865407706918,0.529908,0.669364,0.473185
31-05-2035,0.260624,1.14562,0.797915,1.0186,1.09363,0.422303,0.6561444870902586,0.483497,0.684009,0.435325
07-06-2035,0.332219,1.12838,0.71994,1.02621,1.13964,0.409366,0.6342432028690768,0.459823,0.686578,0.399652
14-06-2035,0.398485,1.14252,0.670212,1.17354,1.03123,0.417298,0.6765274953785387,0.426833,0.666906,0.377467
21-06-2035,0.381472,1.07333,0.652964,1.16114,0.970184,0.445747,0.6534008265749163,0.417555,0.653144,0.362177
28-06-2035,1.3339339342152166,1.05822,1.5901790657770858,1.580096261891096,0.867438,0.427439,0.150872,1.1547631394593858,1.2006414763298814,0.346237
05-07-2035,1.3171566761967357,1.06722,1.6568557110138973,1.510814951546373,0.901667,0.424478,0.185094,1.2248478264899911,1.1433140045469568,0.331212
12-07-2035,1.2069353885397889,1.03501,1.628261154707113,1.4316432628456293,1.30398,0.418605,0.39801,1.4715487715068316,1.0635894672903583,0.389534
19-07-2035,1.2551835624047052,1.03305,1.581749214006563,1.4220212156243697,1.47245,0.420356,0.521695,1.5181415365736544,1.0356918203408516,0.46087
26-07-2035,0.357081,4.074766861012943,0.731986,0.837899,4.036292295913399,2.1355954031565103,0.581551,1.7916875166670367,0.857521,1.3413235087014428
02-08-2035,0.39523,4.0281337827029615,0.79624,0.767082,3.753806385242465,1.9159265024095269,0.587277,1.7636412627878704,1.10091,1.544000503311211
09-08-2035,0.400665,3.6439808405494967,0.688335,0.730955,3.190228226712941,1.5563494324433829,0.489854,1.6004562875999098,0.943894,1.4918609587438358
16-08-2035,0.379165,3.340515356493448,0.607775,0.779726,2.894933295197691,1.398331226648922,0.429659,1.4837217831324008,0.842374,1.3750294257146654
23-08-2035,1.008066618060758,2.136969700365391,1.2600652150171752,1.483933971742306,1.841866015866534,0.7233529405554306,0.378057,0.964643847783436,1.5660237109429458,0.95795149725533
30-08-2035,0.934749365955998,1.7933137783221405,1.0163465623067918,1.2768894260720849,1.4673970568840389,0.5749050045346986,0.391173,0.8332903630130513,1.2994636145479477,0.793112109858364
06-09-2035,0.9201619111756574,1.6047619804491216,0.9089333371711664,1.1747370648095363,1.2536965574046897,0.509995671943374,0.387601,0.8028916681216369,1.153717478850932,0.7214907298686091
13-09-2035,0.7924546739630831,1.391943681598219,0.7896755113212495,1.056182210096955,1.0540774649070213,0.4443234950915633,0.349782,0.7067210824902477,1.0172057097098643,0.6474634903971961
20-09-2035,0.6970215739024543,1.221426404969202,0.688606420649967,0.9394978232707568,0.8998442932841786,0.4377322128507543,0.359001,0.6417695959630055,0.916414081717696,0.5878367119828926
27-09-2035,0.5386608261275414,0.8367698654736031,0.6368391728960823,0.944999460132354,0.6352888855482629,0.3332162075215843,0.4510971384181007,0.508728202471709,0.7071119052536765,0.5474390559679351
04-10-2035,0.4726912168930857,0.7556626820336061,0.6602674931713353,0.9087595330395196,0.5851017934939177,0.3032478252955562,0.4217488997260656,0.4524521027123009,0.6223393350403206,0.4604981041556545
11-10-2035,0.4377649841284672,0.6722085094393822,0.5549605940746124,0.7472769700376761,0.5403521343993732,0.2676567217609816,0.3640982897925222,0.3823344772236747,0.5465530055071889,0.3814701368582256
18-10-2035,0.4836796757986841,0.6380315469619264,0.511823730228801,0.6705771575649544,0.4996674943152869,0.2544965931219087,0.3355458838659252,0.3585541569480995,0.5073863421743816,0.3523197925139179
25-10-2035,0.5700536442329924,0.42024,0.3819650873857156,0.458739,0.5221738487618262,0.192027800209062,0.263743,0.2326013062054135,0.3800535166358301,0.2451250687597255
01-11-2035,0.5168832101477889,0.391559,0.3481385843354325,0.421589,0.4725690168896952,0.1791016172217728,0.241577,0.2169295542434963,0.3502823309586123,0.2359499854927356
08-11-2035,0.5030268171514529,0.365786,0.3206215996451916,0.387153,0.5181250621213092,0.1666850386892761,0.22291,0.2028538146214129,0.3448618201119799,0.224634995006852
15-11-2035,0.4307407858804774,0.339759,0.2945446755471449,0.354542,0.5339641318058908,0.1532090742646607,0.205342,0.1900216605568968,0.3348180447471009,0.207291529962996
22-11-2035,0.3052884775202787,0.344596138444977,0.2954080110794013,0.3467306467099106,0.3934621405500637,0.1434644609348604,0.2162526841130569,0.1841329494261868,0.3118253820566146,0.2115234609278573
29-11-2035,0.2971074533694333,0.3233564674678315,0.2831055225046001,0.3220400641974255,0.358910363957833,0.1343809540506314,0.201602279911689,0.1732264859583869,0.2969559423332261,0.1997261500606516
06-12-2035,0.2732250002481279,0.3057801552817239,0.2657499805866303,0.3013913915120219,0.3339882031259313,0.1271713903669378,0.1932119845828636,0.1645245734474878,0.2879909255586491,0.1908300449485298
13-12-2035,0.2552659319119955,0.2935382833560085,0.2510523281564873,0.2842776950428724,0.3140548895069085,0.1274623686713696,0.1882046577787067,0.1574128518778645,0.2738227236230126,0.1831453211420187
20-12-2035,0.2054826057371444,0.248937,0.2214026971409561,0.244614,0.2712250231276847,0.119285,0.1577472559148005,0.1513026122127611,0.245406,0.149215
27-12-2035,0.1919757751636949,0.242332,0.2088119138188846,0.230454,0.2561674148499066,0.116429,0.1494549800481897,0.1440475037192988,0.238524,0.143651
03-01-2036,0.1805242408515933,0.23604,0.1977857885629148,0.21761,0.2434884896894827,0.113779,0.1439061344631662,0.1377837912252751,0.231772,0.139294
10-01-2036,0.1711311813063135,0.223761,0.1923929799790406,0.206004,0.230408136170878,0.107775,0.1391522029874607,0.1333791772635389,0.223334,0.133296
17-01-2036,0.1747785726495806,0.2303668968390766,0.1971128401780592,0.210337670959988,0.2270734537243908,0.1054827907858327,0.1464682519605833,0.1212173084290172,0.2280285724544981,0.1328771377433207
24-01-2036,0.1724891875744868,0.2228880693560455,0.1900578219376769,0.2024187192800952,0.2189665004155581,0.1016143064235246,0.1567268173102218,0.1195092561281199,0.2239682054892517,0.1304925864405615
31-01-2036,0.1639406853457433,0.2137271068370288,0.182375863709476,0.1935802185157129,0.2107940954601287,0.0972799214340042,0.1580064018512659,0.1151018900689359,0.217742345987445,0.1274504080297068
07-02-2036,0.1575271110243307,0.2251731670346281,0.1765935377125127,0.1865740943617336,0.2022222312145579,0.0962615610100847,0.1503331103898203,0.1114735392398359,0.2083611734285785,0.1231301029412062
14-02-2036,0.1566601558593379,0.2405545383432434,0.1759573889294391,0.1848916849396505,0.1975474017499527,0.0960082219077283,0.1520014165581659,0.1200105493264928,0.2050684524134085,0.1213408416678558
21-02-2036,0.2968720985286711,0.201189,0.1851767836631829,0.176614,0.2496528872614429,0.0890071,0.128243,0.1573737438953784,0.182236,0.10925
28-02-2036,0.3006676875771797,0.264252,0.1828097058859304,0.198891,0.2473596586003105,0.0865735,0.13376,0.1683443350014268,0.193658,0.106266
06-03-2036,0.311974368108879,0.317145,0.1820452021957166,0.23675,0.2482724048547884,0.0846329,0.185629,0.1536139855049013,0.216092,0.10363
13-03-2036,0.3311151178363867,0.278928,0.1830794614065907,0.257055,0.2583121877020991,0.0926872,0.237472,0.1465836570791458,0.216155,0.108594
20-03-2036,0.5350763560988283,0.277662,0.3994551132712951,0.7875593667126549,0.167829,0.100585,0.241321,0.4213937498757754,0.5079510555320047,0.115882
27-03-2036,0.5585705097999241,0.279758,0.4154139035718868,0.7758655270410478,0.170878,0.119695,0.236082,0.4347841516798127,0.5082316149434698,0.114729
03-04-2036,0.5937090414789385,0.295619,0.4419028918340427,0.8002162769524939,0.18112,0.401513,0.223189,0.4419985291036263,0.516008307418967,0.118781
10-04-2036,0.5007555566549357,0.380841,0.4371260630963062,0.7941770542055245,0.266637,0.670811,0.357927,0.4402650593645735,0.5116040584409713,0.140952
17-04-2036,0.3893250856056491,0.7732069913316999,0.3198018560234526,0.8476872260180315,0.5594983302900554,0.970444836444636,0.6113984917546632,0.4028867383948429,0.253992,0.4866211539346154
24-04-2036,0.4114106161833976,0.7135787947304417,0.3691669321074517,0.9654009966677708,0.5489938690565405,0.9621047963512186,0.6650653337295579,0.4129343196104321,0.334426,0.5262448752230884
01-05-2036,0.4577243760370614,0.8895636739053787,0.7975214889423432,1.3385075476884143,0.6799172047246221,0.915168566552746,0.9751204626316358,0.5401489268078652,0.387867,0.6339785445661459
08-05-2036,0.4523971985106096,1.5221053604985324,1.020742769215882,1.5745204381326992,0.8032936425210726,0.8153615003817754,1.061784331407852,0.7042130851751913,0.419457,0.7070576266008279
15-05-2036,0.4367805826254449,1.7767638969286783,0.8663514505137758,1.5758288430760423,0.7382340268020241,0.7956494219045698,1.0221025428596644,0.7165403625361044,0.402982,0.6494888079394714
22-05-2036,0.4771619868101696,0.900354,0.407579,0.688862,0.427605,0.7546057477126565,0.848572,0.238457,0.466759,0.249432
29-05-2036,0.4706366639080842,0.788869,0.371754,1.08664,0.395744,0.712343571554616,0.729492,0.23345,0.50137,0.242134
05-06-2036,0.4606543661988953,0.801206,0.358913,1.38847,0.541813,0.7741491202362418,0.679437,0.488209,0.448944,0.260943
12-06-2036,0.557106429500589,0.815318,0.389909,1.1331,0.904974,0.8375340671309488,0.754746,0.74841,0.438243,0.271546
19-06-2036,0.168958,0.790873,0.4669583446944771,0.975942,0.953461,0.8877068973215068,0.870914,0.723119,0.475465,0.292486
26-06-2036,0.192595,0.751879,0.4706173960103381,0.87271,0.79691,0.8479292927781307,0.828772,0.698877,0.503771,0.308217
03-07-2036,0.231292,0.708321,0.5138751380292916,0.885229,0.748971,0.8320095323752841,0.720157,0.729547,0.641362,0.288959
10-07-2036,0.234476,0.69689,0.4987868421922303,0.96809,0.772066,0.808803158520511,0.695883,1.14118,0.718562,0.327266
17-07-2036,0.3085568712307327,2.4094992824895205,0.577731,0.95385,0.734567,0.35374,0.780593,4.25102691675003,1.4794686204199223,0.346881
24-07-2036,0.3196063801241821,2.3264817202166075,0.66468,1.11335,0.781067,0.417342,0.900779,3.6255660043242224,1.3133331689664325,0.419724
31-07-2036,0.3200833635717806,2.207429787193294,0.80892,1.38695,0.79738,0.444708,0.873393,3.262365379395076,1.2117610262425271,0.459229
07-08-2036,0.3054341679043402,1.847969864444388,0.911942,1.32511,0.711972,0.40906,0.755226,2.7100121280310736,1.0731565637568647,0.446035
14-08-2036,0.3003379907046852,1.719686829701987,0.754267,1.10202,0.660601,0.430568,0.66886,2.417411517461292,1.0360388537513603,0.429791
21-08-2036,0.2778398873261478,1.1601585330451951,1.049967303798299,0.946449,1.452776081870794,0.528994,0.600842,0.605554,1.135590593895704,1.1841808075424844
28-08-2036,0.294883648377982,0.9582530842670188,0.8871760788660198,1.11511,1.181412752760394,0.547119,0.651376,0.547095,0.9701589267694134,0.969511940684288
04-09-2036,0.3195197501753574,0.8732989235877153,0.7801408252295305,1.21322,1.0458560591446864,0.471749,0.679496,0.511781,0.908927640616254,0.9067534058758764
11-09-2036,0.2856887800709433,0.7795149673316532,0.6887348496342188,1.01885,0.9362138846047928,0.41548,0.591458,0.51611,0.8164828762289071,0.8099335189604899
18-09-2036,0.2371240328352842,0.5799137173311031,0.5552909365132916,0.985714,0.6721970640008252,0.371645,0.7260889228219084,0.5281854688503126,0.8770876287503545,0.2872187095876552
25-09-2036,0.2146888076071462,0.5195053375916366,0.5228118599234409,0.945583,0.6093399882744885,0.334055,0.6366736041650888,0.5263858420010173,0.7115739854162928,0.2668071468187672
02-10-2036,0.1938422293022612,0.4630580445108166,0.4825680508442518,0.877606,0.5673026537215484,0.304099,0.5592853698359567,0.5143539137470884,0.5728181594358022,0.2453037172359388
09-10-2036,0.2041006146311888,0.408724713726421,0.4203180368320284,0.816975,0.5001492822271355,0.314205,0.4878137648989061,0.4521003542987346,0.4637556737484655,0.222623955196808
16-10-2036,0.219413,0.313144454399506,0.4834656184925775,0.724399,0.3600643067071215,0.318285,0.3829205283961456,0.39195,0.2752320436588749,0.3481073114196078
23-10-2036,0.207775,0.2965566557359732,0.4551129569097862,0.68265,0.3332012494535184,0.291406,0.3524643419412778,0.356402,0.2569320372515478,0.4114017765085818
30-10-2036,0.185649,0.2747473494710814,0.3897718024987525,0.642392,0.3086480691066422,0.26796,0.3236450127081809,0.328584,0.2360466472707011,0.4016082423606127
06-11-2036,0.16977,0.2566648098195968,0.3608254962078213,0.57709,0.286615919245514,0.243259,0.2995577387546486,0.303855,0.2224408557914846,0.352127045886163
13-11-2036,0.15406,0.2386989252794871,0.3600381223592506,0.519336,0.2645958948351901,0.22115,0.2762161457616268,0.278737,0.2070228486438349,0.3082488232243267
20-11-2036,0.1531596683314664,0.2323900176557558,0.2943361187142647,0.5171244698211187,0.2599101267412787,0.2188299189449223,0.2712522965732473,0.2756522930289408,0.1973524310081179,0.2095193220011379
27-11-2036,0.1423526860220516,0.2188563783574213,0.2669947680409737,0.474218182943671,0.243754236927091,0.202221724420136,0.2536132604582816,0.2554252709528957,0.1870695358496666,0.2040977640363915
04-12-2036,0.1575506078931632,0.2988130654261058,0.2466196245331595,0.4378459298597133,0.2298671493922173,0.1888088319978249,0.2395147769156785,0.2391662964327589,0.1784627832286454,0.1914761617220519
11-12-2036,0.2054976889523222,0.3567180993065245,0.2303495170028621,0.4087010928466158,0.2189715659636031,0.1780361224877942,0.2287768718369874,0.2265561496391275,0.1717709931245407,0.1790308170080122
18-12-2036,0.196769,0.2814123610623608,0.2129225386918257,0.3422964204571396,0.1938036769721336,0.1528392724678782,0.1950969009585872,0.2024846642743311,0.146407,0.154953
25-12-2036,0.174222,0.2640752475797686,0.2001150163455787,0.3197155328382735,0.1840820383946464,0.144001174926164,0.1843907727075416,0.1919700110825301,0.140527,0.145403
01-01-2037,0.156662,0.2507228404932135,0.1890285427545126,0.2996799356911735,0.176653367254855,0.1361129268906547,0.1765920383643091,0.1827734840764125,0.139569,0.137263
08-01-2037,0.144048,0.2449600492243948,0.1794745619980972,0.2820031481565376,0.1816128076696519,0.1310753785767684,0.1967478754792067,0.1820335241654659,0.148595,0.130645
15-01-2037,0.1489957829022102,0.236636,0.1716708509520471,0.2811380833782949,0.1962877330171409,0.1310013568177482,0.2185235425119774,0.173664265655296,0.159490598755304,0.1375958087531496
22-01-2037,0.1768615972849045,0.224079,0.170579928349446,0.2694244942125156,0.1873792387865583,0.1258484098316191,0.2092115421637651,0.164786949671965,0.152002309335207,0.1338114961570091
29-01-2037,0.1959278719426465,0.212083,0.1678690985720879,0.2572668748956184,0.1779558294444904,0.1201325493814197,0.2015054208746736,0.1570850352538788,0.1447732884937518,0.1302979010312536
05-02-2037,0.1769585246119149,0.213035,0.179182489322202,0.2472625251593595,0.1724377631476279,0.1158810595641625,0.1905127346476464,0.1504315138814107,0.1393659087719927,0.1298141212116746
12-02-2037,0.1707833949789409,0.219958,0.1909425085149752,0.2422761924893154,0.1743697383694526,0.1151679105415519,0.1855171057878127,0.1458604355331976,0.1377865949434287,0.1325771580940649
19-02-2037,0.2792299361257564,0.212365,0.2183995426710373,0.2879314247976573,0.2101371554518915,0.1696525768585896,0.2504287882616404,0.2221824170280163,0.1471461786694396,0.1771581476365263
26-02-2037,0.3086473053787921,0.252869,0.216259772336861,0.3278515409687929,0.2091135609167405,0.1702558989634895,0.2608533955550644,0.2214154414002395,0.145108713870227,0.1852335107611926
05-03-2037,0.2987889354676355,0.286008,0.2118495628109518,0.3019679563139643,0.2153002874943953,0.1744299674954786,0.275009832562608,0.2322722382157326,0.1469853174986136,0.1937035549228596
12-03-2037,0.3083425667196788,0.264584,0.2102391143198076,0.2879594449242392,0.2237420685506938,0.1823602272707982,0.2792158718477223,0.2465091076475386,0.1576752076343495,0.1996040289399784
19-03-2037,0.155881,1.0783515441442462,0.3939295525122236,0.3746002440025342,0.6594922430147963,0.4250624726455679,0.2617795856617722,0.5684728274767481,0.302445,0.381465
26-03-2037,0.162409,1.088245643390116,0.4069391945581276,0.4351576219935245,0.6829367731378608,0.4418159185303519,0.2987257162637068,0.5885307373238757,0.440328,0.600618
02-04-2037,0.217106,1.1138788356806804,0.4231569017102269,0.4050625561306153,0.722728174876637,0.5121727201753418,0.3301153458149418,0.6096759320311582,0.35398,0.45108
09-04-2037,0.251973,1.1030209688957968,0.4201371535465648,0.7119204441813586,0.7232868184710387,0.5410618397533803,0.3095113493766683,0.5989374367601896,0.316232,0.806738
16-04-2037,1.054747312638459,0.8422775603092569,1.5043184795763405,1.426575897718008,0.6365353657604845,0.2727005457445284,0.8109072946798923,0.2553122826884757,0.4862963872204213,1.6513291330673656
23-04-2037,1.1871870410498144,0.9305814469915386,2.112907161911962,1.5512877256635085,0.6479636183114101,0.2904761674071597,0.8026231251929593,0.3908399177064367,0.5073334999157301,1.3975384118327376
30-04-2037,1.1004683545028235,1.6765174988173812,1.744875495317824,1.3070485972073629,0.95246991707654,0.3067849128813381,0.8067050370497189,0.3697165834552092,0.5029046686620009,1.2778103382509527
07-05-2037,1.0283426580835369,2.162411036851151,1.6202638194029075,1.2348074208364117,1.1622642995997277,0.3004097614600512,0.801599734792379,0.3447792016918921,0.6695012820560187,1.1715311259880723
14-05-2037,1.040178630538146,1.8598310267270384,1.5537922370309245,1.1624889924549089,1.0231219497131188,0.4047471748832568,0.7895611392275326,0.3403238312974627,0.8512056107355471,1.0748888341162877
21-05-2037,0.8326694398480019,0.692732,0.571593,1.8141264777375985,0.233095,0.314997,0.7404248623891696,0.315847,0.570176,0.534923
28-05-2037,0.8501092728183541,1.22326,0.515748,1.702350787952207,0.482798,0.333871,0.7380359585292448,0.286361,0.55129,0.512591
04-06-2037,0.8097025319826296,1.45655,0.58491,1.6949954606553996,0.663284,0.342646,0.7826088498232872,0.267729,0.746793,0.517764
11-06-2037,0.8164175106317799,1.16541,0.69844,1.7553583012196134,0.55548,0.335276,0.8852805526451193,0.315834,0.91015,0.569109
18-06-2037,0.317605,1.10128,0.777529,0.756743,0.5465802608013381,0.289523,0.1901514605740672,0.3862327024819971,0.832174,0.630199
25-06-2037,0.32949,1.05515,0.823388,0.754916,0.4732592931944658,0.264506,0.1798616966926137,0.4026568387903149,0.855779,0.70448
02-07-2037,0.396156,0.983331,0.760512,0.812694,0.4511381427387707,0.338801,0.2230540571543635,0.4454842804280423,0.937405,0.779534
09-07-2037,0.450558,1.02179,0.675686,0.939636,0.4695204286075892,0.63135,0.4172468188004027,0.4360272184390862,0.894792,0.828882
16-07-2037,0.401028,1.0452,1.2398,1.04176,0.5083433966514853,1.08697,0.6984338144542914,0.3883019331647196,0.802685,0.887209
23-07-2037,0.421663,1.03694,1.71832,1.3371,1.8666684150892616,1.29212,0.824786,0.41746,0.744966,0.908827
30-07-2037,0.431053,0.983325,1.43558,1.40428,1.6664995250791452,1.10246,0.892681,0.455449,0.720601,0.868646
06-08-2037,0.479207,0.885446,1.31823,1.18236,1.3704656725535314,0.867329,1.013,0.428417,0.769258,0.845795
13-08-2037,0.510425,0.810561,1.21143,1.01877,1.2733192826540596,0.727793,0.955906,0.398587,0.827115,0.837944
20-08-2037,0.516523,1.6091345063898024,2.2149471400937024,0.899359,0.887044684710125,1.360765844622596,2.186128195930877,0.6849687938274359,2.8102210077692806,2.282519331179125
27-08-2037,0.554154,1.3530264650427402,1.840583952557352,0.923791,0.721124754169076,1.0788707013069871,1.724450408249032,0.6181988678395458,2.5027147607567595,1.889377843044411
03-09-2037,0.504503,1.195688093741761,1.6325581421915207,0.922557,0.6379001746101982,0.9230070632524988,1.5316022241754734,0.6350798739748621,2.146055143722875,1.756313393063323
10-09-2037,0.432738,1.042288030788795,1.3776838260796933,0.811841,0.5886713293762931,0.7893023811945583,1.280441929959491,0.5944856386828091,1.7235506284386306,1.4721631357271183
17-09-2037,0.6020584652396996,0.7203098391157203,0.831688492176121,1.293733075688245,0.3759974616640543,0.4744153079130457,0.6158683002133845,0.3337580874458206,0.9738974239216062,0.9686501395739012
24-09-2037,0.539868136936963,0.6414913504216391,0.7496858636832876,1.1043017142878857,0.3419782181891747,0.4328799636782011,0.537018327364644,0.3047002662200377,0.8483694674244044,0.819301479304982
01-10-2037,0.4627032964108557,0.5802354804180407,0.6924661895983073,0.945128156937416,0.3166802890302344,0.3962086211998655,0.482297785050981,0.2797958977065956,0.733406828280414,0.6915524703472509
08-10-2037,0.3862890892666775,0.5223071792586805,0.6376836060833381,0.7923534669620997,0.284206804546102,0.3553982294209888,0.428110723356502,0.2542098787810673,0.6369795779989862,0.5662944489713215
15-10-2037,0.3545669557775245,0.4919907601157564,0.5752698354260013,0.7853009892726655,0.2733439885198329,0.3261706949415695,0.3898239038510708,0.2404704395965242,0.5725848384581905,0.5027353634917917
22-10-2037,0.4206362187098678,0.3970573820967217,0.4768112325921442,0.550955,0.192665,0.279965,0.3188907078970147,0.228818,0.4658582639914456,0.332838
29-10-2037,0.4164720536581752,0.3658670320956573,0.4361578190596243,0.497615,0.181214,0.258996,0.2920679687385353,0.22734,0.4227832044875457,0.309125
05-11-2037,0.4371883000138289,0.339544333424232,0.39941284449772,0.45501,0.170517,0.239431,0.2691501661633558,0.2158,0.3849793263358489,0.287769
12-11-2037,0.3764053411762101,0.3127977286560778,0.3663635420946844,0.414887,0.159814,0.220781,0.2478565909675682,0.197525,0.3522629899803144,0.266044
19-11-2037,0.250755763522497,0.3517288163713094,0.3480198763554983,0.4532137869229465,0.1622526547506373,0.2181110843228229,0.2363122367197973,0.1996163880623981,0.335994,0.2861847452780403
26-11-2037,0.2299483676521562,0.3304264135751042,0.3246678326030133,0.4236715438470211,0.1534211024136505,0.2036722977652864,0.2237764417321516,0.187772888611233,0.324183,0.2681157815717218
03-12-2037,0.2136723541594473,0.3162337432872314,0.3049773331668207,0.4013655978901483,0.1468320811924166,0.1911820482864968,0.2109676593239151,0.1767204628013922,0.300077,0.2544900029826518
10-12-2037,0.2002728739236891,0.3049825303455639,0.2903192253460892,0.3874524130900748,0.1424163153461184,0.1838301541232927,0.246208540081016,0.1707778218677273,0.279711,0.2443842164331734
17-12-2037,0.173532,0.214211,0.263818,0.2983063079377991,0.1259067948592697,0.161343,0.255405,0.149524,0.26149,0.18666
24-12-2037,0.163123,0.202525,0.247862,0.2798917178245884,0.1199926374875002,0.152574,0.232371,0.147085,0.247902,0.176312
31-12-2037,0.153837,0.192945,0.233192,0.2633294390087771,0.1148978130827322,0.14524,0.220343,0.143526,0.236899,0.16783
07-01-2038,0.145501,0.184864,0.220233,0.2497863899189555,0.110496106957288,0.138354,0.209837,0.138021,0.225236,0.169417
14-01-2038,0.1460100420235842,0.1895967522795049,0.2280532845437757,0.2373987263099203,0.1085119793897389,0.131673,0.2155049190197359,0.1358899656202686,0.217262,0.174406
21-01-2038,0.1407166514475589,0.185993151959756,0.2199589465881898,0.228274223843685,0.1064101017250057,0.163111,0.2118068483216474,0.1298030470901003,0.211241,0.168154
28-01-2038,0.1348400281751952,0.1788150235554559,0.2104629263797523,0.2180891731956595,0.1038443053092357,0.188957,0.2059673809395792,0.1241831317911008,0.202387,0.159387
04-02-2038,0.1299611879313045,0.1726119456377057,0.2028787654387665,0.2097937602826854,0.1009243877959351,0.166613,0.1955124018779873,0.1197236706383545,0.193181,0.151999
11-02-2038,0.1280851606597368,0.1707476694077121,0.2649758304667499,0.2042098805315316,0.1013645693229128,0.154728,0.1953338995497207,0.1169850111805278,0.185382,0.145708
18-02-2038,0.1444155283104581,0.2007672889178364,0.280012,0.3267283590776395,0.1498333022490969,0.146476,0.171035,0.1321373647232814,0.178619,0.1792556991093516
25-02-2038,0.1432104680634803,0.199299576223533,0.309971,0.3265681388280007,0.1510081614737688,0.180187,0.168428,0.1311949222422331,0.175127,0.1781719023684982
04-03-2038,0.1436312490046213,0.2218497872672444,0.33232,0.3317133827754625,0.1551915518771012,0.211414,0.161619,0.1303429722214911,0.172149,0.1858618150099817
11-03-2038,0.1452684681537654,0.2430032665998946,0.29474,0.3432736280749044,0.1688213531486155,0.190844,0.182516,0.1341813360484917,0.167437,0.1986492562917964
18-03-2038,0.103016,0.163752,0.28448,0.6243148826754945,0.1893193605828568,0.3095802431963701,0.2442245696833244,0.105004,0.163216,0.146761
25-03-2038,0.102315,0.176186,0.282539,0.6415030102436857,0.1930267713720619,0.3021594598526652,0.228427542400467,0.102374,0.159023,0.149604
01-04-2038,0.10253,0.245052,0.272775,0.6745104620294501,0.2047109075355689,0.2997237271085982,0.2206518030988043,0.10089,0.181279,0.178199
08-04-2038,0.10264,0.279042,0.281713,0.6693947439492536,0.2229506859562621,0.2923288484870131,0.2294877248163066,0.125734,0.635802,0.215662
15-04-2038,0.232963,0.251818,0.288982,0.6933613923089617,0.2573168758976594,0.31854729221802,0.3085149155727503,0.165395,0.992277,0.234736
22-04-2038,1.2109521012551605,0.3592866729520895,0.3275080762962544,0.5959673325294494,0.5489843987069583,0.6606184957665499,0.358226,0.6897561200924626,2.2559330943785594,0.227949
29-04-2038,1.0862613283120763,0.4532875069849736,0.4023584155036268,0.8435377688679563,3.727452217222661,0.6898480074747175,0.380066,0.6978884664556751,2.112630213430603,0.286083
06-05-2038,1.0307599822029312,0.5291996985860293,0.5047911227685985,0.9837213321195826,4.394922640206915,0.7532773339226226,0.344675,0.766362367514888,2.033656618708535,0.346658
13-05-2038,0.985984281999664,0.508188301719285,0.4920769169145123,0.8904174473755733,3.4582876429301592,0.7653735295783123,0.311663,0.7762842478066684,1.990836793041785,0.317362
20-05-2038,0.817236694128076,0.9741715657874856,0.381694,0.277935,2.40686,0.30614,0.315613,0.241615,0.704392,0.378433
27-05-2038,0.7873419190419326,1.0293783959626408,1.19399,0.257475,2.16526,0.532405,0.317451,0.244769,1.13138,0.422765
03-06-2038,0.7771013145067307,1.069182636821067,1.67487,0.265982,1.87297,0.575135,0.336799,0.230042,1.28835,0.374087
10-06-2038,0.8520313937762993,1.056216610769259,1.21151,0.287686,1.61762,0.551332,0.365888,0.239142,1.14207,0.373061
17-06-2038,0.243987,0.4275289119508681,1.04326,0.281187,1.5528,1.2283372982437206,0.356095,0.2867416085645685,1.157042884952299,0.7509018198410562
24-06-2038,0.265685,0.4090902068683805,0.971374,0.268429,1.46731,1.1099973420907892,0.438061,0.3219012424255582,1.196128442171238,0.7623130848658666
01-07-2038,0.283563,0.4009049034797073,0.911189,0.42323,1.36593,1.0439154438374507,0.716403,0.3295522499263731,1.438807624075079,0.8024606671724605
08-07-2038,0.584288,0.3968659578196754,0.853884,0.535206,1.32831,0.9229632455306565,0.781081,0.4734321008501782,1.5316025887476246,0.8619582834079731
15-07-2038,0.869335,0.4113744896732567,0.839213,0.444488,1.2575,0.885923837370373,0.849918,0.56025830603147,1.4710985708701028,1.0668082317818033
22-07-2038,0.858214,0.351032,0.945308,0.42847,3.9328129028035175,1.690393037920448,1.09145,0.5417489461425024,2.570322724511283,1.825508504717451
29-07-2038,1.04725,0.367678,0.961374,0.644714,3.63031307568452,1.4726868052594222,1.19053,0.4809583082120734,2.630934312362048,1.8924777840234075
05-08-2038,1.23545,0.32913,0.844841,0.785149,3.079873767610625,1.1656831290924885,1.06432,0.4281141136088796,2.3967992290046265,1.671702680959294
12-08-2038,1.15972,0.310377,0.75424,0.677573,2.7216992938994693,1.0756256736965273,0.896364,0.4429528045684426,2.3257554632225617,1.606287283347464
19-08-2038,0.984004,0.8544897135906433,2.032254788370067,2.2948701408152616,1.774619135886949,0.6009973223261186,0.859501,0.9377291630184372,1.38135,0.66145
26-08-2038,0.956619,0.7520629917044748,1.5948232125478157,1.7239682862421737,1.4632986704487534,0.5174318385761298,0.804231,0.7760863171609985,1.33231,0.655211
02-09-2038,0.920824,0.7047223260780322,1.3536170688261424,1.4608491886015262,1.2781986784243355,0.4785285221290102,0.705696,0.7143589063294684,1.16136,0.622006
09-09-2038,0.783413,0.6477448350974225,1.1087193356161302,1.168250173849137,1.1163005959637853,0.433155739200889,0.63523,0.6363072258429898,1.03627,0.54765
16-09-2038,0.9363359748553188,0.4416714804329614,0.6364008276726061,0.7108684907536136,0.6982697896748027,0.3504928499211803,0.7549851787549393,0.3026810348579677,1.4259945177756128,0.5702983899399099
23-09-2038,0.8461232421481548,0.3918959139407998,0.6071102995640916,0.6088880262948909,0.6580848647148831,0.3201743240572373,0.677785448540021,0.2769551583145789,1.2390205557921468,0.5089393585361928
30-09-2038,0.7193526958724591,0.3476260399687503,0.5706496801082908,0.5322596831362021,0.6141684957483159,0.2935830356491334,0.6104103693413465,0.2530420218050127,1.0831956256778266,0.457075612683335
07-10-2038,0.6067604087035323,0.2917541572466235,0.508801113529225,0.4553616491696048,0.5588002981878916,0.2530815768341275,0.5335959919990019,0.2296634007699419,0.9267859826623815,0.4036948355242276
14-10-2038,0.5424556009036312,0.2897100999579857,0.4750240638491566,0.4274173250987351,0.5153120885959415,0.2404605987098351,0.4870421639747432,0.2178549058835599,0.8316940558894415,0.3676739953730258
21-10-2038,0.433071,0.1986715952468569,0.3668333295274153,0.2889640382536542,0.4459494857058577,0.156284,0.363902,0.181345054950141,0.6144006002628392,0.3581653657029272
28-10-2038,0.392962,0.183138905836772,0.3384286346342875,0.2614801390454973,0.4112739227582637,0.14713,0.342762,0.169537947979439,0.5753960206249278,0.3172394782049972
04-11-2038,0.367041,0.1716195289970933,0.3132396239680765,0.2449429250062639,0.3810565945492875,0.138557,0.320255,0.1599364508575142,0.5488096109563992,0.2955074744043598
11-11-2038,0.340781,0.1602544851985449,0.2900206058469919,0.2265409698397841,0.3531330332166607,0.12961,0.293217,0.1492588707894616,0.5049626623024732,0.2714499212948393
18-11-2038,0.3184246396010048,0.1591111270699227,0.2803396226416774,0.2335252709004199,0.3393327968377701,0.1270944366199521,0.2901800952355347,0.1482183828178619,0.4784721085510995,0.2336881654206396
25-11-2038,0.2925064231120908,0.1521308022322766,0.2625232323601136,0.237316134971153,0.3155249170031412,0.1213643185623865,0.2755667395869168,0.1445047465549944,0.4494060470034808,0.2194448065132412
02-12-2038,0.270881976766115,0.1444841537677311,0.2467886259698517,0.2192462336303419,0.2951776809551241,0.1171498745980918,0.2589049964574169,0.1372383840105903,0.4153404979691227,0.207305231117003
09-12-2038,0.252756038711681,0.1387091571152465,0.2331747711946425,0.2076485544453847,0.2786207277326542,0.1133625860287796,0.2449636739064742,0.1315952288098467,0.3859382093247745,0.1970671892463183
16-12-2038,0.2363211359599042,0.1322673985935915,0.2195203606746854,0.1948810042976467,0.2626598954815711,0.1070075248320495,0.2295247421656846,0.1253560286638947,0.3598430867801049,0.1866226296327091
23-12-2038,0.2517774418583001,0.120119,0.1960713763768145,0.1666907060429486,0.25381,0.098887855741417,0.201715,0.114085,0.3480334265030281,0.169576
30-12-2038,0.2384944611441057,0.117766,0.1856582608649711,0.1580742163630453,0.263796,0.0939849626059334,0.191103,0.109346,0.3300534667798496,0.160481
06-01-2039,0.2532094125068786,0.112696,0.1779938103925377,0.1505386010621445,0.247346,0.0907933910395379,0.181645,0.111461,0.314874858185391,0.15208
13-01-2039,0.2874040574146556,0.109019,0.1711812996783737,0.1446802474685004,0.231165,0.0887415533307421,0.172689,0.114343,0.333768092193508,0.14465
20-01-2039,0.2396645345601672,0.1626983519271805,0.2158114338388958,0.149590561898561,0.2376092999772808,0.0875423484980798,0.1836421569934778,0.1368817912856475,0.306288,0.1404422328212757
27-01-2039,0.2288992434690553,0.2067262947356575,0.2167934569882624,0.1452200791249696,0.2263292166013709,0.0849284945195332,0.178718225297069,0.1424204593420812,0.284318,0.1345465989438698
03-02-2039,0.2122022220746292,0.2693713691830507,0.2077685982341718,0.1426923536524472,0.2174103414007894,0.0820521249026776,0.1716799495642358,0.1309116924014831,0.26817,0.1293672115919231
10-02-2039,0.2010609694526221,0.3117073931102958,0.2135106790981927,0.1445938216983701,0.2146119730467801,0.0804797921345107,0.1724799686573477,0.1331999482489628,0.287474,0.1260151593892763
17-02-2039,0.189476,0.233471,0.151219,0.141013,0.182676,0.0807982,0.2077722445335451,0.1281091465054251,0.316934,0.122468
24-02-2039,0.18265,0.313038,0.149717,0.163021,0.194288,0.0861975,0.2087965188144062,0.138390808080081,0.312609,0.125645
03-03-2039,0.212794,0.368309,0.168232,0.180338,0.205409,0.0850524,0.2076114608051806,0.1456648263299153,0.326553,0.15107
10-03-2039,0.239962,0.305809,0.179895,0.206565,0.197412,0.0825684,0.2096669885278822,0.1411464901498291,0.333076,0.168172
17-03-2039,0.228388,0.271187,0.169008,0.204526,0.191503,0.0797563,0.138066,0.3270461628124146,0.329257,0.155197
24-03-2039,0.22268,0.258986,0.173925,0.202343,0.184516,0.0776999,0.143585,0.3296864023752033,0.324366,0.146891
31-03-2039,0.215884,0.255819,0.197011,0.232983,0.182906,0.147146,0.146082,0.3363005660182678,0.308059,0.156659
07-04-2039,0.246906,0.245331,0.203031,0.254425,0.24798,0.278913,0.141573,0.32688877188793,0.336387,0.16469
14-04-2039,0.28297,0.350542,0.204543,0.243218,0.358883,0.321816,0.27502,0.3410673342802328,0.394347,0.194011
21-04-2039,0.274608,1.2826665078383237,0.5265097795896697,0.300984779177902,0.5688521028467662,0.44404,0.6983699944933328,0.7447272586551469,0.398765,0.927314324387164
28-04-2039,0.285356,2.4252837071519053,0.6170106553408166,1.6454877085943038,0.5601592924583402,0.630504,0.8454110577834565,0.7395602161881164,0.576736,0.8896978540385325
05-05-2039,0.329905,3.197048236689652,0.6144244942696161,2.50209363581555,0.5609620790593988,0.611023,1.0999884263759596,0.8156266969103909,0.72932,0.8396911522035915
12-05-2039,0.372672,2.8333417789172417,0.5733430661265957,2.025026344507147,0.6192986201140238,0.564222,1.1229549709655136,0.8799466300488032,0.658651,0.8075917077323096
19-05-2039,0.370076,2.564577722446045,0.292072,1.58589,0.9798165726691004,0.562388,0.734286,0.151752,0.728607,0.198499
26-05-2039,0.341813,2.377267880683104,0.306957,1.34332,0.9306277604026708,0.53793,0.701106,0.163274,0.924587,0.217516
02-06-2039,0.521067,2.20554246855746,0.39839,1.28323,0.8697632633923703,0.499477,0.61038,0.158456,1.11584,0.209666
09-06-2039,0.76605,2.1228473509904604,0.469845,1.24849,0.8631789849900637,0.44534,0.543245,0.15172,1.435,0.203317
16-06-2039,0.813103,0.712058,0.419432,1.11619,0.470284,1.136686433970235,0.6472968644366276,0.143309,1.50379,0.7045617637550663
23-06-2039,0.754834,0.668238,0.411988,1.12108,0.577695,1.033693550335377,0.5863824219724172,0.138734,1.55675,0.6885898921267243
30-06-2039,0.678225,0.615217,0.599096,1.23317,0.521489,0.9859278202456572,0.5868446381809084,0.189555,1.69958,0.7523002758651275
07-07-2039,0.656389,0.851448,1.20639,1.36891,0.483973,0.8564037007541856,0.6588952674066565,0.292598,1.60526,0.7702913043349716
14-07-2039,0.660601,1.12853,1.42399,1.36443,0.449117,0.8489037212233415,0.7173925649653379,0.327156,1.45348,0.8944685689992493
21-07-2039,0.715004,2.781100410591267,1.40376,1.23653,1.6176127594522416,0.341033,0.618237,0.291119,2.460747177174956,0.272059
28-07-2039,0.846718,2.591450587290081,1.60043,1.49418,1.4772313226755769,0.420213,0.58013,0.36965,2.350408267263916,0.431358
04-08-2039,0.8439,2.372814924146654,1.5322,1.60733,1.2411944990333903,0.50143,0.530687,0.523504,2.1405624362410087,0.627572
11-08-2039,0.823387,2.2440566326367204,1.3397,1.34251,1.1682930305853014,0.469524,0.541568,0.501429,2.046041041035428,0.6401
18-08-2039,0.814609,0.669372,1.2269,2.1506080638376206,0.331048,0.7250659582906148,1.1050125794685517,0.409854,2.066059740603825,2.697518556914299
25-08-2039,0.768026,0.603631,1.11383,1.8347449145368804,0.354533,0.6377986158888953,0.9895911381303346,0.429528,1.842205882432145,2.665215837710816
01-09-2039,0.715656,0.565251,0.978212,1.6452392674090777,0.381292,0.5820189394455269,0.9422120878416896,0.431444,1.6828016979295335,2.3991052799064883
08-09-2039,0.631855,0.564473,0.924685,1.5048893756803454,0.349561,0.5272044685733607,0.8525430469812105,0.362346,1.4321624803135222,1.7754916661620146
15-09-2039,0.663394,0.56784,0.892885,1.3671248103406397,0.31481,0.474984679145163,0.7664513689638548,0.315322,1.22305947121911,1.3981930436026455
22-09-2039,0.7650956673319396,0.6637269445549724,0.9415829206115642,1.270396459599079,0.335197523033269,0.3981859115705647,0.5020626962818444,0.5612928421693167,1.1759350959002846,0.8483928876004673
29-09-2039,0.6489128507536631,0.5834826097623191,0.8201269662279282,1.087957724570857,0.3329266017998632,0.3557506305746382,0.4444300256086629,0.5150106836853166,1.0139419989417116,0.6887097940168871
06-10-2039,0.5641049718131295,0.516260758292506,0.7956897171052107,0.9172437823760335,0.302585904096544,0.307265290519786,0.3863412342210522,0.412383058127847,0.860906275988762,0.5606371757522373
13-10-2039,0.5127263178265796,0.4813323113481618,0.9332076859896304,0.8224435384016207,0.280978668186239,0.2817758478875686,0.3584909395225429,0.3770146667616928,0.7753248363271711,0.5122268883045646
20-10-2039,0.4446868963880938,0.378628,0.8785956816503271,0.527728,0.2654171614405903,0.211995,0.272293561625809,0.2398118389194538,0.7368993178601687,0.3126658319544765
27-10-2039,0.3986294486378415,0.348999,0.7362461380386086,0.486163,0.2412869949891901,0.197082,0.2516471625020073,0.2186395164062621,0.6426587349674258,0.2811827099658961
03-11-2039,0.3637061954182544,0.323493,0.6421282069596091,0.448943,0.2242148573320464,0.18371,0.2340631046853718,0.2004423958489147,0.627517984975388,0.259796643254114
10-11-2039,0.3304670427916933,0.298902,0.5663905012121481,0.412931,0.2065349487111167,0.170201,0.2169147379493395,0.1829738121164526,0.6025205105837429,0.2372306354918297
17-11-2039,0.3042907210289097,0.2902545922578941,0.5187546464003417,0.393698117126429,0.1938258961009005,0.1662265630076466,0.2195140940409006,0.1793588442153332,0.4275374273389526,0.2154540320014842
24-11-2039,0.2804259874810575,0.2700085094312737,0.4900584150294768,0.3656221777755377,0.1819790248340935,0.1557668835331161,0.2060555227966389,0.1684012358668265,0.3944445953100119,0.2008138846253636
01-12-2039,0.2610351255694486,0.2534352225965388,0.4632035021765097,0.3423435109599786,0.1725990374091123,0.1465295335110273,0.1965099062787983,0.159541086736463,0.3663450825046599,0.1886927987229194
08-12-2039,0.2462702897687045,0.2399156711764788,0.4265826388452131,0.3214000248364766,0.1648186789005823,0.1387981703380269,0.1901975355382611,0.1528282407390278,0.3430390843239979,0.1795563436617439
15-12-2039,0.2313094489443914,0.2265022128012536,0.3946381535407284,0.3005628035051078,0.1558484143496256,0.1308002801312472,0.1801123873264975,0.1443414430109325,0.3227517099086902,0.1697439255168316
22-12-2039,0.204879,0.2141104729895917,0.339337,0.3104188854967583,0.1396477113216816,0.1209287132185609,0.152221518311198,0.1243509284399065,0.292602,0.150865
29-12-2039,0.192793,0.2031863727469821,0.316447,0.3034877799004719,0.1331924872498988,0.1157326697505446,0.1474110838019889,0.1184931641827859,0.275664,0.146388
05-01-2040,0.183489,0.1939983775866554,0.296831,0.2899980248380904,0.1276533153454249,0.1107154647025584,0.1407250233026493,0.1139148476367735,0.26854,0.146361
12-01-2040,0.175331,0.1874955485831716,0.279915,0.2955782092182737,0.1227767152674836,0.1063942992127038,0.1347188953955005,0.1092885103263959,0.262161,0.144892
19-01-2040,0.1834979065254235,0.163712,0.2934623993286787,0.2908909684314025,0.1304440063148182,0.1039189750632914,0.1292664186777006,0.1140582029191229,0.2749479363843892,0.154674178540588
26-01-2040,0.1883193971015477,0.158482,0.2786267792119108,0.2755843817230391,0.1255744038131059,0.0996959521233478,0.1242282092542082,0.1125799249903752,0.2625587285244523,0.1471508500607886
02-02-2040,0.1902405305687511,0.152287,0.2675378634997316,0.2644731672885086,0.1223627465247228,0.0965056329408638,0.1197862715455746,0.1083306536790872,0.2524449909387445,0.1415892688055233
09-02-2040,0.1850283677681824,0.14708,0.3254279276239242,0.2617862809159849,0.124279897879126,0.0966072340751483,0.1165930619737204,0.1079660062407713,0.2492418440648513,0.145387699401214
16-02-2040,0.189041,0.142746,0.4060159883485386,0.2469576242480321,0.109713852790837,0.1081051609548593,0.1514204698596911,0.1160085555168847,0.2831713384406203,0.1819186023936262
23-02-2040,0.210526,0.138684,0.3964569293340562,0.2433452657203275,0.1096645296748837,0.1119575092188759,0.1504372944659626,0.1167087519396438,0.2795615330904588,0.1810064815641734
01-03-2040,0.193814,0.135506,0.4103162256473675,0.2398943381614408,0.1107153137781157,0.1107846025322383,0.1524396249710631,0.1195799879476741,0.2788531160569756,0.1836687844244287
08-03-2040,0.188268,0.141938,0.4034128587935411,0.2674692328344267,0.1100768074766406,0.1107791339592363,0.1561337018893641,0.1210349886528967,0.2828618966559404,0.1988358574552279
15-03-2040,0.20119,0.147646,0.3858832307262809,0.292257374509847,0.1149827661542066,0.1087790552511894,0.1686747495992681,0.1206830023367196,0.2832213310808409,0.2077311803976266
22-03-2040,0.206669,0.142082,0.540232472677392,0.228297,0.107459,0.0825316,0.118857,0.4763325308889051,0.190226,0.125478
29-03-2040,0.202676,0.144858,0.5546576162841557,0.245292,0.105941,0.0811466,0.134137,0.4946972325985038,0.201946,0.134104
05-04-2040,0.489441,0.182373,0.5710887585665629,0.331508,0.141334,0.130163,0.150254,0.476753336823966,0.208583,0.155487
12-04-2040,0.704328,0.355141,0.5868709761739762,0.375584,0.17924,0.189824,0.152569,0.5098540702161907,0.264433,0.162458
19-04-2040,0.553459,1.0292849221982496,0.6755298841332243,1.0316077609452856,0.167427,0.7339417645223942,0.4410120840791794,0.4979276435687657,0.7707171233869867,0.9513254528435982
26-04-2040,0.532908,0.9009595336023036,0.7083382961088025,1.03982817105181,0.168983,0.8136017399018038,0.5769301585424189,0.5909427732644642,0.9529840923756984,1.2460612749550208
03-05-2040,0.570439,1.0599565260818626,0.6807143762945076,1.0021320335866095,0.186266,0.7354479309175261,0.5351789810839276,0.6527968762551087,1.1651037544951846,1.365099991630744
10-05-2040,0.552389,1.163442542638522,0.6581649855502549,0.9982921966427524,0.189906,0.7287813181736773,0.4897731359571434,0.6017164212790203,1.1287192156240629,1.520220279630684
17-05-2040,0.573287,0.451182,0.282549,0.381616,0.201388,0.328541,0.266829,0.147684,0.491131,0.587591
24-05-2040,0.899461,0.434197,0.274968,0.392486,0.215996,0.350921,0.275508,0.17129,5.90825,0.514477
31-05-2040,1.08311,0.392085,0.269256,0.362007,0.227325,0.318284,0.26159,0.164709,6.09454,0.538433
07-06-2040,1.20862,0.371619,0.323425,0.384768,0.291358,0.464196,0.238824,0.158,4.27985,0.570441
14-06-2040,1.28162,0.374678,0.404,0.444142,0.327575,0.562849,0.242648,0.14728,3.62829,0.576594
21-06-2040,1.8946814963890848,0.769312,0.485967,0.449983,0.295096,1.06667526599943,1.037457160542515,0.143958,3.18288,0.556664
28-06-2040,1.8952306836722657,1.50228,0.503011,0.430612,0.467599,0.9761661612672532,1.0133415144474658,0.184428,2.82218,0.509484
05-07-2040,1.8668710557919617,1.70335,0.440349,0.473475,0.583661,0.9403966783563626,0.9820258205817348,0.225371,2.59205,0.476018
12-07-2040,1.931900426363726,1.50309,0.468844,0.589984,0.77518,0.9308680096193028,1.020786375024575,0.263538,2.35073,0.556499
19-07-2040,1.22851,1.33548,2.756489683372205,2.570220572660274,1.54905,0.357173,0.236344,1.4358929132558342,7.73043136613841,2.978634686202548
26-07-2040,1.28528,1.37638,2.585924238325336,2.35564339193594,1.62215,0.324186,0.232191,1.3200771341248216,7.242357600437104,3.0851013169578327
02-08-2040,1.27492,1.4393,2.132241704905799,1.9949282110390447,1.22708,0.333895,0.235534,1.1337970796823078,6.326888074623615,2.804210604901013
09-08-2040,1.54124,1.29939,1.920364544217076,1.827523052012698,1.07093,0.37448,0.295239,1.0864969224495231,5.78677069897042,2.733802219959208
16-08-2040,1.80506,2.3937130925096435,0.8978175063841556,0.8567678467888099,1.5169770164645473,0.7695091614034506,0.8686088810254688,0.5004726104274606,2.9547698882765667,1.29795113824578
23-08-2040,2.14834,2.008375578611795,0.7754858325424809,0.7096533896105688,1.2875007209289573,0.6326978653463154,0.7408712203836872,0.4069142616977089,2.5064453330464307,1.106802103144738
30-08-2040,2.53006,1.816775785390021,0.7471374372623527,0.6480626713113906,1.1458044302716428,0.5898378795731454,0.721386942111573,0.3995737117686475,2.2062788533175626,0.9556053773512532
06-09-2040,2.71711,1.5335947619563783,0.7189283465312888,0.5795499703572442,0.9915918810715062,0.5397294465494974,0.6361177168760179,0.429240855448294,1.9283667489502625,0.8329110073401269
13-09-2040,2.87423,1.2805725772163856,0.6907946432774923,0.5343640176517606,0.8837042209652527,0.4856935916124671,0.5719257681168568,0.4405130243022412,1.7015898629034767,0.7529447393423911
20-09-2040,3.1007467195528355,0.9407030867377696,0.4886043804191678,0.4341721219579256,0.6713824542015866,0.3397440208335408,0.4172207518947201,0.3025015773932134,1.3328141627673813,0.8256300191468169
27-09-2040,2.6087620094438444,0.8714297753514305,0.4700419249630071,0.3996300254617615,0.6023784043429076,0.3172783152267142,0.4063929325566485,0.2624257083323348,1.2004804744582396,0.7290768603868449
04-10-2040,2.124541168498604,0.7425637778099492,0.4008668788397467,0.350632363634378,0.5311531472194837,0.2696479217649489,0.3286881712347091,0.2121549328282946,1.0525521387484376,0.603369591541107
11-10-2040,1.8204244131465448,0.6651230664434229,0.3794370800452611,0.3374576302234475,0.4807235381591141,0.2485339514945795,0.3017894463399297,0.1988245960046472,0.9564067440002468,0.5427488344409424
18-10-2040,1.47617,0.519033540828084,0.25265,0.3793897756764934,0.3949515134266967,0.2012110974747429,0.2100989219793513,0.1254417047128892,1.0236995933911797,0.3601693278681399
25-10-2040,1.30272,0.4718091973775823,0.235022,0.3210424236766447,0.3605814327348481,0.1824447600232016,0.1919482673230272,0.1171644334803022,0.9014337196874732,0.3240103997962804
01-11-2040,1.16064,0.4311936301068902,0.21848,0.3505208140290096,0.3319712136485114,0.1697476377572575,0.178245468159694,0.1096201014803559,0.8244237246377303,0.2984260217711468
08-11-2040,1.03163,0.3938267200343275,0.202646,0.3522146629590802,0.3033527763419454,0.1559666085277624,0.1635156751037653,0.1025031649077398,0.7751285958545867,0.2730051886854715
15-11-2040,0.9732567917760184,0.3641981852263079,0.1995548387690713,0.2291769200612504,0.3039262453814537,0.1591433764947001,0.1728237040519013,0.1016132632109436,0.6320325200889824,0.2728867402971151
22-11-2040,0.8799088488292796,0.3387745534226057,0.1873449445568005,0.2120849652982942,0.2956366794713111,0.1628293350489986,0.1741604471099092,0.0960225290207519,0.5807355084621981,0.2544365640761064
29-11-2040,0.8379468913814179,0.3171184769995537,0.1774439239256341,0.1990673579195988,0.2735093575885783,0.1503183231429363,0.1616340094937206,0.0913942445404946,0.5364994796330447,0.2524883889052534
06-12-2040,0.799570375665069,0.3294272121329392,0.1692530323844432,0.1918237333590046,0.2563641958455166,0.1413454562059394,0.1525886523079858,0.0892841577254311,0.4994514196953033,0.2518703963840343
13-12-2040,0.7070100245693774,0.326488,0.149727,0.169652,0.2302592160860606,0.125159,0.1322842881599861,0.0912235823064743,0.441163,0.2166177829178834
20-12-2040,0.6489498488117061,0.298095,0.146261,0.160153,0.2157831312668494,0.118293,0.1251351260781809,0.0906070065846725,0.412295,0.2140158168950869
27-12-2040,0.6054042707191429,0.276465,0.146092,0.155998,0.2032258083298848,0.11221,0.1188045701601104,0.1052185617203016,0.387157,0.210581523054042
03-01-2041,0.5681068897776126,0.264835,0.141786,0.152531,0.1924622670988583,0.109659,0.1136349047832517,0.113044251330924,0.365386,0.1981927232115065
10-01-2041,0.5570667964879177,0.2817880623543741,0.1454177574467568,0.177902292972948,0.1939901059027588,0.1095203600425128,0.1269788437797095,0.0944247477525661,0.3569158784967104,0.1896915143671841
17-01-2041,0.5291256659428081,0.2696139369710922,0.1409206028830691,0.1750524121759745,0.1866217250509301,0.1160590510295785,0.1268176228821794,0.088807871385681,0.3399165483230932,0.1837535888107044
24-01-2041,0.515346719184981,0.2566001980272055,0.1351931301257165,0.1678505190381876,0.178545998976596,0.1190500609136269,0.1214388076877348,0.0843411491621219,0.325078264643184,0.1753928300679508
31-01-2041,0.5020387502616289,0.2549250316706415,0.131095548059269,0.1637133891648285,0.1730729449708757,0.1123086858833323,0.1186889528024561,0.0819813066355665,0.3134539687123598,0.1882711479527759
07-02-2041,0.429665,0.2889700846847351,0.165054536073247,0.1606203842847246,0.148727,0.1118551679691936,0.0881849,0.1016982718783968,0.3312203383887313,0.1993733609348969
14-02-2041,0.411224,0.2930226113145254,0.1782957139705351,0.1674686421458138,0.148079,0.1086565978929652,0.0865335,0.1128639900179448,0.3280021615777608,0.206386978216425
21-02-2041,0.488712,0.2881249105987608,0.1787715525981457,0.1679854064138746,0.147671,0.106089061243173,0.097116,0.1128323126625749,0.3212407607035119,0.2187210995816521
28-02-2041,0.5554,0.2948365931743967,0.1828344535778231,0.1716965115450909,0.142961,0.1295318537029975,0.111056,0.1132679415259459,0.3162793030611071,0.2189443963208103
07-03-2041,0.501624,0.3121534572107823,0.2025406064136298,0.178071754956572,0.173568,0.1508289368445508,0.107608,0.1161247069054327,0.3139252222836287,0.2166229608366119
14-03-2041,0.8316628051369727,0.205023,0.650594964552953,0.5302930174610386,0.4154808120501179,0.5605774651841651,0.1388414995499438,0.0815824,0.3031756867700207,0.4833581993082905
21-03-2041,0.822195210261569,0.198278,0.6749529137175715,0.5456426653796788,0.4103864523302503,0.5546671078725071,0.1357990980478753,0.102988,0.311704827206097,0.4941463211354258
28-03-2041,0.8369700188108012,0.23277,0.6883242226110471,0.5965883637927989,0.4133706851187309,0.5480898190668994,0.1428657883179879,0.112309,0.3119200224580004,0.5185703998255866
04-04-2041,0.865951572078582,0.35864,0.6572520593109036,0.5962444272025773,0.3933770345289434,0.5060985665092377,0.3649922259248387,0.108415,0.3124144362413716,0.5167526056294234
11-04-2041,0.444737,0.7206351201572685,0.497003389798312,0.124825,0.4073836978171747,0.2768062984405295,1.471333970008021,0.2910542585336654,0.3389358977071873,0.3011926024507026
18-04-2041,0.449467,0.7132435530806694,0.6986117305645003,0.156868,0.508098578964975,0.2898682679500703,1.2988284314779697,0.3276278895614002,0.3604453011687208,0.2995264965872202
25-04-2041,0.479889,0.7072792999423891,1.2520419105240184,0.232301,0.5585180819599365,0.6826917579743638,1.204306109381586,0.4972227676428423,0.400097457714703,0.4022723495114629
02-05-2041,0.526021,0.6612429165822385,1.417556019611042,0.250432,0.5342098913936112,0.9570271650494224,1.1135365985385215,0.6095437111327376,0.4146363962526142,0.494378769517234
09-05-2041,1.0393905480707062,0.8187680586938872,0.528143,0.241141,0.4626613811032972,0.499128,0.270377,0.260333,0.372626,0.7161181291608394
16-05-2041,1.0631769039715195,0.8722797296701761,0.521208,0.24086,0.4538378679149198,0.585584,0.257718,0.232253,0.434793,0.7865011389739285
23-05-2041,1.054908004509203,0.9106109782323376,0.453302,0.224594,0.4372058855009816,0.572466,0.347616,0.214433,0.400642,0.8488903573409607
30-05-2041,1.0428050811074625,0.8804947249705883,0.412982,0.272948,0.4250739063542907,0.478835,0.51289,0.279376,0.754612,0.9872320317523842
06-06-2041,1.0736347200134604,0.8956961201966622,0.772853,0.318879,0.4761291129101399,0.637836,0.621402,0.531868,1.07854,1.0864085316353866
13-06-2041,0.479073,0.8187696245453544,1.34328,0.8422869922581122,0.282051,0.755965,0.751777,0.607414,0.98319,0.342921
20-06-2041,0.460147,0.7705892854648503,1.35812,0.7727179515876048,0.282815,0.654375,0.783333,0.504391,0.90205,0.328178
27-06-2041,0.520946,0.7709698308344579,1.14204,0.7478292934950034,0.294771,0.640358,0.697716,0.488236,0.963447,0.314762
04-07-2041,0.564778,0.7289924336345581,1.28826,0.6781040579092588,0.506018,0.777528,0.860303,0.472716,1.0279,0.311239
11-07-2041,2.335450175259385,1.884623799248947,1.48049,1.0185982747166464,1.4094751221599728,0.80966,1.2727806163127764,0.545648,2.9457172260664364,0.329038
18-07-2041,2.1305429162890155,1.7461306911712169,1.42077,0.9037983564903316,1.2331956473520578,0.847303,1.07850688210274,0.572819,2.6159751157015987,0.387238
25-07-2041,1.997079545305584,1.6585006145745107,2.8889,0.8457305194700931,1.1438339925324317,0.891178,0.9491355587876112,0.48019,2.437558748743713,0.433194
01-08-2041,1.7099391370853496,1.353897029271362,3.5171,0.7245502979297578,0.9499563267536524,0.806442,0.8665392906058242,0.416034,2.2504537752440106,0.405608
08-08-2041,1.616675855247593,1.2304112746312783,2.70145,0.7109071101735979,0.8497707270396959,0.723741,0.7877065786194337,0.369532,2.126750648117347,0.371128
15-08-2041,0.8511011558718264,0.6506506614671533,2.21666,0.9156426672194182,0.7327473949136305,1.431055769102707,1.2556670573311184,0.9197854628443244,1.8065440345819832,0.4192971871437334
22-08-2041,0.7687102263382406,0.552745932076244,2.09538,0.7229083535868803,0.6221451807094984,1.1510222101378005,1.0375092285408485,0.7055650656488919,1.525599351389777,0.3627512705552046
29-08-2041,0.7586538924277617,0.5314523664314661,1.97254,0.6825054523883791,0.5751215110211363,0.992438714388826,0.9229520361761618,0.6356432827944053,1.3834366558527504,0.3490133308913375
05-09-2041,0.7170838972819452,0.5412722865601052,2.01356,0.5985047593800134,0.5070926226529756,0.8636554212515437,0.8788047075717589,0.553997148015541,1.2234976815436271,0.3602529353380447
12-09-2041,0.412913712251216,0.2127545489691489,2.01024,0.3026781940885301,0.3350156299543663,0.45797,0.6048314040169597,0.4835687865184902,0.543546,0.516313019963327
19-09-2041,0.3914499319383891,0.3272939839497418,2.02682,0.281889449285615,0.3087830291083719,0.531315,0.6347153197746671,0.405071804902945,0.498208,0.4459726950370274
26-09-2041,0.3612584758909327,0.3856300057787745,1.94535,0.2596832219590435,0.2813929929756067,0.564728,0.6440125923332143,0.3395995894281061,0.459943,0.3767661400431108
03-10-2041,0.3189262361516696,0.3079153453852923,1.60906,0.2096683225126324,0.2476037484176408,0.482665,0.5369055428862548,0.2825507360152143,0.424727,0.3044366550002794
10-10-2041,0.2599854394165803,0.268841,1.38137,0.1278785814178828,0.194231,0.4351650738581694,0.3964002013910128,0.170068,0.393673,0.2234689025610614
17-10-2041,0.251295378931682,0.244319,1.21197,0.1226415939723115,0.184372,0.3909494965133281,0.3608053413384203,0.163638,0.380759,0.2071728399620273
24-10-2041,0.2332594987468398,0.224189,1.07617,0.1138930993480492,0.174784,0.3511027510514948,0.3266816761862803,0.158566,0.368272,0.188272478830084
31-10-2041,0.2191258243283716,0.207158,0.963796,0.1088021605408557,0.163595,0.3176988500690875,0.2969743474254344,0.148292,0.342287,0.1755212438961397
07-11-2041,0.2047874663654156,0.190395,0.864245,0.10278897873962,0.152737,0.2876236300380586,0.268972586241036,0.137081,0.317387,0.1623782150739889
14-11-2041,0.2805655313958209,0.1904716525828651,0.7912708269384954,0.1106052746411994,0.1503034414162134,0.2673253582645515,0.2744050174671588,0.1400088639377535,0.3089693849458422,0.1624647875370334
21-11-2041,0.2993995888152881,0.178062103187256,0.7432066575557243,0.1057023514802045,0.1419292861711847,0.2465682200470035,0.2549234528439833,0.1311835411380755,0.2894497703934011,0.1544331875287958
28-11-2041,0.2720439644171075,0.1687572533347228,0.7000629517281217,0.1026825983567379,0.1350040742277427,0.234148014527101,0.24309301734829,0.1247517008418276,0.2730887212614899,0.1483552861869957
05-12-2041,0.2586842875345428,0.1611617539319053,0.6409892602921435,0.106435558949028,0.1306310329109516,0.226308624188896,0.2344068773699417,0.1208298053475344,0.2694647096737069,0.1434645784950865
12-12-2041,0.1933405443213659,0.1440356313623452,0.581916,0.1059468149794419,0.1645713318596433,0.2094533397067815,0.1909311883469504,0.1048987049675545,0.2604213862236739,0.1206504967304748
19-12-2041,0.1820833544370755,0.1461095310059232,0.539264,0.1359368946784781,0.1845829844844095,0.1956633743292926,0.1794271365777958,0.0994113932044178,0.2449351388000262,0.1149447194032166
26-12-2041,0.1726016168942953,0.1473676911219097,0.500624,0.1556526718761094,0.1629902801893934,0.1846143546764669,0.1698158222770087,0.0954966084323808,0.2315159975541823,0.1129356870736883
02-01-2042,0.1653220184555269,0.1425650303175261,0.46559,0.1364043961554526,0.1538496306537773,0.1752992579356436,0.1617881297035603,0.0922262008587874,0.2210234857928857,0.1105384049144978
09-01-2042,0.1756216443746376,0.1395689015295434,0.4500390627204425,0.1198358862441427,0.1589969826862941,0.1700050482591989,0.1598272187258154,0.0907055953250543,0.2115281827961677,0.1124904090714327
16-01-2042,0.1739151359324729,0.136322306141274,0.4441986735654154,0.1337342615715497,0.195949312518304,0.1624781216120036,0.1564998627172433,0.0881981847300245,0.2053973529056748,0.1104237320136872
23-01-2042,0.1830406989537383,0.1323266931213189,0.4372519679096101,0.1402860990646831,0.195221224250179,0.1545108999047695,0.1517191322531226,0.0857463857979319,0.1997569851895791,0.1067996857428925
30-01-2042,0.1930227842495265,0.1275732241996031,0.41116932148578,0.1635501599973201,0.1807643168779844,0.1544052426401671,0.1465397027843184,0.0839198260947641,0.194543792033217,0.1035982694777333
06-02-2042,0.2098055496880326,0.1433971015814565,0.3915729867850736,0.1884153264967759,0.1741639991852321,0.1576642683025552,0.1474433818264501,0.0832903942786579,0.1953494927650611,0.1061414883511255
13-02-2042,0.196833,0.138352,0.380922989714471,0.2426678896798637,0.1691230117609894,0.1893835341654829,0.1921404803082519,0.0777784,0.2599968899624523,0.107852
20-02-2042,0.407435,0.129618,0.3688114620940297,0.2355759305527798,0.1624361540207204,0.1863030555158271,0.1917587917095614,0.0977753,0.2704633336975028,0.123261
27-02-2042,0.576653,0.123346,0.3603949934095993,0.2376229922230846,0.1683075368592468,0.1858145397596079,0.1963522447967833,0.194765,0.2656121746954136,0.112458
06-03-2042,0.509823,0.141218,0.3530907847373988,0.2470588243545135,0.1839334363478288,0.1913531563991519,0.2075684728513062,0.243027,0.2681945862319498,0.117192
13-03-2042,0.9702316713290314,0.157889,0.6839482498595911,0.3775723547318905,0.4061158407930064,0.136225,0.3755051888124378,0.196554,0.5074675039203332,0.2294777674313044
20-03-2042,0.9112184059623027,0.173072,0.7061983195535174,0.3898156975292994,0.4114224943695262,0.146909,0.4036696073116432,0.188378,0.5476422226087997,0.2366134013046499
27-03-2042,0.9048238265121104,0.218119,0.7396051750280075,0.4080287392841624,0.4006265496857902,0.223947,0.4158120980310771,0.199467,0.5551605268270321,0.2642582082183525
03-04-2042,0.8922482298390332,0.242709,0.7518899357805691,0.4589552721202682,0.3810682380526181,0.304673,0.4017996133839558,0.194778,0.5443464800483859,0.2704264042168067
10-04-2042,0.5885854576360356,0.4708058142719334,0.8604820103175674,0.4650520399793615,0.2524818942251096,0.5119275231127394,0.136225,0.647670171940881,0.887239724422361,0.4384066993503515
17-04-2042,0.6521202617333276,0.4422122573222276,0.8722319785112961,0.5002673062390764,0.28636791582828,0.4955590663556765,0.147346,0.6426495924642959,1.080349144040294,0.4258552156996811
24-04-2042,0.66224992565605,1.374192711933516,0.8852332804994368,0.6108067941717787,0.4577827286791593,0.6502192020612065,0.244187,0.9512474022125198,1.6220504122024704,0.4415776285400611
01-05-2042,0.6453461401719183,1.9519621417086328,0.8896828210177145,0.639068691035226,0.568647607824467,0.7557356116865769,0.367135,1.1506603667296758,1.7562970782298706,0.5804670376749299
08-05-2042,0.6062026704146201,1.5861326580826234,0.908616706299458,0.5815653156805911,0.7205996319322078,0.6725265197949788,0.449428,0.9935564525109772,1.6249232093796475,0.6806646302846353
15-05-2042,0.444427,0.720394,0.280331,0.228787,0.676532,0.7856961106484514,0.479474,0.483207,0.584896,0.234427
22-05-2042,0.573545,0.723439,0.284024,0.474105,0.624137,0.7638897457318553,0.484134,0.630852,0.705303,0.246408
29-05-2042,0.616041,0.724815,0.367837,0.699642,0.533462,0.7557716628594287,0.721031,0.586785,0.787894,0.27797
05-06-2042,0.605906,0.714844,0.441839,0.643891,0.511361,0.8099917815201476,0.796712,0.636841,0.78652,0.289899
12-06-2042,0.689529,0.694331,0.439266,1.500702590473203,0.514653,0.358667,1.5418505407275649,0.625498,0.72558,0.283046
19-06-2042,0.718218,0.648885,0.451881,1.317913770259011,0.515704,0.35235,1.3851049376375657,0.635714,0.841932,0.27903
26-06-2042,0.739353,0.742659,0.463736,1.3614261810268036,0.630567,0.475411,1.4332152168866652,0.733123,0.912547,0.327863
03-07-2042,0.775091,0.819699,0.456784,1.3257191983261534,0.790604,0.576796,1.3676373637505113,1.19207,0.804602,0.429868
10-07-2042,0.72902,1.24769,0.494967,0.6870991852510648,1.4457425318786603,0.508272,3.3277473016305,2.753727424561553,2.0293575014719534,0.8663210913079973
17-07-2042,0.672988,1.53284,0.584764,0.6606206401279349,1.268472532696442,0.44478,2.9334208615514523,2.329448660583341,2.0415635348745287,0.8503678081586274
24-07-2042,0.619451,1.47598,0.571439,0.6002905716614192,1.1380336125438697,0.49467,2.6730604601718846,2.0491069425768984,2.064702959279174,0.931339536671568
31-07-2042,0.66622,1.42593,0.506058,0.5794459239622246,1.0429075889591748,0.531825,2.0840799366971394,1.790673036121063,1.9965585076681407,0.9294090911890956
07-08-2042,0.707181,1.36873,0.456702,0.5958584347703408,1.0081166272561668,0.473412,1.7448270410928792,1.615974840058084,2.101405347356705,0.9009483490089464
14-08-2042,1.8136576030115423,1.32707,1.2906209373417945,1.0043190872205894,1.263178953372558,0.7838940962865841,0.7396622951116827,1.101880053696635,1.8499816896480663,1.7543596405610535
21-08-2042,1.4940447152774492,1.32727,1.0631882118370086,0.8971612154791009,0.9944332533067136,0.70252426948979,0.6770953338642216,1.0273137470789453,1.5640044128895534,1.2794536922561477
28-08-2042,1.344249923557411,1.27822,0.9705450462833972,0.7971998703905385,0.8702683520049572,0.6610296940664173,0.6199170044894636,0.9688117223658924,1.331858293042674,1.1262073145253422
04-09-2042,1.153479852749435,1.10204,0.8487511081850385,0.7181257380266388,0.7507230472036204,0.5819169403993807,0.5801869953112635,0.8494589062192694,1.1308137666824387,0.9244806558880728
11-09-2042,0.4354598193811629,1.1144101775748327,0.4089329425546526,0.3593458372566243,0.4439484106216369,0.3666146118308208,0.4345578232022389,0.6934034222976949,0.7515011081649038,0.4928956212936426
18-09-2042,0.4041124693948784,0.9674299422606848,0.3792874246778798,0.3284848715130659,0.3965674439668015,0.3704167413601619,0.4348283029829115,0.6423482935288181,0.684502563927921,0.411471606237172
25-09-2042,0.3716004859711401,0.8397094324029512,0.3484179412627797,0.3079892786695521,0.3588964845280558,0.371700785477856,0.4268764097349088,0.7692470681356822,0.606985483229762,0.3541279009108364
02-10-2042,0.3427836973689828,0.7332056939272625,0.3133786827085941,0.2858575920894592,0.322704200753324,0.3278954887954759,0.3699508274050244,0.8000783307474753,0.5378016028709964,0.2990310029111608
09-10-2042,0.318566,0.623859,0.2596787770758529,0.248445,0.267153,0.311078,0.296061,0.563257,0.450559,0.204237
16-10-2042,0.332193,0.575926,0.2567624531991642,0.231782,0.248642,0.313154,0.270368,0.505311,0.417197,0.189883
23-10-2042,0.336867,0.535802,0.245986329552027,0.226881,0.23287,0.279719,0.249678,0.450667,0.410812,0.176399
30-10-2042,0.306203,0.496482,0.2286877270384213,0.225071,0.217614,0.254035,0.231195,0.407371,0.399821,0.164589
06-11-2042,0.279934,0.448657,0.2120215185280418,0.208747,0.201962,0.230445,0.212466,0.368372,0.363456,0.152828
13-11-2042,0.2812721535879761,0.4512099633627027,0.2106370386931883,0.2187596536365917,0.1998645668558325,0.2171496092395873,0.2117428404635004,0.3390655034176343,0.351533715418149,0.1526568633748333
20-11-2042,0.2612177147226431,0.4318944923038209,0.2082963855374245,0.2029651929808865,0.1872029019990291,0.2005761926410191,0.1971142902770636,0.3121142089348223,0.3283398771563857,0.1433570616639409
27-11-2042,0.2453638650971777,0.3964013862189305,0.1988697014508449,0.1979137150259819,0.1775844292825042,0.1869989327849268,0.1866406346554653,0.292546749762975,0.3075651194078273,0.1373008775326313
04-12-2042,0.234203322900688,0.3688226963834722,0.1884237424456799,0.1981946374749403,0.169603431993894,0.1761351118755026,0.1781869186638728,0.2915704301328243,0.2901081501964548,0.1324580442260122
11-12-2042,0.198804,0.321039,0.167952,0.1744727450062753,0.147805,0.158787,0.1658151620773668,0.282598,0.256417,0.114864
18-12-2042,0.187704,0.300026,0.159628,0.1635005917063209,0.142912,0.14914,0.1567773104700678,0.26923,0.243245,0.109675
25-12-2042,0.177521,0.28106,0.152237,0.1537901724357059,0.14263,0.140588,0.1489386175735499,0.253459,0.230444,0.105488
01-01-2043,0.168596,0.264095,0.154061,0.1485513913568056,0.140637,0.153438,0.1426742312245102,0.235131,0.219591,0.103761
08-01-2043,0.1668154570857226,0.2726315856661326,0.1753335012107706,0.1427566563013148,0.1368354562050058,0.1763570440913687,0.1395546712287568,0.2418718238163631,0.2350624335424345,0.1078503206607247
15-01-2043,0.1611282406377985,0.2630155855664706,0.1728398905304931,0.1386025333194977,0.1304781818944281,0.1667502012096605,0.1366271449090734,0.2303044305837054,0.2301834547365699,0.1045635829805299
22-01-2043,0.155129567834835,0.2514932841804843,0.1634185788301242,0.1325384773924964,0.1248371948968193,0.1540863216052083,0.1311364029773297,0.2173856929694385,0.2224078394274496,0.1000990598789731
29-01-2043,0.1496495022951556,0.2410178699622081,0.1571157762302457,0.133207220784864,0.1200390234140551,0.145330762110054,0.1272976016068859,0.2080852736638473,0.2150234365345556,0.096638876931845
05-02-2043,0.1468131074638814,0.2379706113921116,0.1568857078900519,0.1396013607126373,0.1171712458277703,0.1399687144696314,0.1310525574112901,0.2065547760161667,0.2156988100502423,0.09586656797414
12-02-2043,0.2461958835112294,0.2276945626939142,0.2101046239888219,0.1787897799709163,0.1402770636045094,0.1518287994393947,0.1784257231465413,0.2053413854643322,0.174001,0.0857691
19-02-2043,0.2556411451369789,0.2332435074837094,0.2154808941728299,0.1782923345641135,0.1432936596135534,0.1481428524911991,0.1814898707388869,0.2046308968557201,0.16978,0.100615
26-02-2043,0.2594593462676856,0.2393872483516788,0.2222339439268786,0.2008112743377877,0.1437295552299566,0.1461692768715602,0.1885107394388042,0.2055399994397814,0.165197,0.112391
05-03-2043,0.2665525428930049,0.2442256032375739,0.2267933886602007,0.2223658771096128,0.1436111740914618,0.1478726060534644,0.1975649999197904,0.2062039767469487,0.161753,0.109617
12-03-2043,0.139622,0.295039,0.519590344853707,0.122065,0.105403,0.2301654554277351,0.120702,0.5138767454493455,0.158587,0.108526
19-03-2043,0.15953,0.358148,0.5284081318585557,0.147116,0.113454,0.2531807889344701,0.169163,0.521193081284128,0.155175,0.106524
26-03-2043,0.18319,0.318026,0.5464610146746199,0.175695,0.134954,0.283668608762417,0.170425,0.5503610752702013,0.156906,0.111347
02-04-2043,0.751758,0.294543,0.5359080428403611,0.172312,0.281501,0.3643663186805226,0.197136,0.5507472961762749,0.294322,0.426821
09-04-2043,1.3475586817160563,0.4093758522336913,0.2468762386765936,0.3162124701631614,0.4839697704927512,0.9794965117863408,0.7921198833003144,0.3447554403121433,0.475131,0.961347084284483
16-04-2043,1.1469032601261278,0.5274827503330695,0.2658027223324649,0.4163025423193214,0.4994872738673561,1.1089717189040422,0.9054553782439496,0.4084311699644654,0.528351,0.7434109964845008
23-04-2043,1.7291638947389938,1.395607222806326,0.3889785338894916,0.4313893739284803,1.0883629109938473,1.0782241982425251,0.8641237297454636,0.3893339362320385,0.521028,1.0606435186186278
30-04-2043,2.317177930727014,1.8792509626220928,0.5255160238198668,0.4401770113953492,2.0317132998424654,1.1379546329444223,0.8075318996986167,0.3637640970887169,0.447579,1.2551316740942702
07-05-2043,2.127405281481477,1.5177287005172684,0.563249089789396,0.398791828282764,2.036110488454337,1.1125912359071042,0.8343905214538143,0.5607040867564717,0.399893,1.0679820391663446
14-05-2043,1.55636,1.3446,0.8720038767487986,0.368877,1.43585,0.581146,0.309946,0.567015,0.41265,1.09925
21-05-2043,2.30432,1.34055,0.8108477112680492,0.348966,1.25667,0.622967,0.280185,0.618086,0.833966,1.54688
28-05-2043,2.69805,1.29111,0.8929100739540955,0.472365,1.11601,1.0094,0.280087,0.544999,1.06517,1.35866
04-06-2043,2.289,1.18017,0.9890546724561534,0.559462,1.08551,1.17865,0.37245,0.516116,0.917021,1.1372
11-06-2043,2.00922,1.05855,0.335868,0.473521,1.874887466725456,0.951395,0.410966,1.4324743353192573,0.888088,1.04909
18-06-2043,1.79122,0.9873,0.308425,0.562067,1.743837789209691,0.839566,0.508278,1.2892409673894325,0.864796,0.967918
25-06-2043,1.61854,0.967669,0.287534,0.65184,1.6999074858179073,0.768644,0.674844,1.371276261157097,0.869984,0.909756
02-07-2043,1.53577,1.05379,0.291235,0.636749,1.57128697021148,0.873412,0.657215,1.3313371581595603,0.973136,0.876601
09-07-2043,1.6591,1.31034,0.319288,0.59761,1.4419483119712142,0.935976,0.799991,1.2404936235385216,1.38366,1.03532
16-07-2043,1.71999,1.73124,0.6523685723989339,0.633036,0.882555,0.814323,2.5396587186783126,2.009325086280943,3.591254426302056,3.262826798028127
23-07-2043,1.72268,1.88331,0.7066847614874772,0.6507,1.05139,0.757153,2.237609792900363,1.8244952337011329,3.252384882661576,3.0437397968315345
30-07-2043,1.67515,1.89152,0.684929197183789,0.622918,0.992958,0.73496,1.9124208207222129,1.4207620210914746,2.779123988686954,2.634407586941369
06-08-2043,1.48583,1.83667,0.6528129349176401,0.592407,0.886838,0.700092,1.7652700179535596,1.2249966648740471,2.503604869570625,2.499815333430135
13-08-2043,2.14182094093714,4.103084698150237,1.165030621292549,1.514530242621688,1.4749959016121386,1.0243819095269626,1.831126140358124,0.6321599609816837,1.350499290462566,1.2297565174299987
20-08-2043,1.9475633890768271,3.3642864708291427,0.8684035046110844,1.2875934333485597,1.2655762506355288,0.8915159215679191,1.4412735754539496,0.5710696054381171,1.2146193783803905,1.0742702264908337
27-08-2043,1.8453932207296404,2.905289183440909,0.7637127030693565,1.1779390550197515,1.1551435067307931,0.8047669448334744,1.2706612189109503,0.5456212245085185,1.1481769281703051,0.9814593074485368
03-09-2043,1.6008378713870344,2.363311567574815,0.6364103081471404,1.011739556261831,1.0135723206480869,0.7171504672220803,1.071410025047733,0.4873646009202339,1.0021224031563412,0.8847441272632853
10-09-2043,1.268744713589693,1.473314292849446,0.4198015915942461,0.4802886486983871,0.625630066170204,0.4873385126176472,0.4643478643042343,0.2878426436060483,0.8476735748069065,0.9180160636324168
17-09-2043,1.1136893326607926,1.2620605711905324,0.3641468033732202,0.4243100837291732,0.6154854730792365,0.4413797045458747,0.420002596551485,0.2702380310457735,0.7535208984676055,0.7630669737256857
24-09-2043,0.983779901249624,1.077335536249957,0.3311042066633843,0.3811037601770988,0.5531178175926841,0.4029193416275534,0.3801847406059554,0.2555262207751778,0.6617659423877457,0.6936093212575234
01-10-2043,0.868964636178632,0.9267755251762156,0.2829872538597788,0.337368696710088,0.5011326364487273,0.3661666241219267,0.3372797311076091,0.2343855722606729,0.5690542090015114,0.6380478983974176
08-10-2043,0.7993218177696786,0.8410520770934972,0.2739645331884179,0.3126015834575142,0.4588796128924979,0.3554848491071317,0.3152870033925189,0.2190666589662505,0.514862322318448,0.564412685995478
15-10-2043,0.660454,0.9210992710341324,0.1825583695057521,0.242751,0.4225220848186631,0.3274256124138725,0.238785,0.184048,0.4093510114169563,0.420877
22-10-2043,0.606677,0.8061329491269082,0.1697594384083841,0.225554,0.3873674197204483,0.3005380721965078,0.223231,0.173674,0.375560492531642,0.383613
29-10-2043,0.558368,0.7868907282118605,0.1638326250187861,0.210673,0.3570450738209677,0.277608927445065,0.208507,0.162198,0.3474698220807936,0.351234
05-11-2043,0.512168,0.7545051477418778,0.1601751422178345,0.195421,0.3271854026298985,0.2548811707963526,0.193053,0.151233,0.3210552189093789,0.321946
12-11-2043,0.479398086397215,0.5597753511671151,0.2279272424971092,0.1920260853649867,0.3133841550144027,0.2404062393278453,0.2016217625695543,0.1581492150954754,0.3100744622145055,0.3030022591853956
19-11-2043,0.4431221518507111,0.5130735891724645,0.270074780700834,0.1801019736155258,0.2911026350835872,0.2229672637053114,0.1888731998276993,0.1484790056806963,0.2908102728148712,0.2800359870841514
26-11-2043,0.4118747641212823,0.4835465053785573,0.2306467775604616,0.169968959628066,0.2717648777415752,0.211891811468874,0.1796729976366934,0.1414898390100629,0.2748666901636277,0.260014535957531
03-12-2043,0.3855531068095451,0.458882679790758,0.2055778414175125,0.1655063653574428,0.2555710087867672,0.2021794971286015,0.1726884637451807,0.1364987348304345,0.2606891153830923,0.2454875912006715
10-12-2043,0.3579299979172052,0.4329571875700883,0.1740418186694229,0.1521376657823216,0.23519,0.1828958462214204,0.1517613562499955,0.112238,0.226133,0.225517
17-12-2043,0.3362660220999979,0.4517178761431938,0.1616360020190491,0.1435435374976939,0.243611,0.1721209130054696,0.1436864015153253,0.106743,0.214167,0.213878
24-12-2043,0.3175416894498259,0.4298923020942297,0.1513410926899443,0.1360916607774054,0.23382,0.1645898269224974,0.1368664685506904,0.10222,0.203244,0.203073
31-12-2043,0.3030959172859211,0.3982829722213885,0.1424994715281436,0.1297650008674197,0.217842,0.1599489561002222,0.131364806111506,0.102343,0.194263,0.191742
07-01-2044,0.289859147006038,0.3730802815896177,0.1350970554669084,0.1246160709811355,0.205079,0.1540354697398828,0.1276815117559798,0.101673,0.186438,0.1816
14-01-2044,0.3057133436383568,0.367801700067537,0.127962,0.1329608060092019,0.2099877894860709,0.1519338929800407,0.1294010974487823,0.1039509877706483,0.178463,0.1805178281026644
21-01-2044,0.3130003167142315,0.3472124858658637,0.122724,0.1380582424761515,0.2015405454495667,0.1453853831196973,0.1239002601529877,0.0994145056514674,0.171564,0.172517777550919
28-01-2044,0.294051062501944,0.3336132220259312,0.11904,0.2224424180368019,0.1932383285378551,0.1418350821998646,0.1205360151496744,0.095960137235683,0.165428,0.1654937958175091
04-02-2044,0.2826257875064185,0.3271202814494648,0.115829,0.3116698573011049,0.1897720307019213,0.1399587473957948,0.1317793984216941,0.0956034999320864,0.160512,0.1616069874600462
11-02-2044,0.3462148332614777,0.3939978392910504,0.112486,0.247465,0.1954772483777214,0.138329,0.107232,0.101015607878556,0.2764636844621477,0.1841360040157136
18-02-2044,0.3435436911452733,0.3877476604852226,0.145986,0.3051,0.1912900346018754,0.146306,0.136187,0.0997071095222023,0.2900434695805904,0.1878874884215884
25-02-2044,0.3454689798874373,0.3858216947149337,0.200739,0.381213,0.1901725681352088,0.13937,0.157721,0.1011445353371018,0.3057887792416807,0.1929527085388757
03-03-2044,0.3477338743706402,0.3871040309650509,0.194079,0.583063,0.1932350956704125,0.157279,0.231094,0.1036342648895177,0.3169081146695808,0.2037695579495998
10-03-2044,0.237799,0.450597903034255,0.1921384571410334,0.687926,0.2666688431341906,0.1737693435744448,0.283887,0.1049119796052452,0.2355303290081989,0.177806
17-03-2044,0.245959,0.4531455831126305,0.1819362279851103,0.559374,0.2687634039698752,0.1909704619171581,0.249451,0.1093788567457266,0.2396408096584454,0.18592
24-03-2044,0.27169,0.4572262653099554,0.1787073278332589,0.503202,0.2714806157987103,0.233325170947216,0.262614,0.1139024494911537,0.2382864264413722,0.261376
31-03-2044,0.303924,0.4500241457305828,0.1738022370042004,0.494843,0.2809941863737606,0.3204972558536365,0.315667,0.111612964307883,0.2361591663315649,0.46385
07-04-2044,0.294743,0.5298600816552423,0.1694019668769567,0.583879,0.3348190133250579,0.3572398645343987,0.41901,0.1156237676493617,0.2544716673048134,1.53618
14-04-2044,0.6723702981475951,1.353658680882968,0.2870643140535028,0.696403051446036,0.3465267505395379,0.7996946855200964,1.5490608192545805,0.2942617443241954,0.6925840849015409,2.5926811981988584
21-04-2044,1.024595581902168,1.6631628579952922,0.2860647887521123,1.0506102491861518,0.5613732460337468,2.29350842038615,1.7890096483234008,0.4009985865225997,0.7570452173431299,2.364856262235695
28-04-2044,1.2465402858268186,1.8307700104681848,0.2833527351961028,1.2623053383722742,0.7232481324205586,2.663816178279532,1.4932441312276512,0.6090203407539861,0.7771991247034657,2.284670386886454
05-05-2044,1.0996973684328777,1.7424538766640745,0.3043870532294102,1.040674073955712,0.6294120714987064,2.566845669068976,1.3312238874259157,0.6679916639612697,0.7486138564681863,2.043204506192347
12-05-2044,0.558665,1.2211681280066649,0.236495,1.578753014334056,0.332007,2.09784,0.512785,0.7960368646122153,0.190167,1.22256
19-05-2044,0.621235,1.1559151274974109,0.302392,1.4950506090798683,0.471513,2.24593,0.466739,0.8085970370726814,0.186009,1.17966
26-05-2044,0.603766,1.1156608417055458,0.453732,1.4210564197992834,0.567202,3.10634,1.03462,0.8109557382790865,0.182718,1.24984
02-06-2044,0.554137,1.1081603658610732,0.570325,1.38567846180052,0.584011,3.56532,1.42999,0.8388772553908966,0.188896,1.66489
09-06-2044,0.525863,1.3371726146905971,0.534241,0.604447,1.1675006749272407,3.10508,1.14786,0.210734,0.254871,1.80359
16-06-2044,0.495076,1.256411989796664,0.497028,0.567762,1.0390047071843298,2.54466,1.06885,0.208141,0.365914,1.52464
23-06-2044,0.477621,1.230416142991277,0.447824,0.545354,1.0282412950412885,2.37969,1.00561,0.274187,0.399616,1.43063
30-06-2044,0.461238,1.1620212435453685,0.553782,0.523604,0.9462028980423212,2.28578,1.01028,0.350765,0.392269,1.37207
07-07-2044,0.607428,1.1609283895914968,0.606735,0.560471,0.8746337903677477,2.11666,1.14089,0.385428,0.422497,1.37136
14-07-2044,0.880632,1.9244548250487703,2.518440970560211,0.70207,1.8577158133921927,2.24019,4.367226624370968,0.6388210042474363,1.700617598702407,1.7729762409600895
21-07-2044,0.864738,1.8717223741270084,2.23850805553832,0.717026,1.7080937048990876,2.19386,3.932008944994231,0.6567608105512023,1.637521275364377,1.681254457748533
28-07-2044,0.759347,1.6729405355563844,1.84540587814838,0.622699,1.3629292551684449,1.91046,3.2001702019388087,0.5277101023702389,1.3362953763008212,1.6054789474789022
04-08-2044,0.703912,1.7152172600843958,1.659150643400828,0.555185,1.2606706904890306,1.71103,2.8102649819494,0.4595184480256172,1.2249495458611863,1.5999502835220394
11-08-2044,1.4802699671220978,0.5854609268998523,0.7322361852732818,1.260162055051254,0.6796074629749882,2.311397920287528,1.5010926762576142,1.0195701141635602,0.67225,1.17152
18-08-2044,1.2645555346869508,0.5349068271893558,0.6650090032002517,1.021896151433228,0.5607751815360498,1.984876719711663,1.2407647016917096,0.7791897297250463,0.847184,1.35174
25-08-2044,1.154170002782271,0.5178520278331531,0.6156230105320897,0.8923561172174396,0.5029320470356098,1.7714145808409172,1.102575126093305,0.6657572106562052,0.641148,1.39768
01-09-2044,1.039412588219632,0.4859041776854979,0.5743038648556713,0.7950525598812367,0.4523006281437604,1.5546667706898476,0.9720920439332172,0.5679526697620938,0.541123,1.17849
08-09-2044,0.9387464684488722,0.4652996477551217,0.5241980927643236,0.7592702263285929,0.4195365638075846,1.3640508114540042,0.85905113041459,0.529435011254199,0.510542,1.03812
15-09-2044,0.7038753151626236,0.4062057912077399,0.4789402607233093,0.7328001560609019,0.26837895059374,1.1358941268025076,0.5900807195752154,0.3820342452610852,0.7591886832334611,1.1178387291079477
22-09-2044,0.6209549833754071,0.3872517326595369,0.4242631339525634,0.6914915212887799,0.2757674895451597,1.0156751541938407,0.534645752146803,0.3403692317750459,0.6575077564748064,0.9880273295145714
29-09-2044,0.5328005216953325,0.3230975632490657,0.3613560850585046,0.6150195044553489,0.2534166848245047,0.9011844553426924,0.478020901867274,0.2796767303796112,0.5493371328674707,0.8654971118162389
06-10-2044,0.5027053495946909,0.3117579073989179,0.3839928009023364,0.5932382670490863,0.2334159580273119,0.8181659648079757,0.4430903271424443,0.2733376052117079,0.5090112020585359,0.7810785973583771
13-10-2044,0.310574507681144,0.2082175200693976,0.3137392613311736,0.3617662953218171,0.2226737810754541,0.6706260865192605,0.35215,0.1569593847159303,0.328786,0.627218
20-10-2044,0.2883811700968047,0.1957391309382026,0.2735667641443767,0.3337395032070023,0.2047765093461115,0.6165954737609333,0.334127,0.1439714471375734,0.305823,0.573136
27-10-2044,0.2702419542384746,0.1869739550978066,0.2477361939814416,0.3114149751513039,0.1916727996365403,0.5679608776840775,0.314907,0.134547523804367,0.281464,0.523601
03-11-2044,0.2511501733667528,0.1743050780596373,0.2251027789398759,0.2933894874005424,0.1771951779197255,0.5204716920909039,0.292809,0.1246220328381184,0.257095,0.477832
10-11-2044,0.2690801793595284,0.1735414516529049,0.2118077682688737,0.2894352169699268,0.1673759596865112,0.4848934732700914,0.2894409449595705,0.1258816057253857,0.2449410501820522,0.4488724964690407
17-11-2044,0.2655207080720975,0.1640364046155887,0.1971896834955578,0.2666608732340496,0.1577687039879193,0.4482947598368093,0.2725993307211457,0.1186274812502323,0.2308470008479338,0.4235566056197478
24-11-2044,0.2596026745278372,0.1565622709879205,0.184795198816534,0.2513158614926292,0.1491287663418693,0.4259616667443111,0.2548047094454019,0.1126814061873159,0.2200078377678842,0.4015987721594386
01-12-2044,0.2550128347641063,0.1510414995952669,0.1747227447202661,0.2403672155376007,0.1420051394983933,0.4053983171797793,0.2397799177214612,0.1086196995970515,0.2082516499548279,0.3735046160909709
08-12-2044,0.2383653171165687,0.1436405892601452,0.1640593291525718,0.2382908984875136,0.1346649451943612,0.3806762656906607,0.2242094227962791,0.1025860418110578,0.1961087081054628,0.3478690375603672
15-12-2044,0.2435445124053706,0.123449,0.166556,0.2136163951871833,0.122317,0.3533938690555636,0.2044474588450756,0.0896276701392907,0.177493,0.315892
22-12-2044,0.2384224324140207,0.118424,0.177514,0.1985059196729652,0.120299,0.3475949052642629,0.1939008625889808,0.0865864275044955,0.168207,0.303567
29-12-2044,0.2413393643787932,0.113792,0.163583,0.1863720842669193,0.121407,0.3442843437386094,0.1852203735715804,0.0863259286516471,0.159815,0.306521
05-01-2045,0.2562659443789043,0.109676,0.154323,0.1765192172351846,0.119402,0.3259703609533668,0.1778598186095871,0.0865360641141316,0.152502,0.300455
12-01-2045,0.2159526484758399,0.1346999886378259,0.1546833461291486,0.1735570018832099,0.1212250660074261,0.307569981770618,0.1911178673946264,0.0852574116419042,0.1550401631861581,0.286306408362862
19-01-2045,0.2028916721185423,0.1298993967028967,0.1604685787354693,0.1652743454966979,0.1161012957270589,0.292075459270234,0.1837459483466229,0.081670916548225,0.1489028406209339,0.2704695458700104
26-01-2045,0.194323932424484,0.1275734196187495,0.1652831866609758,0.1585934475760744,0.1147584681002658,0.2771703862203065,0.1777308546043169,0.0791269107770486,0.144023787482792,0.2568620947600916
02-02-2045,0.1924163008106319,0.1363012210885419,0.158662396350377,0.1701391467460311,0.1460727468651174,0.2647059310710523,0.1815434466177993,0.079663096472971,0.1427058587111942,0.2461950648004877
09-02-2045,0.162098,0.176299,0.2023164571038278,0.2498536213511565,0.214712,0.2574272054729682,0.1806549535117922,0.0683498,0.1735614864120619,0.230022
16-02-2045,0.211945,0.248754,0.1997304732954645,0.2427655198921093,0.235958,0.2569463000721959,0.1856474143407309,0.0672795,0.1723901377368813,0.256064
23-02-2045,0.253052,0.197788,0.2006784708079955,0.2420434928678103,0.205028,0.2658917429106444,0.1999518855098214,0.110699,0.1739506308653918,0.281694
02-03-2045,0.224739,0.176607,0.2049012772284708,0.2500247181041731,0.187863,0.2637438706957597,0.2061486313386642,0.149868,0.1788965525888905,0.272333
09-03-2045,0.4054672614427481,0.2265953585434185,0.120823,0.141808,0.173474,0.247554,0.3140198313329513,0.3935897479477781,0.116194,0.290524
16-03-2045,0.4261860225223436,0.2179970650066426,0.117614,0.148407,0.188982,0.239207,0.3177091382664256,0.3904634911536038,0.115105,0.316838
23-03-2045,0.4577603974955844,0.2395155194074425,0.126232,0.185514,0.202915,0.231762,0.3322468937202922,0.410005213923085,0.120039,0.45877
30-03-2045,0.4485689649060845,0.252967477652687,0.135307,0.249114,0.211895,0.571618,0.3313099633805971,0.4064898614804527,0.228552,0.564934
06-04-2045,0.4453192662355364,0.4652655955202021,0.203055,0.305739,0.221009,0.864181,0.3981825594223762,0.4101077852532181,0.404997,0.732437
13-04-2045,0.6459522950273648,0.673502,0.4726065647179707,0.3587952614872728,0.5379234532802359,1.0547051356544153,0.5769270102885702,0.4944260301179133,1.21967775967806,0.836286
20-04-2045,0.825820767653159,1.12154,0.5061896732819705,0.5178559673060259,0.5832438739096093,1.0185968629468558,0.5605025234915357,0.5610391181964044,1.2634921053156734,1.10535
27-04-2045,0.9805026403850192,1.4571,0.5376562241795579,0.6577414900463618,0.604390167774833,1.0254211229270591,0.5416423926518612,0.5098637671061321,1.4922470254336695,1.43001
04-05-2045,0.9918508234632836,1.24512,0.5112299289532801,0.6004240127850199,0.5666169112997266,0.9683199677234338,0.5538575529049778,0.5559638183167225,1.6304286076613763,1.32347
11-05-2045,0.7984716504379589,1.00948,0.278711,0.55882,0.321746,0.51875,0.189054,0.236565,0.734872,1.28441
18-05-2045,0.7766190208260635,0.876789,0.267144,0.594965,0.394403,0.483765,0.182614,0.244197,0.7107,1.26636
25-05-2045,0.773702287900335,1.11219,0.305688,0.594558,0.539214,0.621677,0.475055,0.366305,0.644188,1.13476
01-06-2045,0.8027260898847972,1.46834,0.342271,0.857684,0.654245,0.80891,0.697638,0.64915,0.578854,1.01774
08-06-2045,0.8020175865368259,1.36533,0.321483,0.97472,0.568998,0.799183,0.545837,0.754855,0.566605,0.952784
15-06-2045,0.394883,1.1963,1.2109232852646978,0.87986,0.5943026613575745,0.8647147785981801,1.7215333989196124,0.657663,0.689112,0.975853
22-06-2045,0.415278,1.27567,1.1810599581341366,0.849978,0.7307407799028692,0.8969971597058246,1.6483754078328523,0.708091,0.820352,1.02489
29-06-2045,0.454011,1.26708,1.0518424404714908,1.11128,0.8262846084590769,0.8894094193871998,1.419929728452055,0.745077,0.787564,1.01503
06-07-2045,0.480727,1.14531,1.0806124681348015,1.63193,0.7187865511279459,0.8174869733383187,1.319414665981743,0.673018,0.699249,1.19879
13-07-2045,0.481802,1.13762,1.5994767380418875,1.93993,0.5977403155877207,1.7529032445576451,1.6561947549457057,2.4293040919826296,0.781501,1.47343
20-07-2045,0.503192,2.29648,1.45657561934034,2.23472,0.5357599827272751,1.6964058204453316,1.4997238766164616,2.205690419526348,0.839211,1.38214
27-07-2045,0.503797,2.77044,1.1896999617129538,2.09433,0.4873429605644528,1.467314221933686,1.252082148123585,1.7745508379968191,0.76871,1.21552
03-08-2045,0.50812,2.04512,1.1024200245581914,1.77094,0.523279911574511,1.3393951376664672,1.1598295206985887,1.643598324344558,0.707567,1.1242
10-08-2045,0.494106,3.6834498002591545,0.5189696422932454,1.56113,0.8915156464021662,0.7464250065099565,0.8182806060937244,0.9096538437976184,1.1288840533782687,2.095560169851161
17-08-2045,0.540984,2.967218685016727,0.4690875716702866,1.51872,0.7477278990804891,0.6671543573018057,0.6643925804383897,0.732097490509034,0.9747289646128356,1.8022803210945184
24-08-2045,0.543397,2.52223919664949,0.4827291917868589,1.47207,0.6835028461799095,0.627342269902146,0.6127390236111148,0.6476712923707411,0.903701467562312,1.5952277997832798
31-08-2045,0.512492,2.0560207711163576,0.4538346469059447,1.2693,0.6162034101696278,0.5730678994466123,0.5599147990495983,0.6050061015273108,0.7848932341510544,1.3772309356714394
07-09-2045,0.483511,1.7451621331798273,0.438272678828009,1.1113,0.5567277808890781,0.5215747491459721,0.5284516842292001,0.5714468011859012,0.6851041395738728,1.2183664074347198
14-09-2045,0.6456536721958155,1.1532855506785855,0.3951524398598118,1.2712375056217524,0.4535024210494202,0.5136971856435226,0.4509638759544523,0.4309282293536803,0.7988387782220241,0.825713996681763
21-09-2045,0.5789431479804175,1.022160408958172,0.3518348196988791,1.0880385246766762,0.4016938438813328,0.4854684704553716,0.4323770579017496,0.3949117650312088,0.670230476842431,0.7347656062415973
28-09-2045,0.4995971187252101,0.8994581563323423,0.2747815516402986,0.9356136900611364,0.3435675931830892,0.430128441516354,0.3629795999252576,0.3419181979450425,0.5482376412771327,0.6509821942895386
05-10-2045,0.4725218990624322,0.8161027528284059,0.2669303316023261,0.8404329069055105,0.3180441997889122,0.4044919966821735,0.3492096933165106,0.3208406719917825,0.4927894241498937,0.5972852938826163
12-10-2045,0.347619,0.694254,0.1467549511557776,0.6789069928266196,0.2249904149964939,0.305068149876207,0.1824579661677491,0.2387351986979599,0.332268400481267,0.486883
19-10-2045,0.318129,0.639834,0.135604811167786,0.6124159635283605,0.2106679751641877,0.2815295229688068,0.1659510951780885,0.2190514359220767,0.3039358958550308,0.44936
26-10-2045,0.291861,0.58851,0.1279348002876738,0.5565670582436876,0.1977548011537397,0.2632299706739617,0.1556137057602778,0.2024681266454507,0.2826769803937181,0.437422
02-11-2045,0.266951,0.535126,0.1196236674262671,0.5034787134232415,0.1834547490283848,0.2442551229534581,0.1441788347624968,0.1873939170464711,0.2601057848533335,0.421487
09-11-2045,0.2632916401507592,0.5127155225814373,0.1157603069577389,0.4594911068886212,0.1718356502237149,0.2287019776187289,0.1417199493696949,0.1837598062561768,0.2334474938756696,0.4084281942789405
16-11-2045,0.2441705358916301,0.4848606049950513,0.1098454051292015,0.4240883321548799,0.1610364358019787,0.2149504229511884,0.13350679125792,0.1722305724935528,0.2356272321374028,0.37973992478177
23-11-2045,0.2294766982331495,0.457402451133379,0.1048850998983132,0.3925582881153698,0.151748417406259,0.2039423484416501,0.127476580006019,0.1625740858791232,0.2612363435627506,0.3613402345357798
30-11-2045,0.2179981055644251,0.4257895880302584,0.1008433341596666,0.3653322316795319,0.1591747630413951,0.1945027718368321,0.1229801414849767,0.1536961039664741,0.2597540856744644,0.3445798323609613
07-12-2045,0.2048334703826793,0.3975854491689946,0.0961408924222608,0.3410043528759584,0.1640483012801708,0.1838343953558925,0.1162361950485885,0.1439435072534821,0.2364477513526235,0.3226664733007612
14-12-2045,0.176078,0.350031,0.0861299,0.3158140703520066,0.1514687896176833,0.1704367467845128,0.1027227141272384,0.1317103083698897,0.2142178926019982,0.2808557290295304
21-12-2045,0.167033,0.327939,0.0827785,0.3066513718063433,0.1421622094108974,0.1638570797278323,0.0982402858470327,0.1246444191178269,0.2042449224802513,0.2664811745473351
28-12-2045,0.15911,0.315504,0.0797345,0.2866347247330294,0.1379220494993943,0.15769161263477,0.0948291271658381,0.1187396439070155,0.1944153250522914,0.2542878172606926
04-01-2046,0.151824,0.304327,0.0770215,0.2694068337433724,0.1344910092282096,0.1513450271790032,0.092566810755015,0.1143391682756018,0.184128548509541,0.2422041604558643
11-01-2046,0.2140057657102746,0.3227090369288571,0.1027008675516355,0.2595537251286599,0.1369089859897905,0.1466183949862551,0.0971969379792077,0.1080518565356688,0.194487063642896,0.230016
18-01-2046,0.2082464334874953,0.3071100544848597,0.1053154473260912,0.2464506141289253,0.1306764637336949,0.141942073638494,0.0943473108422676,0.1035918736199736,0.1867609463311511,0.220672
25-01-2046,0.2189561331244904,0.2946524298430658,0.1012240053017077,0.2356583593027778,0.1261803261090008,0.1382960713430067,0.0924529706999826,0.0999327027590533,0.1799729809146716,0.216088
01-02-2046,0.2500558718286472,0.399530120774107,0.1318192114560218,0.2277307118405472,0.1263668960690725,0.1364666915415038,0.0961985425891686,0.0986721721493374,0.1788085429544778,0.233269
08-02-2046,0.1832271798716601,0.432847,0.1671571808300042,0.2416667030243689,0.104624,0.152709773800257,0.0768568,0.0875729,0.2358475537660376,0.241641
15-02-2046,0.179110351640572,0.407226,0.164943998480994,0.2362555174658863,0.143356,0.1514682782625409,0.0774402,0.0848781,0.2363315495176211,0.226916
22-02-2046,0.1797464729570379,0.391979,0.1578023763500097,0.2553005608647705,0.186202,0.160857014803506,0.0771419,0.12915,0.2402188944247796,0.227845
01-03-2046,0.1818932781047825,0.36556,0.1558250586213811,0.2744472314152746,0.170038,0.1692236542135026,0.105022,0.173513,0.2528153673760387,0.236414
08-03-2046,0.1831477758345783,0.348049,0.1520080413908369,0.2636723012318178,0.171426,0.1642681049112583,0.168425,0.230456,0.2588789673323217,0.674148
15-03-2046,0.6444604738892126,0.342458,0.2865499164944781,0.219481,0.273461568489557,0.131512,0.181532,0.272278,0.137548,1.02289
22-03-2046,0.6634613992424393,0.384093,0.3156654898412824,0.278996,0.2633025626873864,0.156767,0.200467,0.228083,0.148071,1.00879
29-03-2046,0.6413056703887146,0.412596,0.3056152987636473,0.320399,0.2568242458730484,0.17346,0.247484,0.307115,0.249117,1.05828
05-04-2046,0.6699189999373664,0.515858,0.309125425569381,0.33816,0.2794766428849781,0.165068,0.322968,0.381099,0.320115,0.929172
12-04-2046,0.4743217190608166,1.151484660436331,0.5095601661134197,1.136632260323014,0.3805060477529261,0.4522291691099914,0.9414563077199288,0.6421660510125934,0.9537461555735732,1.1489319386637242
19-04-2046,0.4776775032526393,1.175549166855688,0.5005739689111101,1.2597864184101142,0.4015095473254936,0.5617632330099573,1.562012783996006,1.485657793128391,1.0455801572963077,1.4861309005030685
26-04-2046,0.5549682388942958,1.2467879773688637,0.5261847474642924,1.344295320331606,0.3728038708689184,0.6026010879505688,1.951203826678488,1.904423910849832,1.0401904723950144,1.7299977059987428
03-05-2046,0.6225728000293315,1.2265515592449214,0.5546156095035817,1.2648591721364923,0.3657954995381599,0.6372283790903843,1.644185909557237,1.5497596533342912,1.053575536180248,1.5276151319305724
10-05-2046,0.7297485553061869,1.1463704243871344,0.135673,0.375105,0.186651,0.341907,0.520327,0.866338,1.467109077424317,0.962468
17-05-2046,0.7010257740282039,1.0826305453531493,0.138047,0.405339,0.213439,0.339483,0.454953,0.738151,1.3812229811946852,1.02824
24-05-2046,0.6718062901475853,1.0433948471859589,0.136621,0.526977,0.321573,0.449017,0.589832,1.35451,1.3283032651343922,1.20616
31-05-2046,0.7043868133732063,1.0327199690041815,0.155205,0.569258,0.374039,0.544668,0.694502,1.87975,1.3679137320193826,1.19424
07-06-2046,0.6568452893722594,1.015047015795369,0.180779,0.547825,0.330482,0.501639,0.662976,1.86558,1.26187277531106,1.07949
14-06-2046,0.139122,1.0650738199670644,0.25059,0.592324,0.326651,0.4825464096211212,0.8716352947468908,1.87739,0.31272,1.01354
21-06-2046,0.236861,1.036024848255742,0.283778,0.615773,0.365627,0.529834932027966,0.8960222298884211,1.7361,0.305443,0.951611
28-06-2046,0.330464,0.9811224741850376,0.437597,0.570414,0.373845,0.5692471132973475,0.879807645588802,1.59311,0.331959,0.895621
05-07-2046,0.280847,0.9830265714430182,0.54604,0.579915,0.341276,0.553927232470898,0.7921996714635068,1.58564,0.464928,0.926811
12-07-2046,0.289316,0.425711,1.991012056765506,0.817723,0.310939,1.453440496402226,0.50652,1.67522,0.542988,1.04322
19-07-2046,0.308398,0.620741,1.7248026107034846,0.89033,0.298559,1.395064417980072,0.50213,1.5428,0.512854,1.06539
26-07-2046,0.283064,0.682689,1.3202840994078366,0.902468,0.309992,1.190408378043218,0.51769,1.35471,0.509871,1.0149
02-08-2046,0.311634,0.647392,1.1154586463026115,1.00183,0.303106,1.095797237623828,0.493011,1.21828,0.48115,0.981934
09-08-2046,1.0610065984269317,0.619995,0.317906,1.318580834844017,0.5268053192488458,0.6795915091412892,1.030157861017571,1.755831271264736,1.2500132091076028,0.954907
16-08-2046,0.8737588943968495,0.54763,0.52493,1.1508261718575223,0.4714855671888888,0.6042014320457322,0.8584234729734794,1.504851605399924,1.0633309677394978,0.912082
23-08-2046,0.8065199604420815,0.492008,0.600482,1.0365096548868076,0.4551608410180762,0.5779100548854873,0.7861163555052245,1.3758396024320008,0.99700124638046,0.833515
30-08-2046,0.7709208123047805,0.601898,0.53726,0.9251727069084494,0.4057508144279294,0.5166669070822496,0.698369505393289,1.2233946517707406,0.8744048616149447,0.752108
06-09-2046,0.7735825218918688,0.68069,0.481543,0.8321466865738948,0.367425362915514,0.4688009838284157,0.6514555831296782,1.0705999737270693,0.7584943862362039,0.744311
13-09-2046,0.4749331776211184,0.7546824702695462,0.5551777293377952,0.836558228633177,0.2734212794961118,0.3518424836918901,0.4212347258288672,0.9019335721375288,0.7167623339857867,1.0284364929997645
20-09-2046,0.4286809518169983,0.7180254620866918,0.4756081202332108,0.7293705505370691,0.2466857199302465,0.3201901651747488,0.3728647642028654,0.835308689387356,0.5835770591764677,0.8794721089834243
27-09-2046,0.3482479963033911,0.6687670078704305,0.4033949302826976,0.6146077028488646,0.2172077090178349,0.2837605569866158,0.3281997619456424,0.7334726433423874,0.4589609975057531,0.744894525808305
04-10-2046,0.330268686009764,0.599439976436742,0.3707635889473191,0.563247632286418,0.2064787867696924,0.2655477073519541,0.3055009339978749,0.6667944968220728,0.4256842085948866,0.6681416368335448
11-10-2046,0.2081279089169996,0.7333796831412882,0.2781483564790941,0.4030660936694138,0.1547131956585633,0.2124778713297271,0.235561,0.5352019620325063,0.232225602493085,0.502183
18-10-2046,0.1911891004132082,0.6020499787638973,0.2472963816300073,0.3642840861018164,0.1443689267766038,0.200338338988309,0.219598,0.487603536864109,0.213487854904126,0.470858
25-10-2046,0.1789823512690116,0.5584257290020253,0.2258912853465975,0.3362209450424129,0.1361257040501669,0.1875207382556928,0.205509,0.4454320533092986,0.1991307060382031,0.433893
01-11-2046,0.1649736305229217,0.5120948573650894,0.204101135959018,0.3082430717448846,0.1271181876688441,0.1745092981963587,0.190271,0.4061501448361069,0.1855899318942049,0.398573
08-11-2046,0.203792054500227,0.3991741469229511,0.1906658566450028,0.2981322758241629,0.1226283305475986,0.1633034440916744,0.1954236363359158,0.3768455338295844,0.1943672679473682,0.4053678893996434
15-11-2046,0.2111890676327799,0.4018230266978962,0.1834156427926973,0.2779318646344641,0.1156813295423326,0.1539977415743538,0.1864566325554967,0.3493734479381298,0.1829895350009131,0.3773903944331205
22-11-2046,0.1938127993608115,0.3819292454007022,0.177550607242802,0.2617549378743202,0.110748231204491,0.1466789235934191,0.1762643204278252,0.3316769886537685,0.1773224470005737,0.3543740752535381
29-11-2046,0.1840315328260719,0.3595891306118172,0.167236034312973,0.2495326476161206,0.1066945895516928,0.1407373599756538,0.1677291245936719,0.3251151870147799,0.1809337605030852,0.3369113661782329
06-12-2046,0.149294151280708,0.312613,0.1429790002804646,0.2208355862999912,0.1091050689868368,0.134675937074179,0.141253,0.3056539281724403,0.148487,0.276044
13-12-2046,0.141223187626052,0.295012,0.1365439534439582,0.2110358289831501,0.1039012958507328,0.1304267142829965,0.135246,0.2843504714198511,0.147019,0.259907
20-12-2046,0.1339892425052223,0.279539,0.1303927048168223,0.1995544051077819,0.1156276951074564,0.1300821294325162,0.134717,0.2671690466381952,0.144573,0.246352
27-12-2046,0.1280821491618896,0.260876,0.1234116745112961,0.1902703372466428,0.1294821087681784,0.1354065288024424,0.134079,0.2536910316092817,0.137021,0.233956
03-01-2047,0.1247769283555345,0.2644769390979814,0.1247709657049234,0.2091821919911863,0.1073471580781401,0.1380689451993715,0.1355818200324562,0.2488569514739873,0.1381018560476684,0.2425192794932977
10-01-2047,0.1217562764984616,0.2704061729798547,0.1204855901870718,0.2063666372917746,0.1003374097582572,0.1393332439128565,0.1297992614763102,0.2373670429843151,0.1350882299871146,0.2366789137043639
17-01-2047,0.1170846418211426,0.2727337320727015,0.1153598328745457,0.1975533417674217,0.0952296757441018,0.1383183490215812,0.1239522963392625,0.2256670685065064,0.131436489864392,0.2292030088524062
24-01-2047,0.113883361909304,0.3214468870051049,0.1116723837529518,0.1925022922544394,0.0914489580556548,0.1306694191741592,0.1194138739391897,0.2159382673720178,0.1267520407027567,0.2211200804462132
31-01-2047,0.1631001401915826,0.4024346408890837,0.1358741938296697,0.2485114664238085,0.0860267,0.136991496797123,0.1235065667248729,0.22268044659566,0.1296307331383813,0.2870355872903544
07-02-2047,0.1839924316189685,0.3823614130099392,0.1485885965189185,0.2737308326118185,0.109797,0.1378392476729497,0.1246102038683169,0.2220831771355782,0.147348915553154,0.3022410157263806
14-02-2047,0.1868978760157602,0.3994534285662687,0.1604494175626953,0.2760094848546455,0.136379,0.1597755449092287,0.130928653112338,0.2170635254096773,0.1635648185926815,0.3027509426259466
21-02-2047,0.194133886321824,0.4135481485574465,0.1695205968833055,0.2836932826106362,0.127834,0.1798155156838085,0.1429088355335725,0.2151214897931863,0.158537684601602,0.3070284994804165
28-02-2047,0.2067123630007634,0.3981187712017586,0.1785557658662069,0.2971771125114764,0.119623,0.1707656998911842,0.1499159973409063,0.2167177475707015,0.1648823942700727,0.3171368021061582
07-03-2047,0.8464935463640777,0.408827,0.170028,0.3791930623974137,0.111786,0.139871,0.268356576676357,0.165563,0.286132472877862,0.4079545902113036
14-03-2047,0.891136482034063,0.517804,0.232164,0.3901065829757869,0.106634,0.165738,0.2749093825787185,0.163137,0.2844726001204243,0.5526020817672329
21-03-2047,0.9452461194783124,0.466304,0.221555,0.4375625351816263,0.184852,0.19982,0.316690447018037,0.161584,0.2931020521519949,0.5035085101687444
28-03-2047,0.9075282735625332,0.698512,0.216175,0.498515948194715,0.299171,0.195676,0.3557446930753524,0.177183,0.2907884263510393,0.5241281732397052
04-04-2047,0.5917961858561749,1.6663995381851562,0.233376,1.1083050350054118,0.4396364798652789,0.618767911872202,0.5712360644818351,0.192836,0.7370954738122557,1.1537780983896797
11-04-2047,0.824785454800616,2.102679759304757,0.281738,1.1321183352729065,0.470317805969682,1.389477222188945,0.7435185977380637,0.192604,0.7514281634397959,1.385075336484046
18-04-2047,1.0739822527669038,4.306117579338924,0.340575,1.1491253218717907,0.5270333606241651,1.5533939664658003,0.9231090391016004,0.202937,1.3109380181207912,1.5327367949110295
25-04-2047,1.5110947234972167,4.748641211907508,0.341503,1.1140621569013354,0.5584740411260629,1.3277485051023248,1.281164953377082,0.205624,2.5638002328194043,1.6240726424687075
02-05-2047,0.707566,3.356484431630955,0.307759,0.6434049318541661,0.371937,1.06447,1.00272,0.4476165886276295,0.993312,1.03216
09-05-2047,0.58274,2.8917747427004543,0.281794,0.6197275788757559,0.491057,1.11488,0.963249,0.4481553762338273,1.00393,0.953237
16-05-2047,0.494663,2.5961296495648334,0.260507,0.5936211063527123,0.585662,1.01349,0.835885,0.4511163703242429,1.047,0.870005
23-05-2047,0.447362,2.399881783863428,0.309071,0.5675682505909067,0.583787,1.02715,0.735265,0.4713596108467234,0.963601,1.53263
30-05-2047,0.543609,2.3011679278940966,0.429698,0.5737616775543656,0.560844,1.12127,0.681706,0.4963547363368777,0.862892,1.92487
06-06-2047,0.645764,1.51097,0.442629,0.227838,0.583732,1.1121835244771816,2.1308854967825943,0.191604,0.910071,1.52731
13-06-2047,0.588351,1.41472,0.3802,0.321318,0.644484,1.017506732574382,1.958562171828045,0.218543,0.918382,1.32657
20-06-2047,0.53897,1.34877,0.440862,0.315833,1.11734,0.993419501214994,1.9936827790188527,0.249918,0.86959,1.37135
27-06-2047,0.513544,1.36353,0.75873,0.300603,1.4216,0.939586501893576,1.8740426455918224,0.287465,0.838158,1.48267
04-07-2047,0.641696,2.5557437291057177,0.93213,0.8237419061530558,1.84458,0.807273,0.851705456049074,0.8496191180586739,4.556164172442617,1.69714
11-07-2047,0.751387,2.54763867040355,0.888081,0.8096843813732227,1.95593,0.791724,0.8604572043110144,0.7636118148768831,4.192138677365706,1.71484
18-07-2047,0.694668,2.5209592618360475,0.800061,0.7571786779076661,2.03762,0.765997,1.0229918638564883,0.725234575879076,3.842101236730484,1.471
25-07-2047,0.637929,2.4741176200101043,0.685284,0.6756350691426252,2.05413,0.717879,1.0306583731097456,0.6425803266742041,2.9416567167737275,1.34347
01-08-2047,0.563628,2.378061270235805,0.744324,0.701760671173518,1.6806,0.682278,0.9069411492547462,0.6787169341067543,2.469772653602633,1.30097
08-08-2047,2.488235108058558,1.8296757566092456,1.2889784551783077,0.8949278288499478,1.923190664553936,1.0101533322288134,1.1051063102083596,0.7133740427955424,1.1726903670790787,1.47159348705621
15-08-2047,1.7943729868504592,1.6009699361536516,1.142339512917642,0.7198492558267813,1.6215915490177442,0.9233253114802862,0.9808380439201128,0.5811620898395796,0.9771832453152792,1.3869044615819914
22-08-2047,1.5092448406334458,1.457961529427369,1.0878664787772834,0.6866179297719508,1.4197998520885944,0.882533739834871,0.9154023235542262,0.5582010328199039,0.9057616936221272,1.2906951613659854
29-08-2047,1.1648257405664575,1.301754975019382,0.9318723150741748,0.613125227185827,1.2284970628240977,0.7910294949511743,0.8285638891674808,0.5163640960984652,0.8196760930592875,1.1392539067918102
05-09-2047,0.537300302370881,0.8777087321677741,0.7641177126604047,0.2924021317900105,1.0122081112055443,0.5612353148902774,0.5571607635598703,0.2996973266243321,0.6856870801114212,1.0906408916356067
12-09-2047,0.4679881688699848,0.8535183289441072,0.6362098078313172,0.3013633303347111,0.9223057888646587,0.5096799278648263,0.5120007343336664,0.2940903731548591,0.6129240155216281,1.0037776360800434
19-09-2047,0.4139365762638547,0.7709232976664029,0.5365878632288857,0.2708383658457923,0.8512489609024476,0.4649129588882793,0.4664913042264351,0.2818516086700845,0.5523985367958264,0.8986313352241568
26-09-2047,0.3692093237516564,0.7020932164238792,0.4552947600427902,0.2323631387903416,0.7434821413172739,0.4211186128132557,0.4135388982439386,0.2344305468702342,0.492336828649252,0.8104489608767099
03-10-2047,0.284673,0.636258,0.3806308027839902,0.17741,0.6139147316974696,0.356625,0.333005,0.160104,0.3349635607216455,0.67511
10-10-2047,0.26583,0.58703,0.3662616567410791,0.166918,0.559230832245538,0.335893,0.307631,0.150398,0.3060925595937178,0.615359
17-10-2047,0.24623,0.561533,0.3468418512039872,0.156134,0.513027687985262,0.315956,0.284786,0.142293,0.2809848218861513,0.562755
24-10-2047,0.22848,0.535137,0.3152856773770698,0.145712,0.4693602687075328,0.293648,0.263668,0.137706,0.2600933344578616,0.516812
31-10-2047,0.210994,0.487809,0.2846977056883948,0.13592,0.4262803303749927,0.271889,0.243376,0.131695,0.2405543700213046,0.474753
07-11-2047,0.2197141229837623,0.4790339934494673,0.2667445372930535,0.1387111999347424,0.4029062312184919,0.2682611417792874,0.2453352043945313,0.1351181400203459,0.2468048596848664,0.4426841109598964
14-11-2047,0.2058985328982859,0.4436484253704819,0.2471957100828533,0.1316001650010203,0.3704869172240121,0.2514650066095097,0.2290054188776506,0.1277002253315148,0.2319333494434085,0.4113971255187443
21-11-2047,0.1945345042917091,0.4133573307481648,0.2307989341127925,0.1291774904695157,0.3430969770062012,0.2363579859844925,0.215541136776192,0.1218638786410867,0.2196805568343015,0.3900854215495574
28-11-2047,0.1860447320699178,0.3879208733313304,0.2216031779503056,0.1268656453738292,0.3206159980911463,0.2258252123561497,0.2047277263371381,0.1174056703052573,0.2106870450187375,0.3702380957363617
05-12-2047,0.1511128915053651,0.340744142425668,0.1938461574640777,0.1557806900475195,0.3626641513075714,0.2022670528561396,0.1761690009223332,0.102220568431424,0.172564,0.34008
12-12-2047,0.1431504424922799,0.3204733044813576,0.1818688111811601,0.1780597937758235,0.4110907968952803,0.1907645271981844,0.1659977854808323,0.0973557455518106,0.163567,0.319679
19-12-2047,0.136090886595652,0.3031588735161218,0.1711890013990866,0.1657925660974716,0.3754425980970496,0.1814881402139935,0.1585563889538342,0.0955212009602943,0.155579,0.301863
26-12-2047,0.1296537179661699,0.2975195978055914,0.161792409628484,0.1636149120961692,0.3423418433566152,0.1830965841214001,0.1533567620818356,0.0948075069617853,0.148512,0.292462
02-01-2048,0.1410611016766326,0.3030124186081087,0.1632455405221079,0.1394064548200265,0.3046073145889164,0.186654368425583,0.1513459340128003,0.0967006372170286,0.1443718566458348,0.2978500693179413
09-01-2048,0.1394119616632368,0.2974022354443796,0.1606955369601072,0.139690583349245,0.285312987070879,0.1885328265342908,0.1484692246794651,0.0941984106508608,0.1388787251048257,0.285935130007125
16-01-2048,0.1348858044688108,0.2896345512241396,0.1557690968996689,0.1381382071324726,0.2692949697605935,0.1852976496461716,0.1442605630338673,0.0904460887590737,0.1334524880531111,0.2737818811443488
23-01-2048,0.1310860663616658,0.2777398795410744,0.1496557057321436,0.1517194237342493,0.2563469622680225,0.1760667526343572,0.1386290960805411,0.0880558224310557,0.1319616614925507,0.2623001126831402
30-01-2048,0.1345903713487724,0.2717030246909506,0.1504983241488544,0.1662978482533876,0.2458047557926481,0.1794161904090531,0.1416700861215377,0.0901601273921816,0.1469772934163203,0.2558752323870324
06-02-2048,0.1148633003109705,0.2714600363239068,0.1831507188088522,0.190253956976813,0.2595182993125484,0.212319822428856,0.133375712564799,0.1174392120820121,0.2351780315434968,0.4069643987421809
13-02-2048,0.1124812313180193,0.2686880060742179,0.1823641586152619,0.1838882093732796,0.2519674786279633,0.2070199232030899,0.1293348229270933,0.1175970047814867,0.2526037549734093,0.411747754884839
20-02-2048,0.1108922278602693,0.2843478910580568,0.1846651803374961,0.1834571817296142,0.2459610152717269,0.2078704439128974,0.1264641009189178,0.1240394802851646,0.2608668012647442,0.417159319346
27-02-2048,0.1466875061841958,0.2940957510096703,0.189983800690593,0.1851983377347421,0.2419363162159826,0.2092594624108039,0.144556672972546,0.1327174767388862,0.2532868193007299,0.4360435447044016
05-03-2048,0.166789,0.49391305809205,0.479662591033841,0.1532287950363766,0.206364,0.15829,0.277956,0.074863,0.7038942730662571,0.3726439972088929
12-03-2048,0.149799,0.493069827663065,0.4986371887777599,0.1585591768215689,0.235277,0.157417,0.424407,0.0865676,0.7301738850450417,0.384053375234782
19-03-2048,0.14223,0.5479345855720857,0.5444955098546014,0.1671784240036563,0.247013,0.153554,0.397652,0.150424,0.7852763536977315,0.3888820301050529
26-03-2048,0.170739,0.5881983198340828,0.551279627730829,0.1889620510251803,0.306151,0.185203,0.337985,0.299784,0.7921253409625197,0.3913684395178134
02-04-2048,0.6669411254530099,0.7018797833632107,0.5396703623097898,0.17755,0.7456953225086279,0.4413353372330767,0.5656374721266302,0.6793873576685625,0.6598119793494936,0.5157317021127648
09-04-2048,0.8009575756534144,0.7942093460608459,0.5325675889221304,0.170428,0.8141186859039968,0.4213282659557221,0.5473983214576863,0.6674448837930769,0.6965700511264654,0.5270452370426029
16-04-2048,1.0570197275014368,0.9075892369363158,0.5370257598251855,0.360822,1.5041850582006409,0.4328278915364751,0.805107003868917,1.3497731208804082,0.870943996293811,0.5809635140558715
23-04-2048,1.2674651562990975,0.9951088899716548,0.5418015099368843,0.532737,1.8132144545476687,0.4426317992578766,1.0380314510298667,1.7746324235588364,1.6341996327825346,0.7859689013061559
30-04-2048,1.1987877398979505,0.996629108240732,0.5313400117671954,0.441499,1.477571899102747,0.4457866170330246,0.9306349810695524,1.477479858173744,1.945700368848436,0.9779986322868616
07-05-2048,0.484619,0.43534,0.120057,1.122731602203802,0.819047,0.231437,0.77552,0.819405,0.589253,0.508465
14-05-2048,0.548358,0.405671,0.12334,1.015078966832633,0.7199,0.313585,1.41319,0.739254,0.565791,0.505369
21-05-2048,0.65026,0.585951,0.199398,0.9342757351540536,0.749895,0.350592,1.4327,0.662474,0.937639,0.454449
28-05-2048,0.628974,0.714403,0.2673,0.941153486026461,0.80169,0.308474,1.39964,0.659227,1.16397,0.463298
04-06-2048,0.542324,0.668062,0.241038,0.276254,0.756674,0.6376469449446245,1.58238,0.639418,1.03231,0.501404
11-06-2048,0.54878,0.695917,0.255305,0.266766,0.688922,0.5712999060474138,1.48345,0.630774,0.976238,0.527534
18-06-2048,0.558304,0.711184,0.529717,0.356356,0.629456,0.6007513538712188,1.44694,0.692374,0.9667,0.574332
25-06-2048,0.507055,0.700523,0.714065,0.442977,0.843094,0.6492406745737574,1.49855,1.03362,1.01419,1.24297
02-07-2048,0.476747,0.712281,0.574934,0.422436,1.02311,0.6615040864593011,1.4071,1.25859,0.977681,1.7587
09-07-2048,0.600167,1.5585601428595537,0.485035,0.467173,2.5206778754530346,1.1799314536836958,4.914183498000062,3.4238795576443923,1.01225,4.587385878184545
16-07-2048,0.81314,1.532574727007134,0.66605,0.494589,2.283747103462748,1.0864672227666947,4.544542113856048,3.061786054387422,1.14466,4.126958163312924
23-07-2048,0.86482,1.3806483399835217,0.762059,0.448809,1.925004567061586,0.8992566622424885,3.706279783619857,2.549494631441457,1.17475,3.4804146023381435
30-07-2048,0.767942,1.2848196451754923,0.613216,0.422973,1.7075657100068016,0.8375410812689233,3.201460879450567,2.256393034643124,1.12088,3.272231269722324
06-08-2048,1.369112981624296,0.539062,1.2325576928690076,1.4198331221725806,0.709036,0.4103716598945369,2.139318388955789,1.3542965749214764,1.5636802726900638,2.260429483265844
13-08-2048,1.133422947698817,0.580509,1.01112331004281,1.0501434519012915,0.843895,0.399678542991278,1.6350603788519875,1.086706853539138,1.6247734157393832,1.853935451060282
20-08-2048,1.0217452895633592,0.60541,0.916229180096666,0.884359914172651,0.78736,0.3745626582342382,1.362430640266047,0.9272793118668208,1.55220829964488,1.688102255179282
27-08-2048,0.8923938904998231,0.579531,0.7792490313125391,0.7340424108781176,0.695242,0.3423224546466998,1.1377391082541068,0.790877189244363,1.3144066835705903,1.4323377357795242
03-09-2048,0.5709647736252044,0.6072967189046318,0.3912116244251423,0.4090707955191454,0.6810646096531126,0.2691999774836643,0.664388457838835,0.5106001791919679,1.0866015916478315,0.8814477812603692
10-09-2048,0.5353084188168404,0.6343165160857166,0.4016862702220424,0.370238082410063,0.6268316642574202,0.2452409757347902,0.6699706947849814,0.4600694721417455,0.9657674408803452,0.7804926621051878
17-09-2048,0.4943953131324302,0.6394166437769571,0.367561590196611,0.3338474501182222,0.5758459840782848,0.222726010507423,0.7322677656660607,0.4178884571960249,0.8280702200431321,0.6958157054443347
24-09-2048,0.4624343477082208,0.5523614487403515,0.3264897354515521,0.2894803323642674,0.5269179967268651,0.1967292030341049,0.6896057123838288,0.3769975532449645,0.7214132563326308,0.6016528332961749
01-10-2048,0.4862132681739419,0.5789749070583543,0.2991796360679271,0.2807380898440827,0.4793435003877213,0.1931548284705747,0.6104356017641228,0.3507404657507901,0.6477368328617831,0.5450304366065859
08-10-2048,0.421558,0.558073,0.2753983860136813,0.180958,0.4354283846892427,0.1551128058025273,0.500329,0.2890871937925388,0.549466,0.4397012923753464
15-10-2048,0.381686,0.493807,0.2508442404551735,0.16943,0.4012872246855351,0.1456448019495134,0.455965,0.2681480768571161,0.500091,0.4010385712040001
22-10-2048,0.342357,0.447885,0.2304143719649568,0.158654,0.3691360614982149,0.137233516075739,0.416354,0.2497023323719912,0.457178,0.3706215632322964
29-10-2048,0.309907,0.399724,0.2109378847189772,0.147882,0.3363247602094202,0.1289648802597551,0.37935,0.2305551199559396,0.417261,0.3405732637943718
05-11-2048,0.3236074502234486,0.4065090115884381,0.2023587000560912,0.1561618469382321,0.3160610629072565,0.1339466793865291,0.374110917643949,0.22795675412234,0.418796905696681,0.3501994457801174
12-11-2048,0.3015467147249762,0.3745030956448292,0.187982028996541,0.146955644878388,0.2966104145746554,0.1306936006513548,0.3460482182171218,0.2134064697697207,0.3865591741809036,0.3285184645566023
19-11-2048,0.2806912141355783,0.3502085355327553,0.1759049573885171,0.1589631857945115,0.2757765905953976,0.1246910872525969,0.3261077935652596,0.2013849698015844,0.360999833622884,0.3119877739200065
26-11-2048,0.2770956702571711,0.3317305895016408,0.1660250456516419,0.1685525821704651,0.2579626652674623,0.1201302133368601,0.31046276491876,0.1922537174437054,0.340452277625897,0.3014786786646518
03-12-2048,0.2377706811685351,0.2709846335870631,0.1490132683318877,0.137361,0.2372803303152535,0.1094183675336781,0.2772894996508468,0.1698869713565086,0.282960870939605,0.231198
10-12-2048,0.22089990165277,0.2556832267594508,0.1409190063489659,0.131039,0.2222447140099767,0.1042043776386647,0.2588995083299665,0.1603664281847098,0.2657378274018675,0.219048
17-12-2048,0.2063007720755676,0.2420743698266201,0.1336382564141357,0.123505,0.2094279561610762,0.0998111556930314,0.2433428562884241,0.1531978004244792,0.2507765464125726,0.208653
24-12-2048,0.1941196758908875,0.2291588188656592,0.1268409071501,0.117297,0.2011007177064866,0.1017773855393291,0.2311450255235975,0.1508492951521168,0.2368858071032011,0.199502
31-12-2048,0.177252,0.2373083627878141,0.1186922699788054,0.1202302029010283,0.1916660332316013,0.1062172874867467,0.22164775593005,0.1452426292817792,0.2301066222537643,0.2059556658777892
07-01-2049,0.168303,0.2296294628836764,0.1134948967260663,0.1162483697588371,0.1829515416939995,0.1067269954219087,0.2194589508348732,0.1389651940287464,0.2198627080250733,0.2001473309947706
14-01-2049,0.160495,0.2203183749531306,0.1089717548468783,0.1113168181153083,0.1748359073715628,0.1024329677056118,0.2130439966512028,0.1327456371565479,0.2099296652225841,0.1930323816184553
21-01-2049,0.155514,0.2129869565352365,0.1059048199228465,0.1076601016187592,0.1676243403951,0.0987874740870499,0.2038125508354027,0.1487949841642908,0.207715608313023,0.1867296682244955
28-01-2049,0.155007,0.2127364316550208,0.1139663378785022,0.1080205285656931,0.1622736533348643,0.1050758856874775,0.2006399099458629,0.170706841024338,0.209480963214918,0.185878695146895
04-02-2049,0.152535,0.172567,0.120691,0.1231306934895467,0.151488,0.1196164886520388,0.170635,0.150547,0.191918,0.159245
11-02-2049,0.146754,0.16942,0.115696,0.1225713202165205,0.146925,0.1166390086501167,0.164265,0.143833,0.199065,0.156546
18-02-2049,0.198423,0.169671,0.111101,0.1242245063075284,0.142643,0.1151998256609902,0.158672,0.153921,0.201492,0.170091
25-02-2049,0.262717,0.213825,0.120533,0.1276716597679155,0.142379,0.1145894415122959,0.175184,0.26232,0.193677,0.202999
04-03-2049,0.245432,0.251662,0.1330847843622759,0.3932861763731212,0.143732,0.101801,0.22062,0.4749985529754183,0.189522,0.222911
11-03-2049,0.224081,0.236389,0.1261101626195642,0.4190492095705835,0.145513,0.120646,0.241922,0.4142991811173621,0.185311,0.22147
18-03-2049,0.214222,0.231834,0.1354773068229374,0.4447633373676611,0.147116,0.143689,0.232252,0.3884715912539548,0.184156,0.221026
25-03-2049,0.275069,0.229169,0.1580243431167232,0.4309323793095357,0.151661,0.138207,0.278022,0.3672740311634137,0.182775,0.217917
01-04-2049,0.366814,0.36413,0.16237754010861,0.429352552623592,0.18598,0.137355,0.313936,0.3561996876160392,0.204673,0.383031
08-04-2049,1.60430917181014,0.7834423986426237,0.213445,0.1647260796262519,0.219169,0.5910698888583765,0.6269123443375848,0.3966914905560646,0.944920521785027,0.520339
15-04-2049,2.2795543832410137,1.2808866140878443,0.323425,0.1661534056552421,0.562366,2.404982160364048,0.8123268120790761,0.4715134974615184,0.9908798616600498,0.475987
22-04-2049,2.593138227108273,1.772401791321104,0.332147,0.2170317039210388,0.78944,3.199723634340068,0.9066916886207204,0.4851116917617427,0.9313715807877077,0.506509
29-04-2049,2.43222435765777,1.7004389920682348,0.292492,0.2626860518821511,0.675664,2.533219205393918,0.8052152084942168,0.4536405280271002,0.9483894696288911,0.503092
06-05-2049,1.01764,0.989754,0.5855739689381132,0.4362588101370006,0.66236,0.917921,0.376081,0.247186,0.261716,0.627003
13-05-2049,0.978797,0.958754,0.5948374447978173,0.4028039683153017,0.64612,0.780883,0.385819,0.418584,0.396754,0.702391
20-05-2049,0.892734,0.935219,0.6192055283894758,0.4068315464057263,0.645715,0.686677,0.379803,0.550328,0.513312,0.755136
27-05-2049,0.811043,0.837418,0.6958484757685853,0.4438506943930913,0.620798,1.09364,0.401951,0.455834,0.449993,0.781481
03-06-2049,0.766528,0.783157,0.331008,0.5475400483373625,0.589438,1.36394,0.417254,0.9368475775356908,0.406514,0.715947
10-06-2049,0.723405,0.755372,0.332118,0.5216614590342477,0.582288,1.12395,0.387183,0.857029230610256,0.435595,0.706073
17-06-2049,0.676028,0.815133,0.315801,0.5131253523302297,0.605249,1.26902,0.401646,0.804347850826445,0.47511,1.03261
24-06-2049,0.903365,0.883856,0.527563,0.4600438113729248,0.640674,1.35381,0.473308,0.7883075218170119,0.527739,1.24501
01-07-2049,1.04441,0.847113,0.680394,0.4578148846151639,0.636888,1.22155,0.476902,0.792015794990192,0.585443,1.66124
08-07-2049,0.905185,0.795895,0.7231,0.3321777009717634,2.0179313689611167,1.89763,1.7471103034157378,0.9795985641301737,3.207089006698341,2.11796
15-07-2049,0.909764,0.739003,0.760954,0.3435987695662487,1.9611808466288767,2.30004,1.7760068898636256,0.94970788220671,2.9213406137964486,1.90541
22-07-2049,0.875196,0.759833,0.726531,0.3178366792099728,1.6601624276098894,1.95011,1.548272579967504,0.8398097508255273,2.3219642885747125,1.63203
29-07-2049,0.763255,0.761089,0.668432,0.3546018517279938,1.4946472751195314,1.68062,1.422569670875825,0.8029191212271337,2.0403624129188844,1.40832
05-08-2049,0.697931,1.860378533497008,1.112861670678979,0.4334380998181601,0.84712853696411,1.953416533525469,0.6788488455943634,0.6700995620240414,0.4888914100417934,3.565721828366713
12-08-2049,0.722309,1.509528799171541,0.9208520180832817,0.3458734946770951,0.7138206342002796,1.714334916500663,0.6531765271600266,0.5735587763311367,0.4716149992531858,2.881976312432656
19-08-2049,0.722828,1.367688465761205,0.8118389510789432,0.331144490015926,0.6387378463320282,1.5675898216630335,0.6118581354352002,0.5588974924136862,0.4674366925158739,2.4941939135615545
26-08-2049,0.645164,1.207355382228959,0.7326402462854322,0.3267654050476151,0.5624767590771284,1.380995898557882,0.5506498816964248,0.5344604837528654,0.420946540571904,2.0614992377577908
02-09-2049,0.8230414240097131,0.7242386924050237,0.5030332096527127,0.2677253046747604,0.433541675248381,0.9849753014205278,0.4377649509745308,0.2949794366127941,0.4005010462348459,1.2453348130723274
09-09-2049,0.7204985797173409,0.6614505199150619,0.4509970768561954,0.2592929099435146,0.40251632394281,0.9280563659122162,0.5384811976236181,0.2856419847386717,0.36952497666041,1.0613376360222044
16-09-2049,0.6393834941284476,0.6043321181160228,0.3975851917039281,0.2233406262022939,0.438000593060792,0.8451856062005351,0.5921614923994643,0.2582375931161798,0.3380909169672666,0.919544463596674
23-09-2049,0.5590481547701857,0.5243726545548264,0.3520078453019179,0.1776509680920492,0.4451398000837895,0.7603779137192558,0.4784558674067116,0.2231445149101814,0.3277611191614306,0.7925794507421966
30-09-2049,0.5161797945502662,0.4855109270704917,0.3241945310278964,0.1689210119839539,0.3962180516412206,0.6900328829038496,0.4242993817658028,0.2132933424844539,0.330002809140014,0.7158104377665003
07-10-2049,0.3834238003905829,0.3772603766082316,0.3655467363697229,0.1138183707430189,0.3291689694572259,0.626415,0.320839,0.1708213878450712,0.2610944387477703,0.5572691848388165
14-10-2049,0.352557562504423,0.3530089957038182,0.3203350739568515,0.1043311040099594,0.3005831090472779,0.573933,0.293607,0.1549991470087229,0.2384181406618161,0.5055652606129456
21-10-2049,0.3266819878406749,0.3346603250120714,0.2999900663287253,0.0979963837795911,0.2756564627091112,0.538467,0.270615,0.1455253892139696,0.2204158019231895,0.4672484369810755
28-10-2049,0.3005320598444453,0.307245999673287,0.3985796916094382,0.0913839361136418,0.2533010840698738,0.503649,0.258959,0.1349849512837929,0.2036739544573752,0.4271977147137115
04-11-2049,0.2784166288082553,0.2876396489549422,0.3832147143607259,0.0919059570505746,0.2389446381543865,0.4637090224421164,0.2686878201255733,0.1266509048001657,0.1924171966922463,0.3919784349490139
11-11-2049,0.2597195665456856,0.2695031006471528,0.3145057245241193,0.0871535653931829,0.22317850081832,0.4267264741914653,0.2469593703930266,0.1192714010641101,0.183639410820659,0.3650774823587466
18-11-2049,0.2436007781396428,0.2545698769829601,0.2775433537315846,0.0836680124345216,0.2088516458128623,0.3949581684092975,0.2296840293516154,0.1134053381424975,0.1747022065218615,0.371644717534592
25-11-2049,0.2310877196062998,0.2424847276001755,0.252268627972193,0.0809192197716423,0.1992123587585674,0.366836397860205,0.2161239830621218,0.1089199028121278,0.1673422377847897,0.3766102728155286
02-12-2049,0.2188289627173449,0.2292146724030762,0.231445530215466,0.0767493312444989,0.1896549343145085,0.3414204132489696,0.2015639688854001,0.10334925246584,0.1584995834322497,0.3488436028311498
09-12-2049,0.2040001946849524,0.2237735859522306,0.2090485693417596,0.0682548968002084,0.1929372706837492,0.316548193239666,0.1752532560676291,0.0924391018158053,0.164390948617931,0.317793
16-12-2049,0.192783732169759,0.2231893949309958,0.194181020025844,0.0657550629542145,0.1933705271848237,0.2958753239134945,0.1667245861358688,0.0899299076342381,0.1636128086191037,0.314216
23-12-2049,0.1829024736848614,0.2117906145946059,0.1814728186520701,0.0638207148885715,0.235917206780806,0.2785531963962964,0.1586779763141135,0.0867552282789424,0.1545899725379902,0.294389
30-12-2049,0.1789898819764546,0.2042001680605884,0.1710547458520241,0.062471734388526,0.2613375584915197,0.2637700812744825,0.1552066149684205,0.0972385317785074,0.1486972910556906,0.278076
06-01-2050,0.1953591829924738,0.2053424164506407,0.1594836762067883,0.0631784425196209,0.2163534876935883,0.2501329190845934,0.1661819054622046,0.1262013504021058,0.1342251272975153,0.2851782241124193
13-01-2050,0.186331119055335,0.1970842945892471,0.1514133878810371,0.0612996570330565,0.1990766297432638,0.2382578399500346,0.1596429314936009,0.1267059587794228,0.128471133681564,0.2711214971335
20-01-2050,0.1798018522190893,0.1915746130726355,0.144434423299502,0.0601585191360459,0.1883755427919613,0.2293901879393897,0.1537588293161176,0.1243180456566681,0.1278374527342065,0.2599166706436941
27-01-2050,0.181727101503126,0.1963577434119933,0.1387424466848197,0.0618608226671098,0.1810620455331458,0.2218721857020932,0.1557761068601935,0.1247046404981333,0.1295568233727902,0.2551270787210451
03-02-2050,0.1756865291040721,0.179200875192211,0.1517543503966145,0.0971364532952734,0.1750093218052718,0.2332273864888066,0.1751366404679645,0.1320664091028772,0.2049854519997846,0.276684639497703
10-02-2050,0.1728922204021576,0.1792695662792517,0.1480043793707434,0.0999768909887625,0.1686234664693412,0.2270970956115292,0.1776007973837052,0.1276472370509994,0.2047953630064121,0.2792581404330378
17-02-2050,0.1719571404818563,0.1774467285565876,0.1454759474089644,0.1059887222077,0.163607624950696,0.2226530929749651,0.1770157339756247,0.1274792748580323,0.2088074961784434,0.2875477540151375
24-02-2050,0.1721624629886196,0.2194140084654288,0.1553769537918929,0.1159602249229625,0.1759273445810013,0.2191028224724384,0.1800236090126862,0.1282919166878598,0.2287056659892292,0.2965619173767228
03-03-2050,0.4099992019630032,0.295467,0.137377,0.0488118,0.177385,0.200129,0.119333,0.2561033164723366,0.4864490162438617,0.222444
10-03-2050,0.4276309144769324,0.333653,0.13189,0.0482836,0.170852,0.214608,0.140292,0.262947110131702,0.4949861359327835,0.219713
17-03-2050,0.4312281575025368,0.300693,0.128499,0.0488449,0.163676,0.219457,0.215702,0.2715406647061432,0.5289902030800138,0.224901
24-03-2050,0.4193395912636802,0.606996,0.216157,0.0492771,0.180788,0.259846,0.363765,0.2643241086371253,0.529502396652503,0.306227
31-03-2050,0.4541344543348234,0.810837,0.301824,0.0938246,0.207408,0.307238,0.597278,0.2734074713227651,0.5595963969160754,0.38579
07-04-2050,0.2487414095415724,1.3751910959674456,0.8272159013226372,0.5106289198778413,0.7832043013846928,0.6642658439340354,1.338207728529539,0.4512535558103071,0.140396,0.6424162690148126
14-04-2050,0.323678231970873,1.43448227798839,1.0317327687733586,0.4700726975362184,1.0384537767484752,0.7972166899616264,1.3335297032075752,0.7061696229642687,0.156815,0.8094413736321743
21-04-2050,0.3326526882375843,1.539936685061248,1.169446876273963,0.512679723426108,0.94230898015383,0.933341773516317,1.1334917139181804,0.7611758100237302,0.179586,0.8030526401434016
28-04-2050,0.3057181343082029,1.90661065428202,1.0467170888722035,0.5445778212168739,0.9351173717527148,0.9032057204310008,1.013070823193298,0.8162951514480195,0.186851,0.7729168210624742
05-05-2050,0.224633,1.31922,0.7679009634221806,0.6056841393201744,0.68639,0.52083,1.1760105503520053,0.683091,0.40008,0.605039
12-05-2050,0.225503,1.2922,0.7210091335268672,0.6340149257133424,0.877699,0.550054,1.1076013432188867,0.72986,0.580581,0.589339
19-05-2050,0.275652,1.28154,0.6764231961237135,0.5764173942101516,0.793887,0.489989,1.034104719720804,0.707859,0.53121,0.610335
26-05-2050,0.336042,1.2934,0.6664190573475128,0.6373779624999174,0.664966,0.493508,1.009119533611358,0.719898,0.489241,0.632325
02-06-2050,0.347502,1.20847,0.6835449144308008,0.213074,0.633379,0.512011,0.5326750289192862,0.6928465527234584,0.465262,0.594736
09-06-2050,0.37483,1.08174,0.6592954453547034,0.194793,0.615084,0.572597,0.4941467201117481,0.6446019027818646,0.441382,0.554492
16-06-2050,0.440587,1.09104,0.6471885653738688,0.306333,0.629788,0.599502,0.5227643554582195,0.6413328834028865,0.39805,0.685773
23-06-2050,0.449247,1.09539,0.5968025815159496,0.40124,0.683605,0.552017,0.5594304313820886,0.5950373383039435,0.432587,0.779777
30-06-2050,0.556019,1.00319,0.5813501917722063,0.441882,0.720272,0.544733,0.58222442466832,0.5381031089109866,0.463266,0.737382
07-07-2050,0.725638,0.990221,0.2260907884249735,0.6263059182420821,2.1222162958015005,1.190571734526151,0.50217,0.6170318908080166,0.437368,0.746343
14-07-2050,0.69382,1.09786,0.2724783125533256,0.6012301837814974,2.009277037997297,1.184176029032439,0.523325,0.5956522161098661,0.413993,0.742589
21-07-2050,0.596948,1.10385,0.309161246430599,0.4868967542502767,1.599045267573037,1.0579872240481998,0.511964,0.5712783374584731,0.39738,0.749448
28-07-2050,0.514525,0.966406,0.2783325913181824,0.4148013085395863,1.4163609398637471,0.986152415249659,0.47077,0.5465796140980598,0.380629,0.716725
04-08-2050,0.452857,2.088703082849364,0.5478208245954412,0.9307703748943248,0.9516738621241893,0.7197314912545494,0.9292714378680884,0.427883,1.1768991416025034,2.0205729874037828
11-08-2050,0.492306,1.7191245659803174,0.4556092393152953,0.6647260561979347,0.7973110733010677,0.6314517546887013,0.7868681027683355,0.42498,0.935197850824517,1.625526204941376
18-08-2050,0.534693,1.5082843050636616,0.4228423578317182,0.5458528160050944,0.7185881518878574,0.5785925717563914,0.7157452712111821,0.401538,0.8584733596013543,1.4482616292665915
25-08-2050,0.491319,1.267042276485502,0.3851794425445113,0.4447796363467993,0.6402856796127094,0.5505838766351994,0.6274096663422108,0.388884,0.6916131021300254,1.2277657621736149
01-09-2050,0.439799,1.1081828994348792,0.4063389601218364,0.4271811799879401,0.5761121142987324,0.5335370738367635,0.5484386627310625,0.392957,0.5735292760259241,1.05076162147048
08-09-2050,0.6150923715759602,0.8775945289111642,0.3242282472916633,0.3456981904274195,0.4414117727912741,0.4473469335944496,0.3385660174834079,0.5250981107211937,0.6394031715055013,0.6895529080897355
15-09-2050,0.5571197764204957,0.7541550820736762,0.3046048207026991,0.3269492484297008,0.4256538625858822,0.4069177759403802,0.3633420366817717,0.4607418300107744,0.5527413778669321,0.5984936243933185
22-09-2050,0.4711964106859899,0.6509547797094222,0.264878285922497,0.2937836993378109,0.3761533076740813,0.3597013628059772,0.3321147737706852,0.3939485139299596,0.4478572628090911,0.5135981744691874
29-09-2050,0.431011421330298,0.6004696351125961,0.3038889382501134,0.2834595153685912,0.3451307594092941,0.3374636589301094,0.303035450429386,0.3667379468111094,0.4256170797531498,0.4823434635428497
06-10-2050,0.2949967604968008,0.4398257127243226,0.3788915755230481,0.2162807686095489,0.288216,0.253362,0.2699907756140838,0.25318687960969,0.201726758449351,0.3247959553368671
13-10-2050,0.2703445720350789,0.4132806344025656,0.2955492229805077,0.1893116386399986,0.272766,0.236074,0.2516108964255072,0.2322731743356143,0.184894037656995,0.3025228385334634
20-10-2050,0.2500717689404255,0.3933048355075669,0.5130700549734156,0.1718832944670305,0.257391,0.220727,0.231371177397189,0.2149940325337245,0.1727938547627822,0.2837950144631322
27-10-2050,0.2299441180062665,0.3642398770225533,0.601589125401896,0.1550732862239877,0.238023,0.205974,0.211921596871963,0.1979129098155579,0.1608283844734482,0.2640979691866513
03-11-2050,0.2267373570215877,0.3642210640767735,0.3721206288664942,0.1416479799500049,0.2229329802964092,0.200027885406792,0.2043374551889585,0.1908919407416081,0.1593919463004711,0.2737996324054057
10-11-2050,0.2117307880978604,0.3396445910464759,0.3136724285754307,0.1316003131825165,0.2200516850914981,0.1874477435241773,0.1905391726990171,0.1776939592434678,0.1516901840004339,0.2575524256164713
17-11-2050,0.2000051660908719,0.3186192841754698,0.2750461453163955,0.1236907712398187,0.2356913776834097,0.1770090047607732,0.1799869804129599,0.166765292954894,0.1440943177800228,0.2500111756750809
24-11-2050,0.1902216232701374,0.3020677468831678,0.2475746450969175,0.1185407898749038,0.2463783983784619,0.1684829008850752,0.1711753476538876,0.1580652838090391,0.138387798557673,0.2445388501959268
01-12-2050,0.1791554460698066,0.2845289880836202,0.2245646840224332,0.1122620804389741,0.2341239705817645,0.159439013382746,0.1612576935258032,0.1484226201997604,0.1311916319567291,0.248326749782314
08-12-2050,0.1530000811747273,0.2451133115376558,0.2069969391615964,0.1000696865834791,0.212014,0.155376122470649,0.147789695665451,0.130266,0.1142351886856397,0.215702
15-12-2050,0.1450719446194694,0.2321391023369566,0.1961990088217809,0.094818773409231,0.197255,0.1486168389050932,0.1411953069115174,0.126584,0.1110752537636167,0.201297
22-12-2050,0.1455832059874684,0.2288013188558026,0.1846712707465087,0.0904122778308104,0.184563,0.1554101344938006,0.1357452931556525,0.122286,0.1075794389221482,0.1898
29-12-2050,0.1456958910566314,0.2264922637547175,0.173947282902308,0.0871717535113125,0.181276,0.1731577775331463,0.1305656352979134,0.120218,0.1029842597715536,0.180248
05-01-2051,0.1465674014475902,0.229653486586069,0.1594907827474785,0.0899566201408597,0.1844705476678255,0.1614530017164697,0.137396121917635,0.1304336577704918,0.1055185160167521,0.1906546442224946
12-01-2051,0.1423435321759339,0.2234500544513233,0.151261360999695,0.0862592683276166,0.1745022817569876,0.1503866916546885,0.1316381712995391,0.1274658505135431,0.1020159379769474,0.1824747787467326
19-01-2051,0.1361519757247625,0.2232958651278851,0.1466515634998444,0.0837620064587278,0.1673316265660768,0.142972868753228,0.1275857328464596,0.1215261413607163,0.0990613922861717,0.1764384537182489
26-01-2051,0.1384890483633238,0.2285368654215336,0.1485217867596443,0.0856463317074864,0.1635398780690506,0.1393160240734837,0.1297442787494861,0.1195792141412823,0.0989348421214236,0.1766161594838269
02-02-2051,0.172316,0.2595592233036928,0.172849,0.1026851969856335,0.1654942318402528,0.126081,0.1406344354770793,0.1262163931393106,0.11219,0.2636573193510938
09-02-2051,0.284298,0.2561816393673375,0.196284,0.1031370628313611,0.1613645531380257,0.137908,0.1540015311226374,0.1241046959008058,0.150779,0.2653769075600927
16-02-2051,0.305125,0.2725720161596282,0.178133,0.1056894380334676,0.1582699807406428,0.148519,0.1478469715023136,0.1325139471471952,0.172833,0.2722688461751907
23-02-2051,0.288251,0.2945376650288387,0.177702,0.1165882578141886,0.1558712371009425,0.139681,0.1462730055954082,0.1410261099415829,0.178876,0.2837882372550051
02-03-2051,0.291446,0.193784,0.3805874825331015,0.0743523,0.132048,0.160091,0.1153209058393257,0.107078,0.16138,0.4613318389495353
09-03-2051,0.277042,0.186015,0.3765365507035433,0.0744931,0.128516,0.177563,0.1122893050263486,0.115526,0.151711,0.4941828048859749
16-03-2051,0.30106,0.220951,0.3819377994581521,0.0913001,0.13167,0.20477,0.1097307120929909,0.166803,0.178514,0.4989450141506236
23-03-2051,0.536644,0.315852,0.3733302284148288,0.105976,0.347552,0.254147,0.1561586816607118,0.233907,0.881654,0.4817300461967285
30-03-2051,0.724002,0.395808,0.3921618430390731,0.153524,0.640406,0.25087,0.3876700902429771,0.337056,1.4821,0.5010600700365235
06-04-2051,1.5183140153209953,0.7734807536278706,0.3868464972103055,0.791563515507888,0.9124158899464228,0.399219262993544,0.518865,1.1741035202461152,1.22971,0.321137
13-04-2051,1.461999526935891,0.8537098052643659,0.4426548837282948,1.2907711545701652,0.952606128153557,0.3821774233145142,0.472767,1.3352301004771543,1.0834,0.505901
20-04-2051,1.4286691020931428,1.1433112949397706,0.4860757724265533,1.4428802609009403,0.9642597005571174,0.4944907998324778,0.460722,1.1165977726636196,0.965103,0.423285
27-04-2051,1.3524230953924916,1.3689021463217113,0.6720952510201854,1.185321932279272,0.8627194557175126,0.5785327605392456,0.495777,0.9668555502532228,0.842876,0.468943
04-05-2051,0.556478,0.831956,0.423553,0.7134127259077547,0.492694,0.294392,0.497371,0.493358,0.783184,1.3652379929796534
11-05-2051,0.522273,0.729784,0.482643,0.6516728459817492,0.833413,0.534122,0.451944,0.552636,0.738108,1.3316929223354692
18-05-2051,0.54113,0.693412,0.568997,0.6285613478138083,1.06211,0.6953,0.671095,0.752394,0.693751,1.3017913332465647
25-05-2051,0.554866,0.752577,0.57652,0.6584062701736628,0.852778,0.832896,0.804283,0.863746,0.655185,1.2982653734276184
01-06-2051,0.56404,0.756849,0.541998,0.6300927413449608,0.757983,0.95538,0.660941,0.740342,0.610607,1.2559033977466618
08-06-2051,0.638741,0.677955,0.502492,0.2958182346149443,0.8567021483527575,0.9657399825275346,1.036418315370045,0.751754,0.584542,2.9139743493759616
15-06-2051,0.692175,0.648422,0.495239,0.3464998826346195,0.8187562821524232,0.8720721378903287,1.2056473349814234,1.09833,0.604562,2.908949901224351
22-06-2051,0.690426,0.659292,0.492876,0.3915809098642738,0.7669548230915166,0.7598108388275117,1.3634883101102244,1.24045,1.08012,2.552721876469071
29-06-2051,0.675962,0.761176,0.524592,0.3870199777872686,0.7481223214119572,0.6832292570007783,1.2284997601025958,1.13784,1.45624,2.440158281665601
06-07-2051,0.659595,2.208213042508484,1.920472969266876,0.9588599635705064,0.644541,1.2487585957469869,0.932479,3.73022,6.827340112902033,1.3334595144545556
13-07-2051,0.625544,2.2190550647624487,2.054003707738459,0.9500524813506248,0.719174,1.16922971145843,0.960565,4.39593,6.27126171109227,1.169983601556695
20-07-2051,0.597822,2.1046689778250136,2.2005561386537327,0.7989173885487615,0.721116,0.9803306095822112,0.79926,2.99925,5.201845166706052,0.9980071476738556
27-07-2051,0.570075,2.099138805488136,2.4522624934180133,0.7370272913727209,0.625568,0.868988568910116,0.720626,2.46459,4.765923768088983,1.0168891974176102
03-08-2051,1.290548502948777,1.6346261155423307,2.025347683917678,0.5488336488378405,0.8617728393520855,0.6334003915532885,1.1900723329492648,2.828654100418788,1.7490830391102583,1.551324007397607
10-08-2051,1.0912155833554245,1.5778936704314637,1.8562873439454728,0.4646234441624484,0.7563842419842508,0.6587245026694465,0.990693974792498,2.4023358797194057,1.3924141684201885,1.2533589352778731
17-08-2051,1.0216840730437715,1.4090401608465686,1.5161810749804718,0.432821986470609,0.7027767120778344,0.6859896041315863,0.8719573327276047,2.087183141715701,1.1868960074047348,1.19475131571095
24-08-2051,0.9238191098811251,1.1935179952624635,1.2278282029097205,0.3780495264434514,0.6486438425926062,0.6050799777473133,0.7919565746751068,1.804583499863227,1.056463824226313,1.0065122500818422
31-08-2051,0.825906057068914,1.056053236846095,1.0450614278390222,0.3542171679785062,0.587898046270702,0.5487845991503748,0.7242700493859988,1.6306682672981545,0.951404184697711,0.8429903558487293
07-09-2051,0.5644553400178778,0.9112979804420696,0.7996820807719922,0.3127241493219957,0.4760710465745721,0.4107448410707436,0.5174207262066652,1.4718638572641518,0.8633222208470408,0.5444623478097601
14-09-2051,0.4856797958644933,0.7882678667176268,0.7529176554843207,0.2768925728210677,0.4348950103990965,0.3727249806867496,0.4711735460562888,1.279150386146597,0.7621394220475772,0.4732711464434902
21-09-2051,0.4107065681255317,0.6801892272932053,0.7056015300261261,0.2405083682980107,0.3891357105121352,0.3460581836927111,0.427165744422935,1.1164650818491748,0.6533624012636582,0.3907969685407125
28-09-2051,0.473109935206371,0.6278717750301543,0.6395796202645982,0.2297482426755808,0.3742134744914273,0.3274059072158446,0.397326465627518,0.99760813790376,0.5954518035686965,0.3908295612264191
05-10-2051,0.3963377624417957,0.4753783346481591,0.5077518122517588,0.1722953895502739,0.3214428403723483,0.284426269714896,0.3382866156538398,0.7956872168603296,0.4063645980705828,0.1788028107636276
12-10-2051,0.3404997112573564,0.4274204165105075,0.4549713140744341,0.1583114919902574,0.295465228749855,0.2632489471590127,0.308558688561445,0.7256908647736229,0.3700838254669202,0.163578950602241
19-10-2051,0.3057764570718114,0.3925055138968541,0.4121926075665648,0.1646151007224477,0.272621448730551,0.2439628413537238,0.2853161106569913,0.6620021246550105,0.3413131094151713,0.1555466913786725
26-10-2051,0.2758310839935194,0.3612231500331194,0.3718387330026583,0.1654137097732322,0.2497989361976458,0.225030170945734,0.2608456036215152,0.5996132731956263,0.3136263992889068,0.1460149157397947
02-11-2051,0.2535477521023268,0.3432797226996873,0.3423674504444501,0.1573227577012625,0.2337183742228984,0.2146315290495969,0.2411496644683025,0.5620251455021368,0.2946734038430134,0.1507499981042097
09-11-2051,0.2347911804696358,0.3199244525418163,0.3145594341225248,0.1452773506848217,0.2180937334440386,0.2019334146484861,0.2255182523843494,0.5162349892553871,0.2738879745899165,0.1449735758132223
16-11-2051,0.2189719361821645,0.3004708873960462,0.2917693062727107,0.13569791066215,0.204864835157635,0.1902702459469888,0.2119059196916381,0.4758020000366368,0.2569147610496241,0.1413318527083731
23-11-2051,0.2058670886929295,0.2839851069239837,0.2723748710948608,0.1302924279214807,0.1934979522358811,0.1801610295246772,0.2001651308171876,0.4396783493106422,0.2605734271267266,0.1389512890658764
30-11-2051,0.1931905969011927,0.2664640163448794,0.2535730739956696,0.1236612959991423,0.1822322677262164,0.1699476564963739,0.187829174921282,0.4061545527709297,0.2602273677492667,0.1327798727241444
07-12-2051,0.1824361642514378,0.221465,0.2479210879414049,0.1525146500565933,0.1747049380078102,0.154886,0.17359746230055,0.3724416926180737,0.231931,0.104919
14-12-2051,0.1726027479933836,0.209469,0.2453667699045125,0.1838396019665117,0.165245359820346,0.147977,0.1646852856201431,0.3496587704399644,0.221418,0.101023
21-12-2051,0.1643368610721245,0.199086,0.2272872961836977,0.1671014839201221,0.1587792565628504,0.142165,0.1581750406951358,0.3290818060147926,0.20789,0.100147
28-12-2051,0.1723122023143757,0.1895,0.2138795455623678,0.1530332236237512,0.1541427641657246,0.135907,0.1530674690689832,0.3111241951372643,0.196183,0.0992054
04-01-2052,0.194387,0.1957246881195932,0.208022063504996,0.1372534900753033,0.1480148909409197,0.1568342723815131,0.1639777161476622,0.2940805470355505,0.1857611210485007,0.1477376778522163
11-01-2052,0.20528,0.1877433963075467,0.1969725491781124,0.1287500863168934,0.1415721083148279,0.1747038323242132,0.1685488437538052,0.2786093680058368,0.176708119542253,0.1421636647521486
18-01-2052,0.186842,0.1813399279306589,0.1882797536585887,0.122555630092855,0.136696022983005,0.1620413096022517,0.1590719239599997,0.2714157539794103,0.1687921241812693,0.1408629142560993
25-01-2052,0.173795,0.1797551949463108,0.2139247167145038,0.1216550956904638,0.1361643627853015,0.153014782027744,0.1564389901913807,0.267686562643714,0.1620911569963248,0.1587377608140102
01-02-2052,0.228088074017233,0.155829,0.2460864143444747,0.0994637,0.1333082175909447,0.1563063629060219,0.1785240041826807,0.2679888204281258,0.1815759688782819,0.0852525
08-02-2052,0.2231984035496638,0.151465,0.2296407697454247,0.242359,0.1308626322654199,0.1521682960689444,0.1771838997579748,0.2754732993421579,0.1778668253550818,0.0853648
15-02-2052,0.2220449806033091,0.147705,0.2206730693067255,0.373458,0.1292722291266886,0.1494169082571791,0.1778861377936603,0.2826286881828334,0.1752785044143916,0.0871125
22-02-2052,0.2240176030918959,0.154131,0.2155590924043419,0.333812,0.128886980968555,0.1539921388622294,0.1966895314957443,0.2723747951795427,0.1876637093182639,0.101553
29-02-2052,0.2220800450488163,0.160291,0.2094505651526279,0.413952,0.1279476893602285,0.1572118988438877,0.2102596112616939,0.2645415199310124,0.1993573365962687,0.119723
07-03-2052,0.14121,0.155175,0.168538,0.438833,0.111789,0.140446,0.142546,0.407982206536415,0.2427401628776393,0.1539757087886742
14-03-2052,0.153161,0.154795,0.168896,0.388682,0.230656,0.145408,0.141731,0.4133661100006535,0.2428549388874256,0.1934800605542113
21-03-2052,0.164888,0.381933,0.24307,0.422738,0.408534,0.163235,0.179606,0.4114210451334386,0.2398090282116814,0.2172987156209348
28-03-2052,0.382619,0.57698,0.313008,0.981393,0.387254,0.182212,0.213436,0.4391816792681435,0.243360671350413,0.2027733262109487
04-04-2052,1.2930663262315023,0.915341643709862,0.642854201062032,1.723359811221442,0.5799318449534667,0.4009808768231185,0.4640717342720543,0.4607021042508606,0.1780099082858078,1.002202808675599
11-04-2052,1.1232509040855012,0.9757339491872804,0.7488961949795341,2.245498469191826,0.5670621524680795,0.3824646878575351,0.4529925512516626,0.45156419023606,0.1809528613443213,1.3844581561572034
18-04-2052,1.2123475048868664,0.9397769713588252,0.653499693276911,2.492653063251576,0.5213814196620837,0.6258952639454984,0.5367390964988284,0.4387390651833543,0.1886750246052757,1.6577488944142658
25-04-2052,1.2720710814477547,0.8750773274364583,0.6961982717510385,2.034511692879083,0.4826069056413566,1.3712647971485965,0.5937265542352492,0.4354317745434035,0.2009717323047937,1.4870453309923537
02-05-2052,0.447082,0.482428,0.48941,1.15174,0.256314,1.482981350699408,0.251272,0.213595,0.171229,0.366536
09-05-2052,0.400135,0.490357,0.434819,3.6434,0.360049,1.24977987665224,0.251056,0.216516,0.168123,0.440816
16-05-2052,0.371322,0.46204,0.424132,4.56455,0.642018,1.0717233934751298,0.229586,0.257319,0.163773,0.391776
23-05-2052,0.372613,0.529732,0.435124,3.32488,0.695708,0.992970496227468,0.215869,0.29572,0.165407,0.365493
30-05-2052,0.402275,0.645084,0.528791,2.95685,0.575209,0.9020891692787965,0.221487,0.302786,0.167843,0.360587
06-06-2052,1.0874169870898631,0.638489,1.59889,2.66458,0.7318561053646557,0.548136,0.224503,0.302129,0.170423,0.370292
13-06-2052,1.1267153487359782,0.578941,2.04291,2.73989,0.6608209959779416,0.638069,0.238642,0.319159,0.185316,0.394062
20-06-2052,1.060856578211243,0.545202,1.51136,2.89303,0.6465647577037922,1.01394,0.2741,0.351029,0.208616,0.394307
27-06-2052,1.025950919204616,0.587065,1.27299,2.92855,0.6401137775793655,1.20712,0.389485,0.357599,0.428106,0.413472
04-07-2052,0.383771,0.763665,2.679978397892878,2.8672,0.988256986973375,1.431021120079272,1.1490567372533949,0.8650801409441976,2.457698778509922,1.6942945720828686
11-07-2052,0.583931,0.799529,2.467412112186524,2.5362,0.903131763649486,1.2916430109011916,1.057157197484568,0.8100110636987233,2.083028101003197,1.5818931775881486
18-07-2052,0.742073,0.785224,2.102142875759531,2.23392,0.8149203742615749,1.1411275193627572,0.9803476255568692,0.7051668564156381,1.611541645529079,1.2682413596507969
25-07-2052,0.706482,0.808073,1.8608642528565404,2.02302,0.7716568250118438,1.0261111986126197,0.9248429956313788,0.6689761533823974,1.4473550959651829,1.1727727738598692
01-08-2052,0.625084,0.757278,1.585673344283808,1.81684,0.6934688985850666,0.9222113573883676,0.8497971973913114,0.6298599491616333,1.2809880420775508,1.108887869129071
08-08-2052,1.5376708495351457,1.6523532361805011,1.22771,1.63593,0.4832658466757514,0.8292107804985,0.6729901772590937,0.5006403825919395,0.344271,1.1439339564533282
15-08-2052,1.4433793840354234,1.4748124460662977,1.54264,1.49278,0.4598488520552852,0.756681214436325,0.6370162690375618,0.4793886734389163,0.372602,1.0844804869548184
22-08-2052,1.3015996466193402,1.251886246355538,1.17762,1.53405,0.4209041930146358,0.6683712149574905,0.5737782233111843,0.5319358877952172,0.337321,0.9524626827824068
29-08-2052,1.1691397351442652,1.0659699189876606,0.985641,1.56425,0.388188236045852,0.5914513583267071,0.513208628866235,0.5732425465809341,0.313075,0.8611834744625337
05-09-2052,0.6544591079520281,0.6098959927763316,0.9384638917083772,1.5835190892583562,0.2922900537569808,0.4744512419359919,0.3754321966266006,0.2927339132754351,0.3010574292433397,0.5380518667602778
12-09-2052,0.6595484666548894,0.5648739066473786,0.834952678349527,1.399460077565846,0.2760863488611119,0.4542803869052478,0.3290914838685242,0.2665385875554873,0.2731825365487205,0.4349328808594817
19-09-2052,0.5349819558661263,0.49342166870244,0.7385153670061337,1.2401563825520323,0.2489293735889733,0.4075640083286129,0.2778482593748889,0.2380829482185348,0.2465040326682519,0.3372977265279787
26-09-2052,0.4908252686545304,0.5120258433587711,0.6949723084467387,1.400847950917597,0.235434488740064,0.387456435252088,0.2666176819468517,0.23318216232698,0.2276842881501413,0.3214251596164655
03-10-2052,0.3746257405200901,0.4829764364703848,0.621289,1.381644751638772,0.1921500993440386,0.3548709087726671,0.1756334450540891,0.2126545722004743,0.200257,0.1972098233558332
10-10-2052,0.3357131995790082,0.4430695195685027,0.55867,1.17326713789228,0.1792373760309629,0.3249136996482439,0.162747175471685,0.1954617136171965,0.185533,0.1739521905335027
17-10-2052,0.3088502306596811,0.4037412448270027,0.505139,1.0333668761759738,0.1689353241192003,0.2997210898177063,0.1527264814627709,0.2095695403358027,0.172562,0.1646535300241864
24-10-2052,0.2799045041917319,0.3603603812956177,0.455891,0.9120272226262436,0.1566408627940014,0.2742395068807515,0.1420774591092211,0.214230612220749,0.160473,0.1513979284403136
31-10-2052,0.2742067086848192,0.3380757461417871,0.4275531210769547,0.8393962569761685,0.1479509991918622,0.2567426952880179,0.1371577881805711,0.1976368079805323,0.1740057689270496,0.1580505524823554
07-11-2052,0.2539259607491471,0.3141313629585599,0.3923305781594735,0.7608214030904975,0.1392928797554084,0.2383203057844492,0.1290614860679355,0.1819078139971794,0.1762088288167916,0.1498593849249144
14-11-2052,0.2387651621067442,0.2944473879493642,0.3614105314561877,0.6915270213687368,0.1324194452901741,0.2228544760288313,0.123688398871533,0.1697855997752271,0.1706487973563539,0.1455952824284176
21-11-2052,0.2282803020969502,0.2767082917132033,0.335285582991733,0.6334147477600917,0.1267574140612193,0.2100123010050587,0.1196298086240358,0.1603231085464455,0.1625421411820727,0.1443619029365216
28-11-2052,0.180447,0.2428430231397833,0.2998640758477993,0.5677582941337539,0.1157229284541312,0.189976,0.1061950824438531,0.1454917810592345,0.1406158737300428,0.0962544
05-12-2052,0.16963,0.2285785547858821,0.2796705324625468,0.5251876138594458,0.1107517702765966,0.180736,0.1012221641226705,0.1408966103015392,0.1346269817400451,0.0925885
12-12-2052,0.160368,0.2156060875550186,0.2619231854218656,0.4868037439998519,0.1061949434014069,0.172482,0.0968139519173527,0.1411066954659532,0.1286009149095721,0.0898913
19-12-2052,0.152094,0.2038931153103245,0.2463639066957435,0.464751483322962,0.1019180409540363,0.164828,0.0932997169794792,0.1392598160960782,0.1233694979153429,0.0873318
26-12-2052,0.1658010919411568,0.2035365388232438,0.2388323329531135,0.455826151375516,0.0996987466187822,0.1613312799591689,0.0935920120924635,0.1359548573332479,0.114868,0.0912259867231264
02-01-2053,0.1617370317383492,0.1969510675126632,0.2267557882474759,0.4311485269395252,0.0977949270518927,0.155097323146019,0.0921946887388214,0.1304631455857801,0.115699,0.0927498768520658
09-01-2053,0.1546084897260122,0.1890006231536508,0.2156049097072953,0.4056659764892603,0.095413162885696,0.1483339974800847,0.0891103478746608,0.1246875583849815,0.115942,0.1025520278083794
16-01-2053,0.1497720271979111,0.182334541792801,0.2062193098816344,0.384607393232142,0.0930023266023621,0.1425827582196089,0.0866805894694414,0.1201736663500535,0.120551,0.1086812418494798
23-01-2053,0.1526277583497952,0.1808919755453137,0.20276873781175,0.3766958607328518,0.0935855754776477,0.1384246383176256,0.0881632170382889,0.118843942211855,0.138123,0.1089531955346889
30-01-2053,0.2500018934879536,0.15317,0.2309927296909542,0.4058977076479444,0.1084107373235026,0.1381778719851585,0.1072139365226532,0.105849,0.142025,0.0948394
06-02-2053,0.2568194398971438,0.163274,0.2280666971350063,0.3935876921074888,0.1070375448824405,0.143863029407338,0.1072576295702321,0.104753,0.141461,0.0974379
13-02-2053,0.2644599571434988,0.172973,0.2281588451551049,0.3844933042176282,0.1218186590606777,0.1498495957666308,0.1114348505322861,0.12786,0.145244,0.160918
20-02-2053,0.2781030846206709,0.190819,0.2309914221907007,0.377835714287918,0.1379390524761097,0.1475746467376129,0.117293855594112,0.148438,0.156835,0.240022
27-02-2053,1.025021003874104,0.9813378939301808,0.2862749722282511,0.810534998743544,0.0981821,0.134255,0.1762372120312178,0.137231,0.7508771477968896,0.4893447865372645
06-03-2053,1.0697426184304102,0.9740627390411978,0.3145449770680201,0.8259379901399928,0.0995477,0.182939,0.1810647945253749,0.130263,0.7471576224093845,0.4658267880555694
13-03-2053,1.1320116470554205,1.042832226602098,0.3100531606583805,0.8495841011213866,0.101693,0.249233,0.2089595316875054,0.166667,0.7543310292112637,0.4593757379647291
20-03-2053,1.0958631306197673,1.0624711167255665,0.313775690345963,0.8646693933950871,0.0991551,0.239519,0.3450439284457788,0.1971,0.7423274070918618,0.4362797318858314
27-03-2053,0.5844093335141685,0.5609983789204905,0.3970460919676385,0.5334313964662301,0.3124315528100611,0.543006148790728,0.4606769159834094,0.4802221470017623,0.147785,0.9250859137035352
03-04-2053,0.7211248669200832,0.6810630985802878,0.4290769918136336,0.7102939416853516,0.3462966338316178,0.5369958523962277,0.4685207940219174,0.5712683275626527,0.146999,0.9235521152839824
10-04-2053,1.169694490458376,1.6345259705898831,0.4611912182892377,0.8026742974496929,0.3223100306512223,0.561997579490683,0.3902277848403828,0.992712653091731,0.149226,0.9185329373313296
17-04-2053,1.2938794165549703,2.146057520150267,0.5807879216670314,0.7449117838878834,0.3035324022830749,0.5690787357155866,0.3483863522365922,1.1580898413727252,0.150145,0.8923421425693325
24-04-2053,1.3153023555727223,1.8517349908545373,0.6622225712483722,0.7322623782279116,0.2928894963301484,0.5413523796559485,0.3691338062060153,1.6929411944590211,0.195279,0.8816100656473055
01-05-2053,0.35655,1.7860219538987576,0.344154,0.481419,0.112148,0.264701,0.7005427451708794,1.70396,0.8401227135217044,0.147603
08-05-2053,0.349223,1.796037468622405,0.320686,0.458414,0.121074,0.275104,0.6748065518155331,1.43645,0.8475040198624784,0.222229
15-05-2053,0.379577,1.7668983790795778,0.420916,0.482308,0.156555,0.268163,0.636061559523081,1.119,0.7951915000408485,0.418327
22-05-2053,0.366187,1.7124207474138116,0.492407,0.538423,0.174645,0.31743,0.6465297902289431,1.00303,0.8115513059690292,0.49308
29-05-2053,1.0665959307083193,0.691923,0.442631,0.7369411737653984,0.4687126160059501,0.3654562626617058,0.785095424483232,0.981048,0.215109,0.423033
05-06-2053,1.043267436653213,0.709365,0.414548,0.692158527251051,0.4172967490753747,0.3503273097253958,0.6873962602864268,0.91342,0.231107,0.379174
12-06-2053,1.0578792612976071,0.646916,0.395222,0.6649950665683853,0.450016533899348,0.3514921052420332,0.7001249356822061,0.863691,0.251269,0.350605
19-06-2053,0.9729087986440664,0.65797,0.447334,0.6199940638402598,0.430306491288388,0.8705918438080306,0.6479574689082247,1.0129,0.261187,0.332811
26-06-2053,1.9636226963363304,0.793558,0.546278,0.418442,0.156886,1.15262,0.7263717092700964,1.521707616570407,1.494979293657392,1.1374707509231878
03-07-2053,1.7691748069802673,0.852835,0.844616,0.459776,0.22931,1.02287,0.6663942839306392,1.3917455933754932,1.5505256445280595,1.1822078240105292
10-07-2053,1.629127136052266,0.760888,0.955322,1.12715,0.27346,0.93692,0.629249462129994,1.3185798872807326,1.6130698774302423,1.3669053048436952
17-07-2053,1.3078786850833413,0.685964,0.773723,1.43049,0.236988,0.817952,0.5371860608447088,1.2026363545537,1.3072588654509567,1.4106064026762737
24-07-2053,1.1825011637495724,0.635395,0.656355,1.06293,0.215084,0.781407,0.5180393434363328,1.1073354969036993,1.1859398484155044,1.4390344393188217
31-07-2053,1.0024409482277048,1.6830898151476736,1.3395887742492605,0.883014,0.3148250500659159,1.0346989280982657,0.2691441038970678,1.1331071383953244,0.4173,1.6942160309636565
07-08-2053,0.7861926040633254,1.3589493541030988,1.027516028264913,0.786818,0.2711785187621939,0.9036596516715591,0.2507096049549566,0.9825959053165624,0.495119,1.3104790045807635
14-08-2053,0.728655057602317,1.2355853775542096,0.8656273929928531,0.728385,0.2623605513435544,0.8267938865078841,0.2582081421431544,0.8931122698191438,0.402926,1.1551538693655554
21-08-2053,0.6481786749790717,1.0521160465159511,0.7299739460268952,0.723407,0.2659667536889692,0.7343415564888646,0.2433089418349923,0.8063368972210045,0.345219,0.9763366753582792
28-08-2053,0.3073648404377233,0.5577513573261037,0.488282580130407,0.8244619259615581,0.2226683887519348,0.495108,0.2141691830362055,0.5901952906365744,0.335256,0.510219064468467
04-09-2053,0.2854243685761697,0.4918754502189855,0.4385933170311543,0.7429923338079195,0.1976919276533895,0.760461,0.2163871443911371,0.5285358928227564,0.330012,0.4379809365688342
11-09-2053,0.2650646399313995,0.4367812944086228,0.417827056727189,0.6559834043930814,0.1764643235588211,0.909582,0.2079858668364711,0.4765379541897668,0.297,0.3771355709720695
18-09-2053,0.228020231012007,0.3867402441241813,0.457055629339626,0.5801893842446594,0.1548291971284434,0.71026,0.1709728104882314,0.4285023536679408,0.265265,0.3178339453845696
25-09-2053,0.2637010219281949,0.3040163397375102,0.4175840743741782,0.4882177618109569,0.12577,0.614605,0.1708495674553452,0.38509334436332,0.246609,0.2204698671616794
02-10-2053,0.2606507910746446,0.2846501035393369,0.3723136974176903,0.4502020462408275,0.117633,0.548262,0.1635988206611699,0.3757824292852509,0.238636,0.2085245326844627
09-10-2053,0.2113936057757211,0.2655146363398251,0.3309643556240107,0.4165858805485062,0.111414,0.48721,0.1367002048020142,0.3424015491260025,0.223377,0.191658003349105
16-10-2053,0.2446547644642288,0.2481907829938065,0.2997458223636214,0.3868511704055215,0.105671,0.435851,0.1600347779239422,0.3148241320751783,0.210515,0.1781357696749939
23-10-2053,0.2519180795546364,0.230600326687552,0.2716829928925326,0.3538020966460873,0.0991224,0.387855,0.1680812430730346,0.2886914824106126,0.197743,0.1642119576574595
30-10-2053,0.1831921677231834,0.2355666239786364,0.2531773791779012,0.3420517728591342,0.1019014477137215,0.3621370508978088,0.1372726239322471,0.2701735735919591,0.1850334868662687,0.1737392949623766
06-11-2053,0.1683429528295411,0.2222928766992154,0.2357712269381345,0.3277284332312664,0.096246261884606,0.3304159010354637,0.1340204833105484,0.2508197289930649,0.1710700922751892,0.1630120255121977
13-11-2053,0.1585490469509193,0.2111223036772437,0.220062138530882,0.3148960965045771,0.0920245148550371,0.304197608839989,0.1216515731877519,0.2346549924908048,0.1599980151973034,0.1586065232253136
20-11-2053,0.1522313013200888,0.2019237333272476,0.2064453430896583,0.2949096736205328,0.0889991667249738,0.282668586769419,0.1148047972659442,0.2210967121180686,0.1506992789544944,0.15753490955657
27-11-2053,0.1192545820211032,0.1754415165092176,0.1861161207473988,0.2652069334079752,0.0775977944824721,0.2516209691466345,0.1072826634204995,0.2029302545175568,0.1376459480973298,0.1225429228966173
04-12-2053,0.113286635969747,0.1671955996844005,0.1755390231428172,0.2489588474538874,0.0743904058182788,0.2404190105768182,0.1004393593052526,0.1911397349962494,0.1298369777047399,0.116828473518658
11-12-2053,0.1104192018181504,0.1597454362170567,0.1657582517306772,0.2397864589085333,0.0715269091617253,0.2381335738482789,0.094618579563459,0.1813930533526929,0.124663649472802,0.1121381484638469
18-12-2053,0.1127379454712604,0.1531518720357635,0.156870885315995,0.2364985793789159,0.0726502870784289,0.2299875042545424,0.0907749803729143,0.1730292523133481,0.1234485705481853,0.1076856223580926
25-12-2053,0.1085343893573197,0.1636470857101684,0.1635575293756849,0.2349411055920261,0.0764806310454215,0.2230866398940133,0.0863536246313489,0.1717899889062916,0.1211070347185357,0.1108144919412906
01-01-2054,0.1037244263587579,0.1686347332067772,0.1587527275585813,0.2247386565515426,0.075407010402672,0.2118674136090516,0.0858700047977243,0.1650504594706793,0.1171624569407427,0.1092923060436812
08-01-2054,0.0993752206957757,0.166964172174964,0.1514974222647069,0.2177080308575994,0.0731971872630237,0.2007648174178902,0.0843752761715826,0.1577022735227095,0.1131471685969611,0.1052140559517342
15-01-2054,0.095632113829954,0.1614774325746055,0.1462007250690309,0.2138486222500748,0.0709793793180364,0.1921132833377734,0.081501712542726,0.1519026518477001,0.108391350047083,0.102274767713755
22-01-2054,0.093770862608125,0.1658991598125733,0.1474563860161123,0.2220649069412885,0.0707616523854089,0.1873529152318903,0.0805828617565534,0.1497942213679658,0.1055384675644342,0.1055734186651873
29-01-2054,0.1381228689742801,0.1928546001996989,0.1445155180368961,0.2615158302041805,0.0939368457891293,0.169077,0.0929939085371974,0.300342,0.1065457788082173,0.1734670530754974
05-02-2054,0.1399484929015448,0.1934168000301545,0.1420101427478293,0.2598456964835675,0.0951541589096645,0.174684,0.0921897712101034,0.450884,0.1062808511064273,0.1766786291895501
12-02-2054,0.1445691626412048,0.1968695881425705,0.146471692126333,0.2640656905279608,0.0980611879729869,0.178357,0.0985186540398834,0.348021,0.1102058016726063,0.1847508669705115
19-02-2054,0.1516098888356205,0.2021685914568053,0.1592241060652117,0.2694544336720408,0.1031619135478024,0.180093,0.1058743201459803,0.2959,0.1129104607349115,0.1996392621530501
26-02-2054,0.4637175049526632,0.117854,0.1673065441039984,0.3966059848299151,0.1595129770194965,0.2978302595653232,0.0963995060464154,0.4544051201246517,0.3213500893431211,1.1724804830482334
05-03-2054,0.4866376698985862,0.118039,0.1679290588700185,0.3989448190167689,0.1692084157363125,0.2966824949670977,0.0947597443362831,0.4453269332593638,0.3292799765997239,1.2383331836420228
12-03-2054,0.5202789950487242,0.126524,0.1841236012840218,0.4048329673416689,0.1795458905878977,0.2933893269316949,0.0997683412309487,0.4458236872233251,0.3598420823947231,1.3186031219213417
19-03-2054,0.5244982957924849,0.13929,0.1986601861044415,0.4290762753049272,0.170716884556741,0.2935185799399112,0.1360736141807123,0.4343410385717891,0.3664894367267614,1.2639491372626
26-03-2054,0.5266946226099914,0.5858842112915505,0.5102566757192659,0.5529499632454711,0.170712741308521,0.3365439800632206,0.3956291677089855,0.404494045223857,0.439979,0.369103561337349
02-04-2054,0.5230373446661147,0.5961451887571612,0.4941323323891857,0.6384378830395324,0.2608147708288574,0.4297005757688379,0.3655218047033099,0.9364894723036358,0.7089,0.3704133494880587
09-04-2054,0.5171712646907729,1.0676299076889757,0.483944455607065,0.781629203412979,0.6431417419295249,0.5070407512475703,0.3873039503064351,1.5427163912362831,0.586439,0.8714908108369895
16-04-2054,0.6569425828267873,1.6003203369193968,0.4764802296403837,0.856298193326176,0.7568936747753892,0.492720325336629,0.3934763004299196,1.365093458138717,0.526095,1.3048957272548114
23-04-2054,0.9769763177893064,1.3544107869092774,0.4853306782142054,0.7715045726473793,0.6000230666004853,0.4788071231552219,0.3587948720349611,1.2841715579260922,0.517329,1.3181082794292032
30-04-2054,0.216705,0.795251,0.14461,0.391999,0.249253,0.4641639157877552,0.280962609271961,1.3096735041219871,0.552021,0.612927
07-05-2054,0.789678,0.808986,0.140203,0.396909,0.215896,0.4482223774264006,0.2749265273657628,1.175303365604916,0.547159,0.57347
14-05-2054,1.18777,0.855088,0.179724,0.552657,0.199483,0.4242449442054157,0.2661850340176013,1.060766140176553,0.506685,0.464597
21-05-2054,0.903875,0.79288,0.216458,0.625062,0.541487,0.4144641825849818,0.3168007600734422,1.0189758802034417,0.477919,0.44984
28-05-2054,0.789819,1.147782991427695,0.199044,0.5507,0.815277,0.223261,0.146509,0.9699239841053752,0.520929,0.492737
04-06-2054,0.775987,1.0639310483670694,0.220838,0.505522,0.665787,0.226157,0.147863,1.0840349023855025,0.552959,0.552016
11-06-2054,1.03168,1.012255967419482,0.2582,0.511328,0.594862,0.246357,0.229431,0.914925031018775,0.62133,0.542907
18-06-2054,1.16477,1.0170733771487586,0.275406,0.566561,0.705217,0.305562,0.317445,0.8096179214472894,0.691892,0.511618
25-06-2054,1.01663,1.0200171169400938,0.346293,0.585982,0.75274,0.345408,0.345006,0.8595660958577463,0.667939,0.49257
02-07-2054,5.314065707574411,1.0742365535685552,0.6854512919667898,0.562564,1.4523320008089342,0.578849,1.3469848110609788,1.742300193738229,1.25844,0.448617
09-07-2054,4.798168449159992,1.0669159967872377,0.6041460008720576,0.515163,1.2990074876333997,0.801145,1.1742836555575962,1.568320272521467,1.65193,0.415474
16-07-2054,3.585749890482024,0.9939696010925484,0.5132622254237151,0.55024,1.039139579758935,0.689576,0.9212742425988044,1.3589159982075705,1.3951,0.425153
23-07-2054,2.9312145715716604,0.9526701298419804,0.5024176416508319,0.579109,0.914934202180695,0.560478,0.8250803878275625,1.2277634583007542,1.29879,0.449976
30-07-2054,1.466492656845111,0.8193780027459547,0.7460202135508545,1.1140633141620673,0.5660922525377746,0.7547434829824398,0.4071018731822315,0.799312774028134,1.6812903247183084,1.1380569833571856
06-08-2054,1.0667432650197164,0.724764775999053,0.5845858585134464,0.920561898175659,0.5495464360771217,0.6618678451420033,0.3431801190151588,0.7106412231648491,1.346960638077957,0.9350552297710324
13-08-2054,0.8824563648771327,0.6824986740229861,0.5237149420123843,0.8187488833323701,0.5262143608912037,0.6133154564280763,0.3364338649787401,0.649239165227756,1.156431127268605,0.8558720203919239
20-08-2054,0.7363460189162432,0.6209540096678985,0.4487496002084249,0.7124271997996084,0.455399469115804,0.5335469991448869,0.3090823387853066,0.5956516560569913,0.9989933348567142,0.7322738582538233
27-08-2054,0.4736310238410347,0.4242977420602783,0.2442931509973293,0.4603196841113512,0.3574976825443542,0.3933199856898423,0.2086873250767461,0.4688714190577295,0.7931711957318682,0.5192207911668016
03-09-2054,0.4266955005619203,0.383847195288218,0.2232349912063412,0.4507507520425939,0.3223901190282573,0.3705218814050612,0.2087983161727609,0.4347165295348135,0.6966989285858626,0.440736623037661
10-09-2054,0.3866757050428109,0.3479018644548149,0.2039981474870189,0.432587305676875,0.2923457148068409,0.3382525590019526,0.1857080231184115,0.4093141004269435,0.6188103784958883,0.376317494028091
17-09-2054,0.3769329845183584,0.3095629328644647,0.1804952761407766,0.3807796774273212,0.2643281081923067,0.3067471974352352,0.1646021535205637,0.3801789452424708,0.547674475102181,0.3184621341045786
24-09-2054,0.37872416646571,0.2957186822954805,0.1853191037628878,0.3532567434616713,0.2423662782522129,0.2834809949215157,0.1584115737249609,0.3562101234153081,0.4965994273474703,0.2928648440502942
01-10-2054,0.276776,0.2234297777707325,0.1637366041882423,0.2999026943047383,0.2165478335540227,0.243844,0.142128,0.3115435775830248,0.4267736266270547,0.2127099675483445
08-10-2054,0.254909,0.2083541633467989,0.1480248860883072,0.2739918132713355,0.1997588327763602,0.229087,0.133478,0.2897277864165711,0.3926896520905843,0.2032638220315968
15-10-2054,0.235477,0.1953985994174661,0.1372933165488084,0.2540166352667747,0.1844426731711485,0.216198,0.124664,0.2714207781446814,0.3596653168335454,0.1949466362715579
22-10-2054,0.216543,0.1821367224014293,0.1269716218887839,0.2344152019714643,0.1704283986945635,0.200807,0.114813,0.2515035406169137,0.3279222147072549,0.1789439523324686
29-10-2054,0.2232525412012741,0.1822911617641058,0.1229272059461237,0.2314914421522852,0.1628841094586197,0.1926633088984332,0.1138511676783806,0.2422029056515482,0.312679803158957,0.1953980109525516
05-11-2054,0.2447731890558013,0.1720606253313213,0.1157895162984583,0.2194748608555332,0.1518426395319266,0.1798153513797463,0.1063310189741467,0.2265621165973008,0.2907568278629193,0.1867112615452654
12-11-2054,0.2583185545724286,0.165724032527171,0.1101514784853272,0.2068845199591891,0.142340306079432,0.1692592390416439,0.1008845653431902,0.2131244993300551,0.2713840391239107,0.1845452336965663
19-11-2054,0.234869343064185,0.1609211090593971,0.1056167229785936,0.1980682693223071,0.1538456523840845,0.1607114044737081,0.0965955695108399,0.201736396571406,0.2545472500326765,0.180407090918522
26-11-2054,0.1997602157578724,0.1378837956326762,0.0957404715733918,0.1772747591460009,0.155136,0.1479593717742316,0.0848029266696566,0.1818268765609512,0.2361099039842926,0.144933
03-12-2054,0.1861532550336962,0.1329098766389309,0.0913968892092745,0.170810535836607,0.142218,0.1413334441994281,0.0804763301951759,0.1720069214285953,0.2223515278117231,0.150677
10-12-2054,0.17467447423236,0.1281098437897118,0.0874892529386281,0.1616675256924816,0.132785,0.1418619768929035,0.0770537060260526,0.1631658786297201,0.2096193884520449,0.14487
17-12-2054,0.1653490332071824,0.1225065915688555,0.084201818814764,0.1538594338291662,0.132053,0.1406838917245004,0.074519194373245,0.1555033566177937,0.1985809113140287,0.138512
24-12-2054,0.150544,0.129285493407946,0.0812076055149329,0.1505573354403501,0.1324670086562737,0.1365644885188115,0.0750200979146885,0.1514391002031655,0.1781708308965654,0.1317608336139772
31-12-2054,0.146754,0.126384995099502,0.0789807436040215,0.1487094692387422,0.1245227970155952,0.1308332831895728,0.0728476590161067,0.1458190867767541,0.1698780618956,0.1247192778084601
07-01-2055,0.139772,0.1218979361426369,0.0764339317694222,0.1456991372096232,0.1184499314438525,0.1249683747335166,0.0700825116318814,0.1397005997891874,0.1620531014903328,0.1188512649838466
14-01-2055,0.133551,0.1187151960010903,0.0833826012481535,0.1404652543720634,0.1135090707485334,0.1204013986195089,0.0679907930208022,0.1384626813269676,0.1550859118347672,0.1136172414453313
21-01-2055,0.13972,0.1198092333479554,0.0931654466906015,0.1392165944407903,0.1095218848462745,0.1186080415403883,0.0680021528777563,0.1400763796927059,0.1499136248187915,0.1092324346518696
28-01-2055,0.1791544506313546,0.1567016712782772,0.1251450311456184,0.161697662528408,0.1124571501395555,0.1128743130892781,0.0596051,0.1546600564326264,0.142723,0.104948
04-02-2055,0.1727872535189415,0.1633447285497151,0.1226748659326895,0.1619674379711616,0.1096462162378161,0.1135376609755884,0.0580821,0.1527993725722336,0.293793,0.108715
11-02-2055,0.1697277048508807,0.1737423329942426,0.1307267384025726,0.1637540201703006,0.1183597684972592,0.1146533516745372,0.0582167,0.1527654474528915,0.422729,0.113124
18-02-2055,0.1717345819799178,0.1813781689174292,0.1405658539713495,0.1658750193732675,0.1281799934025285,0.112777976648704,0.0736429,0.153855634411694,0.355179,0.110869
25-02-2055,0.129663,0.1263995492013594,0.0795628,0.111434,0.113655842052586,0.1911466387899832,0.0870463,0.1523371586914763,0.33031,0.1558963576114731
04-03-2055,0.125805,0.1366560446187941,0.0818903,0.109068,0.112171323725401,0.1955938146398502,0.087363,0.1528406553839931,0.336967,0.1571847881783832
11-03-2055,0.123358,0.1774736348480728,0.0865892,0.119367,0.1080196171461563,0.2018368807778907,0.0965257,0.1527006275832931,0.445805,0.1632642756727967
18-03-2055,0.121648,0.4354897826509758,0.291173,0.132356,0.1095244382094642,0.2034177678407335,0.0990744,0.1489338399888981,0.758295,0.1744872008652932
25-03-2055,0.140669,0.575706293478141,0.462149,0.318859,0.1222901731484655,0.215606553215884,0.244034,0.1611907853155594,0.842213,0.1852345669238291
01-04-2055,0.5775731235666227,1.1801548353287128,0.6301734179903927,1.292648898480474,0.248639112512268,0.3025026745525974,0.557323,0.2157235673423359,1.320591990120225,0.6548516387419147
08-04-2055,0.6261160295619566,1.5849933621145451,0.659279621661128,1.712756698956253,0.3027616536211698,0.5491841111740616,1.14183,0.2621297164259571,1.2152151925429744,0.652776387099353
15-04-2055,0.7731778222626177,1.7703638338201069,0.571211219241787,2.0230465121412795,0.4615168881084035,0.668592960901951,1.24939,0.2770615384639232,1.1304406782115235,0.6406952948943152
22-04-2055,1.0365674455284863,1.6212452132611863,0.6432326912195858,1.7790125996611654,0.6375083425580946,0.657196470655126,1.11735,0.4119224488950723,1.1383818048029846,0.6802624933958942
29-04-2055,0.400672,0.662899,0.534607,0.792802,0.530083,0.373274,1.14596,0.437188,0.554371,0.163677
06-05-2055,0.376893,0.580442,1.16937,0.683559,0.636465,0.752776,1.02922,0.402337,0.519076,0.181282
13-05-2055,0.42834,0.768107,1.50861,0.622652,1.08528,1.26556,0.917554,0.384259,0.56338,0.219382
20-05-2055,0.436188,1.19123,1.16345,0.727016,1.19724,1.1547,0.922502,0.436337,0.629852,0.328872
27-05-2055,0.432576,1.24635,1.00879,0.805093,0.95264901275652,0.947435,0.910525,0.4934071598541991,0.642949,0.39108
03-06-2055,0.423077,1.07394,0.895278,0.719134,0.8989135528172669,0.812188,0.815332,0.4542495987801107,0.618219,0.368817
10-06-2055,0.454695,0.945972,1.00114,0.657592,0.8564377071360513,0.912656,1.0119,0.8010245572788051,0.573684,0.329892
17-06-2055,0.50583,1.36954,1.06105,1.04044,0.7472661409486442,0.992607,1.11361,1.093540383966589,0.535612,0.371165
24-06-2055,0.521263,1.58634,1.0352,1.38166,0.8216699771309215,1.34212,0.925435,1.1137567609888162,0.647933,0.392682
01-07-2055,0.5592976180791152,1.26211,2.9378874286110386,2.2344864231833137,1.28497,1.56097,2.107792232490451,1.6384675621714937,0.903191,1.3928468870537607
08-07-2055,0.5243069196795359,1.20762,2.670528579347386,2.039513235225876,1.402,1.2717,1.8730222377646093,1.4505945264888764,0.896166,1.330357485255256
15-07-2055,0.5724332768494037,1.14781,2.2027649101454974,1.745016542012779,1.09238,1.09929,1.5130035113407856,1.2461036715158909,0.753883,1.1113142147239214
22-07-2055,0.6279306434228102,1.00642,1.928054309461828,1.568469052105247,0.924697,1.00071,1.3317105491817185,1.1010661037347864,0.663307,1.0654135706022
29-07-2055,1.0373970840252036,0.924805,1.154705470375923,1.3341621081438912,1.177963786491152,1.3431324880567477,0.9178314852517416,0.9160842943231676,0.6022065292906591,1.826448342026175
05-08-2055,0.8965551081582935,0.843728,0.9567808645402148,1.0830623114036635,0.997910906891482,1.1145832885607163,0.7914218416511165,0.7727842946560447,0.5594583353377351,1.360053112589013
12-08-2055,0.812741463668373,0.795711,0.8186230531726869,0.9394376570704904,0.8812346662222443,0.9682181912250092,0.715265765844685,0.6821571814580318,0.5221980406349471,1.2270103140610191
19-08-2055,0.7156445896015764,0.766473,0.7092161787295922,0.8126259892056242,0.7689997566721897,0.8547524918619418,0.6396648344552374,0.612355398339161,0.4796565539810339,1.024293131296186
26-08-2055,0.5001385978283946,0.996558928592551,0.5714234835207953,0.6227872155179434,0.5754995684506443,0.6373826741556409,0.5198909265861859,0.4726151575837053,0.5584129952470861,0.2443852455317547
02-09-2055,0.445608259356092,0.9084493586879684,0.5135005802533221,0.5533698012982853,0.5363663644552498,0.5721938559668682,0.4719920292768128,0.4223565027002222,0.5175880064286075,0.2276734163064954
09-09-2055,0.3957282023829639,0.7880705988180376,0.4640713195425682,0.4957076803651178,0.5209077314992044,0.5163791634382998,0.4300083763483196,0.38344195325779,0.4766026880073309,0.2299827502468006
16-09-2055,0.3420353977186211,0.687805822117337,0.4180058994511869,0.4449120655187684,0.5002449387356623,0.4688048916096068,0.3874981591891355,0.3464599859601031,0.4363511550447602,0.219354682363682
23-09-2055,0.3320984905481991,0.6320458759276159,0.397072422956524,0.4702912766165986,0.4519942812077835,0.431254058651221,0.3554516419019442,0.3201188028110347,0.4059498636094223,0.2035649811740513
30-09-2055,0.2652054741973166,0.4886892938304913,0.3398978825979529,0.4311943115361316,0.4054430632438436,0.4252172167615342,0.2996450845022707,0.2781896264948204,0.327781,0.167036955289487
07-10-2055,0.2509462522319257,0.4452521353523063,0.3120524313347851,0.3858827312336539,0.3729961626062936,0.3880776610399212,0.2794618323091148,0.2561208841105168,0.302229,0.1578010912489462
14-10-2055,0.2375351593087691,0.4083242771686473,0.2880451690711711,0.3577743756706877,0.3411138918794998,0.3701793149750193,0.2596953399190321,0.2383875844436455,0.279431,0.1511281251248184
21-10-2055,0.2224879694261061,0.3730912802475158,0.2643801579742602,0.3356958761669152,0.3110686718219239,0.3500959051372972,0.2389773712353436,0.2202644727476247,0.262133,0.1382445888103092
28-10-2055,0.2130852088782948,0.3532799839577965,0.2489060057225965,0.3202213672863397,0.288460818289543,0.3252017708650123,0.2229830134984,0.2037391253201158,0.2700484890837454,0.1425362567057383
04-11-2055,0.2009396969489684,0.3261571499347186,0.2314495037690531,0.2950206509986103,0.2659321440441571,0.3231332249011398,0.2074854265971713,0.1906015694962846,0.256552386286288,0.133408894235538
11-11-2055,0.1916242300196328,0.3031358142223572,0.2160527685245203,0.2738033879045859,0.2490828200864671,0.298674739761505,0.1944915981997698,0.1793849647248548,0.2410867046784214,0.1267740726520333
18-11-2055,0.1805938378473068,0.2838247633065633,0.2025481757890434,0.2560543241469113,0.2378398752865191,0.2757843038634964,0.1833138103333092,0.169886542732205,0.22866024992409,0.1223962223654985
25-11-2055,0.1686969966484607,0.2661168323660521,0.1903240167448376,0.2393372031390421,0.2248091553191305,0.2559827845353804,0.1720197888824859,0.160649698077922,0.2144929738054285,0.1152396518357452
02-12-2055,0.1528160429781949,0.2418984635010439,0.1765605403565691,0.2191671147887258,0.2042994643663326,0.24234,0.1608862360743462,0.1513047042243248,0.1964194309731417,0.0992344530804369
09-12-2055,0.1442974245200485,0.2281373953781583,0.1668452057401171,0.2061957457892876,0.1914902679119119,0.240429,0.1561440961653167,0.1445145007557108,0.1864805185096121,0.0963095057701577
16-12-2055,0.1371215830753508,0.2159655547512164,0.1582386057782561,0.1954177799585281,0.1871061818318813,0.231995,0.149411375441946,0.1392174610223589,0.1774492872645154,0.0930631439630625
23-12-2055,0.1312867009715122,0.2052929507666208,0.1508013126365534,0.195576727862268,0.1830153782752964,0.219236,0.1431843391021642,0.1343181738298358,0.1702197040344532,0.0909455790151701
30-12-2055,0.1261404235548951,0.2086111127824248,0.1483978808718972,0.2005482437608154,0.1794912555489436,0.2106072579633704,0.1403862552682713,0.1313068821968386,0.148076,0.1132343179663115
06-01-2056,0.1205273334124807,0.2000419356032768,0.144334266825852,0.1917278755381302,0.1701523414406777,0.1993957606460997,0.1338615486854688,0.1259159207639154,0.141848,0.1101973106313779
13-01-2056,0.1163570300876269,0.1929956325498653,0.1384532258115962,0.184926900145334,0.1640686108654604,0.1908876837785804,0.1284119658282922,0.1217366788401214,0.13624,0.1077508142471775
20-01-2056,0.1166383082675772,0.1920573675772778,0.1404119341721129,0.1827397621627225,0.1606857722679001,0.1882777538925969,0.1270470014359124,0.1204038857605086,0.134292,0.1184916521026219
27-01-2056,0.1547802109812935,0.16349,0.133796,0.1809695277804174,0.149327,0.1836607789772232,0.1478438381221097,0.114502665372493,0.1713436762525466,0.1600141989420639
03-02-2056,0.1579662344872984,0.17436,0.130736,0.1767447379454863,0.170004,0.1764981458130896,0.1468083939841436,0.1185767618327656,0.1697754760337173,0.1676984490904078
10-02-2056,0.1621451572389128,0.199409,0.138177,0.1743121516833695,0.218533,0.1705223985987815,0.1504001912101046,0.1231066008647689,0.171237011426287,0.1797983524362728
17-02-2056,0.1650385750137086,0.204957,0.146008,0.1733133116626987,0.22713,0.2041595436157291,0.1582221279420337,0.1200724947084492,0.1788912937691369,0.1971366742558685
24-02-2056,0.2877740880582731,0.240393,0.140059,0.2920664680178206,0.256053,0.785064,0.21794,0.1802030078329396,0.138965,0.128325
02-03-2056,0.2957592429721011,0.274568,0.135153,0.2969511748458909,0.29161,1.2746,0.310978,0.1812083700378925,0.144265,0.176872
09-03-2056,0.3069937375363562,0.267299,0.1319,0.3123146181557624,0.291855,1.29345,0.275634,0.1823628298306452,0.148093,0.152797
16-03-2056,0.2919313658789509,0.25526,0.277701,0.3133100054649267,0.311269,1.21541,0.250673,0.1781716718980957,0.436525,0.136983
23-03-2056,0.2948391342231612,0.243248,0.418169,0.3193220995368531,0.306357,1.25761,0.258831,0.1962344381930355,0.649098,0.194654
30-03-2056,0.4378837601285268,0.2345,0.363839,0.4330325004095595,0.4143099584676329,1.872066738814427,0.4235471894445476,0.2091384618406276,0.487585,0.5510451139946686
06-04-2056,0.4848681183106794,0.278685,0.485839,1.7111582285775326,0.7878809094326478,3.0899148103765146,0.4900090553893436,0.2145200550230065,1.22856,0.5447213790263263
13-04-2056,0.5085901512587541,0.458229,0.625173,2.3579713654191563,0.9940518411005684,4.114836393934707,0.5254683259092702,0.2045980849848443,1.64378,0.907565549715527
20-04-2056,0.4828203898056684,0.549911,0.635823,1.879064983386855,0.832841690336905,3.725113218937768,0.5149417465286029,0.195683709939217,1.23829,1.2864359572441568
27-04-2056,0.214517,0.556795,0.64559,1.2770131677765326,0.702175,3.2479988066667627,0.5409222753540075,0.113266,1.069,1.6802328542288685
04-05-2056,0.303951,0.546312,0.620979,1.1315021379714514,0.694984,2.8184139132968644,0.5054855391170261,0.228502,0.938299,1.53630996643116
11-05-2056,0.253277,0.482941,0.560977,1.0320838131587418,0.689526,2.5766105664978185,0.5261063453076515,0.402738,0.968941,1.428072945405805
18-05-2056,0.242287,0.481572,0.528952,0.9780844740834872,0.681773,2.423772568380988,0.5771842241618736,0.692113,0.982547,1.391507352970227
25-05-2056,0.246912,0.50237,0.519286,0.92199801858744,0.606963,2.2216953813154983,0.5476327982301681,0.808871,0.915895,1.3329456653139262
01-06-2056,0.272413,1.057154256278145,0.628507697948275,0.6260121582274623,0.6219529478730232,1.70542,0.6159278272560353,0.9570396286998386,0.94601,0.58262
08-06-2056,0.303024,1.171225053888731,0.790479799467527,0.9063544368720544,0.8817379500393738,1.64965,0.6358645197983923,0.8633527884979175,1.01083,0.731803
15-06-2056,0.506993,1.1637093176137083,1.0327833412376104,1.148811035849954,1.0601960243233814,1.78248,0.6166653268547058,0.7628971446133384,0.96511,0.790024
22-06-2056,0.633862,1.0871111899009225,1.1732962109227631,0.9834767556976686,1.1808634668791302,1.90707,0.587240462483546,0.7196519456143105,0.851237,0.86113
29-06-2056,1.5735693073861017,0.605376,1.30789,0.758072,1.25924,2.3813,0.8547896590889247,0.9141537444843107,2.5824282836369754,4.014533519818432
06-07-2056,1.4304733801127665,0.663132,1.65325,0.699358,1.15348,2.51263,0.8697069477102434,0.7976040234030295,2.420131789693197,3.64374104146008
13-07-2056,1.2439530774475471,0.574087,1.63045,0.900195,1.00637,2.1106,0.8356909511528998,0.6458055697551532,2.1079532753812984,3.052349841251788
20-07-2056,1.1487950839723695,0.509113,1.35524,1.01366,0.876736,1.91313,0.7987591107527404,0.5871151814388877,1.9721696020060784,2.781775268859425
27-07-2056,0.6819772756638236,1.2186093866714112,1.7391058557965442,1.463106386753235,0.9531399031543792,2.124236315328313,0.260593,0.4281892546980799,1.737887987645566,0.596338
03-08-2056,0.5608117520202002,0.979505242595356,1.4520473656987458,1.2474795509245555,0.8777530401359681,1.874390964276731,0.301443,0.3750918185141322,1.4022093393202766,0.835739
10-08-2056,0.5131551543394757,0.8547640410671626,1.277700209815555,1.1337654765040177,0.8122863387838292,1.6804041468219997,0.340374,0.3423030886395275,1.242777541699927,0.926193
17-08-2056,0.4558930501802616,0.740212676384235,1.100013822260149,0.982666783656646,0.726288377834112,1.5209196008128,0.305794,0.3195162315524766,1.0788756690929266,0.740629
24-08-2056,0.4390677028386454,0.6425177905369672,0.9472244162295668,0.8448469138260442,0.6570224055648871,1.3965744171231167,0.275593,0.2999950030418642,0.938085215936186,0.631502
31-08-2056,0.5041192265152005,0.5037381476649759,0.7279974842414108,0.6084995168302173,0.6190751520887535,1.1829148609393023,0.3285298120918439,0.2714035168277054,0.603337970336894,0.859281676492774
07-09-2056,0.4399935793449032,0.4821701909463055,0.6431148957143673,0.5356487122587769,0.5583357091207999,1.0793406238743597,0.2907563364784126,0.2681588697303244,0.5365407764725897,0.8185469005212845
14-09-2056,0.3610708071575511,0.4170298183408405,0.6408931756226675,0.4740154158443658,0.4964902481901753,0.9732100516892076,0.2518227753648577,0.2377735271110087,0.4682579651143909,0.7623767706510434
21-09-2056,0.3434406170114243,0.3881816288903403,0.834144352704657,0.4365126986484706,0.4582802099882155,0.8873818943799894,0.2353849053245403,0.2202034932954404,0.4304516420978385,0.6828613155019989
28-09-2056,0.2102402716703523,0.4364223068783841,0.7955353188070458,0.3685821869513243,0.371829613153523,0.782664,0.1845363177312283,0.1894947084202578,0.3342192508198272,0.4863522140988796
05-10-2056,0.1857915464575504,0.371878877327377,0.6593244153816497,0.3416390970230478,0.344980202279486,0.718538,0.1721194808520271,0.1760658473242541,0.3102290282220628,0.4339898607997829
12-10-2056,0.173038409944291,0.4487849614748547,0.5743776752678876,0.3176225531881839,0.3197242131396687,0.661305,0.1612777613449003,0.1643602153993972,0.2916075970080037,0.4015616271138966
19-10-2056,0.1586459304055516,0.478337352458423,0.5052961383596958,0.2973489191286341,0.2942550820824924,0.607414,0.1491825460867095,0.1531569857055042,0.2684763318182555,0.3674064183459526
26-10-2056,0.1382617441413131,0.3147291223264552,0.46003582557752,0.2818620445077843,0.276436382960636,0.5633187048738381,0.1454446585661318,0.1451494837599773,0.2442387130365628,0.3535573613827886
02-11-2056,0.1329217044452594,0.2816807092787169,0.4178910478378783,0.2803700086698685,0.2562244218847147,0.5195236111298912,0.1360909299843469,0.136302214712264,0.2289419966906978,0.3228033302095771
09-11-2056,0.1529385360775118,0.2591546158360868,0.3830001785191823,0.2764225136904922,0.2386691532791073,0.4821486295957141,0.1293697686138057,0.1292391607018611,0.215297501327711,0.2989766740550472
16-11-2056,0.1630238475910743,0.2434669368129426,0.3546514008778885,0.2555898762913227,0.2238550993861357,0.4490108496922256,0.1236416622700468,0.1230856114046157,0.2088556880169957,0.2803848113572343
23-11-2056,0.148057101042092,0.2267117491905528,0.3280770741110134,0.2381484682249008,0.2102202894113302,0.4175192250962599,0.116190609356492,0.1165850782261678,0.2016395793948779,0.2614162079791735
30-11-2056,0.1408016150209861,0.2349348353579905,0.2953203910895053,0.2229913383897169,0.195500870024307,0.3885442691055594,0.1063582176356356,0.1102724393824521,0.179747,0.2330771575259098
07-12-2056,0.1315586045044237,0.2688634563770863,0.2756263423068485,0.2097560865062302,0.1839806368181474,0.3679232365965024,0.1010762090210141,0.1061164551963991,0.169974,0.2245794936264374
14-12-2056,0.1260910640932323,0.2697024034455745,0.2589675667614393,0.1988333874620006,0.1752016503021612,0.3833306025675403,0.1012106818924971,0.1021275429759259,0.161531,0.2177190571813963
21-12-2056,0.1220002038580758,0.248818928082629,0.2443610328958088,0.1900737553961643,0.1678680883023178,0.3909964366308168,0.1028193009589421,0.0983688314797977,0.153884,0.2076614188134359
28-12-2056,0.1161693728161545,0.2281280896646429,0.2376246873060165,0.1868250108912688,0.162912820887302,0.3604878906133679,0.1052297769055154,0.0965412363155188,0.146876,0.2218159154009125
04-01-2057,0.1121242816228975,0.2158919916732603,0.2251686603827172,0.1783032410734446,0.1566565549229479,0.3385121939852361,0.1052257980462354,0.0930467537571724,0.140919,0.2180941840481021
11-01-2057,0.1079297788284125,0.246526620613315,0.2426718768829585,0.1719406414466845,0.1551957183498268,0.3208461764742283,0.0998572973063997,0.0902250704409929,0.141892,0.2080350957541886
18-01-2057,0.1074704690047704,0.291577603648144,0.2621807760932805,0.1711441329071792,0.1693452105835757,0.3062809804718577,0.097720334027066,0.0894445408997386,0.148305,0.2104932951944135
25-01-2057,0.1226903016792509,0.2900251684893209,0.2890015419332257,0.1929584675837227,0.169858,0.292656,0.1134277459480763,0.0902060690399353,0.146911,0.16159
01-02-2057,0.1217836584535743,0.2719257128507589,0.2780817552553215,0.2349666533090806,0.164749,0.289786,0.1120686842992367,0.0886836002023265,0.140845,0.160927
08-02-2057,0.137404577736848,0.2639099365345021,0.272463744013918,0.2114988402931932,0.156994,0.287198,0.1125283160114355,0.088011804180762,0.136407,0.189529
15-02-2057,0.153079880263256,0.2804749278967638,0.2703053359882301,0.1980461605113704,0.151048,0.280402,0.1171014710745113,0.0880650698895291,0.262262,0.218013
22-02-2057,0.1475576647443658,0.2903555578334196,0.2647186992578387,0.1878428092945484,0.160887,0.270697,0.1183993103305384,0.0872395958453327,0.388599,0.246358
01-03-2057,0.099258,0.204447,0.2544253904958945,0.2080602538322263,0.172757,0.26866,0.0793064,0.0784374,0.351254,0.269594
08-03-2057,0.100211,0.227277,0.2548505017224296,0.2388550117049188,0.172699,0.267756,0.0780726,0.141932,0.492577,0.261226
15-03-2057,0.341768,0.278032,0.268629213637155,0.4057602949071572,0.228244,0.325369,0.0770024,0.190317,0.638015,0.305981
22-03-2057,0.917912,0.288984,0.2905957410208233,0.5480386013502564,0.466967,0.410768,0.152089,0.159128,0.647906,0.33084
29-03-2057,1.2784701536963547,0.6072082966140258,0.623152883446339,0.7630410924487481,0.9353589199845808,0.4943093461012068,0.372774587608133,0.2541884975146227,1.3755255446154968,0.6961225407807228
05-04-2057,1.039739540170726,0.596373425976906,0.7420170407594306,2.0747079240984108,0.8325510651092999,0.7458480445196364,0.7582117581736749,0.3096503002355608,1.5935311840261424,0.7036077730145236
12-04-2057,0.9699561893789794,0.6294785769554284,1.3113553543311336,2.6335429569885496,0.7626034564439601,0.8842719993263699,1.5501857741339105,0.4179391746663434,1.5891029140823003,1.2671838873949683
19-04-2057,0.9274493536370112,0.6482722918723606,1.6086222203024787,1.9624814115521705,0.7167378049501265,0.7400627576806649,1.5966718224479988,0.4696859314888227,2.078632328562483,1.7264819330560344
26-04-2057,0.55863,0.305223,1.1367502938739702,1.19252,0.410129,0.66533,0.892545,0.29372,1.22727,0.828001
03-05-2057,0.493717,0.309444,1.0274886786445991,1.50718,0.777443,1.49063,0.73273,1.05898,1.00714,1.45808
10-05-2057,0.574956,0.44251,0.9702743320217336,1.6818,1.017,1.84562,0.785018,1.63626,1.8282,1.69115
17-05-2057,0.759491,0.554051,0.938231552057146,1.4047,0.874696,1.49738,0.967358,1.30636,2.56867,1.75026
24-05-2057,0.779958,0.481559,0.8583315572390927,1.2022,0.910101,1.34022,0.933502,1.20591,2.16202,1.7647
31-05-2057,0.685073,0.4652519255434862,0.9268978467951028,1.22416,0.863398,1.23126,1.0668192454225065,1.508169382900196,1.76607,1.57093
07-06-2057,0.59865,0.4255398923869946,0.8831174095644765,1.5921,0.855408,1.29573,0.9624455062637488,1.3571802936075958,1.5581,1.50893
14-06-2057,0.706848,0.4003325920532493,0.8204226957664105,1.66379,0.848293,1.58773,0.902814696387332,1.213969485544409,1.5759,1.48983
21-06-2057,0.92148,0.4188294249466776,0.8030899106706177,1.44353,0.787703,2.1486,0.9029852459085448,1.1079492242634363,1.55292,1.44312
28-06-2057,0.887333,1.3071224581045413,0.519127,2.3401056464422325,1.4517371066940394,3.07889,0.837776,1.3017438955218372,1.69098,2.02855
05-07-2057,1.2408,1.2325847983658045,0.75586,2.108431341546866,1.3289888214497063,3.00274,0.902913,1.1292441436827991,1.89692,2.32233
12-07-2057,1.48499,1.1370330613062114,0.851892,1.8916400000109144,1.144758724166032,2.33586,0.818918,0.9356137293167984,1.77314,1.88755
19-07-2057,1.31576,1.103816334839088,0.72876,1.742972394397711,1.0381378338669736,1.98069,0.73672,0.8166069398203726,1.58277,1.60375
26-07-2057,1.2005,0.30613,0.9017795466450256,1.1069057414816217,0.621554,2.4168865332625904,0.8982775266111613,0.5610627834447066,2.41728913479823,3.2875904399950544
02-08-2057,1.64682,0.282583,0.8119004202193502,1.0189331136770725,0.675922,2.0772910070379256,0.8187133373824462,0.4958473025386424,2.055904748654202,2.5807991971456863
09-08-2057,1.82445,0.262274,0.7288701226089154,0.9513704326437056,0.610975,1.800299143224614,0.7618551346866312,0.4498157835721946,1.816790779746296,2.200103368497043
16-08-2057,1.42312,0.280528,0.6528495324795609,0.852106269318199,0.537745,1.5449057116260212,0.6686375701827966,0.4122732347986075,1.5611419470636854,1.824704570106349
23-08-2057,1.18453,0.350227,0.5927730668859613,0.7939647767006963,0.486423,1.3436843966579972,0.5963360228181134,0.3813062968308761,1.342780101429284,1.56746751395441
30-08-2057,1.151110698276516,0.5246722874937259,0.5147976259068278,0.7408455796961229,0.5843883774127072,1.0878813909255838,0.5085200740036078,0.3549483186181368,1.3579215175218473,1.1991597226116069
06-09-2057,1.0261678732073052,0.4430596009808991,0.4678866702998034,0.6807914272609408,0.5565427407541517,0.9759753031225614,0.4642385068178569,0.3667079104159723,1.165069127958647,1.0533175085814537
13-09-2057,0.9118053708634608,0.3732001753099064,0.4163577868379079,0.6196096895900924,0.484926702355133,0.877826865087891,0.413258393174602,0.3696240337607915,0.9862427728000144,0.9143999120240218
20-09-2057,0.8196778016290907,0.3447374734347969,0.391179198693741,0.5770785112437028,0.4532726729163363,0.8031462518013732,0.3804054065091592,0.3356927867366237,0.8855740621835194,0.8300595635860119
27-09-2057,0.6956136920751401,0.2504248831539009,0.3280305209080061,0.4870981579694654,0.376503,0.71255275859988,0.3229527624107407,0.2822159363215765,0.5989901819405108,0.6174133635212956
04-10-2057,0.6220803664149537,0.2272309044656665,0.2994536396065616,0.4477650990967177,0.346219,0.6549931177908648,0.294117009348937,0.257608103161381,0.5500559623668964,0.5681502437263212
11-10-2057,0.5633541727938961,0.2108827339937071,0.2776398038864101,0.4130009414942332,0.318316,0.6013191482053682,0.2706746911770453,0.2377679502744664,0.5104479301344395,0.5236466596842209
18-10-2057,0.5085340914615691,0.1938061575326566,0.2549551943876499,0.3790909948479319,0.290743,0.5510098800096774,0.2483278410236239,0.2186722892057945,0.4711683066779785,0.477273427157592
25-10-2057,0.46672601344,0.1794426192465809,0.233499322109149,0.3636903706177762,0.2741803026578683,0.5084051873343866,0.2333245511661229,0.2026028780909294,0.4595526628074594,0.4530046050448909
01-11-2057,0.4267284615005753,0.1686176993636399,0.220625155150402,0.3694737275018797,0.2544724429330121,0.4711489575498459,0.217393528078762,0.1892917396272036,0.4292458145441996,0.4183386055008816
08-11-2057,0.393773045529387,0.159519287804019,0.209660219873576,0.3670408052042785,0.2372105906281175,0.4387513795184187,0.2033752554186233,0.1784639580033568,0.3987616882796552,0.3938050639405885
15-11-2057,0.3653766440046428,0.1518990804284541,0.1977491395423191,0.3429571922130362,0.2224666946826902,0.4098336154833251,0.1913664124847156,0.1691382451795561,0.3732427873227341,0.3734210450728793
22-11-2057,0.3328498842211109,0.133527,0.1826642761855639,0.3282289491290042,0.201462,0.3828625411905048,0.1732505272255242,0.1562887031027692,0.326443,0.3394033893710052
29-11-2057,0.3113217120239683,0.126937,0.1726370734879901,0.3244345136775952,0.191114,0.3588592959369573,0.1644241415944538,0.1474770863125918,0.307454,0.3172144918229309
06-12-2057,0.2930172488492337,0.120886,0.1635070465506434,0.3179322470360113,0.182478,0.3379161657157549,0.1553670991273417,0.1402238650547235,0.290295,0.300565172202961
13-12-2057,0.2754948071968432,0.115524,0.1713941999855467,0.3478410303757825,0.17866,0.3195309681763064,0.147449328014345,0.143954496534112,0.274304,0.2867501477166344
20-12-2057,0.2772431989120305,0.1357886557506316,0.1930690392818967,0.3527260331302055,0.1796160159257663,0.3009016753329616,0.1435498248763966,0.1507817507676942,0.2724480240014666,0.2694766436637484
27-12-2057,0.2715529285336601,0.1349002311686308,0.185359734307448,0.3191648397651103,0.1718727640160134,0.2868460007416531,0.1379834321104195,0.1441651420590618,0.2616223159676098,0.2573861509208731
03-01-2058,0.2630381311467472,0.1353889525737038,0.1742802831041734,0.2967580391490972,0.164438832362796,0.2737639029858009,0.1317987966704404,0.1362265449157406,0.2506049144081722,0.2453598595501522
10-01-2058,0.251710534626213,0.1742913432290585,0.1657447087488542,0.2803644811626802,0.1574112754394101,0.2623441474667529,0.1268614137385066,0.1301182758029995,0.2423989923746357,0.2348946261801695
17-01-2058,0.2264194526261352,0.1798888526471916,0.1813456773687097,0.2776699164004347,0.1524984982351029,0.2720505065464867,0.1212157051345289,0.1254778702755532,0.2860814615554506,0.2723130925675315
24-01-2058,0.2201481786489986,0.1682556694869996,0.186829534588628,0.2743392324992023,0.1492178758983135,0.2677454210031489,0.1221339798067006,0.1229137870149907,0.2897516794942693,0.2754539977144446
31-01-2058,0.2159317137159565,0.1588676543392939,0.1838606588494521,0.2756063767426333,0.1506591778314232,0.2608817603001858,0.1215120029639334,0.1197546686957796,0.287005321716296,0.2721192356054044
07-02-2058,0.2322581770891576,0.1538647341690977,0.1835088695142945,0.2786744285011998,0.1614354195602982,0.2560296070112854,0.1190269749594213,0.1172285492775311,0.2866427190128593,0.2713587610690255
14-02-2058,0.2730501466564665,0.1598918169101928,0.1933516359242708,0.2782132981517429,0.1694210156280508,0.2548235628314079,0.1359234052961013,0.115440783548877,0.2998863330662256,0.2783771657068732
21-02-2058,0.273818,0.128334,0.134842,0.2800528009395265,0.184721,0.228058,0.1644558376629309,0.1707485738972997,0.203538,0.1981281922026082
28-02-2058,0.317195,0.123486,0.130853,0.3047110563613193,0.202574,0.332906,0.1736165458951281,0.172280285158339,0.19967,0.1951459228663329
07-03-2058,0.355402,0.138531,0.128518,0.3168145895023315,0.187463,0.416955,0.1776894639528656,0.1744969481932472,0.204386,0.1921756535184403
14-03-2058,0.468888,0.218166,0.262103,0.4278269417769901,0.202523,0.445088,0.6603657188985105,0.1827227033103561,0.270656,0.1877708428028911
21-03-2058,0.6904534460290976,1.4063433284064475,0.6837079594998494,0.895996076372561,0.4307053899743309,0.6362108492354838,1.1677309195724426,0.2514732923731795,1.715410002288663,0.6999177600056413
28-03-2058,0.7540889347452691,1.5685824175919334,0.6027748482597757,0.8694330244203061,0.484804362578404,0.6113020700770924,1.0461105494240104,0.2420500671696101,2.607033465716426,0.7058182893774633
04-04-2058,1.1506593148484496,1.5180104423283574,0.6434498509003037,0.9115836767736926,0.434118382362839,0.592859201560256,0.9253062334791864,0.2791552767356525,5.08860584381123,0.7081575133543685
11-04-2058,1.2730559286143246,1.5269763434765546,0.6609612097228551,0.9293821801925712,0.4083818718594785,0.8448230430328718,0.8287072430825027,0.30569837197584,5.521842025407129,0.9102522381002902
18-04-2058,1.2255207236626362,0.627071,0.310163,0.465488,0.31205,0.776547,0.778812,0.13659,2.59041,0.27741
25-04-2058,1.1095566526563738,0.681504,0.302841,0.55604,0.588878,0.731511,0.840151,0.1325,2.23145,0.256303
02-05-2058,1.031051608776842,0.684752,0.325307,1.12361,0.905688,0.679267,0.825788,0.139585,1.92471,0.270195
09-05-2058,0.9792437199783685,0.703862,0.397882,1.31538,1.04362,0.628059,0.821465,0.142177,1.69581,0.279194
16-05-2058,0.9677483080281396,0.751814,0.426924,1.12901,1.01597,0.697231,0.831551,0.138117,1.53511,0.268821
23-05-2058,0.552551,0.701628,0.390968,1.1425,0.893612,0.7945592352932123,1.389917294946481,0.1702847458219069,1.43212,0.318288
30-05-2058,0.526121,0.620576,0.363355,1.06626,0.79418,0.7195475914884015,1.2665483047414203,0.1609285584009766,1.35154,0.354565
06-06-2058,0.515051,0.57146,0.339497,1.05578,0.765611,0.6904513421680246,1.180928155278647,0.1865220969221566,1.25841,0.335138
13-06-2058,0.561642,0.613736,0.434446,1.0381,1.66818,0.7588854475719901,1.1088561462387323,0.2207303712208735,1.25772,0.344382
20-06-2058,0.639122,0.786748,0.7661604223783678,1.15568,2.768722635913818,0.753869,1.2764855670104889,0.2093659155458115,3.261495463170001,2.05286
27-06-2058,0.666688,0.831106,0.7241092981111003,1.31303,2.256972095055227,0.791641,1.1145050563514145,0.3103353027659017,3.209541731489673,3.22135
04-07-2058,0.652934,0.735839,0.6920246722232095,1.18988,1.9600530131060483,0.809774,0.9821167626956472,0.3707497062227331,3.340989807681068,2.59335
11-07-2058,0.60908,0.785244,0.6123632198130999,1.13891,1.6658158739188778,0.750178,0.8330912671715465,0.3008483655516303,3.1467558386291694,2.09908
18-07-2058,0.546276,0.788399,0.5650284182810845,1.14094,1.470912283228972,0.687765,0.7849448084467916,0.2681136388885166,2.876514772467976,1.80405
25-07-2058,1.109592457814551,1.6285761925243474,0.5935520207206185,1.4142466950029324,1.268264829823915,0.8040457267865111,0.5953500059779985,0.3023166392266059,2.547753110111091,2.8752056954271925
01-08-2058,0.9523769489738764,1.3559157662993648,0.5187210557506837,1.297344911223437,1.0911071603358364,0.7229878380641157,0.5332478466548083,0.2809332464096215,2.1428785331496503,2.427703917865912
08-08-2058,0.8633380581631959,1.204086599526041,0.4763944428241532,1.1965632290165398,0.9713884263198256,0.6640968537349081,0.4975081060885576,0.2746990609634179,1.8992660819947853,2.284072839661292
15-08-2058,0.7987941396374658,1.0252358274904914,0.4307764068509946,1.0582036374270445,0.8547611294155971,0.6099562315823477,0.4936160887701259,0.2576355907887377,1.6506658936311096,2.177752327766956
22-08-2058,0.4656263418368334,0.6127621811585449,0.3227722789354793,0.8260068762135979,0.6401759823393407,0.492367,0.3881767156502808,0.2195656081539821,0.953330382183713,1.529990441397635
29-08-2058,0.4602247779306069,0.7310245765838281,0.3069491764504279,0.7579258720137212,0.5838652863567764,0.46936,0.3565043943496339,0.2001734833726574,0.8603934907148958,1.4722299269613512
05-09-2058,0.4141695883803338,0.6640914453673376,0.2812502909726823,0.6935509257483526,0.5338417064262012,0.450159,0.327637283380464,0.1814183935995189,0.7756987565948907,1.2975308031755153
12-09-2058,0.4210975383914792,0.5951749296438259,0.2889149279311822,0.6163111483633499,0.5006466730239276,0.427693,0.2980989844826559,0.1607214616739326,0.781716274704393,1.12119665319504
19-09-2058,0.5546947993134171,0.5519122026767551,0.2731374191863085,0.5235481928810629,0.461937,0.4000353949190457,0.2643436194832639,0.1373514682036662,0.72769,0.981964798730176
26-09-2058,0.5228365098802502,0.5064476199722036,0.245089980780969,0.4829193160919235,0.427037,0.3758174756581786,0.2499986990099958,0.1308997306484997,0.654886,0.878146743960608
03-10-2058,0.4667058462126072,0.4486237493000302,0.2221361280955746,0.4449042335319819,0.395697,0.3484947584337116,0.233302897749674,0.1215414469491254,0.599105,0.7914394210926906
10-10-2058,0.4782527980017241,0.4034021457421904,0.2041684657721997,0.4096274152829022,0.365238,0.3229175679619983,0.2166936968560394,0.1136326777959414,0.557561,0.7199237175616219
17-10-2058,0.4594500209564091,0.3626417234038079,0.1878914485386109,0.3762688662183575,0.336447,0.2984027761111165,0.2005050072342803,0.1068461048452958,0.51471,0.6578546167837689
24-10-2058,0.3461429235140314,0.345676668230637,0.1825304984477936,0.3563470810269109,0.3161188579953561,0.2867605070269015,0.1920179248548522,0.103329856858978,0.4996734710313751,0.6310144990457992
31-10-2058,0.31503745841091,0.3169672598930581,0.1726540842410086,0.3315752383107073,0.2958085574690476,0.2691270474795365,0.1796908315583156,0.0979441659722253,0.4789285149102557,0.6054413666772408
07-11-2058,0.2907573300916244,0.2944477691852984,0.1621296215470984,0.315022623004177,0.2779463194833684,0.2529401830550431,0.1689005849425894,0.0936284870647571,0.4406465259020113,0.5537949181942284
14-11-2058,0.2715395309258258,0.2765347407049954,0.1531257199322842,0.3118253698922996,0.2600650518333088,0.2391949201657371,0.1597173021166466,0.0900755223504457,0.4089296872289455,0.5324392662753294
21-11-2058,0.2295729152025149,0.2513256108030704,0.1403585211422332,0.2929182720268163,0.2388174507976015,0.2222495931248738,0.1479736378100194,0.0831649277475925,0.372957,0.509452
28-11-2058,0.2207799330105248,0.2351640332052297,0.1345031669512336,0.2731573623380246,0.224876319516428,0.2122769725803835,0.1409319564269467,0.0797792713451989,0.351032,0.485827
05-12-2058,0.2121516700648527,0.2210636115743011,0.1275292076859512,0.2566834713999008,0.2127272892750217,0.2038041291653644,0.134500677903981,0.0788580787299107,0.334537,0.468739
12-12-2058,0.1989338645623472,0.2095822106651965,0.1256047767087044,0.2422908862137928,0.2088455348515084,0.1947712055084862,0.1307088336776708,0.0775959926733339,0.318008,0.436187
19-12-2058,0.2004603388779055,0.2126128713443873,0.1320944579428061,0.2348477538650376,0.2048400388056435,0.1829589404779512,0.1280661983961779,0.0757308908759105,0.3158564360106617,0.450553547705839
26-12-2058,0.1919946857689039,0.2061751304854653,0.1287990223189671,0.2376613348808207,0.1937712198213108,0.1763490917376196,0.1259723085213865,0.0734372878929045,0.3030964149913002,0.4288514996221357
02-01-2059,0.1828930991716792,0.1964241604775063,0.1240455144951469,0.2371574817622338,0.1843270178656314,0.1707783666787069,0.1213607959281924,0.070874629191523,0.2906360053653503,0.4068973550616875
09-01-2059,0.1759562890235146,0.189645840892088,0.1193918717304518,0.2245119708801365,0.1762334306381422,0.1655264513736732,0.1206660762019407,0.0687311049529616,0.2870149907728638,0.3890261675071573
16-01-2059,0.1772563730964092,0.1928025890307937,0.1195167162831249,0.2176537305496537,0.1788967685641804,0.1614475382177963,0.1215763376210388,0.0675042398840032,0.2964354144591243,0.5343288447410233
23-01-2059,0.2184152499618706,0.146789,0.1463279181582405,0.2383757142426471,0.1899236625825001,0.1883795929842373,0.1275665036576618,0.0729747405106474,0.267107,0.6189006965692389
30-01-2059,0.2225223933167559,0.142309,0.1455382597797776,0.2331983632105777,0.1836234495870249,0.1860986306286602,0.12759166440728,0.0726131003806425,0.257088,0.549403941213984
06-02-2059,0.2198970372894262,0.244201,0.1479363410368224,0.2377672202164798,0.1788225271273709,0.1854189330130648,0.1286035241261421,0.0729999888104808,0.248477,0.516556911113368
13-02-2059,0.2251981587209128,0.351886,0.1530155817673162,0.2443672067721589,0.1744597750729599,0.1863774949057073,0.132036975820239,0.0767311133122486,0.239666,0.5058246421811403
20-02-2059,0.148761,0.3360413248436356,0.2629325747566536,0.4389413526155493,0.156838,0.139055,0.3035359391530789,0.1221630976094785,0.232479,0.431061
27-02-2059,0.151303,0.3206397615644676,0.2761861844504205,0.4452751565678918,0.157891,0.139562,0.3067176345742526,0.1277132760149555,0.227164,0.40603
06-03-2059,0.174602,0.3204429528226525,0.2883133384385232,0.4719607844666474,0.165278,0.151372,0.3114177770177467,0.1431271431311893,0.245681,0.446025
13-03-2059,0.188013,0.3549523067091374,0.2797341610909958,0.4790914302245693,0.219195,0.33868,0.2979675055249353,0.1498812376174829,0.372794,0.523497
20-03-2059,0.448441359456551,0.5336738019440996,0.1798121227334007,0.3849954111630268,0.3340110966962129,0.7575700965513503,0.2693199325140719,0.1823288438675246,1.0841499349312271,1.3527625682833788
27-03-2059,0.6669554271735817,0.7071336889010098,0.2781677745295023,0.4010382167950372,0.3071494100105324,0.7675202305193296,0.2642265785278789,0.2090841195548104,1.012689165697226,1.4797580978346698
03-04-2059,1.5554909984121266,1.2882867647147032,0.2940380234149345,0.4117018337425627,0.2903848536341871,0.9637236745885658,0.9518011011277046,0.2164594260212194,1.627367920046947,1.589060001856769
10-04-2059,1.933946987844534,1.5487401850078888,0.2630460335092986,0.4248633489724082,0.2770261602988538,0.973082893258478,1.345518933401492,0.2208291261942703,2.181166202545074,1.501348460120505
17-04-2059,1.5156830048130172,1.3162590755797534,0.2474104559313227,0.660159991807924,0.2844347851430109,1.1413061129878963,1.1850088030277586,0.1991651445364997,2.12817517616028,1.5161716755835877
24-04-2059,1.27128,1.61679534043826,0.179258,0.7112591678887592,0.236795,1.1544952601723728,0.746853,0.126633,1.03766,0.551973
01-05-2059,8.49106,1.4633778765728822,0.170146,0.6617693751250555,0.311734,0.9768438971321723,0.623189,0.167782,0.97406,0.568368
08-05-2059,7.77922,1.3602982339522702,0.182537,0.6395453865049461,0.542437,0.9152054747811929,0.668153,0.227327,0.875683,0.589739
15-05-2059,5.35732,1.3460980101734878,0.189282,0.6201417624432211,0.735599,0.9012867525363052,0.689364,0.296858,0.931968,0.574971
22-05-2059,5.946685597697074,0.688834,0.182476,0.6579759523123218,0.674397,0.652892,0.6587767605848979,0.484360529215976,2.390938332231924,1.1482022026101766
29-05-2059,5.293393701380548,0.644039,0.176773,0.6022994273821656,0.6311,0.667286,0.6285876484904643,0.4094856548395345,2.1919301125048625,1.1695006143204252
05-06-2059,4.971298053203865,0.656687,0.408738,0.5776600075871638,0.669192,0.832233,0.6935314596836228,0.3617231607307639,2.0953073165410654,1.2500064810788178
12-06-2059,4.636213973326384,0.688153,0.723165,0.5345083729481185,0.677476,0.913098,0.8149576111019057,0.3159222859774467,1.9716103596921712,1.2776163593637104
19-06-2059,5.183443438820738,1.4732909222152235,0.673278,0.3168931358127791,0.649186,0.851076,0.759695,0.2835343354236062,0.695704,0.813786
26-06-2059,4.711960908864857,1.632343957251567,0.669288,0.3027616772346042,0.75398,1.55967,0.874672,0.2545793907650185,0.73391,0.896979
03-07-2059,4.510144417239793,1.68226505878913,0.637613,0.32886975215711,0.825357,2.18123,0.924311,0.2404835889543311,0.766042,0.891566
10-07-2059,4.333300704329865,1.4373023848409596,0.527724,0.4694965320056448,0.741935,1.88204,0.800571,0.2272225916904463,0.744678,0.91638
17-07-2059,4.3133885557615335,1.2763775155631136,0.45414,0.572699599745442,0.662057,1.53059,0.710334,0.2229243866267709,0.714061,0.840811
24-07-2059,2.48489,0.664537,0.398828,0.617071,0.8454904304218425,1.27375,0.8449041581015432,0.1772671776237274,0.8743590333310358,1.396663245438221
31-07-2059,2.82315,0.7256,0.513676,0.752611,0.7739313950498236,1.1329,0.7424206523793269,0.1704030442573865,0.8051291168789066,1.175643492126675
07-08-2059,3.01063,0.702606,0.599995,0.711666,0.7293317010764332,1.03319,0.6720158617298071,0.1703176392199384,0.7693109874852986,1.090383067431866
14-08-2059,2.79709,0.613641,0.551625,0.624351,0.6405683468366943,1.02917,0.6188344606799859,0.1585289639334739,0.7172532794352003,0.9914050296990036
21-08-2059,2.8357540449188057,0.8719062644888882,0.6231647244075379,0.6471983136493086,0.4580563047692187,1.0197496564096482,0.5345802418704546,0.1448119698517114,0.6289977050905153,0.7863568443476348
28-08-2059,2.4469825630656707,0.7642143552537346,0.5494612477985021,0.5579994863683932,0.4241704929362372,0.8906200269354404,0.5740792753672674,0.1329024781735268,0.6031316306459619,0.7116454976814883
04-09-2059,2.142614477586001,0.6718985473411159,0.4711752112789337,0.4859405468951624,0.3950323402062051,0.8014578410338073,0.5515972729197368,0.1220848340614295,0.5531238850566429,0.6327963982845397
11-09-2059,1.87991980770292,0.5705472501177535,0.4020928457923408,0.4259876388395001,0.3606124074677306,0.7288326344270224,0.4778208961720841,0.1098639611349542,0.6483686405804522,0.5430237681006669
18-09-2059,1.5839887220986624,0.3964331776071159,0.3277448367919504,0.3737817267494352,0.327168,0.651073,0.429493,0.0954788964659767,0.657703,0.6967621374595194
25-09-2059,1.4329429440776782,0.3649098101015173,0.2990330461418327,0.3522256980249073,0.30157,0.592198,0.401258,0.0899915315648712,0.553206,0.6717704304309697
02-10-2059,1.295431608392832,0.3365538447945589,0.2698653593928625,0.322423373285685,0.279305,0.545473,0.367996,0.0847045937626886,0.48981,0.5684317276136173
09-10-2059,1.1757715959938575,0.3108386571335468,0.246038754506849,0.2980732245224362,0.259056,0.503255,0.338517,0.0803407120053929,0.442847,0.5582053602676124
16-10-2059,1.0632825100170904,0.2853687845773719,0.2246307800726054,0.2724736227937576,0.239053,0.459982,0.306582,0.0759052643329925,0.403101,0.523987439182485
23-10-2059,0.9714039890393192,0.2798786259677778,0.2095248855688581,0.2622447340436315,0.2281763901785168,0.4314283616547818,0.2866144976202232,0.0732482525843855,0.4009221226290311,0.3329219947517292
30-10-2059,0.8925119797501225,0.2605662193140307,0.1946326399074221,0.2519226337465166,0.2125638388281583,0.3981262515509481,0.2639227254913946,0.069901724368144,0.3751600677472222,0.3079466427281685
06-11-2059,0.8208168725851983,0.2444933790736531,0.1880244860908006,0.2423751836568859,0.1992571977649602,0.3694736672690863,0.2446789484642593,0.0669201736950408,0.3511822733599669,0.2870850250647766
13-11-2059,0.7589291915807183,0.2318380572169165,0.1900542239667763,0.226409971290166,0.1885019698699036,0.3453228506702286,0.2281029878286635,0.0663738590549763,0.3314440860216868,0.2698243666664397
20-11-2059,0.696888,0.2039872646119796,0.1779539842578861,0.2036108873423655,0.1725347706278638,0.314487,0.2070653160476345,0.0640354052463876,0.3088980401760225,0.2591490008664306
27-11-2059,0.649116,0.1926063285382067,0.1780431180729312,0.1923019871737582,0.1633582089192607,0.296697,0.1986477776470582,0.0612803529326423,0.2958918811308224,0.2441064026574279
04-12-2059,0.608065,0.1831149071904097,0.1764732351326857,0.1815177593365729,0.1544536523348838,0.279047,0.1914302557485203,0.0600590279818725,0.2846351314396323,0.2306342275924162
11-12-2059,0.571946,0.1860571301689942,0.1632464761745842,0.1724970450724579,0.1503926933549319,0.263738,0.1810569647799131,0.0587999189169246,0.2734632138152555,0.2193308406666828
18-12-2059,0.5668021065736808,0.2058521395400237,0.1586629366876373,0.1675188464899189,0.1482676333841125,0.2596123214724298,0.1762265342463544,0.0572636542402201,0.237528,0.2166034010324392
25-12-2059,0.5346604843756028,0.2012319662960365,0.1553244805306794,0.165887132592242,0.1418115274493942,0.2488737826325846,0.1677226745293276,0.0571337399956406,0.239404,0.2132130148564016
01-01-2060,0.5048706856639574,0.1895457938544197,0.1510069594367505,0.1627696564111904,0.1356673242827256,0.2383623961760985,0.1594041922091512,0.0566348036005362,0.235602,0.2068696336924914
08-01-2060,0.4810950002158865,0.1901578096763203,0.1437709910850431,0.1560425484752174,0.1306536149814327,0.2286869332673813,0.1527100701539193,0.0567865111869384,0.222789,0.1994011184200679
15-01-2060,0.4644192457369904,0.195840489461868,0.1407334168564394,0.1537813405466373,0.1276548444863295,0.2227603349140752,0.1652708048882057,0.0579640721875267,0.21311,0.1995235153698231
22-01-2060,0.430316540132619,0.226679615412964,0.1640429123403615,0.1369036440644442,0.1288310176699016,0.200664,0.1768250459179616,0.0609206938618931,0.2651555912657289,0.3037896339114254
29-01-2060,0.414421413426313,0.222910678406767,0.174737735082895,0.1396335471010714,0.1278905674826934,0.193685,0.1875405971477332,0.0700134780019748,0.2630063300555102,0.3068282038659927
05-02-2060,0.4069738604612712,0.2227665853770266,0.1673524088277201,0.1646094108871743,0.1275073603310664,0.229333,0.195115213994406,0.0782463001754506,0.2626673083382976,0.3137014953749641
12-02-2060,0.4012616787571977,0.2248543703786277,0.1636136450020523,0.2688984554624157,0.1256193343610471,0.398001,0.193513173459481,0.0780580933796102,0.2645172353871132,0.3257789030771717
19-02-2060,0.35387,0.140819,0.129791,0.411093,0.1416224988664891,0.458765,0.2113383782473619,0.1008124610752553,0.251413,0.14726
26-02-2060,0.342795,0.137272,0.143038,0.406757,0.1413061687135859,0.384732,0.2169154077118324,0.0995117775338491,0.334005,0.146003
04-03-2060,0.368057,0.158671,0.171573,0.366467,0.1409540627203198,0.362568,0.2154523488904015,0.1064244207444863,0.336614,0.14513
11-03-2060,0.396679,0.189324,0.175044,0.345759,0.1391414195100263,0.372587,0.5097333862520711,0.1074098651024973,0.339411,0.169948
18-03-2060,0.380392,0.184612,0.162958,0.314602,0.1554135771028437,0.507956,0.7691616477300285,0.10803696879311,0.346096,0.22979
25-03-2060,0.9174750131867606,0.6213525377835571,0.2123545268134299,0.4783228841130378,0.239967124983063,0.614832,0.8287893872764472,0.2203491300115315,0.996197929980376,0.5937689627354704
01-04-2060,0.9157575148816908,0.7027476041513171,0.246001273496619,0.4919438913671494,0.2323457605669374,0.603828,0.8893045744137991,0.3749801096496064,1.0660032828312953,0.5647820639569032
08-04-2060,0.8974368205780456,0.735253837492096,0.2760846964839324,0.5206618128770629,0.2438039777551825,0.824626,0.917668499049385,0.3557100375666714,0.9914829429358388,0.6968080293122136
15-04-2060,0.8808625823509906,0.6855542028668313,0.3465813000663766,0.5429435850413645,0.293893519253659,0.97268,1.0694418492427835,0.3031434539488364,1.0329578048641492,0.793062905651263
22-04-2060,0.334098,0.21861,0.327286,0.4845093819708168,0.3125007820377381,0.893233,0.876314,0.25379295340378,0.476566,0.370549
29-04-2060,0.331869,0.228542,1.07593,0.4617729583174826,0.3088994130407341,0.81308,0.735169,0.2407520285581811,0.56774,0.385464
06-05-2060,0.362523,0.252947,1.57649,0.4435326446756692,0.2990865124735509,0.86643,0.928482,0.2368237545721716,0.572823,0.367143
13-05-2060,0.432507,0.268358,1.26541,0.4315892254887207,0.3053172020181244,1.35624,1.03731,0.2339159131348072,0.5202,0.35102
20-05-2060,0.441866,0.250329,1.11041,0.289248,0.2171766684721983,1.4938,0.9392995803589684,0.2060382133230903,0.9430769018639478,0.342098
27-05-2060,0.765858,0.236088,0.944987,0.81379,0.2020882748766679,1.18475,0.8359769515364157,0.1849849801307112,0.9326451057008748,0.435614
03-06-2060,1.00453,0.257998,0.875378,1.60096,0.247450298776961,1.67812,0.8198232723201142,0.1927740786686377,0.9836861181619552,0.510062
10-06-2060,1.61656,0.309999,0.832911,1.5381,0.277298880211876,2.69793,1.1477817311515648,0.1935153329901571,1.0916831775004217,0.504347
17-06-2060,1.87053,0.317708,0.790703,1.24455,0.2696580658763571,2.6885,1.2944519778663826,0.2293873364477468,1.2260778463079136,0.922924
24-06-2060,2.415083707583284,0.303338,0.836828,1.5715212333839783,0.351673,2.23897,1.3683358976553253,0.893762,2.3420323883777887,2.3312648160439955
01-07-2060,2.143927089294629,0.285061,1.88677,1.4114930952897726,0.420545,1.95809,1.254999392697822,1.24896,2.196781829323841,2.042517649014835
08-07-2060,1.905916362884208,0.277411,2.34033,1.245017040345436,0.359558,1.76663,1.1580575246474831,0.935786,1.8892423355263328,1.7068504836791505
15-07-2060,1.7893473959376895,0.269804,1.78682,1.129793808960469,0.32488,1.57816,1.066508646778452,0.789529,1.7793065304489328,1.5498094482408329
22-07-2060,0.922197,0.6104085995567139,2.406743403428805,0.703886750061728,0.4734841830373654,1.884408995336255,0.678897,0.7260388356129661,0.6019306275326693,2.368196315025626
29-07-2060,1.05615,0.5352375221813988,2.0369510505388018,0.7420232053047131,0.3983881283292044,1.6286229022730108,0.671172,0.6053185895292438,0.5592948830503506,1.7902091763179755
05-08-2060,1.10835,0.5164119481259153,1.7851991772565587,0.7546676504582026,0.3667279267617767,1.4449385449191403,0.659348,0.5232901454277155,0.5422473010638894,1.5285040140598327
12-08-2060,1.01852,0.4676731522353615,1.5478125982200035,0.6605925551111,0.3326936038144082,1.2656527449903248,0.630503,0.4628002035274114,0.5039695940953082,1.2393891855917385
19-08-2060,1.2611986584865458,0.2834933480699256,1.243667349197231,0.6939431494588494,0.2185617757392702,1.0069631048756165,0.6322450086354108,0.4001703054159791,0.6746704249824252,0.657720884556655
26-08-2060,1.1002314368852977,0.2574545908510988,1.2330083801180547,0.6309622993610604,0.2030528873596267,0.9562829586691584,0.636947168963705,0.3991750162960744,0.5915835643269799,0.5714127075260338
02-09-2060,0.962185411171699,0.2333786121842087,1.1405249687321022,0.563713596121082,0.1894915929464519,0.871724186257855,0.7266507083360082,0.3888675198614147,0.5087935819218657,0.503469287295591
09-09-2060,0.8248821146201784,0.2050814600199984,1.0133557815909868,0.5021001648665723,0.1736641507170797,0.7860370185141046,0.7053296513186141,0.3393625660711863,0.4210137453680195,0.4359944021396172
16-09-2060,0.741563249296179,0.2740188400869388,0.8860895371102199,0.4625149540289349,0.1632802499753335,0.7179699607140159,0.6074217704164857,0.3050317527191828,0.4009753487177372,0.4060789450310965
23-09-2060,0.5780813106935576,0.2757802952573601,0.776087,0.3939044915614442,0.145603,0.6436575408603139,0.5675518883314896,0.271243416721312,0.3003545429553965,0.308319985259097
30-09-2060,0.52781458222159,0.2263223056576787,0.704123,0.3586927865736618,0.139394,0.5907758628608659,0.5003515820298382,0.2486813588336268,0.2724126745136894,0.2830057573514818
07-10-2060,0.483615403254174,0.2010615224608932,0.632094,0.3307439339344402,0.132214,0.5432624525518849,0.4545854888804093,0.2258136797856397,0.2536333274430731,0.2637666194169578
14-10-2060,0.4438752281363808,0.1812931936154803,0.567161,0.3043134622579118,0.123793,0.4976214150743068,0.4405288846545011,0.2047139064748263,0.2355368593532717,0.2432341447583056
21-10-2060,0.4165852431050926,0.1746548939739115,0.5196931196879869,0.2839874483722773,0.119266871609351,0.461227279862944,0.4056217842598705,0.1876793577684543,0.2402838667628498,0.254987561588012
28-10-2060,0.386947904917899,0.1624470670114083,0.4737207009762912,0.264167902329446,0.1127398957012449,0.4270664840242873,0.3660785828465573,0.173010242890325,0.2403485281615082,0.2397085462487037
04-11-2060,0.3617809295218853,0.1530479995205898,0.4346377767677411,0.248737924805165,0.108311584065193,0.3978986344490438,0.334456164765779,0.1605125494584926,0.2237931643179933,0.2289972634835488
11-11-2060,0.3408170191612374,0.1454801405291896,0.4053443241814999,0.243840052278235,0.1045901977750285,0.3722063676799298,0.309671582422463,0.1495950075594263,0.211351544073249,0.2214543313881152
18-11-2060,0.321443013586016,0.1367205075280618,0.3790113859780908,0.2354474033710832,0.0994352649880176,0.3485702022540634,0.3212389939409469,0.1396090913696678,0.1986062985110611,0.2086739138953119
25-11-2060,0.301835,0.120599423877757,0.3493365417051728,0.2231215516387084,0.0924085381537138,0.3213097143647159,0.3230180578792365,0.1310369622053664,0.172041,0.1617958557576848
02-12-2060,0.295782,0.1146761592406366,0.3287452344450705,0.216030600590572,0.0885367846383451,0.3022779752143312,0.2977703903958381,0.1235951491440284,0.163468,0.1561952046042633
09-12-2060,0.278135,0.1098286756260982,0.311093787594646,0.2102752313390659,0.0866027998049404,0.2959928544680257,0.2763935356100916,0.1168226413978406,0.155743,0.1497951817515764
16-12-2060,0.263771,0.1061408518138607,0.2924849990245181,0.205341119912175,0.0846350928158617,0.2899839870568525,0.2574141351808226,0.1111271731355817,0.148719,0.1437490957778184
23-12-2060,0.2564048849287987,0.1142182711666936,0.2832575286730023,0.1939880785416833,0.0895051734479799,0.2800283934171506,0.2425261813741219,0.1055997308861899,0.1471517108461816,0.134468
30-12-2060,0.244878975969869,0.1099818463187657,0.2709523444470181,0.1844775230080534,0.0928575020629246,0.2664912323172279,0.2290115901591007,0.1009239489463103,0.145100279127075,0.129258
06-01-2061,0.2354510376436753,0.1076935022062077,0.2793883774405534,0.1764468905634912,0.0876591855526016,0.2552640021601258,0.2215827459225552,0.096884520467712,0.1404290353137595,0.124974
13-01-2061,0.2336939823910867,0.1119554042772465,0.2895110297301665,0.1718496404659075,0.0844943673754482,0.2483503744197789,0.2160499725701389,0.094080423486055,0.1372327920537841,0.122308
20-01-2061,0.280294,0.1331216089784983,0.3124214089042433,0.186177255447057,0.0911698149984552,0.235453,0.207193,0.0883635,0.1691075913640979,0.139106128281294
27-01-2061,0.378753,0.1337102924855946,0.3011967583812425,0.1827849939752016,0.0897674241218077,0.332479,0.210156,0.286353,0.1672947798231446,0.1409161090139392
03-02-2061,0.375206,0.1370982799565597,0.2946701765706795,0.1847596699731298,0.0892424935428253,0.425861,0.212302,0.450912,0.1673405293134556,0.1418521671759587
10-02-2061,0.352851,0.1605865935431024,0.2909289060769236,0.187554328393432,0.0893361150171597,0.385564,0.22914,0.3219,0.169832944600284,0.1475026295620981
17-02-2061,0.363059,0.104905,0.297845,0.1726398779602691,0.073142,0.3793721355457009,0.236892,0.271986,0.120976,0.13031
24-02-2061,0.355727,0.105214,0.370433,0.17812513812025,0.0870756,0.3703516644523997,0.240949,0.247895,0.127473,0.130021
03-03-2061,0.377397,0.143461,0.378802,0.1884649038188164,0.101975,0.3722738264333982,0.24819,0.230154,0.169234,0.126905
10-03-2061,0.413974,0.448311,0.551618,0.190327273563454,0.295545,0.3778682077966625,0.30012,0.214669,0.222018,0.124321
17-03-2061,0.414115,0.614409,0.638976,0.1958264197210301,0.461218,0.3669096045950296,0.433199,0.25882,0.240605,0.121666
24-03-2061,0.43562,0.6446933433254651,0.9750043232910316,0.2966154803795362,0.5073688801449597,0.4700193666365369,1.0540330872443209,0.4128265355215043,0.6516084856891262,0.7666087160935202
31-03-2061,1.00891,0.6566887001309829,1.004800091188952,0.5508450043696191,0.5182681604918847,0.9074051876634036,1.292358930085312,0.3966002088889575,0.655216648498955,1.3328709577604267
07-04-2061,1.35135,0.9799888256252648,0.921561246059946,0.7235079176760688,0.5248480296149249,1.212950142085664,1.128321070149756,0.4285481345722639,0.6612156884056033,1.3010836605461449
14-04-2061,1.1413,1.186449332715188,0.8461432746350428,0.6006098892171521,0.590790079695476,1.0340334152279207,1.0171604065880897,0.5452557934970559,0.6431632088816454,1.1038065141835929
21-04-2061,1.08512,0.850152,0.736476884173515,0.492052,0.58056,0.965799,0.747623,0.533448,1.051268595932097,0.410472
28-04-2061,1.14103,0.995024,0.6987404600496518,1.28346,0.545263,1.03849,0.890134,0.514936,1.097718947179804,0.376624
05-05-2061,1.18501,1.06187,0.6695351088670938,1.70073,0.48542,0.900666,0.949088,0.638587,1.0955985089793543,0.437081
12-05-2061,1.07518,1.00547,0.6556914887044077,1.36752,0.44156,0.931794,0.853601,0.789938,1.168767161083572,0.473094
19-05-2061,0.946998,2.511144763486767,0.4109913921553445,1.54611,0.439639,1.341670742119605,1.0569378201074913,0.7872174240408776,0.242895,0.483499
26-05-2061,0.848614,2.294885687017697,0.3881259426799877,1.60099,0.460797,1.2208873079777796,0.9785712762424572,0.6930858587824662,0.241302,0.488358
02-06-2061,0.918181,2.266278693243509,0.4689194109219171,1.50268,0.541286,1.1336840615931103,0.9284314422487724,0.6402865777388406,0.226286,0.473114
09-06-2061,1.05174,2.076289642901496,0.5695088110754296,1.5449,0.58906,1.0581256910879595,0.8493657014034197,0.5774427907236126,0.248984,0.510059
16-06-2061,1.01166,1.8840717660445496,0.5411501150037715,1.46345,0.604912,0.9910055075634812,0.8411848086603745,0.554051720115097,0.285632,0.505632
23-06-2061,2.6806510104618075,3.200222152138914,0.6900182841146923,1.3769,0.848935,1.1115295963434686,0.6620782289175028,0.618859703047262,0.9241458258468696,3.143189136892844
30-06-2061,2.49479693830408,2.7839818368629112,0.638448316091378,1.25517,0.905073,1.0142310985213183,0.6325643160309311,0.5578495009118207,0.97410575823549,2.931904930937186
07-07-2061,2.1580999559163243,2.253000195616004,0.5735923799876013,1.23374,0.721926,0.9096902866549812,0.6496467578269708,0.4920604204851669,0.8854672707091671,2.30914896349327
14-07-2061,1.942486323531905,1.951875399830442,0.6123998222738699,1.20126,0.620655,0.8705781519548309,0.7226997325351101,0.443695549456349,0.8463116852333781,2.141587242450556
21-07-2061,0.640911,0.8853564476635485,0.6978482667068838,1.2225412010950232,0.5812773103007018,0.6442287410841896,0.8115240843972708,0.3552978527632034,1.1285227014831578,1.7839113105343838
28-07-2061,0.704858,0.7985054253586223,0.6010773885242997,1.0886032666202812,0.5719191256446023,0.5852595075446041,0.7142213929643437,0.3400633731715045,0.8277289617614756,1.4486860686142995
04-08-2061,0.748872,0.757156257983614,0.5592397781552365,0.9929340664946378,0.5479604703172561,0.5443695947098824,0.6589866148712942,0.3289217197549895,0.7454989250216305,1.3085545777448169
11-08-2061,0.666332,0.6663957222544046,0.5157059139691514,0.8912828168676898,0.4938279006496733,0.5484678294767213,0.612994182964902,0.3052116163369548,0.6359062477961674,1.1139139195791357
18-08-2061,0.612509,0.5998413029296443,0.4823253078887379,0.8315010490473722,0.4517059624572079,0.548289363606831,0.5637784381026569,0.2837375160861607,0.5936930793479733,0.9621909543540728
25-08-2061,0.6734099839340708,0.471633326110321,0.3868467318491464,0.8955833718412257,0.4449639271722819,0.4762283512534436,0.4968278216678373,0.2672137630412466,0.3996739574015164,0.6423179361279441
01-09-2061,0.6136761591202591,0.4345967082500392,0.3892892860993928,0.8721333139339752,0.4711241267853187,0.4572737308416278,0.4499442896450902,0.2510460346376242,0.3600961983376977,0.5621680595479197
08-09-2061,0.5502438271707744,0.3910104696687114,0.3416264177213796,0.8065453585260207,0.4768456559785691,0.4191322665150462,0.4080952774748276,0.2279727396664621,0.2975164462890028,0.4525818388516739
15-09-2061,0.5118930012585362,0.3658410943009035,0.3158527815885026,0.7646722347774857,0.418939115738721,0.3936480537896539,0.3813862488359288,0.2120778910902179,0.2829868035103321,0.4283530583248242
22-09-2061,0.6106995487870364,0.2992979541539474,0.2745786519492403,0.692238899565177,0.3551164788926624,0.3459110632501734,0.322877068727418,0.1873675294458578,0.1746981606014953,0.20349
29-09-2061,0.5505624316074293,0.275135647198326,0.2504010018522097,0.612551345459441,0.3220095742517023,0.3211555221672922,0.2989742875758506,0.1748558877558664,0.1601565621886706,0.191888
06-10-2061,0.627767871805695,0.2555015217367312,0.2324548361147058,0.5732317087112552,0.2933066650681645,0.298669495516881,0.2769941926940942,0.1634258087479787,0.1505889062920886,0.181023
13-10-2061,0.6956086974231888,0.2354753822776872,0.2141239695690927,0.5812504160501197,0.2661733477250326,0.2770630006897598,0.2560715528255799,0.1515880929075459,0.1407750051305756,0.168742
20-10-2061,0.5310053189156555,0.2212459617428754,0.1998016257392832,0.5364085619536607,0.2454304869395884,0.263037581254459,0.2436608683541885,0.141791000063726,0.1343220708597086,0.1724731302756354
27-10-2061,0.4642093066720948,0.2167782322680674,0.1902530358395037,0.4814056890066227,0.2271189488366597,0.251323985757015,0.2288566452994104,0.1329225627048235,0.128170525739422,0.1625816763932124
03-11-2061,0.4202883256456406,0.2127331652662936,0.1797940715819022,0.4356067272744064,0.2104846597119166,0.2413526073095869,0.2141595459508739,0.1247830657193521,0.1256662639180147,0.1550140507944645
10-11-2061,0.3875705079691218,0.1992579128506263,0.1706910629427557,0.3990881604723837,0.1965049215073181,0.2437192252533412,0.201346017739004,0.1177241978164271,0.1237980969910916,0.1499618975078405
17-11-2061,0.3592691395789423,0.1863917968249241,0.1608476954284921,0.3682575435206948,0.1843795561952698,0.2424832164677842,0.1890995943197459,0.1111674568998499,0.1180514920522001,0.1429085995820817
24-11-2061,0.3271546317288712,0.1760066476457089,0.148107,0.3399945433133676,0.1732579684152936,0.2215862196145431,0.1755456524235022,0.1050271320104686,0.106128,0.1355282395819728
01-12-2061,0.3074103616092566,0.1669405419129156,0.140619,0.3170751841039507,0.164265319378439,0.2087728275594728,0.167384813470957,0.1066819972619854,0.103439,0.1351256608985241
08-12-2061,0.2904945111844249,0.1596572834997811,0.134052,0.2974658429122976,0.1558414027593051,0.2021463633425881,0.1790942205404788,0.1118073386489206,0.103013,0.133818136806591
15-12-2061,0.2760702711982765,0.1538646949552284,0.128288,0.2824817909088998,0.1479199676345503,0.196372214020175,0.1910456461570015,0.1083381866084227,0.100687,0.1320325642286323
22-12-2061,0.2743547371984323,0.1452092431105112,0.1336645255570503,0.3073853320246779,0.1441283673756834,0.1934057699376642,0.1893000602898849,0.1026814144623584,0.110903320352777,0.1412199903219613
29-12-2061,0.2669833450116172,0.1391551916385193,0.1280182957453749,0.3188919891938911,0.1373333079015152,0.185707193418453,0.1825056364091851,0.0978189226752392,0.1071633560055019,0.1352793946160103
05-01-2062,0.2570171453521264,0.1343335355513072,0.1238552081681561,0.2943034561142427,0.132033022998383,0.1786044159331692,0.172008133275711,0.0935461470098988,0.1045505501528329,0.131780126439543
12-01-2062,0.2523672765899139,0.1372541848150253,0.1242493139831923,0.3855974386184474,0.1320153614396191,0.1744214356939185,0.1728102945753968,0.0905848456134864,0.118809926051957,0.1375800730415317
19-01-2062,0.260589,0.160497,0.1318641865492284,0.521201,0.121166,0.1999027247945805,0.168642,0.0857981,0.105463,0.1358844272148835
26-01-2062,0.295075,0.215707,0.1301748916745488,0.534563,0.116968,0.1964284960688687,0.194596,0.0993897,0.107715,0.136948854792153
02-02-2062,0.27624,0.206885,0.1301800386142177,0.481185,0.170317,0.1955309825448512,0.239688,0.126747,0.136558,0.1432878542083576
09-02-2062,0.295728,0.182987,0.1318923668255308,0.428572,0.234926,0.1969105292994036,0.24351,0.139052,0.166331,0.1561815552581014
16-02-2062,0.336571,0.26537,0.2328783445554372,0.5031421965910101,0.213845,0.177961,0.232832,0.149219,0.169047,0.24131
23-02-2062,0.422015,0.361188,0.2375052020586673,0.4957705790205236,0.195781,0.248218,0.27766,0.163573,0.158598,0.349586
02-03-2062,0.479332,0.346794,0.245454545806403,0.4908900394215889,0.185385,0.252056,0.303385,0.170288,0.179216,0.302297
09-03-2062,0.626686,0.317843,0.2362600832474351,0.4794229852027155,0.234999,0.281484,0.273898,0.180904,0.197773,0.277669
16-03-2062,0.705249,0.591523,0.2483639703260024,0.4833927955963388,0.382321,0.413942,0.263383,0.196467,0.188989,0.244691
23-03-2062,0.9107751131572506,1.0743652654488007,0.236753090331203,0.4446134362404425,0.4600144022798447,0.7186937602460306,0.5208583731900851,0.2081136937453774,1.131605605830385,1.6675507967427956
30-03-2062,0.950205195160165,1.3750670569509171,0.2341913931891548,0.5793666971289648,0.4278507379299675,0.859053006706521,0.8250052094939339,0.6633904163688195,1.106397271984298,1.599432864030256
06-04-2062,0.8767589871909276,1.5618203876270371,0.2658033832585149,0.7199409813876967,0.402261987424138,0.9610490265061704,0.981378303416885,0.9654251144673172,1.0856729005787285,1.5027197131089294
13-04-2062,0.8411562384369676,1.3440931358327417,0.3362778263515635,0.6788466859045252,0.4975410641425035,0.838518032083087,1.0939347055412525,0.7081777120769271,1.0899353771590945,1.4197650805172215
20-04-2062,0.603752,0.859045,0.147322,0.537913,0.6993840811749152,0.852212,0.899987,0.6379505755670007,0.5077300691917421,0.210371
27-04-2062,0.558897,0.798652,0.134269,0.520447,0.6474579058808194,1.05531,0.847393,0.5677653168584189,0.5086269642571313,0.322119
04-05-2062,0.56207,0.771816,0.145857,0.547741,0.5977237513379609,1.0632,2.02781,0.5997638317408371,0.51395556515202,0.41004
11-05-2062,0.63171,0.728323,0.182571,0.701742,0.6179571914857755,1.46439,2.55172,0.6280593600333045,0.5917520729019474,0.354275
18-05-2062,0.681851,0.666235,0.207598,0.773375,0.6223838320669536,1.59594,1.97641,0.5543081890630919,0.6113572741297757,0.351806
25-05-2062,0.704931,1.2705221064050534,0.6227194493859087,0.970547305512302,0.5608148007212621,1.36204,1.68964,0.531420547872203,0.185418,0.349879
01-06-2062,0.99576,1.261092410546787,0.6139063290570803,0.9053109163660524,0.6127747888019943,1.25078,1.5636,0.4937654516883001,0.228849,0.417961
08-06-2062,1.51151,1.290734083382467,0.568301940972978,0.8306262979501888,0.6345211922684089,1.26677,1.77784,0.4487398314217008,0.371996,0.485925
15-06-2062,1.51865,1.2946935935960546,0.5770598140455443,0.7737038387650417,0.5666218510699733,1.18472,1.87088,0.4159805349357046,1.35704,0.457117
22-06-2062,1.42937,0.602696,0.5383539194724051,0.7575034459860199,0.597483,1.2032316341516538,2.379632448822642,0.3948748952894287,3.976173123180028,2.345550611863468
29-06-2062,1.34045,0.654998,0.5050931072304781,0.7255563379080149,0.701949,1.1711096782213892,2.119388299070969,0.3635437075541863,3.285985044946009,2.122645484532965
06-07-2062,1.14151,0.755195,0.431250966903955,0.7256062693471124,0.58585,1.016549775217249,1.859415599955329,0.3326310131333506,2.8081127891092468,1.7704519897492657
13-07-2062,1.00641,0.766755,0.4017321411695869,0.7383468602003385,0.513554,0.9184865454875158,1.6725270029333992,0.3103678959443517,2.534002786429345,1.613567780017179
20-07-2062,2.0127715361061584,1.464776337300504,0.2674245162972375,0.4845798826168863,0.5632232266921373,1.0246638630104103,1.203801280173349,0.2745016445825072,1.5059276238061925,0.443112
27-07-2062,1.7479924626505126,1.23179941861898,0.2431264333700942,0.5247660816606287,0.5083319793767185,0.907885046765834,1.0807502273760885,0.2881661808119156,1.3157421442749415,0.509358
03-08-2062,1.551460381964056,1.123390785277862,0.2364180152683296,0.5456339841564389,0.4660790640552537,0.817877144525128,0.984050527563158,0.2994261412261082,1.2371601432034165,0.422783
10-08-2062,1.3468178992047422,0.9817845761226998,0.2190041884765556,0.4816708139962359,0.4250463371101193,0.7334614504443212,0.8805368632798353,0.2745033423312008,1.0477334072118774,0.369432
17-08-2062,1.1756788719015536,0.8481368675838041,0.2087707335382191,0.4588753350523643,0.3906175375171774,0.6821052941404228,0.7930860902050971,0.2546383321110004,0.9050491769118846,0.330966
24-08-2062,0.8418059289146786,0.4361344413260039,0.1779669807899341,0.5180996749028242,0.3437791431281929,0.5910796173032706,0.7399158262757828,0.2390724968123656,1.0443107140072976,0.5810851200816547
31-08-2062,0.736160964854083,0.3988037516719144,0.1632596191411195,0.4625628464089357,0.3162536136213595,0.5419793779913404,0.6783065422243221,0.2264975854308384,0.8787625591283983,0.4899649866756091
07-09-2062,0.6321026889689744,0.3679199335949587,0.1428346167966241,0.4102384867046401,0.2863932489766135,0.4972684729165878,0.6128249592306908,0.2059879260754404,0.7124075598663073,0.395483883141045
14-09-2062,0.5748468636645037,0.3486979406854213,0.1374414791375534,0.4000657786925934,0.2665675511197188,0.4601072450453377,0.562482467101971,0.1914385759096413,0.636124842831004,0.368663311786157
21-09-2062,0.5792994133972751,0.321883724022346,0.1417766274632365,0.334606052067066,0.2244872225968566,0.410047861784446,0.4818980606670087,0.172887119427767,0.359874,0.2734258730392094
28-09-2062,0.5171783806547906,0.2990796587687191,0.1230303309823596,0.3334217576450048,0.2091210260888014,0.3779217582668534,0.4498123595532222,0.160776274002,0.333701,0.2392912686313545
05-10-2062,0.4875791239295258,0.2764478933718811,0.1175240992136551,0.3282586323591617,0.195401436669952,0.3502420365229492,0.419610240097197,0.1490429724940291,0.309587,0.2228072315456054
12-10-2062,0.5442834922323119,0.2544064124887661,0.1594480290855975,0.297030909785974,0.1816900697938901,0.3238122379692466,0.3855157860676115,0.1375955466191101,0.288267,0.2049078096767968
19-10-2062,0.5222133957745552,0.2473097636179679,0.1735762767136278,0.2842325927643508,0.1739602411381076,0.302578211049582,0.3588949403310147,0.1277625648936766,0.3208776371359078,0.178791033455867
26-10-2062,0.4831389708831126,0.2298500365644345,0.1442399149920989,0.32092631489586,0.1634507503788288,0.2820687502205313,0.3328996771210112,0.1241847923175437,0.3346455632785464,0.1680788201469993
02-11-2062,0.4329914613059489,0.2159762021087432,0.1286186489761865,0.3332460661085185,0.1536769865336759,0.2645129431244608,0.310296095000327,0.1209830939883157,0.2982536052845557,0.1595119737770924
09-11-2062,0.3993621692282522,0.2049582752175903,0.1196512422749316,0.2949384401644833,0.1452820232061852,0.2494779046378963,0.2911856101320954,0.1135449984247354,0.2739944879031419,0.1541148396570554
16-11-2062,0.3673130977276265,0.1927557542661959,0.1118554063166643,0.267454493442352,0.1370563696658697,0.2351329512896582,0.2730569467195625,0.1067828057373337,0.2537131364926335,0.1465469388300907
23-11-2062,0.3427297952372137,0.1878772397612074,0.1015229666114507,0.2447014359250931,0.126004,0.2205625403375237,0.2556378414159743,0.1018951660901419,0.231763,0.1267898637967968
30-11-2062,0.3206922948772162,0.1919780702961562,0.0960444572768355,0.2277839756407885,0.122383,0.2088309145203669,0.2439274920739775,0.0997370156870267,0.217794,0.1210793434223899
07-12-2062,0.3016977468740682,0.1783803959010892,0.091555619588857,0.2364546493216425,0.118791,0.1989567368463016,0.2320157276146073,0.1005643048558202,0.205747,0.1163597026541097
14-12-2062,0.2870645894776972,0.1692981067683727,0.0889964621617062,0.2425290090519231,0.117159,0.1906670277755532,0.2203665467499997,0.0992498464281317,0.194191,0.1243565387447199
21-12-2062,0.2909101934082728,0.163585380201225,0.0916387489033602,0.2308674458731064,0.11923285291841,0.1812726054084161,0.2153578764483738,0.0944745316504738,0.2088115440531802,0.149382490842134
28-12-2062,0.2881408514982414,0.1560845744958479,0.0878778394111854,0.2253800828380111,0.1135093906378685,0.1741251632843467,0.2048210484165161,0.0900627219465818,0.1989209628975367,0.140053042892591
04-01-2063,0.2746725789168568,0.1504467723968915,0.1050514044892257,0.2175728892645891,0.111110089527745,0.1697252672915421,0.1962295470025874,0.0866272137156059,0.1916456251744934,0.1349299243399852
11-01-2063,0.2693772081467623,0.1488104065085312,0.1244194046593507,0.2079310159249666,0.1102040356783856,0.1675223932399391,0.1914075412882091,0.0839311850098109,0.1921677722971947,0.2850694763190618
18-01-2063,0.230615,0.1536346421254523,0.1142735001062933,0.235579,0.1132819418098014,0.156273,0.174388,0.0818052932295841,0.159144,0.374863
25-01-2063,0.255627,0.1508627850394255,0.1082172856620934,0.271594,0.1106192294171332,0.155896,0.216979,0.0824865556879739,0.172619,0.312267
01-02-2063,0.271107,0.1496156936531782,0.1339850181095864,0.288128,0.1099836117599027,0.156659,0.314954,0.0832456407609255,0.178285,0.368111
08-02-2063,0.261874,0.1514061947244617,0.1587697776791471,0.309769,0.1105666292907625,0.168823,0.335171,0.0808975201796393,0.169279,0.430742
15-02-2063,0.256041,0.1557925848534819,0.1458721220435568,0.289723,0.1091285421132043,0.178238,0.30525,0.0786957726158109,0.20139,0.376754
22-02-2063,0.9014385000450276,0.3928739340198082,0.135281411114021,0.305468,0.2200602411312633,0.169382,0.297749,0.0767311545315976,0.229146,0.328891
01-03-2063,0.922637545905053,0.4096499575021819,0.1445368246770845,0.332095,0.2257567614021111,0.197729,0.292361,0.0752686097048714,0.221382,0.405248
08-03-2063,0.9122353568012144,0.4197522984755881,0.1686994079431486,0.369137,0.2179264530915008,0.239561,0.359194,0.0849810405375834,0.216828,0.710161
15-03-2063,0.9453385303555476,0.4378294276422917,0.1815553295945611,0.497247,0.2228217197557754,0.257761,0.438896,0.1564229995276147,0.491141,0.802176
22-03-2063,0.633163516927953,0.2917576296354592,0.2375197742998526,0.6898265649940939,0.2416217959450562,0.3406300518020695,0.5619864268374398,0.4194416685614236,1.7095374465787092,1.938189661439087
29-03-2063,0.6715869770161953,0.3046208429385771,0.3918640866234141,0.8395020170890094,0.2502125178191321,0.475098100094645,0.6655159529073538,0.4877660815642048,1.634909655055255,1.8020105544209977
05-04-2063,0.6532640385645586,0.299251436192179,0.7902160652038623,1.2821695656327687,0.2397723774680391,0.6069536968328422,0.6990487213289556,0.4868388225317137,1.790660576473359,1.6931978195677946
12-04-2063,0.7497170084521743,0.320493045398795,1.089358802967479,1.4695225508002685,0.2296029652348059,0.5672317663069972,0.6195710027259952,0.4921950072546336,1.8276672385168309,1.6300518237795392
19-04-2063,0.703696939055524,0.178355,0.825364,1.31298,0.162158,0.485351,0.5516798839757148,0.397793,0.944635,0.481255
26-04-2063,0.6917904404023909,0.170076,0.835488,1.24051,0.336715,0.484648,0.5154155451137028,1.40851,0.947205,0.537279
03-05-2063,0.6588095718967161,0.164341,0.95531,1.15722,0.686255,0.436308,0.5636163581273295,2.0439,0.823956,0.551485
10-05-2063,0.6498166751371299,0.176236,0.904893,1.16597,1.05799,0.486564,0.5997168539542039,1.48515,0.747326,0.510138
17-05-2063,0.6972502223287165,0.186967,0.880137,1.11861,1.23405,0.55182,0.5452849406262535,1.16441,0.738802,0.500413
24-05-2063,0.426257,0.22346,0.950837,1.11494,1.23777,0.5318432420999978,0.4181953492476996,1.0230236236890955,2.4349735495006675,0.502593
31-05-2063,0.44733,0.265483,0.911446,1.79537,1.29614,0.4828758608961691,0.6000140202320488,0.928662800082916,2.472323811807355,0.503
07-06-2063,0.429636,0.367693,0.791052,2.51824,1.31681,0.4634315558187746,0.7449629262558226,0.8569393879712907,2.3702505125114115,0.525712
14-06-2063,0.402917,0.420678,1.20058,2.42253,1.1301,0.5509025635845989,0.7427925076904892,0.7737613765035164,2.3545717678432925,0.566879
21-06-2063,1.8447657761936824,1.5924231256861647,1.7374257565740938,2.3875,1.26451,0.600743,0.8797989640807445,0.7070249743675587,3.67949347877209,2.073811506429913
28-06-2063,1.6927201908029872,1.4105463970961436,1.4338731290304445,2.53558,1.31019,0.544425,1.034830939174546,0.6598024732759548,3.3883873842073933,2.012288483265449
05-07-2063,1.4193489303070976,1.181333776541028,1.2249536955216342,2.45925,1.12253,0.519343,0.9925580240896792,0.6108601914743216,2.711616882996265,1.805582529602786
12-07-2063,1.3090109792318616,1.1557290733989387,1.1873492365340388,2.21507,1.01879,0.489637,0.8318275605755906,0.5566531800805814,2.307503576880141,1.7365691982715608
19-07-2063,0.290902,0.6518353308011372,1.1131197261323706,1.93118,1.0782840487567564,0.595480362503125,0.8239599004740584,0.495238673659332,0.8744310116988703,1.6033688526571168
26-07-2063,0.394643,0.5740967050038113,1.023025536845316,1.6554,0.9196130183633576,0.5196481028065892,0.8115504833237469,0.4589426403189319,0.7690273467677309,1.245701901702967
02-08-2063,0.485432,0.5545246311923274,0.9602206631224612,1.49298,0.8120021990736823,0.4871136613149274,0.7932411129281016,0.428915674139076,0.7026675960983408,1.1648966780744832
09-08-2063,0.48735,0.4890433867530147,0.8377637638693386,1.43813,0.7268748346796096,0.4498671913759054,0.6925053944153589,0.3966227229051806,0.6460545561430477,1.0255659950131553
16-08-2063,0.475558,0.4397913125733404,0.7374178666461833,1.33817,0.6540340429787618,0.409895342792451,0.6250515355737036,0.3702283004596047,0.6016671299248026,0.8941069500710482
23-08-2063,0.6289141256957254,0.3639208708724816,0.6319795107428794,1.2998634882838715,0.6734630829031721,0.3477274751761311,0.5300711771454574,0.3399580525925996,0.6392663499404757,0.5781959061747576
30-08-2063,0.5895226188381542,0.3187601452105267,0.5616134003052703,1.151388991774268,0.7106309840416289,0.3189376065094381,0.5032781792297697,0.3169085550994107,0.5621366080154073,0.5047760891684939
06-09-2063,0.4897343920826204,0.2672977819014226,0.5004714585556571,1.0210494391269438,0.6262909564659893,0.2868064123704482,0.477740589782003,0.294786671605926,0.4717957534328888,0.411646087148353
13-09-2063,0.4448379851477119,0.2513951220939034,0.7884107730882035,1.0302787153532424,0.6206896509136777,0.2681220499552669,0.4469384663281819,0.2723725105309995,0.4415815045149651,0.3868653332505509
20-09-2063,0.316276,0.1692274524471987,0.9104859462715402,1.0653589871753866,0.579004,0.2266786314678037,0.3976536738459702,0.2618690934423781,0.277013,0.2405491478201606
27-09-2063,0.291253,0.1568710714018791,0.6989276215614812,0.9619121447459272,0.513382,0.2132466458080315,0.3659164376757113,0.2560016968994594,0.25856,0.231184580230703
04-10-2063,0.268963,0.146641135106937,0.5966621497379903,0.878724144298241,0.463356,0.2010273591623254,0.3387659231123182,0.236968768036002,0.243938,0.2232294245100319
11-10-2063,0.248395,0.1364448791647296,0.529319518165828,0.8010936747195724,0.415158,0.1882574052833865,0.3099560994211,0.2168499794290065,0.229802,0.204853705377288
18-10-2063,0.2546776202095502,0.1347603280947032,0.5062890911173387,0.6928877637081285,0.3897628334236565,0.179329799278147,0.2885359777886667,0.1998097658068248,0.2201299918759491,0.2020267542695551
25-10-2063,0.238025972335838,0.1270182843192895,0.4769320139262575,0.6298397143999613,0.3639125366076345,0.1692979020496017,0.2674698691330393,0.1845789393096101,0.2238022579564979,0.1891864559381652
01-11-2063,0.2255493914136375,0.1209071151625259,0.4308329035145122,0.603028230204573,0.3350418153246871,0.1750899451883054,0.2503425015097847,0.1717360715648048,0.2223091938528188,0.1798959641765154
08-11-2063,0.2156997332515332,0.1160422196099153,0.39357864731712,0.5749941833156852,0.3112283620648385,0.186076286294689,0.2355462663342872,0.1608002036684424,0.2073457998745351,0.1782366573120391
15-11-2063,0.199796407609834,0.1057033847425635,0.3532818882395862,0.5220213729064702,0.2848044940085376,0.1744029823432226,0.2189058148743497,0.1499135541588785,0.192009,0.1502523098316758
22-11-2063,0.1914956006902524,0.1009797345556312,0.325672618278563,0.4818997851426137,0.2669033898129444,0.1625610381773336,0.2070258118748192,0.143986770096923,0.180234,0.146116324532066
29-11-2063,0.1838055288191337,0.0966765423822153,0.3067745295729455,0.4469316386767358,0.2502785522812493,0.1542502170808115,0.1963591097812327,0.1383011995020551,0.169962,0.1434447728834139
06-12-2063,0.1766413400254969,0.0948775236891772,0.2962122738484313,0.4166840172310154,0.2384166417060891,0.1474311213016791,0.1904610775333776,0.1353388317634178,0.161013,0.136481054503743
13-12-2063,0.1593732822720991,0.0971470195831353,0.2848970113564161,0.4025584100473341,0.2299501210255496,0.1428209112657973,0.1861943219868425,0.1330450334464762,0.1719241778735542,0.1360495702826887
20-12-2063,0.1547091109705847,0.095034680113018,0.2674989966021078,0.3878307214472526,0.2575252048301543,0.1382371493510442,0.177354504274555,0.1324604135787931,0.1672613685454134,0.1310970901783303
27-12-2063,0.1494534234977633,0.0918222772546161,0.2514163056376414,0.369792578329579,0.279010007016227,0.1336293464421253,0.1689575555849856,0.1309091516850262,0.1605559823982898,0.1254751511856928
03-01-2064,0.1457386931490272,0.0897943021274717,0.2376056600679184,0.4132244386394311,0.2531415678910897,0.1289177574857597,0.1637549517630798,0.1241774292316859,0.1568290280795509,0.120987171151456
10-01-2064,0.1465954627913296,0.1036873574931715,0.229102545390399,0.5011962672378049,0.2370248063247411,0.1259978926412996,0.1611130324547826,0.1191609023430934,0.1689704129594378,0.1198035074840223
17-01-2064,0.127821,0.0963117654480084,0.277894,0.5183147243805377,0.2400462718953612,0.1327399858584868,0.1713167495323507,0.1162288660405705,0.1788671930971367,0.2142753487847467
24-01-2064,0.124456,0.1615318676133523,0.359259,0.4878239029934205,0.2306111484619038,0.1303857978361335,0.1673643945206888,0.1119396717148627,0.1744726646691989,0.2178419517880884
31-01-2064,0.123866,0.2118836420039121,0.33817,0.4514701314599273,0.2245605493997589,0.129046793864506,0.1655213101938753,0.1095151805864553,0.1725172637882628,0.2267118535036129
07-02-2064,0.130669,0.1713741601200848,0.304074,0.436251497869575,0.2306152997676841,0.1285619740155082,0.1653467430510319,0.1074601293741959,0.1789133862692907,0.2454052422866683
14-02-2064,0.165798,0.149066,0.3225414883797697,0.4808768579757353,0.212718,0.10694,0.3037537282742037,0.104615,0.409066613521152,0.2493825283682313
21-02-2064,0.188504,0.142459,0.3087623082194341,0.4677165105712764,0.209481,0.112033,0.3093873486084276,0.11418,0.4187357091887073,0.2575126820690909
28-02-2064,0.178064,0.141719,0.3011497446003722,0.4713309351867679,0.243891,0.132759,0.3162821219663662,0.130259,0.4504673642913495,0.2693214739639298
06-03-2064,0.169829,0.180821,0.8585128107489365,0.4976751037479609,0.334177,0.142485,0.3057110209702852,0.157778,0.4862662454167473,0.2809688845995069
13-03-2064,0.4580506674081414,0.381411923046117,1.4235925573677115,0.5551400882575633,0.430259,0.1886749880034635,0.2375947079457284,0.2627824801639062,0.179940872373739,0.4121624983793808
20-03-2064,0.4811811287445042,0.3615327126947123,1.2014171383110168,0.5939393173291164,0.555153,0.3339601877044982,0.2468675675960577,0.3793149793035648,0.1742967640739781,0.4016981359180692
27-03-2064,0.818736586738323,0.5677015418022563,2.15474342769436,0.5845208473126691,0.564544,0.5480315625143782,0.2966871178433656,0.3813539138171246,0.1710802170076761,0.3955408377320162
03-04-2064,1.3606566466002203,0.9526959041975148,2.518677826276717,0.6559581871827828,0.490313,0.616375745587013,0.4642862642015105,0.3244467656309754,0.1664683164456353,0.387648968852912
10-04-2064,1.3756554206111629,1.014599556497108,1.9189265725348368,0.6959383768359146,0.460358,0.5977905195427031,0.7338228164803258,0.4131393029615717,0.1718527422959127,0.401581210907532
17-04-2064,1.143007625665365,0.553494,1.42333,0.555925,0.440778,0.496206,0.653909,0.475022,0.17964,0.6039127822065774
24-04-2064,1.0512160588530854,0.490969,2.21169,0.633367,0.446816,0.812893,0.550324,0.413872,0.19171,0.5867006240004329
01-05-2064,0.9772629226865244,0.45838,2.64077,0.858823,0.571123,1.0636,0.651504,0.470365,0.238855,0.6631122336354788
08-05-2064,0.9718477384330412,0.52701,2.15688,0.885498,0.624228,0.875016,0.71704,0.517965,0.285708,0.8238639569838832
15-05-2064,0.417699,0.670173,1.92067,0.767753,0.8698363526116567,0.8168715495766192,0.727545870955481,0.4862530418483131,1.1272946056057136,0.141003
22-05-2064,0.5208,0.874547,1.99559,0.711021,0.7787643296891693,0.8153178806424072,0.6436467576625129,0.4543829596824499,0.9966220556233106,0.141353
29-05-2064,0.672069,1.15392,2.23871,0.688363,0.7343045564230528,0.7815785361902058,0.6286579922755041,0.5534833614623113,0.9982860143280043,0.163007
05-06-2064,0.708604,1.58199,2.27955,0.705543,0.6758198766181519,0.6903548900637768,0.6030852244383801,0.6576420572705015,0.928742027834037,0.202874
12-06-2064,0.63891,1.70081,2.33765,0.782759,0.686925094702531,0.6279596448204517,0.455328,0.6284877670256871,0.433473,0.6203544035918435
19-06-2064,0.660074,2.05071,2.26946,0.799057,0.6733468250338585,0.839178416391367,0.594645,0.5525674474480337,0.58259,0.56146122384314
26-06-2064,0.672123,2.07342,2.14358,0.725464,0.6700398205806366,0.9463017644908835,0.674612,0.48844996576201,0.493601,0.5534639205148155
03-07-2064,0.632282,1.68204,2.147,0.653004,0.6058065385430631,0.7896266454769717,0.608176,0.4647591064015296,0.456312,0.4619281354836098
10-07-2064,0.651002,1.43641,2.0871,0.594672,0.5671646904487394,0.6948227991486079,0.556708,0.4455633650811019,0.4391,0.4549444589386878
17-07-2064,1.92823477299279,1.25673,2.2668785643956824,0.7672065862781232,0.4717669317406888,0.7272990323624244,0.492788,0.3952694960299623,1.3178997784505269,0.3111288595232724
24-07-2064,1.5442568971631905,1.40852,1.949914366009492,0.6737620782684216,0.4371172741878648,0.6556057992650214,0.483695,0.3780702757810921,1.0524220051215438,0.2728880124478732
31-07-2064,1.360780344232321,1.42867,1.7262934078817174,0.6147842599899094,0.4184901609173903,0.5981318581462554,0.466598,0.3649922550862982,0.9457928443706166,0.2773923705856813
07-08-2064,1.108860005402585,1.18032,1.5233967929110055,0.5574709004412912,0.3907243719929476,0.5452669601455807,0.462573,0.3343587488360353,0.8057697199743894,0.2698640921367078
14-08-2064,0.5704295496443899,1.238999952495666,1.263885457891749,0.456233923044113,0.3372625567113152,0.4327266307714426,0.4624314311597192,0.3045901441492658,0.4729468310315135,0.3039376712588192
21-08-2064,0.4923278640837235,1.1823711727758417,1.1304282386231903,0.4410905458470341,0.3157091930079026,0.4152330966790798,0.4124825195383585,0.2788307225381745,0.406884777255417,0.2594486774894292
28-08-2064,0.4318500876091515,1.0985087606616586,1.0450327695861612,0.419070789012042,0.2891268656537243,0.3968466239736752,0.3870325735718743,0.2553251487698817,0.3498340688999269,0.2194827931421741
04-09-2064,0.3826154287946943,0.9352162679498216,0.9824407814455224,0.3887040270077702,0.2623585417667765,0.3636169547878924,0.3613707936586472,0.233375684734979,0.2985409538896791,0.1743850761116534
11-09-2064,0.3014608235124716,0.757135,0.878898,0.35692426603205,0.224026,0.3314031182536014,0.3248351887971765,0.2134237859305642,0.216335,0.1223131504893833
18-09-2064,0.2804850588823104,0.680822,0.804597,0.3463966384994653,0.212872,0.3101998526716573,0.2979079742330445,0.1999536456430592,0.202266,0.1167600516275176
25-09-2064,0.2593324893300243,0.615936,0.734209,0.3199620690935374,0.202913,0.2898232750380199,0.2762250632563507,0.1888628820491965,0.189804,0.106090313800809
02-10-2064,0.2425063338288007,0.578776,0.671775,0.2953829421951583,0.193611,0.2691384275901695,0.2563931735564626,0.1776589916147668,0.176576,0.1004462078283524
09-10-2064,0.2244307175940918,0.537597,0.610991,0.2730369446438807,0.183279,0.2489879836776198,0.2362176639406168,0.1648975497829697,0.164132,0.0945362163513817
16-10-2064,0.2175635922225505,0.5015900145449801,0.5662884636535319,0.2556759227400701,0.1741681328656774,0.2351023630893249,0.2231467692833369,0.1531449202591104,0.163126390573519,0.0876565288046278
23-10-2064,0.2045277937140917,0.4579218612296603,0.5216093394815131,0.2394164559159609,0.1634442068908559,0.2195051988741333,0.2098433504083402,0.1427689139878669,0.1537067590962922,0.0832278927942386
30-10-2064,0.1941361109461742,0.4218984209676158,0.4823946761155609,0.2255117842254984,0.1567866111952141,0.2064439737476497,0.1964558578135026,0.1341546907036829,0.1456404987234739,0.0797349050090329
06-11-2064,0.1858092870713571,0.3920984261506944,0.4462917365552392,0.213189733388795,0.1503659720802633,0.1952442313821291,0.1849535730233318,0.1265315011790063,0.1388499713131742,0.0779827149517634
13-11-2064,0.1620890851320338,0.3474430844250217,0.4072943352081414,0.200789132081024,0.1383145115089684,0.1805024468388164,0.1724821488829022,0.1188620597183976,0.1385949395113264,0.080453624086215
20-11-2064,0.1620219369003581,0.3286884495875738,0.3803152662588218,0.1903695515586681,0.1310151257317218,0.1724602942113523,0.1627814560559594,0.113119900794382,0.1411564914238132,0.0774902414354386
27-11-2064,0.1607382259992512,0.311909578449132,0.3562250269725054,0.1808405298894843,0.1245203116791327,0.1651608403482341,0.1546559511400508,0.1079448217691789,0.1362605216164193,0.0752791478730579
04-12-2064,0.1519799932606381,0.2919902165665118,0.3343930310481546,0.1725793087188308,0.1216030146000567,0.1573092993506647,0.1475387075547575,0.1066944882782611,0.1303964498637894,0.0737920039385128
11-12-2064,0.1578780821986421,0.2867482072389548,0.3203841170170223,0.1687895850580596,0.1203889719318944,0.1522229702004474,0.1420453725292448,0.1052555462128134,0.1353024586423407,0.0753666161830552
18-12-2064,0.1535797339828066,0.2725243070512242,0.3085608069558143,0.1665541941428814,0.1163915615940192,0.1462271528400055,0.136335509199435,0.0998709717391529,0.147623485834054,0.0765530542018986
25-12-2064,0.1474242307909208,0.258826134512813,0.2965735540723192,0.1626606738465206,0.1123246760140804,0.1402943749586067,0.130588505104731,0.0953974309246381,0.152310366207002,0.0743178372716956
01-01-2065,0.1431243137012764,0.2542604058562345,0.2816984863055496,0.1564264938881197,0.1083253408318197,0.1369849796134487,0.1257951596707578,0.0916421309350279,0.2669504658652626,0.0745243057303654
08-01-2065,0.144857177828266,0.2545491109645348,0.2715045664639132,0.1670123528952187,0.1055340730061675,0.1375295715738226,0.1256599163216186,0.0884861447987617,0.3633940157440122,0.0831963647009483
15-01-2065,0.1650975767177558,0.2884358405275384,0.266382861009951,0.1851500864037966,0.1122771019841995,0.1452792695392268,0.1274600106084032,0.0851978,0.258992,0.1144914474590049
22-01-2065,0.1643082642934518,0.2913975304800494,0.2580292787469702,0.1786378905278549,0.1221187950674395,0.1445180699661388,0.1245094555333521,0.138335,0.259143,0.1160011604079579
29-01-2065,0.1667254295278434,0.2839637441222645,0.2515397575683694,0.1760213798289268,0.1275290688506803,0.1427622028128685,0.1224112204315884,0.1912,0.253997,0.1221737944603831
05-02-2065,0.1724496974814217,0.2844876123388928,0.2458625781770256,0.1741464223712215,0.1236834338779665,0.1559434570456782,0.1239479365799934,0.16122,0.232904,0.1387428828200791
12-02-2065,0.1368991820933714,0.6453989653818225,0.3312220033930167,0.2799477572810899,0.1887122775277092,0.149425,0.134313,0.1472933770018253,0.292471,0.647318880278274
19-02-2065,0.1360911765256001,0.6571991884481891,0.3346684406813305,0.2868483993618146,0.2456343391167645,0.160145,0.178822,0.1405259626868823,0.338307,0.6750126890174369
26-02-2065,0.1453725685018679,0.7152982527346101,0.3483806278740437,0.2981473394240501,0.2144394039764603,0.172291,0.203852,0.1563391783871569,0.345492,0.714568880693299
05-03-2065,0.7396774485824179,0.7452407368509737,0.3522350573771444,0.2934518314858784,0.2691371095690692,0.20256,0.194607,0.2297461795138663,0.352178,0.6857663212467017
12-03-2065,1.7375266910146967,0.4864997884817629,0.3426348391262201,0.281252114766495,0.4335862156284858,0.3178247662077511,0.3067118650769176,0.3664458281482932,0.6958728494914386,0.4965744582332038
19-03-2065,1.74047447193893,0.4933474546137391,0.3548750973647094,0.3100712847970056,0.4025880458292756,0.3079940753123322,0.3252772425654924,0.5075975609452845,0.7635794127003047,0.5581273629900113
26-03-2065,1.445714271661177,1.0772416642826663,0.3717761228040178,0.3054643757027856,0.4005154039050903,0.296281749930366,0.3670916694615299,0.8403166680274078,0.7226266861374955,1.493392033035768
02-04-2065,1.2052387436043834,1.5645776590473266,0.3655672126721359,0.4026239507565994,0.3985755879989097,0.4094634842017434,0.4125000045846295,0.9734459822525168,0.7593396035331468,1.949532327453848
09-04-2065,1.0559150965212207,1.3702562517969572,0.3556436683470617,0.4832244854386887,0.4174727964073919,0.4909175725393382,0.5925805765715515,0.7790545428503801,0.8880453536940155,1.6109588166882118
16-04-2065,1.07559,0.660309,0.2893795800041924,0.341761,0.341017,0.315696,0.624765,0.6802521348930987,0.576349,0.466485
23-04-2065,1.16651,0.643928,0.2829129126481856,0.313063,0.328242,0.285301,0.540563,0.624321668635755,0.56429,0.928924
30-04-2065,1.0043,0.618495,0.3049044146816202,0.285752,0.69835,0.294883,0.497465,0.5576175190505795,0.499424,1.07171
07-05-2065,0.892843,0.577072,0.3349320342512678,0.352708,1.23378,0.372597,0.720221,0.527995335886104,0.467681,0.881097
14-05-2065,0.825644,1.0005744857407763,0.270728,0.426083,1.12878,0.4103204220704884,0.909703,0.4979047637729064,0.5527075634189922,0.827203
21-05-2065,0.770765,0.930413268520092,0.368175,0.647413,0.98446,0.5602481943136233,0.817895,0.4592101209468113,0.5504835458416354,1.86254
28-05-2065,0.731404,0.885453612769474,0.443358,0.754837,0.943661,0.673726294988633,0.697428,0.4256533213756815,0.5535242369093919,2.85015
04-06-2065,0.70416,0.8593284772307654,0.497493,0.603905,0.862232,0.568947398821654,0.626121,0.3922699981580663,0.5607189315863216,2.37258
11-06-2065,0.771437,0.8760415987678589,0.512822,0.591384,0.767619,0.4985758237780285,0.607831,0.4064984396764841,0.5939191611414829,1.82732
18-06-2065,2.254122501046669,0.523977,0.5819567431627906,0.8723615967759613,0.803146,0.7597451701620295,0.814444,0.4743898658014381,0.534686,6.285802448485062
25-06-2065,2.1239047760341547,0.58324,0.5965746872063437,0.7873266591432568,0.80714,0.6861020337303221,0.900965,0.4763562917068953,0.562151,5.661081975284096
02-07-2065,1.898521620511337,0.590426,0.508464741106563,0.6851455373941642,0.697157,0.5939733835267726,0.761534,0.420368169467012,0.526684,4.436829012031721
09-07-2065,1.7825074345921057,0.535699,0.4502692584110734,0.6163239264359474,0.61845,0.5364920634685815,0.676594,0.3793378417641971,0.476714,3.761567263069148
16-07-2065,0.596524,1.071885642751992,0.526502285916913,0.5080983727331965,0.7174140008987291,0.37818129911226,0.7601403385190126,0.3582745709456546,1.1409484773988576,1.24287
23-07-2065,0.688861,0.8994090406964335,0.4561589778357245,0.4412037599844038,0.6453208788026799,0.3459888490958601,0.654932510657562,0.3335884620329937,0.8973290893050407,1.31767
30-07-2065,0.725723,0.8081870275566976,0.4143845519379274,0.4017052145638841,0.5941664415518804,0.3289736916227146,0.5845471114316969,0.3061775281682229,0.795882033004868,1.11976
06-08-2065,0.628774,0.7027332035162337,0.3791505228852808,0.367291531203976,0.5277523041065467,0.3075605346586187,0.5240094577115827,0.2844295877434031,0.6880040913930014,0.968755
13-08-2065,0.8056799459158189,0.4524379664620552,0.3249448697435979,0.3009035244595343,0.4284306469285308,0.2478152315150991,0.4199112965866234,0.261137070702808,0.3406672963835333,1.271020816912083
20-08-2065,0.7047683476137634,0.4343452921351604,0.302573524129102,0.2801533496795411,0.3924186345253544,0.2312285804298506,0.3829678168755196,0.2407167393528541,0.3227185913768053,1.0817153109410285
27-08-2065,0.6201789717621824,0.4011080430234129,0.2811548003927128,0.261129946368518,0.3594451202405299,0.2251981629917396,0.3512117927413984,0.2221232808493449,0.3097918525579117,0.9284847396867796
03-09-2065,0.5422164390314698,0.3608057141724252,0.2562308783397964,0.2404137532533743,0.3300385650099547,0.2169268275246006,0.3289820763003812,0.2051979530470037,0.2839074463098948,0.7928908002395478
10-09-2065,0.505340518420919,0.3380291022801053,0.2440103404078666,0.4053971653366617,0.3061531758626733,0.2026464033708667,0.3107403025885634,0.1911580099207349,0.2642160931632316,0.7123250990760168
17-09-2065,0.3743344100799378,0.2892290552939467,0.2129713235654284,0.4795415226170816,0.273328,0.1894867240444468,0.2795436691880507,0.1788453844829572,0.228985,0.5457316263478632
24-09-2065,0.3438724180013562,0.2667595657908025,0.2024106460287709,0.3703740817328569,0.253323,0.1746211204984098,0.2593523043573904,0.1690834200574024,0.214158,0.4944942044606895
01-10-2065,0.3203045848473905,0.2478393251964589,0.1936054385427681,0.3194307674953944,0.235754,0.1635935365892615,0.2408876214723264,0.1587023653880794,0.200223,0.4518399283138183
08-10-2065,0.2950694838390238,0.2280790912426645,0.1808428625325419,0.2820747037120311,0.218473,0.1525921096236717,0.2224995560674137,0.1470566801953416,0.185983,0.410902799299517
15-10-2065,0.2806574767049122,0.2201560365619815,0.171735232794858,0.2601185263322699,0.2052818760435911,0.1446652513307103,0.2076229043739133,0.1402574538556399,0.1905940859903539,0.3929168780328584
22-10-2065,0.2729485563997025,0.2059377277485419,0.1622903193319421,0.238223038036429,0.1911792031218535,0.136528459439915,0.1949079132104932,0.1345293992116988,0.1784740254865253,0.3628469470696749
29-10-2065,0.2655799442098165,0.1948314305034224,0.1541072381460721,0.219593734973357,0.1864802978766846,0.1296118784192195,0.183305110687674,0.1259021790545925,0.1690416546536802,0.3373799972315405
05-11-2065,0.2501879128757699,0.1981237883800495,0.1468954056576496,0.2052140717885888,0.182172951261507,0.1236643787119644,0.172927915658837,0.1193412938729562,0.1624432401529728,0.3159973450571514
12-11-2065,0.2208479947988631,0.1851419282016178,0.1376277486938224,0.1886547400353617,0.1682992307772673,0.1132525838610493,0.162596085989156,0.1133418650697836,0.141787,0.2850059341139286
19-11-2065,0.2081442475077831,0.182848249150813,0.1323629762302039,0.1773968118309334,0.1584549404566585,0.1101511498737111,0.1552428596081971,0.1073832085379072,0.140339,0.2676644107242666
26-11-2065,0.1969595104468578,0.1752780241503771,0.1277090251241629,0.1668970179961569,0.1531749754482503,0.1084169521799471,0.1485308580791794,0.1018362585788142,0.13378,0.2522459194506086
03-12-2065,0.1873645246141963,0.1649172112663846,0.1243213478904397,0.16144168967221,0.1637932044731813,0.1047502508678806,0.1437098823966553,0.0979790762353557,0.12693,0.2396080743868615
10-12-2065,0.1886368351005556,0.1686341406119185,0.1230857833284209,0.15636996669811,0.1685136817065428,0.1009696016888298,0.1389121066879642,0.0947474707499815,0.120936,0.2216562587128032
17-12-2065,0.1871307219299854,0.1620123650278227,0.1196204681601431,0.1492200685241465,0.3287822435706904,0.0975866839946231,0.1421607984033429,0.0907179038188704,0.115686,0.2125521473743991
24-12-2065,0.1786854761382412,0.1554249730918017,0.115748470818725,0.1426720914952407,0.4330101893992717,0.0944954365163001,0.1441068061816212,0.0870559311652093,0.111133,0.2029762924454836
31-12-2065,0.1716185575579446,0.150593210789421,0.1123669408257046,0.1462382294974351,0.3288788904037933,0.0918686497498534,0.1364035714022325,0.0850176757905677,0.106957,0.1982012413059709
07-01-2066,0.1697919882702374,0.1509221009082784,0.1121686627267754,0.1520016150555076,0.2841829865377447,0.090023853370181,0.1318584999716865,0.0838426734619237,0.103803,0.1971269863552361
14-01-2066,0.1772318423890047,0.13169,0.1179688045924761,0.1576429813990587,0.2595717406063992,0.090149831369943,0.1320068866667196,0.0813811,0.1700483526573801,0.170467
21-01-2066,0.173375543787338,0.130992,0.1164642070576045,0.152406810992074,0.2643863283199436,0.0910211737128552,0.1311815183708424,0.156401,0.1755593478755174,0.172173
28-01-2066,0.1706777084275046,0.133977,0.1160185666224543,0.1493583260711002,0.2682361123852664,0.0913954456310629,0.1300331997714384,0.240945,0.1839570577095018,0.189168
04-02-2066,0.1779922475861763,0.17576,0.1194208519783542,0.1484295522517969,0.2501899488551867,0.0918861500198759,0.1290896975106933,0.217061,0.1911972794982919,0.216581
11-02-2066,0.457245,0.202736,0.1019401209163614,0.1518871767531777,0.227156,0.0855442,0.122248,0.211919,0.106168,0.3758413527072493
18-02-2066,0.705504,0.182831,0.0997237011392422,0.1503721825456155,0.216262,0.0837661,0.128777,0.198312,0.112476,0.3662023551618624
25-02-2066,0.539389,0.175052,0.1019037792861799,0.1514416278953037,0.20861,0.0821445,0.181235,0.182924,0.108626,0.3607856387528166
04-03-2066,0.525728,0.247922,0.1036592752712701,0.1951229056183801,0.369729,0.0866467,0.222364,0.58764,0.132292,0.3549420334932698
11-03-2066,0.787708,0.374467,0.1396391540649008,0.2821851682223482,0.718753,0.126361,0.345633,1.09949,0.155149,0.3767561673774835
18-03-2066,1.94298238891369,0.6191871932922304,0.3617322554211125,0.3522293066719853,0.8784733936546689,0.3216051189424421,0.5078477580047722,0.9489696243415624,1.4534014050689994,0.4447740023631701
25-03-2066,1.7034275498932336,0.5724600523598837,0.3356542241427022,0.5639183039364237,0.8119568435523496,0.4334240996184115,0.4544506449896964,1.097663863687401,1.4116789045607112,1.51981932470559
01-04-2066,1.5630696260223549,0.6553044377570523,0.3167641148097525,0.6289756307067708,0.7267136434923327,0.4963358186242463,0.4256933653468632,1.182104049085206,1.335467849214793,2.115098932824052
08-04-2066,1.452193870485639,0.922598134925934,0.2992881994787406,0.567062575546571,0.7296309659623447,0.4603333214579853,0.3989563609920404,0.9559490707423952,1.2740942307703882,1.7948325726907015
15-04-2066,1.132839406019499,0.694292,0.140772,0.614205,0.824171,0.308952,0.403996,0.811488,0.6358223326499542,1.19078
22-04-2066,1.084234948906499,0.621984,0.133966,0.703814,0.920349,0.31767,0.443837,0.714168,0.6873508881545478,1.02658
29-04-2066,1.0645954445028585,0.623994,0.169713,0.674974,1.13912,0.356395,0.386055,0.834515,0.6586737598449984,0.960526
06-05-2066,1.106445582510584,0.626579,0.20656,0.588559,1.24851,0.556054,0.419825,1.01452,0.720642060852658,0.91917
13-05-2066,0.464768,0.8026742586101514,0.189739,0.5236885845749877,1.12414,0.6836990454752002,0.5529316065834212,1.33309728009438,0.182489,2.088619871160338
20-05-2066,0.451611,0.7688391235347873,0.190378,0.5823589714581074,1.1102,0.583179185224451,0.550072556441688,1.45483345176753,0.201167,1.977551678393884
27-05-2066,0.453745,0.7379306279225027,0.192578,0.9767403405164408,1.1212,0.5621502645194164,0.4817283779841659,1.2154858552782155,0.189948,1.980352652635249
03-06-2066,0.465366,0.6912523464316542,0.253673,1.4811447825089088,1.40015,0.5564814493107387,0.4344280902559751,1.1228868033362518,0.328215,1.8551802312640548
10-06-2066,0.662992,0.6523310189084996,0.446633,1.4653104482640762,1.46887,0.4948221795823335,0.3970744975948397,1.1265920183494502,0.479769,1.7639722865928935
17-06-2066,0.903422,0.57524406544362,0.605464,1.25835,1.25176,0.7510564574973501,0.5527644012974408,1.0537225797759875,0.419253,0.610969
24-06-2066,1.11423,0.5531147860385394,0.612951,1.13524,1.26839,0.6725171424200699,0.5580950683469397,0.921294254099099,0.358638,0.582771
01-07-2066,1.12323,0.5675739196729214,0.543104,1.13495,1.24252,0.5656123256183178,0.4928385557679778,0.8202784746431159,0.327813,0.561726
08-07-2066,0.995386,0.5750170863290178,0.459964,1.08693,1.10828,0.5036088578560873,0.4453956412662394,0.7387564037222227,0.334674,0.550158
15-07-2066,0.989911,0.7433021014966172,0.5557153272586028,1.0834062589924105,1.2557497350333724,0.3860173862920226,0.3295739907180063,0.6649936722803029,0.407023,1.675712553458691
22-07-2066,0.902111,0.6594385358223753,0.5201455929848228,0.937731862653615,1.0901170368248074,0.3342398720232975,0.343374272034971,0.6072473940058174,0.419698,1.386425566708415
29-07-2066,0.814831,0.6208710065503782,0.5055787565567785,0.8377576428574641,0.9698230538472076,0.3078343403136544,0.3552706618540306,0.5602934217782237,0.356895,1.2692251069697078
05-08-2066,0.751036,0.5696855810623352,0.4349606108844093,0.7486897841593064,0.876289731839137,0.2940297438193966,0.3280016571905293,0.5147141960538841,0.309385,1.0739246978479646
12-08-2066,0.8112670045930065,0.4166710915681436,0.3268857709091105,0.6192628916197429,0.6879124004303546,0.2365098240911109,0.3055154982462358,0.4690586877017244,0.5446391371665402,0.704013631740221
19-08-2066,0.72022082080248,0.3813880190489982,0.4112167797593503,0.5615053243669271,0.8119890314433188,0.2192036070625996,0.2891640852225275,0.4693775779597119,0.4371816807590419,0.6016689757447603
26-08-2066,0.6313478010235647,0.3459819522765575,0.4738283540337389,0.5074447517680384,0.8861667718295959,0.203155921684895,0.2653956427171766,0.4696634644998498,0.3646339446035652,0.5151994423663944
02-09-2066,0.5553609540461258,0.3005186044588209,0.4062272613208678,0.4651298157819857,0.7496362666498787,0.1863543830423395,0.2427844965894516,0.4272130612635063,0.3042132220021183,0.4372814125060551
09-09-2066,0.5032225223008449,0.2825889051571509,0.3528699782986144,0.4330253658848628,0.6630361857969068,0.1759346761335188,0.2475758401263909,0.3883788660155871,0.2810143468122466,0.4041156805700426
16-09-2066,0.4282236997274974,0.214941934898815,0.342386974833364,0.4005828152028043,0.592662,0.157151,0.245047458596192,0.3568309942020928,0.188082,0.3240285316632598
23-09-2066,0.3919081013654343,0.1969965950149077,0.3110014262066579,0.3747331339933115,0.539637,0.149734,0.2251407566788986,0.3294765324749216,0.178796,0.2950661081626803
30-09-2066,0.3608680260788987,0.1844614667359413,0.292700546579259,0.3446788426857932,0.492143,0.140614,0.2089064621576662,0.30268107918169,0.164742,0.2765622570655761
07-10-2066,0.3308370060842197,0.1715033223293053,0.4136567390856485,0.3159595516781757,0.445479,0.131883,0.1913111861662566,0.2762996485788045,0.15221,0.2553527469295534
14-10-2066,0.3124586526701265,0.1623017048322233,0.4565949126956154,0.290842944949227,0.4089822056040369,0.1264242622350952,0.1778327104745078,0.253269620094555,0.141157,0.2249912605034427
21-10-2066,0.2903715984446238,0.153814511674678,0.4493212661826574,0.2704435598964997,0.3750140126960189,0.1194946113267705,0.1655207234106134,0.2347356284403675,0.132034,0.2112668835058326
28-10-2066,0.2721221751826966,0.1468424385509835,0.4422035565109272,0.2526504198937593,0.3454386955388123,0.1133679784037065,0.1552171505370313,0.2182006354645575,0.125818,0.1997813942345364
04-11-2066,0.2595947458250321,0.1402989911647881,0.3705865754201498,0.2368736217713951,0.347292976930889,0.1080159446036617,0.1463509760828507,0.2035196145251114,0.120196,0.190553401972997
11-11-2066,0.2464780252174798,0.1326631228192941,0.3245503224834657,0.2223007108419402,0.3463273303574623,0.1026350073030811,0.1405528556880994,0.1987153644364737,0.113901,0.1932148112706963
18-11-2066,0.2262232468065456,0.1217177071611139,0.2937887517427209,0.2096720083138462,0.3181053425927111,0.0978374801648385,0.1381167049258414,0.1934212214790919,0.108729,0.188082796244167
25-11-2066,0.2186612818393063,0.1162946280852737,0.2718038762478634,0.1982390521616416,0.2956056981431409,0.0948766551537301,0.1343144874670361,0.1810568749756701,0.104497,0.1777259870693278
02-12-2066,0.2163613941942782,0.1122148534470667,0.2524086894588117,0.1875779496067077,0.2751025701066067,0.0923254441517886,0.1288563830894184,0.1730326736108612,0.100294,0.1678573357015165
09-12-2066,0.2096405800409057,0.1092357364244061,0.2368233523637976,0.1783485649408578,0.2603896257756968,0.089925844960495,0.1236589942087485,0.165605202590969,0.095889,0.1605812941939461
16-12-2066,0.1971245280920167,0.107543181988318,0.2217837043738169,0.1741072785544908,0.2460955618043526,0.0940535129853582,0.1188319426492162,0.1567968771718669,0.0928571903804817,0.1643109658043775
23-12-2066,0.187984968749351,0.1036311203502938,0.2081038826349477,0.1706551457840987,0.2332797861176313,0.0982749532979212,0.1137131391359161,0.1488519240082692,0.0895743710931755,0.1576729237809032
30-12-2066,0.185526833602585,0.1008323578794116,0.2012821834175785,0.1632552630867667,0.2219880734706907,0.0926800387925749,0.1093738947826365,0.1419716322214433,0.0865374491567195,0.1539705063928659
06-01-2067,0.2032555608949376,0.1017096668015641,0.1966197691741247,0.1579056584150578,0.2126380769031363,0.0889479204674643,0.1064674272284312,0.136251085706045,0.0843066400555093,0.156884085064599
13-01-2067,0.198956,0.1067684279338453,0.1891673705088502,0.150412,0.202264,0.0936339172410891,0.1056720233485605,0.1309282509564464,0.1433501258879552,0.151232
20-01-2067,0.215078,0.1059858777412214,0.1999092968709283,0.14611,0.196069,0.0925445979246853,0.1053345687014115,0.1519269394500231,0.1489047675865085,0.17511
27-01-2067,0.227363,0.106368319960411,0.2132957421434947,0.157595,0.189351,0.0926667700737733,0.109783076535471,0.1722392339810661,0.151979256794054,0.163629
03-02-2067,0.215027,0.1077682410380091,0.2062722161297968,0.236271,0.200704,0.095243100279727,0.1120218132200112,0.1588040000294478,0.1642278534756198,0.153686
10-02-2067,0.207017,0.0794201,0.2461573843131601,0.43938,0.2639010316043827,0.0842226,0.1419768456391146,0.211346,0.104441,0.1932673636123523
17-02-2067,0.199803,0.0782233,0.2446716081367779,0.536708,0.2535510432858712,0.0864771,0.1413569668667388,0.255918,0.120484,0.1941780059378878
24-02-2067,0.220195,0.0831502,0.2478466596708738,0.534733,0.2470259186538626,0.094758,0.1418896087935579,0.22643,0.117684,0.1931533045988198
03-03-2067,0.329716,0.122546,0.2431282320436504,0.509393,0.2480242196074052,0.108256,0.1379043504036451,0.208436,0.120807,0.1988166724998641
10-03-2067,0.565336,0.24032,0.2412180791610735,0.461094,0.2533248526455772,0.113537,0.1404593509535638,0.196197,0.127414,0.2081878814833874
17-03-2067,0.9983757467979708,0.285705,0.271181655092571,0.4886966038571844,0.3093371380957343,0.1524633166386571,0.1250402107448593,0.2096234892129831,0.2999514344543443,0.1948603441751495
24-03-2067,0.8636238497671597,0.517476,0.4419751111683697,0.4568735247964909,0.3323559421997414,0.3069816497583496,0.123646268205976,0.3256491675005071,0.4227906360191901,0.2892921266813066
31-03-2067,0.8032064486660022,0.664036,0.6117146054395826,0.4904413677375825,0.3156350629084,0.4008655519334391,0.1213530138771571,0.3959966066833592,0.6216165087921511,0.3720629293387688
07-04-2067,0.8586838227578766,0.561039,0.5525790177811969,0.5136723735582034,0.3733249592870445,0.3292767196354171,0.1255762783975287,0.3409126208198965,0.6909115053561596,0.3640274134220829
14-04-2067,0.573389,0.976644569877618,0.374913,0.4918415438022571,0.375431,0.3632522170340512,0.0968471,0.306199,0.341117,0.290226
21-04-2067,0.542768,0.8999072647069659,0.40155,0.5181382456054696,0.857512,0.3381137767440333,0.116156,0.286406,0.317797,0.265748
28-04-2067,0.499821,0.8425696821840993,0.413791,0.5130755406162124,1.3709,0.3115607526368091,0.135736,0.321525,0.282295,0.454644
05-05-2067,0.479529,0.7918134594248698,0.401057,0.4835353435861793,1.22242,0.3084603168705542,0.176154,0.356064,0.29028,0.598673
12-05-2067,0.477128,0.34222,0.5137629710705665,0.5088919636706208,1.0284644151444284,0.3171684208440499,0.3004793494870899,0.3315790304587845,0.350224,1.3922025549722206
19-05-2067,0.474626,0.325148,0.47713301384664,0.4725494195388127,0.9065374970354364,0.2867464777950442,0.2560949587742146,0.3122766220583275,0.36328,1.275765158185281
26-05-2067,0.775221,0.473585,0.4519949983284779,0.4464777913666318,0.8772248556302364,0.2813005444400899,0.2343735653550466,0.3016636894762853,0.47175,1.2775958089606207
02-06-2067,1.22494,0.752077,0.4185986874369337,0.4159870206520276,0.8491831869090294,0.2719313726974264,0.2078804106825633,0.2847330161062837,0.579864,1.217812061951979
09-06-2067,1.16383,0.749885,0.3922286021534729,0.3934389497902967,0.8000237044796408,0.2993203706626588,0.1953342160763583,0.2663905949471824,0.610274,1.1612818843478507
16-06-2067,1.16304,0.6466412997608606,0.3223436388342391,0.297407867318314,0.7543251241827356,0.2381770710485673,0.2199159150414087,0.4025471667298421,0.602521,0.438724
23-06-2067,1.34408,0.557263989274167,0.3664606725326322,0.832854443968641,0.6973029341854234,0.2470191177339881,0.2060074231229616,0.5025286761248521,0.879229,0.514719
30-06-2067,1.32341,0.5183550220566362,0.3756121679577766,1.2322030935551969,0.7277083791584962,0.2694197968030322,0.1879976628141607,0.4161356103652514,1.08592,0.612122
07-07-2067,1.25752,0.5305123098650824,0.3415386861974169,0.9063901336999276,0.7332647271200565,0.259234309305455,0.1876924111073543,0.3663950952635382,0.969368,0.62251
14-07-2067,2.247692406575192,0.512708,0.3504021469322525,0.8165933958178127,0.7788106226760937,0.290001151795821,0.1443459566788745,0.3288334763743453,0.992192,1.4436922652923652
21-07-2067,1.948575248751984,0.579259,0.3237536241647866,0.6930375556238523,0.6767064021630734,0.2516255789547045,0.1330969155302422,0.2956816182144491,0.966576,1.178415109713625
28-07-2067,1.7489794196663353,0.587966,0.3034235782489527,0.6090098718573842,0.609971261632203,0.2314707765283409,0.1302221202151669,0.2688741988186661,0.822241,1.0834685781162368
04-08-2067,1.4810822164690929,0.496757,0.2781649161966337,0.5575186590201832,0.5496232799514509,0.2117445262365032,0.1383022013043107,0.248131888971541,0.695714,0.9454331137628158
11-08-2067,1.2468927582483018,0.436252,0.2571479896778129,0.5145761774901204,0.5009178798131059,0.1957162698285505,0.1691569986349701,0.2300088131142761,0.609813,0.8078410533336168
18-08-2067,0.9669015827871514,0.5008605621043725,0.2394632842251307,0.4562026459552808,0.4370274486455597,0.1629862751493457,0.2628842570165895,0.2301890091553126,0.8511628583244358,0.5183119580061829
25-08-2067,0.8239214460321219,0.4611737665781424,0.2204648145682469,0.414619042129612,0.3994975493956737,0.1506991138989014,0.3306991449137145,0.2283246676157236,0.7462383891646205,0.448911803588804
01-09-2067,0.7149477387232248,0.3995002665163979,0.2014827635146776,0.3757858732400439,0.3642045689378872,0.1368927213643989,0.2650553467403093,0.2082178556996465,0.6138728681768182,0.3789119624724809
08-09-2067,0.749365799726469,0.3638733198102212,0.1922290539982675,0.3494993276775165,0.3394572074673688,0.1319965252153876,0.2276467114381204,0.191279298762302,0.5400620274907584,0.350493291031218
15-09-2067,0.7376518345044044,0.2913514878374022,0.1724588354367396,0.3185165933900736,0.289546,0.1192517993620414,0.1982381324821433,0.1760987283674163,0.3936836411768641,0.2338173212555618
22-09-2067,0.635647914454166,0.2697903328622399,0.1610288574172879,0.3012190313268708,0.27177,0.1129245661291258,0.1744729908374767,0.1636105830910242,0.3545894037536584,0.2181150017385984
29-09-2067,0.5864039175768622,0.2511947690221823,0.1512254024590489,0.277221475536557,0.266406,0.115695589126016,0.1569133542985625,0.1522829384348964,0.3230812470850678,0.2030167286428963
06-10-2067,0.5366527764094295,0.2293811029821362,0.1427593507699169,0.2541712293757374,0.257541,0.1145751258025411,0.1407978466136098,0.1414932652760167,0.2932612195070644,0.1877140963913363
13-10-2067,0.4192515171014691,0.2179880589371273,0.1351385916816964,0.2349908969894261,0.2405571249055619,0.1051493363298738,0.1282244045147935,0.1320310535691485,0.2762804133684635,0.1896433211288005
20-10-2067,0.3837653165993414,0.2048275348702193,0.1311752631538576,0.2186926317879142,0.2244157912755181,0.0982442804104176,0.1183860361240929,0.1273342551227638,0.2559721437262978,0.1787031444693103
27-10-2067,0.3549908058534951,0.2041681929356478,0.1278637089250724,0.208160032222037,0.2109878553896829,0.0926163237728866,0.1104672114593068,0.1227328789508087,0.2405433756597532,0.1701947268087867
03-11-2067,0.3303195180107573,0.2000695759126349,0.1212401238920043,0.1998374177693013,0.1988678405846428,0.087954943197571,0.1038387939525198,0.1153582417469625,0.2281694945158134,0.1631236337611222
10-11-2067,0.3080284592335333,0.1926292449137782,0.1148873533451854,0.1884365000617057,0.1871611377157988,0.0835708468106065,0.0977839073510536,0.1089953770651808,0.2141640527404919,0.1540812204214972
17-11-2067,0.2811640414648031,0.1818044045379638,0.1099739128930993,0.1771275227021118,0.173693,0.0805242554271813,0.0939534246600607,0.1053900983858584,0.183558,0.159630634499218
24-11-2067,0.2643032939766846,0.1698776500056103,0.1062667505182239,0.1671663977171529,0.164458,0.079117290345003,0.0912579444354372,0.1022098282002691,0.179695,0.1527512239028237
01-12-2067,0.2492879016213719,0.1620039246342687,0.1023806126809672,0.1611940248794197,0.159752,0.0764812873746337,0.0899534547326159,0.0975885212529603,0.177117,0.198411753150259
08-12-2067,0.23590774201646,0.1553163019433243,0.099135890607245,0.1618521128851765,0.155449,0.0735947348162317,0.0905222250077676,0.0940495469890555,0.168134,0.2399669400072424
15-12-2067,0.2386604173723854,0.1546430094214515,0.0989726547929106,0.1610469991966424,0.1535592768376672,0.0719458420219598,0.0883711346964073,0.0935143872602995,0.1863031922804761,0.1866348995390388
22-12-2067,0.2329759459355694,0.1478291001608799,0.0981566047062994,0.1540610894051445,0.1496937369494462,0.0695233610714383,0.0843003711997607,0.0920063037522209,0.1772954434676123,0.1708458649487605
29-12-2067,0.2225760514627018,0.1434027876639313,0.1012067897093002,0.1473350812368079,0.1438221365190423,0.0680479457956645,0.0810985342378061,0.0880567681350179,0.1708356335264988,0.1622958166203749
05-01-2068,0.2184735089967344,0.1622454352014023,0.1036028661798078,0.1428055207096636,0.139931065528193,0.0678068218088361,0.0788617182399305,0.0864251632917269,0.174004515166065,0.1626731282453643
12-01-2068,0.232187767638446,0.1620367527010485,0.1007078593523318,0.153218568086224,0.132637,0.0624486,0.0833970116637604,0.0849655099138501,0.280738,0.1511151583203058
19-01-2068,0.2281041476722726,0.1520196385919846,0.0974070635491573,0.1559471906600713,0.129105,0.0774882,0.0848675466250877,0.0862719709716968,0.404118,0.1477403584726918
26-01-2068,0.2378961386526095,0.1651662294940087,0.095151502139322,0.15195854441657,0.12791,0.104573,0.0826194968111138,0.0878172270919219,0.318379,0.1456642756083233
02-02-2068,0.2500068425785387,0.1776902926251697,0.0944245919449597,0.1497647329035845,0.151133,0.135727,0.0824275204324521,0.0850685911940828,0.305557,0.1557209434010603
09-02-2068,0.2456700826028442,0.1682624351320773,0.0933445016720178,0.1457471772909667,0.181011,0.146374,0.0821661149162944,0.0825201878145491,0.305857,0.1636375792438386
16-02-2068,0.19485,0.151513,0.121702317388902,0.133316,0.222316,0.162765,0.0807118,0.080332592636418,0.283707,0.125652
23-02-2068,0.190245,0.155176,0.1375505343950027,0.141058,0.32241,0.174961,0.102687,0.092235509069619,0.35219,0.122468
01-03-2068,0.191256,0.304037,0.1498799529985506,0.137936,0.366428,0.153323,0.111061,0.106167282628193,0.56533,0.154179
08-03-2068,0.659379,0.428806,0.1471478256530215,0.644736,0.33509,0.140499,0.102134,0.1312241746155069,0.637148,0.18322
15-03-2068,2.132006295045816,0.7222451415667306,0.1784308390165281,1.118472626378286,0.400962506731938,0.1874281160183952,0.1450798890824656,0.151694233782321,1.2342710085203858,0.3109992817494033
22-03-2068,1.8413522115808467,0.9432207264755204,0.1867528749518131,0.8329305834172938,0.4989187599517056,1.1518161112511809,0.1500963835785271,0.1423295403691554,1.1517052918398147,0.6353009866031034
29-03-2068,1.6489712553396825,0.9841051397567504,0.2934590201687138,0.8666646809057188,0.6226492049545735,1.9238626671995087,0.1528953743032665,0.1573682518943704,1.1170790895347325,0.8317836615542517
05-04-2068,1.8179379827927007,0.8675966737998193,0.3775859073891163,0.8689296620837302,0.5836418325205782,1.5424794105558772,0.147366012089127,0.1632107543489551,1.299986830080977,0.693040315113822
12-04-2068,0.908195,0.518755,0.229685,0.657032,0.514935,1.33924,0.0980589,0.1804375242710476,0.810368,0.460961
19-04-2068,0.765609,1.24355,0.201561,0.825243,0.555017,1.20158,0.0953254,0.1927386529692064,0.877154,0.581777
26-04-2068,0.779862,2.31201,0.252652,1.21712,1.09327,1.00157,0.224798,0.1721201609732174,0.758288,0.60864
03-05-2068,1.22218,2.11312,0.295398,1.26211,1.41518,0.931535,0.396101,0.1581413491005719,0.720312,0.550312
10-05-2068,1.48804,1.58615,0.301168,1.05743,1.07516,0.871628,0.43607,0.1474230530978015,0.670974,0.529192
17-05-2068,1.31422,1.96862,0.311667,0.964996188469779,0.9569287498135204,1.19808,0.4616155336257074,0.1396118324931027,0.614666,1.8178787897146944
24-05-2068,1.2449,2.31322,0.436083,0.867592578862059,0.8600003207551696,2.38304,0.4085017728846705,0.1427981462326903,0.62706,1.9374802287956885
31-05-2068,1.17546,1.95606,0.564233,0.7949064023677445,0.8102116897489613,2.66965,0.4291665585312605,0.1436016601593934,0.655129,2.152163484675357
07-06-2068,1.55014,1.6287,0.504326,0.730414098084033,0.7742242140930059,2.2342,0.4480690881598926,0.1470452417987379,0.636289,2.3491382733508326
14-06-2068,1.97181,1.42851,0.6876181754184089,0.617953828575935,0.9542650596254186,2.14166,0.4920036782845652,0.1482010759225861,0.591802,1.5746271299303052
21-06-2068,1.74578,1.55198,0.6304001771879011,0.8015767396603664,0.8529816828149708,1.92749,0.4488826945798341,0.1373365458286541,0.599416,1.3869595532993548
28-06-2068,1.47339,1.71515,0.522268964365648,1.3077194261671905,0.7523633552970099,1.64849,0.3909987260840355,0.1302900455007537,0.604661,1.2303467286844203
05-07-2068,1.29648,1.62476,0.4651033704129266,1.388538648958792,0.6873535177313368,1.45514,0.3592544524018214,0.1324451649070861,0.575456,1.1751471926710946
12-07-2068,1.7327607757710215,2.0948676666959294,0.3261167558531475,1.1782924310260172,0.5533066261587997,1.4023181717673527,0.3042300020828861,0.1316156447229693,0.9775249564090432,1.1646691806458531
19-07-2068,1.489912793687662,1.8076255547586464,0.3020832307461982,0.9965164505451958,0.534992171518858,1.2754042840137356,0.2815064411341785,0.1241504164291087,0.8364565928814593,0.97865641586156
26-07-2068,1.3228961847988117,1.6041642728236831,0.2828580727611998,0.8799475726585106,0.5174217865938008,1.1688494841757842,0.2664270935153593,0.1194214965120263,0.7882224195274611,0.9034088128672528
02-08-2068,1.1639997216475853,1.395427001444679,0.259664738148523,0.7860414079591678,0.4931122119320514,1.064678895953533,0.2420343985047147,0.1225362520897103,0.7055610752158503,0.792532865240964
09-08-2068,1.0676669589636087,1.2130337593891027,0.2423889112583106,0.7064942096534749,0.4713134628440421,0.9756588933728448,0.2240513273712109,0.1219090566705277,0.6324468060850936,0.7152407308794033
16-08-2068,0.9657048287291092,1.0452281086374131,0.2238699142355913,0.6358775514532897,0.4121795580503828,0.8801532530979898,0.2136863749159773,0.1124092776124584,0.5608993021177027,0.5320413638801482
23-08-2068,0.8514144453022696,0.9219993008825292,0.2056314531742105,0.5747229678173573,0.3819431114008525,0.8414024900464988,0.2100773361408704,0.1046293668612776,0.4929342314695161,0.4759129876587503
30-08-2068,0.7488482162492947,0.8306557150770526,0.1879903268709007,0.517310798129403,0.3471146947089301,0.8260176479535529,0.1877489951183997,0.0980202278774658,0.4121177750941899,0.4165290259908997
06-09-2068,0.6833893252491486,0.760986521868002,0.1767006598112917,0.4760658325257656,0.3204754113963673,0.7665534659443192,0.1724728711383235,0.0922092612822524,0.3781677290812623,0.37760337056221
13-09-2068,0.5303804669793849,0.7009950705749373,0.1603824704035789,0.4259962382913709,0.2823368963785161,0.6754281718822019,0.1548555702630635,0.0873401752293692,0.270969969793302,0.2563441189910475
20-09-2068,0.4851659078720518,0.6430051154028802,0.1502126117954472,0.3887509573827207,0.2638969101777845,0.6153620068054744,0.1460676424457588,0.0829166836226082,0.2502346362230888,0.2354324181227092
27-09-2068,0.4478785336121135,0.6766240721500412,0.1410443782424384,0.35688108561836,0.2465611216153236,0.5582057432078055,0.1373268017262805,0.0785891475264588,0.232737706577968,0.2179018822417039
04-10-2068,0.4126936783279349,0.6667260849610191,0.1314080123940808,0.3266450333253998,0.2280960686616022,0.5044960387057473,0.1280835056675199,0.0742073534830607,0.2154129794262776,0.2010208439610303
11-10-2068,0.388830007476443,0.5351971940946177,0.1235196993901551,0.3025143244686056,0.227495101239458,0.4608394418801795,0.1199384780459266,0.0701487666813971,0.2060810198623512,0.189839416756941
18-10-2068,0.3614408965882982,0.4861191049858221,0.1163211832034446,0.2827032545545926,0.2317971364957914,0.4216701690403731,0.1121217021156269,0.0668056675001922,0.1930556082574039,0.1779319017167137
25-10-2068,0.3379017240849894,0.4464964243002026,0.1100305151423312,0.2629506996675734,0.2184034847909136,0.3884547515496733,0.1052797844243784,0.0639118307236174,0.1841489842405663,0.1675499679391686
01-11-2068,0.3175771421708928,0.4127860004703735,0.1044963048063726,0.2458305703091279,0.2038603462047341,0.3592338621857143,0.108708054620917,0.0612577122194419,0.1768395206468893,0.1588480887646923
08-11-2068,0.286708416453841,0.423114489402628,0.0988441686424797,0.2282455824181881,0.1910041426671939,0.3305950385068046,0.1100630109477645,0.0587476485706449,0.157239,0.142607
15-11-2068,0.2697364991208478,0.4234043914024447,0.0945758204161123,0.2147958170664187,0.179000232561033,0.3078289312369417,0.1019565100762687,0.0565856111353268,0.149372,0.135178
22-11-2068,0.2541094712597019,0.3921978795432415,0.090571215587811,0.2029490259675137,0.1768715098702071,0.2872461511944054,0.0958632416086054,0.0546866853880569,0.144442,0.128718
29-11-2068,0.2412155142193973,0.3680700590041482,0.0867649117975781,0.1921808907635029,0.1800096426190833,0.2761201745571632,0.0960591513983316,0.0542641685264813,0.139691,0.122874
06-12-2068,0.254304399537716,0.3578434212142405,0.0844561300320232,0.1837236742039603,0.174725093365906,0.2711641539525565,0.0961402137032877,0.0538735880773842,0.1449184710555019,0.1536248137199118
13-12-2068,0.2577743343294932,0.3539770977814679,0.0817160886709688,0.1763838030800132,0.164362015211037,0.2553997289959074,0.0910805691448762,0.0520805397651734,0.140536902330561,0.1663553971140245
20-12-2068,0.2577597276865507,0.3492624283216475,0.0788920832839076,0.1702606320439381,0.1561117893751172,0.2407013621553879,0.0868081290798707,0.0505528403179847,0.1347552091333195,0.1699798677373419
27-12-2068,0.2460125276539295,0.4581914250043504,0.076419553458062,0.1637241113973453,0.1502069440425613,0.2289299007346595,0.0831499443050238,0.0493670998992892,0.1302885008236056,0.1623292587745348
03-01-2069,0.2757727433134737,0.5210560810338093,0.0775775365240935,0.1556348954438016,0.1540654935022706,0.2173406512457847,0.0820154022812207,0.0488106649232955,0.113342,0.1575498477738054
10-01-2069,0.2828019475051899,0.4646197763204169,0.0905058110753885,0.2113675951847125,0.1537319895621243,0.2096727270372722,0.0828700207855361,0.0481660765207489,0.117394,0.1669128365910704
17-01-2069,0.2794372324520786,0.4241995995726962,0.0989946319153518,0.2855031406869531,0.1486434134992443,0.2022550336785326,0.0817849928467512,0.0475035304619733,0.120854,0.1676173194865635
24-01-2069,0.2798067720164932,0.3975939805958878,0.0928143566608866,0.2632674938498091,0.1450338799317842,0.1958864535904537,0.0796594197480611,0.047025242284009,0.12209,0.1711918433986274
31-01-2069,0.2841253662927877,0.3792281689422753,0.095055535012043,0.2358151103690008,0.1514297078701025,0.1985273816491228,0.0789497379854131,0.0500470701357361,0.124132,0.1790961852274989
07-02-2069,0.8212318404767766,0.330307,0.1071176014978088,0.2970384933323561,0.150358,0.2387163538965396,0.1017650051299989,0.0527477521380225,0.3633962992253347,0.456842
14-02-2069,0.8479283059095911,0.341493,0.1164749106714576,0.3348474907766796,0.188836,0.2415204705800027,0.1018391780757433,0.0534372241349512,0.3660701045556109,0.738388
21-02-2069,0.8788190630188788,0.418811,0.1402998126258547,0.3033553317209628,0.22481,0.2401807671292509,0.1023867237469857,0.0541203314762309,0.3741084152988604,0.530725
28-02-2069,0.8671102109879236,0.454477,0.1489171506140425,0.3001593927960822,0.347005,0.2448936429583357,0.0988117779755407,0.0689060630501548,0.3642070209017119,0.601798
07-03-2069,0.8638365508611497,0.5793436970691466,0.1448719804828117,0.3514575517721784,0.5151115924354143,0.2504223443697288,0.0922610304008048,0.0996204038578424,0.6955947064834691,0.933989990840173
14-03-2069,0.9423308005392016,0.5967020267047788,0.1593245235728791,0.3761235881663642,0.6655109414969083,0.2711250219337737,0.0913259307894792,0.1239533912562711,0.7161680181853128,0.9105439390051406
21-03-2069,1.0833711006319475,1.2526838115517722,0.174019531033388,0.3894121468919431,0.7345551322209566,0.389664023569742,0.3752271556304827,0.3489916124173684,0.755943677513726,0.963222567441441
28-03-2069,1.1405749890637749,1.6298507506558282,0.1651256333521764,0.3646600150847611,0.6074787508308139,0.4604897324164635,0.6174292230896075,0.4918061226165158,0.7558368252444683,0.9279300795303876
04-04-2069,0.297224,1.0309,0.1527147854119284,0.283956,0.548455144364269,0.346094,0.408725,0.4102311846379542,0.116286,0.564228
11-04-2069,0.279514,0.894933,0.1582563831928123,0.310139,0.5478208620149494,0.33885,0.454061,0.3804847427388426,0.127322,0.534318
18-04-2069,0.257218,0.974226,0.1617725287621196,0.363647,0.5397323002462044,0.327348,0.486571,0.3396973158081507,0.137718,0.929042
25-04-2069,0.269124,1.15639,0.1653101943348041,0.416499,0.4974607198055912,0.418656,0.468661,0.3240330800296849,0.149764,1.20093
02-05-2069,0.279041,1.17299,0.1704597577106525,0.430192,0.4697126500846991,0.490838,0.457431,0.3184278567462208,0.183933,1.00422
09-05-2069,0.26201,1.5656032447450516,0.1658704623255979,0.4177424256856841,0.4060506736885612,0.5689546771308426,0.4918495467930544,0.2887835244722903,0.8377825743472653,0.966817
16-05-2069,0.249156,1.5004547755789968,0.1681931975279224,0.4219370381873403,0.3791410895497651,0.5084176383316287,0.4434908275410923,0.2918743299653884,0.8235314431430769,0.984374
23-05-2069,0.259361,1.4145896967158895,0.1646576262501664,0.6022798108171493,0.3799315611281131,0.4703043588659537,0.4064288861720876,0.2991509604799509,1.006085625099801,0.926191
30-05-2069,0.277417,1.3103117292502402,0.154319639409905,0.8379022469616232,0.526226656831573,0.433790887225733,0.3732283399174098,0.4502078838290074,1.078003649041586,0.846893
06-06-2069,0.312099,1.286719724362458,0.1712494399202275,0.9121480311329122,0.766988297699067,0.3345131569205952,0.3504015204135951,0.5730921355183668,0.436448,0.783475
13-06-2069,0.369545,1.2582132086315128,0.1651232353263106,0.8639319415532389,0.6916168379554752,0.314382338642874,0.3153892699470507,0.5571908633521021,0.475292,0.799798
20-06-2069,0.378752,1.191808198604411,0.1575153101742501,0.7456541308970185,0.6427164510240417,0.3192062910259616,0.2881689753516844,0.5130156865324775,0.37768,0.800606
27-06-2069,0.346281,1.0920169676743812,0.1666920049844784,0.6423933099862523,0.572835470164512,0.3481299710761379,0.2677403451138453,0.5380933896294886,0.32651,0.715735
04-07-2069,0.317625,1.0315538344248791,0.1783018547409891,0.589909420233495,0.5276541254521141,0.3431941108339166,0.2551696433105174,0.5575893039678168,0.295274,0.683457
11-07-2069,0.759924583299475,1.0016338178666613,0.1625782500860306,0.5832849466881396,0.489109771347778,0.3644698414178859,0.2270968729617713,0.469146,0.3159016425672998,0.650089
18-07-2069,0.6454413175316881,0.8858422118911851,0.1448053691524351,0.53979544092979,0.4516796321673026,0.3698411040411081,0.2086234060698066,0.401154,0.2832557667671257,0.587842
25-07-2069,0.6067924616309618,0.8174272027276552,0.1374956226526796,0.5052712202938864,0.4072040886322766,0.3747820917337629,0.1946794454828351,0.351128,0.261739435154912,0.537013
01-08-2069,0.557726574230631,0.736414714173791,0.1295081677112936,0.4724245925995992,0.3729606230018673,0.3371740552968351,0.1888192112617049,0.332897,0.2675160491978914,0.570395
08-08-2069,0.4034251478231912,0.6418840307045417,0.1168498316908417,0.4282852376416249,0.3034782772425943,0.2775036177525269,0.1737557999771974,0.32932,0.6217649126694873,0.7032391607818528
15-08-2069,0.4048177549485273,0.6413917221194043,0.1129509059050812,0.3898120839103128,0.2898501238363734,0.2555290186009498,0.1634471038434087,0.3076,0.5362295493950222,0.6196703568182351
22-08-2069,0.3487382376631546,0.6374942447924401,0.1056518106046962,0.356210711779762,0.2765264207220509,0.2367948250068277,0.1603899640912139,0.277039,0.4523156203838457,0.5517968737444524
29-08-2069,0.3004667811644383,0.5514518317887525,0.1031045508304982,0.3260323637530292,0.2541812202304462,0.2181273589948485,0.1553347503977138,0.248513,0.3412738335910771,0.482931655043904
05-09-2069,0.2302721729290722,0.4330332571805385,0.1035260424019074,0.30594691112388,0.2320630820126974,0.1967087927223782,0.1443945380323799,0.224426,0.1854233823960419,0.4108774834828854
12-09-2069,0.228923032096583,0.4001752247859331,0.1012266618854069,0.3181239345257917,0.2163777092591476,0.1851034517676001,0.1349206475233157,0.209205,0.1716317372992978,0.3726600297554963
19-09-2069,0.2249195179430682,0.365255486188518,0.2488217347205226,0.3181065711008518,0.2010826689475158,0.1732280142137224,0.127000525014549,0.196698,0.1569801350899013,0.3377505413210755
26-09-2069,0.20637498331284,0.3368471417268749,0.3309410114567954,0.3151221472574483,0.1876848634212908,0.1621980864940802,0.1204497000240898,0.180519,0.1459357217774395,0.3114338008616329
03-10-2069,0.1897241553238349,0.3087549672339807,0.2263409916632613,0.3045229844484057,0.174437581343867,0.1516594291203686,0.1129927557430055,0.164601,0.1351159497134907,0.2859433471797647
10-10-2069,0.2166794315272616,0.3034005334455389,0.2051260901492584,0.2670892495884875,0.164881747692153,0.1442747079768339,0.1057912605845435,0.150928,0.1519454324463775,0.2898840310571803
17-10-2069,0.2419322476455074,0.2914629297124097,0.1950578119698948,0.2442885731511071,0.1544991761933866,0.1372329612986732,0.0994334072343736,0.139679,0.1427678346822672,0.2827216694726592
24-10-2069,0.237469601246912,0.2721525277537379,0.1678352658718305,0.2322960318474077,0.1456150135734591,0.1299612568408728,0.0940943616096048,0.130547,0.1369016758115784,0.2644825502542631
31-10-2069,0.225157024535092,0.2566579936283555,0.1495728131212284,0.2213200676731239,0.1381868293825732,0.1235428329360824,0.0892721510779653,0.124403,0.1342109213479101,0.2491179945171037
07-11-2069,0.2003798103848422,0.2309338280753562,0.143765721883497,0.204774285795979,0.128272201645819,0.1163755607720398,0.0903622229981842,0.118131,0.1641046146404462,0.2174703318906179
14-11-2069,0.1928437488109408,0.2230540013500961,0.1430523125478794,0.1954127445513235,0.1220725247333253,0.1109412232769833,0.0916375521464738,0.111205,0.1875872950601272,0.2047630571628819
21-11-2069,0.1859488219333793,0.2153802912485415,0.1338009211655362,0.1878452420957544,0.1162841533634576,0.106231853806097,0.086291844118487,0.105156,0.1696500348436772,0.1933006795274108
28-11-2069,0.1737148177519497,0.2038430783279959,0.1233283595152122,0.1773449165913361,0.1114073295148756,0.1025201342531361,0.0816205606438245,0.0996242,0.1674986430853585,0.1832914676018942
05-12-2069,0.1636073597940212,0.1916783661864741,0.1150866234239716,0.1703968085958984,0.1080440859715399,0.1004242606294361,0.0777510538401342,0.0946857,0.1445374548925596,0.1844523568446932
12-12-2069,0.1561731685364277,0.183767525238321,0.1140477463513541,0.1637605655548928,0.1041026908714949,0.097175601829802,0.0744588231220781,0.0901014,0.1404373115965037,0.1782584731797511
19-12-2069,0.1492701414491296,0.175994916325908,0.1126908039694211,0.1554300734446884,0.1002745957773407,0.0938102566715617,0.0718323189156899,0.086074,0.131822355939788,0.1705485102694626
26-12-2069,0.1434162147969677,0.1695079634966713,0.1058697935905979,0.1483676406469519,0.0970650431630364,0.0908367641261816,0.0695171521041168,0.0826267,0.1264041947568732,0.1648926832722154
02-01-2070,0.1403668746617359,0.1657781229883376,0.101272000857148,0.1430843037489427,0.094828056195309,0.0891631426702752,0.0676140017106661,0.079627,0.1300973619781016,0.1660160178590128
09-01-2070,0.185736,0.1568272431551108,0.1008658961429411,0.1386596725446108,0.1014266726845665,0.0940098204401906,0.0671430317098684,0.0768818,0.0958457,0.145941
16-01-2070,0.25352,0.2074553792315453,0.0975127102112889,0.1345817611946485,0.1007431429036092,0.0926582562439933,0.0653119362501389,0.0882077,0.179352,0.161671
23-01-2070,0.229804,0.2551906067008063,0.0949567960340365,0.1311997365422992,0.1013000906376064,0.0920022486732111,0.063804766562634,0.0993701,0.25612,0.159419
30-01-2070,0.219602,0.2238170359747345,0.0927692952607135,0.1307101294454501,0.1014304688016965,0.0923472126155511,0.0685442173349258,0.0914745,0.208447,0.161336
06-02-2070,0.7762203089987662,0.199653,0.1809785932913597,0.1855707965286202,0.0867618,0.0883657102022223,0.0787411244838222,0.087172,0.5280073326810644,0.2369961196764387
13-02-2070,0.7712923338374513,0.201225,0.2691697768638992,0.2322248814004292,0.0879372,0.0935642317186909,0.0764979094900641,0.0976172,0.5194316283118514,0.2373874596791078
20-02-2070,0.7849099958856843,0.228918,0.2378225226887125,0.2180969559696915,0.0858807,0.0987593718835942,0.074790798007219,0.112362,0.5179365926291124,0.325231966522558
27-02-2070,0.7637759215229033,0.320294,0.2250115569194345,0.2097308735553378,0.0952131,0.0955939437147587,0.0727088866391556,0.267815,0.4978438694694812,0.390000251561539
06-03-2070,0.2897137904133789,0.6591628557688682,0.2246449685522151,0.2273223551590669,0.1718025936969729,0.1306312979960385,0.0707869282666935,0.547725,0.21194,0.9320861876956034
13-03-2070,0.3080207794451378,0.6625559132347947,0.2091843792024576,0.2194100770430601,0.1842471088517849,0.1285988433318887,0.1235375367956002,0.53898,0.373214,1.0085634533747003
20-03-2070,0.3578686649643545,0.9852586596758371,0.522870975677246,0.230038981120106,0.2482379958469047,0.1365062764556067,0.1824454292815201,1.03558,0.500563,1.344388286372299
27-03-2070,0.3766549661762738,1.1816119656941182,0.8128500035103878,0.2632992978324708,0.2876883491938052,0.141781060337081,0.2397238271732956,1.34335,0.479335,1.5515823298363478
03-04-2070,0.3865154707898655,1.1376543852854055,0.6634817927810449,0.2860398227597153,0.4279914599647252,0.2254537193897519,0.3360722147642048,1.01967,0.43955,1.4932054365343634
10-04-2070,0.255798,0.875445,0.5396516022614298,0.2588451056800075,0.516665,0.253975,0.39937,0.837957,0.433949,0.641741
17-04-2070,0.240513,0.862059,0.4684016124348062,0.258143425591638,0.457842,0.231841,0.391582,0.80467,0.422663,0.633318
24-04-2070,0.229524,1.05279,0.4237900160323062,0.2629621522152971,0.523271,0.207899,0.446795,0.820345,0.44261,1.3973
01-05-2070,0.262442,1.09233,0.3960183715688468,0.2581729351146032,0.565854,0.404176,0.636916,1.09971,0.474254,2.00349
08-05-2070,0.299875,0.949971,0.490627,0.232349,0.503074,0.6714289576588962,0.6808186190077317,1.25607,0.454592,1.6275
15-05-2070,0.375159,1.01636,0.589192,0.259982,0.527741,0.603850730016569,0.5569900358381805,1.07272,0.441221,1.37076
22-05-2070,0.448903,1.12791,0.516632,0.322028,0.732709,0.4774041635870815,0.4784025972245991,0.937683,0.910363,1.35913
29-05-2070,0.415255,1.31211,0.462138,0.334256,0.97746,0.4529884138286058,0.4207390310624777,1.17351,1.18594,1.35585
05-06-2070,1.1543348029103426,1.35106,0.490373,0.303961,1.2136602237121463,0.861167,0.3578122367470998,2.12974,2.489692843373679,1.25673
12-06-2070,1.0973463511557209,1.301,0.502604,0.430994,1.0785223889681854,1.04686,0.4112490765512583,2.90275,2.1967220847196973,1.6057
19-06-2070,1.073054306988014,1.23178,0.441415,0.626582,0.9932039059212509,0.787336,0.4468340581458694,2.55305,2.039778059369066,1.89832
26-06-2070,0.8897687131621448,1.06375,0.433054,0.583496,0.8320137890284021,0.679554,0.3830612848337865,1.96997,1.7281211358571449,1.67982
03-07-2070,0.8740485705415335,0.977645,0.427703,0.47048,0.7388717045596619,0.6014,0.3389475002837123,1.71394,1.573092196172278,1.466
10-07-2070,0.5875483664732082,1.3732417269938115,0.4271046294045587,0.4491453129630733,0.5979623364247115,0.5870138875236772,0.3087062131975665,1.51752,1.2074833672942002,1.6486051924630514
17-07-2070,0.4857555890693964,1.1654289250327832,0.3985783138255746,0.3876564977876149,0.5467613260153834,0.5640641048930333,0.287285310252926,1.30999,0.9885467803698136,1.4166362948714386
24-07-2070,0.4430886128810153,1.0298886712078548,0.3757432915227608,0.3471527745374471,0.503806696221334,0.495668240117933,0.2720452509276211,1.1531,0.9013458463903946,1.278389440460818
31-07-2070,0.4371783259330729,0.9116291991956368,0.3415803375749111,0.3182549413179211,0.4641100170473602,0.4441380909808762,0.2729570307911675,1.03118,0.791327445934465,1.1551165841291091
07-08-2070,0.3240977543288494,0.6727667167962461,0.3241522309152432,0.2855898406164006,0.4099236138416346,0.4123479120534595,0.2659892492490237,0.934427,0.4776134466221104,1.0294378618703235
14-08-2070,0.2923109646273867,0.6228934276956054,0.3167383409416192,0.3137384889201186,0.3682978351405441,0.3715289486647642,0.2482045485460348,0.84618,0.465891928361356,0.9035512668934176
21-08-2070,0.264371788370156,0.5651919882798087,0.2853048746082601,0.3262449670027547,0.3352147847971529,0.3373911626971121,0.2311344329299514,0.763125,0.4346226090425686,0.7981004733017605
28-08-2070,0.236738206072254,0.5122587539195582,0.2591114098792894,0.2853897312639336,0.3059472761003857,0.3059404223607248,0.2107971474841403,0.690833,0.3793665111900261,0.7061390365445164
04-09-2070,0.208911,0.4549538720215901,0.238688792938244,0.2587856568780248,0.278085,0.2732011705117195,0.1928837041540722,0.628516,0.295352,0.587707
11-09-2070,0.207266,0.4218043808331576,0.2228796842143259,0.2403197816385679,0.260962,0.2515179206761269,0.178947173394718,0.571946,0.271449,0.540716
18-09-2070,0.189424,0.3869233401000301,0.2057461002330533,0.21885864222502,0.242006,0.2326120023003182,0.1666573252046976,0.519199,0.251525,0.499844
25-09-2070,0.175043,0.3576270365920195,0.1899118458711262,0.2005268242040398,0.223943,0.2181410066927559,0.154234420837291,0.480044,0.235713,0.460841
02-10-2070,0.161903,0.3289417619479811,0.174651098557868,0.1843445558993826,0.206718,0.2029377103168717,0.1422481889171876,0.444238,0.222306,0.423441
09-10-2070,0.1624228102793557,0.3121733568283256,0.1614816183664608,0.1712291603020289,0.1935730473976333,0.1895686319735197,0.1321125895678845,0.405725,0.2338621889413387,0.4205794227028777
16-10-2070,0.1531357527055417,0.2910686551031141,0.1505258922081483,0.1596598225916028,0.1804935008113449,0.1761572005471973,0.1236182476826764,0.372512,0.2191964554507601,0.3950107044714624
23-10-2070,0.1449899296656731,0.2739462812315937,0.1408870978458614,0.1493302529546016,0.1693428894159873,0.1647657233200621,0.1162779946493541,0.343475,0.2064009281675564,0.3668432808686005
30-10-2070,0.1383740652854248,0.2589844375633078,0.1322819534534212,0.1403169009330261,0.1594075426829722,0.154791001218461,0.1091878943496387,0.31805,0.1965747253950618,0.3561877583022237
06-11-2070,0.1296610305492824,0.2349299431676413,0.1241785511292996,0.1361587442673788,0.147737,0.1459357061792634,0.1022947416179581,0.303407,0.1769086417920012,0.3217321835113801
13-11-2070,0.1283407553814534,0.2216778317270974,0.1174693961768623,0.132815258864342,0.139533,0.1376308721441621,0.0966361694445645,0.294918,0.1693791228825434,0.2995429837003369
20-11-2070,0.1267872925190422,0.2095529092473143,0.1113597943449165,0.1253473113430366,0.132575,0.1432084258218994,0.0916252944111271,0.277927,0.1624526078157828,0.2798469546105279
27-11-2070,0.1213031017321733,0.1990641343085674,0.1058282734567275,0.1190525306808299,0.127149,0.1604448385241329,0.0936234791326828,0.267155,0.1551653126150761,0.2669200622119
04-12-2070,0.115251751083625,0.1914856050823992,0.105069541526477,0.1139994158322341,0.1235803010412203,0.1562149458783398,0.0961733659061752,0.257191,0.1455475334962223,0.2769548688957575
11-12-2070,0.1122653690465974,0.1838543283918955,0.1038893071173774,0.1089711473806993,0.1183761565694154,0.1512724950234146,0.0926850605849605,0.242393,0.1443789380451019,0.2660606645984939
18-12-2070,0.1084803835952623,0.1758639257032112,0.0989304046845464,0.1049469869395459,0.1136013668534313,0.1463400389902441,0.0890881011052133,0.230017,0.1394015411077634,0.25336318632219
25-12-2070,0.1057203576755655,0.1694557372896926,0.094673253141094,0.1014757952156224,0.1153925728654072,0.1409673364802632,0.0866762053893861,0.217693,0.1344687948853878,0.2430436435704022
01-01-2071,0.1067304685070377,0.1668499597953281,0.0914619776610966,0.0987789341058837,0.1175403618319193,0.1370442705496713,0.0845749704305826,0.207261,0.1353198209284891,0.2386207544404364
08-01-2071,0.128326,0.1887872769335546,0.173088,0.100555,0.1202306866988908,0.128608,0.0825717220215826,0.197864,0.1218284774350463,0.2075399730781378
15-01-2071,0.160976,0.1863579119775383,0.262625,0.172123,0.121474927720482,0.170658,0.0802742554429281,0.189614,0.119054446704714,0.202169542153224
22-01-2071,0.169452,0.1856098188387777,0.220603,0.270886,0.1166757152522749,0.231582,0.0848584178945351,0.182539,0.1172269195636423,0.1982476717786478
29-01-2071,0.186286,0.1865064897117853,0.235798,0.420618,0.1175521615555718,0.218441,0.0928370046819442,0.175942,0.1192930010285603,0.1980206705859181
05-02-2071,0.172743,0.163723,0.2511308952531518,0.4747304949018872,0.1775498419974788,0.2273825215148781,0.0957419065058336,0.170056,0.10289,0.4761557268945687
12-02-2071,0.15978,0.195895,0.2247768762978239,0.3848099173413521,0.1764353217553877,0.2150379963701912,0.0936839106426819,0.169652,0.100539,0.4854346260263633
19-02-2071,0.177618,0.193796,0.2123116869832586,0.388162595795857,0.1765576740319702,0.2168729254457954,0.0912781535251473,0.170129,0.108429,0.4980084728732483
26-02-2071,0.375473,0.191602,0.20842630269604,0.3850913062446012,0.1720531230188524,0.2249106238190406,0.0882560073942094,0.167392,0.175662,0.4959103845520808
05-03-2071,0.7855081685147678,0.4958807793479126,0.5507614089220261,0.4679756717125063,0.1976761137153396,0.2322269636324955,0.1091035673452441,0.164591,0.5191469365754755,0.2640047455335216
12-03-2071,0.7861452235792348,0.4824084275745383,0.912014891678964,0.5747632870792555,0.3199900568525169,0.2226114319427875,0.1264995236222669,0.185821,0.9877506661717318,0.2643221999058679
19-03-2071,1.1107340998536377,0.4772094561669694,0.8020165605404671,0.5489010009308288,0.6841667441525342,0.2474132056676461,0.1170670876141737,0.431707,1.940964182021316,0.3203828951060559
26-03-2071,1.209217793435751,0.4662256787905497,0.8890532538660476,0.4865527154669459,0.863595152117546,0.3393986987128444,0.153599711869483,0.628633,2.0252888644491827,0.3704820288432955
02-04-2071,1.1158581590085397,0.4660641825656769,0.9237864298748312,0.5189220623967391,0.7948904541737718,0.5736076937335635,0.2205684224407375,0.523951,1.629283330910547,0.3510349056183412
09-04-2071,1.1257289368080117,0.3558162542593326,0.76543,0.528192906367138,0.699114,0.737732,0.303625,0.44188,0.873508,0.274563
16-04-2071,1.0280962939772924,0.3724470087926677,0.67397,0.4860047508850981,0.637432,0.795686,0.381034,0.393117,1.49163,0.593603
23-04-2071,0.9741311889705988,0.3587925932129593,0.750421,0.4595407292114274,0.707596,0.732807,0.342974,0.379718,1.8203,0.740851
30-04-2071,0.9871126058860886,0.3569041989549981,0.798117,0.4528000802687694,0.730723,0.631683,0.310947,0.36828,1.42185,0.610961
07-05-2071,1.0943804886655355,0.171966,0.744395981328549,0.4318729085620303,0.689164,0.621958,0.3192846030590689,0.340219,1.23237,0.550216
14-05-2071,0.9965074523825004,0.180411,0.6962095648701745,0.5057239308559204,0.669687,0.629527,0.2894146221782984,0.345537,1.10129,0.496248
21-05-2071,0.956826872798112,0.227632,0.6822691522113115,0.6247286160819638,0.816435,0.596523,0.2941849230501494,0.352451,1.16456,0.513122
28-05-2071,0.950622070961004,0.265442,0.6780487571044311,0.6186611578770781,0.877935,0.580033,0.2993471405735977,0.329887,1.24955,0.523847
04-06-2071,0.9689699434731768,0.501646,0.6260115640186974,0.5547166331532943,0.779121,0.596399,0.2697503575557852,0.310746,1.1443,0.503687
11-06-2071,0.392549,0.653257,0.5986316693969431,0.554599,1.0072830654444649,0.5936762385251961,0.2498956492130382,0.300462,1.27371,1.391236611695195
18-06-2071,0.379759,0.72173,0.5514542784239878,1.03722,0.9006295467098329,0.5234928216122585,0.228446165407378,0.294688,1.32521,1.4646278624467717
25-06-2071,0.466722,0.776584,0.5258559047996539,1.44417,0.7720971139587929,0.5130125992350361,0.2240570903771354,0.300416,1.12783,1.565358138374889
02-07-2071,0.524579,0.635533,0.4984484731265548,1.24678,0.7005302987636866,0.5358047795874304,0.21977906346418,0.293659,1.00985,1.955313092216374
09-07-2071,0.7719341149008438,1.09427187198356,0.4370750039719413,1.09607,0.49243,0.496894,0.1949761738327806,0.271456,0.919491,3.086473703348516
16-07-2071,0.6509335615386991,0.8584697166344091,0.4462517720957067,1.04653,0.535356,0.592339,0.1783516952770251,0.355684,0.903848,2.64976546812422
23-07-2071,0.5923267400797452,0.7391241741209806,0.4481293813337097,0.951248,0.557032,0.642102,0.1651475241288901,0.434963,0.889664,2.224925880924375
30-07-2071,0.520539470213018,0.6221625281109563,0.4237264367628149,0.923892,0.489,0.543141,0.1540226029191001,0.400479,0.805386,1.7822799310390796
06-08-2071,0.3991040134615503,0.4063404056666307,0.4001841312720358,0.9073977385274566,0.4461497106497513,0.4818859369348052,0.1409753777490619,0.390358,0.922086548837286,0.9018968329013166
13-08-2071,0.3551349645357276,0.4061057884310545,0.3668910958928627,0.8150115294696532,0.4070716996669954,0.5045114029890487,0.1402592916847094,0.369939,0.8073810472292778,0.7467089246679777
20-08-2071,0.3258183241071564,0.3699306753315137,0.3352394770226506,0.7240559583990105,0.4027677467354194,0.5133294301934385,0.1386521451079364,0.330112,0.7118772440986093,0.6335011355144324
27-08-2071,0.2953118476544788,0.3306575080603678,0.3053641065360644,0.6375974137775778,0.3905282378931782,0.4470959810117537,0.1275402422401913,0.295064,0.6219733213737226,0.5390843303748788
03-09-2071,0.2752320636212935,0.472797002575688,0.2837650290043159,0.5739609140250624,0.352701550718596,0.3984573791426144,0.1184448229162771,0.297974,0.5639613834914365,0.4852911570611491
10-09-2071,0.225946306988082,0.5436734576196024,0.2696378913829646,0.5425045561581958,0.32995,0.3554766927041669,0.1112049923395788,0.296454,0.455359,0.3763074369972848
17-09-2071,0.2092462348795267,0.4325299373901115,0.2860434326418161,0.5294924742978109,0.313692,0.3233715333904238,0.1066675540881808,0.264922,0.419189,0.3414103123437016
24-09-2071,0.1944996634975076,0.3717812255260971,0.2903657198274834,0.4898088939268368,0.31356,0.2958006893304359,0.1010874910139976,0.239389,0.386324,0.3150076398639018
01-10-2071,0.1809906256311785,0.3258908295167578,0.2574924297178958,0.4363418985809585,0.304374,0.2701966869368091,0.0939837317149036,0.217057,0.355313,0.3098631251171716
08-10-2071,0.1797239561988054,0.3092538659617254,0.2314397484745067,0.3937979925349229,0.3046791747439883,0.2495606593324069,0.0878696152695829,0.198152,0.3480771121815608,0.3165644718834514
15-10-2071,0.1688160127835872,0.2843466975159829,0.2127833224245966,0.3574980126807893,0.3002517259437702,0.2305829852714835,0.0827764594555431,0.182641,0.3225876427418438,0.2906099781920372
22-10-2071,0.1599000705922066,0.2623534695506603,0.1966489112678071,0.3268133826804433,0.2706420016359168,0.2142314990782486,0.078185105822857,0.169325,0.3009911499795341,0.2876187265681911
29-10-2071,0.1525783268551931,0.2450639067026722,0.182050799334389,0.3011657750802142,0.2495199663040307,0.199734914558416,0.0739593075463019,0.157912,0.2824993952720624,0.2855384843210261
05-11-2071,0.1326097876643665,0.2609402101330021,0.1685822280103086,0.2777542995558081,0.2291732523992546,0.1850866448791821,0.0699699282404206,0.148036,0.245629,0.236518584300289
12-11-2071,0.1261892427396643,0.277236802541229,0.1585525667884188,0.2594455662608665,0.2126067953560382,0.1742082238932944,0.0753339802457543,0.139724,0.234784,0.2208877348082709
19-11-2071,0.1206472300401014,0.2496302556137511,0.1497478975656861,0.242913908728272,0.199046045813335,0.1645104541745952,0.0791388639457053,0.132941,0.224423,0.2073926560119383
26-11-2071,0.1184608663086296,0.2317546963239931,0.1415642412688369,0.2276573983518212,0.2042784398049774,0.1558528761657679,0.0735176942243697,0.127343,0.211285,0.1954000017071832
03-12-2071,0.121569655605387,0.2188947623262718,0.1342133850114228,0.2143553817849267,0.206940198677733,0.14809910993044,0.0698025424402204,0.121697,0.201054,0.184884682411159
10-12-2071,0.1215913061224386,0.1990691725626845,0.1298225065322347,0.2030728935508279,0.194678219656947,0.1420407697405114,0.0665908812549914,0.115986,0.2078917332566533,0.2447573695397862
17-12-2071,0.116253684032261,0.1884834911463172,0.125266038851806,0.1927184374876902,0.182778424977257,0.1356842311881128,0.0639120612483497,0.110962,0.2038597574965883,0.2441353104139735
24-12-2071,0.1118291368649376,0.1801165848944599,0.1195580262295997,0.1838147658696988,0.1731909610020417,0.1300396249826945,0.0614414177618564,0.106482,0.1941930307054649,0.2347872710111013
31-12-2071,0.1084956260201584,0.3234073548258507,0.1149722575565864,0.1768385160574197,0.165966178855603,0.1257925860940488,0.0593705701394219,0.102784,0.1930850303630552,0.2823085348841978
07-01-2072,0.1060613779668827,0.419947,0.115353,0.179924,0.155441,0.1231422439868185,0.0578857498291992,0.0995858,0.177033,0.213522
14-01-2072,0.1046958389047099,0.357051,0.128603,0.183599,0.150678,0.1269583346924729,0.0580587637325731,0.0966941,0.179553,0.232781
21-01-2072,0.1029017701577652,0.489814,0.136189,0.176724,0.14599,0.1303160497404962,0.0581509580964502,0.0941156,0.181414,0.251771
28-01-2072,0.1037686359864406,0.573769,0.130294,0.189821,0.168055,0.1266684025447925,0.0600790792104105,0.0916337,0.218349,0.234843
04-02-2072,0.100934,0.60793,0.1263719266498449,0.2036210861017098,0.197697,0.1320782319444098,0.0677825,0.101445,0.301718,0.5800210388129436
11-02-2072,0.101449,0.617113,0.1229143206710597,0.1923729101806307,0.188913,0.13188604063154,0.110356,0.190812,0.319104,0.5784927625261577
18-02-2072,0.102803,0.598017,0.1200150397390432,0.2045091574024954,0.179029,0.1318106957683008,0.144955,0.278453,0.30351,0.582225284583774
25-02-2072,0.100812,0.773643,0.1682704044235297,0.3489928435983029,0.179043,0.1417418290040842,0.128041,0.629539,0.333268,0.5892250294091192
03-03-2072,0.136946,0.82588,0.2175119092487802,0.4374124848185517,0.216569,0.1634527951018457,0.157035,0.808859,0.34282,0.6348035625162116
10-03-2072,0.5554296021645034,1.0223877464310966,0.2158341230546212,0.3839859969195872,0.3207066813434244,0.1988809856431629,0.1849855879554978,0.598997,0.9792394512977888,0.3015632455875388
17-03-2072,0.5303276801534313,0.9911272016392813,0.205352251863979,0.3541709612348909,0.5566008435359343,0.2025232411401822,0.1870573086832273,0.55904,0.9600055355315552,0.3198052848699223
24-03-2072,0.4972314112730488,1.225351123283363,0.2292857482466296,0.3301599641378199,0.7328542793023237,0.1955601374684538,0.1876236596497583,0.557512,0.9542916993340832,0.3319346594207089
31-03-2072,0.4714608623271704,1.4085398470635917,0.244584299944488,0.3081674394414769,0.6583864370510577,0.1866896717141788,0.1669042639096238,0.501174,0.9794465056288664,0.3351937834497729
07-04-2072,0.4034126408551078,1.13487,0.205376,0.2913243080273729,0.54795,0.206844,0.1809249410071284,0.472627,0.299606,0.249439
14-04-2072,0.3878757084917678,4.96735,0.190399,0.2762012459438917,0.765786,0.248408,0.1929607325418659,0.449811,0.300454,0.243496
21-04-2072,0.3799740966540514,5.84944,0.282298,0.2628720115901792,0.871742,0.220097,0.1749450427706638,0.696356,0.301596,0.281991
28-04-2072,0.3998176127534897,4.26008,0.396332,0.251399863179927,0.716568,0.203492,0.1605059564352867,1.09409,0.345895,0.316281
05-05-2072,0.3823920784844782,3.35392,0.3809756430851022,0.2387529341601395,0.6550713450564156,0.300745,0.1470869391393524,1.07789,0.360781,0.470487
12-05-2072,0.3570519943219416,3.34078,0.343816486796501,0.2350843695480581,0.595280659551083,0.376216,0.1438994105683218,0.897565,0.347904,0.565194
19-05-2072,0.3674307879187781,3.45763,0.3592007754792224,0.2434978018779482,0.5574532602509811,0.333344,0.1681219243186014,0.755716,0.442544,0.917616
26-05-2072,0.3406726453127259,3.03167,0.3580683428289899,0.2421106582420336,0.5235636667750766,0.309498,0.1877259760845278,0.821865,0.533167,1.11819
02-06-2072,0.3481651502554012,2.69974,0.3195385788004363,0.2292877859396343,0.5444033984010057,0.279662,0.309434031492792,0.857699,0.554568,0.858114
09-06-2072,0.110370656634313,2.75866,0.3050090924493567,0.2299983972157062,0.755483,0.3323666810299933,0.4753191827521247,0.736775,0.976625,2.1958645268462567
16-06-2072,0.1156124483340088,2.6453,0.2803757339579961,0.2230243769721095,0.840555,0.3104714125285844,0.4346081180824578,0.651011,1.18734,2.0932182856422963
23-06-2072,0.1580788134045313,2.28665,0.2667990583516179,0.2273458424453677,0.707697,0.2861650553179633,0.3445625596729464,0.584126,0.975549,1.871418778886728
30-06-2072,0.1993998725250878,2.05108,0.2564404060653933,0.2578575169271714,0.617252,0.2674172954316049,0.302742575409115,0.528298,0.855741,1.7480415383393484
07-07-2072,0.3880857296667549,2.322490375165546,0.229278034512169,0.2542731185894261,0.6037429271081635,0.2260522117163908,0.3094759445589218,0.479652,2.1934609661386766,0.9844610064882556
14-07-2072,0.3143414043816782,2.06854172724037,0.2103077766069175,0.230178317529504,0.5480394500449037,0.2205334113250266,0.3281311900902219,0.450773,1.7305144033226718,0.857923562903909
21-07-2072,0.3037642320968412,1.8530207145992803,0.1962822614273857,0.2113990589840801,0.5088656692879778,0.214728654682089,0.3037291029671816,0.426469,1.516441826185791,0.8020084803577499
28-07-2072,0.2823742991967936,1.6603714204018392,0.18346485402079,0.2263317050873926,0.4659217714287094,0.1981616116275062,0.2630326462827171,0.394533,1.2643815176275282,0.748156904202113
04-08-2072,0.2718697360492972,1.5049472810667115,0.1887618239068149,0.244373259557943,0.4261679633641599,0.1865001203050656,0.2343694302455089,0.364647,1.0886897086268224,0.6995345445604569
11-08-2072,0.2137622556131516,1.2951328828478692,0.1887172510131411,0.2220654379478951,0.4142592468660878,0.1674870284463697,0.2103282867600694,0.352199,0.6835106196349974,0.4457689748726747
18-08-2072,0.2023083165758223,1.1718123497644577,0.172141008493242,0.2114111919397403,0.4074962623697226,0.1581430295929905,0.1906849516993163,0.337828,0.5993521189030289,0.4076521278672155
25-08-2072,0.1736169710363655,1.05726146682465,0.1582213341509257,0.2004532105439878,0.394786315494341,0.1475924337409026,0.1775027706733519,0.311631,0.5120984223411749,0.3609496613596136
01-09-2072,0.1634099724092687,0.9669287046896662,0.1503689718920387,0.1898195728825578,0.3812440502709063,0.1436984046099104,0.1708903180608829,0.288463,0.470957963108758,0.3351924276727817
08-09-2072,0.1104940191058519,0.8568557300880393,0.1420534682534448,0.1773799667783371,0.341435,0.1366807111314597,0.1597848987208126,0.266353,0.3250063613857932,0.2982797750293094
15-09-2072,0.1039313153035591,0.7865486785130118,0.1319728096219223,0.1640699216403385,0.317756,0.1279471881563859,0.1461825492579857,0.246564,0.3024222919453526,0.2748789892621504
22-09-2072,0.0989406008350665,0.7343977976224929,0.1227989730184262,0.1528169437784396,0.291159,0.1207957954854878,0.1342622299233044,0.227977,0.2815860411562169,0.2573395006316792
29-09-2072,0.0924405325779013,0.6765143328820442,0.1141375250796961,0.1420444317861987,0.265857,0.1129832259415499,0.1232200357934529,0.210604,0.259057917846436,0.2358521415183833
06-10-2072,0.0935725000910997,0.6162169723697098,0.1065955351764955,0.1324589343827187,0.2454104137106769,0.1061735388637772,0.1136984022384116,0.194962,0.2639941268981965,0.2254622431315995
13-10-2072,0.0887595221944378,0.5666704753500457,0.1003672429671155,0.1242795301852402,0.2270042349522174,0.1003655031665986,0.1057028720589001,0.181487,0.2468674987061488,0.2111918830627747
20-10-2072,0.0862747331298072,0.5245073545498596,0.0946819272274934,0.1202780393566439,0.2122892473644139,0.0951900246233122,0.0987899582564431,0.169561,0.2333111526149241,0.2000537271723218
27-10-2072,0.0845439653095449,0.4872647548824124,0.0895734337429426,0.1165369099928534,0.1996019422714494,0.0906631001931846,0.0926965757706135,0.159021,0.228940915918982,0.1916197996885177
03-11-2072,0.0805539390213182,0.453558955721373,0.0850386056748633,0.1134716066211818,0.1870183182531664,0.1229693255061872,0.0871376072107315,0.149415,0.2212593665658957,0.1804689188298009
10-11-2072,0.0747226931391721,0.4183337436604331,0.0814750893782915,0.1126108055192291,0.178348,0.1473343934572847,0.0825848757102027,0.140801,0.181293,0.1479
17-11-2072,0.0720992908112088,0.3919525778469606,0.0826007116867669,0.1082724587879806,0.17696,0.1260083167866435,0.0801852561986042,0.133066,0.171494,0.142112
24-11-2072,0.0699361990836941,0.3688470303420999,0.0845809145707252,0.1026233212543731,0.171062,0.1144431118830305,0.0833086601378843,0.125998,0.162564,0.137227
01-12-2072,0.0687501383899391,0.353148240369292,0.0821217168897908,0.098032150820423,0.161624,0.1062560122377297,0.0840067943026182,0.119724,0.155042,0.132
08-12-2072,0.0663042697923254,0.3529439564937838,0.0787629123500214,0.0943902612865582,0.1539683771913094,0.1008398450121586,0.0861274231824154,0.114097,0.1898941626831774,0.152135733153402
15-12-2072,0.0649894764698896,0.3364503957392079,0.0752864649435482,0.0908886092923065,0.1467989336825949,0.095836875483258,0.0875972394773397,0.109227,0.1816993470309185,0.146017998981347
22-12-2072,0.0645098779683162,0.3213025560682634,0.0723039446750253,0.0879449141653856,0.1409315608575089,0.0917564437278576,0.0820685200108817,0.104942,0.1767597483626604,0.1545779621080416
29-12-2072,0.0675010268722384,0.3115335088884596,0.0743946489046641,0.0867242395622723,0.1358927906090166,0.088507146262547,0.0778144257291752,0.101182,0.1854309057681427,0.1771537161734026
05-01-2073,0.0899739046526962,0.2755380725157627,0.0756314063283828,0.0852216012107754,0.1357854435856308,0.0881066670261462,0.0748774652804655,0.0979267,0.17566301706334,0.1738523882762215
12-01-2073,0.0957778025011477,0.2701594041702527,0.128506066402642,0.0839693422769224,0.1315899128695013,0.0858146246772967,0.0722805560291444,0.0950278,0.1759825652849196,0.1704212593708731
19-01-2073,0.107257672980788,0.2815763327015905,0.1748729744407479,0.0847181620129854,0.1424991221916371,0.0838438297734677,0.0703249071613835,0.0924071,0.1788355422631571,0.1675673221025669
26-01-2073,0.1123911723508864,0.2937733504921828,0.1517969636712494,0.0987471154976634,0.1530900941852466,0.0824614621552157,0.0689151511528651,0.0899735,0.1913128078309623,0.1753179676983261
02-02-2073,0.0696525013698456,0.290249,0.1399256689412779,0.258101,0.166592,0.084423,0.0675789563268059,0.0882482,0.13703,0.5141489443385865
09-02-2073,0.0677951525544267,0.28311,0.1365425148302942,0.359413,0.184436,0.0976069,0.065870695393842,0.0867968,0.138218,0.5405675066991528
16-02-2073,0.0748226686445208,0.331217,0.1397431740451654,0.281337,0.17001,0.112162,0.0681807660825364,0.085195,0.140754,0.5525233411590649
23-02-2073,0.0826962004998024,0.373007,0.1340517715749492,0.24274,0.201743,0.123759,0.1006495817182944,0.0837567,0.177953,0.5505651041243073
02-03-2073,0.2159582524417381,0.36739,0.2058288426300351,0.293661,0.280445,0.125153,0.1284345349383191,0.0823843,0.214858,0.572174273541129
09-03-2073,0.9056659679020316,0.6376115481072111,0.2766301041502451,0.3472808839125527,0.5153253032882147,0.1610801720789478,0.2944917968465838,0.0820062,0.7677267815537445,0.8556419952268175
16-03-2073,0.7865884354342301,0.6130653361921592,0.244275542826334,0.3085510583801875,0.9323715738241038,0.2820467885581048,1.0587150196347916,0.118396,0.7416892801224267,7.052060731759521
23-03-2073,0.6910906271575764,0.733577321809447,0.2217190821464687,0.4565192692550581,1.1494654233631445,0.3577768394345954,1.2217107056794294,0.155925,0.7404539821631504,8.094792581698147
30-03-2073,0.7668415155785535,0.8467606470896301,0.2047807851852847,0.552301244372817,1.0003077889752516,0.2946631710755163,0.8596761914690693,0.162722,0.9701198662505282,6.809801798188035
06-04-2073,0.324009,0.533201,0.233448,0.444115,0.892255,0.301754,0.6999734761196688,0.171227,0.9284393050085016,3.16001
13-04-2073,0.288347,0.533536,0.261228,0.388545,0.867335,0.526923,0.6353015433124432,0.156272,0.8884268251510705,2.7145
20-04-2073,0.349957,0.667008,0.237547,0.350395,0.893222,0.675162,0.5862389667499536,0.143985,0.8660551093306006,2.8609
27-04-2073,0.395152,0.753304,0.308401,0.397353,1.01597,0.593614,0.5248906689469013,0.135043,0.8757328061826027,3.0398
04-05-2073,0.349351,0.716141,0.365679,0.480797,0.957326,0.627878,0.4790142851858613,0.137736,0.9018947404219916,2.80887
11-05-2073,0.51399,0.681339,0.3256297483698467,0.459817,0.8290841328221102,0.7210458196797687,0.4352108903224858,0.154828,0.327894,2.51226
18-05-2073,0.760324,0.628925,0.3348727780151501,0.519275,0.9049146409993076,0.6266625082532434,0.3970208662263201,0.162066,0.3853,2.34564
25-05-2073,0.750899,0.587847,0.3841535811781861,0.562866,0.9419221380893634,0.5629391757556917,0.3650160600860316,0.229617,0.382329,2.38135
01-06-2073,0.649639,0.740262,0.3994371427782635,0.504663,0.8429022672284826,0.5048430581904972,0.3374601661744508,0.277805,0.348891,2.24696
08-06-2073,0.7147062544878142,1.05112,0.3764327206006231,0.476004,0.9480711797852585,0.4860430825646858,0.3210925502020442,0.234495,0.609424,2.57802
15-06-2073,0.688084652592455,1.11459,0.3318308662393346,0.733263,0.8511636071224155,0.4330677063543838,0.3593763053574041,0.209135,0.759852,2.69915
22-06-2073,0.5768903537097998,1.0032,0.2967707778014353,0.937715,0.7569824802456713,0.3974487653994297,0.3758914328529476,0.205558,0.595827,2.28013
29-06-2073,0.5047373201399619,0.895191,0.2922963536137065,0.805067,0.6864749348783434,0.378891314737502,0.3465587451203348,0.197548,0.510844,2.01535
06-07-2073,0.701074760088927,1.0770913593007572,0.2938441996822569,0.6899190259827165,0.5746499257047205,0.3302606623852822,0.3370159525742498,0.179277,1.7364981002579607,2.8078724607406977
13-07-2073,0.5891373974797011,0.994899387272531,0.2868140220373036,0.5818329118219759,0.5178088006178768,0.3076512435454638,0.3174127147224532,0.166104,1.4478854399446428,2.44876793168817
20-07-2073,0.5283540565902958,0.9273987683291576,0.2674984388405759,0.5095170311211471,0.477272738036081,0.2854729258023363,0.2882294337949494,0.154535,1.2620688452354196,2.1866387822826736
27-07-2073,0.4670068066030801,0.8246707401738035,0.2414266691191484,0.4547834916823309,0.4548854775352566,0.2632280541903407,0.2792279008984399,0.147529,1.0781667576032237,1.928535517864108
03-08-2073,0.4131508289974571,0.738848249222373,0.2211248650285766,0.417199843990035,0.4297781919477228,0.2427549506983161,0.268707258629955,0.140924,0.9354310158636836,1.7087930107883502
10-08-2073,0.3876118493287158,0.6834477234258063,0.2029389572494064,0.4117307402647372,0.3776840971823151,0.2350583610857849,0.2439642182538788,0.139808,0.888651030942023,1.522370990208802
17-08-2073,0.3435900703127613,0.6180797942735816,0.1853494675851639,0.3937305170720697,0.3486040750325228,0.2324423172698058,0.2237064060299851,0.137022,0.7471685562624774,1.453622388419057
24-08-2073,0.2965425694087006,0.5515624725298499,0.1699746689911645,0.350764329306702,0.3299567552867403,0.2162948312035779,0.2060270295806118,0.126024,0.583691555969585,1.2726272655327664
31-08-2073,0.2793931785642268,0.5122758186822473,0.1692841159153723,0.3547947815419039,0.3131209150614958,0.2032341363492583,0.1907245942492364,0.117009,0.5316689537771959,1.1474550925268745
07-09-2073,0.1969877613659797,0.3969618409854901,0.1653399296082482,0.3540021400540476,0.2865121437800366,0.190499,0.1768497242611203,0.111615,0.276281514580725,0.8810110800798897
14-09-2073,0.1809191457436661,0.3660658840659844,0.1510610388504535,0.3195031343151426,0.2666354100611671,0.18337,0.1637205201338123,0.106741,0.2549318469365657,0.8047176770593625
21-09-2073,0.1684816370003871,0.3408833661289551,0.1392815394520848,0.2885401133056644,0.2484362097622069,0.170972,0.1514704026950651,0.100086,0.2404165734797813,0.7350471617312643
28-09-2073,0.1559327595015128,0.3153068040559581,0.128251958984797,0.2592705741138662,0.2486039539807502,0.157872,0.1398341088156989,0.0932764,0.2204969194689605,0.6696268906314433
05-10-2073,0.2010693128517906,0.299978091166606,0.1198251814876948,0.2351405337539385,0.2464265545712081,0.1469282687359225,0.1296772297323906,0.089539,0.1876416042375549,0.6397472791744386
12-10-2073,0.2319430288402814,0.2804023571481127,0.1127627215655478,0.2155198314986769,0.2259401249481694,0.1370414736292873,0.1218393525534699,0.0867343,0.1755153068186133,0.5896829397555677
19-10-2073,0.1962341005617838,0.2639407672858883,0.1054720378982558,0.1983889224839073,0.2098754370380146,0.12827753842212,0.1148614959000507,0.0821652,0.1692343664176822,0.5461741787902697
26-10-2073,0.1767347457442343,0.2498182405616406,0.0990648776808052,0.1837156941716883,0.1963536502492383,0.1239071920979999,0.1077936676434436,0.0780518,0.1637696109915489,0.5070874813801927
02-11-2073,0.1622160467720012,0.2355877014404557,0.1021039290085829,0.1750303266754397,0.1843352438982369,0.1196158557340107,0.1012541936029539,0.0744814,0.1541244463219719,0.4708917129990249
09-11-2073,0.146176,0.2156238820768665,0.1040369002498141,0.181820945349112,0.1740911347693559,0.112603,0.0954321275316192,0.0716009,0.1456259176784397,0.4210568883922239
16-11-2073,0.137085,0.2051346446417822,0.0966084418454669,0.1874824078069452,0.165356450015111,0.108557,0.0909530965547039,0.0688023,0.1398499555859448,0.3943291151653952
23-11-2073,0.132164,0.1956670846946057,0.0922423907406473,0.1760376823310128,0.1629616206492714,0.106745,0.0908243563180153,0.0699718,0.1346483089290582,0.3703875862713712
30-11-2073,0.127981,0.1877384362636372,0.0884421824276839,0.163094994292965,0.1623925078007501,0.103761,0.0900213249119654,0.0708083,0.1293762078850272,0.3500869897896462
07-12-2073,0.1252173974709017,0.1869098718692898,0.0843216425769881,0.156252208801909,0.1564649730565523,0.1009549013130509,0.085369953853839,0.0674094,0.117111,0.325984
14-12-2073,0.1192434369924195,0.1796531062771998,0.0807471514420253,0.1547669204679487,0.1483955893376623,0.0978874106281652,0.0813489996339898,0.0647518,0.113057,0.310034
21-12-2073,0.125499507599244,0.1738471283595466,0.0775260861817754,0.1655413008721257,0.1418743511033353,0.0956210369745639,0.077915790051016,0.0653747,0.109102,0.295529
28-12-2073,0.142519868422733,0.1725961803999888,0.0807736379833161,0.1716728153458065,0.1368249009825636,0.0936581531338942,0.0749498519064977,0.0672547,0.105412,0.284942
04-01-2074,0.149350659882103,0.1742281195482011,0.083484690450079,0.213897312686753,0.1325722256099886,0.0910502789091649,0.0788857621558577,0.06579,0.1118657544504847,0.276296
11-01-2074,0.1585142957987385,0.1754869941638936,0.0795665040894169,0.2474498828271274,0.1304653888811064,0.0886353162614084,0.0825201648088368,0.0635603,0.1150126449118827,0.289535
18-01-2074,0.1678663104117852,0.1791188912418461,0.0799117920162008,0.2190807560432145,0.1282808620153289,0.1021047035341886,0.0832317592133539,0.0617325,0.1185671364559788,0.301222
25-01-2074,0.1588182972487578,0.1797538035456891,0.0800936027628379,0.200445974506378,0.1248684895829893,0.1159841918846005,0.0933700187289423,0.0601675,0.1195533522029236,0.428119
01-02-2074,0.1504579703288796,0.1769471305383702,0.0773515620410733,0.1892501493066344,0.1301744482685536,0.1085967447547151,0.0965730590971359,0.0593222,0.1201178811358761,0.530423
08-02-2074,0.12808,0.1571100591297383,0.0750805572276904,0.1810772478516731,0.135863,0.102193,0.0915490392058909,0.0603344,0.109475,0.569773
15-02-2074,0.159407,0.1819195972475348,0.0752920926956036,0.189919425729174,0.136583,0.101463,0.0905345909374738,0.086785,0.113592,0.612306
22-02-2074,0.249585,0.2204315383946727,0.107332931742396,0.1973440625571351,0.175161,0.26389,0.0891714447929454,0.112963,0.128799,0.559214
01-03-2074,0.497704,0.2207861245741577,0.1363202851934175,0.2598059158307348,0.207307,0.51655,0.0861117093503853,0.113103,0.149729,1.06727
08-03-2074,0.616022,0.4626300045237453,0.1556205262072782,0.3232047780702006,0.1910885339447567,0.6837810723298359,0.0865269650917746,0.111009,0.5909795380448317,1.37977
15-03-2074,0.704048,0.4500631218417077,0.263377597453685,0.2930744397521853,0.2206638961854551,0.7171747294031773,0.1846563826343914,0.10111,0.6083080659660478,1.72741
22-03-2074,0.741901,0.4575268436559385,0.3711216608329642,0.2705544272887948,0.3830205042267143,0.6241961292670949,0.3036759306023541,0.0944363,0.6654962525747294,1.92016
29-03-2074,0.64935,0.4774363891041152,0.3544165303661928,0.2606151141657558,0.4835350930112858,0.53563035272262,0.2792823805892637,0.120723,0.6817826279315582,1.74604
05-04-2074,0.614114,0.3181262772081865,0.320252,0.257405,0.531775,0.4535097074079562,0.2595956526375268,0.156345,0.345088,1.63533
12-04-2074,0.582254,0.3126997361773166,0.311295,0.252888,0.554188,0.414399036824582,0.2386662221123288,0.149167,0.463718,1.42043
19-04-2074,0.573518,0.3179740071151388,0.426484,0.264435,0.595509,0.4048255210818933,0.2107784196637812,0.218294,0.451633,1.27984
26-04-2074,0.572922,0.3330956089905986,0.694839,0.330986,0.830319,0.3895267055108673,0.1958507524797675,0.290942,0.46886,1.20767
03-05-2074,0.637904,0.3161529600710601,0.747962,0.354231,0.871474,0.3586073297182491,0.1901757209001692,0.292214,0.415697,1.21646
10-05-2074,0.656409,0.4206950641276322,0.8692348710479223,0.3745536038599679,0.945983,0.3417786007352028,0.189506211232731,0.272845,0.362412,1.21331
17-05-2074,0.613628,0.4789382180722915,0.8976454303577334,0.5046249997669601,1.4322,0.3588740763090307,0.1819934421966465,0.23132,0.716034,1.25219
24-05-2074,0.623791,0.5094457538377729,0.7189166816831972,0.6158970852377232,1.67004,0.3684276901795001,0.1680876348615228,0.204226,0.974173,1.42759
31-05-2074,0.6679,0.4874927555892469,0.6100099053902281,0.5758307203187355,1.68557,0.3458078395061021,0.1930140550680363,0.183692,0.776203,1.49124
07-06-2074,0.717349,0.363896,0.5573308164833574,0.501580431703442,1.76789,0.426584,0.2264426145828358,0.167015,4.56773060946693,1.4239
14-06-2074,1.44731,0.463441,0.5351716866829042,0.8670517325455886,1.58079,0.504384,0.2142834873257535,0.153969,4.249051527941226,1.32729
21-06-2074,1.7422,0.374846,0.4974546723619784,1.0578957012225627,1.31915,0.431468,0.1928946049560497,0.146275,3.365176282107503,1.24815
28-06-2074,1.35838,0.324177,0.4412463025726658,0.8542925707177023,1.1539,0.383012,0.1755347084651173,0.139299,2.894513512587266,1.1598
05-07-2074,1.16196,0.5087812782905494,0.3931032142139183,0.853156,1.0929863745662092,0.3690686487624986,0.1610342437015884,0.138325,2.0132954754772783,1.13384
12-07-2074,0.972179,0.4266169850014171,0.3631035244616181,0.89566,0.9504936058973802,0.3354408370880729,0.1496022156866917,0.173995,1.4750815551185332,1.12557
19-07-2074,0.837415,0.3965275345726534,0.3376628299995831,0.836585,0.847426849077625,0.3066541972945838,0.139557438054179,0.191137,1.2661298325278654,1.02341
26-07-2074,0.77484,0.3767036180589244,0.3108850238365003,0.715679,0.7604599902808191,0.2804246946034047,0.1301512535332088,0.167435,1.0566995662356236,0.914085
02-08-2074,0.85945,0.3623514459966664,0.287046568817317,0.648565,0.7162678717423154,0.2605274679938761,0.1392511417352372,0.149666,0.9078722322412408,0.826797
09-08-2074,0.9175423419312256,0.3762185632427919,0.2635254314288798,0.595223763123407,0.6637525534779597,0.2374460980957626,0.1443739790928708,0.135416,0.4957398623043566,1.2461227576732703
16-08-2074,0.7785580467919114,0.4136092771598136,0.2430920408793264,0.5237259935523949,0.5975552739454667,0.2195655000717204,0.129967140060883,0.123896,0.4541876599953423,1.0484627104141726
23-08-2074,0.6794147816608338,0.3374721444925422,0.2241295098194074,0.466578305585373,0.5423126398240012,0.2030294758888635,0.1190631657342287,0.115681,0.3947329976815852,0.882815496856981
30-08-2074,0.7209203659695859,0.3113492425821673,0.2099864387982783,0.4200133550546999,0.4958282500547778,0.1888008479097238,0.1100541721776082,0.109034,0.3730791988534472,0.7967027066768844
06-09-2074,0.8256951190407767,0.2380999054258438,0.1957059010244825,0.3802755565446791,0.4494888732131947,0.173565,0.1021435413557606,0.101935,0.2358300426291585,0.5691329507999301
13-09-2074,0.9292655917514054,0.2171632123735199,0.1823420453107959,0.3459950151476392,0.4153103878084874,0.162856,0.0957474481513067,0.095248,0.2184584794339805,0.533043077537681
20-09-2074,0.9581012668090864,0.2007980011752743,0.1707524945404268,0.3155050022940683,0.3834268144699961,0.153036,0.0898961049022485,0.0891646,0.2034710909545924,0.4969837760368296
27-09-2074,0.7851591614240049,0.1851923772485447,0.1578209140797212,0.2874664837735009,0.3516945211332985,0.142579,0.083723427391274,0.0833223,0.1884273192153254,0.4603755252672347
04-10-2074,0.611209121598829,0.1815113820807812,0.1461719692559285,0.2625205170740725,0.3237963786250638,0.1336297414813828,0.0784300770505941,0.0780844,0.2016593284201656,0.4424288626089691
11-10-2074,0.5429391636056639,0.1712465388469295,0.1363480494279377,0.2417616814168561,0.2992198774309986,0.1249968105124887,0.0739283783808383,0.0844809,0.1913323157116999,0.4130721414112463
18-10-2074,0.4903196961974869,0.1616017787528732,0.1274884357994638,0.2237694816841659,0.2781392870651829,0.1172211274269589,0.0698455186236503,0.0890805,0.1812009179095099,0.3878032475367396
25-10-2074,0.4469337642909832,0.1541573942814839,0.1203885423521338,0.2079737666798566,0.2597976221003375,0.110418166353094,0.0662081597363248,0.0814458,0.1739716883664016,0.3665137093182955
01-11-2074,0.4046743242973247,0.1409964266012024,0.1138910015671984,0.19399622574273,0.2423756044079537,0.1036927901030914,0.0633640167576034,0.0765701,0.1406307782481298,0.3390871354770816
08-11-2074,0.3723689871862243,0.1341344011715458,0.1147320284088595,0.1822307826398063,0.2278141915222111,0.0989949121641103,0.0629621920337951,0.072651,0.1362649602326777,0.3205780689191431
15-11-2074,0.3442813747097211,0.1282641871416956,0.1147040081199309,0.1717280045055324,0.2147332076946938,0.0950723027798491,0.0618947676023869,0.0725228,0.1326830204851452,0.3053681445801448
22-11-2074,0.3201305820194103,0.1333874058775648,0.1073863814622524,0.1618343142220958,0.2028772249306401,0.0945888140103025,0.1026213388564292,0.0727389,0.1267553842151858,0.2919275379977204
29-11-2074,0.3033741996575492,0.1395814712757281,0.1014495241830558,0.1529671787902061,0.1925169935697661,0.0939040642158054,0.1323255030412971,0.0717567,0.130493819073325,0.256111881791256
06-12-2074,0.2906368167263368,0.1331047630637615,0.0990614537722066,0.1471694894582139,0.1959327406362578,0.0895842366925436,0.1055944806849088,0.0725142,0.1443253085410593,0.2494160093180421
13-12-2074,0.2784787024270996,0.1272004588158803,0.1001673651132836,0.1421436157407461,0.198376653833081,0.085933512517594,0.0931575088326743,0.070536,0.1535188532261133,0.2429446143101326
20-12-2074,0.2640750863536745,0.122969151759651,0.0977619854813593,0.135673660169823,0.1870270673985463,0.0833438066310016,0.0854344967654864,0.0670081,0.1436435743547968,0.2325008960199076
27-12-2074,0.2763011500325006,0.1241236387709966,0.0932501366388229,0.13028822968296,0.236013,0.0809413940112121,0.0802921760022518,0.0647012,0.12447,0.2350343006131409
03-01-2075,0.2752149029164485,0.1269303584346604,0.0896625642519175,0.1255958992715027,0.278722,0.0791293358765182,0.0768219846395751,0.0627042,0.12098,0.2377347015060929
10-01-2075,0.2700827105727296,0.126134050055094,0.0872393095747337,0.1212389512497604,0.298884,0.0771319875875919,0.074748402627748,0.0606143,0.1409,0.2423967468261003
17-01-2075,0.2638936492133096,0.1256393984716282,0.0853420640814428,0.117241437130228,0.355416,0.086319756091791,0.0726420367370979,0.0594337,0.173163,0.2381854889426172
24-01-2075,0.2591009146717084,0.1262785033985136,0.0831827720228492,0.1140449596308772,0.391965,0.1426002073151104,0.0698172069348053,0.076242,0.176116,0.2428014043074548
31-01-2075,0.4158867023610263,0.1569491943752247,0.0826612418720052,0.1142733637156416,0.408264,0.1859541939649501,0.0675116580125986,0.0938917,0.8203016670836633,0.5913682266089146
07-02-2075,0.4255288866846225,0.1696992685895922,0.0808318412558292,0.1118080833392202,0.395989,0.1865053783858682,0.0662187073393867,0.0867125,0.8329011067907832,0.592992925058256
14-02-2075,0.4467961807014025,0.2498638513982651,0.0795379507586362,0.1097349305089285,0.380769,0.1899600958144659,0.0650974705026147,0.0817766,0.8882973146055239,0.6288040504240068
21-02-2075,0.447770480977111,0.3136512582564832,0.0780361976831306,0.1080251721421221,0.358895,0.1703301471776176,0.0635407090647922,0.11759,0.8962789195066163,0.6418506824238709
28-02-2075,0.4435539726388002,0.5528503431971625,0.1102449665658562,0.1067289042636367,0.3761681262399435,0.1661441288035394,0.0686955640019655,0.147353,0.6507681760334387,0.5736794590680847
07-03-2075,0.4698341612062802,0.63423544430443,0.1538274894155863,0.1061920367291116,0.4278648191290159,0.1913268461796636,0.0740059980871948,0.138099,0.9506343691373612,0.5962041643718289
14-03-2075,0.6754867737820609,0.5774562549795911,0.2370935869286658,0.105818803890609,0.5511414529225801,0.2673126964087547,0.4054359301862424,0.133008,1.782187881940253,0.7855954472057027
21-03-2075,0.8169814689354313,0.5281812864942206,0.3037108875780024,0.10538536959814,0.571801132005267,0.3015074216860005,0.6897911779740024,0.134232,2.044019225196372,1.3833535050504964
28-03-2075,0.411445,0.314185,0.256701,0.105267,0.530583,0.345734,0.552545,0.139726,0.651402,0.811128
04-04-2075,0.40734,0.325042,0.219585,0.115029,0.588123,0.409946,0.546322,0.141615,0.61343,0.731305
11-04-2075,0.377701,0.293862,0.296119,0.118715,0.897227,0.400042,0.602354,0.137977,0.717974,0.641619
18-04-2075,0.446126,0.491432,0.371134,0.16757,1.07598,0.369789,0.580968,0.144547,0.746935,0.574654
25-04-2075,0.512018,0.639464,0.349842,0.211624,0.915136,0.327284,0.484512,0.29847,1.03958,0.580008
02-05-2075,0.533654,0.631672,0.406726,0.236883,0.889342487998508,0.3023768833541184,0.4431037049008873,0.389097,1.21128,2.156670906074832
09-05-2075,0.533657,0.635998,0.429988,0.574296,0.81546250926491,0.2785487507383701,0.4138054807893411,0.305012,1.1053,1.9455798187802824
16-05-2075,0.482559,0.580626,0.418519,0.726083,0.7931582363934359,0.2604987421203875,0.3963783490526152,0.366234,1.08293,1.8418046834828408
23-05-2075,0.443554,0.541654,0.631791,0.542076,0.7536569258096579,0.3355136951552053,0.3765530582074752,0.39969,1.00406,1.7478470174629308
30-05-2075,0.445392,0.5904440487484717,0.7183753560018871,0.451890476860709,0.6558739776489142,0.4099224030608377,0.338859,0.326937,1.6006586850613482,0.471869
06-06-2075,0.440467,0.5697070106841148,0.5908562480737272,0.4251913927225327,0.6064320104266703,0.3567298557921392,0.31262,0.285721,1.4728864467090768,0.500671
13-06-2075,0.567769,0.5065862562187338,0.5153999818408933,0.4000922454319989,0.6163605322987491,0.3247740530217313,0.298823,0.256497,1.3636525065840257,0.525964
20-06-2075,0.659196,0.5063192145312965,0.448311334659345,0.3546515055183421,0.6371842099069357,0.315457287140569,0.298334,0.239167,1.2091136702919727,0.495871
27-06-2075,0.567591,0.4952169755958119,0.3926638913815559,0.3244079811144125,0.6181784477637109,0.3061936992620464,0.297518,0.253516,1.1819592216515629,0.469317
04-07-2075,0.9868727082156152,0.417628,0.3583472349248545,0.2961012571470396,0.556063,0.2666344485609308,0.315126,0.25255,1.3126308053382414,0.436143
11-07-2075,0.8393873862460683,0.414631,0.3330512480974469,0.2706100281674538,0.565205,0.2521492892183002,0.319942,0.223072,1.1106972090457008,0.404626
18-07-2075,0.7686209318601096,0.407778,0.303505181930863,0.2489964940943748,0.558914,0.2419768688617889,0.287909,0.200581,1.009100086765042,0.41203
25-07-2075,0.6635587403115537,0.461108,0.2968534399058762,0.2289867445508717,0.546257,0.2222517379253274,0.271095,0.193907,0.8741280007124115,0.426868
01-08-2075,0.4635600422905028,0.5173003542588669,0.286817489100912,0.2129761010840669,0.5673072259888224,0.1984796996794879,0.272983,0.199969,0.852660073112057,0.5808835451819794
08-08-2075,0.4166073032388626,0.4926049191279044,0.2583272858744788,0.1989579754692503,0.5543245651613593,0.1866184429978652,0.267168,0.216432,0.7528965824055908,0.6049324862763474
15-08-2075,0.3815792000406739,0.4664635784207552,0.2350720829592772,0.1924562802985071,0.5089192745166946,0.176130334685003,0.244887,0.210207,0.6609497186328475,0.5892704418245049
22-08-2075,0.3458109882649932,0.4034171400341654,0.2152910125864857,0.1908669023645585,0.4534768291175526,0.163539228948001,0.21998,0.18343,0.5511546785248785,0.5075185523443695
29-08-2075,0.272787,0.4351430452976271,0.2000481374978769,0.1836507438992456,0.409909,0.1512685948165852,0.199794,0.166208,0.353452,0.376694
05-09-2075,0.255596,0.4547782240742794,0.1863271083310425,0.1715466128160178,0.374412,0.1431915177164031,0.183484,0.152386,0.328341,0.354265
12-09-2075,0.237687,0.4158795940576058,0.1727825358808972,0.1591179092805079,0.34487,0.1368336302347692,0.169515,0.140885,0.303083,0.331865
19-09-2075,0.221384,0.3972449998860323,0.160997478726861,0.1484504548290331,0.317978,0.1282588296050018,0.1563,0.130633,0.28039,0.303853
26-09-2075,0.205279,0.3692959531985632,0.1488729411147613,0.1373441199891392,0.291878,0.1190333591722991,0.143564,0.119991,0.258742,0.284232
03-10-2075,0.2057764215707543,0.3102057926073122,0.1435583612742939,0.1276700796858171,0.2757305161738942,0.1110979285962764,0.13244,0.11083,0.2560060229499292,0.2854798197269038
10-10-2075,0.1922429830187706,0.2820672445225397,0.1386839473975054,0.1197338388406757,0.2590091025637093,0.1042899971851455,0.123013,0.10312,0.2396525151091698,0.2725779292553701
17-10-2075,0.1812904628223985,0.2595091357645183,0.128769234614437,0.1125397853639453,0.2402746879716918,0.0982247606317614,0.114913,0.0966452,0.2260122687875652,0.2627396883878841
24-10-2075,0.1814804349217617,0.2420983301445589,0.1204994482056608,0.1062840789357194,0.2244322958430103,0.0928348964920767,0.107731,0.0910542,0.2142403824699101,0.2525231034563099
31-10-2075,0.1658640875257754,0.2188271862008325,0.1132684917492046,0.1008123557134543,0.207975262353184,0.0878933534376959,0.101027,0.0858534,0.187449311976902,0.229021285005062
07-11-2075,0.155259825299701,0.2047840366994215,0.106796250377093,0.0958789518954132,0.1995539051221195,0.0835279679403834,0.0952267,0.0821626,0.1770847222417722,0.2209222840743094
14-11-2075,0.1463650267066751,0.1922468130483301,0.1010120614903434,0.0914534964326515,0.1920207538034546,0.0799328097658485,0.0901423,0.0790073,0.1687167745640135,0.2137355907852784
21-11-2075,0.1389149291267259,0.181427223825231,0.0959441149146607,0.0874423524820428,0.1868175463708092,0.0768739364514124,0.0855347,0.0752946,0.1622297221939072,0.2028759181051229
28-11-2075,0.1378641858365545,0.1782215779290169,0.091313180641937,0.0837142073308291,0.1831484415450842,0.0746846294725731,0.081371,0.0731033,0.1664424179666778,0.1981589849400985
05-12-2075,0.1348661375638611,0.1708431954771744,0.0893123290622108,0.0802943640047422,0.1731266767733975,0.0747228411789436,0.0780496,0.071099,0.1612113557797284,0.1959858930636696
12-12-2075,0.1304795984770463,0.1629511982444685,0.0875687486025087,0.0773118105582991,0.1650407684626944,0.0736635152140742,0.0751333,0.0682008,0.1543772981688367,0.1910214731220743
19-12-2075,0.1256936859475177,0.1569074977183989,0.0837411552927446,0.0747420265197198,0.1584508582384362,0.0706291050683027,0.0721441,0.0656406,0.1490013377017654,0.1868225591424637
26-12-2075,0.1368177478050025,0.1562123730645272,0.0833766960342509,0.0725299577652882,0.1533835623903481,0.068824655862905,0.0917058,0.0636301,0.1517085142496783,0.1878077787518351
02-01-2076,0.1512099689637514,0.168678,0.0831530971640807,0.0723700412717507,0.1544890519991967,0.0694502739256163,0.110326,0.061833,0.2275679069462737,0.231051410882508
09-01-2076,0.1446661148727542,0.197105,0.0812934877495064,0.0722513372392191,0.1534430077224711,0.0695357710790947,0.116048,0.0619835,0.229132508281817,0.2468389964852431
16-01-2076,0.1422824119959533,0.195999,0.0793661276104934,0.0703377901775226,0.1527456794406086,0.0693107381864773,0.120712,0.0653375,0.2344315498036136,0.2572458009583596
23-01-2076,0.1496426393015838,0.198842,0.0769196175754934,0.0690656688533442,0.1504813297426822,0.0737221370124586,0.146061,0.066617,0.2441759501851383,0.2539574677705959
30-01-2076,0.1800410279171609,0.3757814425266753,0.0751603632992764,0.068273874327733,0.1813793927595162,0.081180400231183,0.184739,0.0646155,0.2462739410751021,0.174193
06-02-2076,0.1773363349197108,0.3641615969777061,0.0736883746323394,0.0678392707710521,0.1832859428628903,0.0784152394904642,0.199346,0.0646579,0.3469485547166786,0.184402
13-02-2076,0.176959024453613,0.3667279801192257,0.0764416605177158,0.0687263897497329,0.1857005425024904,0.0860108692645896,0.21919,0.0906838,0.2974394067853412,0.241465
20-02-2076,0.2131711669524555,0.3655959798258916,0.0787968528342814,0.0684956354612378,0.1870550814478713,0.0987201419219591,0.21401,0.12247,0.2728795015373624,0.313676
27-02-2076,0.2502837313971026,0.3340342267896923,0.0764403192485353,0.0780002325855449,0.2046638097897125,0.0953085010021934,0.224886,0.11684,0.3898532023439712,0.5855702980754072
05-03-2076,0.2819382059272215,0.3809612032356569,0.1026055409549141,0.0993709110054506,0.2907897955645435,0.1064807225154039,0.23218,0.129054,0.457186991066339,0.6273998748960419
12-03-2076,0.3909078848990834,0.5037314628163703,0.1334924810512007,0.1029069617672808,0.458680881064856,0.2362469165881328,0.208745,0.281255,0.4233175238148466,0.8606137627456143
19-03-2076,0.5288423683748578,0.531850663897108,0.1244659198421152,0.1094214896038902,0.499000067490737,0.3294350117094161,0.19754,0.362061,0.4034151646789348,0.9580098445704316
26-03-2076,0.5406251015849475,0.4954554385243456,0.134978545823191,0.1141005556097663,0.4181300815814696,0.2787540716353394,0.188369,0.279966,0.3890292638621468,1.1684852102938366
02-04-2076,0.560715539504879,0.292022,0.1430916447335697,0.128827,0.53635,0.23561,0.177773,0.237473,0.286999,0.792636
09-04-2076,0.5120403956425175,3.33034,0.1325305121251538,0.140286,0.868943,0.206285,1.36549,0.21166,0.275036,0.833002
16-04-2076,0.4833122988202162,4.34852,0.127075308386614,0.134755,1.11995,1.00891,2.25691,0.226798,0.409557,0.938094
23-04-2076,0.5119130262529779,3.04168,0.1225623689745964,0.131223,1.10948,1.4892,1.87574,0.241727,0.566171,0.882384
30-04-2076,0.315005,2.55973,0.1171969772796387,0.1217406945770871,0.909086,1.0098629063701892,1.62288,0.244153,1.3647251749557603,0.853429
07-05-2076,0.302417,2.2919,0.1116249474716511,0.113833441320241,0.875434,0.7971388261154712,1.52991,0.238474,1.2270806321975942,0.829053
14-05-2076,0.281356,1.96668,0.2162221292633998,0.1085523607207141,0.873703,0.6803792730518379,1.54462,0.235385,1.1964266295661112,0.763365
21-05-2076,0.50263,1.83871,0.3528974665323337,0.104186020215156,0.776772,0.6654869831335056,1.46209,0.253563,1.0798264282293597,0.760478
28-05-2076,0.716882,1.72512,0.3135534836573178,0.0992108817327722,0.758815,0.6843078154600745,1.37582,0.245536,1.114297247592807,0.763277
04-06-2076,0.60944,1.52828,0.316918649638756,0.0951446572101552,0.737738,0.6546879066565667,1.88607,0.219269,1.0020543322111328,1.6282437158310388
11-06-2076,0.55836,1.36398,0.3164054836207887,0.0920632816535824,0.691074,0.587886608775835,2.07897,0.198145,1.004918364703807,1.727966184806777
18-06-2076,0.715976,1.37178,0.2675179163985746,0.0885738634269828,0.705098,0.5538638144653016,1.64244,0.181065,0.9341547738402372,1.729936379887171
25-06-2076,0.805455,1.39614,0.235211423249364,0.0847577527006379,0.669341,0.5132723295849478,1.37924,0.167015,0.9160681146398756,1.6525397159037445
02-07-2076,1.4445010089112988,1.28257,0.2100044317877993,0.0810414775464708,0.6488548040958702,0.446039,1.18937,0.154879,0.360965,2.3385673016234065
09-07-2076,1.1435606374282488,1.25169,0.1899461658569967,0.0776376949014092,0.5768649323577241,0.451924,1.08395,0.144019,0.391876,1.7814725298669196
16-07-2076,1.0072356124911956,1.19022,0.1783746413756345,0.0744563276360939,0.5216082192775344,0.450923,0.993911,0.134376,0.383283,1.5374373838972208
23-07-2076,0.8373653509175556,1.05515,0.1782272567768104,0.0747750976192291,0.512806418914742,0.423878,0.883271,0.125657,0.337261,1.2778749487454493
30-07-2076,0.4704845673053534,1.0470771021993903,0.1727376399074561,0.074925131167786,0.4801404675630451,0.3993790904942492,0.790662,0.117682,0.607786587357561,0.7639564807698809
06-08-2076,0.4146023898107263,0.9564330744447944,0.1578124096450378,0.0713017810804704,0.4419748546105601,0.3562638608193296,0.726779,0.11086,0.514580241401982,0.6590170029654765
13-08-2076,0.3707358642945726,0.8689117390033858,0.1444390824398315,0.0678775073473854,0.4065742338899958,0.3215019899960625,0.668285,0.104495,0.4342160559044591,0.5693204239653418
20-08-2076,0.3413942187089446,0.7805201852232138,0.1325173681535984,0.0648994757182483,0.3789018724190016,0.2915060021636967,0.603659,0.0978088,0.3576968607892462,0.4825857307882256
27-08-2076,0.3413700889427448,0.7128068592094523,0.123771369566474,0.0633277843010601,0.3550771945990657,0.2663431020545114,0.548747,0.0919104,0.3326021898617645,0.4402408365574988
03-09-2076,0.3144700531293513,0.6815697035711907,0.1161381268309191,0.0617838,0.327793,0.2431326570435769,0.501916,0.0867348,0.2300791569526608,0.4546122468752978
10-09-2076,0.282247347621737,0.6834810321623884,0.1082040775460386,0.0591973,0.305332,0.2237662639266605,0.457678,0.0816644,0.2074667397651575,0.4025547323562173
17-09-2076,0.2570591941739419,0.6856584524872125,0.1011820754991718,0.110133,0.282453,0.2064742641147219,0.417068,0.0775467,0.1941119792901396,0.3765589338655013
24-09-2076,0.2341791913406621,0.608718164004244,0.0949159602262864,0.138167,0.260442,0.1898299282802883,0.38039,0.0734065,0.1792791881801067,0.366464922070894
01-10-2076,0.2262270379376794,0.5269492735116439,0.0891779917477574,0.117863,0.2488575075830709,0.1749345020617014,0.349072,0.068945,0.1810081766363248,0.2992909168226956
08-10-2076,0.2091785602151467,0.4857889049254005,0.0837130865082291,0.147565,0.2368837438626288,0.162713575239155,0.322335,0.0651914,0.1707589415165703,0.2771645217645075
15-10-2076,0.2237325303218624,0.4508031440724594,0.0787391892837561,0.149238,0.2232883910008038,0.1539802307961947,0.29719,0.0618758,0.1628687685068553,0.2604417682290113
22-10-2076,0.2342999848149808,0.4175615012256213,0.0744472982264654,0.122206,0.2110317448208012,0.1461105819459439,0.275123,0.0589209,0.1576401581787695,0.2492250212582764
29-10-2076,0.1972118084966672,0.3770370022275843,0.0707353239113554,0.110443,0.1960203766965532,0.1368526529320932,0.255342,0.0562433,0.12128,0.212691885862405
05-11-2076,0.1843745563708838,0.3519250375697736,0.0672922229081451,0.103108,0.1843700954719322,0.1297874523662457,0.237475,0.0540645,0.120584,0.2014035465998662
12-11-2076,0.173535195673694,0.3293890683349866,0.0672259228641662,0.0975265,0.1744725043553167,0.1237831522322455,0.221821,0.0530593,0.11962,0.1912946990288603
19-11-2076,0.1628353895271689,0.3090605638036345,0.0669427248163592,0.0921461,0.1656688992360183,0.1174785271665553,0.21242,0.0518596,0.124447,0.182270601237628
26-11-2076,0.1547028142919702,0.291294274697961,0.063621916840378,0.0855869,0.1588293663963131,0.1117588641901714,0.203859,0.0503302,0.1318539651895406,0.1912735870175028
03-12-2076,0.1469072777107321,0.2760905040322172,0.060952119507711,0.0805133,0.1526406499315016,0.1064522287635347,0.192109,0.0538264,0.124518956431665,0.1868580753947706
10-12-2076,0.1403229306402769,0.2624481223044218,0.0587136184231805,0.0764899,0.1460377308222072,0.1017644506275034,0.181624,0.0560859,0.118445149248043,0.1795304230553757
17-12-2076,0.1363083428894924,0.2503790782267838,0.0966034292723668,0.0730153,0.1448681932503479,0.1006143276689429,0.172427,0.0528225,0.1132174685311734,0.1745246858304447
24-12-2076,0.1335356711081228,0.2410932322979713,0.1373770478468546,0.0701316,0.143887546164616,0.1009595508969045,0.165487,0.050581,0.1104900288234242,0.1772145740040621
31-12-2076,0.1594941412479793,0.2451033337892244,0.1189080350012097,0.0678939,0.1410613839931707,0.0978692116863975,0.159244,0.0488442,0.100938,0.1924432941527491
07-01-2077,0.1569872344228691,0.2377386382500771,0.1054150345336051,0.0665,0.1370396430917229,0.0960581751873983,0.167255,0.0473704,0.0985744,0.1936592908070356
14-01-2077,0.1561153150889147,0.2310944071413282,0.116778038502231,0.093543,0.1331149429536179,0.1209365203087766,0.175739,0.0543885,0.0978769,0.1971945480538952
21-01-2077,0.1594083377025587,0.2265031726527035,0.1250750428288716,0.317073,0.1299638230812096,0.1406625280738457,0.176832,0.0646507,0.0966932,0.2173478069747344
28-01-2077,0.1254012980477697,0.203822,0.113268,0.424762,0.1312490017108769,0.130855,0.177248,0.0632371,0.094389,0.245554
04-02-2077,0.1230914825212111,0.209297,0.105542,0.422535,0.1321977084464261,0.125334,0.188012,0.0950207,0.0942422,0.325964
11-02-2077,0.1233518427668529,0.233172,0.100136,0.458961,0.1328007169844538,0.118768,0.196924,0.126994,0.095727,0.311632
18-02-2077,0.2731822330747863,0.343429,0.102052,0.394884,0.133779360553807,0.217316,0.241849,0.133239,0.0949782,0.297387
25-02-2077,0.4209824154948701,0.41183,0.104905,0.340151,0.134253296543363,0.441331,0.278225,0.136214,0.16279,0.30453
04-03-2077,0.3492896861105951,0.5930496742091655,0.102745,0.30565,0.1379905821647392,0.4612608213394158,0.271486,0.134999,0.249315,0.6059907023243496
11-03-2077,0.712203533748549,0.7724900989805603,0.101247,0.282231,0.2035119353088991,0.4611394366625637,0.268484,0.17519,0.224253,0.6928619366409494
18-03-2077,0.9362989920539468,0.8881134884716363,0.279217,0.331155,0.2661449273646351,0.4790582046127112,0.261394,0.19088,0.197414,0.915597145867616
25-03-2077,0.7410170858149614,0.7776800871776106,0.473068,0.398079,0.2465216059056068,0.4242337528620568,0.271509,0.16349,0.186304,1.066768119038902
01-04-2077,0.634863,0.6319227026026845,0.397975,0.393647,0.2534735981548855,0.378627,0.297593,0.145401,1.1566799961808578,1.08281
08-04-2077,0.586765,0.5840230201924377,0.33025,0.481639,0.2340643999556307,0.373419,0.299591,0.132946,1.1176243059372288,1.30353
15-04-2077,0.651499,0.5903908875696099,0.295164,0.578413,0.2213287243430082,0.805488,0.272883,0.127928,1.0991061183776982,1.93112
22-04-2077,0.681225,0.6068714420550954,0.273629,0.532105,0.2195908257448494,1.70879,0.254376,0.124787,1.1797454365941389,2.17055
29-04-2077,0.7827941213873169,0.415734,0.255526,0.490177,0.2203857207379667,1.85096,0.244564,0.125303,0.16607,1.64466
06-05-2077,0.7667632252280935,0.396857,0.338008,0.456938,0.2060404148286459,1.45371,0.285378,0.123521,0.162716,1.8226
13-05-2077,0.7696854618783235,0.424969,0.549477,0.431634,0.2208933477868776,1.16326,0.318328,0.11497,0.174664,1.97739
20-05-2077,0.7927868465841896,0.586853,1.12735,0.417633,0.2268061640210386,1.23873,0.297201,0.108258,0.325099,1.69134
27-05-2077,0.8764857204960199,0.654407,1.46237,0.385568,0.2301558948760772,1.27252,0.312304,0.137636,0.427094,1.44611
03-06-2077,1.615914237821755,1.1697663022962776,1.18439,0.370224,0.2114624233903312,1.1366087667527698,0.314729,0.160979,0.456366,4.413130754380112
10-06-2077,1.497213191891299,1.0522753594040362,0.924472,0.354937,0.2024991836570469,1.0071139068158848,0.283194,0.141211,0.462456,4.04561255822965
17-06-2077,1.23777574092271,0.896520429566072,0.769925,0.327424,0.2291362044592228,0.9057021633636108,0.26877,0.141004,0.386615,3.3901966029762707
24-06-2077,1.0967802307425565,0.8112339430982216,0.657678,0.301776,0.2460186624451717,0.82931880632619,0.25538,0.154791,0.340818,3.095646456824322
01-07-2077,0.8481782704360016,0.5935393794780275,0.572984,0.277444,0.2422560985207298,0.7368918757483287,0.235192,0.149485,1.4856037372398023,1.1289637665707863
08-07-2077,0.7072108164141041,0.528090927959435,0.504229,0.255719,0.2157469857657658,0.6586508906632093,0.219183,0.240159,1.0674126702929547,0.999979595559798
15-07-2077,0.6317228635925958,0.494305022086885,0.448321,0.235991,0.2071806923672363,0.5966576399168,0.205492,0.350057,0.9628432743689664,0.9167122512531044
22-07-2077,0.5502789615368896,0.4567995955850613,0.403266,0.218494,0.1974942788821142,0.5438207106605523,0.194701,0.308117,0.8061420997625453,0.8341792051550321
29-07-2077,0.3776099402455976,0.373340346545582,0.36652,0.204468,0.16942006032942,0.4927738962094476,0.183995,0.263247,0.3861755378681334,0.970727441280784
05-08-2077,0.4471526426720628,0.376466793358608,0.337146,0.191713,0.1581481054080225,0.4518538724623014,0.171582,0.230724,0.3397254619082351,0.8619900970152187
12-08-2077,0.4894198238157451,0.3876615570598489,0.309289,0.178541,0.1478605728539468,0.4222988078811903,0.187188,0.198492,0.3045653540380896,0.7642281779404361
19-08-2077,0.4159990176939465,0.3619126801196607,0.282268,0.166159,0.1375085533378346,0.3955033006381693,0.197476,0.178096,0.2603602415003327,0.6588252039139599
26-08-2077,0.3761250432511284,0.3332450940018428,0.266941,0.156075,0.1302210963199531,0.3765967964734965,0.176846,0.161513,0.2582030891603161,0.6116454536032265
02-09-2077,0.3311636909539419,0.2809688424496627,0.25219,0.146839,0.1199137157589932,0.365932,0.163008,0.146738,0.173072,0.4639068823140491
09-09-2077,0.3007090385141588,0.2593806409587628,0.230719,0.137261,0.1136633709350071,0.344158,0.152781,0.133498,0.166069,0.4257109415695552
16-09-2077,0.2745328764269395,0.2410369360535533,0.259329,0.12858,0.1080400028702347,0.31541,0.142865,0.120831,0.167277,0.3931659508612666
23-09-2077,0.2510463057999487,0.2266489587000197,0.2724,0.120559,0.102299441208733,0.28801,0.132568,0.109991,0.159371,0.3631341961176461
30-09-2077,0.2331879414782566,0.2175692152571136,0.235441,0.120419,0.0975322878159267,0.264953836324952,0.123949,0.100725,0.1543591367133408,0.3487680552389499
07-10-2077,0.2165049818372188,0.2031184451171456,0.212565,0.118824,0.0928839433307553,0.2447411552034403,0.116447,0.093231,0.1434446363923701,0.3253937278681101
14-10-2077,0.2022759549754035,0.1915853538682776,0.194361,0.110009,0.0886865226994099,0.2265498029443212,0.109138,0.0868588,0.1371943201682411,0.3048431303426558
21-10-2077,0.1897474345386248,0.1815685111651798,0.179335,0.103062,0.0849609889972358,0.2107687630264357,0.102748,0.0813543,0.134277289617121,0.2880787797565374
28-10-2077,0.1779905734288619,0.1713569928264301,0.166356,0.097151,0.0823905151213471,0.1964201418701404,0.0969893,0.0765434,0.1290255859802581,0.2723402125096457
04-11-2077,0.1638954557663278,0.1600591262614247,0.157423,0.091948,0.0799216858996517,0.1835686961243457,0.091886,0.0725635,0.1552590953294896,0.242221
11-11-2077,0.1548470103976497,0.1528796679533878,0.149565,0.0872981,0.0794046384700821,0.1729890478883387,0.0876815,0.0697277,0.1556435510276006,0.22923
18-11-2077,0.1468087324674664,0.1484414046596388,0.14033,0.0830431,0.0783412398936011,0.163414498118895,0.0955702,0.0676637,0.1652155184713239,0.21793
25-11-2077,0.1397016363543858,0.1446875462907785,0.13213,0.0792259,0.0752081368287141,0.1542451849052467,0.101318,0.0651014,0.1775143391525944,0.207742
02-12-2077,0.135797340832015,0.138739929825301,0.125018,0.093675,0.0727994419182019,0.1462258572962519,0.0960766,0.0621128,0.1397169510288398,0.219129839425052
09-12-2077,0.1302600836200997,0.1334275327420973,0.119061,0.105651,0.0705921657951404,0.1393238103364443,0.0925814,0.0595343,0.1310020991519789,0.210723352515598
16-12-2077,0.1252498667999415,0.1289260364836644,0.128522,0.0960983,0.0687073713138912,0.1332015164428225,0.0877224,0.057293,0.1250087945189118,0.2071093241612245
23-12-2077,0.1215331843866522,0.1260561723436727,0.141034,0.0908281,0.067173233329055,0.1277196435987319,0.083996,0.0553011,0.1256956275062281,0.2091307181064767
30-12-2077,0.114571,0.1254966666107735,0.134764,0.0862585,0.0662212252173988,0.122625,0.100146,0.0535752,0.0991203,0.2009086264910036
06-01-2078,0.111557,0.1228461480422468,0.127202,0.177129,0.0652543004751411,0.126838,0.120739,0.0520838,0.095954,0.1993587107690357
13-01-2078,0.142981,0.1209072503284949,0.131586,0.344056,0.0644571009582352,0.147647,0.11473,0.0507095,0.0931372,0.1988454911497796
20-01-2078,0.194847,0.1200203660346923,0.135233,0.335651,0.0766989853409393,0.163448,0.106984,0.049685,0.0943174,0.1976953753752423
27-01-2078,0.189605,0.109215,0.131403,0.273262,0.0880776,0.1670736357186641,0.142731,0.0487852,0.3468109011791722,0.174843
03-02-2078,0.183923,0.107141,0.132272,0.243691,0.107697,0.171926113617276,0.239893,0.0535895,0.3593456701406709,0.183798
10-02-2078,0.187245,0.132807,0.13556,0.227193,0.123776,0.173760056435818,0.291472,0.0763617,0.3769668531733883,0.18669
17-02-2078,0.179784,0.174862,0.152082,0.209793,0.131881,0.1660127525067004,0.314796,0.087982,0.3678103324766629,0.188563
24-02-2078,0.353701,0.217445,0.159676,0.197116,0.1375,0.1612816401412721,0.306656,0.0794342,0.3855077989759218,0.289224
03-03-2078,0.498246,0.4830578353838159,0.164617,0.226184,0.1624213103312717,0.1593299725248208,0.26431,0.0916478,0.8830730738474752,1.0104738857564213
10-03-2078,2.19427,0.9693497461862568,0.203371,0.349218,0.1525366494426348,0.1916598706814792,0.239013,0.352869,0.8794967561712885,1.0153571849949583
17-03-2078,2.98574,1.231269864991837,0.223145,0.398438,0.1449121405913612,0.2394147930333755,0.221141,0.522901,1.0186241266952163,0.916789876862578
24-03-2078,2.06549,0.9514292658228762,0.208205,0.41069,0.1379536348569027,0.2854410012192286,0.270719,0.3961,1.1769807247283632,0.8504710492297715
31-03-2078,1.74545,0.541234,0.210066,0.418673,0.101828,0.296921,0.313141,0.361515,0.130115,0.365527
07-04-2078,1.55222,0.476852,0.208763,0.932935,0.114608,0.295156,0.288075,0.328542,0.131405,0.376153
14-04-2078,1.61379,0.603544,0.233382,1.5376,0.126539,0.328676,0.280955,0.286129,0.134381,0.38213
21-04-2078,1.63733,0.741164,0.251623,1.39334,0.125289,0.326323,0.461799,0.260039,0.142148,0.401604
28-04-2078,1.39952,0.965591332967219,0.226561,1.17625,0.131077,0.3291771532906052,0.591444,0.241596,0.156742,0.407046
05-05-2078,1.24941,0.8772397917686354,0.207443,1.01512,0.136514,0.3346443604631491,0.624148,0.222508,0.266083,0.396401
12-05-2078,1.32647,0.8019967362698618,0.264182,1.04142,0.169218,0.3207133308122172,0.719711,0.210714,0.472768,0.466431
19-05-2078,1.34503,0.7558454502364725,0.360056,1.756,0.197707,0.3131444098905879,0.753463,0.201349,0.666912,0.520837
26-05-2078,1.36897,0.7190322774321535,0.486777,1.96527,0.183266,0.2953622526887512,0.691065,0.187217,0.701807,0.465196
02-06-2078,1.53537,0.6303670054756094,0.531282,1.59627,0.2143482913603927,0.2823150989357248,0.874984,0.174017,1.00362,0.5688120903467931
09-06-2078,1.45903,0.6148009645618833,0.442906,1.75594,0.2127517887721633,0.2783941873407207,1.03813,0.161633,1.11494,0.5383352344788658
16-06-2078,1.3143,0.5540254430828783,0.381628,1.73251,0.2050517012202475,0.2646561544914084,0.86622,0.184132,0.88101,0.5045130607738405
23-06-2078,1.21118,0.5134512713383854,0.347938,1.39881,0.1899035401050125,0.2706749732433013,0.785617,0.202233,0.767394,0.5191122961833576
30-06-2078,1.8040205580440896,0.4925786451934402,0.326285,1.17759,0.1537871008724269,0.2683111161352585,0.731755,0.180101,2.270780553967884,1.1306765469904645
07-07-2078,1.5628555395151715,0.4438463168584031,0.302807,1.02238,0.142847708404208,0.2426446695777995,0.646222,0.164758,1.7232254856746567,0.9340880174095032
14-07-2078,1.400322376319011,0.4113233525918306,0.282954,0.902629,0.1352957580306952,0.2245449662976334,0.575216,0.155951,1.4153917351250875,0.886906418753528
21-07-2078,1.2210203498139285,0.387192424368198,0.306829,0.806028,0.12550438406842,0.2091577120802004,0.523568,0.147539,1.0992740083034347,0.7759551186437685
28-07-2078,1.066076107608792,0.3639359119874543,0.320971,0.727336,0.1182168966643133,0.1940281579522678,0.478399,0.139801,0.8978880976642012,0.6811669990426444
04-08-2078,0.7953208671043461,0.3165131870513212,0.403138,0.658109,0.1089829465490742,0.1830776551252059,0.429907,0.13426,0.618144639537037,0.5178642705042629
11-08-2078,0.7130486078796314,0.2889846638814876,0.433071,0.596342,0.10196514759447,0.1732689233203059,0.390804,0.126152,0.5350312651287874,0.4443652280670395
18-08-2078,0.6415973949506779,0.262822356228108,0.351915,0.542677,0.0946779653287264,0.1612007641283807,0.368195,0.11737,0.4551910218576648,0.3632825456555158
25-08-2078,0.5988011322564137,0.2487012608043848,0.308752,0.497101,0.0897371985521748,0.1507223670843237,0.346589,0.115035,0.4158616296755191,0.3451938964595469
01-09-2078,0.5131494164041739,0.2257452536568625,0.277871,0.454783,0.0825816313212809,0.140736096089231,0.316045,0.11264,0.28001,0.2203731834743816
08-09-2078,0.4707512361164294,0.2178415327718046,0.250608,0.415018,0.0785109293417666,0.1319652771232172,0.288118,0.104645,0.258139,0.2014239794771918
15-09-2078,0.4360935487742432,0.2020140067178628,0.227208,0.38018,0.074797520196997,0.1241482532411116,0.263373,0.0965025,0.237022,0.1901027974235778
22-09-2078,0.402448743744855,0.1877482781500384,0.205202,0.347143,0.0710675049293211,0.1161897426937879,0.240326,0.08936,0.21799,0.1772452503831285
29-09-2078,0.3727430922414394,0.1775195265530748,0.191068,0.318116,0.0677871114029959,0.1087292513386594,0.219791,0.0829287,0.2174263828276408,0.1674982068521168
06-10-2078,0.344665417737279,0.1666491666447745,0.179169,0.293888,0.0650391211083215,0.1024850712112918,0.203204,0.0774582,0.2025625597462408,0.1588010389246412
13-10-2078,0.3216141662240661,0.1573035165685371,0.168406,0.271925,0.0636235607613999,0.0968392913995954,0.189378,0.0726353,0.192624141870833,0.1518433347426673
20-10-2078,0.3013396514991759,0.1491829189949442,0.159218,0.251976,0.0622163040976885,0.0917772118806588,0.179063,0.0691376,0.1843504777992449,0.1467978667956027
27-10-2078,0.2843566783350403,0.1414915083080951,0.148544,0.234499,0.0598589645973547,0.0873062219098668,0.169157,0.0659959,0.1734478159716228,0.1402535330590255
03-11-2078,0.2659425446803696,0.1327697218027634,0.141184,0.219089,0.0576999,0.0835037414135486,0.158433,0.0625346,0.1542837669892223,0.1250331082919215
10-11-2078,0.249908630779289,0.1269193022942838,0.133492,0.207127,0.0566497,0.0801954391546882,0.148886,0.0598261,0.1495300631961383,0.1200666021762284
17-11-2078,0.2356266430629537,0.1215598218795251,0.125531,0.202054,0.0554887,0.0770302655114297,0.140365,0.0573614,0.1431436327528142,0.1158175275131603
24-11-2078,0.2229524789607421,0.1169671666661742,0.118702,0.195552,0.053795,0.0745448763008683,0.140165,0.0548552,0.1367571595212531,0.1125417523297827
01-12-2078,0.2182215809735064,0.1147394807100179,0.113314,0.187341,0.0526370675920471,0.072707385369384,0.139494,0.0550093,0.130617,0.112111200587677
08-12-2078,0.2081939909760234,0.1117206753069311,0.108691,0.179675,0.0512758201512029,0.0705452900633326,0.131182,0.0550263,0.12885,0.1084403568216048
15-12-2078,0.1995677326830117,0.1081864971269872,0.10423,0.170193,0.0500947635102002,0.0683258736691409,0.124928,0.0525435,0.122524,0.1058695905421951
22-12-2078,0.1935099731451314,0.1059223416514367,0.100349,0.164276,0.0495311176933107,0.0670684635382632,0.119879,0.0509377,0.1181,0.1071493778929202
29-12-2078,0.17644,0.1056949720315356,0.114771,0.15923,0.0493516902815821,0.0715514110355376,0.115426,0.0495521,0.125224537413825,0.119649
05-01-2079,0.170141,0.1040700812433174,0.128854,0.152795,0.0486453334701799,0.0752780893592233,0.113681,0.0482542,0.1281559246090622,0.159394
12-01-2079,0.22602,0.102787884652355,0.129556,0.15789,0.0479381848634751,0.0722431468376746,0.112515,0.0473707,0.1357111575821335,0.155277
19-01-2079,0.380733,0.1016141115390886,0.174036,0.16196,0.0570581216359463,0.0742706743746975,0.109223,0.0463703,0.1364335463665805,0.139193
26-01-2079,0.44946,0.144417,0.257885,0.154253,0.0905695,0.0756723,0.105983,0.0790682,0.279664,0.130276
02-02-2079,0.484055,0.194167,0.337219,0.148718,0.104072,0.0806869,0.103253,0.115061,0.419094,0.131758
09-02-2079,0.526411,0.16995,0.352092,0.145376,0.0900423,0.128822,0.103083,0.0981223,0.362227,0.133377
16-02-2079,0.497652,0.198734,0.313489,0.145322,0.0826795,0.165011,0.120467,0.087528,0.375719,0.239998
23-02-2079,0.599973,0.231758,0.288349,0.333582,0.103978,0.151523,0.185404,0.0808276,0.407882,0.344975
02-03-2079,0.8568013740654512,0.3179523344964626,0.353449,0.535617,0.1453341806097985,0.2897049077763662,0.296474,0.0763927,0.5955677969941305,0.7588107300022835
09-03-2079,0.8361212929047892,0.5503843430928362,0.40927,0.448298,0.3153447135868441,0.3855089328402011,0.53858,0.0751878,0.5874083088934348,0.7795916398299845
16-03-2079,0.8283418670008216,0.7961489377436185,0.38858,0.500688,0.4683188839154776,0.3310286205465227,0.625941,0.0755612,0.6283527250174781,0.7740432794787593
23-03-2079,0.7631253012675873,0.775798256010136,0.360842,0.531329,0.3871952567062522,0.3281388971689039,0.851513,0.0742403,0.9051042296762886,0.7553932049269416
30-03-2079,0.539562,0.670733,0.359491,0.476054,0.287603,0.314157,0.985176,0.0771351,0.759264,0.335112
06-04-2079,0.522123,0.669225,0.355327,0.441774,0.269377,0.284229,0.846524,0.0787493,1.16579,1.27034
13-04-2079,0.549871,0.561064,0.486914,0.40156,0.545664,0.406388,0.776306,0.124582,1.34278,1.76586
20-04-2079,0.576009,0.514421,0.641891,0.484127,0.74007,0.500199,0.753226,0.164346,1.05293,1.29378
27-04-2079,0.55507,0.481946,0.584075,0.535396,0.599195,0.419624,0.727369,0.168867,0.897143,1.07911
04-05-2079,0.8263345224986793,0.437128,0.500152,0.686239,0.5538940174402602,0.38372,0.647073,0.168761,0.802477,1.645340052940493
11-05-2079,0.8274718675859735,0.602923,0.96348,0.80078,0.524663591572428,0.486982,0.586892,0.153719,0.755006,1.5470471128128456
18-05-2079,0.8058741741878377,0.863345,2.38402,0.680647,0.4973224143770097,0.541426,0.566984,0.1628,0.7918,1.4345877313104356
25-05-2079,0.8060595156411416,1.00482,2.45118,0.639114,0.4512866581538873,0.499617,0.612006,0.16634,1.01553,1.396915451532851
01-06-2079,1.3186190868736802,1.09177,1.75737,0.711941,0.4261980851130035,0.4703773748165387,0.735014,0.151814,4.047216163901111,0.857199
08-06-2079,1.2196618839038995,0.997033,2.13059,0.720436,0.3916538078335204,0.4127893535224541,0.732671,0.138421,4.063624136773536,0.917578
15-06-2079,1.1285599914052038,0.914175,2.46887,0.633192,0.3728922829759622,0.3819226127379319,0.676754,0.128199,3.659938396060389,0.799559
22-06-2079,1.1176591610743252,0.871897,2.14146,0.5997,0.3615366746830523,0.3547498334159603,0.631569,0.118157,3.377505970796204,0.722033
29-06-2079,0.443715,0.9954930852008764,1.90805,0.566621,0.3147741383984621,0.3168926620094029,0.55829,0.1092,1.959453803634565,0.770567
06-07-2079,0.434639,0.8407682489366552,1.67054,0.568617,0.283110985136255,0.2865764129728304,0.517784,0.104553,1.5278535135364524,0.807031
13-07-2079,0.428086,0.7451857281517618,1.41424,0.556407,0.2605508344250645,0.2623575864143009,0.477831,0.100012,1.288544942842037,0.721307
20-07-2079,0.447174,0.7015787461068564,1.28555,0.488339,0.263802630174508,0.2429737208410936,0.43087,0.0934837,1.1020521429891124,0.635539
27-07-2079,0.423106,0.6588271138292441,1.17807,0.438036,0.259422409552442,0.2272860351001973,0.404013,0.0875408,0.9593096634144544,0.572263
03-08-2079,0.5037404922781735,0.5971431391748977,1.03477,0.39725,0.2319983381658082,0.2138577901499845,0.378426,0.120946,1.0995817982005964,0.8918249947612132
10-08-2079,0.452189243028201,0.5672404841366123,0.915854,0.361493,0.2130732905212776,0.1987262183260836,0.346179,0.143804,0.9508976428763382,0.7597835085575357
17-08-2079,0.3921313187724354,0.4959276757596966,0.816873,0.330448,0.1982600513967234,0.1831553373479202,0.317168,0.118328,0.7686898366472992,0.6300140241426054
24-08-2079,0.3699293929218005,0.4761406825862286,0.738347,0.307426,0.1854703723193701,0.1701554456911979,0.290434,0.104252,0.7035921504163921,0.5692849284366956
31-08-2079,0.283903,0.4295368871310828,0.67437,0.289679,0.168972,0.1583513560146642,0.2676,0.0977728,0.3933377516636474,0.384578748436894
07-09-2079,0.263225,0.3887572785137759,0.616609,0.27065,0.157919,0.147920131680515,0.248116,0.0922293,0.3555056861454383,0.3507890522589031
14-09-2079,0.244101,0.3566019120420344,0.561841,0.25031,0.14808,0.1379174784330692,0.231037,0.0845599,0.3265423647081464,0.3226521850397919
21-09-2079,0.225489,0.3232705855135238,0.508757,0.229789,0.137275,0.127965585413623,0.21378,0.0775718,0.2995525497416461,0.2969540975274022
28-09-2079,0.2151184136615603,0.2983141456448762,0.461502,0.211311,0.1280992475688556,0.1191411825985947,0.1989,0.0715695,0.2759484032736341,0.2927812532932003
05-10-2079,0.2012118108873417,0.2748029150201171,0.422548,0.195858,0.1196590066222562,0.1117553027077773,0.190596,0.066631,0.2567454121032577,0.273747353228357
12-10-2079,0.1940676485152722,0.2538612891223991,0.389044,0.181965,0.112689543080954,0.105901332312032,0.181421,0.0637264,0.2458939575027021,0.258273297439219
19-10-2079,0.1877716927502145,0.2367535764813935,0.371566,0.169603,0.1075301189102503,0.1009964171282239,0.168872,0.0611702,0.2360324886120704,0.245613650013245
26-10-2079,0.176681110984638,0.2271698232259776,0.354827,0.159051,0.1027978614740462,0.0957153609234491,0.157861,0.0577096,0.2208199622107681,0.2314221763124211
02-11-2079,0.1734510168559874,0.2158720291047409,0.328022,0.175388,0.1020229153174843,0.0924368489868551,0.158499,0.054637,0.197049,0.198987
09-11-2079,0.1717458983634393,0.2024114845002443,0.304097,0.18886,0.1008394561098294,0.0909966878728251,0.158473,0.052322,0.185871,0.193695
16-11-2079,0.1648902064390299,0.1910680945892895,0.283009,0.175969,0.0968189157586984,0.0880163418238658,0.150386,0.0521477,0.176133,0.183402
23-11-2079,0.1606058924294746,0.1845422573496173,0.264364,0.166414,0.0931255243051812,0.0869915103132536,0.143366,0.0522549,0.16686,0.174266
30-11-2079,0.1585645236234978,0.1828380086002061,0.248406,0.155742,0.0888431073544322,0.0854348318350699,0.135988,0.0504816,0.1819042025925507,0.2076049304307079
07-12-2079,0.1513317384165994,0.1736791121196405,0.234896,0.147203,0.0849879118097929,0.0812357788395782,0.129498,0.0483303,0.174302749994798,0.2040278000051911
14-12-2079,0.1456235858767634,0.1663352831459003,0.222761,0.139962,0.0820718201767243,0.077829366046427,0.123229,0.0477168,0.1682481066462051,0.1975827241432181
21-12-2079,0.1434133637824303,0.1639672015124929,0.213433,0.13379,0.0797245197467197,0.0751205686263686,0.119128,0.0470885,0.1690477055221628,0.2009183698051134
28-12-2079,0.1684589880568024,0.1568413778870441,0.206782,0.128659,0.0780501753387586,0.0735642,0.115761,0.0453418,0.134628,0.1475575931581871
04-01-2080,0.1901838138132341,0.1525135448441139,0.201981,0.123866,0.0762704597512824,0.0726333,0.119944,0.0439803,0.133878,0.1456346805903872
11-01-2080,0.1811269900590202,0.1499704915031389,0.229254,0.119411,0.0743976307885674,0.0733592,0.123707,0.0428888,0.266797,0.1441256764982597
18-01-2080,0.1749578009800343,0.1480092920573963,0.279961,0.115526,0.0741716445830744,0.0945672,0.121885,0.0418906,0.439187,0.1420640396864507
25-01-2080,0.1697404856324294,0.1456027673169238,0.280073,0.112166,0.0882601822844569,0.112757,0.125341,0.040939,0.386805,0.1404375287931719
01-02-2080,0.1518949551019444,0.130259,0.272452,0.109868,0.0981519,0.104154,0.124672,0.0400827,0.355606,0.4839457936092326
08-02-2080,0.1571300327066531,0.142625,0.278835,0.109939,0.0928533,0.0975671,0.155447,0.0393525,0.421078,0.5011292557340603
15-02-2080,0.1535330838755347,0.156533,0.296614,0.110936,0.139775,0.262328,0.185594,0.0387002,0.444737,0.4980830485106027
22-02-2080,0.1650254784407647,0.184898,0.306487,0.26753,0.28261,0.422824,0.245214,0.0383354,0.454899,0.5255527705307501
29-02-2080,0.3841469749044784,0.2237228844127419,0.300919,0.417337,0.6556953812363228,0.3516046430049812,0.286138,0.038016,0.7090378502947752,0.5135789648139283
07-03-2080,0.4920849704140295,0.2318510005606177,0.374811,0.512471,0.7639104254179843,0.444877087564029,0.275727,0.0380628,1.27840760884318,0.5183280746371162
14-03-2080,0.5764830330936979,0.2991441469008542,0.588532,0.611491,0.5922859193702459,0.5058761601017135,0.33553,0.0389315,2.6164489867139484,0.5248347027621924
21-03-2080,0.607502648321894,0.4115865954550484,0.743018,0.525185,0.5054096978895581,0.4280176485121781,0.389934,0.0540561,2.873671079450663,0.5264728700132477
28-03-2080,0.4757227650117255,0.420199,0.690774,0.468372,0.4656877948521662,0.372517,0.370563,0.0675998,3.547032219073313,0.207895
04-04-2080,0.4565006569657777,0.497448,0.595805,4.12871,0.42683417769227,0.354738,2.10809,0.0603842,3.193867673070473,0.955222
11-04-2080,0.4175558047804666,0.743822,0.747729,5.00082,0.3923133090062137,0.385389,3.22271,0.063701,3.0116997892676727,1.4911
18-04-2080,0.4366013524527024,0.792249,0.852244,3.68171,0.3644317158656371,0.407789,2.39034,0.0716272,2.937191043619144,1.2439
25-04-2080,0.4627206388552731,0.800778,0.758376,2.9373,0.3586868935247114,0.403624,1.88681,0.0772003,2.759459638002008,1.02726
02-05-2080,0.547490823044828,0.795128,0.845954,2.48329,0.404251,0.3770060165919267,1.57961,0.0788361,1.04168,3.4981872070975983
09-05-2080,0.5302082128336285,0.712296,0.923225,2.20899,0.432528,0.3354147605215376,1.53026,0.0887202,1.01996,3.4798354321804528
16-05-2080,0.5592009542850339,0.687978,0.953561,2.50581,0.442801,0.3054428486092639,1.58672,0.102079,0.977991,3.2591471818016458
23-05-2080,0.5929166647018522,0.727005,0.912899,2.57933,0.462259,0.2803858122625208,1.48114,0.232574,0.908418,3.3070706912147134
30-05-2080,0.3394771835859035,0.815837,0.782196,2.13362,0.527551,0.2675169387857998,1.3291,0.325845,0.870521,0.858569
06-06-2080,0.5025756775134196,1.34376,0.69353,1.84243,0.540339,0.2640773163961648,1.20838,0.329009,0.816426,0.838139
13-06-2080,0.5868520565347456,1.61561,0.63013,1.62835,0.507493,0.2526551666319008,1.12109,0.325178,0.776335,0.781313
20-06-2080,0.4763410775720759,1.33234,0.590129,1.55873,0.500547,0.2394344177557494,1.02549,0.269432,0.796504,0.745251
27-06-2080,0.412794173906391,1.09757,0.556806,1.48821,0.450747,0.227776667350661,0.912671,0.246366,0.774927,0.689947
04-07-2080,0.6620022955352346,1.11515123835305,0.511392,1.33363,0.4141343366824465,0.2563065544253034,0.817935,0.267166,2.51354190096111,1.0808780338831974
11-07-2080,0.5846357456983591,1.0117163150031314,0.471053,1.19673,0.3703115365446936,0.2765374539374674,0.747366,0.260547,2.3282096860621246,1.0087547968053947
18-07-2080,0.5045564476691092,0.8874021440064618,0.435732,1.07839,0.3343403828848686,0.2485427536247914,0.69808,0.217945,1.972205648176888,0.8923652498976278
25-07-2080,0.469196134681947,0.7953342395580851,0.413421,0.980199,0.3031584767403446,0.2252446146132621,0.789906,0.189505,1.6400646063826303,0.79955529412875
01-08-2080,0.3675949689513648,0.7190010559626028,0.397265,0.892737,0.2809139186008508,0.2179192809288229,0.842636,0.170709,0.7167681902811224,0.5653176429371358
08-08-2080,0.3767830758407456,0.6323441147124914,0.368606,0.810674,0.2683574391986229,0.2084830555140628,0.75183,0.153818,0.6260170070635217,0.5012871928658791
15-08-2080,0.3205043932160101,0.5564574159209774,0.338461,0.736376,0.2467960720704225,0.1891658836025072,0.678554,0.139373,0.5413609276771735,0.4421010541692216
22-08-2080,0.3202862077642575,0.5043449837741484,0.342198,0.672695,0.2314659778781975,0.1757776834153824,0.610015,0.136131,0.4942911570505353,0.4049834956461158
29-08-2080,0.262372,0.4283791283467162,0.340137,0.617562,0.217248,0.164523038716457,0.554728,0.143035,0.374995,0.333825
05-09-2080,0.23624,0.3922788337298507,0.309473,0.566796,0.204122,0.1528525289142417,0.50572,0.14012,0.35363,0.309041
12-09-2080,0.220206,0.3607182757194129,0.284492,0.530463,0.189536,0.1415733771005058,0.460506,0.126837,0.330579,0.286045
19-09-2080,0.203811,0.3299359606750997,0.259123,0.493479,0.174162,0.1310806149653422,0.41904,0.113364,0.304285,0.264176
26-09-2080,0.1924815382934552,0.3058132666238889,0.236617,0.450818,0.1612831918700251,0.1218054564657309,0.382215,0.103556,0.3073215726582159,0.2699989615936409
03-10-2080,0.1787091365923061,0.2829926344135116,0.218518,0.414727,0.1496056181381288,0.1137228080329794,0.350061,0.09648,0.2875466582945706,0.2531050999645969
10-10-2080,0.1808633247281487,0.2633657460476735,0.203067,0.382527,0.1395673302598024,0.1064150643545924,0.322706,0.0890838,0.2708862654630473,0.2463068485132465
17-10-2080,0.1815114726685851,0.24644520736203,0.189215,0.354176,0.130991149050952,0.0999343896285283,0.298821,0.0824319,0.2576976661505014,0.2500086624566413
24-10-2080,0.1655284096790459,0.2288629584598775,0.176825,0.329742,0.1228405048411152,0.0941975528137161,0.277133,0.0767099,0.214422,0.2157344924180534
31-10-2080,0.154409811459949,0.2154905655228581,0.18069,0.311856,0.1163001205190099,0.0896282945354354,0.258461,0.0739922,0.202271,0.2098484955495322
07-11-2080,0.1460806199264446,0.2026542496438471,0.182686,0.295007,0.1108102296522347,0.0859321867458825,0.242353,0.0714707,0.191778,0.2031891182754518
14-11-2080,0.1391031778337123,0.191109885457805,0.169082,0.281464,0.1072837124337334,0.0859822142512556,0.230426,0.0697033,0.18216,0.1907473193478358
21-11-2080,0.1356663292141103,0.1825582619890977,0.158688,0.275547,0.1035759693498326,0.08682189663966,0.219626,0.0679588,0.1769324331641301,0.1939759860474696
28-11-2080,0.1306627846927001,0.1748228838150925,0.149769,0.264387,0.0993306687643167,0.0864322196106292,0.209098,0.0642826,0.1702136415586452,0.1892825925236748
05-12-2080,0.125187716460102,0.1670446353189743,0.142083,0.248927,0.0956857840002049,0.0844982356878974,0.199676,0.0612234,0.1627642966277689,0.1813050462408439
12-12-2080,0.1206977738103567,0.1602973884866563,0.15204,0.235676,0.0920088483180276,0.0802504428373013,0.189873,0.0593573,0.1664216939328033,0.1743622389536066
19-12-2080,0.1195855750240385,0.1555618152772107,0.178897,0.224734,0.088834373454244,0.0847231158729865,0.181183,0.0605293,0.1932834880162482,0.184272861310489
26-12-2080,0.104645,0.1584715923773081,0.178896,0.215549,0.0864826819708215,0.0884440387510386,0.173664,0.063429,0.2585786271143132,0.2317911805772211
02-01-2081,0.101629,0.1546864496004677,0.16524,0.207092,0.084020822075422,0.0841025248568933,0.166856,0.0639168,0.2443083936795995,0.241401133458473
09-01-2081,0.156642,0.1518477318849269,0.156455,0.199729,0.081898042930992,0.0810274324608992,0.161268,0.0616299,0.2368057974078964,0.2522715864978406
16-01-2081,0.212679,0.1510945364997038,0.149104,0.192957,0.080455722554196,0.0782033017025615,0.156418,0.0590642,0.2340192293300908,0.2485788205276398
23-01-2081,0.32241,0.2243518461535501,0.150406,0.186559,0.0781186,0.0759290115889658,0.151967,0.0571487,0.179826,0.166948
30-01-2081,0.402154,0.2261949712355366,0.152235,0.180987,0.0912277,0.0765745620439828,0.148192,0.0555291,0.198915,0.167076
06-02-2081,0.352097,0.2341127032196149,0.150705,0.183467,0.107846,0.0773511099512673,0.144624,0.0541359,0.192537,0.192644
13-02-2081,0.321887,0.2345703626266473,0.148992,0.186022,0.103422,0.0753697069675232,0.142957,0.137651,0.267712,0.365813
20-02-2081,0.3950040848490728,0.2033999008961964,0.144114,0.180045,0.1415497024532205,0.0736884754631811,0.152779,0.334431,0.9385896208327436,0.9348111620450198
27-02-2081,0.3768900925530274,0.2825684899212831,0.139759,0.196606,0.2114089854060241,0.0722165254021645,0.162449,0.341436,1.3583480748950234,0.9044039415015492
06-03-2081,0.3705447614511646,0.332040932144063,0.13634,0.795382,0.9404155250009364,0.0707965630587681,0.157854,0.265185,1.4943430385220409,0.884627532183353
13-03-2081,0.6019219342910176,0.3094130744675119,0.134443,1.18337,1.306681489832863,0.0779171244290054,0.153077,0.223479,1.377860032081711,1.2076906325812748
20-03-2081,0.7987716529997562,0.3001756422026151,0.135344,0.992536,0.8937928095399755,0.0847983621848971,0.151434,0.20195,1.323085736731387,1.447735082356031
27-03-2081,0.7155460062797306,0.2962284563028,0.142159,1.11282,0.705951,0.0955612,0.150354,0.199065,0.631175,0.893478
03-04-2081,0.6430782257881115,0.2863167269453327,0.148285,1.10293,0.607394,0.104443,0.146882,0.190805,0.628735,0.857376
10-04-2081,0.5981167427236523,0.2733669383167624,0.150827,1.21523,0.813413,0.129556,0.142626,0.400392,0.565531,0.757065
17-04-2081,0.6501253570447126,0.2676108842371895,0.149184,1.4884,0.957838,0.148415,0.16853,0.791754,0.539192,0.700982
24-04-2081,0.446962,0.341753,0.142867,1.39535,0.8071563759301886,0.1359027886698047,0.207338,0.799232,0.545691,0.747059
01-05-2081,0.423935,0.646738,0.143977,1.29219,0.693446414297936,0.1272529023780924,0.201052,0.665653,0.543998,0.921148
08-05-2081,0.517773,0.663574,0.287184,1.57115,0.7126721552270401,0.1167112165167297,0.187441,0.566684,0.750219,0.985201
15-05-2081,0.573429,0.553314,0.405174,1.6021,0.7196438991335933,0.1096710718914365,0.182224,0.490031,0.897785,0.88124
22-05-2081,0.739031,0.569142,0.333166,1.4463,0.6434258838722159,0.1178448920588729,0.182094,0.433806,2.4954598720753114,0.767459
29-05-2081,0.908639,0.646801,0.321811,1.42716,0.6558681991691927,0.1225375640849432,0.288499,0.383207,2.296024386710923,0.721705
05-06-2081,0.884793,0.820519,0.381954,1.35044,0.6507325684160037,0.1127959835511743,0.425861,0.344272,2.132000941421169,0.821697
12-06-2081,0.837899,0.855273,0.383767,1.21399,0.588978815221617,0.1053914302913687,0.40231,0.332039,1.831850131398026,0.898196
19-06-2081,0.738676,0.705009,0.324747,1.08174,0.5398055439657888,0.0996937624581482,0.348738,0.318829,1.684460004828794,0.831362
26-06-2081,0.641524,0.8163582606247303,0.286815,0.967491,0.4990832253287646,0.1040862868538204,0.307496,0.301948,0.493247,1.2260245307697653
03-07-2081,0.677332,0.6855689718857719,0.257401,0.867689,0.4524023239130461,0.1070132199657251,0.273699,0.28517,0.481034,1.0604252800117997
10-07-2081,0.687881,0.5987943942362285,0.237163,0.785938,0.4150061779929753,0.0995220252490529,0.25036,0.258622,0.468611,0.9741971339302168
17-07-2081,0.588363,0.5245729709577824,0.222107,0.71394,0.3831990294299833,0.1434042789896915,0.234584,0.238963,0.430351,0.863726740558951
24-07-2081,0.5536415591807643,0.4379577438143895,0.206954,0.657025,0.3587496760999365,0.1830180922536082,0.219157,0.223009,0.4261853242110366,0.774806742509691
31-07-2081,0.4959786545882177,0.504420322047381,0.192841,0.606207,0.3439725347708132,0.1555600765843969,0.201711,0.213245,0.3905990095366672,0.6710167519111632
07-08-2081,0.4486588297999418,0.4981058067690072,0.178969,0.556242,0.3568794205391038,0.1479310641249295,0.186703,0.201637,0.3580233009427787,0.5830929003962816
14-08-2081,0.4041697077881936,0.4285036921179605,0.165842,0.511131,0.3538761617346019,0.1507130425002281,0.175338,0.189793,0.3258067269589489,0.5020580478692763
21-08-2081,0.3574553891118586,0.4829978751069357,0.191077,0.471742,0.31622,0.1391960025355912,0.165212,0.178378,0.310467198087904,0.359019
28-08-2081,0.3300319697961656,0.5027718391007716,0.207559,0.435917,0.288453,0.1325810025186954,0.154962,0.164302,0.2878636091288109,0.333067
04-09-2081,0.3022335389320083,0.4260452260791176,0.25227,0.40319,0.265179,0.1277850015193824,0.146078,0.151853,0.2626447660748907,0.309268
11-09-2081,0.2778730117726832,0.3778160715199512,0.31937,0.374326,0.244387,0.1157620014286874,0.137615,0.139667,0.2448101057174747,0.287484
18-09-2081,0.2553135171701655,0.3370028194548027,0.284007,0.536778,0.223734,0.1043470011287822,0.128325,0.128057,0.2277027214550421,0.266233
25-09-2081,0.2433543234918352,0.2942729371630822,0.238307,0.669578,0.2057720359375831,0.0949695449931988,0.119998,0.117734,0.2147438416162519,0.2814147970670304
02-10-2081,0.2261457925436455,0.2695388497837518,0.211829,0.558823,0.1908137686040886,0.0878627413092761,0.113189,0.108897,0.2015968130233555,0.264499778028966
09-10-2081,0.2118959941654627,0.2494467123019391,0.206553,0.481298,0.1820711948737019,0.0829967424998468,0.108145,0.103215,0.191423526194607,0.251261754756942
16-10-2081,0.1993989977174763,0.2321570784236213,0.200863,0.430792,0.1739473921840961,0.0791272469085612,0.103648,0.0996855,0.1833120102125977,0.2409275424022946
23-10-2081,0.1936846992499379,0.2151643462127036,0.181432,0.391372,0.1625336690352371,0.0761636101135482,0.0987541,0.0943727,0.1960241301244046,0.2044402534921824
30-10-2081,0.194028746975513,0.2052978148793639,0.1663,0.358372,0.1529144449659817,0.0732076097148156,0.0947773,0.0903162,0.2031453288451839,0.1935328540115374
06-11-2081,0.1818562042077765,0.2003428927971547,0.154183,0.330607,0.1442456950013525,0.0694195093066522,0.0911185,0.0864362,0.2210361897165034,0.1843856329568494
13-11-2081,0.1720188929391672,0.1916688268456596,0.143919,0.307582,0.1369497164056279,0.0673198099350291,0.0896464,0.081155,0.2321827252035204,0.177044996097795
20-11-2081,0.1652850944824476,0.182301122121777,0.135039,0.287779,0.1307038744892616,0.0689644164524052,0.088328,0.0768348,0.1954287672314154,0.1794485705508296
27-11-2081,0.1626182287696981,0.1734973783773583,0.127374,0.270327,0.1243823265452825,0.0710107201706612,0.0849178,0.0768567,0.1873481418798733,0.1759345245506932
04-12-2081,0.1593943401456779,0.1648310724835225,0.120979,0.255476,0.1192522396602154,0.068999319102835,0.0819231,0.0765529,0.1733709309007826,0.1687325249116198
11-12-2081,0.1520555640982374,0.1574526952538864,0.115404,0.242255,0.114710366360051,0.0677041199186282,0.0792729,0.0729538,0.1631149360702833,0.1697482791471579
18-12-2081,0.1474204226570078,0.1526715084761486,0.110957,0.230809,0.1124959649751112,0.066316228801873,0.0809575,0.0705845,0.1572209645903122,0.1786013702086014
25-12-2081,0.1413346502987939,0.1601576217439382,0.10726,0.226212,0.110047,0.0639503331604528,0.0823858,0.068145,0.2015104244733042,0.1882206208072868
01-01-2082,0.1370515016165477,0.1561324413541411,0.103695,0.22217,0.142388,0.06227663539185,0.0795766,0.0661404,0.197983725323717,0.1954820584807951
08-01-2082,0.133626605960172,0.153191390989861,0.10065,0.213606,0.171444,0.0625949404870393,0.0793075,0.0643647,0.1969769946799152,0.1946120507395316
15-01-2082,0.1447854051459844,0.1520179249509962,0.0979711,0.213655,0.165485,0.0626317480573947,0.0888561,0.0624758,0.1986717538937932,0.2068938742493719
22-01-2082,0.2375457267055073,0.1567901456492966,0.0954744,0.213245,0.163244,0.0604995085866865,0.0947927,0.0609404,0.208412,0.159767
29-01-2082,0.2435430103227363,0.1626290012822134,0.0968987,0.225481,0.162632,0.0641444095684236,0.0896245,0.0594734,0.29209,0.156894
05-02-2082,0.24034502235043,0.1995335877929882,0.110249,0.265985,0.162673,0.0980195118473358,0.0884513,0.0642015,0.276338,0.166825
12-02-2082,0.2333693626552821,0.2216603675824713,0.118011,0.275354,0.209421,0.2641740145008894,0.087328,0.153604,0.31271,0.212348
19-02-2082,0.306546555335516,0.2467529206938138,0.112161,0.262097,0.2705550444180779,0.353027,0.0846547,0.36628,1.047689448811644,0.6075992020064686
26-02-2082,0.2984530362802897,0.2360387476581246,0.109936,0.258816,0.4952197742581734,0.277432,0.0887331,0.417148,0.9957925269288128,0.7071834277659029
05-03-2082,0.3010148033746247,0.2404378455142415,0.525003,0.319797,0.6322442403535038,0.501289,0.0922717,0.335379,0.9653952622255592,0.7893545737613484
12-03-2082,0.3017447231850491,0.2453852891864393,0.840466,0.362447,0.5268424145002746,0.725648,0.0888386,0.279997,0.9230625015876476,0.7293467547871779
19-03-2082,0.3114604463457647,0.2629508149763251,0.589353,0.325888,0.4694421464814781,0.881326,0.111895,0.252848,0.9392132443535296,0.6806723059669726
26-03-2082,0.163703,0.193405,0.484604,0.306782,0.410557,0.974163,0.155259,0.245572,0.421381,0.294081
02-04-2082,0.159711,0.181372,0.519509,0.292944,0.37818,0.817855,0.156993,0.314505,0.564423,0.292601
09-04-2082,0.227313,0.171872,0.588325,0.278339,0.386189,0.82389,0.139971,0.452058,0.827331,0.281408
16-04-2082,0.286139,0.201494,0.56995,0.26627,0.396448,0.863819,0.189541,0.513352,0.939048,0.434313
23-04-2082,0.270275,0.246792,0.508768,0.254819,0.398537004289386,0.7894500123065827,0.233472,0.567031,0.792347,0.664274
30-04-2082,0.261181,0.359855,0.636997,0.243523,0.3840410751792952,0.6928120110868596,0.204073,0.553413,0.725927,0.654543
07-05-2082,0.250303,0.640196,0.72406,0.421901,0.3647183946637033,0.7258530112876731,0.180462,0.52052,0.712784,0.588395
14-05-2082,0.281391,1.0572,0.747533,0.612561,0.5103593835997327,0.7405010105598622,0.16575,0.670302,0.685018,0.555426
21-05-2082,0.373281,1.05895,0.743538,0.615151,0.638010149118515,0.6369930099958759,0.195628,0.703143,0.738935,0.612026
28-05-2082,1.098250732465548,0.799085,0.699305,0.583567,1.5479,0.564921,0.212623,0.660489,1.32751,0.801052
04-06-2082,0.9827030961429708,1.02889,0.664509,0.506777,2.22551,0.53383,0.18507,0.621038,1.64569,0.940705
11-06-2082,0.8034294582621224,1.14585,0.586445,0.4573,1.71969,0.518695,0.166555,0.52603,1.50148,0.869432
18-06-2082,0.7234906534262182,0.908875,0.54832,0.412283,1.33714,0.479891,0.152638,0.465111,1.38429,0.7413
25-06-2082,0.4918396267945519,0.9203595607899696,0.531651,0.374932,1.14292562634105,0.466373,0.141176,0.426192,3.282282298932714,1.4352984643656646
02-07-2082,0.3972770555633242,0.7727881118871254,0.493564,0.409241,0.9753002328116026,0.447278,0.131044,0.392666,2.573420935816614,1.153412299876084
09-07-2082,0.3630290809567415,0.6894062394621174,0.451047,0.431074,0.8629933072406969,0.408076,0.122333,0.356187,2.204291181572714,0.9990611389013492
16-07-2082,0.3305500858983938,0.6361150999827065,0.415465,0.527851,0.8171795122379847,0.378662,0.115093,0.336082,1.8290013794477995,0.8267086594940789
23-07-2082,0.2344846983296423,0.5816024173073469,0.377823,0.579346,0.7507207236811566,0.356007,0.108535,0.319751,0.9660518874198036,0.6860711443816475
30-07-2082,0.2670955071522369,0.5456008068333859,0.345806,0.745218,0.7353066459330244,0.331966,0.104882,0.297732,0.8520268570876509,0.5936556608941275
06-08-2082,0.3064972025944153,0.4872017226521419,0.316813,0.8132,0.7109428054528762,0.30086,0.101216,0.274035,0.7441893433896024,0.5226180647518966
13-08-2082,0.2779077430275211,0.4607055512276277,0.319876,0.635604,0.625141814648846,0.274666,0.095271,0.248558,0.6498996175860303,0.4488321644696125
20-08-2082,0.2481163479345097,0.5254108083523541,0.331635,0.543905,0.5620534624476191,0.252708,0.0900857,0.226121,0.6151187511757548,0.4173192696457641
27-08-2082,0.2067879891132373,0.545140126505085,0.307041,0.480336,0.5117366339713306,0.233206,0.0871309,0.206582,0.49098,0.2819697460335451
03-09-2082,0.18708453768108,0.4834485548776488,0.278658,0.426737,0.4718574321940516,0.215398,0.0848045,0.189985,0.449576,0.2650228406709873
10-09-2082,0.172346765185996,0.4266155560366917,0.255777,0.383768,0.4335451098426541,0.19953,0.0808346,0.174787,0.424294,0.2476370250728739
17-09-2082,0.1574635258216456,0.3816541064826312,0.232828,0.345213,0.3925688746373367,0.184709,0.0763938,0.159851,0.39602,0.2302828114575119
24-09-2082,0.1453349550050503,0.348520419779824,0.212613,0.312104,0.357723495241696,0.17098,0.0725326,0.147976,0.4030857570461065,0.2458676176756441
01-10-2082,0.1358156806568887,0.3165452626245192,0.235535,0.285618,0.3282169863301155,0.161373,0.0691132,0.138077,0.3734598218396053,0.2312371093862581
08-10-2082,0.1282438459046994,0.2901868037181621,0.26875,0.262036,0.3024862008719826,0.152738,0.0661427,0.128186,0.3481989347292441,0.2206583667042017
15-10-2082,0.1218881183995494,0.2674818696279666,0.248575,0.241776,0.279809337862995,0.142804,0.0638035,0.119381,0.3312480451760076,0.2141758143616265
22-10-2082,0.1121570444122047,0.2415950618734365,0.222249,0.225346,0.2595399305795346,0.133875,0.061502,0.112096,0.268739,0.1697833621201926
29-10-2082,0.1068409633652193,0.2254335620369718,0.209188,0.211444,0.2442502635287452,0.126083,0.0593435,0.106615,0.252133,0.1616608993885291
05-11-2082,0.1032193728249405,0.2114591128127656,0.201856,0.1989,0.2310028589525499,0.120689,0.0580501,0.100923,0.23759,0.1556781359789629
12-11-2082,0.1001861638711148,0.1992399612527189,0.190802,0.188659,0.2174956727724741,0.122677,0.0588929,0.0999136,0.229401,0.1491616256057326
19-11-2082,0.102470679024069,0.1913078888022285,0.178383,0.179514,0.2049213270326872,0.121926,0.0586093,0.108704,0.2342867786302909,0.1624666700571353
26-11-2082,0.1019031156735634,0.1837980593170275,0.168064,0.170387,0.1933744301572799,0.114667,0.0562835,0.109258,0.2235973193300274,0.1587671731367613
03-12-2082,0.0975411953603638,0.1756037985708731,0.159986,0.16243,0.1833346201438501,0.108968,0.0546069,0.100936,0.2126105151559771,0.1522885786863317
10-12-2082,0.0941122688995096,0.1677223594153868,0.152015,0.155402,0.17479777095182,0.103862,0.0532123,0.0950096,0.2037724449676485,0.1493489557344663
17-12-2082,0.0922042591621633,0.1620298818713655,0.147657,0.14943,0.167584415696475,0.0995261,0.0519301,0.0904104,0.2003829655164451,0.1542235294943342
24-12-2082,0.148096,0.1604209162046792,0.144078,0.144848,0.1614831176102449,0.0957371,0.052989,0.0865307,0.2213016092899681,0.1892401768063793
31-12-2082,0.207779,0.1557830332603547,0.137901,0.140815,0.1561191091552479,0.0923728,0.0539172,0.0832634,0.217976083769112,0.1904606140679083
07-01-2083,0.171116,0.1518607158515764,0.132559,0.136514,0.1722193542384252,0.0989358,0.0523374,0.0808389,0.2166504771236966,0.1947675137134602
14-01-2083,0.150972,0.1490122790500434,0.127897,0.13265,0.1892731895708616,0.105325,0.0516491,0.0786496,0.2185803044565555,0.2039241107465386
21-01-2083,0.139996,0.1775618821298533,0.123886,0.129304,0.177788,0.0999715,0.0510095,0.0764013,0.310458,0.11604
28-01-2083,0.132303,0.1800877981482873,0.120532,0.126154,0.173007,0.100848,0.0539446,0.0758563,0.449566,0.12375
04-02-2083,0.134077,0.1852040499447509,0.12224,0.125359,0.169432,0.107932,0.0601343,0.0937621,0.713424,0.227478
11-02-2083,0.15658,0.1817635542966083,0.14585,0.124793,0.174878,0.109084,0.0711636,0.19518,1.16716,0.346243
18-02-2083,0.180889,0.1820136173425678,0.171333,0.123125,0.205076,0.104878,0.083706,0.272883,1.10763,0.3293
25-02-2083,0.218545,0.2098512112533966,0.249569,0.139277,0.2329746917023797,0.101648,0.0822981,0.242214,0.921375,0.6758574294765631
04-03-2083,0.241931,0.241376145488771,0.402311,0.570282,0.2176974578998169,0.09861,0.0874709,0.209646,1.1596,0.6392752184132031
11-03-2083,0.256855,0.316648526473021,0.771602,0.838537,0.2184452519582025,0.0965785,0.0918708,0.232987,1.39624,0.6214875853956594
18-03-2083,0.260319,0.3325888431386477,0.896691,0.59264,0.2183744281004584,0.397573,0.0844027,0.247092,1.49623,0.6353278717973039
25-03-2083,0.4262581132854468,0.216487,0.714365,0.489023,0.196263,0.776483,0.0798655,0.318849,1.45204,0.8930525075029823
01-04-2083,0.3993452735918134,0.201568,0.612479,0.427068,0.190048,0.635509,0.0764632,0.668404,1.27093,0.8536519980124795
08-04-2083,0.3774698404091428,0.220058,0.540173,0.423511,0.182455,0.547507,0.173053,1.01917,1.19189,0.8236449713277914
15-04-2083,0.3773392201648236,0.239985,0.498452,0.537657,0.226899,0.564709,0.258798,0.960218,1.14888,0.8698510113938127
22-04-2083,0.196939,0.303762,0.471579,0.590067,0.263982,0.546476,0.218211,0.782487,1.17758,0.269843
29-04-2083,0.289112,0.38214,1.13571,0.514207,0.307606,0.482299,0.191332,0.684799,1.39793,0.309467
06-05-2083,0.587845,0.562125,1.9067,0.469143,0.35843,0.429963,0.174861,0.619548,1.51944,0.305314
13-05-2083,0.693612,0.862184,1.73319,0.439282,0.371604,0.423091,0.215426,0.555194,1.42186,0.285992
20-05-2083,0.558384,0.876849,1.43338,0.406007,0.365255,0.556217,0.233316,0.490249,1.35808,0.265486
27-05-2083,1.2749233633441923,0.74731,1.55826,0.391596,0.3493110354213254,0.607366,0.207537,0.630972,5.131344123246666,0.9985072722175924
03-06-2083,1.1533542703259188,0.805813,1.95698,0.372688,0.3153362036465961,0.508624,0.189428,0.732562,5.482003197440078,1.0597094409891836
10-06-2083,0.9130917056499024,0.801426,1.95316,0.370654,0.3181379340564454,0.441744,0.173164,0.617724,5.272750254570535,0.9030159402619212
17-06-2083,0.7828348256431381,0.697342,1.66073,0.364243,0.3318956667948108,0.41524,0.176794,0.549288,5.010267281937985,0.8680319848971307
24-06-2083,0.5083635243794703,0.7764544361335916,1.39229,0.331101,0.29088,0.396341,0.189484,0.498773,2.236786423855973,0.9975592175718292
01-07-2083,0.436359604642389,0.6523329209788813,1.19153,0.303847,0.357276,0.364667,0.179115,0.448238,1.919225460555301,0.7820323073059107
08-07-2083,0.4041654731991188,0.5668648815363136,1.03765,0.280585,0.396575,0.33337,0.15764,0.402484,1.6794369275142873,0.7413786942918333
15-07-2083,0.3816515151433859,0.4942779954204264,0.917736,0.260398,0.336425,0.302415,0.142647,0.36439,1.482492067844937,0.6492141428703724
22-07-2083,0.3049635247117488,0.4099967616578549,0.823742,0.243316,0.3235374263874138,0.287584,0.130512,0.334454,1.49603123984302,0.2917388147378014
29-07-2083,0.2782498421013462,0.3975589546776861,0.744478,0.227396,0.3396214741879109,0.274848,0.129139,0.30715,1.304322745599667,0.2678515273417525
05-08-2083,0.2542328442681871,0.3865740247557818,0.67219,0.21216,0.3253634531361583,0.25247,0.126329,0.280524,1.1178550183725968,0.2436579081011507
12-08-2083,0.229010509208511,0.3494777070321669,0.607257,0.198289,0.2864509084518569,0.232742,0.114879,0.256325,0.9449198026857332,0.2239720950406593
19-08-2083,0.2305387301940908,0.3232242841323177,0.560248,0.185645,0.258604017756976,0.218634,0.106188,0.234694,0.8508884691627356,0.2178470471616867
26-08-2083,0.207079,0.2905861167422982,0.518352,0.174211,0.236978,0.204664,0.0989539,0.216285,0.630098,0.194391603146565
02-09-2083,0.188693,0.2650023688923027,0.486037,0.163482,0.21893,0.18948,0.0922119,0.199352,0.582749,0.1772432733954067
09-09-2083,0.173984,0.244045318654286,0.538709,0.153567,0.201162,0.175458,0.0860511,0.183623,0.542443,0.1745434835291851
16-09-2083,0.160597,0.223211772281889,0.554499,0.14396,0.185101,0.161525,0.0803476,0.168846,0.500818,0.1639721844681016
23-09-2083,0.1541198402569783,0.2046497474294505,0.485844,0.135237,0.1710526406509922,0.149082,0.0752441,0.15559,0.4774409379019057,0.1523613575152783
30-09-2083,0.155955936622665,0.1900618705040825,0.435336,0.132636,0.1589615052346915,0.138627,0.0709083,0.144305,0.443230311590317,0.1426615490492125
07-10-2083,0.1561011472856746,0.1775318317638365,0.395426,0.136905,0.1491452895888252,0.129243,0.0671641,0.135276,0.4128298999210196,0.1356481820124671
14-10-2083,0.1443501679148839,0.1670242569699971,0.361035,0.135826,0.1404759390810117,0.121187,0.0639706,0.127174,0.3884541107426562,0.1323594214968103
21-10-2083,0.1345911628977704,0.1575330516148811,0.331847,0.130436,0.1323966750896216,0.116775,0.0612878,0.118921,0.3657474494315119,0.1268863174245115
28-10-2083,0.121065,0.147895656451529,0.307181,0.132389,0.1254424195489397,0.113659,0.0597724,0.112318,0.324404,0.1173120093990138
04-11-2083,0.114374,0.1401751358835,0.291346,0.130386,0.1195191868246476,0.108265,0.0581957,0.10769,0.304835,0.114051251340959
11-11-2083,0.108462,0.1334163994544844,0.283613,0.12165,0.1172740665407792,0.102648,0.055906,0.102709,0.286619,0.1090249511464316
18-11-2083,0.103428,0.1274222124642723,0.270588,0.115169,0.1147642455387961,0.098397,0.056371,0.0969882,0.27024,0.1064987586778926
25-11-2083,0.0995899878613469,0.1235023740497934,0.254225,0.134028,0.109105,0.0948082,0.0602685,0.115343,0.2920691293541138,0.108959776153941
02-12-2083,0.0955467244709174,0.1184355004641822,0.249983,0.154299,0.104692,0.0912422,0.0602639,0.129663,0.2796777458644467,0.1047591807792637
09-12-2083,0.1038149368887161,0.1142359468653561,0.245753,0.142239,0.10965,0.0878021,0.0570797,0.115967,0.2696552510476704,0.1023220606535035
16-12-2083,0.1116921125810915,0.1118861219084431,0.232749,0.143247,0.116433,0.0860096,0.0548295,0.109007,0.269206118114444,0.1063268449425106
23-12-2083,0.1180411159735056,0.1109190137653168,0.222837,0.144596,0.1130025572023712,0.0847114,0.0634114,0.10342,0.231818,0.1770762209950562
30-12-2083,0.1138806492411751,0.1083570121755092,0.215309,0.336992,0.1079055154320737,0.0823054,0.0768278,0.0985881,0.243627,0.1854528301335991
06-01-2084,0.1120021238811893,0.1064990855595089,0.266043,0.500406,0.1071097081632546,0.0800111,0.0794141,0.0946437,0.235883,0.1985736407625224
13-01-2084,0.1120628360969854,0.1082213215171451,0.313369,0.441305,0.1061998202324554,0.0778481,0.0777952,0.0918309,0.245558,0.2119687782136849
20-01-2084,0.1356532188598979,0.0986974,0.283981,0.416895,0.101303,0.0759345,0.0744389,0.0893609,0.251828,0.3740142084961371
27-01-2084,0.1476278868150852,0.0969592,0.290878,0.372697,0.118378,0.0764294,0.0775804,0.0867381,0.254089,0.3992317750677708
03-02-2084,0.1553994809893988,0.10072,0.328017,0.389004,0.144626,0.0772397,0.0903373,0.0844991,0.358497,0.432104865106416
10-02-2084,0.1504413009246574,0.103757,0.330338,0.45965,0.146756,0.0853604,0.094185,0.0822651,0.444388,0.4201288702120772
17-02-2084,0.172113817356926,0.19795,0.430729,0.944114,0.364019,0.0933833,0.0873661,0.0854163,0.40917,0.433641852161141
24-02-2084,0.3404139790160715,0.4368900686924725,0.514297,1.20115,0.870497,0.113868,0.114349,0.092962,0.401341,0.6010839007717385
02-03-2084,0.3957308442729371,0.4206643660395607,0.477007,1.01992,1.50821,0.259868,0.252811,0.094435,0.539373,0.6214477107365599
09-03-2084,0.4206687679147082,0.3688841346027788,0.44909,0.922195,1.548,0.391105,0.312121,0.0937124,0.811375,0.5876405784669567
16-03-2084,0.3820782555867947,0.3350904244477897,0.410872,0.893293,1.1804,0.344058,0.263272,0.103806,0.829988,0.5881907519472238
23-03-2084,0.183107,0.277436,0.398808,0.898388,1.0027,0.288473,0.236714,0.149132,1.759211402361214,0.3077874900290546
30-03-2084,0.194042,0.655481,0.618231,0.824912,0.903553,0.256975,0.206506,0.17146,1.7064510662541814,0.3071792573537749
06-04-2084,0.249081,0.863913,0.971364,0.904901,1.00811,0.230524,0.1956,0.160768,1.608189824742286,0.3217393259805585
13-04-2084,0.294354,0.69459,0.954649,0.947667,1.06666,0.225651,0.203318,0.166798,1.5916877931717794,0.369804586480038
20-04-2084,0.374982,0.949272,0.797247,0.88408,0.977489,0.338945,0.197635,0.171188,1.527745384811094,0.3584233051622749
27-04-2084,0.605910326850366,1.09057,0.783752,1.04863,0.9026083778566664,0.404656,0.177971,0.161854,1.0421076089836907,0.113392
04-05-2084,0.5363893665316417,1.35344,1.06067,1.11411,0.8632516538333428,0.336003,0.166145,0.149937,1.0248995501997842,0.14646
11-05-2084,0.4709532405312169,1.54995,1.30523,0.970216,0.8811182239547207,0.29266,0.177465,0.141044,0.9941889617804024,0.207674
18-05-2084,0.4472163442955925,1.42377,1.24726,0.965831,0.8391384495404778,0.26957,0.196043,0.130916,1.0188278601086886,0.228317
25-05-2084,0.37833,1.47122,1.14411,1.05701,0.751333,0.250692,0.229563,0.122514,0.55969,1.5255548857452392
01-06-2084,0.85812,2.18409,1.03838,1.3529,0.730575,0.230005,0.254357,0.117591,0.588257,1.3769553624205182
08-06-2084,1.19428,2.32145,0.917116,1.42226,0.743364,0.214307,0.232746,0.114163,0.544849,1.063104073224555
15-06-2084,0.992137,1.75353,0.80941,1.1698,0.743744,0.201322,0.206458,0.109876,0.513006,0.9796133408950526
22-06-2084,1.0993920608883414,1.5806863375216773,0.722288,0.998318,0.7127575841060859,0.192302,0.185432,0.109318,1.0354698152671005,0.5841963806871501
29-06-2084,0.8726175088632406,1.3672276008790116,0.649738,0.875141,0.6357133482214037,0.186375,0.167041,0.106876,0.8727601266366894,0.5051628705060152
06-07-2084,0.7647505478117567,1.2078729631007563,0.588683,0.781843,0.5739394315223277,0.176569,0.155922,0.100504,0.7987035204192332,0.5299828131733912
13-07-2084,0.6684950908508909,1.0718224011322737,0.536592,0.718042,0.5218040609807427,0.164129,0.147937,0.0960706,0.7051907665232249,0.4963964730889791
20-07-2084,0.5916117034464945,0.9480380190725886,0.49584,0.660447,0.4769596721718447,0.152677,0.139211,0.0911685,0.6616601766990333,0.4846291994682303
27-07-2084,0.557165313630546,0.8517434307118924,0.460031,0.598289,0.469483378887483,0.146023,0.135241,0.0854866,0.677360126055819,0.3433594969792788
03-08-2084,0.4783777263400808,0.777218837991161,0.423928,0.543502,0.4613432414641066,0.139089,0.129003,0.0803258,0.7029371012347041,0.3197494210165565
10-08-2084,0.4132744234676349,0.6963276212793849,0.390671,0.495727,0.4175875756675806,0.128983,0.118467,0.0756225,0.6431805175064748,0.2851028742537782
17-08-2084,0.3781757578503621,0.6837404962365891,0.363965,0.464819,0.3813240316709253,0.121073,0.18384,0.071296,0.5632685599486131,0.3062356858052016
24-08-2084,0.3011229066022188,0.6464580670283939,0.339524,0.435443,0.349326,0.114447,0.228244,0.0674788,0.381295,0.163223
31-08-2084,0.2758863768486273,0.577424679437558,0.313892,0.399136,0.321379,0.107411,0.18192,0.0640808,0.347834,0.146515
07-09-2084,0.2851165828799302,0.5237790735436599,0.290463,0.36733,0.29656,0.100438,0.161628,0.0627031,0.337574,0.133165
14-09-2084,0.2821592496018078,0.4751258937656609,0.267989,0.337598,0.272961,0.0938278,0.145808,0.0607344,0.322636,0.121511
21-09-2084,0.2636132368164189,0.4338460749674244,0.268729,0.324138,0.2512190171150782,0.0887687,0.132209,0.0571997,0.3046908824250607,0.1517653014254914
28-09-2084,0.2704024936626082,0.3996531231817906,0.267395,0.311795,0.232126079007462,0.0953958,0.121793,0.0543129,0.2817926663194753,0.1660727257470061
05-10-2084,0.2682338030657715,0.3708837200841016,0.248689,0.288251,0.2154569065674454,0.0986116,0.111849,0.0518074,0.2623066748242266,0.1467996784649769
12-10-2084,0.2462876645178321,0.3435433249158272,0.244098,0.266737,0.2010333300055167,0.090519,0.103719,0.0495674,0.2465207091504357,0.1357328253095495
19-10-2084,0.2244835814674451,0.3196656911326571,0.234478,0.247934,0.1881843032467179,0.0847162,0.096606,0.0473294,0.2314090909744142,0.1279270422886117
26-10-2084,0.2047752157478467,0.2963022415026847,0.216937,0.237152,0.1776047470367053,0.0801201,0.0921484,0.0455967,0.206777,0.114884
02-11-2084,0.1898547584010424,0.2775569251278495,0.203086,0.22704,0.1711170433649617,0.0762063,0.0880989,0.0441374,0.195812,0.109004
09-11-2084,0.1832931105612169,0.2675533765168274,0.190926,0.216558,0.164368593115492,0.0728936,0.0844972,0.0438808,0.186196,0.102389
16-11-2084,0.1779778319076416,0.2578552968613076,0.180453,0.206568,0.1560950768480621,0.0703977,0.0834743,0.0434516,0.18127,0.0967537
23-11-2084,0.1776311002024524,0.2461346815262182,0.171087,0.194617,0.1485016091141898,0.0677777,0.082207,0.0419096,0.2025751333540947,0.1062453409847784
30-11-2084,0.1747218202737,0.2327714685706871,0.162327,0.184827,0.1417752104150342,0.0650933,0.0791379,0.0406,0.1996553050982747,0.1013664552389602
07-12-2084,0.1647957585376758,0.2213840449564042,0.15446,0.176304,0.1359415889616445,0.0627071,0.0763041,0.0393239,0.190393709995478,0.0996187825696402
14-12-2084,0.1593691628935002,0.2185460099634505,0.147837,0.169001,0.1389298434576422,0.0606145,0.0737018,0.0382592,0.188539769548719,0.1036117124429783
21-12-2084,0.144872,0.325259,0.169949,0.162543,0.1490241595108813,0.0597833,0.0708782,0.0378105,0.168135,0.1318053247107988
28-12-2084,0.139307,1.11467,0.197448,0.156885,0.1480002906852181,0.0590902,0.0685289,0.040637,0.180943,0.1340046176928753
04-01-2085,0.134378,1.36352,0.187272,0.152012,0.1412226794997362,0.0574755,0.0666128,0.0427298,0.337595,0.1389474857680291
11-01-2085,0.13056,1.07083,0.19082,0.148501,0.1356408754131942,0.0572163,0.0649797,0.0420085,0.483218,0.1465387424859379
18-01-2085,0.246034,0.959309,0.193235,0.145432,0.1309195794777894,0.0630415,0.0656535,0.0414239,0.423417,0.1479074642889198
25-01-2085,0.358277,0.8388788658391404,0.182239,0.142036,0.1314608524691611,0.0754631,0.0663256,0.0401598,0.431987,0.0741376
01-02-2085,0.313728,0.7741173688394825,0.176569,0.142206,0.1331842390105663,0.104315,0.0646352,0.0425758,0.507783,0.0733901
08-02-2085,0.291788,0.8154493654551255,0.172824,0.27956,0.1329556649409133,0.268136,0.0653506,0.0535204,1.02614,0.261322
15-02-2085,0.438984,0.9170709382221116,0.24627,0.411664,0.129693515994627,0.462908,0.0727916,0.0598055,2.37011,0.478852
22-02-2085,0.5742991457584085,0.9732226369562124,0.455707,0.34547,0.1412365006260879,0.422808,0.0811914,0.156766,3.340023445762897,1.0064279513742624
01-03-2085,0.4919213340949901,1.7254868887951276,2.23779,0.331212,0.4230622529276941,0.366099,0.0809732,0.254747,2.6046387197846177,1.423931421155622
08-03-2085,0.4456849799433228,2.292179404847558,2.79271,0.319272,0.8315969909658026,0.337276,0.0778366,0.560185,2.309748973386516,2.0057572233177163
15-03-2085,0.5409932381311493,1.9223279838057763,1.97202,0.293088,0.7517796858872438,0.34414,0.0794543,0.786271,2.349878135228669,2.0846881781421183
22-03-2085,0.569885,1.57105,1.69278,0.275224,0.631556,0.397261,0.0857637,0.622051,1.49783,1.0189
29-03-2085,0.541097,1.39931,1.50379,0.259097,0.58173,0.507409,0.0864677,0.590908,1.45188,1.22354
05-04-2085,0.542343,1.26009,1.3628,0.247336,1.03374,0.529844,0.121216,0.769173,1.4306,1.64876
12-04-2085,0.522724,1.21569,1.22233,0.237578,1.41357,0.460206,0.156673,0.784562,1.37746,1.67489
19-04-2085,0.514032,1.26019,1.09084,0.233183,1.3219,0.414562,0.322296,0.652704,1.6511,1.45262
26-04-2085,0.5388588596701209,1.26357,1.07486,0.227692,1.215118344606978,0.370123,0.474163,0.566676,5.242590661499404,2.1505602508984936
03-05-2085,0.5834719646530244,1.38889,1.07684,0.216789,1.0155917311733873,0.354243,0.450736,0.54639,4.972921945685716,1.995629670421306
10-05-2085,0.6361675734062588,1.4378,0.992965,0.213833,0.9034813293537938,0.376545,0.407653,0.574686,4.606735759347288,1.82621645784325
17-05-2085,0.5973075260427693,1.30269,0.898703,0.217992,0.8173087042182009,0.412372,0.345204,0.561743,4.378390710039005,1.7270545004364537
24-05-2085,0.501895,1.51841,0.905984,0.277035,0.7103858253303045,0.393452,0.300399,0.522885,3.7559959869865,2.10262
31-05-2085,0.455244,1.85026,0.92491,0.311318,0.6555535660709433,0.368811,0.26486,0.492132,3.4268220758056422,2.79734
07-06-2085,0.413295,1.72085,0.945822,0.274337,0.6994439996264451,0.348952,0.238627,0.461032,2.887054902763684,2.1292
14-06-2085,0.471309,1.4407,0.985991,0.24941,0.7099819989590603,0.316796,0.228538,0.42723,2.578264064471398,1.80895
21-06-2085,0.6654905931835093,1.3655798827440888,0.910261,0.229212,0.6356209925817534,0.291533,0.216715,0.389726,1.843013408071458,3.0460573542854057
28-06-2085,0.5807654561367104,1.2311463231056674,0.800583,0.212149,0.5792316470315237,0.265836,0.207418,0.353521,1.6183214255799117,2.5927294985971763
05-07-2085,0.5205308615741087,1.13454177564948,0.717063,0.198075,0.5406266524390198,0.243966,0.200549,0.323441,1.502960919499371,2.265836892846215
12-07-2085,0.4710091309015473,1.0480438361961713,0.650632,0.185841,0.4977156394468069,0.22521,0.187013,0.311655,1.3609184018162228,1.952585079781253
19-07-2085,0.4492831419695876,0.9669947096938848,0.596055,0.174898,0.453291199096906,0.2073,0.174093,0.315649,1.2215202390985205,1.6911356226134595
26-07-2085,0.4104986293025027,0.9120765337658788,0.546331,0.164851,0.4143306851955368,0.191303,0.176741,0.297076,1.0164392309152954,1.362469222817105
02-08-2085,0.3675307059097085,0.8220007425708595,0.499713,0.165479,0.3872477384483586,0.176968,0.175062,0.265754,0.8886054188209227,1.1563869916433689
09-08-2085,0.3259175053207161,0.7388420982050212,0.458178,0.185409,0.3720339064199438,0.178737,0.157065,0.240236,0.7534013986333485,0.985489511867992
16-08-2085,0.4388961889412583,0.6957341176845254,0.42228,0.189149,0.353329615359151,0.17769,0.146189,0.219066,0.7016052879291941,0.8826905824849207
23-08-2085,0.561974281928289,0.6338898669653389,0.389935,0.172012,0.327362,0.160874,0.136722,0.20019,0.469882,0.6638770664786878
30-08-2085,0.4620192603556111,0.5801554156244408,0.360245,0.157932,0.3052,0.148099,0.126425,0.183183,0.440807,0.5966573194774885
06-09-2085,0.5951226390261792,0.5319093754176313,0.333995,0.146789,0.282431,0.137097,0.116971,0.169438,0.407922,0.5434550928360714
13-09-2085,0.6244510024176764,0.4855303382805187,0.308977,0.136619,0.259912,0.12615,0.107384,0.156163,0.375847,0.493304223956132
20-09-2085,0.4551385674079619,0.4479300256239929,0.286002,0.127738,0.2412933932372068,0.116957,0.0991187,0.142851,0.3534366303044581,0.4599573259542482
27-09-2085,0.3941796138267249,0.4137886896751449,0.266075,0.120174,0.2272027092659705,0.109558,0.0923739,0.131804,0.3298884268491246,0.4264710304983055
04-10-2085,0.3514701269228552,0.3884314842172329,0.248117,0.113282,0.2134295079218113,0.10254,0.0866809,0.123814,0.3087549907560636,0.3950303058683521
11-10-2085,0.3177871559626216,0.3681210526029183,0.232361,0.109901,0.199858996384461,0.0962044,0.0816694,0.118472,0.2898335788259673,0.3681064425668648
18-10-2085,0.2790850296269158,0.3434770202009145,0.218312,0.106842,0.1876695156313843,0.090606,0.0770256,0.112347,0.266986,0.3361992060956348
25-10-2085,0.278357558494302,0.3217401482577178,0.20568,0.101676,0.1765131209473986,0.0861059,0.0740472,0.106204,0.253099,0.3142719519785263
01-11-2085,0.2762830022244199,0.3049564192185806,0.194353,0.0971522,0.1668417197136758,0.0824064,0.0714533,0.101688,0.240641,0.2955107582921897
08-11-2085,0.2530688202802611,0.289161372449302,0.184223,0.0929897,0.1601370951278569,0.0792087,0.0688959,0.0992751,0.228199,0.2799934841648214
15-11-2085,0.2391560017512265,0.2753884390656833,0.174987,0.0892313,0.15402430316592,0.0764638,0.0677995,0.0955934,0.2415440311041974,0.2625062885994496
22-11-2085,0.2346016973888521,0.2671244868663401,0.166686,0.0859431,0.1463928963135729,0.0944083,0.0661977,0.0902814,0.2345117827863742,0.2514584067100882
29-11-2085,0.2314371040762265,0.273849634507876,0.159654,0.0830653,0.1396264680801959,0.108211,0.0636196,0.0858789,0.22652886669452,0.2394281948982941
06-12-2085,0.2184538729501579,0.2714676135203867,0.153302,0.080491,0.1337621355301467,0.0955581,0.0611376,0.0819527,0.2218757569137509,0.2302280861081532
13-12-2085,0.2116221252681412,0.257180485786574,0.147468,0.0782415,0.1289266572021081,0.0886154,0.0592537,0.0792903,0.205862347265304,0.2240905093259086
20-12-2085,0.2050234104834058,0.2604452849577218,0.142209,0.07619,0.1249581846345045,0.0840189,0.05755,0.0815756,0.2063223269380727,0.2209525127005802
27-12-2085,0.1974605370946149,0.2619274481861374,0.137721,0.074367,0.1211786124630949,0.080632,0.0556627,0.0855286,0.2011443281097877,0.2157481505902037
03-01-2086,0.1978510355461783,0.2491902776756772,0.143779,0.0728075,0.117505782948999,0.0792277,0.0604918,0.0841428,0.1971349881044082,0.2116316743424237
10-01-2086,0.2172323931319731,0.2399243661331464,0.148984,0.0712803,0.1143428880211513,0.084022,0.0660409,0.083686,0.1961819621317785,0.2122101774516261
17-01-2086,0.309315,0.2712970499615464,0.23546,0.0698852,0.118551,0.1121,0.0823253,0.0832483,0.170689,0.793251841585233
24-01-2086,0.380081,0.2669231636844985,0.369879,0.0694667,0.136148,0.132007,0.0959889,0.0805404,0.171073,0.8280292184112723
31-01-2086,0.442696,0.2661061292986211,0.375034,0.0700492,0.15776,0.130314,0.086875,0.0810069,0.171107,0.8696451693896912
07-02-2086,0.485509,0.2623099713073401,0.511554,0.0697422,0.166678,0.126868,0.178383,0.0946205,0.185082,0.8612641096987301
14-02-2086,0.7028946308807908,0.2976364740909015,0.740391,0.0708895,0.1768816716316602,0.117635,0.311898,0.103776,0.197731,0.3156051970241667
21-02-2086,0.6716653662507892,0.2972577220536601,0.80644,0.0725572,0.1730054907172286,0.151173,0.322799,0.11248,0.199238,0.333158206097595
28-02-2086,1.40243557167976,0.2939432615229618,1.2069,0.0717579,0.1643397111377657,0.732633,0.287474,0.1311,0.685304,0.4085113715750019
07-03-2086,2.0544384744023936,0.3638981760852151,1.34835,0.142929,0.1589918268568577,1.82916,0.33101,0.130759,1.05392,0.8344320414892386
14-03-2086,1.30034,0.385337,1.51753,0.211821,0.151482,1.82138,0.362086,0.120268,0.920314,0.698802
21-03-2086,1.14412,0.392041,1.64299,0.198239,0.155582,1.34172,0.309634,0.121654,0.872417,0.636329
28-03-2086,1.05913,0.424289,8.62635,0.2143,0.152844,1.07169,0.273177,0.122343,0.947004,0.584712
04-04-2086,1.13715,0.441722,8.44398,0.208309,0.535131,1.16414,0.518603,0.115625,1.27217,0.580573
11-04-2086,1.28825,0.402249,6.04078,0.19725,0.855034,1.24633,0.955953,0.11012,1.41412,0.589515
18-04-2086,1.5994208452943453,0.369846,4.76501,0.20054,0.646641,1.16696,0.938825,0.104761,1.32427,0.540064
25-04-2086,1.4722270452272697,0.392143,3.94845,0.200544,0.568451,1.07549,0.741742,0.101274,1.2429,0.50975
02-05-2086,1.3275155647564458,0.420701,3.37579,0.195564,0.636504,0.941474,0.6268,0.156332,1.2139,0.488873
09-05-2086,1.2030687999765557,0.787944,3.35191,0.256375,0.696608,0.844533,0.583378,0.201998,1.86945,0.478937
16-05-2086,1.02336,1.07332,3.25955,0.290852,0.686437060519941,0.758022,0.538548,0.182009,6.245852534843785,0.471669
23-05-2086,1.16419,1.01241,3.03293,0.276265,0.6442690634523622,0.751504,0.614947,0.18138,5.618425812593509,0.446491
30-05-2086,1.07496,0.923262,2.87038,0.262131,0.5779231384332197,0.737471,0.658516,0.17064,5.22953351556996,0.475656
06-06-2086,0.972036,0.767318,2.59472,0.228487,0.5046608391786559,0.670981,0.570546,0.152474,4.529949048227264,0.499155
13-06-2086,0.908129,0.666667,2.34161,0.203317,0.4500212360612463,0.651404,0.508134,0.138897,4.095314944045358,0.517439
20-06-2086,0.87761,0.6964461055735887,2.09272,0.18412,0.4030177207329738,0.648589,0.448414,0.12771,1.8161492587197,0.6700205521176708
27-06-2086,0.870572,0.6078633608732862,1.87433,0.16935,0.3934413235376425,0.777696,0.400817,0.117837,1.5878355041533267,0.7043454178146888
04-07-2086,0.808494,0.542477637532677,1.69429,0.158821,0.3831498928591494,0.818754,0.363366,0.109892,1.4305911018325452,0.7915283070513597
11-07-2086,0.795243,0.4885647711847295,1.55338,0.148547,0.3481986839295155,0.690016,0.338254,0.103008,1.2555389332271245,0.7415779733377157
18-07-2086,0.8465222769285147,0.4385364077629122,1.5545,0.152505,0.319531701336155,0.606443,0.315725,0.0969946,1.3003757625058303,0.8006847555135584
25-07-2086,0.7718096790383009,0.4242047644978216,1.75697,0.153721,0.2936978139694194,0.566252,0.292061,0.0936156,1.1185136961387825,0.6616347321228571
01-08-2086,0.7038050585328196,0.3967346961865463,1.76671,0.139603,0.268938694313302,0.602155,0.28807,0.08953,1.0101457945255434,0.5574855952814952
08-08-2086,0.6228714583345492,0.3662854786479882,1.56676,0.128598,0.247762876592005,0.592989,0.278447,0.0836225,0.9135057770941724,0.4702338061177543
15-08-2086,0.5452178132093171,0.4491318267568344,1.39851,0.119148,0.229506,0.519914,0.257389,0.0785262,0.632396,0.354448
22-08-2086,0.5018701658993617,0.4999094952524681,1.25329,0.110925,0.214517,0.471659,0.238781,0.0740362,0.577795,0.324261
29-08-2086,0.4908418014433626,0.4236455364224186,1.12419,0.103953,0.201946,0.42972,0.218097,0.0705487,0.533186,0.299192
05-09-2086,0.4760188451661366,0.3804020186154004,1.01532,0.0978614,0.189687,0.387973,0.200107,0.0676955,0.49297,0.275739
12-09-2086,0.426858577414449,0.3435041508923432,0.915916,0.0928121,0.176257,0.350424,0.183394,0.0639519,0.453625,0.253751
19-09-2086,0.3845701500032329,0.30898816386486,0.828071,0.12123,0.1640377972983802,0.323135,0.16838,0.0600366,0.4350444782136196,0.25078256671799
26-09-2086,0.352675360623181,0.2845369226659015,0.755207,0.151683,0.1572685936105535,0.300034,0.157412,0.0567658,0.408715823156881,0.2338958531031283
03-10-2086,0.3264564831369524,0.2622106756226323,0.701986,0.135106,0.1513637640869027,0.277391,0.147549,0.053761,0.3891673111095712,0.2204725152423001
10-10-2086,0.3041335598572487,0.2439537500684223,0.654342,0.118383,0.1426215121021996,0.259156,0.137254,0.0509334,0.3674602156792626,0.2104485302910725
17-10-2086,0.2810990668057008,0.2262604739934225,0.603082,0.180276,0.1492266711865747,0.24116,0.128069,0.0533858,0.327433,0.1836764353608089
24-10-2086,0.2627363801505307,0.2124341485627388,0.558158,0.217678,0.1529769772145619,0.226116,0.119945,0.0579979,0.307423,0.1734935381528171
31-10-2086,0.2463189115746007,0.2002491779453466,0.51786,0.172157,0.1412676525111426,0.213061,0.113776,0.056705,0.289579,0.1642341837215804
07-11-2086,0.2319406767065553,0.1891530672972735,0.485213,0.150097,0.1335585927050415,0.209398,0.109276,0.0816062,0.274066,0.1559601065147396
14-11-2086,0.2179510985428789,0.1836683311330576,0.458825,0.135857,0.1270710020617965,0.205019,0.104208,0.0953537,0.2670413408265964,0.1552126765998104
21-11-2086,0.2068288200443549,0.178071215775759,0.43271,0.12884,0.1208327100872991,0.206487,0.0987924,0.078462,0.2549194822409241,0.1567003406430131
28-11-2086,0.1970346858604406,0.1697272204603382,0.408108,0.123525,0.1155024380996318,0.20639,0.0946309,0.0707375,0.2435402930135779,0.1564686772139706
05-12-2086,0.1909087130020263,0.1628207281879869,0.386104,0.116012,0.1117313507265545,0.191946,0.0915671,0.0655197,0.2338746784670624,0.1496081180959565
12-12-2086,0.186131216055949,0.1579415673428422,0.367159,0.110579,0.1084143152680928,0.181049,0.0884948,0.0618382,0.2266712622581793,0.1470414647770562
19-12-2086,0.1976502874060918,0.158046541332659,0.407624,0.106627,0.1049857387265573,0.172199,0.085165,0.0589895,0.209105,0.19344478317903
26-12-2086,0.1970131135950141,0.1557353252721285,0.446359,0.10292,0.1070685770501654,0.164529,0.0825628,0.0609405,0.207306,0.1994955196518492
02-01-2087,0.1963974327140737,0.1597163332958247,0.414905,0.148585,0.1093632531418708,0.15775,0.0830982,0.0638358,0.205955,0.209393707597736
09-01-2087,0.204302721340164,0.1650627392021035,0.46326,0.189057,0.1056178680775665,0.153405,0.0831835,0.0684831,0.216817,0.2130981202296371
16-01-2087,0.2383438904302899,0.1912379795268216,0.593741,0.164652,0.1050809342893341,0.149995,0.0804436,0.0721462,0.4460309428074371,0.194907
23-01-2087,0.2396700376540477,0.2292205423964901,0.622153,0.166577,0.1030814163772278,0.146318,0.0781866,0.0709401,0.4439662746181236,0.273113
30-01-2087,0.2472198860414341,0.2214469424801486,0.56986,0.18129,0.1030478798931037,0.142924,0.0778046,0.0836907,0.4443083209032236,0.324928
06-02-2087,0.2469194257338332,0.2121680740956595,0.529354,0.179127,0.1096400467444595,0.147691,0.0774152,0.0919465,0.4388643935065429,1.25328
13-02-2087,0.3346545835097085,0.2285599687978096,0.496954,0.403011,0.1232414456674882,0.159961,0.0779066,0.102608,0.36367,2.1279285488620427
20-02-2087,0.3530592659418226,0.2833123540735958,0.476084,0.579187,0.138854089051177,0.305097,0.0790933,0.115109,0.510535,1.6675571368966908
27-02-2087,0.3954076649026223,0.3784263572885977,0.513374,0.559083,0.147536958337976,0.684976,0.133886,0.135117,0.720814,1.473118341091021
06-03-2087,0.4361917802264375,0.386766654211074,0.552907,0.90463,0.1463326560843802,1.24585,0.185999,0.146756,0.866447,1.3489561985704768
13-03-2087,0.767319051272823,0.3688287498535769,0.527063,1.00347,0.147179122160524,1.27772,0.157467,0.171158,0.804909,1.2241220106821042
20-03-2087,0.732793,0.328502,0.510553,0.782419,0.1480942859820884,0.96068,0.163148,0.246831,0.849552,1.2065202180093804
27-03-2087,0.590865,0.43905,0.496721,0.661374,0.1413003660733535,0.865423,0.17425,0.255578,0.824113,1.145295081397312
03-04-2087,0.539644,0.517624,0.590882,0.758113,0.1363948292297206,0.809873,0.221167,0.21576,0.736247,1.0939216267604182
10-04-2087,0.51365,0.514071,0.728462,0.983762,0.1317190949273551,0.826996,0.251726,0.19162,0.705744,1.0905400399562395
17-04-2087,0.524908,0.509665,0.734211,1.12814,0.1270141847324364,0.824252,0.237286,0.174343,1.409915828319789,0.7786324276626122
24-04-2087,0.52268,0.574504,0.689863,1.0592,0.1240292707079364,0.790606,0.222134,0.159886,1.3566940095310691,0.7480249283730797
01-05-2087,0.956723,0.661536,0.705516,1.27468,0.1310573154506253,0.815175,0.250841,0.146675,1.3462594155883538,0.7565114429548954
08-05-2087,1.71463,0.606889,0.721889,1.56875,0.1351110342905019,0.772855,0.296592,0.137505,1.2590784395460863,0.7573824147710142
15-05-2087,1.74943,0.6276416596610271,0.699057,1.40926,0.16215,0.731858,0.290407,0.129287,0.60867,0.8568436230738168
22-05-2087,1.45651,0.5586784184813912,0.779335,1.20839,0.20338,0.690628,0.31744,0.12353,0.899225,0.8445651638068206
29-05-2087,1.65086,0.5107342915773905,0.79664,1.07523,0.193928,0.625854,0.317863,0.118338,1.15628,0.8158634568404168
05-06-2087,1.70686,0.4649546358574082,0.955493,1.10052,0.227986,0.578971,0.270841,0.111159,1.04299,0.7764632207616069
12-06-2087,1.37674,0.4311813434764439,1.03238,1.07822,0.246866,0.539347,0.238772,0.106272,0.925399,0.7531361420524433
19-06-2087,1.804896860780908,0.3849151383006527,0.858011,0.925568,0.212612397199127,0.51186,0.214616,0.101036,1.887905542213339,1.582136732618951
26-06-2087,1.4876605680069326,0.3622710878047182,0.748219,0.813544,0.1885017957342273,0.478184,0.194925,0.0942398,1.6117819115762575,1.2743966467922991
03-07-2087,1.2911690710531896,0.3516341741430422,0.669299,0.724479,0.17167364136121,0.439581,0.178813,0.0892647,1.46350208163346,1.1482543431738226
10-07-2087,1.0913720238711082,0.3324959244489816,0.689478,0.649152,0.1576737664084947,0.408015,0.164631,0.0847427,1.2300696114865053,0.9605580653300316
17-07-2087,0.7932701721868708,0.2963785357908549,0.710153,0.583992,0.1491442575477341,0.376917,0.155005,0.0869346,0.6531086687855547,0.4353867655353451
24-07-2087,0.7458711597908407,0.2746085660159609,0.652727,0.527476,0.1424443867293835,0.376748,0.159037,0.0874889,0.5931031606969694,0.3902189721033617
31-07-2087,0.7019660639864019,0.254386393047882,0.593509,0.479143,0.1321955399705852,0.373079,0.157394,0.0804352,0.5959148708797966,0.3528448477039754
07-08-2087,0.6220540762541148,0.2353030519051217,0.536181,0.437648,0.1234760963912718,0.339619,0.143329,0.0745984,0.5848750727731719,0.3206474684386982
14-08-2087,0.5764259376818114,0.2301771354390389,0.494436,0.402398,0.115886,0.311089,0.131529,0.0751168,0.5213282272906118,0.278998145007498
21-08-2087,0.5321935271706216,0.2232031138601048,0.457172,0.37023,0.113055,0.284573,0.121361,0.0758713,0.4827033455086719,0.2624738849289427
28-08-2087,0.5837309631718338,0.2446381311364974,0.419933,0.339912,0.110225,0.261107,0.11324,0.0706384,0.4445651131363942,0.2455729717287421
04-09-2087,0.6127020552392097,0.2562169477765094,0.387588,0.313217,0.103677,0.241781,0.105976,0.0662818,0.4053344620347907,0.2300606099649279
11-09-2087,0.530055145055257,0.2256706430744211,0.357611,0.287502,0.0971862,0.223944,0.0981461,0.0621002,0.3699226725205271,0.2135674999526307
18-09-2087,0.4492989302450798,0.202640690640211,0.330653,0.264444,0.0913766611874116,0.207365,0.0910945,0.0578757,0.3509002293847515,0.2079266033345064
25-09-2087,0.4089539449954261,0.1878439528073359,0.307284,0.245205,0.0863813762352777,0.192931,0.0851619,0.0544354,0.3269170898733878,0.1963127177605027
02-10-2087,0.375675820645214,0.1751833474325785,0.286581,0.228,0.0838951441739612,0.180109,0.0798908,0.0532792,0.3089288298320599,0.186941956856073
09-10-2087,0.3473254470654813,0.1643110414929897,0.267546,0.212369,0.0910035294041124,0.168496,0.0758842,0.0519824,0.2937124133944793,0.1790846878973128
16-10-2087,0.3168627055600048,0.1571787233287677,0.251105,0.198493,0.0940543,0.157909,0.0723067,0.049044,0.257095,0.157770878283097
23-10-2087,0.2949245010857116,0.1524181396024035,0.237273,0.186396,0.0876797,0.148452,0.0685997,0.0473281,0.24223,0.1566844992743605
30-10-2087,0.2758281761319583,0.1454094647418368,0.224801,0.175382,0.0837796,0.140369,0.0658873,0.0465764,0.228785,0.1574356274682081
06-11-2087,0.2589871984440091,0.1386279598077025,0.213422,0.165406,0.0923672,0.13988,0.0638108,0.0450145,0.217218,0.1504711222372403
13-11-2087,0.2552834872332456,0.1327357864704742,0.203366,0.156365,0.0974654403852576,0.13897,0.0616616,0.042886,0.213676601750792,0.1505078967179196
20-11-2087,0.2433939211574545,0.1270100023541261,0.194489,0.148523,0.0893705852074962,0.131129,0.0594417,0.041139,0.2047121427963867,0.1455736454544831
27-11-2087,0.2322093252631198,0.1217373730121581,0.186209,0.141725,0.0841131862101843,0.124611,0.0574517,0.0396602,0.1961586700614967,0.1395525211406949
04-12-2087,0.2225610366347627,0.1172674123333156,0.178566,0.137506,0.080125168794152,0.119399,0.0556555,0.0397619,0.1889234634624592,0.1349856817372796
11-12-2087,0.3068080793871917,0.1247535714999022,0.176415,0.134765,0.0773712778872322,0.114844,0.0538849,0.039864,0.1846309279518587,0.1347796593990833
18-12-2087,0.42065,0.128811,0.174755,0.130396,0.0764422,0.110775,0.0523236,0.0388602,0.2453192884488165,0.162430642052286
25-12-2087,0.407502,0.21959,0.169085,0.125601,0.0753507,0.107481,0.0512608,0.0380172,0.2446564424409839,0.166487297598819
01-01-2088,0.400533,0.306799,0.164346,0.121174,0.0774513,0.106052,0.0503295,0.0378051,0.2465816627795829,0.1716023629781405
08-01-2088,0.416841,0.297687,0.162251,0.117142,0.105818,0.108856,0.0495858,0.0377776,0.2523095241376311,0.1747035318893678
15-01-2088,0.389997,0.3025462413180031,0.160225,0.113698,0.172552,0.109744,0.0489026,0.0370673,0.153736,0.109546
22-01-2088,0.357816,0.2677180402181899,0.156352,0.111215,0.190358,0.106198,0.0505092,0.0364054,0.152857,0.108261
29-01-2088,0.358724,0.2547981338737994,0.155073,0.117036,0.162722,0.104032,0.140366,0.0358318,0.212476,0.107928
05-02-2088,0.967562,0.2598176765782269,0.232471,0.14816,0.145747,0.108514,0.471399,0.046849,0.313315,0.155922
12-02-2088,1.36955,0.2618858444695598,0.304348,0.256103,0.165756,0.130905,0.549851,0.058963,0.315161,0.205415
19-02-2088,1.167948902229893,0.2626021959972767,0.364463,0.343704,0.1826992224215327,0.143238,0.400684,0.081097,0.8663455441537785,0.3303366857612264
26-02-2088,1.3836434760655694,0.2514622067462041,0.433189,0.318194,0.3629189027551183,0.13446,0.325212,0.110801,0.8925803543386539,0.43281100856488
04-03-2088,1.6470695972643543,0.2647870908213344,0.631072,0.429925,0.5719766588670762,0.144201,0.289261,0.119668,0.9830829758073972,0.648581804957515
11-03-2088,1.4825382396610602,0.2733110498519036,0.720508,0.512896,0.5098795730667528,0.150649,0.266055,0.191921,0.9867786484697832,0.9500619282311388
18-03-2088,1.12584,0.255016,0.593172,0.498468,0.4449277157779632,0.144774,0.241648,0.249264,0.30414,0.877428
25-03-2088,0.999718,0.528609,0.738059,0.478757,0.3972082019900911,0.384633,0.236057,0.214067,0.386042,0.798992
01-04-2088,1.02727,0.727532,0.837987,0.559693,0.3510610133712059,0.695299,0.239467,0.392389,0.445409,1.16346
08-04-2088,1.03751,0.60463,0.888241,0.61505,0.3424664686480498,0.924186,0.297706,0.607541,0.444679,1.35529
15-04-2088,1.01549,0.864022,0.929444,0.529072,0.331093286798857,0.941217,0.343039,0.553021,0.479019,1.08587
22-04-2088,0.993481,0.99708,1.78655,0.466124,0.3050826857777409,0.723273,0.303269,0.487422,0.475824,0.997833
29-04-2088,0.944828,0.902227,2.38215,0.420239,0.3052513273783687,0.605388,0.303305,0.459428,0.586153,0.949489
06-05-2088,1.37277,0.859937,2.10835,0.394604,0.2973724306013655,0.530243,0.689339,0.411211,0.671764,0.873233
13-05-2088,1.59505,0.802138,2.16048,0.372327,0.2774547596643326,0.471352,0.875556,0.352035,0.62768,0.810664
20-05-2088,1.964538677352851,0.8462977140857924,2.02317,0.344084,0.559196,0.531493,0.679034,0.333068,0.580396,0.815384
27-05-2088,1.759472266823597,0.7649356938926939,1.87948,0.317929,0.799633,0.566595,0.583982,0.314701,0.512358,0.791759
03-06-2088,1.5527868417904869,0.6994221836803218,1.90393,0.303005,0.649764,0.49637,0.524503,0.27735,0.585432,0.709658
10-06-2088,1.4094247836198863,0.6608298646734889,1.76614,0.312254,0.538547,0.448701,0.603778,0.248103,0.801891,0.655696
17-06-2088,0.849716,0.5818353464706474,1.53213,0.321687,0.4636094462421124,0.453897,0.627807,0.223052,1.5402215606524574,1.065853659350843
24-06-2088,0.872256,0.5327563324591815,1.59155,0.302159,0.4072822103866088,0.460338,0.583393,0.201719,1.2809862051426788,0.9013094921685424
01-07-2088,0.869811,0.4854891814493853,1.57696,0.275295,0.3631487326119406,0.419185,0.55283,0.184279,1.141711767053963,0.803906835495598
08-07-2088,0.784962,0.4409280961430564,1.33514,0.267582,0.359222651060911,0.405603,0.506686,0.178537,0.98335585262348,0.6992779472283271
15-07-2088,0.7592855269626747,0.3977792560452072,1.17418,0.275825,0.3494519273336213,0.387846,0.478416,0.172086,0.6204779541444011,0.4563338073891433
22-07-2088,0.6896068004217195,0.3644259199095598,1.04964,0.265254,0.3437675257764697,0.346148,0.44052,0.158753,0.5707234964675008,0.4233636322320638
29-07-2088,0.6246039402159554,0.3368018269350079,0.943794,0.28539,0.3338459155101801,0.312582,0.393598,0.146783,0.5397175152604564,0.3929645586287372
05-08-2088,0.5666565905984383,0.3905749721499559,0.849932,0.292538,0.2959606016699279,0.284553,0.350289,0.134345,0.5001230200839623,0.3603158387338872
12-08-2088,0.5319122881320794,0.4611948394085345,1.28568,0.269261,0.2673752573493804,0.260603,0.314528,0.123433,0.4564883997561846,0.336693090144199
19-08-2088,0.4963091131824704,0.415924,1.53213,0.249903,0.246564,0.242376,0.287239,0.115567,0.3850633156658,0.3082597496377553
26-08-2088,0.453188527853583,0.364279,1.20339,0.231597,0.228888,0.226575,0.263007,0.109722,0.3480369797705701,0.2849319048080893
02-09-2088,0.4175821154976861,0.327386,1.02751,0.215858,0.210977,0.210016,0.238422,0.102743,0.3196619175285326,0.2641946890088744
09-09-2088,0.3845488410619581,0.295179,0.893807,0.194558,0.19372,0.193821,0.215365,0.0945518,0.29311706345806,0.2444285278195397
16-09-2088,0.3515473571381378,0.2690537909791085,0.78761,0.184108,0.1777475156797154,0.184267,0.195961,0.0871459,0.2940730567899678,0.2472970334588923
23-09-2088,0.3263817293751525,0.2467631662232251,0.707309,0.19458,0.1644927310180198,0.176014,0.180844,0.0811113,0.2738175786021893,0.233184726225622
30-09-2088,0.3039693814746691,0.2282581891541275,0.643682,0.19787,0.1532714570101565,0.163617,0.167188,0.0756062,0.2585279940296823,0.2220406125874599
07-10-2088,0.2849163050440694,0.218422561707946,0.589593,0.181357,0.1433464891248847,0.152561,0.155151,0.0707509,0.2473594976002642,0.2112078922121476
14-10-2088,0.2678799105735028,0.2089096860077832,0.542078,0.166,0.13481524650085,0.143144,0.146351,0.0664672,0.232954176220764,0.1984760504010282
21-10-2088,0.250376,0.1956797976464284,0.500791,0.154306,0.1275853303288929,0.135043,0.140038,0.0626767,0.190646,0.1762970855874386
28-10-2088,0.236323,0.1845406378476566,0.467544,0.146483,0.1214467721004346,0.127998,0.133337,0.0595714,0.188891,0.1693446710450831
04-11-2088,0.223654,0.1787251650818247,0.465903,0.141373,0.1166522314298651,0.127236,0.126538,0.0567127,0.192269,0.1693836091705834
11-11-2088,0.212695,0.1726217203563659,0.471664,0.13899,0.1128890028864578,0.127344,0.121271,0.0539847,0.187001,0.1686996289203197
18-11-2088,0.205174,0.1641340873124138,0.445382,0.138998,0.1084411260057882,0.121048,0.115456,0.0520903,0.177314,0.1641887698990192
25-11-2088,0.19834,0.1568670114577835,0.414597,0.134468,0.1041309229751885,0.114968,0.109225,0.050427,0.168977,0.156958141709229
02-12-2088,0.18997,0.1498631120688877,0.389598,0.126941,0.100276743149707,0.110013,0.104036,0.0488727,0.161614,0.151535615851608
09-12-2088,0.183045,0.1458722573872127,0.367827,0.120881,0.100253573204208,0.105593,0.0998522,0.0539128,0.15542,0.1514915148678963
16-12-2088,0.1997064084250306,0.1877,0.349282,0.115763,0.1004144552299251,0.101814,0.0960975,0.0592574,0.150285,0.1482653464340734
23-12-2088,0.1986384434429709,0.373601,0.33304,0.111595,0.0965403317350715,0.0985904,0.0927461,0.0572201,0.152226,0.1656361671967909
30-12-2088,0.1979684722665704,0.440373,0.319415,0.108072,0.0933959703257785,0.0956613,0.0898211,0.055696,0.154088,0.1655543270129377
06-01-2089,0.1963557193224966,0.359073,0.30904,0.104719,0.0913850201968776,0.0936538,0.0869729,0.0672013,0.164136,0.1593940119083153
13-01-2089,0.164571,0.398893,0.300157,0.101724,0.0922002,0.0919133,0.0844258,0.0762495,0.227513,0.3724676459106434
20-01-2089,0.161551,0.429005,0.30103,0.0992618,0.122446,0.09904,0.0822396,0.0696062,0.268197,0.3775874375877477
27-01-2089,0.16879,0.420298,0.307813,0.11195,0.158043,0.106489,0.080777,0.0658036,0.246876,0.3856684322492418
03-02-2089,0.178759,0.449292,0.344244,0.126714,0.254034,0.252021,0.0922676,0.0794803,0.296947,0.3823388525229717
10-02-2089,0.204681,0.821286,0.451429,0.122052,0.340235,0.391238,0.112007,0.142139,0.581217,0.437108737119015
17-02-2089,0.3993588760733783,1.0696124724851692,0.492125,0.118632,0.3388040822491629,0.336333,0.111521,0.180912,1.2302466613921883,0.4564987691378808
24-02-2089,0.4594600827232058,0.8650917622478769,0.467443,0.41443,0.3192783582602068,0.40403,0.115037,0.184051,1.6447944343970984,0.4423991030906304
03-03-2089,0.482543899769961,0.8872505855401539,0.446768,0.959404,0.2777591639782681,0.427617,0.325316,0.273056,1.9354544795573616,0.4378598339686391
10-03-2089,0.4502399188379365,0.9106044977664456,0.428522,1.12463,0.3483064497350887,0.362156,0.471002,0.31329,1.663392358659845,0.5521762229375814
17-03-2089,0.254051,0.775646,0.425632,0.987099,0.456115,0.380545,0.37409,0.269631,0.84191,0.396864
24-03-2089,0.238601,0.819182,0.455714,0.769268,0.470897,0.385617,0.326239,0.238837,1.15206,0.488061
31-03-2089,0.266411,0.846626,0.468319,0.654255,0.439916,0.481098,1.18851,0.300834,1.59595,0.39845
07-04-2089,0.313509,0.800358,0.483539,0.584655,0.402101,0.612511,1.74986,0.351546,1.54704,0.365317
14-04-2089,0.342419,0.764432,0.494314,0.529945,0.3824371456789767,0.598009,1.30979,0.299715,1.32894,0.479845200369684
21-04-2089,1.06833,0.702489,0.474402,0.485527,0.3646311922352714,0.538515,1.11069,0.258107,1.73108,0.4380577834184334
28-04-2089,1.55042,0.674145,0.529757,0.574261,0.3569131860646808,0.471989,0.975403,0.244163,2.40766,0.4440264382942155
05-05-2089,1.24632,0.672425,0.641309,0.641787,0.3398116915112981,0.420639,0.875563,0.232939,2.30984,0.4809098459290963
12-05-2089,1.40278,0.684747,0.637103,0.663869,0.3570575053783359,0.380731,0.803751,0.236802,2.01372,0.5060860989593157
19-05-2089,1.57428,0.8472273123527889,0.569724,0.669893,0.3666583540315244,0.382586,0.759405,0.249694,3.849426712100914,1.2928517759137348
26-05-2089,1.5165,0.9182619718576268,0.523739,0.584066,0.3297046049986317,0.415528,0.716845,0.23242,3.555907187186519,1.2332917992373609
02-06-2089,1.35383,0.8618416887102076,0.480798,0.58785,0.3235535872438282,0.486011,0.698019,0.207556,3.0766420656811126,1.091808297292991
09-06-2089,1.14137,0.762605741321965,0.443676,0.662646,0.3297033968334134,0.525043,0.661615,0.196194,2.811740861518821,1.0811440275352509
16-06-2089,1.2708160458721816,0.6788423205911311,0.423414,0.642855,0.3080129607271733,0.467869,0.586838,0.185035,2.8839115576738603,0.5780569753570791
23-06-2089,1.0783295391687435,0.6304879306013811,0.45212,0.632703,0.2803932049539063,0.475712,0.53561,0.167708,2.3593159931973404,0.4983519992600291
30-06-2089,0.9669726623722462,0.567514480217667,0.454578,0.615074,0.2580942175355036,0.483545,0.49232,0.155578,2.1096474266823204,0.4753590928649672
07-07-2089,0.910082299778055,0.518180019043053,0.423701,0.535036,0.2371557243427574,0.430311,0.456486,0.146132,1.8118785269626967,0.4176753767461723
14-07-2089,0.8412826139102142,0.4772730788984221,0.399359,0.472043,0.2192919864117827,0.386129,0.423328,0.135753,1.5563446464108512,0.3719435346060735
21-07-2089,0.7886985814692975,0.4786944041144673,0.36658,0.44424,0.202991827637659,0.34638,0.396184,0.125319,1.4794791814302537,0.3615981326662715
28-07-2089,0.8045069257413853,0.4842260483338558,0.338265,0.416095,0.1879184509384319,0.314372,0.37114,0.115502,1.2443879198176386,0.3081794400007839
04-08-2089,0.7222912012286103,0.4391352039695793,0.313937,0.373228,0.1741418507578923,0.286658,0.337919,0.10667,1.0126407825790444,0.2556184038854309
11-08-2089,0.6444027274874059,0.4000549649144684,0.292894,0.343239,0.1611392317037292,0.263454,0.308704,0.105608,0.8994183939206628,0.242029120214784
18-08-2089,0.553039,0.3622490598188886,0.287906,0.317264,0.1492081573276914,0.243492,0.283647,0.103953,0.5703759561464379,0.1664525989222025
25-08-2089,0.502233,0.3317665730399048,0.281051,0.290353,0.1393842982543657,0.224334,0.262006,0.0955532,0.5181826209404955,0.1527859890770942
01-09-2089,0.457294,0.3054913407306593,0.260557,0.265939,0.1308029756803334,0.206826,0.242603,0.0881204,0.4767673948478205,0.1439192609550675
08-09-2089,0.414963,0.2804453842994071,0.241507,0.262158,0.1223711078402512,0.189864,0.22276,0.0812729,0.439198907561447,0.1341916321653398
15-09-2089,0.4047778329562487,0.2583308507137205,0.225056,0.254922,0.1144564478110837,0.17513,0.204338,0.0752687,0.4136697967779392,0.1654194106876981
22-09-2089,0.4031527884371498,0.2401757926806202,0.212184,0.231146,0.1076223045590236,0.162879,0.189765,0.0703428,0.4174965853063047,0.1893176069603835
29-09-2089,0.3814609866230865,0.2242020689138978,0.22633,0.212572,0.1015109343591945,0.151505,0.177274,0.0659671,0.3980627983151212,0.166447258862478
06-10-2089,0.3507948012448389,0.2100856238991304,0.234716,0.218876,0.0961999770067292,0.141561,0.165652,0.0620594,0.3737276204318379,0.1535741893962891
13-10-2089,0.3250156292515441,0.1976611347044309,0.214961,0.221572,0.0914879699003884,0.133044,0.154881,0.0614767,0.3517092170619574,0.1418683392775337
20-10-2089,0.2995991235117671,0.1863526391436414,0.200752,0.203619,0.087691238737712,0.129272,0.144891,0.0624425,0.32491,0.1307910932928788
27-10-2089,0.2805254093760809,0.176113730532191,0.189275,0.189317,0.0855509820416679,0.125665,0.135947,0.0619097,0.304884,0.124251815522647
03-11-2089,0.2640769007683836,0.1667842491497933,0.179508,0.17579,0.0831756420464133,0.119474,0.12963,0.0945401,0.28803,0.1181031379032317
10-11-2089,0.2499671007330092,0.1586113645949691,0.17143,0.164906,0.0797371174689002,0.113997,0.124039,0.115177,0.273856,0.1132435398283633
17-11-2089,0.2398519563550357,0.1522218461465304,0.168092,0.173329,0.076498065663409,0.108436,0.119075,0.101155,0.2811742576137964,0.1209700006661313
24-11-2089,0.2281662928775511,0.1460191818981296,0.165236,0.179614,0.0736741473072874,0.103767,0.114578,0.0938351,0.2912097348668095,0.1158990967566174
01-12-2089,0.2179728064017201,0.1403406359848791,0.171964,0.167078,0.0712035093167859,0.099731,0.109318,0.0853697,0.2918852993527696,0.1124999989914937
08-12-2089,0.2162813782243074,0.1356398390970704,0.176037,0.157784,0.0692521677294176,0.0961522,0.107307,0.0794998,0.2787685897343521,0.1156389159315462
15-12-2089,0.2312242833974263,0.1304235408137155,0.1662,0.149995,0.0681634,0.0929679,0.10532,0.0781634,0.246515,0.0891322
22-12-2089,0.246599000325291,0.1264758995089746,0.24812,0.143491,0.0674022,0.0901388,0.101031,0.0778684,0.249306,0.088518
29-12-2089,0.2462761083480272,0.1275268051236456,0.328237,0.150857,0.0660834,0.0876715,0.0974923,0.0745571,0.251313,0.0959014
05-01-2090,0.2398863191849958,0.1293463918850082,0.295363,0.17116,0.0746531,0.0895067,0.100743,0.109906,0.252745,0.111089
12-01-2090,0.2974637545459215,0.13878623953819,0.271852,0.171836,0.0838207,0.0914729,0.110397,0.142191,0.263349,0.11398
19-01-2090,0.3040383021583426,0.1376393063255606,0.2501,0.180747,0.0812284,0.0921699,0.111067,0.124888,0.269699,0.110565
26-01-2090,0.3024431470582566,0.1398315452322429,0.237611,0.195736,0.0837513,0.0997264,0.106031,0.143691,0.288367,0.111963
02-02-2090,0.2977243339320515,0.1388824994488991,0.442466,0.188183,0.110499,0.168351,0.109195,0.274178,0.294925,0.110492
09-02-2090,0.3073233503196089,0.1367406252060798,0.607001,0.177101,0.173797,0.294531,0.112355,0.359362,0.298955,0.143605
16-02-2090,0.2846358863166116,0.1341112619565904,0.499379,0.174507,0.1950425328824993,0.444666,0.115201,0.397071,0.923845687704152,0.6600167730255284
23-02-2090,0.6389738831821347,0.2630120279554213,0.47518,0.178334,0.1761169747124743,0.521707,0.296446,0.416039,0.901588224086142,0.7439350885561457
02-03-2090,0.9203085125440008,0.7675819227347722,0.492076,0.181037,0.1658263915292622,0.616121,0.475458,0.357588,0.8870790347628414,0.7804665835932405
09-03-2090,0.8711727905176433,0.8867863351343508,0.491513,0.208983,0.1738337969641642,0.618946,0.525292,0.312033,0.9439084088339345,0.8569181139860181
16-03-2090,0.829711,0.625699,0.488866,0.258104,0.194062,0.498578,0.522995,0.338297,0.297285,0.385082
23-03-2090,0.771996,0.521357,0.469128,0.306537,0.194423,0.465291,0.426849,0.352016,0.285459,0.384592
30-03-2090,0.8417,0.4681,0.445406,0.314051,0.286712,0.58886,0.409948,0.307712,0.28239,0.416152
06-04-2090,0.887719,0.426403,0.424783,0.317602,0.366344,0.678419,0.449771,0.317345,0.278816,0.419116
13-04-2090,0.782005,0.503323,0.392734,0.331132,0.318417,0.640626,0.446587,0.369318,0.316432,0.385244
20-04-2090,0.771749,0.5732289745523341,0.365769,0.320233,0.289345,0.596836,0.393782,0.362354,0.36997,0.352331
27-04-2090,0.877176,0.6354666588020745,0.439833,0.300562,0.269906,0.655215,0.394654,0.328146,0.474954,0.357982
04-05-2090,0.982345,0.659028134314418,0.500787,0.279147,0.24361,0.676544,0.406877,0.305028,0.570872,0.409049
11-05-2090,1.01894,0.7982909389029929,0.447045,0.261589,0.372619,0.593581,0.395773,0.283472,0.732372,0.687529
18-05-2090,1.06535,0.916544,0.40675,0.244146,0.629623,0.532941,0.371323,0.361314,0.827795,1.7161576921135857
25-05-2090,1.00435,0.790499,0.375128,0.2276,0.675304,0.477794,0.33481,0.426864,0.721229,1.5183524207836585
01-06-2090,0.88871,1.00443,0.348823,0.21278,0.571521,0.434636,0.30556,0.377412,0.671497,1.3470672654754736
08-06-2090,0.863647,1.16633,0.324048,0.199346,0.475825,0.400175,0.280412,0.331774,0.632509,1.276995151080636
15-06-2090,1.0965384284477948,1.004752234388005,0.300856,0.191075,0.4119020352857885,0.366948,0.257701,0.294798,1.8091761853158632,0.9144233976277044
22-06-2090,0.939442306428799,0.8405643169010415,0.312736,0.183286,0.3615075338149949,0.340885,0.245748,0.263961,1.407713900215903,0.7702869984597392
29-06-2090,0.8554317124805082,0.727679928078852,0.325642,0.17421,0.3266965392373172,0.317829,0.235116,0.23946,1.2436295585599126,0.7121518934330471
06-07-2090,0.7591548358473827,0.6389323853940029,0.300993,0.16509,0.3167616366606744,0.292464,0.218105,0.219071,1.0783554860360618,0.6261758388280063
13-07-2090,0.6724087036741646,0.5703677503913284,0.283464,0.169356,0.2989113813915509,0.269315,0.20273,0.200666,0.958427617010577,0.5518573800131139
20-07-2090,0.6656789925250244,0.5124013617923906,0.284267,0.170467,0.2662263266526893,0.251087,0.205011,0.183863,0.5924122488639789,0.4802559888527202
27-07-2090,0.5834938507787145,0.4608752233983501,0.273956,0.156146,0.2661399183485355,0.234054,0.204873,0.168899,0.5297389453863861,0.4075329614077363
03-08-2090,0.5096007061070149,0.4165649430669713,0.261004,0.144745,0.2607621258515235,0.216636,0.187176,0.155139,0.4510042785627566,0.3384762765952522
10-08-2090,0.468275026746058,0.4122012784588506,0.252198,0.135646,0.2333382253975008,0.201544,0.172805,0.142415,0.429135660766271,0.3110832743184015
17-08-2090,0.370045,0.4031342950764192,0.233847,0.127341,0.213683001747587,0.188686,0.161282,0.130959,0.281909,0.2243512098607113
24-08-2090,0.342538,0.3638763642109219,0.215767,0.119443,0.198174968897564,0.175937,0.151121,0.120991,0.26357,0.2052821733336537
31-08-2090,0.318593,0.3386845295779969,0.200473,0.169493,0.1843367393306441,0.163585,0.141095,0.112379,0.247831,0.1908680611765009
07-09-2090,0.295237,0.3386914543217706,0.206625,0.197819,0.1692096251714373,0.151987,0.130819,0.104014,0.231679,0.1771001806005412
14-09-2090,0.2780485537358058,0.3246862790188615,0.208593,0.160938,0.1552239924217507,0.141221,0.121462,0.0962896,0.2223049272950641,0.1708807502491958
21-09-2090,0.2594907638524372,0.2935270324890147,0.191697,0.143261,0.1437141387450138,0.132462,0.113798,0.0898066,0.208833641442602,0.1603661597260693
28-09-2090,0.2557753182218539,0.2695413049664928,0.201529,0.130777,0.1338098360065714,0.124422,0.107904,0.0839817,0.2585886153200826,0.1517892879085898
05-10-2090,0.251525001314797,0.2497621810513019,0.205399,0.123514,0.1253192724636491,0.116893,0.103207,0.0801012,0.2923159500655522,0.1448965575886034
12-10-2090,0.2346788817241233,0.2326846569483825,0.186541,0.117365,0.1180351782011034,0.110294,0.0979617,0.0764695,0.2538056298403247,0.1367613412052089
19-10-2090,0.2177136921391464,0.2175639897846055,0.17617,0.112683,0.1118150283737683,0.10457,0.0925018,0.0723738,0.225811,0.1252256296135552
26-10-2090,0.205634353216844,0.2044771754744877,0.167727,0.108029,0.1062089713692952,0.0993838,0.0881231,0.0700656,0.210417,0.1227847676221013
02-11-2090,0.194577338586546,0.192788381374252,0.158126,0.103699,0.1015230804037427,0.094856,0.0844226,0.0748858,0.197825,0.1170944142492921
09-11-2090,0.1852852518858353,0.1822742262090283,0.152284,0.100259,0.0971173567035628,0.0911496,0.0808237,0.0766093,0.187141,0.1132095346404556
16-11-2090,0.1902326972939491,0.1936129134322518,0.147904,0.0950372,0.092742329850346,0.0887854,0.0792484,0.071216,0.1914532598019847,0.12121505991964
23-11-2090,0.1819722153965721,0.2029533614076241,0.141994,0.0903249,0.089043471390315,0.086289,0.0780854,0.0673161,0.1837214154794501,0.1204465501762703
30-11-2090,0.2172546548025304,0.1883307870525509,0.136069,0.0865987,0.0856680465153668,0.0832155,0.076805,0.0641198,0.1764531186066968,0.1155167917471467
07-12-2090,0.262635557245269,0.22061281666725,0.13104,0.0835777,0.0825776362129972,0.0808632,0.0753378,0.0633945,0.1736284422079299,0.1158829025757851
14-12-2090,0.2577051007413934,0.245186,0.128859,0.0811121,0.079903926445668,0.0785512,0.07265,0.0629321,0.15411,0.115814823942629
21-12-2090,0.255968713191941,0.226049,0.1283,0.10785,0.0776356243322062,0.0762968,0.0703846,0.0759993,0.151291,0.1148468944989807
28-12-2090,0.238640159960047,0.243438,0.125472,0.131908,0.0756664090696166,0.0743942,0.0686261,0.0980717,0.147103,0.1153288421041556
04-01-2091,0.2279173217884814,0.254604,0.1307,0.115572,0.0741502189073988,0.0732842,0.0758355,0.0974646,0.150845,0.1166356050189898
11-01-2091,0.2190574070948733,0.250661,0.135772,0.106923,0.0746903378010229,0.0742039,0.0854223,0.100906,0.154185,0.1175227297350171
18-01-2091,0.191426,0.271485,0.137531,0.102991,0.0747958,0.0779061,0.0829767,0.104813,0.149057,0.0883532
25-01-2091,0.1883,0.288212,0.14299,0.120195,0.0925053,0.0808196,0.0792531,0.100193,0.15812,0.112488
01-02-2091,0.183564,0.280652,0.141532,0.181059,0.112794,0.0911987,0.0921868,0.103179,0.202196,0.161085
08-02-2091,0.188638,0.283408,0.137362,0.359361,0.1101,0.231427,0.183619,0.104709,0.225348,0.180154
15-02-2091,0.2751531783273405,0.3025169010878673,0.133925,0.442561,0.1095731156396144,0.413241,0.266536,0.127406,0.225282,0.174339
22-02-2091,0.3059233310780848,0.3316777441458653,0.155566,0.828098,0.1053117055554401,0.379166,0.238601,0.147893,0.228119,0.166261
01-03-2091,0.3786983143138691,0.4619990900098192,0.174073,1.02147,0.10217243989662,0.554645,0.209397,0.135594,0.241037,0.460194
08-03-2091,0.437719933548633,0.6102844658668912,0.169437,0.751262,0.1003177784376487,0.652015,0.196463,0.124722,0.247759,0.67588
15-03-2091,0.35791,0.5870859039482894,0.197273,0.718771,0.107047,1.05357,0.181672,0.174391,0.248122,0.544635
22-03-2091,0.35494,0.507616104486494,0.212352,0.720794,0.370903,1.3411,0.166603,0.817409,0.254238,2.08477
29-03-2091,0.371934,0.4658240597715225,0.195903,0.648201,1.09815,1.17764,0.154468,1.14169,0.284906,3.21591
05-04-2091,0.692691,0.4388221074551247,0.231499,0.619946,1.28721,1.20815,0.144956,0.809513,0.335438,2.85871
12-04-2091,0.855792,0.4255415460298799,0.266154,0.640117,1.04928,1.12989,0.13727,0.654757,0.343818,2.42076
19-04-2091,1.0670251666254678,0.407439,0.245908,1.04714,0.9310320751022382,0.963207,0.137529,0.552591,0.6826945496631018,1.98713
26-04-2091,0.9882329443617026,0.406125,0.346844,1.3108,0.8163028993529005,0.898177,0.340205,0.562514,0.6673897055765903,1.79241
03-05-2091,0.8898725737787907,0.540593,0.411699,1.09599,0.695824231196839,1.13043,0.564041,0.57438,0.6434641097934746,1.83156
10-05-2091,0.8479225704455974,0.769445,0.369433,1.34153,0.6124248923287828,1.22752,0.564289,0.502653,0.6917321134699645,1.77826
17-05-2091,0.524981,0.9561032543799772,0.387219,1.59116,0.59304,1.11431,0.538126,0.485919,0.4246193874386273,2.04028527942628
24-05-2091,0.484414,0.9078842435637212,0.373412,1.59281,0.587993,1.03048,0.456214,0.468884,0.4149992213854011,1.8405793104546373
31-05-2091,0.624176,0.7550023056733633,0.464935,1.52253,0.535168,0.899827,0.430653,0.445854,0.391611044212099,1.6385094059241276
07-06-2091,0.715321,0.6525071749060688,0.507337,1.35517,0.491584,0.789779,0.407522,0.421523,0.4138295036235684,1.501174571752446
14-06-2091,0.8388588984726161,0.5565972355994186,0.427111,1.33104,0.4532583103234431,0.721722,0.353519,0.383165,1.061791172179714,1.8519718811466648
21-06-2091,0.7240985664441695,0.4958097827773278,0.453915,1.58599,0.4818225225548344,0.724993,0.319504,0.35452,0.8969044549070545,1.5769467496681435
28-06-2091,0.6519627097514002,0.4488895730132497,0.454429,1.57588,0.4938878884333472,0.695595,0.297954,0.321488,0.8357442108910578,1.4139457998920952
05-07-2091,0.5774356360035974,0.5139027236541273,0.43114,1.30925,0.433255674537443,0.615194,0.308159,0.30206,0.7415243325242731,1.2383055355123846
12-07-2091,0.5340883040462081,0.5540466796423467,0.408153,1.13244,0.3982537302736669,0.564899,0.302758,0.283208,0.6484208610652915,1.1029588255772844
19-07-2091,0.4847058280868294,0.5338708416578588,0.354522,1.00085,0.379026107527431,0.522195,0.276684,0.269047,0.651177152826409,0.866394770857168
26-07-2091,0.427119009622838,0.506605670076218,0.313589,0.891499,0.402752414008746,0.473138,0.255744,0.253832,0.5389601499404578,0.7688663716496443
02-08-2091,0.3802977325265542,0.4425079973819274,0.293728,0.787745,0.4016100619006724,0.429907,0.230233,0.228198,0.4224653002808541,0.6712154479734134
09-08-2091,0.3536316364617685,0.4045935136835961,0.329722,0.70618,0.3590346182679692,0.393354,0.20846,0.207366,0.4077600058990986,0.6130737266999939
16-08-2091,0.2997910042712959,0.3685272350681189,0.335145,0.63701,0.327252,0.360484,0.189396,0.189338,0.1928416540894533,0.5016895799913643
23-08-2091,0.2754647669608038,0.3351401177516262,0.289233,0.574535,0.296271,0.329746,0.172954,0.173462,0.1772651869615593,0.4647030303586889
30-08-2091,0.2554171203888956,0.3068739133175086,0.258148,0.519532,0.269794,0.302576,0.159722,0.159453,0.1665329581683137,0.4265267841597068
06-09-2091,0.2357738047760047,0.280542248502992,0.232613,0.468198,0.246089,0.277454,0.149319,0.155431,0.1551627183398753,0.3900281940220738
13-09-2091,0.2192232092156384,0.2631310529816988,0.211741,0.423692,0.2249802806810548,0.25463,0.138656,0.150195,0.1595282381117855,0.3741545222490944
20-09-2091,0.2050065257323378,0.2535163461787071,0.195161,0.387314,0.2092465929083186,0.235359,0.128304,0.136958,0.1545232500193983,0.3460099077666219
27-09-2091,0.1929647274888318,0.2382755616831676,0.181251,0.357452,0.1957630954852228,0.217901,0.120891,0.127064,0.1495093378062034,0.3229072367211433
04-10-2091,0.1825647997772557,0.2206544970465026,0.169347,0.330511,0.1821784660032423,0.202516,0.11416,0.119544,0.1467227955785273,0.3042829867277475
11-10-2091,0.17055498129769,0.205541922604919,0.159095,0.305823,0.1702353719507961,0.189375,0.106929,0.115188,0.122071,0.2641199722736865
18-10-2091,0.164557788879169,0.1927905392567442,0.15019,0.284209,0.1597062815365718,0.17756,0.101857,0.11069,0.116358,0.2483032859763759
25-10-2091,0.1595563214551212,0.1841779910302959,0.148491,0.263772,0.1501981970079995,0.166804,0.0982257,0.104349,0.111296,0.23327796199353
01-11-2091,0.1523518898215976,0.1781439753907125,0.146723,0.246328,0.14187258551497,0.15775,0.0940868,0.0989463,0.110209,0.2205073681622858
08-11-2091,0.1465110687354551,0.1699757960325795,0.138458,0.231761,0.1343493115730313,0.149847,0.0895542,0.0936045,0.1269070430446663,0.2090320546509426
15-11-2091,0.1553778251750802,0.1747175316843087,0.131317,0.218413,0.1275988648214547,0.142334,0.0853543,0.0998212,0.1256170798169579,0.1992878085814545
22-11-2091,0.1632333724353903,0.1796311083637797,0.125403,0.206472,0.1217524483311874,0.135513,0.0816288,0.105247,0.1213276320601656,0.19024019829775
29-11-2091,0.1535971047558723,0.1695232332399475,0.1203,0.19588,0.1163508693933765,0.129513,0.0782563,0.097735,0.1182746871163302,0.1826472809371536
06-12-2091,0.1491724525275169,0.1633376937656085,0.11594,0.18707,0.111640132992875,0.127504,0.0758622,0.0921451,0.1246808991990193,0.1797333328947432
13-12-2091,0.153283,0.1584258748505014,0.113377,0.180379,0.108179,0.12581,0.073896,0.0879073,0.241738877711165,0.172532
20-12-2091,0.159922,0.160341037300694,0.143698,0.17383,0.119555,0.135148,0.0718172,0.0843383,0.2509851425583967,0.172644
27-12-2091,0.227991,0.1611583425829325,0.182583,0.167186,0.130266,0.165989,0.0707494,0.0810913,0.2666783329191085,0.187721
03-01-2092,0.283743,0.1550807359568743,0.202364,0.161371,0.126564,0.175812,0.06971,0.0783068,0.2950799437996672,0.210121
10-01-2092,0.252123,0.149149,0.204638,0.15641,0.124464367531182,0.164616,0.0993486,0.0758679,0.104496,0.225744
17-01-2092,0.233928,0.144596,0.183386,0.152096,0.1246510791773267,0.155886,0.129367,0.0737127,0.107539,0.229317
24-01-2092,0.244668,0.162999,0.20621,0.151418,0.1259073605962547,0.148786,0.114404,0.0810142,0.103744,0.241476
31-01-2092,0.383412,0.192328,1.1964,0.153742,0.1235386603871686,0.403309,0.105268,0.104923,0.130602,0.448623
07-02-2092,0.6225250041547288,0.2005867838328415,1.80022,0.161692,0.1237713391284495,0.681525,0.102497,0.211228,0.4885458980262093,1.13827406083751
14-02-2092,0.6174400019860378,0.1908710187824825,1.27641,0.165932,0.1559968745993811,0.604852,0.120789,0.360599,0.4634724429261522,1.0369972510931484
21-02-2092,0.583367531903288,0.3357037737662166,1.10693,0.252074,0.2237337317279332,0.530891,0.156985,0.461309,0.4558847936576242,0.9721268775916962
28-02-2092,0.5281797716527062,0.4544598763729037,1.05064,0.328485,0.2491417438842365,0.481783,0.16848,0.44925,0.8420838495781564,0.910324799392042
06-03-2092,0.4861268921269008,0.6581813051819518,1.04838,0.280458,0.2275891022401617,0.448507,0.175127,0.364868,1.1086385997029382,0.9309343040898904
13-03-2092,0.359102,0.776274504283347,1.01217,0.263403,0.210539,0.549983,0.206802,0.348782,0.359759,0.46667
20-03-2092,0.921237,0.6319404499042017,1.0377,0.252986,0.638579,0.635059,0.214803,0.33977,0.351063,0.437966
27-03-2092,1.31868,0.5575921400315432,1.24849,0.237825,1.03587,0.573578,0.456726,0.313008,0.352742,0.47799
03-04-2092,1.15076,0.5045140900861255,1.25544,0.234919,0.834135,0.526748,0.644858,0.288037,0.345095,0.547639
10-04-2092,1.05961,0.4715245868702178,1.10978,0.230156,1.04857,0.493084,0.520995,0.261752,0.336405,0.56903
17-04-2092,0.901581,0.4413449097397857,1.32669,0.281943,1.65542,0.469506,0.433817,0.246636,0.337892,0.553347
24-04-2092,0.815431,0.4152245831151311,2.09186,0.323201,1.61229,0.730665,0.371298,0.23325,0.378281,0.537745
01-05-2092,0.904568,0.3876776680797435,3.29411,0.292326,1.39496,0.890961,0.356379,0.282572,0.407931,0.521268
08-05-2092,0.945129,0.3704515492948287,3.68794,0.281565,1.269495290714746,0.751522,0.342074,0.332126,2.758859553680271,0.520362
15-05-2092,1.06917,0.3560664045244472,3.29845,0.269282,1.0833517984306122,0.691023,0.329514,0.350716,2.8198187917200146,0.525203
22-05-2092,1.4792,0.3357821850098422,2.77617,0.260835,0.9942011680500932,0.6201,0.608661,0.537136,3.121274527049794,0.492214
29-05-2092,1.473,0.3134173833832629,2.30326,0.255583,0.9958412505523392,0.549368,0.762465,0.620181,3.068309226064636,0.504018
05-06-2092,1.19085,0.2937002107815496,1.996,0.262204,0.948742662629181,0.494822,0.605626,0.503794,3.4822400273886243,0.51576
12-06-2092,1.3908860316281055,0.2767826495558769,1.75721,0.260571,0.8297806395586859,0.456829,0.517352,0.420235,1.3352772562539672,1.1252330638294588
19-06-2092,1.1968521748340464,0.2602334534910226,1.55528,0.236381,0.7419937365464154,0.436748,0.442762,0.365138,1.425508848189006,0.957801339883266
26-06-2092,1.0614101650948866,0.243600812037193,1.44276,0.21726,0.6726634809479345,0.412133,0.387685,0.323449,1.182620310943096,0.9038553548090488
03-07-2092,0.9571313590833446,0.2272296360891231,1.51091,0.201321,0.6336742701903703,0.377666,0.34607,0.289675,0.9515111840547932,0.7911996345086039
10-07-2092,0.7489352012926216,0.2199360331132506,1.48351,0.187451,0.5967075742251403,0.346034,0.31543,0.276404,0.8234694444760156,0.4352789033348616
17-07-2092,0.7535461032216224,0.2146919564669588,1.2942,0.175023,0.5960905208543591,0.318245,0.289209,0.284989,0.7123947429355408,0.3969647167285472
24-07-2092,0.7401021665950028,0.1991668741740353,1.14362,0.163711,0.583905130376492,0.294172,0.264194,0.272412,0.6211164435116848,0.3589698919232351
31-07-2092,0.64854054125445,0.1858637642079391,1.02168,0.153434,0.5248331445031079,0.280757,0.241548,0.241744,0.5327932877928628,0.3196667365028424
07-08-2092,0.6959154248710007,0.1738773432846038,0.926983,0.174082,0.4781163814509886,0.267481,0.220521,0.217709,0.417746,0.268925934225654
14-08-2092,0.700525026309855,0.1641105918999022,0.843693,0.188122,0.4333240100011599,0.24868,0.203916,0.197938,0.378228,0.2510640720601308
21-08-2092,0.6117638977008262,0.1547371573041892,0.764764,0.166505,0.3931553882960547,0.23513,0.190265,0.181595,0.344506,0.2322502877457313
28-08-2092,0.5492568709675052,0.145918495107001,0.69578,0.151958,0.3588630137452234,0.220884,0.175942,0.166446,0.315043,0.2164363897265528
04-09-2092,0.4927479988745119,0.1366690127499887,0.630729,0.139715,0.3270643468666035,0.203549,0.161465,0.151131,0.288018,0.2007514364057688
11-09-2092,0.4298826198081782,0.1391003390122718,0.61248,0.129262,0.2982915513523556,0.188086,0.148604,0.138244,0.2807160934940371,0.2052301762688519
18-09-2092,0.3942706028952957,0.1406790332235504,0.596157,0.12108,0.2742297759627547,0.175007,0.137717,0.127837,0.2630609327470455,0.1928223257548753
25-09-2092,0.3634824271933551,0.1310174097201835,0.542742,0.114097,0.2531300519177531,0.163443,0.128242,0.119334,0.249106879913115,0.184893693384612
02-10-2092,0.336838637928088,0.1234462145905237,0.496695,0.107753,0.2349593516839758,0.153132,0.119785,0.111855,0.2351655652082414,0.1789819342922461
09-10-2092,0.309378307933227,0.1167376543933443,0.456921,0.10206,0.2189524774121846,0.143908,0.112243,0.104522,0.202546,0.1552560812265934
16-10-2092,0.2888924321792575,0.1109703749086927,0.423017,0.0969526,0.2046524441370986,0.135641,0.105918,0.099863,0.190746,0.1474319692614024
23-10-2092,0.2751719426443509,0.1058036519983268,0.39349,0.092481,0.1923684094890608,0.12897,0.100295,0.0958995,0.180323,0.1403363201900931
30-10-2092,0.2625745323601065,0.1011548496576359,0.367294,0.0887492,0.1911467134411479,0.138245,0.0979011,0.0906594,0.170963,0.1447439740866023
06-11-2092,0.2481237981371711,0.0969852720845252,0.343905,0.0852159,0.1890565664079876,0.144141,0.0962512,0.0857691,0.162896,0.1467392972389642
13-11-2092,0.2355809254661517,0.0955982762308002,0.322869,0.082208,0.1773918968733014,0.134786,0.0918309,0.0815508,0.156976,0.1403316393626646
20-11-2092,0.2240053190098321,0.0943580181663991,0.305057,0.0796392,0.1679864857877026,0.128296,0.0874531,0.0777174,0.151535,0.1335275029529274
27-11-2092,0.213748065965783,0.0987770613414383,0.296054,0.0814203,0.1595308486988927,0.121773,0.0849786,0.0740975,0.145246,0.1286626459080331
04-12-2092,0.2072057662195253,0.1045671673275587,0.308446,0.0843393,0.1522556601767706,0.116581,0.0827885,0.0716419,0.142423,0.1295189565860297
11-12-2092,0.2069297875527254,0.105199,0.310424,0.215234,0.1466470593075109,0.112132,0.0796384,0.0694987,0.2497460718654107,0.112249
18-12-2092,0.2063526393202636,0.125391,0.320741,0.307035,0.1421876051281207,0.108097,0.0769114,0.0674742,0.2515791305072208,0.109625
25-12-2092,0.2372448619291861,0.155115,0.329906,0.398564,0.1377580204155561,0.104848,0.0751301,0.0657499,0.257485677093465,0.154297
01-01-2093,0.2640507289582739,0.178516,0.309088,0.461609,0.1355107295521386,0.102819,0.0734468,0.0653768,0.2721123749673163,0.207867
08-01-2093,0.2624371902767541,0.180372,0.297347,0.361559,0.1336029127781832,0.100808,0.0714236,0.0649874,0.187915,0.555890195480963
15-01-2093,0.2657970383709795,0.171756,0.288811,0.316697,0.1356175031722293,0.0992918,0.0697548,0.0631263,0.238099,0.5354585980653099
22-01-2093,0.2737083405866291,0.215293,0.295682,0.312881,0.1411757450514632,0.0980079,0.0754693,0.0616995,0.209839,0.5745745682840272
29-01-2093,0.4062471879874821,0.242699,0.304172,0.303527,0.1419208776538222,0.101953,0.0835182,0.122634,0.223344,0.5871912901263114
05-02-2093,0.6987601881137515,0.2832317950933891,0.308545,0.432736,0.1392300241496214,0.113448,0.0931528,0.306651,1.2365030985124796,0.6473960736606722
12-02-2093,0.7441906481593534,0.3069011693014565,0.340053,0.530415,0.1597721069732988,0.136755,0.117044,0.334116,1.1762160711897425,0.6324000903384763
19-02-2093,1.5742544286544984,0.2717794119300392,0.400044,0.712245,0.2556027503162841,0.20935,0.488644,0.259086,1.143205071222279,0.6225049469794344
26-02-2093,1.941310159776688,0.2489727440476216,0.460957,0.952767,0.3060755421302756,0.241549,0.71876,0.251965,1.153317589228393,0.6056234209539954
05-03-2093,1.4986879251421223,0.2331171195216423,0.455809,0.876421,0.369024286269909,0.208521,0.513002,0.29155,1.211748548419754,0.7814971364421563
12-03-2093,1.09585,0.217801,0.416216,0.74845,0.437,0.234745,0.491324,0.296399,0.258055,0.32134
19-03-2093,0.953899,0.233128,0.434384,0.655787,0.402512,0.261718,0.535452,0.261322,0.29411,0.660524
26-03-2093,0.862216,0.243661,0.490712,0.602509,0.673959,0.457918,0.513839,0.244189,0.280916,2.01232
02-04-2093,0.916459,0.251634,0.511705,0.595715,1.16742,0.575158,0.50595,0.243266,0.414441,2.32868
09-04-2093,0.983304,0.2817163862768835,0.490142,0.620411,1.1575521181738495,0.487578,0.490459,0.258333,0.5466,1.75412
16-04-2093,1.24817,0.2768548012681517,0.510795,0.61613,0.9472206308061256,0.438807,0.431208,0.272542,0.495664,1.46791
23-04-2093,1.3845,0.2549874258590336,0.59999,0.57855,0.8158563320189077,0.38041,0.397176,0.329548,0.488345,1.46662
30-04-2093,1.27077,0.2370438420143281,0.672283,0.540673,0.7170514974570883,0.340386,0.38596,0.41179,0.477646,1.84437
07-05-2093,1.18025,0.2211090978449441,0.644795,0.566065,0.7364713195707058,0.310738,0.364665,0.393387,0.431386,1.8334
14-05-2093,1.5162861081447598,0.2122492006407535,0.595788,0.581354,0.869547,0.297822,0.342447,0.334801,0.444259,1.62838
21-05-2093,1.4626617030327769,0.1988223643328087,0.558318,0.617781,1.11751,0.286432,0.320582,0.293618,0.466656,1.4858
28-05-2093,1.3822288050829803,0.1869313457545654,0.507586,0.651622,1.12068,0.274256,0.299557,0.264449,0.451106,1.27176
04-06-2093,1.2810156826148038,0.1769925504440259,0.479944,0.598106,0.910724,0.261093,0.278474,0.252243,0.415834,1.12868
11-06-2093,0.835325,0.171257,0.454051,0.535114,0.7844643131295895,0.240414,0.253104,0.239888,1.2106594710082412,1.590084086333809
18-06-2093,1.10201,0.215091,0.449499,0.577007,0.7183628574969424,0.223341,0.237323,0.227527,0.9957394591381642,1.3554508509321832
25-06-2093,1.22505,0.232603,0.438974,0.595219,0.669757374329897,0.209637,0.223434,0.21481,0.9344288353602485,1.209765315211985
02-07-2093,1.05343,0.202791,0.399022,0.51859,0.6080973260319054,0.195831,0.206564,0.213937,0.8186163428634613,1.061503985394321
09-07-2093,1.0325905879544,0.1848454374863987,0.389527,0.470602,0.5470992275081871,0.182734,0.191079,0.209179,0.526404185381769,0.8954293601625144
16-07-2093,0.9104435970169596,0.1693941561493856,0.522062,0.42651,0.4937221009349828,0.171318,0.180046,0.187173,0.4565411626662454,0.7833273438878898
23-07-2093,0.8062253953448985,0.1562734454248506,0.576463,0.383992,0.448128008959563,0.160801,0.169505,0.191435,0.3912231641515181,0.6930301092682197
30-07-2093,0.7120876161407941,0.1447365867669465,0.477871,0.348974,0.4082864104976333,0.151565,0.158796,0.191631,0.3538295323570866,0.6105504861062154
06-08-2093,0.6723890425037077,0.1368646552563287,0.550139,0.382973,0.3783444256556257,0.158266,0.149007,0.185538,0.3519713106658559,0.5571529540827654
13-08-2093,0.6990126690480987,0.1295986753401762,0.585946,0.400754,0.353223,0.162288,0.138527,0.178309,0.2305139382143962,0.438693
20-08-2093,0.6875064714866532,0.1217401691428426,0.489966,0.348262,0.327007,0.148185,0.129048,0.159377,0.2124523646034606,0.41011
27-08-2093,0.6544519875880582,0.1223223747237034,0.42705,0.310717,0.302715,0.135945,0.120738,0.144923,0.196939721726148,0.382872
03-09-2093,0.5784964871316742,0.1284214201863277,0.378752,0.278832,0.27898,0.125361,0.112735,0.131655,0.1818570010870483,0.352593
10-09-2093,0.4953957294835875,0.1231207694490905,0.368549,0.252414,0.2587253720704808,0.117236,0.105236,0.119955,0.1839153691719666,0.3370707390785549
17-09-2093,0.4541525252089555,0.113106097624609,0.357594,0.231255,0.240847210267074,0.11065,0.0987817,0.11051,0.1726169593453964,0.3235322743912551
24-09-2093,0.4166395729494189,0.1059539937791966,0.322175,0.213231,0.2238693233426594,0.104761,0.0930516,0.10238,0.1638545190507444,0.3121003887566188
01-10-2093,0.3844754313427718,0.1000732607513496,0.297387,0.197936,0.2095196679152484,0.0996772,0.0879101,0.0953164,0.1566485571379201,0.2923177542910411
08-10-2093,0.3489724787938869,0.0947354276450586,0.276341,0.184633,0.1964479476128291,0.0944851,0.0831583,0.089106,0.132843,0.260282
15-10-2093,0.3258904148860563,0.0929053733120354,0.256162,0.172967,0.1859969325747489,0.0898681,0.0789076,0.0834764,0.127843,0.244954
22-10-2093,0.3056810171134114,0.0908359894745355,0.238952,0.162816,0.1770929212352067,0.0866768,0.0767899,0.0790226,0.123987,0.231926
29-10-2093,0.2876381693426839,0.0862453558196175,0.224004,0.153808,0.1682089682527617,0.0836079,0.0747863,0.0752594,0.12701,0.22612
05-11-2093,0.2734023206676469,0.0823799070098506,0.210759,0.145732,0.1614615801191922,0.0800631,0.0713474,0.0714571,0.134233,0.2327820008019381
12-11-2093,0.2626962977992951,0.0790101212330068,0.198491,0.138439,0.1555006568582995,0.0772293,0.0682744,0.0686908,0.130976,0.2219092752093463
19-11-2093,0.2527702870646345,0.0762226957603998,0.188267,0.131934,0.1488846341595324,0.0749947,0.0655643,0.0662119,0.124422,0.2112205435940432
26-11-2093,0.4457183081958411,0.0737283626696186,0.179926,0.126127,0.1424556510809742,0.0727097,0.0640167,0.0634059,0.119146,0.2026510295785955
03-12-2093,0.6368466037127903,0.0860800455206257,0.173694,0.121055,0.1372878513310935,0.0704727,0.0633067,0.061004,0.118128,0.1990972434289905
10-12-2093,0.5272657937014571,0.2115114470909868,0.169102,0.116634,0.1328575030664912,0.0695854,0.061831,0.0589524,0.117268,0.2556347286323769
17-12-2093,0.4734729172095482,0.2696476233127473,0.164295,0.112629,0.1291391124261309,0.0688616,0.0598889,0.057074,0.123766,0.2553631618763538
24-12-2093,0.4437750298600394,0.2009314790112556,0.159141,0.109135,0.1277752161941903,0.0672065,0.0581106,0.0585283,0.159211,0.257606917751553
31-12-2093,0.4093012554294473,0.1713620926642735,0.170596,0.10656,0.1256515925674911,0.0657034,0.0566343,0.0631883,0.2026,0.2615241733150711
07-01-2094,0.377047,0.219122,0.182161,0.10433,0.121837,0.0643392,0.0556216,0.0636648,0.660044,0.162574
14-01-2094,0.358005,0.267742,0.173206,0.10544,0.119614,0.0639359,0.0547454,0.0615841,0.937273,0.189029
21-01-2094,0.393727,0.295107,0.221716,0.11353,0.128956,0.0671619,0.0718155,0.05983,0.778524,0.205008
28-01-2094,0.452837,0.320492,0.283734,0.148575,0.149142,0.0702114,0.348364,0.0580544,0.705534,0.234807
04-02-2094,0.455317,0.349323,0.301986,0.519741,0.184244,0.0906164,0.656645,0.0638689,1.56565,0.258681
11-02-2094,0.474571,0.3602343879339968,0.310613,0.848443,0.2005441307771575,0.122626,0.774055,0.272371,3.2307847368829745,0.380253
18-02-2094,0.487806,0.3892080629137002,0.289551,0.69637,0.1868489704536256,0.784534,0.824543,1.49656,2.676559521505564,0.586928
25-02-2094,0.460881,0.4462651048826594,0.302744,0.605751,0.1812128900994083,1.91934,0.740839,1.81529,2.4153617642820047,0.574675
04-03-2094,0.433198,0.4378823602701491,0.310605,0.618102,0.2552515879837422,1.76886,0.629219,1.21792,2.262792724970889,0.503037
11-03-2094,0.5773662881846139,0.4218725996941095,0.323369,0.598452,0.3082389978382071,1.31517,0.535622,0.942696,1.0264,0.485225
18-03-2094,0.5565595971276343,0.4017383063052453,0.333244,0.534543,0.2660417509537678,1.10913,0.472895,0.912787,1.47084,0.507149
25-03-2094,0.5389202325545734,0.3778199154222941,0.400246,0.592004,0.2409954596296427,0.980441,0.606136,0.882618,1.78985,0.556102
01-04-2094,0.5318800721075618,0.3546226068816261,0.469169,0.630613,0.2290564497910009,0.933307,0.921883,0.83851,1.52081,0.546717
08-04-2094,0.368186,0.323528,0.430764,0.590028,0.265667,1.01801,1.2665,0.841118,1.32051,0.537
15-04-2094,0.378525,0.795559,0.493745,0.560208,0.325112,1.00459,1.33561,0.772009,1.19791,0.611819
22-04-2094,0.37808,1.13588,0.6521,0.518818,0.557307,0.882139,1.10576,0.687269,1.12258,0.741416
29-04-2094,0.362984,0.956135,0.906669,0.500817,0.674393,0.788868,0.917917,0.615819,1.07334,0.787735
06-05-2094,0.396654,0.86813,0.977868,0.492288,0.536058,0.779213,0.833901,0.555485,1.40373,0.907342
13-05-2094,0.6062028673361578,0.789358,0.809759,0.468591,0.4798488632364274,1.06276,0.870853,0.566091,5.691037953478526,2.418161634777824
20-05-2094,0.5836894955523514,1.67205,0.681577,0.426927,0.44016255962471,1.14578,0.844219,0.567506,5.342987529216285,2.1391437062140835
27-05-2094,0.5494356374418774,2.08907,0.617045,0.477455,0.3888136213609014,1.02688,0.726672,0.513956,4.660770121139377,1.8316926696612663
03-06-2094,0.5109776461838704,1.52488,0.571175,0.614452,0.3496333613933792,0.973055,0.638903,0.481955,4.266761906809572,1.672752854063314
10-06-2094,0.5358009170477644,1.242233461641654,0.514944,0.603639,0.3211512242087644,0.85415,0.574725,0.446484,1.04403,1.249800943106546
17-06-2094,0.4777117470521172,1.0355813815871662,0.463381,0.524871,0.2957202659413144,0.745878,0.529775,0.404927,0.949811,1.0402011390270978
24-06-2094,0.4557954576342352,0.8918490304806136,0.420346,0.47088,0.2754811461444716,0.664058,0.487215,0.36914,0.870862,0.946549164015854
01-07-2094,0.4278262190139521,0.7853247093466116,0.384445,0.418805,0.260683017491627,0.596854,0.462606,0.342664,0.81418,0.8256059447189661
08-07-2094,0.3178647472665824,0.6962269638062089,0.363336,0.378972,0.2460165478631039,0.544895,0.437417,0.319054,1.0454149779691313,0.5876402345022901
15-07-2094,0.2990323496260183,0.6233558746067217,0.343212,0.344912,0.2294223846528411,0.498253,0.39766,0.292782,0.964843851380991,0.523266207660155
22-07-2094,0.2794784393237209,0.5596428726478422,0.315637,0.313927,0.2119792354121024,0.451867,0.361692,0.26833,0.8846964612787178,0.4707157869697954
29-07-2094,0.2532312834068301,0.5061445871313253,0.290975,0.286924,0.1968579564093825,0.412025,0.329591,0.246486,0.7658267497380279,0.4145194813991211
05-08-2094,0.240947094761063,0.4638032549345359,0.271835,0.264908,0.182997970257388,0.378084,0.309953,0.227141,0.6966654412728815,0.3834175175334346
12-08-2094,0.2057180699716208,0.4277398586811086,0.258201,0.245824,0.1715861352804715,0.349731,0.2908,0.209423,0.5515710906089419,0.2994996931424913
19-08-2094,0.1913742884741365,0.3927441166095315,0.24491,0.25427,0.1615790939377,0.324131,0.266905,0.193947,0.5017561776675717,0.2766857822887834
26-08-2094,0.1806959044602879,0.3602598241696009,0.229063,0.255981,0.1512230929409861,0.298994,0.246012,0.179763,0.459525034058828,0.2683267430765564
02-09-2094,0.1697105619804935,0.3299247932573089,0.212086,0.228441,0.1409180792712775,0.273585,0.225232,0.165116,0.4196611773291409,0.255613268940417
09-09-2094,0.1618362643510805,0.3023756142743968,0.200906,0.207416,0.1315880941702037,0.251225,0.206347,0.154512,0.3946618945551225,0.241172439949468
16-09-2094,0.1572465424311541,0.2787985339800584,0.191171,0.190857,0.1236570892826581,0.232646,0.190487,0.145524,0.3659199814717145,0.2251899106180617
23-09-2094,0.1531830752229105,0.2591214568404505,0.187395,0.176964,0.1164990921235324,0.216075,0.176667,0.135063,0.3411292687900899,0.2120428017749171
30-09-2094,0.1460576528381748,0.242026243056426,0.185271,0.165025,0.1101451007446537,0.201328,0.164562,0.126193,0.3207317778329578,0.2011186383501681
07-10-2094,0.1388505333791712,0.2263254575549416,0.174467,0.154327,0.1061390938462332,0.187877,0.155611,0.118389,0.3015061510429048,0.189470218030808
14-10-2094,0.1282355285013003,0.2123873115125124,0.163678,0.150156,0.1025490249770802,0.175945,0.149306,0.111167,0.265767,0.164299
21-10-2094,0.1240441093652606,0.1997631019509771,0.154662,0.145963,0.098739324416146,0.166445,0.142389,0.10526,0.254657,0.156365
28-10-2094,0.1202929955218223,0.1896367763677425,0.147663,0.13869,0.1024720274421484,0.158251,0.139901,0.101403,0.243761,0.15056
04-11-2094,0.1159463994561024,0.1811197415046029,0.14142,0.132205,0.1042080337245051,0.150153,0.136637,0.0972192,0.230595,0.145099
11-11-2094,0.1290670083037872,0.173306489564859,0.134954,0.124971,0.0982544404499504,0.162215,0.129246,0.0921855,0.2487703374141885,0.1483823213906774
18-11-2094,0.1332675412192863,0.1656972640407525,0.13037,0.118784,0.0938497382944477,0.172178,0.122855,0.0878619,0.238802240238725,0.1423091660751643
25-11-2094,0.1262997406815584,0.1580706883972971,0.126819,0.113501,0.0902023393098966,0.161419,0.116803,0.0859232,0.2366809320798105,0.1373121023087452
02-12-2094,0.1248055318705448,0.1516338851548893,0.122681,0.110793,0.0869493538040131,0.169463,0.111749,0.0854785,0.2437094590662093,0.138595706268301
09-12-2094,0.1189312313211464,0.1463330026054826,0.11971,0.108363,0.0840644578242789,0.173005,0.107442,0.0837036,0.197597,0.136980705761765
16-12-2094,0.1164351553158415,0.1417211392309769,0.117208,0.105445,0.0829624681522327,0.161889,0.106752,0.0811892,0.191329,0.1491897475510565
23-12-2094,0.1148027273076764,0.1373728627805915,0.114462,0.140628,0.0820494863402173,0.153977,0.106204,0.0785632,0.200681,0.1558917070608849
30-12-2094,0.1226602475230539,0.1369215144994281,0.130118,0.171754,0.0812024144257698,0.148858,0.102431,0.07609,0.224967,0.1484673325751638
06-01-2095,0.119967,0.202085,0.144324,0.151642,0.0804361,0.145536,0.0993212,0.0809449,0.305778,0.13107
13-01-2095,0.131873,0.258487,0.137105,0.140292,0.0802964,0.143517,0.096699,0.0870781,0.353817,0.12691
20-01-2095,0.143889,0.228564,0.146654,0.163829,0.156897,0.140755,0.0942438,0.0843259,0.314609,0.220362
27-01-2095,0.141374,0.307339,0.22638,0.34827,0.229321,0.142133,0.111516,0.0821064,0.289904,0.317505
03-02-2095,0.138514,0.366856,0.610199,0.451178,0.244441,0.262047,0.130312,0.0840382,0.273414,0.572611
10-02-2095,0.2208589500521514,0.337182521573199,0.906132,0.385097,0.2615752048270541,0.373889,0.122001,0.0884449,1.2870247536144928,1.5113636987185788
17-02-2095,0.5377646494344579,0.5411686204086782,0.834871,0.476573,0.2665692135199405,0.333745,0.116007,0.0887198,1.273855534492117,1.244921246808432
24-02-2095,0.729924172161288,1.0510425450552023,0.785367,0.516586,0.3110444055329123,0.305757,0.111369,0.0855221,1.2479126417820985,1.1064047015800826
03-03-2095,0.5920805327165277,1.109068609798321,0.719275,0.509789,0.5655049417728759,0.284241,0.107578,0.082778,1.336269157165138,1.0589267974981746
10-03-2095,0.409207,0.872822,0.619618,0.579606,0.809627,0.292816,0.104253,0.0822626,0.275034,0.425866
17-03-2095,0.36356,0.869676,0.561213,1.17192,0.715564,0.929844,0.101131,0.0813334,0.280725,0.430895
24-03-2095,0.422428,0.874214,0.524865,1.80502,0.656818,1.56807,0.098451,0.129606,0.323511,0.494173
31-03-2095,0.461617,0.777257,0.55723,1.6507,0.618511,1.37827,0.127123,0.199522,0.344754,0.548823
07-04-2095,0.406594,0.912697,0.630342,1.41412,0.5548281042407828,1.15054,0.156809,0.189881,0.9097022706038936,0.569699
14-04-2095,0.479965,1.03442,0.632517,1.24548,0.5280540999975633,0.967141,0.141963,0.163419,0.9056774686168644,0.542714
21-04-2095,0.544415,0.922275,0.583092,1.11931,0.5236730992598597,0.878029,0.132276,0.157936,0.9917149318635944,0.53812
28-04-2095,0.561155,0.813288,0.839209,1.19142,0.6880280851328746,0.816531,0.125926,0.212842,0.9651165659602609,0.53317
05-05-2095,0.588573,0.725314,1.12451,1.47207,0.8358500806287134,0.727663,0.119567,0.235397,0.9570578166511954,1.29967
12-05-2095,0.606003,0.6910886052326146,1.14633,1.46324,0.885769,0.861322,0.114867,0.19947,1.7561046229235449,2.549639244836814
19-05-2095,1.44321,0.6502246493514693,1.1184,1.22055,0.840989,1.00598,0.110195,0.177135,1.7766862329235096,2.035010785076792
26-05-2095,1.88726,0.5876216830104579,1.09762,1.11478,0.711421,0.899663,0.105138,0.159898,1.4709416809204137,1.7029217560077008
02-06-2095,1.48632,0.5338754000695898,1.00785,1.04328,0.618385,0.785692,0.100531,0.146552,1.441543531420041,1.5139963986778553
09-06-2095,1.2615,0.4856168772881019,0.851627,0.94152,0.558293,0.697149,0.0962416,0.134755,0.746943792776273,1.3495866725319656
16-06-2095,1.28863,0.4506159777164263,0.742828,0.84423,0.538226,0.619236,0.0968879,0.127154,0.6404897132020623,1.1786848672392356
23-06-2095,1.24095,0.4180823345752769,0.658144,0.755516,0.502801,0.556284,0.097164,0.120189,0.6199505284423948,1.05948991209174
30-06-2095,1.02205,0.3887722310699203,0.589652,0.679006,0.621621,0.50626,0.0921228,0.111203,0.5675745177762849,0.9312339116532397
07-07-2095,0.878295,0.3651065623965789,0.539547,0.615013,0.691343,0.463497,0.0879004,0.104369,0.5184267840675303,0.8227176559688951
14-07-2095,0.826496235289907,0.3415009747291395,0.505839,0.558628,0.75737605365258,0.456769,0.0841752,0.114148,0.3773270718729843,0.7710329131472775
21-07-2095,0.7257252211504127,0.3175837629428078,0.469113,0.507443,0.7766209776199458,0.444476,0.0799995,0.11891,0.3291391539924745,0.6664695213975299
28-07-2095,0.6409012029290616,0.2957977700169927,0.433546,0.463298,0.6337957463534428,0.402274,0.0758123,0.106431,0.2776913119848942,0.5632241673002376
04-08-2095,0.5798863444662044,0.2868347565157924,0.540902,0.440565,0.5504347025847725,0.368892,0.0718475,0.0976301,0.26906177784052,0.507039735105721
11-08-2095,0.5180232555514974,0.2760565688842301,0.591473,0.425643,0.490213,0.340094,0.0686325,0.0923816,0.184705,0.3879994190502692
18-08-2095,0.4660419728166623,0.2843310956807892,0.491608,0.401573,0.439582,0.314613,0.0658736,0.0875636,0.175248,0.3508741925840581
25-08-2095,0.4243315993044943,0.2848938500758972,0.43462,0.374755,0.396766,0.291205,0.0629316,0.0814972,0.16499,0.3230686598372075
01-09-2095,0.3858831757211759,0.2552384372428073,0.389296,0.341836,0.357673,0.267796,0.0597926,0.0758145,0.154831,0.2969514589942198
08-09-2095,0.3493281982833566,0.2324551270615228,0.350228,0.329639,0.3243671075284265,0.247509,0.0571052,0.0707502,0.1690920750689328,0.2782989965909089
15-09-2095,0.3233136038139151,0.2147684347394851,0.319445,0.31788,0.2971020993277866,0.230191,0.0550779,0.0664704,0.1730760993640811,0.2653623358115506
22-09-2095,0.3002736399684177,0.1996621846935,0.293136,0.298424,0.2733340973397519,0.213883,0.0552353,0.062898,0.1598567588220258,0.2487458338978918
29-09-2095,0.2802366204241491,0.1864366021249957,0.272808,0.282667,0.2528221000778549,0.19913,0.054747,0.0597286,0.1508672524513697,0.2347913457866028
06-10-2095,0.2624065563692904,0.1747959517356858,0.254638,0.261857,0.3015791147494331,0.186169,0.0591403,0.0570151,0.1450814491939146,0.2210425649584367
13-10-2095,0.244494,0.1644325782956134,0.236781,0.267919,0.3342550418646754,0.175879,0.0623813,0.0545164,0.139903,0.212432153603862
20-10-2095,0.230623,0.1552007208381814,0.221771,0.271149,0.29209603960025,0.166934,0.0580645,0.0520178,0.1384,0.2009051256243748
27-10-2095,0.218023,0.146936361566145,0.208497,0.248088,0.2922010433239,0.160662,0.0550863,0.0497657,0.129963,0.1915947455403969
03-11-2095,0.206473,0.1394630504575447,0.196253,0.230334,0.2876770499645901,0.154672,0.0526117,0.0479622,0.129282,0.1860365776509089
10-11-2095,0.2050875530021471,0.1329578312791459,0.185388,0.215993,0.2676300441767669,0.147195,0.0513071,0.0463385,0.130491,0.1717614958722247
17-11-2095,0.2041828310417626,0.1273641302548873,0.17612,0.202754,0.2546260437333132,0.140716,0.0501041,0.0447069,0.12548,0.1641842005277283
24-11-2095,0.1978205215859134,0.1223078572525934,0.180378,0.191338,0.2386140448084067,0.134644,0.0482935,0.0437326,0.119757,0.1674874330209725
01-12-2095,0.2001093827033684,0.1590456254868193,0.184219,0.181825,0.224223055166281,0.135883,0.0488076,0.0428603,0.11524,0.1747005704107818
08-12-2095,0.2255311231469251,0.1931702084880834,0.174386,0.175238,0.212805,0.137265,0.0521299,0.0416888,0.1547763964733761,0.1705045506722843
15-12-2095,0.227032751605401,0.1700594393099015,0.18558,0.169587,0.203181,0.131401,0.0530033,0.0406806,0.1543299644324051,0.1695344918523411
22-12-2095,0.2160247178026921,0.1572305296699438,0.212095,0.163161,0.19477,0.126621,0.0509579,0.0397993,0.1560184541179448,0.1916618782614569
29-12-2095,0.2084465859617588,0.1491590326447847,0.211242,0.159028,0.1936,0.122638,0.0760568,0.0417661,0.1609691798539255,0.2085024235426818
05-01-2096,0.2013305859895212,0.1677756591546452,0.196687,0.155477,0.226597,0.11934,0.0995569,0.0438358,0.1616285420393375,0.1992745005025288
12-01-2096,0.183267,0.1885128549306082,0.189777,0.151278,0.249536,0.145001,0.0861256,0.0464921,0.102014,0.3914797689699916
19-01-2096,0.19349,0.1939653630405766,0.18782,0.171591,0.232642,0.172211,0.087975,0.0495485,0.103928,0.4302593518901713
26-01-2096,0.197369,0.2478894325812605,0.184434,0.368447,0.221032,0.160692,0.202345,0.048356,0.121758,0.4551188814667868
02-02-2096,0.261006,0.2818772263305507,0.308925,0.484153,0.248653,0.152488,0.308399,0.0758758,0.135653,0.4541492300533327
09-02-2096,0.317317,0.3233549445334394,0.542319,0.427577,0.3283192753418284,0.147174,0.275249,0.100128,0.9363654737261292,0.5002101028138136
16-02-2096,0.330992,0.3613388449064638,1.69725,0.410013,0.4212919219729724,0.14344,0.347653,0.16621,1.1716400231905124,1.2584234568976242
23-02-2096,0.470662,0.3304089778316508,2.09562,0.370606,0.4317200948597272,0.139071,0.393908,0.214065,1.025917356218413,1.6132454572596804
01-03-2096,0.533837,0.2976914510674461,1.53218,0.335469,0.403788947651954,0.134999,0.343686,0.168161,0.9967242507996016,1.370402788439609
08-03-2096,0.504966,0.280037,1.29051,0.314561,0.4146820200761007,0.163128,0.445829,0.169579,0.273086,0.833708
15-03-2096,0.480981,0.266354,1.09025,0.297524,0.4059670345119969,0.454644,0.758779,0.170522,0.267312,0.804628
22-03-2096,0.508378,0.275018,1.04384,0.284251,0.3718279990407235,1.21019,0.787878,0.149362,0.241806,0.734314
29-03-2096,0.529136,0.410067,1.02932,0.27319,0.350261017226184,1.28461,0.640072,0.134821,0.26801,0.807862
05-04-2096,0.479217,0.482823,1.25076,0.260208,0.3323479555383902,0.942557,0.69692,0.151736,0.289075,0.868981
12-04-2096,0.491106,0.4413614717498059,1.41233,0.248997,0.310335,0.786702,0.689762,0.16377,0.274244,0.857713
19-04-2096,0.503567,0.4140043310950381,1.25868,0.23868,0.292308,0.740118,0.59212,0.144657,0.283764,1.06949
26-04-2096,0.522199,0.402319097985651,1.12144,0.260135,0.283859,0.724489,0.528243,0.132691,0.359815,1.15796
03-05-2096,0.548051,0.388514101088624,0.998059,0.279512,0.290519,0.650612,0.462352,0.123409,0.502787,1.01465
10-05-2096,1.1667466891811014,0.3652822818787393,0.901618,0.285921,0.286869,0.576976,0.410908,0.11348,3.838229336357527,2.632118306740895
17-05-2096,1.1712805674481075,0.3442377700346731,0.910413,0.283431,0.311811,0.521247,0.369982,0.104929,4.241100397707103,2.4055833815783343
24-05-2096,0.986211386741786,0.3152200325156808,0.900562,0.258657,0.339564,0.474881,0.345838,0.104644,4.271910747711762,1.996678311054683
31-05-2096,0.8476022499676776,0.2913247160694691,0.799383,0.252604,0.333041,0.435099,0.324564,0.103753,4.563037248783974,1.7720659580547329
07-06-2096,0.6025178800888056,0.2753679070489682,0.71953,0.244577,0.317473,0.398336,0.296003,0.0962443,1.970341113149945,1.0945807077367968
14-06-2096,0.5178971930170112,0.2600155205932077,0.65863,0.295247,0.381751,0.364519,0.273296,0.0899695,1.5870663149288458,0.9596403340710256
21-06-2096,0.470513912275008,0.2405067948122624,0.606478,0.326526,0.418709,0.334016,0.253331,0.0841234,1.360858861521908,0.8801516023766611
28-06-2096,0.4225944599494607,0.2231415501452237,0.55845,0.280464,0.358046,0.308042,0.251593,0.0801781,1.1314895219399996,0.7891604827362333
05-07-2096,0.3920812894727587,0.2079530583453562,0.515051,0.252847,0.320064,0.285206,0.247026,0.0764044,0.9400935337846394,0.7058318822251605
12-07-2096,0.3337101770174775,0.2004961769870902,0.476947,0.23344,0.291153,0.31065,0.223742,0.0713059,0.8019164694664993,0.7840339061043051
19-07-2096,0.3062107603512974,0.192952516217174,0.475475,0.215093,0.266026,0.327974,0.203903,0.0666871,0.6866936962009317,0.6787561146020555
26-07-2096,0.2801354235889027,0.1796930354332563,0.467424,0.197819,0.247403,0.291835,0.186888,0.0637321,0.5801900713530259,0.5612822683182322
02-08-2096,0.2646703878019082,0.2532200475733415,0.426336,0.183564,0.238775,0.265516,0.172136,0.0609921,0.5286056982006686,0.5060974317329143
09-08-2096,0.227506,0.3038640713609473,0.39248,0.17488,0.227316,0.245652,0.159361,0.0575205,0.3460069416039568,0.3240599857005614
16-08-2096,0.213601,0.3425351689521093,0.361969,0.166145,0.209739,0.228306,0.148092,0.0543704,0.3144067716568166,0.299082385399477
23-08-2096,0.200681,0.4435666036735326,0.334299,0.154445,0.194061,0.211552,0.139352,0.0513798,0.2885988307219944,0.2803272273956663
30-08-2096,0.188478,0.4060302799324691,0.30749,0.173401,0.179036,0.195279,0.130488,0.0483943,0.2639172920609623,0.2618150397579979
06-09-2096,0.1821829422534048,0.3276159025723466,0.28311,0.183568,0.165465,0.181949,0.120841,0.0457126,0.2410540345696843,0.2469757962364958
13-09-2096,0.1743592539373934,0.2834789868128622,0.274505,0.162119,0.154086,0.184692,0.112577,0.0434748,0.224570485925724,0.2310047367427352
20-09-2096,0.1674412021065721,0.25471986342906,0.265686,0.190811,0.144062,0.185196,0.106444,0.0414993,0.2106901445278388,0.2236728990614958
27-09-2096,0.1586933022697187,0.2352637017422817,0.246621,0.206617,0.135261,0.170969,0.102112,0.0397741,0.1986685416582806,0.2167983806491217
04-10-2096,0.1472413192719014,0.2184773745138509,0.230577,0.177951,0.12755,0.159056,0.0970554,0.0381929,0.188503620738847,0.193833
11-10-2096,0.1505677943734688,0.2022848798844648,0.216261,0.166969,0.12101,0.15105,0.0916062,0.0368154,0.1779837351188396,0.182888
18-10-2096,0.1510982066478451,0.187234490277918,0.203065,0.158154,0.115348,0.145301,0.0868094,0.0356405,0.1689512558835466,0.172894
25-10-2096,0.1419479243458433,0.1741597911712631,0.204107,0.145934,0.116123,0.138732,0.0824883,0.0376281,0.1616257042443565,0.164475
01-11-2096,0.1402149702050435,0.1635735622704824,0.203892,0.13616,0.123967,0.131825,0.078592,0.0390077,0.188354395689738,0.1763313100214297
08-11-2096,0.1352377411688299,0.1545565990664891,0.190641,0.127733,0.125348,0.125578,0.0750658,0.0382679,0.1875605766615415,0.1715761905031225
15-11-2096,0.1319688956051415,0.1466236944688095,0.180709,0.120549,0.119197,0.120116,0.0719322,0.03771,0.1798930058831883,0.1644261661153886
22-11-2096,0.1291594570875298,0.1396931083792998,0.172303,0.114706,0.112688,0.115879,0.0692172,0.0360064,0.1760257312406136,0.1654649226920469
29-11-2096,0.1254067746360536,0.1337282448728747,0.164934,0.111581,0.107607,0.11373,0.0668747,0.0347573,0.122956,0.1643081634031182
06-12-2096,0.1247375564966537,0.1286704622956081,0.158641,0.108766,0.103292,0.111122,0.0647716,0.0340783,0.119991,0.166537571302898
13-12-2096,0.1220167370383018,0.1242472271031423,0.153102,0.104919,0.0994577,0.107285,0.0631624,0.0334717,0.133448,0.1622112098964315
20-12-2096,0.1222672702426733,0.1201635643291643,0.148284,0.101689,0.204976,0.104186,0.0617628,0.0326769,0.152568,0.1748696423149079
27-12-2096,0.1278355755875042,0.1163953985833984,0.143944,0.099129,0.326767,0.103401,0.0602015,0.0319809,0.182709,0.1946689360572985
03-01-2097,0.213603,0.1133649453636438,0.139934,0.0967914,0.273566,0.105523,0.0587481,0.0315097,0.20757,0.180154
10-01-2097,0.300221,0.1110657012467885,0.137287,0.0971235,0.233071,0.108574,0.0584494,0.0311761,0.193208,0.182807
17-01-2097,0.266363,0.1204303990714316,0.136071,0.101188,0.211776,0.108369,0.0583888,0.0395913,0.180549,0.174183
24-01-2097,0.245253,0.1299200142219458,0.176718,0.101582,0.206963,0.105363,0.058069,0.0488184,0.314075,0.397974
31-01-2097,0.4894517973185929,0.1247367655233303,0.305411,0.245066,0.337758,0.111326,0.0584637,0.0448242,1.4517949260410443,0.7560628241767692
07-02-2097,0.5250279602526291,0.1255334257122443,0.439744,0.378307,0.457937,0.116764,0.0594963,0.0480257,1.7848047414740016,0.6409313127983248
14-02-2097,0.4972079884862416,0.1268350748133965,0.452247,0.30259,0.99749,0.388188,0.080577,0.0536915,1.5111095720141303,0.6188471085206229
21-02-2097,0.5210256326206002,0.1271657720561467,0.387547,0.267503,1.62009,0.606653,0.0990016,0.0526216,1.433851546893644,0.6032040010885416
28-02-2097,0.324056,0.127912690756541,0.384039,0.24213,1.44836,0.601628,0.0910235,0.052204,0.880468,0.59068
07-03-2097,0.297355,0.1353135058233037,0.443236,0.221405,1.19184,0.614574,0.0913146,0.0515516,0.826958,0.69994
14-03-2097,0.271709,0.1394894721004897,0.444277,0.230347,1.02011,0.571662,0.0895847,0.0484179,0.730719,0.639034
21-03-2097,0.295033,0.1373807792209881,0.518787,0.237995,0.952338,0.546002,0.0835231,0.0908605,0.925815,0.696907
28-03-2097,0.316483,0.1356274969862184,0.596198,0.224261,0.925784,0.503547,0.161768,0.146376,1.05643,0.826432
04-04-2097,0.307895,0.1442926235724885,0.533133,0.209757,1.08203,0.488948,0.260437,0.130004,1.834657923887458,1.5231952100973605
11-04-2097,0.30038,0.4547423844529447,0.513901,0.194687,1.13101,0.523278,0.228788,0.106153,1.6847618988014912,1.3951236773438649
18-04-2097,0.34893,0.6590233677426903,0.503667,0.182843,1.127,0.530759,0.187417,0.0976926,1.623937066544345,1.2935759364587447
25-04-2097,0.381181,0.4876887284084527,0.460724,0.247074,1.30412,0.476038,0.163264,0.092835,1.4899993449267588,1.1799866727297703
02-05-2097,0.351782,0.525011,0.467779,0.316041,1.23153,0.456456,0.146806,0.0853135,0.701305,1.13044364452175
09-05-2097,0.34452,0.534592,0.463759,0.285247,1.16992,0.479619,0.134227,0.349549,0.700798,1.110096774064806
16-05-2097,0.324196,0.465268,0.415001,0.252571,1.12718,0.462807,0.12451,0.533003,0.732748,1.0486968817590618
23-05-2097,0.39726,0.423141,0.381092,0.228007,1.00309,0.409128,0.119338,0.363553,0.814204,0.9524648289536995
30-05-2097,0.459149,0.403159,0.354309,0.208701,0.914656,0.422716,0.11485,0.284625,0.856524,0.8860260712676082
06-06-2097,0.5667976422279832,0.3809155619073828,0.326943,0.192278,0.822427,0.465676,0.107375,0.235951,1.528835127850146,0.9602474915677818
13-06-2097,0.4799566665073875,0.3571206452084069,0.30228,0.178106,0.745246,0.460272,0.102554,0.202805,1.7300332065934607,0.85152292838235
20-06-2097,0.4394470891882548,0.3351001025478218,0.281852,0.166056,0.695499,0.421618,0.0985727,0.178029,2.066388243307572,0.8038159613114371
27-06-2097,0.4016663313375759,0.2993684098992167,0.269897,0.155093,0.642759,0.374185,0.103929,0.164209,2.3509271962649336,0.6999940728421334
04-07-2097,0.307039500729556,0.2708626284286827,0.264728,0.149817,0.586209,0.391718,0.107276,0.150987,1.97402,0.5096128331050715
11-07-2097,0.2789288088765101,0.246897732906355,0.311764,0.166977,0.537531,0.474912,0.12475,0.144791,1.77743,0.4446905559219272
18-07-2097,0.253645930257917,0.2262010437412768,0.330703,0.172061,0.493787,0.463788,0.133734,0.138204,1.42787,0.3961213743697976
25-07-2097,0.2274276068309078,0.2166865015669551,0.287571,0.1537,0.454667,0.393495,0.115067,0.12718,1.2068,0.3495510942544608
01-08-2097,0.2018040338310946,0.207672474764412,0.262555,0.141777,0.418576,0.347477,0.102932,0.117769,1.04715,0.2674521647578921
08-08-2097,0.1967384469590431,0.1914164774840522,0.24196,0.131805,0.385519,0.313039,0.0954451,0.106714,0.920542,0.2559771950531909
15-08-2097,0.1823315564944529,0.1767463138821484,0.222736,0.122343,0.356469,0.286497,0.0902734,0.0974573,0.819595,0.247877140191882
22-08-2097,0.1694389774978678,0.1637733048801651,0.223077,0.114104,0.330699,0.266798,0.0842729,0.089283,0.769242,0.2343180896915566
29-08-2097,0.1571826828583402,0.1516972543045043,0.21792,0.106364,0.305061,0.261953,0.0777963,0.0815455,0.71437,0.2174765986652481
05-09-2097,0.1493874422058473,0.1419873634550742,0.210238,0.109777,0.281375,0.251342,0.0721053,0.074691,0.6406550116889478,0.2198240297525138
12-09-2097,0.1404919118622802,0.1558843877843953,0.208617,0.111412,0.261322,0.228355,0.0673978,0.0691336,0.584107615991768,0.2056739346948444
19-09-2097,0.1330454141095768,0.1754204544285658,0.194594,0.102264,0.243579,0.20961,0.0645086,0.0642704,0.5378043702371657,0.1944631399918325
26-09-2097,0.1264884367438088,0.164367485737036,0.181803,0.0956143,0.22747,0.194009,0.0621882,0.0601755,0.4948079644526554,0.1855768884282618
03-10-2097,0.1171325207650169,0.1489311610964836,0.17119,0.090123,0.212763,0.180337,0.0591237,0.0567875,0.453564,0.1576954890166819
10-10-2097,0.1119539569209434,0.1380401522382798,0.160169,0.0853382,0.200828,0.168506,0.0561736,0.0537825,0.423405,0.1504524391864031
17-10-2097,0.1071289702952063,0.1289601454289443,0.151143,0.0815936,0.190657,0.158332,0.0549572,0.0524687,0.396956,0.1443647875277178
24-10-2097,0.1024811502959227,0.1236511533106235,0.145081,0.0782363,0.181231,0.151465,0.0539622,0.0523232,0.377978,0.1411808219432513
31-10-2097,0.1010675031043124,0.1190592560144624,0.139042,0.0747402,0.172542,0.145403,0.052042,0.0508692,0.3770643035631979,0.1407659021745012
07-11-2097,0.09791155120787,0.1127602908387207,0.13208,0.0722637,0.207739,0.138009,0.0507632,0.0493131,0.3582324899441854,0.1360372625013838
14-11-2097,0.0945469022421165,0.1072562736347459,0.129694,0.0701373,0.23988,0.131331,0.0492872,0.0477286,0.3412175687790433,0.1309840059027187
21-11-2097,0.0916365141003861,0.1097292939982328,0.130095,0.0676551,0.240851,0.125444,0.0474985,0.0457255,0.3249545401508197,0.1268047397937149
28-11-2097,0.0902750133744283,0.1313754719325612,0.126571,0.0656332,0.240278,0.120529,0.0459747,0.0440532,0.3168787972192728,0.1256382547235968
05-12-2097,0.1018879970530529,0.174708,0.121454,0.0638855,0.220557,0.116219,0.04472,0.0426255,0.348367162181731,0.1341760061249012
12-12-2097,0.1018087214074101,0.183993,0.118608,0.0630298,0.206721,0.114234,0.0436266,0.0417534,0.342226691448333,0.1508547231342161
19-12-2097,0.1028868982568356,0.163958,0.116066,0.0623184,0.195527,0.112419,0.0428169,0.0410029,0.3383616463835667,0.1532562746613509
26-12-2097,0.1043744810948129,0.171111,0.112647,0.0610895,0.192156,0.108969,0.0480364,0.0406233,0.3394670608415707,0.1507921725519483
02-01-2098,0.0779692,0.1746881802695121,0.109637,0.059977,0.191156,0.106564,0.0626206,0.0428374,0.324195,0.14045
09-01-2098,0.0928839,0.1616972910896047,0.10709,0.0615744,0.192347,0.104437,0.0662508,0.044099,0.392637,0.158911
16-01-2098,0.117488,0.1587354801772131,0.11976,0.0872844,0.191592,0.102063,0.0614147,0.0525155,0.493617,0.258519
23-01-2098,0.189637,0.1581844015378641,0.133424,0.146619,0.18889,0.100322,0.0588055,0.0602706,0.559419,0.322105
30-01-2098,0.3642770473246055,0.188016,0.134367,0.160748,0.252365,0.167895,0.0586168,0.113419,1.888829092709636,0.4930845284960394
06-02-2098,0.3285576744303438,0.24858,0.138487,0.175316,0.312997,0.371775,0.134927,0.15808,1.832572193733904,0.4672814944326422
13-02-2098,0.634937318813032,0.653291,0.225111,0.300324,0.354809,0.627761,0.24972,0.127946,1.8025212741357168,0.4551152963112343
20-02-2098,0.8292615043580724,1.25172,0.384871,0.386884,0.496491,0.904261,0.233505,0.11056,1.7250450984197718,0.4330047390884879
27-02-2098,0.7174873482525128,1.97309,0.442661,0.335145,0.581558,1.15125,0.188526,0.266063,1.756696696214006,0.4238164983050478
06-03-2098,0.520328,2.14775,0.401942,0.292354,0.54719,1.36687,0.184948,0.396788,1.2078736254225588,0.230515
13-03-2098,0.470941,1.86608,3.14632,0.271014,0.496867,1.39926,0.184934,0.35862,1.1800295592427863,0.750749
20-03-2098,0.457064,1.78184,4.28319,0.287675,0.500189,1.67627,0.216876,0.325588,1.155831619888244,1.10121
27-03-2098,0.486516,1.61881,3.77957,0.332939,0.520513,2.19803,0.25156,0.29763,1.205714329350701,0.835272
03-04-2098,0.7488100521163034,1.39382,3.30852,0.323792,0.532513,2.39412,0.270861,0.285778,0.373365,0.864713
10-04-2098,0.738239518774582,2.03783,2.56817,0.283898,0.559071,2.102,0.276235,0.25384,0.359647,1.04317
17-04-2098,0.713587752986281,2.57782,2.38698,0.450666,0.700783,1.72288,0.241603,0.249278,0.386167,1.03161
24-04-2098,0.6445077265810226,2.15628,2.37275,0.570384,0.806082,1.59805,0.223498,0.243533,0.430895,0.954163
01-05-2098,0.443442,1.98573,2.13036,0.456714,0.889236,1.4717,0.223292,0.305111,0.939969,1.06183
08-05-2098,0.474058,1.88341,1.84265,0.399437,0.891442,1.30707,0.242336,0.376882,1.24647,1.0815
15-05-2098,0.451044,1.81428,1.69312,0.357986,0.761968,1.22016,0.240316,0.426386,0.964274,0.973054
22-05-2098,0.429095,1.83097,1.66648,0.327253,0.668835,1.12133,0.234728,0.532363,1.00178,0.984612
29-05-2098,0.423944,1.67591,1.5542,0.300884,0.597666,1.03309,0.228736,0.504702,1.14054,0.958318
05-06-2098,0.663290856155882,1.46829,1.52469,0.269294,0.54328,0.979368,0.201856,0.55305,1.74665115392839,1.9125676821343576
12-06-2098,0.5647356262969278,1.47246,1.4739,0.24564,0.49519,0.960002,0.181289,0.566915,1.5044644244333687,1.6140494971957262
19-06-2098,0.5104843295715612,1.50024,1.28882,0.225575,0.44872,0.9323,0.164751,0.451899,1.378772405035977,1.4473135855539527
26-06-2098,0.4519475262816393,1.3538,1.15119,0.216295,0.438709,0.854236,0.149634,0.384555,1.2399260421191074,1.2184100960337427
03-07-2098,0.3060134152633055,1.2282833882877289,1.04504,0.212746,0.427291,0.781653,0.136412,0.336545,1.1345174270105032,0.7241183993606926
10-07-2098,0.2800750134787285,1.1175127112319792,0.948522,0.198734,0.411943,0.715942,0.124953,0.29721,1.0039350780105765,0.6253412214457191
17-07-2098,0.2563546256050032,0.993594112388206,0.857395,0.181133,0.394077,0.648492,0.115175,0.29089,0.8751333303304116,0.5497834672479518
24-07-2098,0.2348656798517247,0.8877695672469917,0.776105,0.166177,0.363966,0.609207,0.106784,0.280509,0.7235477762753126,0.4902526909768226
31-07-2098,0.212165,0.8344103402748827,0.713675,0.153994,0.338332,0.570305,0.0991041,0.247279,0.435183,0.399117568016833
07-08-2098,0.198753,0.784563304394906,0.660127,0.143515,0.311045,0.521472,0.092163,0.224518,0.400243,0.3683611160181571
14-08-2098,0.184834,0.7081832401937808,0.604875,0.133465,0.28626,0.480874,0.086052,0.207165,0.369612,0.3381179694940477
21-08-2098,0.172096,0.6641702194495448,0.554887,0.124739,0.263644,0.442412,0.0805681,0.188788,0.341759,0.3115896470536995
28-08-2098,0.160018,0.6172411955487948,0.535505,0.116223,0.242626,0.40316,0.0753158,0.16903,0.314904,0.2861359879385048
04-09-2098,0.1518800260415655,0.5564090120053926,0.511141,0.108005,0.223938,0.366743,0.0705728,0.152209,0.2957608000848652,0.2685552332501548
11-09-2098,0.1426857278401575,0.5075000116192573,0.464379,0.101722,0.208331,0.337537,0.0663723,0.139232,0.2791224012609193,0.2504067867289271
18-09-2098,0.1346926054870362,0.4657850120393914,0.425887,0.100106,0.195944,0.314155,0.0632163,0.12958,0.2673957226239667,0.2349298131648668
25-09-2098,0.1277689561002762,0.4312070129010779,0.395448,0.100712,0.185706,0.304488,0.0688391,0.121225,0.2550406431677714,0.2217375666752208
02-10-2098,0.1200620278991089,0.4004000049241111,0.368823,0.0966969,0.174938,0.293098,0.0716965,0.112762,0.250207,0.2035944537831104
09-10-2098,0.1146909278709595,0.3779860049765219,0.345195,0.0907911,0.164598,0.273891,0.0660977,0.107278,0.251024,0.2023741898371048
16-10-2098,0.1096805838950573,0.3676210051077251,0.324242,0.0857383,0.155594,0.259728,0.0623532,0.102106,0.236856,0.2007833643947731
23-10-2098,0.1048654611703812,0.3532490054175302,0.303575,0.0813748,0.147957,0.247426,0.0664979,0.0955866,0.22318,0.1976709905152608
30-10-2098,0.1007131525072325,0.3310570042274892,0.285302,0.0833334,0.140849,0.234878,0.0693698,0.0904663,0.2338126354420953,0.1965645878668991
06-11-2098,0.1042683632818948,0.3097470046495023,0.275922,0.0968055,0.134417,0.22204,0.0640012,0.0859006,0.230938289021957,0.1891139413272498
13-11-2098,0.106954120138041,0.2911760046085009,0.267189,0.0990743,0.128932,0.210509,0.0602294,0.0815736,0.2251945533675779,0.1828257728530861
20-11-2098,0.106954120138041,0.2911760046085009,0.267189,0.0990743,0.128932,0.210509,0.0602294,0.0815736,0.2251945533675779,0.1828257728530861
27-11-2098,0.106954120138041,0.2911760046085009,0.267189,0.0990743,0.128932,0.210509,0.0602294,0.0815736,0.2251945533675779,0.1828257728530861
