climate_group,scenario_count,period,indicator,policy_index,contract_threshold,contract_action,demand_threshold,demand_action,mean_total_cost,mean_total_cost_million,mean_urban_reliability,mean_agricultural_reliability
T_Q3,27,B,SPI3,1,-1.988764150531209,0.0,-1.6177965564694712,0.7026725788339147,120372443.30497742,120.37244330497742,0.7130963816842779,0.5098018287259402
T_Q3,27,B,SPI3,2,-3.9022941440116368,0.0,-1.9701029458013601,0.7404190435542898,49244752.0810983,49.244752081098305,0.7032411854698118,0.5098018287259402
T_Q3,27,B,SPI3,3,0.0,472.6681960678993,0.0,0.7,5644238012.042891,5644.238012042891,0.8811683922154624,0.45885366634646163
T_Q3,27,B,SPI3,4,-4.0,0.0,-0.30921809420075974,0.882290909435202,329957898.1872502,329.9578981872502,0.7380723663144411,0.5098018287259402
T_Q3,27,B,SPI3,7,-3.524601858489868,0.0,-0.2699567765294412,0.7032469840934589,859410719.831041,859.410719831041,0.8097271142420036,0.5098018287259402
T_Q3,27,B,SPI3,11,0.0,0.0,0.0,0.7037040045733879,1037812856.9772959,1037.812856977296,0.8327462909595474,0.5098018287259402
T_Q3,27,B,SPI3,13,0.0,1032.4633977401,0.0,0.7,6578409961.545394,6578.409961545394,0.9078877148041413,0.3931404988081261
T_Q3,27,B,SPI3,14,-0.4264666241392503,0.0,-0.4191419789882169,0.7008507392764767,761249566.8725728,761.2495668725728,0.79873341160565,0.5098018287259402
T_Q3,27,B,SPI3,15,0.0,657.0730181385888,0.0,0.7,6017250234.721071,6017.250234721071,0.8909524317785604,0.4383961290781656
T_Q3,27,B,SPI3,17,-0.13503608214873308,0.0,-0.4442665487942905,0.7308014757865876,665026748.3742303,665.0267483742302,0.7852848044971004,0.5098018287259402
T_Q3,27,B,SPI3,21,0.0,702.9650688916063,0.0,0.7,6097385375.517546,6097.385375517546,0.8938342761589639,0.4324901270146227
T_Q3,27,B,SPI3,23,-6.168787486556513e-07,229.9277039757792,0.0,0.7001744130325498,4923152909.684759,4923.152909684759,0.8619916746717899,0.4860355071690326
T_Q3,27,B,SPI3,27,0.0,77.40113993663081,0.0,0.7,4044792326.2274194,4044.7923262274194,0.8445227167609494,0.5017611271213577
T_Q3,27,B,SPI3,29,-0.7478892757179948,0.0,-0.4642098858578695,0.8075608810545296,464032495.11791563,464.03249511791563,0.756466360693066,0.5098018287259402
T_Q3,27,B,SPI3,32,0.0,1001.0993357098212,0.0,0.7,6538240367.681242,6538.240367681242,0.9068915216849895,0.3970185363076813
T_Q3,27,B,SPI3,36,0.0,613.4172989809033,0.0,0.7,5936903438.785954,5936.903438785955,0.8888177322375206,0.44316362471982074
T_Q3,27,B,SPI3,39,-3.6396110503098105,0.0,-0.4984321025881179,0.8075608810545296,446647502.40646434,446.64750240646435,0.7537979862667664,0.5098018287259402
T_Q3,27,B,SPI3,40,-2.096818197537112e-08,732.0289935181459,-0.0023905332099274854,0.7,6144800856.314971,6144.800856314971,0.8951506742092716,0.42960828263421924
T_Q3,27,B,SPI3,42,-6.063398189487133e-06,46.20783760108722,-7.346910642380295e-09,0.7000000000104972,3701275658.9772787,3701.275658977279,0.8406091009357103,0.5048564414558651
T_Q3,27,B,SPI3,44,0.0,1683.7932253160811,0.0,0.7,7257201105.223678,7257.201105223678,0.9210161169815348,0.286512256733198
T_Q3,27,B,SPI3,46,-0.2736555984763458,0.0,-0.24848707165055034,0.7000269351135108,881162345.9754088,881.1623459754088,0.812929163553563,0.5098018287259402
T_Q3,27,B,SPI3,48,-0.029277807367540737,0.0,-0.10370525124594936,0.7017393328641053,975535632.9675825,975.5356329675825,0.8247767460063331,0.5098018287259402
T_Q3,27,B,SPI3,49,-0.005561602872602905,0.0,-0.10452643196447567,0.7166565939993118,926009646.1246866,926.0096461246866,0.8183370690575301,0.5098018287259402
T_Q3,27,B,SPI3,51,-0.7585608415082741,0.0,-0.4642098858578695,0.7103819594577495,698294195.1933188,698.2941951933188,0.7907282883267512,0.5098018287259402
T_Q3,27,B,SPI3,53,-4.345463362082265e-06,886.414159497406,0.0,0.7000000807341566,6382391404.14174,6382.39140414174,0.9016970861351267,0.41153449318675067
T_Q3,27,B,SPI3,56,0.0,782.975639064001,0.0,0.7000000000629928,6227996726.063776,6227.996726063776,0.8971074821218913,0.42391575052478025
T_Q3,27,B,SPI3,57,-0.004814311595961129,0.0,-0.3770887593842327,0.700064235441508,789415482.1780616,789.4154821780616,0.8024335574767852,0.5098018287259402
T_Q3,27,B,SPI3,58,-1.7241256197841414e-06,1551.5682995492944,0.0,0.7,7138180367.562778,7138.180367562779,0.9192016223716514,0.30771693884085816
T_Q3,27,B,SPI3,59,0.0,125.73550450394383,0.0,0.7,4408532090.430962,4408.532090430962,0.850037357241968,0.49699363147970255
T_Q3,27,B,SPI3,62,-0.00010924915881988244,31.778742746637477,0.0,0.7000000045260231,3476979623.000053,3476.979623000053,0.8385099797203543,0.5068132493684847
T_Q3,27,B,SPI3,64,0.0,561.2810361289718,0.0,0.7000010336781948,5835141388.985387,5835.141388985387,0.8855445262745936,0.44878500017789164
T_Q3,27,B,SPI3,65,0.0,1060.0818074405724,0.0,0.7000133515378969,6613063438.666029,6613.063438666029,0.9090617995517133,0.3892980396342548
T_Q3,27,B,SPI3,66,-2.6083942488595913e-08,630.7036021978721,0.0,0.7000023081875727,5969259040.5159645,5969.259040515964,0.8895648770768848,0.441313551784253
T_Q3,27,B,SPI3,69,-1.811426388519848e-05,141.7522520584048,0.0,0.7000000229723186,4505070769.956264,4505.070769956264,0.8519941651545878,0.49557049845234286
T_Q3,27,B,SPI3,70,-3.7608236884585033,0.0,-0.40355403908799165,0.8627633424612973,353486964.7769026,353.4869647769026,0.7413099939516846,0.5098018287259402
T_Q3,27,B,SPI3,74,-0.008043432989199288,0.0,-0.30998888254657786,0.7000713116169796,839386946.5171365,839.3869465171365,0.808054932934856,0.5098018287259402
T_Q3,27,B,SPI3,75,0.0,15.388465557306901,0.0,0.7000006148339273,3095122352.8823113,3095.122352882311,0.8365175934820508,0.5085210090013164
T_Q3,27,B,SPI3,77,-0.11421974274407759,0.0,-0.45585473573888013,0.7855446365563312,522565020.3996989,522.5650203996989,0.7647916889031202,0.5098018287259402
T_Q3,27,B,SPI3,78,-1.0794481457723378e-08,64.99845733340621,0.0,0.7,3923781453.748234,3923.7814537482336,0.8432063187106414,0.5028640552175614
T_Q3,27,B,SPI3,82,-0.08857885570557777,2.406105414401628,0.0,0.7000158778144169,2369853029.5142994,2369.8530295142996,0.8348809905005871,0.5096950937488881
T_Q3,27,B,SPI3,84,0.0,261.7223945189622,0.0,0.7000006043421173,5044281826.012385,5044.281826012385,0.8654427722631375,0.4822997829722133
T_Q3,27,B,SPI3,88,0.0,1461.0089873804268,0.0,0.7000000230039471,7052257114.30435,7052.25711430435,0.9179208026470276,0.32426086028391504
T_Q3,27,B,SPI3,90,0.0,1416.0572698386086,0.0,0.7000135004541334,7008006150.062364,7008.006150062363,0.9170313445049275,0.3320169352830256
T_Q3,27,B,SPI3,92,0.0,193.6032824155387,0.0,0.7000000001821276,4769330412.974031,4769.330412974032,0.8577934322410788,0.48973565304016803
T_Q3,27,B,SPI3,93,-7.328652846954868e-07,811.5758530212906,0.0,0.7000428439492138,6271996876.393193,6271.996876393193,0.8983171451951472,0.42064254456185285
T_Q3,27,B,SPI3,94,-9.19027141569615e-06,93.71937557833701,0.0,0.7000000807105845,4183247991.2252145,4183.247991225215,0.8462304763937809,0.5003379940939982
T_Q3,27,B,SPI3,96,-8.618837416541486e-05,0.0,-0.4652048475002549,0.7471472120953601,609025465.8750682,609.0254658750682,0.7775643078236738,0.5098018287259402
T_Q3,27,B,SPI3,98,-0.0006954086397462471,1342.525615785859,0.0,0.7,6933264508.885295,6933.264508885295,0.9158928380830397,0.3451809157861031
T_Q3,27,B,SPI3,100,-1.5984316011399578e-06,1741.912173210157,-0.00047281696335903315,0.7005750756266019,7304910220.568452,7304.910220568452,0.921407478564059,0.27811577187177566
T_Q3,27,B,SPI3,101,-0.24841368816926052,0.0,-0.40088988924996355,0.8852432182358003,296202671.7713927,296.2026717713927,0.7335183406268899,0.5098018287259402
T_Q3,27,B,SPI3,102,-0.006982509476092247,0.0,-0.09355505686016463,0.7080701286250977,962046837.1568512,962.0468371568512,0.8231401430248694,0.5098018287259402
T_Q3,27,B,SPI3,103,-0.07679105086335669,0.0,-0.46467149568281274,0.7025900152129637,716552124.7877747,716.5521247877747,0.7931120361475785,0.5098018287259402
T_Q3,27,B,SPI3,104,-4.72804246658816e-09,245.98824862702952,0.0,0.7,4986135374.279448,4986.135374279447,0.8641263742128296,0.4841498559077809
T_Q3,27,B,SPI3,105,-0.11421974274407759,0.0,-0.45585473573888013,0.7911508128890862,508907921.5565707,508.9079215565707,0.7628348809905006,0.5098018287259402
T_Q3,27,B,SPI3,108,0.0,518.8813354771584,-9.276878129427663e-06,0.7000015885329459,5746903723.110681,5746.90372311068,0.8834809833849219,0.4535524958195467
T_Q3,27,B,SPI3,110,-8.603367177326777e-05,1195.41876221809,0.0,0.7000000158319555,6773835797.363213,6773.835797363213,0.9131177286796882,0.3687693457145907
T_Q3,27,B,SPI3,111,-0.14390185346869971,0.0,-0.20510472295287277,0.7000014114193502,910502418.4702367,910.5024184702366,0.8167004660760666,0.5098018287259402
T_Q3,27,B,SPI3,112,-1.0104496277292933e-07,866.53680482587,-7.742137797816006e-06,0.7000447091641213,6353623083.465371,6353.623083465372,0.9007364713416586,0.4139182410075782
T_Q3,27,B,SPI3,113,-0.0003432114292485147,830.7971331882426,0.0,0.7000023341009447,6301137769.86728,6301.13776986728,0.8989219767317751,0.4184011100437613
T_Q3,27,B,SPI3,114,-3.6209324033883945,0.0,-0.43399587374909254,0.7551748643797915,613884856.0380496,613.8848560380496,0.7775643078236739,0.5098018287259402
T_Q3,27,B,SPI3,116,-2.4945652579068835,0.0,-0.5173730963811779,0.8212645479212444,406299287.64267796,406.29928764267794,0.7481410324830116,0.5098018287259402
T_Q3,27,B,SPI3,118,0.0,0.0,-1.8912233614323455,0.7,67581596.98466994,67.58159698466994,0.7060874515245312,0.5098018287259402
T_Q3,27,B,SPI3,119,-2.3679032828733195,0.0,-0.42304540902333654,0.7078466894638813,741851309.2534033,741.8513092534033,0.7962429288077705,0.5098018287259402
T_Q3,27,B,SPI3,120,-2.328504610326116,0.0,-0.18726527657323053,0.8872795801797693,347249939.25900453,347.2499392590045,0.7409897890205286,0.5098018287259402
T_Q3,27,B,SPI3,121,-2.5043965830998984,0.0,-0.08191073471468202,0.7062571544450693,976760572.0731184,976.7605720731184,0.8248834809833849,0.5098018287259402
T_Q3,27,B,SPI3,122,0.0,298.78889236776337,0.0,0.7,5171428374.836779,5171.428374836779,0.8693919664140606,0.4782438538442382
T_Q3,27,B,SPI3,123,-3.4164307906912925,0.0,-0.39419908689105176,0.7369955424647874,681028193.0488486,681.0281930488486,0.7870281424556161,0.5098018287259402
T_Q3,27,B,SPI3,124,-3.5905945062859947,0.0,-0.6751841234491729,0.7003169750747378,575802790.7849859,575.8027907849859,0.7732237520902265,0.5098018287259402
T_Q3,27,B,SPI3,129,0.0,913.0300506172699,0.0,0.7,6419894708.7298565,6419.894708729857,0.9027288575799622,0.4086170704806631
T_Q3,27,B,SPI3,130,-2.985305623508805,0.0,-2.0115537361124596,0.7179866958253549,47764910.64537669,47.76491064537669,0.7030632938413919,0.5098018287259402
T_Q3,27,B,SPI3,132,0.0,395.7157588647175,0.0,0.700066351698424,5454658013.285731,5454.658013285732,0.8763297399224393,0.4673568861849362
T_Q3,27,B,SPI3,135,-0.18193590406940954,0.0,-0.1792423995950732,0.7000408009784229,928530855.168498,928.5308551684981,0.8191553705482619,0.5098018287259402
T_Q3,27,B,SPI3,136,0.0,1557.5964342102716,-1.6706595560780528e-05,0.700064473643843,7143540980.858058,7143.540980858058,0.9192372006973353,0.3067207457217063
T_Q3,27,B,SPI3,138,0.0,2066.3269204130816,0.0,0.700372652132365,7563984497.437129,7563.984497437129,0.9244316362471984,0.2461664354075497
T_Q3,27,B,SPI3,139,-3.874118943688744e-06,493.1331410976392,-1.055879736879921e-06,0.7000029309551428,5690639552.677896,5690.639552677895,0.8822357419859822,0.45664781015405403
T_Q3,27,B,SPI3,140,-0.0045190377133861055,227.61413132021028,0.0,0.7000426562607076,4914332664.6327715,4914.332664632771,0.861707048066318,0.4864268687515565
T_Q3,27,B,SPI3,141,0.0,831.4825946544515,0.0,0.7000046158311806,6302155085.965812,6302.155085965812,0.8989575550574591,0.4183299533923933
T_Q3,27,B,SPI3,142,0.0,1063.4282232342164,0.0,0.7,6617270142.657044,6617.270142657045,0.9091329562030813,0.38897783470309877
T_Q3,27,B,SPI3,147,-2.2176732022762904,0.0,-1.2480206546713686,0.7010680857419207,250770583.29295316,250.77058329295318,0.7302807129896466,0.5098018287259402
T_Q3,27,B,SPI3,148,-1.8924952378433877e-11,587.1265974215435,0.0,0.7002967278707151,5885325247.352656,5885.325247352656,0.8874657558615291,0.4458319991461202
T_Q3,27,B,SPI3,150,-2.959803683813523,0.0,-0.39347675059091625,0.7987710831559135,521187743.6161706,521.1877436161706,0.7645782189490161,0.5098018287259402
T_Q3,27,B,SPI3,151,0.0,125.93439383881464,0.0,0.7000024169949057,4409778441.630206,4409.7784416302065,0.8500729355676521,0.4968868965026506
T_Q3,27,B,SPI3,152,-1.6388063066876652,0.0,-0.9453472724755647,0.706392745710855,395252806.2333693,395.2528062333693,0.7474294659693315,0.5098018287259402
T_Q3,27,B,SPI3,153,0.0,378.6227587272189,0.0,0.7000133762375269,5409074223.555269,5409.074223555269,0.8752979684776034,0.46934927242323965
T_Q3,27,B,SPI3,154,-1.6388063066876652,0.0,-1.3574478855895296,0.7004158984668902,205604696.67968982,205.60469667968982,0.7253353257195715,0.5098018287259402
T_Q3,27,B,SPI3,155,0.0,731.4337933280372,-1.9852128389101324e-05,0.7003724548537379,6143789715.439225,6143.789715439225,0.8950083609065357,0.4296438609599032
T_Q3,27,B,SPI3,157,-1.717727042661477,0.0,-0.17988697797603687,0.7048728597697588,913383312.0425569,913.3833120425569,0.8173408759383783,0.5098018287259402
T_Q3,27,B,SPI3,158,-3.992935655826128,0.0,-0.4209796998194633,0.7013179634936595,759243112.1412311,759.2431121412311,0.798484363325862,0.5098018287259402
T_Q3,27,B,SPI3,160,0.0,93.254908854865,-4.9323061016318505e-05,0.700000000961833,4179400839.428402,4179.400839428402,0.8460881630910451,0.5003735724196821
T_Q3,27,B,SPI3,161,0.0,314.3298952873633,0.0,0.7,5221228105.9048815,5221.228105904882,0.8711353043725765,0.4766784075141423
T_Q3,27,B,SPI3,162,-0.5710224380183551,0.0,-0.39419908689105176,0.8046176426356233,505960942.4693754,505.96094246937537,0.7620877361511368,0.5098018287259402
T_Q3,27,B,SPI3,164,0.0,1031.0553310843015,0.0,0.7000000832635506,6576627533.449091,6576.627533449091,0.9078521364784573,0.3932116554594941
T_Q3,27,B,SPI3,165,0.0,1900.5799757897028,-3.4058488633563954e-06,0.7003584939654504,7436422657.73614,7436.4226577361405,0.9233287081509944,0.25829864446579137
T_Q3,27,B,SPI3,168,-3.78941249842509,0.0,-1.600999445095891,0.70107955955009,125406045.93729168,125.40604593729168,0.7140214181520619,0.5098018287259402
T_Q3,27,B,SPI3,171,0.0,657.1960467916123,0.0,0.7002869569567657,6016426387.846394,6016.4263878463935,0.8908456968015085,0.4383961290781656
T_Q3,27,B,SPI3,172,0.0,411.17367581724505,0.0,0.7000063721637123,5495078143.613874,5495.078143613874,0.8772191980645393,0.46554239157505245
T_Q3,27,B,SPI3,176,0.0,1198.6949320998415,0.0,0.7003279175126362,6776351167.790782,6776.351167790782,0.9131533070053722,0.3681645141779628
T_Q3,27,B,SPI3,177,0.0,350.60300393611004,0.0,0.7000000539572608,5330508889.857704,5330.508889857704,0.8738392571245596,0.472551321734799
T_Q3,27,B,SPI3,178,-0.6236995133331587,0.0,-0.2532332197771674,0.7001726407627973,877462455.5700083,877.4624555700083,0.8123954886683032,0.5098018287259402
T_Q3,27,B,SPI3,179,-1.2212761652920436,0.0,-0.279894865288129,0.7,860307533.5627791,860.3075335627791,0.8102607891272636,0.5098018287259402
T_Q3,27,B,SPI3,180,-3.4164307906912925,0.0,-0.39419908689105176,0.7012798444659982,773492772.4596987,773.4927724596987,0.8003700145871138,0.5098018287259402
T_Q3,27,B,SPI3,181,0.0,677.2094966067771,0.0,0.7000000079916453,6052929154.588976,6052.9291545889755,0.8920909382004482,0.43579891130323417
T_Q3,27,B,SPI3,184,-2.6230995617986914,0.0,-0.07123183883924472,0.7000000045801581,1005535805.3681312,1005.5358053681312,0.8284413135517842,0.5098018287259402
T_Q3,27,B,SPI3,188,0.0,2011.403787391162,-0.0008378074250783296,0.700000000065891,7523315948.721857,7523.315948721857,0.9242893229444624,0.24943964137047703
T_Q3,27,B,SPI3,194,0.0,636.2855314660885,0.0,0.7000628823424224,5979329765.954972,5979.329765954973,0.8898139253566726,0.44070872024762514
T_Q3,27,B,SPI3,197,0.0,1955.3172381760937,-4.744790351925347e-05,0.7000712846250421,7480341319.894084,7480.341319894084,0.9237200697335187,0.2537090404525563
T_Q3,27,B,SPI3,200,-0.0017272533228636436,0.0,-0.12911338027262395,0.7000069777908965,962374533.8220507,962.3745338220507,0.824065179492653,0.5098018287259402
T_Q3,27,B,SPI3,202,-2.8281359120748664e-05,330.99994472832856,0.0,0.7000709695148476,5272347452.003119,5272.3474520031195,0.8726295940513039,0.4746148646244708
T_Q3,27,B,SPI3,205,-0.004195367973028961,193.90930786354227,0.0,0.7000718398600111,4770433925.668358,4770.433925668358,0.8577578539153948,0.489771231365852
T_Q3,27,B,SPI3,207,-0.0006586112166265477,365.090290967698,0.0,0.7000151709261955,5371658735.746858,5371.658735746858,0.8745152453125556,0.4708791404276514
T_Q3,27,B,SPI3,208,0.0,140.09759351028006,-0.00010695109964950315,0.700004977123699,4495115542.526392,4495.115542526392,0.85156722524638,0.4958195467321308
T_Q3,27,B,SPI3,214,0.0,1093.9482737179003,0.0,0.7000000014658582,6654699222.216639,6654.699222216638,0.9099868360194969,0.38481517059807163
T_Q3,27,B,SPI3,215,0.0,247.7650491918011,0.0,0.7000000002302352,4992837039.050091,4992.83703905009,0.8641619525385136,0.48407869925641295
T_Q3,27,B,SPI3,216,0.0,472.91411710272405,0.0,0.7000004241719328,5644802458.524107,5644.802458524107,0.8812039705411464,0.45881808802077767
T_Q3,27,B,SPI3,221,0.0,546.9937658512484,0.0,0.7000000079916453,5805978828.881353,5805.978828881353,0.8848685380865975,0.45074180809051123
T_Q3,27,B,SPI3,223,0.0,1743.703835624195,-1.1981457075532317e-08,0.7004166552063256,7307350152.331377,7307.350152331377,0.9215497918667949,0.27790230191767173
T_Q3,27,B,SPI3,227,0.0,211.3013927516376,0.0,0.7,4847093418.73081,4847.09341873081,0.8600704450848541,0.4877432668018643
T_Q3,27,B,SPI3,228,0.0,471.99717629048905,0.0,0.7,5642692641.012484,5642.692641012483,0.8811328138897785,0.45892482299782966
T_Q3,27,B,SPI3,229,-4.0,0.0,-0.955010401232259,0.7044310244672543,392800134.0268901,392.8001340268901,0.7473227309922795,0.5098018287259402
T_Q3,27,B,SPI3,230,0.0,0.0,-0.48191494200019,0.7644521861099377,556499515.3265738,556.4995153265738,0.7697014978475113,0.5098018287259402
T_Q3,27,B,SPI3,231,-3.6593102293281037,0.0,-0.04777359964611561,0.7333330108927149,906331118.9912035,906.3311189912035,0.8150994414202868,0.5098018287259402
T_Q3,27,B,SPI3,232,0.0,314.7282539857711,0.0,0.7,5222478652.755151,5222.4786527551505,0.8712064610239444,0.47653609421140636
T_Q3,27,B,SPI3,233,0.0,585.8121289138255,0.0,0.7,5883838517.532537,5883.8385175325375,0.8874301775358452,0.4460098907745401
T_Q3,27,B,SPI3,237,-1.2282453195815957,0.0,-2.080398844766855,0.8921394618044094,14832415.739046074,14.832415739046075,0.6985804248052085,0.5098018287259402
T_Q3,27,B,SPI3,238,0.0,860.1907715428545,0.0,0.7,6344530928.739196,6344.530928739196,0.9004518447361867,0.414665385846942
T_Q3,27,B,SPI3,239,-3.5711338140812643,0.0,-0.2539764164140325,0.7,877654987.5830513,877.6549875830514,0.8126089586224071,0.5098018287259402
T_Q3,27,B,SPI3,240,0.0,433.8379733061914,0.0,0.7,5551893619.552038,5551.893619552038,0.8790336926744227,0.4624826555662292
T_Q3,27,B,SPI3,245,0.0,98.12771772405928,0.0,0.7,4217445295.9138956,4217.445295913895,0.8467997296047248,0.499946632511474
T_Q3,27,B,SPI3,246,-4.0,0.0,-0.3108787206312752,0.7046928562908952,825740843.7463877,825.7408437463877,0.8061692816736044,0.5098018287259402
T_Q3,27,B,SPI3,247,0.0,1303.326071569024,0.0,0.7,6892184049.996418,6892.184049996418,0.9151456932436761,0.35201195431742993
T_Q3,27,B,SPI3,251,0.0,810.5142851570258,0.0,0.7,6270538737.030201,6270.5387370302005,0.8982815668694631,0.42071370121322077
T_Q3,27,B,SPI3,253,-1.703308392058291,0.0,-1.5121253596224613,0.706472858396444,147231150.0469467,147.2311500469467,0.7167253709040454,0.5098018287259402
T_Q3,27,B,SPI3,254,0.0,783.609694322721,0.0,0.7,6228989558.938731,6228.9895589387315,0.8971786387732593,0.42380901554772826
T_Q3,27,B,SPI3,255,-0.00010315363153939056,1006.3009292472893,0.0,0.7,6544978377.008547,6544.978377008547,0.9071405699647777,0.39627139146831747
T_Q3,27,B,SPI3,258,0.0,301.7015994600652,0.0,0.7,5180901720.675518,5180.901720675518,0.8698900629736364,0.4779948055644501
T_Q3,27,B,SPI3,260,0.0,1231.366417592339,0.0,0.7,6814116629.475409,6814.116629475408,0.913722560216316,0.36350375351335973
T_Q3,27,B,SPI3,261,0.0,608.9295005797845,0.0,0.7,5928408376.004304,5928.408376004304,0.8886398406091006,0.4436972996050808
T_Q3,27,B,SPI3,263,0.0,1028.9083671828216,-0.00010286767897404599,0.7,6573539612.580586,6573.539612580586,0.9077809798270894,0.393460703739282
T_Q3,27,B,SPI3,265,-4.0,0.0,-0.3753303711292822,0.7,789996365.656162,789.996365656162,0.802682605756573,0.5098018287259402
T_Q3,27,B,SPI3,266,0.0,565.9589144250718,0.0,0.7,5844561926.224634,5844.561926224635,0.8858647312057494,0.4483936385953677
T_Q3,27,B,SPI3,267,-3.0755288684861126,0.0,-0.5611318662023052,0.7914690373008196,454057263.30287516,454.0572633028752,0.7546874444088664,0.5098018287259402
T_Q3,27,B,SPI3,268,-4.0,0.0,-1.8648750074218026,0.7107016899091767,68539082.02997468,68.53908202997468,0.7062653431529513,0.5098018287259402
T_Q3,27,B,SPI3,273,0.0,228.059202402238,0.0,0.7,4916298708.111563,4916.2987081115625,0.8618849396947378,0.4863557121001886
T_Q3,27,B,SPI3,276,0.0,1166.0509745015518,0.0,0.7,6740208264.097223,6740.208264097223,0.9122282705375883,0.3742128295442416
T_Q3,27,B,SPI3,278,-3.5312427319737374,0.0,-0.4636966154688199,0.7548729062213427,591431566.8037963,591.4315668037963,0.7750026683744262,0.5098018287259402
T_Q3,27,B,SPI3,279,-2.674407298733618,0.0,-0.6075842678177407,0.7,622846734.7106497,622.8467347106497,0.7804105738783931,0.5098018287259402
T_Q3,27,B,SPI3,280,-2.140863060975235,0.0,-0.1682381305498089,0.7,936224374.6929902,936.2243746929902,0.8201515636674139,0.5098018287259402
T_Q3,27,B,SPI3,281,-0.4794572337459789,0.0,-1.3895082583839282,0.7,192615614.63083512,192.61561463083513,0.7237698793894758,0.5098018287259402
T_Q3,27,B,SPI3,282,0.0,1958.154878459395,0.0,0.7,7482979179.44652,7482.97917944652,0.9237912263848864,0.25349557049845234
T_Q3,27,B,SPI3,287,0.0,1688.9661134831983,0.0,0.7,7261704449.02631,7261.70444902631,0.9210516953072189,0.28580069021951826
T_Q3,27,B,SPI3,292,0.0,110.83487015190539,0.0,0.7,4309898593.911047,4309.898593911047,0.8483295976091364,0.4982744512043262
T_Q3,27,B,SPI3,293,-1.4631640303532047,0.0,-0.398764311398335,0.7415377035800907,667642498.3972886,667.6424983972886,0.7853559611484684,0.5098018287259402
T_Q3,27,B,SPI3,294,0.0,2064.8430357439206,0.0,0.7,7564220513.390917,7564.2205133909165,0.9245027928985663,0.24630874871028569
T_Q3,27,B,SPI3,295,0.0,704.2463023053642,0.0,0.7,6099563611.229048,6099.563611229048,0.893941011136016,0.43238339203757065
T_Q3,27,B,SPI3,296,-1.700559326621628e-05,544.190873848343,0.0,0.7000020423764242,5800195616.496855,5800.195616496855,0.8846906464581776,0.45099085637029923
T_Q3,27,B,SPI3,297,-1.7869532638991248,0.0,-1.6303976581405184,0.7398317098507771,101795412.83415808,101.79541283415807,0.7097875973956665,0.5098018287259402
T_Q3,27,B,SPI3,298,0.0,1462.543867492624,0.0,0.7,7053759278.573723,7053.759278573722,0.9179563809727116,0.32411854698117903
T_Q3,27,B,SPI3,299,0.0,454.3963822434693,0.0,0.7,5601510058.014524,5601.5100580145245,0.8800298857935748,0.4603123776995055
T_Q3,27,B,SPI3,300,0.0,1388.7226703466017,0.0,0.7,6980537629.424805,6980.537629424804,0.9165688262710355,0.33706905753015265
T_Q3,27,B,SPI3,301,0.0,2006.0278920831076,0.0,0.7,7519831808.622333,7519.831808622333,0.9242181662930944,0.24986658127868497
T_Q3,27,B,SPI3,302,0.0,889.1041661488449,0.0,0.7,6386218652.654583,6386.218652654583,0.9017682427864946,0.41132102323264674
T_Q3,27,B,SPI3,303,0.0,1611.8644292541449,0.0,0.7,7193393176.718258,7193.393176718258,0.9201978154908029,0.29757711602092013
T_Q3,27,B,SPI3,304,0.0,631.5097201087157,0.0,0.7,5970754412.604374,5970.754412604374,0.8896004554025686,0.44117123848151707
T_Q3,27,B,SPI3,305,0.0,1739.7251169431092,0.0,0.7,7305466082.9570265,7305.466082957027,0.9215142135411107,0.2784003984772476
T_Q3,27,B,SPI3,306,0.0,727.9942221167418,-1.1750142898574065e-05,0.7000316705721673,6139323764.166944,6139.323764166944,0.8949372042551675,0.4299284875653751
T_Q3,27,B,SPI3,309,0.0,1558.6415203531355,0.0,0.7,7144734928.17008,7144.73492817008,0.9193083573487032,0.30657843241897037
T_Q3,27,B,SPI3,311,0.0,1095.448399636766,0.0,0.7,6656524364.67357,6656.52436467357,0.9100224143451809,0.3846372789696518
T_Q3,27,B,SPI3,312,0.0,1641.9883273406858,0.0,0.7,7220365848.634416,7220.365848634416,0.9206247553990109,0.2929875120076849
T_Q3,27,B,SPI3,313,-0.3752621164773008,0.0,-0.23478638293100218,0.7089562319955057,863863950.4242238,863.8639504242237,0.8106521507097876,0.5098018287259402
T_Q3,27,B,SPI3,314,0.0,1198.750190460211,0.0,0.7,6777588124.327717,6777.588124327717,0.9132244636567401,0.3681645141779628
T_Q3,27,B,SPI3,315,-4.0,0.0,-0.3666607747597265,0.7161465145882568,754241161.7073829,754.241161707383,0.7975237485323939,0.5098018287259402
T_Q3,27,B,SPI3,318,0.0,1270.2356360427366,0.0,0.7,6856699683.957538,6856.699683957538,0.9145764400327321,0.3571708115416088
T_Q3,27,B,SPI3,321,0.0,678.5103379728245,0.0,0.7,6055201414.00379,6055.20141400379,0.8921620948518163,0.43562101967481426
T_Q3,27,B,SPI3,322,-0.004375973411142126,0.0,-0.07394788095193514,0.7044310244672543,988286270.1269776,988.2862701269776,0.8264133489877966,0.5098018287259402
T_Q3,27,B,SPI3,326,0.0,31.398792460539255,0.0,0.7,3470097212.908677,3470.097212908677,0.8384388230689864,0.5068488276941687
T_Q3,27,B,SPI3,327,0.0,262.88769267965347,0.0,0.7000058925374013,5048433060.320668,5048.433060320668,0.8655850855658733,0.4820507346924253
T_Q3,27,B,SPI3,329,0.0,0.0,-0.41824736651161704,0.8008081557556409,507553221.21069264,507.55322121069264,0.7623367844309246,0.5098018287259402
T_Q3,27,B,SPI3,330,0.0,1353.009858321796,0.0,0.7,6944076189.73683,6944.07618973683,0.9160351513857757,0.3432952645248515
T_Q3,27,B,SPI3,332,0.0,48.118984141723445,0.0,0.7004582135324421,3725156966.746322,3725.1569667463223,0.8406802575870783,0.5046785498274451
T_Q3,27,B,SPI3,333,-0.0047573334276589385,380.523497960673,0.0,0.7,5414232287.477623,5414.232287477623,0.8753691251289714,0.4693848507489236
T_Q3,27,B,SPI3,334,0.0,1502.9866710350097,0.0,0.7,7092569841.064296,7092.569841064295,0.9185256341836556,0.31732308677553633
T_Q3,27,B,SPI3,335,-1.7283916839830706,0.0,-1.597346794283155,0.7,126973857.66338898,126.97385766338898,0.7142348881061658,0.5098018287259402
T_Q3,27,B,SPI3,336,0.0,62.398985333092654,0.0,0.7000000013566144,3896188261.9296136,3896.1882619296134,0.8426726438253814,0.5030063685202973
T_Q3,27,B,SPI3,338,-8.473376160219627e-05,244.80806332633222,0.0,0.7,4981659921.52675,4981.65992152675,0.8640196392357777,0.48432774753620095
T_Q3,27,B,SPI3,341,0.0,703.4417911906339,0.0,0.7,6098196208.042574,6098.196208042574,0.893905432810332,0.4324189703632546
T_Q3,27,B,SPI3,343,0.0,1376.1830892608257,0.0,0.7,6967838896.358357,6967.8388963583575,0.9165332479453516,0.3392393353968762
T_Q3,27,B,SPI3,346,-0.0007045695340215374,0.0,-0.38476726216742296,0.7992882460951616,524501743.7593763,524.5017437593763,0.7648628455544881,0.5098018287259402
T_Q3,27,B,SPI3,347,-3.928895922680269,0.0,-2.011725804395679,0.9021338095682307,16595810.088530019,16.59581008853002,0.6987583164336286,0.5098018287259402
T_Q3,27,B,SPI3,350,0.0,1127.9073608220942,0.0,0.7,6695489049.446899,6695.489049446899,0.9110186074643326,0.3799765183050487
T_Q3,27,B,SPI3,351,-3.5306034661333427,0.0,-0.4639611141647302,0.7025376274987161,717203918.726821,717.2039187268209,0.7932543494503146,0.5098018287259402
T_Q3,27,B,SPI3,352,0.0,395.0710989404704,0.0,0.7,5453218097.739219,5453.218097739219,0.8762941615967554,0.4674280428363043
T_Q3,27,B,SPI3,354,0.0,109.89250955851708,0.0,0.7,4303328187.818792,4303.328187818793,0.8482584409577685,0.49845234283274614
T_Q3,27,B,SPI3,357,0.0,1601.7607562139829,0.0,0.7000547383679204,7184058349.227146,7184.058349227146,0.920055502188067,0.29878677909417584
T_Q3,27,B,SPI3,358,-3.599284305143935,0.0,-0.44980262425858925,0.8401716536237327,391944283.7338196,391.9442837338196,0.7459707546162876,0.5098018287259402
T_Q3,27,B,SPI3,359,-2.7441933567542307,0.0,-1.3501803665770755,0.7012839982406229,207875893.1347539,207.8758931347539,0.7257266873020954,0.5098018287259402
T_Q3,27,B,SPI3,360,-0.8926671495380916,0.0,-0.2058167108063991,0.7002215650410616,909776963.1465548,909.7769631465549,0.8164514177962785,0.5098018287259402
T_Q3,27,B,SPI3,361,-0.9562511514828043,0.0,-0.608238053302969,0.7002384345440654,621715733.6179118,621.7157336179118,0.7801259472729213,0.5098018287259402
T_Q3,27,B,SPI3,362,0.0,783.7972660622388,0.0,0.7,6229283961.712871,6229.28396171287,0.8972142170989433,0.42380901554772826
T_Q3,27,B,SPI3,366,-0.8681603356784682,0.0,-1.9672687824273563,0.7216139888239826,53070782.85167312,53.070782851673115,0.7038815953321238,0.5098018287259402
T_Q3,27,B,SPI3,367,0.0,1506.4200620029546,0.0,0.7,7095833181.905481,7095.833181905481,0.9185967908350235,0.31654036361048843
T_Q3,27,B,SPI3,368,-1.1480072770580494,0.0,-0.4528078438764188,0.7361050348195665,644696712.2739756,644.6967122739757,0.7821894901625931,0.5098018287259402
T_Q3,27,B,SPI3,369,0.0,1900.773445789608,-0.00044022846047447797,0.7,7437506960.186769,7437.506960186768,0.9233642864766785,0.25826306614010747
T_Q3,27,B,SPI3,370,-0.024276467047041006,0.0,-0.4639611141647302,0.8143837320555972,447585176.61912334,447.58517661912333,0.7543672394777102,0.5098018287259402
T_Q3,27,B,SPI3,371,0.0,141.03399897949632,0.0,0.7,4500924582.877247,4500.924582877247,0.851887430177536,0.49557049845234286
T_Q3,27,B,SPI3,372,-1.1480072770580494,0.0,-0.4528078438764188,0.8325241373927621,409193476.2739325,409.1934762739325,0.7484256590884835,0.5098018287259402
T_Q3,27,B,SPI3,374,0.0,541.2883965197266,0.0,0.7,5794208236.186328,5794.208236186328,0.8844771765040735,0.45127548297577114
T_Q3,27,B,SPI3,377,-0.15785299906035521,0.0,-0.3087768077879427,0.7001099652380454,841327528.820095,841.3275288200949,0.808517451168748,0.5098018287259402
T_Q3,27,B,SPI3,380,0.0,156.46889328897078,0.0,0.7,4586721530.877104,4586.721530877104,0.8537730814387873,0.49396947379656325
T_Q3,27,B,SPI3,384,-3.618324108809563e-05,814.2319553722027,0.0,0.7001462759467103,6275651673.667799,6275.651673667799,0.8984594584978831,0.4202511829793289
T_Q3,27,B,SPI3,386,-0.0002681939867827471,1102.7811234135468,0.0,0.7005105010148217,6663607763.585042,6663.607763585042,0.910057992670865,0.3837122425018678
T_Q3,27,B,SPI3,392,-0.209122588070499,0.0,-1.6092281068422332,0.7000179685892276,123241951.42983912,123.24195142983912,0.7138079481979579,0.5098018287259402
T_Q3,27,B,SPI3,393,0.0,48.04330320523101,0.0,0.7000165468874664,3725718432.394535,3725.7184323945353,0.8409648841925498,0.5046785498274451
T_Q3,27,B,SPI3,394,-0.00025506287159838073,970.9577556202461,-0.0003172691562645935,0.7000165123351131,6498281253.462654,6498.281253462654,0.9053616536805777,0.40089657380723664
T_Q3,27,B,SPI3,396,-2.9478509247332256e-05,1002.671887455227,-1.3550554677394812e-06,0.7,6540278786.882282,6540.2787868822825,0.9069626783363576,0.3968406446792614
T_Q3,27,B,SPI3,397,0.0,195.82813917314533,0.0,0.7,4779395160.689709,4779.395160689709,0.8580069021951829,0.48948660476038014
T_Q3,27,B,SPI3,398,-0.024276467047041006,0.0,-0.4639611141647302,0.7665295454153259,562943558.1886431,562.9435581886431,0.7709823175721349,0.5098018287259402
T_Q3,27,B,SPI3,399,-0.9507018854682283,0.0,-1.1214568423981202,0.701867190356745,310502610.8634187,310.5026108634187,0.7361155584018216,0.5098018287259402
T_Q3,27,B,SPI3,402,0.0,61.67928666574116,0.0,0.7,3888407625.925616,3888.407625925616,0.8426370654996975,0.5030419468459814
T_Q3,27,B,SPI3,403,0.0,678.3193108394664,0.0,0.7000448955468932,6054709161.396127,6054.709161396127,0.8920909382004483,0.43562101967481426
T_Q3,27,B,SPI3,406,-0.0014179533969392033,2.6048238643026025,0.0,0.7,2394851379.7552624,2394.8513797552623,0.834916568826271,0.5096595154232041
T_Q3,27,B,SPI3,407,0.0,1060.9087972446878,0.0,0.7,6614140430.652589,6614.140430652589,0.9090973778773972,0.3892980396342548
T_Q3,27,B,SPI3,409,-0.0013915080076073727,317.14241043464654,0.0,0.7,5230039651.007104,5230.039651007104,0.8714199309780484,0.4762158892802503
T_Q3,27,B,SPI3,410,-0.10435930110304795,0.0,-0.09234031044854721,0.7102037067033566,955868915.3479704,955.8689153479704,0.8221083715800331,0.5098018287259402
T_Q3,27,B,SPI3,412,-6.439764739243651e-10,280.49794532612566,0.0,0.7000147943843483,5110207029.210359,5110.207029210359,0.8678620984096486,0.4804141317109616
T_Q3,27,B,SPI3,414,-0.00018029523779385104,0.0,-0.4687734279846799,0.7221226844220197,665291240.6264838,665.2912406264838,0.7853203828227846,0.5098018287259402
T_Q3,27,B,SPI3,416,-0.0021001731518827844,0.0,-0.06996297614606606,0.7054271381965197,987962617.7724433,987.9626177724433,0.8262710356850607,0.5098018287259402
T_Q3,27,B,SPI3,417,-0.7518089877918992,0.0,-1.7418058807360488,0.7115908677703865,89395432.560524,89.395432560524,0.7092539225104068,0.5098018287259402
T_Q3,27,B,SPI3,419,-0.5877831551683563,0.0,-0.4642740268612168,0.7100013249344195,699211761.3597014,699.2117613597014,0.7907994449781192,0.5098018287259402
T_Q3,27,B,SPI3,420,0.0,299.4480282413173,-2.965226377600269e-07,0.700001325590998,5173574365.870645,5173.574365870644,0.8694987013911124,0.4781371188671862
T_Q3,27,B,SPI3,423,0.0,1746.778350403038,0.0,0.7000164050632136,7311397974.386237,7311.397974386237,0.9216921051695308,0.2774397836837798
T_Q3,27,B,SPI3,424,-0.00022937054819313662,331.10570951885177,0.0,0.7000001895538738,5272916576.695704,5272.916576695705,0.8726651723769878,0.4746148646244708
T_Q3,27,B,SPI3,426,0.0,1271.9241299452522,-4.4325406747756987e-07,0.7000589620182527,6858318728.615937,6858.318728615937,0.914612018358416,0.3569929199131889
T_Q3,27,B,SPI3,428,0.0,585.7160444402974,-0.000340330844929391,0.7000025639336531,5883280025.696678,5883.280025696678,0.8872878642331092,0.4460098907745401
T_Q3,27,B,SPI3,429,-0.15995633012171287,0.0,-0.25784121230145707,0.7029842212763665,867310817.0096824,867.3108170096824,0.8110079339666275,0.5098018287259402
T_Q3,27,B,SPI3,431,-1.5933436078966322e-07,262.0240617651938,0.0,0.700009845805894,5045338945.876889,5045.338945876889,0.8654783505888213,0.48226420464652936
T_Q3,27,B,SPI3,433,-0.0031700108211402053,414.42022548994214,-0.00014846121444235842,0.7000008396571954,5502947056.430031,5502.947056430031,0.8773259330415912,0.4651866083182125
T_Q3,27,B,SPI3,435,-0.0012589655505938328,562.974275284378,0.0,0.7000247520635872,5838472413.499245,5838.472413499245,0.8856512612516454,0.44867826520083964
T_Q3,27,B,SPI3,436,-6.455481118773883e-10,1030.676354705077,0.0,0.7000097749534605,6576112378.566668,6576.112378566668,0.9078165581527734,0.39324723378517806
T_Q3,27,B,SPI3,437,0.0,80.02036162030203,0.0,0.7002198852392261,4067656403.312103,4067.6564033121026,0.8446650300636853,0.5015832354929377
T_Q3,27,B,SPI3,440,0.0,728.8158884339072,-0.00010950240576215048,0.7000026208981719,6140425842.785823,6140.425842785823,0.8950083609065355,0.4298217525883231
T_Q3,27,B,SPI3,441,0.0,433.8271953750574,-0.00026596584826354963,0.7000014321526461,5551500466.174587,5551.500466174587,0.8789269576973707,0.4624826555662292
T_Q3,27,B,SPI3,442,0.0,347.3179938594584,0.0,0.7001143127090735,5320575317.696131,5320.575317696131,0.8737325221475076,0.472729213363219
T_Q3,27,B,SPI3,446,0.0,886.41319563296,-4.4325406747756987e-07,0.7000589620182527,6382182588.275932,6382.182588275932,0.9016615078094427,0.41153449318675067
T_Q3,27,B,SPI3,447,0.0,212.44767669412485,0.0,0.7,4851960789.2023,4851.9607892023005,0.860248336713274,0.48760095349912824
T_Q3,27,B,SPI3,449,-2.1427804987546732,0.0,-0.39832902682635324,0.7001133070005918,774796768.8655771,774.7967688655771,0.8006902195182696,0.5098018287259402
T_Q3,27,B,SPI3,450,0.0,1798.2024626244631,0.0,0.7,7354658813.948536,7354.658813948536,0.9222613583804746,0.2704664318497172
T_Q3,27,B,SPI3,451,0.0,755.9312899180113,-9.461973437390885e-08,0.7,6185046609.208612,6185.046609208613,0.8958978190486355,0.42679759490518376
T_Q3,27,B,SPI3,452,0.0,366.40136592174093,0.0,0.7000139591328399,5375345555.209059,5375.345555209059,0.8745508236382394,0.47084356210196743
T_Q3,27,B,SPI3,453,0.0,971.9301059776755,0.0,0.7,6499992602.628107,6499.992602628107,0.9053972320062619,0.4008609954815527
T_Q3,27,B,SPI3,454,-2.1692679336912226,0.0,-0.24477134150425223,0.7072523508562765,862484490.86189,862.48449086189,0.8103675241043156,0.5098018287259402
T_Q3,27,B,SPI3,456,0.0,587.1707139041207,0.0,0.7,5886491911.142688,5886.491911142688,0.887536912512897,0.4458319991461202
T_Q3,27,B,SPI3,457,-3.286385521681152,0.0,-2.0249159570236186,0.7,49337505.66601361,49.33750566601361,0.7038460170064398,0.5098018287259402
T_Q3,27,B,SPI3,459,0.0,396.0521111957406,0.0,0.7,5455804227.930917,5455.804227930917,0.8764364748994913,0.46732130785925224
T_Q3,27,B,SPI3,460,0.0,542.2728312022832,0.0,0.7,5796246369.875427,5796.246369875427,0.8845127548297576,0.45116874799871926
T_Q3,27,B,SPI3,463,0.0,784.1332404282642,0.0,0.7004539099938957,6228201715.013037,6228.201715013037,0.8971430604475752,0.4237734372220442
T_Q3,27,B,SPI3,466,-0.0017451327107313543,157.7505325057578,0.0,0.7,4593549365.734636,4593.549365734636,0.8539509730672072,0.4937915821681433
T_Q3,27,B,SPI3,470,0.0,1840.5197030462887,0.0,0.7000000679926249,7389412809.78183,7389.41280978183,0.9227950332657344,0.26480947806596217
T_Q3,27,B,SPI3,472,-1.08960539993181,0.0,-0.5809862190305024,0.7674484162829113,496573975.8748988,496.5739758748988,0.7607713381008293,0.5098018287259402
T_Q3,27,B,SPI3,473,0.0,498.1992390618474,0.0,0.7003838497763751,5700533684.341976,5700.533684341976,0.8823780552887182,0.45607855694311017
T_Q3,27,B,SPI3,474,0.0,79.27596505211362,0.0,0.7000806741025871,4061489070.555445,4061.4890705554453,0.8446294517380012,0.5015832354929377
T_Q3,27,B,SPI3,475,-0.03796267901320183,0.0,-0.5109520537940306,0.7423206988091329,589972281.7776268,589.9722817776268,0.7737574269754866,0.5098018287259402
T_Q3,27,B,SPI3,477,-0.0012503617015624524,0.0,-0.09321297171421858,0.700010386936661,988725951.7425249,988.7259517425249,0.8268047105703205,0.5098018287259402
T_Q3,27,B,SPI3,478,-2.599924732657466e-07,171.7541412630104,-0.0002724113977889705,0.7000379619371606,4664997202.31678,4664.99720231678,0.8555519977229872,0.49226171416373143
T_Q3,27,B,SPI3,480,-1.086776282309177,0.0,-0.12128553580967419,0.7013239790535187,963668703.3377923,963.6687033377923,0.8241007578183371,0.5098018287259402
T_Q3,27,B,SPI3,482,0.0,299.1908146997978,0.0,0.7,5172740628.491134,5172.740628491134,0.8694631230654285,0.4781726971928702
T_Q3,27,B,SPI3,483,-2.5560315512191583e-07,664.8248753485271,-0.0002589071920216909,0.7000000599416244,6030736051.061036,6030.736051061036,0.8914505283381362,0.43736435763332976
T_Q3,27,B,SPI3,484,0.0,45.87484883281282,0.0,0.7000031297282628,3696740417.4581494,3696.7404174581493,0.8405735226100262,0.5048564414558651
T_Q3,27,B,SPI3,485,-3.195546466928226,0.0,-1.3865373369686922,0.7112334353307125,186646035.98794428,186.6460359879443,0.7220265414309602,0.5098018287259402
T_Q3,27,B,SPI3,487,0.0,1001.6071256438454,-7.574166466546843e-05,0.7000103059978143,6538691767.613434,6538.6917676134335,0.9069271000106736,0.3970185363076813
T_Q3,27,B,SPI3,489,0.0,944.2684256687908,-0.0015838037926606814,0.700000337848449,6462042557.271694,6462.042557271694,0.904329882235742,0.4045611413526879
T_Q3,27,B,SPI3,491,-6.15155216263866e-05,2007.1733408947543,0.0,0.700000163831506,7520704158.260717,7520.704158260717,0.9242537446187784,0.24979542462731702
T_Q3,27,B,SPI3,492,0.0,1688.905280512493,-0.0015163015018103277,0.700044725654972,7260738979.395549,7260.738979395549,0.921016116981535,0.28580069021951826
T_Q3,27,B,SPI3,494,-2.4069214516644557,0.0,-0.17778756187982203,0.7,929774647.4547732,929.7746474547732,0.819333262176682,0.5098018287259402
T_Q3,27,B,SPI3,495,-2.2254628104391716,0.0,-0.4376976829642796,0.729666603471497,674930011.8872514,674.9300118872513,0.7866012025474082,0.5098018287259402
T_Q3,27,B,SPI3,496,-1.2677321898908396,0.0,-0.07388414622967676,0.7000025220606265,1003514964.0624253,1003.5149640624253,0.8283701569004163,0.5098018287259402
T_Q3,27,B,SPI3,498,0.0,867.1537299525157,0.0,0.7000000128717698,6354674405.028515,6354.674405028515,0.9008432063187105,0.4137759277048422
T_Q3,27,B,SPI3,499,-0.0018909733820753945,198.47887223748495,-0.001582274683259804,0.7000268129312608,4790416911.207325,4790.416911207325,0.8580780588465508,0.48913082150354015
T_Q3,27,B,SPI3,501,-0.002391284923466388,379.87810729880636,0.0,0.700000001486764,5412479048.380469,5412.479048380469,0.8752979684776034,0.46942042907460774
T_Q3,27,B,SPI3,503,0.0,706.8841006901521,0.0,0.7000870120824643,6103700677.150245,6103.700677150245,0.8939765894616999,0.4320631871064148
T_Q3,27,B,SPI3,504,-1.7630484868846876,0.0,-1.0755344831107996,0.7003723753115456,337302568.0887727,337.3025680887727,0.739886860924325,0.5098018287259402
T_Q3,27,B,SPI3,506,-0.004013616418964805,762.4511888097932,0.0,0.700000267315559,6195376702.333344,6195.376702333345,0.8961468673284233,0.4262994983456078
T_Q3,27,B,SPI3,507,-9.003900535984975e-05,126.38978711843305,0.0,0.7,4412654562.892525,4412.654562892525,0.8501440922190201,0.4968157398512826
T_Q3,27,B,SPI3,510,-0.6295931962525797,0.0,-0.4001609862449014,0.7057915799051999,759365750.6992701,759.3657506992702,0.7985910983029139,0.5098018287259402
T_Q3,27,B,SPI3,511,-2.090722283496344,0.0,-0.3171491062279974,0.8131447734905178,519508703.7201397,519.5087037201397,0.7634397125271286,0.5098018287259402
T_Q3,27,B,SPI3,514,-3.524336636563194,0.0,-0.3081612719294846,0.7000237840050403,842163109.6864767,842.1631096864767,0.8086597644714841,0.5098018287259402
T_Q3,27,B,SPI3,515,-0.00015669496334178284,410.8707807240636,0.0,0.7,5494327846.349733,5494.327846349734,0.8771836197388553,0.46564912655210444
T_Q3,27,B,SPI3,516,-3.123157986620662,0.0,-1.5171083313174494,0.7001416179850151,149428376.0648955,149.4283760648955,0.7174013590920413,0.5098018287259402
T_Q3,27,B,SPI3,517,0.0,1743.7438162082997,0.0,0.7005309938175033,7306981789.96914,7306.98178996914,0.9215142135411108,0.27790230191767173
T_Q3,27,B,SPI3,518,-0.00016701869427628127,1602.0010494300077,-1.401634681953577e-07,0.7000000848270957,7184468341.244355,7184.4683412443555,0.920091080513751,0.29878677909417584
T_Q3,27,B,SPI3,520,-1.1122739145745488e-06,208.13148985612509,0.0,0.7000000107165981,4833524708.9152155,4833.524708915215,0.8596790835023306,0.4880634717330203
T_Q3,27,B,SPI3,522,-2.2111072003316643,0.0,-0.9546771336748585,0.7016022753417592,396798068.3810088,396.7980683810088,0.7479631408545913,0.5098018287259402
T_Q3,27,B,SPI3,523,-3.020028823820444,0.0,-1.2605041499143668,0.7000311715176907,246532760.51058748,246.53276051058748,0.7300672430355427,0.5098018287259402
T_Q3,27,B,SPI3,525,0.0,1896.7837703788646,0.0,0.7000160387689651,7434639737.201323,7434.6397372013225,0.9233287081509943,0.25865442772263136
T_Q3,27,B,SPI3,526,0.0,434.1010155138659,0.0,0.7,5552559271.930274,5552.559271930274,0.8791048493257908,0.4624470772405452
T_Q3,27,B,SPI3,527,-1.1536513418814115e-06,1163.428129973036,0.0,0.7001618675403478,6736556420.51201,6736.55642051201,0.9121215355605364,0.3745330344753975
T_Q3,27,B,SPI3,528,-0.4073475839699088,0.0,-0.6292384822865005,0.7648939332213784,478113874.42848086,478.11387442848087,0.7577827587433736,0.5098018287259402
T_Q3,27,B,SPI3,529,-1.565729810901519,0.0,-1.8843941940504354,0.7057858634055093,67255163.79480591,67.25516379480591,0.7059807165474794,0.5098018287259402
T_Q3,27,B,SPI3,531,-2.471091836999535,0.0,-1.621396034171778,0.7362229969436822,106262918.03074162,106.26291803074162,0.7103212722809263,0.5098018287259402
T_Q3,27,B,SPI3,532,-1.1536513418814115e-06,1197.5159276503873,0.0,0.7001618675403478,6775601813.365778,6775.601813365778,0.9131177286796883,0.36837798413206674
T_Q3,27,B,SPI3,533,-0.133152201802738,0.0,-0.39682215927094733,0.7000237840050403,775330319.4424452,775.3303194424451,0.8007969544953215,0.5098018287259402
T_Q3,27,B,SPI3,535,-1.4341171111460456,0.0,-0.5202194607046906,0.7562798285161837,551671124.3763593,551.6711243763593,0.7679581598889955,0.5098018287259402
T_Q3,27,B,SPI3,538,-1.286399488285916,0.0,-0.8275797795006379,0.7334774316231572,427414824.23400867,427.4148242340087,0.7504892019781549,0.5098018287259402
T_Q3,27,B,SPI3,542,0.0,32.67942384049279,0.0,0.7,3493046494.8998647,3493.0464948998647,0.8387234496744583,0.5065997794143807
T_Q3,27,B,SPI3,544,0.0,731.3591447982718,-3.030095415291727e-05,0.7000024666192293,6144819261.624642,6144.819261624642,0.8951862525349555,0.4296438609599032
T_Q3,27,B,SPI3,545,0.0,561.6515648170529,0.0,0.7,5835892986.889945,5835.892986889945,0.8855801046002775,0.44878500017789164
T_Q3,27,B,SPI3,547,-0.0004085960820661774,1266.4486264266186,-3.067207188636697e-06,0.7000367649237728,6852478170.020969,6852.47817002097,0.9145052833813639,0.3577044864268688
T_Q3,27,B,SPI3,549,0.0,1060.0584217339228,0.0,0.7000000014781684,6613081423.791124,6613.0814237911245,0.9090617995517133,0.3893336179599388
T_Q3,27,B,SPI3,550,-0.04407290773918876,0.0,-0.35285033789846887,0.7000000012199594,805372366.4078604,805.3723664078605,0.8044259437150887,0.5098018287259402
T_Q3,27,B,SPI3,553,-0.32271497553852746,0.0,-0.6046472861053032,0.7016022753417592,621697222.3853141,621.6972223853141,0.7798413206674492,0.5098018287259402
T_Q3,27,B,SPI3,558,-1.304789097895341,0.0,-0.47211398889222433,0.729666603471497,645604419.3886813,645.6044193886813,0.7824385384423811,0.5098018287259402
T_Q3,27,B,SPI3,560,-0.0001424018014572398,915.1566906790074,-1.9736269508464665e-07,0.7001463998140642,6422293311.28894,6422.2933112889405,0.9027644359056465,0.4084036005265591
T_Q3,27,B,SPI3,561,-2.9795357314110547,0.0,-1.215076699058817,0.7000021702305803,265050753.0353077,265.0507530353077,0.7321663642508985,0.5098018287259402
T_Q3,27,B,SPI3,562,0.0,263.9601508712832,-1.4519318691865487e-05,0.7000024084675324,5052298510.351216,5052.2985103512165,0.8657273988686092,0.48201515636674136
T_Q3,27,B,SPI3,563,0.0,1465.3787031352572,0.0,0.700016580531125,7056453489.862011,7056.453489862011,0.9179919592983957,0.32351371544455126
T_Q3,27,B,SPI3,566,0.0,943.3030523893037,0.0,0.7,6461487672.2791,6461.4876722791005,0.9042943039100579,0.4046322980040559
T_Q3,27,B,SPI3,568,0.0,226.70261839876434,0.0,0.7,4910854618.763474,4910.854618763475,0.8616714697406341,0.4864268687515565
T_Q3,27,B,SPI3,569,-0.6903176430357427,0.0,-0.5276209455051724,0.8016233021630028,446449433.33691245,446.4494333369125,0.7533354680328743,0.5098018287259402
T_Q3,27,B,SPI3,572,-1.3800041520312423,0.0,-0.6185006990834179,0.7408250914688329,532932667.7148561,532.932667714856,0.7657878820222721,0.5098018287259402
T_Q3,27,B,SPI3,573,-0.008293723599629044,0.0,-0.07416204641883192,0.7000185229054888,1003038229.788971,1003.038229788971,0.8281922652719962,0.5098018287259402
T_Q3,27,B,SPI3,574,0.0,140.5464416598775,0.0,0.7,4498100858.168051,4498.100858168051,0.8517806952004839,0.4956416551037109
T_Q3,27,B,SPI3,578,0.0,0.0,-0.5642101989210109,0.7,650531347.709475,650.5313477094751,0.7836482015156365,0.5098018287259402
T_Q3,27,B,SPI3,579,-3.18463545600127,0.0,-2.1821079747406094,0.8743149606085947,13860724.365325222,13.860724365325222,0.6981179065713169,0.5098018287259402
T_Q3,27,B,SPI3,582,0.0,1003.0587891580265,-7.356284310588383e-05,0.7000006694517635,6540606651.381669,6540.606651381669,0.9069982566620416,0.3968050663535774
T_Q3,27,B,SPI3,583,-0.0008736779795850969,0.0,-0.5086797122954962,0.7424602033917256,590730509.2085885,590.7305092085885,0.7738641619525387,0.5098018287259402
T_Q3,27,B,SPI3,585,0.0,0.0,-0.5753523556769897,0.8062564108069652,415721032.56846,415.72103256846,0.7487814423453233,0.5098018287259402
T_Q3,27,B,SPI3,586,-2.7062194575073345e-05,15.04034334974397,-1.853752699709809e-07,0.7000014183310241,3084103618.1715703,3084.1036181715704,0.8364820151563669,0.5085565873270004
T_Q3,27,B,SPI3,592,0.0,281.4119061972793,0.0,0.7000010543722905,5113382806.039494,5113.3828060394935,0.8679332550610168,0.4803429750595936
T_Q3,27,B,SPI3,594,-0.0004808345922425295,0.0,-0.3712601453254021,0.7001028642986411,793583622.8063903,793.5836228063903,0.8032874372932008,0.5098018287259402
T_Q3,27,B,SPI3,598,0.0,364.93059754154734,-8.865848176988927e-06,0.7000618831514195,5371046414.891613,5371.046414891613,0.8744440886611877,0.4708791404276514
T_Q3,27,B,SPI3,602,-1.2728648630658097,0.0,-0.17750297023220246,0.7344583427465896,823268653.4905233,823.2686534905233,0.8050307752517165,0.5098018287259402
T_Q3,27,B,SPI3,606,-0.0002823717751223001,0.0,-0.22062163460012557,0.7079865944598195,878557995.6548681,878.5579956548681,0.8126801152737749,0.5098018287259402
T_Q3,27,B,SPI3,610,-0.11173449480125502,0.0,-1.3954161479382388,0.7004184162734577,190037996.7465477,190.0379967465477,0.723165047852848,0.5098018287259402
T_Q3,27,B,SPI3,611,0.0,78.71554531610126,-4.934992334021491e-06,0.7001598332445349,4056166064.0244994,4056.1660640244995,0.8445582950866333,0.5015832354929377
T_Q3,27,B,SPI3,613,0.0,759.6815983205292,-7.186365935278319e-07,0.7000018038860464,6191061047.395118,6191.061047395117,0.8960401323513714,0.42637065499697585
T_Q3,27,B,SPI3,615,0.0,263.3926422647497,-1.1734791604528523e-07,0.7000024544535892,5050260873.354959,5050.260873354959,0.8656562422172412,0.4820507346924253
T_Q3,27,B,SPI3,617,-0.009220485558012477,0.0,-0.09332597254340003,0.7101808386669495,955154573.2041131,955.1545732041131,0.8220727932543491,0.5098018287259402
T_Q3,27,B,SPI3,619,-6.089184353813971e-05,62.87393478254302,0.0,0.700003967967273,3901276339.1709895,3901.2763391709896,0.8428149571281175,0.5030063685202973
T_Q3,27,B,SPI3,621,-2.59540165504176,0.0,-1.7550192337413875,0.7104096680726597,86776385.41831732,86.77638541831732,0.7086846692994627,0.5098018287259402
T_Q3,27,B,SPI3,623,-0.007979407965554186,0.0,-1.2038250493825937,0.7001987077993311,271744593.28201634,271.74459328201635,0.7323798342050023,0.5098018287259402
T_Q3,27,B,SPI3,624,0.0,610.7063416571905,-8.318885230060957e-08,0.7001700287544503,5931143608.4964075,5931.143608496407,0.8886398406091008,0.4436261429537127
T_Q3,27,B,SPI3,627,-0.0013707805511625928,0.0,-0.4895303717212877,0.7019798735869487,697612853.2264649,697.6128532264648,0.7902301917671756,0.5098018287259402
T_Q3,27,B,SPI3,628,0.0,564.6706271355478,-3.773400234428032e-08,0.7003616239742262,5840667721.397114,5840.667721397113,0.8856868395773293,0.44853595189810375
T_Q3,27,B,SPI3,634,0.0,915.0627330044921,0.0,0.70005218399016,6422539893.104308,6422.539893104308,0.9027644359056465,0.4084391788522432
T_Q3,27,B,SPI3,638,0.0,887.973387015115,0.0,0.7,6384611026.696483,6384.611026696482,0.9017326644608106,0.41146333653538264
T_Q3,27,B,SPI3,639,0.0,518.7914502100037,-1.3906605120907087e-08,0.7001151270280823,5746282453.590456,5746.282453590456,0.8834454050592379,0.4535524958195467
T_Q3,27,B,SPI3,642,-0.06534141835003887,32.366310926714924,0.0,0.7,3487481421.9726725,3487.4814219726723,0.8382609314405665,0.5069555626712207
T_Q3,27,B,SPI3,643,0.0,972.6938403136328,0.0,0.7,6501008441.902522,6501.0084419025225,0.9054328103319458,0.40075426050450064
T_Q3,27,B,SPI3,645,0.0,435.4505010782788,0.0,0.7000001232274702,5555872507.289805,5555.872507289805,0.8792471626285269,0.46234034226349324
T_Q3,27,B,SPI3,646,0.0,590.2737543670669,-3.765649689723099e-08,0.7003559034477262,5891207605.465051,5891.207605465051,0.887572490838581,0.44561852919201617
T_Q3,27,B,SPI3,647,0.0,171.82022408391333,0.0,0.7,4665822498.333125,4665.822498333125,0.8557298893514073,0.49226171416373143
T_Q3,27,B,SPI3,649,0.0,862.1150976646172,-8.82652614007422e-06,0.7000001209443071,6347340668.10011,6347.34066810011,0.9004874230618706,0.41434518091578604
T_Q3,27,B,SPI3,650,-0.08138632585098216,0.0,-0.5128341668048332,0.7103878467638357,661507992.9890689,661.5079929890688,0.7843241897036326,0.5098018287259402
T_Q3,27,B,SPI3,651,-0.11173449480125502,0.0,-1.120422500538881,0.7004184162734577,312774205.54624945,312.77420554624945,0.7367203899384497,0.5098018287259402
T_Q3,27,B,SPI3,653,0.0,1301.479736366654,0.0,0.7,6890254807.399636,6890.254807399636,0.9150745365923082,0.35222542427153386
T_Q3,27,B,SPI3,656,-0.038450694679751485,0.0,-0.41522565987787596,0.7095815969796211,741077322.9146501,741.07732291465,0.7961006155050346,0.5098018287259402
T_Q3,27,B,SPI3,657,-2.47119074351577,0.0,-1.030799940795686,0.7015057589731922,358572476.35953987,358.57247635953985,0.7427687053047284,0.5098018287259402
T_Q3,27,B,SPI3,659,-6.087303314096895e-05,1198.067057799487,0.0,0.7000041215382098,6776800517.328467,6776.800517328467,0.9131888853310562,0.3683068274806987
T_Q3,27,B,SPI3,660,-2.2268700766002915e-05,676.2313642729621,-1.720691979332434e-05,0.7000000369916225,6051216218.335242,6051.216218335242,0.892055359874764,0.4359412246059701
T_Q3,27,B,SPI3,661,-1.0218786446677846,0.0,-0.5029496808034245,0.7830000128420773,501486079.11117244,501.48607911117244,0.7616607962429289,0.5098018287259402
T_Q3,27,B,SPI3,663,-0.06880431081637672,0.0,-0.3983250050165429,0.7002194158689204,774522670.1888652,774.5226701888652,0.8005479062155337,0.5098018287259402
T_Q3,27,B,SPI3,664,0.0,51.24142521656807,-0.0051130766623044555,0.7000005605609073,3764149419.4117494,3764.1494194117495,0.8410716191696018,0.5043939232219732
T_Q3,27,B,SPI3,667,-2.1984393335753465e-06,835.5865912411537,-0.0005136563729745139,0.7,6307782688.582799,6307.782688582799,0.899242181662931,0.4175828085530294
T_Q3,27,B,SPI3,669,-0.0006864096190097261,1161.124195265619,0.0,0.7,6734508067.680812,6734.508067680812,0.9120503789091685,0.37499555270928947
T_Q3,27,B,SPI3,671,0.0,656.8512590746433,-9.464466669600596e-10,0.7000014889720553,6016847791.018817,6016.847791018817,0.8909168534528763,0.43846728572953364
T_Q3,27,B,SPI3,673,0.0,472.0074966021724,0.0,0.7000288126445274,5642614739.159978,5642.614739159978,0.8810972355640945,0.45892482299782966
T_Q3,27,B,SPI3,674,0.0,0.0,-1.2627437854068888,0.7000010256204293,245598102.28874418,245.59810228874417,0.7300316647098588,0.5098018287259402
T_Q3,27,B,SPI3,676,0.0,347.27504478764104,-2.8847579290513007e-09,0.7000024544535892,5320844986.17279,5320.8449861727895,0.8737681004731916,0.472729213363219
T_Q3,27,B,SPI3,678,-0.007004979436405656,0.0,-2.0628206872862087,0.8929795464796043,15353766.742563965,15.353766742563964,0.6986871597822606,0.5098018287259402
T_Q3,27,B,SPI3,681,-3.02524170351845,0.0,-0.5103097921063432,0.7357809899651633,605278352.2738742,605.2783522738741,0.7756074999110539,0.5098018287259402
T_Q3,27,B,SPI3,684,-1.4565816689878848,0.0,-0.501567651720658,0.7973096178577596,468654958.8222471,468.65495882224707,0.7566086739958017,0.5098018287259402
T_Q3,27,B,SPI3,686,-0.0006221496266567947,2070.0429529623852,-1.487629662255067e-05,0.7000050474405675,7568083992.953685,7568.083992953685,0.9245383712242504,0.2460241221048138
T_Q3,27,B,SPI3,689,0.0,1230.7571896963836,0.0,0.7,6813441323.404588,6813.441323404588,0.913686981890632,0.3635749101647277
T_Q3,27,B,SPI3,690,-0.6670008287624545,0.0,-0.5008321412603326,0.7523712808472374,572654787.6360073,572.6547876360073,0.771658305760131,0.5098018287259402
T_Q3,27,B,SPI3,692,-2.0134957412913086,0.0,-1.6212088945328451,0.7339465605411453,107178823.45481504,107.17882345481505,0.7105703205607143,0.5098018287259402
T_Q3,27,B,SPI3,693,-0.17426771852905554,85.93567870094034,0.0,0.7000986783295654,4119196502.3932586,4119.196502393259,0.8437044152702172,0.5021169103781976
T_Q3,27,B,SPI3,694,0.0,708.8506930283355,-0.0008747017158513073,0.700032165670052,6106657374.384486,6106.6573743844865,0.894190059415804,0.43199203045504686
T_Q3,27,B,SPI3,696,-0.09414395654915642,0.0,-1.3515878780444408,0.7017120345241569,206663723.8182975,206.6637238182975,0.7254776390223076,0.5098018287259402
T_Q3,27,B,SPI3,700,-1.427599740439506e-06,1317.0059224402285,-0.0011918690380198647,0.7005758584929882,6903909397.928035,6903.909397928035,0.9153235848720962,0.3493435798911303
T_Q3,27,B,SPI3,702,-0.11241911589352016,0.0,-0.6187893358617892,0.7394254723356836,535742036.3011459,535.742036301146,0.7662148219304799,0.5098018287259402
T_Q3,27,B,SPI3,703,0.0,2004.1954516190876,0.0,0.7000001535243717,7518442877.087822,7518.442877087822,0.9241825879674105,0.250008894581421
T_Q3,27,B,SPI3,705,-1.6424238257208894,0.0,-0.3928048830459221,0.7444843916183158,662164543.477243,662.164543477243,0.7847155512861564,0.5098018287259402
T_Q3,27,B,SPI3,706,0.0,1954.8081906886057,0.0,0.7,7480377828.77428,7480.37782877428,0.9237556480592026,0.2537090404525563
T_Q3,27,B,SPI3,707,-0.0013782832550459367,496.7314753405486,-6.62957394702079e-06,0.7000622538723168,5698438517.747089,5698.4385177470895,0.8823068986373501,0.4561852919201621
T_Q3,27,B,SPI3,708,-0.0021776929130288107,0.0,-1.909475427386731,0.8475323602350402,32935574.177429456,32.93557417742946,0.7010353292774043,0.5098018287259402
T_Q3,27,B,SPI3,709,-0.6683073333789116,0.0,-0.17075582315266757,0.7000115425385868,934166302.3041695,934.1663023041696,0.8198313587362581,0.5098018287259402
T_Q3,27,B,SPI3,710,-3.5161793672083568,0.0,-0.44748189789317117,0.833112781646853,410490078.5223037,410.4900785223037,0.7484612374141671,0.5098018287259402
T_Q3,27,B,SPI3,711,0.0,31.302265185804174,0.0,0.7,3468338985.872686,3468.338985872686,0.8384032447433023,0.5068488276941687
T_Q3,27,B,SPI3,712,-0.7438394875275648,0.0,-0.3090759704461754,0.700067132290321,840922974.6162834,840.9229746162835,0.808375137866012,0.5098018287259402
T_Q3,27,B,SPI3,720,-3.234537483551421e-05,454.00119371753914,0.0,0.7000000004951488,5600571459.794629,5600.571459794629,0.8799943074678908,0.46034795602518946
T_Q3,27,B,SPI3,721,0.0,1267.616165981459,0.0,0.7,6853873845.8718195,6853.87384587182,0.914540861707048,0.35756217312413274
T_Q3,27,B,SPI3,730,-3.5695991272798415e-07,610.39186237282,0.0,0.7000003768795446,5931180393.195527,5931.180393195527,0.8886754189347847,0.4436261429537127
T_Q3,27,B,SPI3,732,-2.4163424797058754e-05,1066.9971836424259,0.0,0.7002508205581404,6620839506.961702,6620.839506961703,0.9092396911801331,0.38865762977194296
T_Q3,27,B,SPI3,733,-1.9358110013099001,0.0,-0.35347776935250147,0.7000501103033787,804611617.3045764,804.6116173045764,0.8043547870637207,0.5098018287259402
T_Q3,27,B,SPI3,734,-6.340002755255737e-05,544.2307054971678,0.0,0.7000945808772402,5799911978.467851,5799.9119784678505,0.8846194898068098,0.45095527804461527
T_Q3,27,B,SPI3,735,-0.6473063389764849,0.0,-0.38368811583713464,0.7011587242444506,781571507.3343569,781.5715073343569,0.8014373643576334,0.5098018287259402
T_Q3,27,B,SPI3,737,0.0,863.0359588286333,0.0,0.7000342056584106,6348559758.568889,6348.559758568888,0.9005585797132385,0.4142740242644181
T_Q3,27,B,SPI3,741,-1.8913172894022555e-06,160.45208112475638,0.0,0.7006403911796653,4605542280.782494,4605.542280782493,0.8540221297185754,0.4935781122140393
T_Q3,27,B,SPI3,743,-0.6433084155576055,0.0,-0.2749504908839061,0.7011300846402624,861452104.2173625,861.4521042173625,0.8102607891272638,0.5098018287259402
T_Q3,27,B,SPI3,744,-7.875794440881015e-05,946.5253155480633,-0.0002833145153820351,0.7000002267415946,6465497010.714391,6465.497010714391,0.904365460561426,0.404240936421532
T_Q3,27,B,SPI3,746,-2.1553366764433604e-05,112.66324665201572,0.0,0.7000086768733967,4322496850.251714,4322.496850251714,0.8484719109118726,0.49816771622727424
T_Q3,27,B,SPI3,751,0.0,313.7308100929079,-2.7563998638756936e-06,0.7000006621193187,5219330737.534209,5219.330737534209,0.8710997260468923,0.47674956416551034
T_Q3,27,B,SPI3,753,-2.940317786710133e-10,1503.7940332365351,0.0,0.7000260501645862,7093246062.463174,7093.246062463174,0.9185612125093395,0.3172163517984843
T_Q3,27,B,SPI3,754,-0.0004467837286007382,93.64971874563284,0.0,0.7000640268357071,4182472131.906933,4182.472131906933,0.8461593197424131,0.5003379940939982
T_Q3,27,B,SPI3,761,0.0,1896.7409752806834,0.0,0.7000628702523309,7434440964.778639,7434.440964778639,0.9232931298253104,0.25865442772263136
T_Q3,27,B,SPI3,762,-2.111391490022814e-08,916.3262898771346,-0.0008883808768264647,0.7000002553279798,6423876028.734888,6423.876028734888,0.9029067492083823,0.40819013057245507
T_Q3,27,B,SPI3,763,-0.011705329755590656,0.0,-0.09309158636183501,0.7105280365568,954121505.7750802,954.1215057750802,0.8219304799516133,0.5098018287259402
T_Q3,27,B,SPI3,765,-4.615904178256492e-05,473.8888720225286,0.0,0.7000009092047743,5647041833.128575,5647.0418331285755,0.8812751271925143,0.4587113530437258
T_Q3,27,B,SPI3,766,-2.4744400518188345,0.0,-1.1218074845821897,0.7025961948113455,309743688.02736706,309.74368802736706,0.7359732450990859,0.5098018287259402
T_Q3,27,B,SPI3,768,-1.2080440599357384e-08,520.7674048512703,-1.0501845563498437e-07,0.7000000070254716,5750946944.724312,5750.946944724312,0.8837300316647098,0.4531967125627067
T_Q3,27,B,SPI3,769,-2.8987963350496667e-06,1747.4118433911037,0.0,0.7005193422099667,7310137855.661897,7310.1378556618965,0.9215853701924789,0.27740420535809585
T_Q3,27,B,SPI3,770,-2.5112165892096954e-05,1790.5038347476616,0.0,0.700005603111408,7348210666.901918,7348.210666901919,0.9221902017291067,0.271533781620237
T_Q3,27,B,SPI3,772,-0.06605618234741199,0.0,-1.2053564102811207,0.7006860030923756,270083349.1328372,270.08334913283716,0.7322019425765823,0.5098018287259402
T_Q3,27,B,SPI3,774,-2.2937698295967057,0.0,-0.42028279060036877,0.7016258771391373,759039772.5002173,759.0397725002173,0.798306471697442,0.5098018287259402
T_Q3,27,B,SPI3,778,-0.014315991643883752,0.0,-0.40754500570032726,0.8036713537858082,503951185.4679437,503.95118546794373,0.7616963745686127,0.5098018287259402
T_Q3,27,B,SPI3,779,-1.7732891452527796e-06,591.3488574491491,0.0,0.7000003495076655,5894596494.926727,5894.596494926727,0.887679225815633,0.4455829508663322
T_Q3,27,B,SPI3,780,0.0,657.8320810431794,0.0,0.7,6018609124.178935,6018.609124178935,0.8909880101042444,0.4382893941011136
T_Q3,27,B,SPI3,781,-2.081239191608483,0.0,-1.6212088945328451,0.7002948303779852,120718319.72694701,120.71831972694702,0.7133098516383819,0.5098018287259402
T_Q3,27,B,SPI3,783,-1.4440919506190424,0.0,-1.0764602372665752,0.7000664952185308,336215839.2843739,336.2158392843739,0.739744547621589,0.5098018287259402
T_Q3,27,B,SPI3,784,-1.30939688016941e-06,815.3828071176009,-0.0008315069142915129,0.7000050612538556,6277297079.431483,6277.297079431483,0.898530615149251,0.420073291350909
T_Q3,27,B,SPI3,785,0.0,1423.019268707601,-0.0009233226221568154,0.7,7014357432.323479,7014.357432323479,0.9171380794819797,0.33070053723271786
T_Q3,27,B,SPI3,786,0.0,78.03383035961656,-6.709131789061831e-06,0.7000596453486598,4050347181.3562565,4050.3471813562564,0.8445227167609495,0.5017611271213577
T_Q3,27,B,SPI3,789,0.0,757.1954028278088,-1.5976805288279265e-08,0.7000135087036711,6187031649.631384,6187.0316496313835,0.8959689757000034,0.4265485466253959
T_Q3,27,B,SPI3,791,-1.322503326309087e-08,1198.2322117991598,-0.0031895749531149513,0.7000319994862303,6775472117.518867,6775.472117518867,0.9131177286796883,0.3683068274806987
T_Q3,27,B,SPI6,0,-0.08190427293292694,0.0,-0.4320825783567378,0.7,772705380.0050327,772.7053800050327,0.8042124737609848,0.5098018287259402
T_Q3,27,B,SPI6,3,-0.14779649153621785,0.0,-0.885543767268526,0.7782622633033432,350801701.05503315,350.80170105503316,0.74447646493756,0.5098018287259402
T_Q3,27,B,SPI6,4,0.0,0.0,-0.6497342045858165,0.7129418251323532,595480935.4448047,595.4809354448047,0.7804461522040774,0.5098018287259402
T_Q3,27,B,SPI6,5,-0.0005479731633970045,428.95317700568336,0.0,0.7000005788866285,5575862587.242087,5575.862587242087,0.8906322268474047,0.45974312448856164
T_Q3,27,B,SPI6,6,-0.3595289710214076,0.0,-0.04261015449935135,0.7287479600155808,955456408.1984301,955.45640819843,0.824990215960437,0.5098018287259402
T_Q3,27,B,SPI6,8,0.0,2038.9041899323215,-0.011039481527108683,0.7000614254328992,7571948156.722837,7571.948156722838,0.9380937133098516,0.23357170811541603
T_Q3,27,B,SPI6,9,-1.4438817907074981,0.0,-0.7499707991041917,0.733032464431931,498571486.81052107,498.5714868105211,0.7661436652791122,0.5098018287259402
T_Q3,27,B,SPI6,14,-0.6615278200111536,0.0,-0.5929255924628622,0.700184983825294,659920708.5935372,659.9207085935373,0.7908706016294874,0.5098018287259402
T_Q3,27,B,SPI6,15,0.0,37.71335271686223,0.0,0.700000255088687,3612683691.8158517,3612.6836918158515,0.8468353079304087,0.505283381364073
T_Q3,27,B,SPI6,19,0.0,298.12939096521774,0.0,0.7,5205221456.842626,5205.221456842625,0.8798519941651546,0.4761803109545665
T_Q3,27,B,SPI6,22,-0.0006542372430312558,53.55806906233636,-0.002458059217013162,0.7,3829274799.2465506,3829.2747992465506,0.8492190557512364,0.5034333084285054
T_Q3,27,B,SPI6,23,0.0,960.1418076048735,0.0,0.7,6520946120.867243,6520.946120867243,0.9203401287935391,0.3971252712847332
T_Q3,27,B,SPI6,24,0.0,1859.6184968388682,0.0,0.7002201057979729,7441171973.044159,7441.171973044159,0.9373465684704881,0.24819439997153728
T_Q3,27,B,SPI6,26,0.0,1468.943382788697,0.0,0.7000000020140396,7096968578.180504,7096.968578180504,0.9327925427829368,0.3121998078770413
T_Q3,27,B,SPI6,28,0.0,1607.5226046702978,0.0,0.7000014495914506,7226692186.556187,7226.692186556186,0.9347137723698723,0.2853737503113104
T_Q3,27,B,SPI6,29,-0.11561394582674045,0.0,-1.628476021494838,0.7001746143768033,133955362.50519682,133.95536250519683,0.7167253709040452,0.5098018287259402
T_Q3,27,B,SPI6,31,-9.921351360439969e-06,66.9499159987185,0.0,0.7000108420948267,3979481391.2482758,3979.481391248276,0.8515672252463801,0.5020101754011457
T_Q3,27,B,SPI6,33,0.0,739.6783126444977,0.0,0.7,6194826981.693681,6194.826981693681,0.9105916675561249,0.42501867862098414
T_Q3,27,B,SPI6,34,-2.9683782195411923e-07,1119.7766295252993,0.0,0.7000045670801363,6722655645.778202,6722.655645778202,0.9260682392286621,0.3745330344753976
T_Q3,27,B,SPI6,35,-1.3652071127121355,0.0,-1.9222572347899565,0.706579582182909,65375904.924978204,65.3759049249782,0.7059095598961115,0.5098018287259402
T_Q3,27,B,SPI6,36,-0.8054309818399008,0.0,-1.8336303099822047,0.8728789893847143,35330985.0891096,35.330985089109596,0.7011420642544564,0.5098018287259402
T_Q3,27,B,SPI6,38,-0.0005321785015578054,851.8428751116728,0.0,0.7000076598141874,6368763769.666298,6368.763769666298,0.915643789803252,0.4118191197922226
T_Q3,27,B,SPI6,39,-4.985005845098867e-07,98.59781919615519,0.0,0.7000108420948267,4256668125.820185,4256.668125820185,0.855872202654143,0.49909275269505815
T_Q3,27,B,SPI6,40,-1.3964072998001809,0.0,-1.4466492873454913,0.7009700266270484,197738815.16822362,197.73881516822362,0.7241256626463157,0.5098018287259402
T_Q3,27,B,SPI6,44,0.0,1157.8074948051376,0.0,0.7,6767492312.585997,6767.492312585997,0.9271000106734978,0.3684135624577508
T_Q3,27,B,SPI6,45,0.0,990.7890544213171,-0.003033062785537999,0.7000074392663085,6559349467.750567,6559.349467750568,0.9215497918667948,0.3928202938769702
T_Q3,27,B,SPI6,56,-0.08665085005109197,0.0,-0.9056485302874052,0.7990887127322479,310248955.4875651,310.2489554875651,0.7396378126445371,0.5098018287259402
T_Q3,27,B,SPI6,60,-1.3946011914956995,430.08704773311376,-0.0014007423035668836,0.700001491571613,5573436081.109545,5573.436081109545,0.8527057316682678,0.5017611271213577
T_Q3,27,B,SPI6,62,-5.701089381076137e-08,767.915954124682,-6.444657306046415e-07,0.7002657204320818,6239516656.094672,6239.516656094672,0.9118369089550646,0.42146084605258477
T_Q3,27,B,SPI6,63,-1.2100694877552765e-05,81.54359752371069,0.0,0.7000000455247426,4117546825.286015,4117.546825286015,0.8534884548333155,0.5005158857224179
T_Q3,27,B,SPI6,67,0.0,1042.5740212475048,0.0,0.7,6628092853.665229,6628.092853665229,0.9235421781050985,0.38606041199701147
T_Q3,27,B,SPI6,68,-0.0006163472120499239,169.1281257770294,0.0,0.700160620564043,4687590650.359291,4687.590650359291,0.8647667840751411,0.49137225602163165
T_Q3,27,B,SPI6,70,0.0,118.02732028415721,0.0,0.7000071268454243,4394413026.417902,4394.413026417902,0.8583271071263389,0.4969580531540186
T_Q3,27,B,SPI6,71,-0.008135723168796183,0.0,-0.9681035703601694,0.766466371893591,334641194.4888551,334.64119448885515,0.7428398619560964,0.5098018287259402
T_Q3,27,B,SPI6,72,-2.8567570169328063,0.0,-0.05729577928661622,0.7478225411393384,879071940.5120577,879.0719405120576,0.8156686946312308,0.5098018287259402
T_Q3,27,B,SPI6,73,-1.2452104473314432e-07,1651.4176744359597,-0.0026973985113647805,0.7000307121268088,7263697640.2065115,7263.697640206511,0.935389760557868,0.27765325363788385
T_Q3,27,B,SPI6,75,0.0,370.83316846757475,-2.543635820440945e-07,0.7000000520822083,5423683857.734198,5423.683857734198,0.8863272494396414,0.4667876329739922
T_Q3,27,B,SPI6,77,-0.0005821427385620348,353.2166260868013,-2.9323482233152977e-05,0.7001201209414575,5373553314.075868,5373.553314075868,0.8847973814352298,0.4691358024691358
T_Q3,27,B,SPI6,79,0.0,152.79637911428915,0.0,0.7000121182502486,4602644985.051037,4602.644985051037,0.8623474579286297,0.49350695556267127
T_Q3,27,B,SPI6,82,-2.0969462458588195e-07,1264.3868738636609,0.0,0.7000000448081858,6887224188.478304,6887.224188478304,0.9295549151456932,0.34991283310207427
T_Q3,27,B,SPI6,85,0.0,1696.8189505307655,0.0,0.7002140289390191,7304868681.597984,7304.8686815979845,0.936065748745864,0.2703596968726651
T_Q3,27,B,SPI6,86,-0.0004916937348561139,1197.3028742670633,0.0,0.7000097366794092,6812753016.304915,6812.753016304915,0.9279538904899135,0.362009463834632
T_Q3,27,B,SPI6,88,-0.00044222445257530857,0.0,-0.8872693808816556,0.7000026308579455,474248796.15116173,474.24879615116174,0.7647561105774362,0.5098018287259402
T_Q3,27,B,SPI6,89,-1.252706544001993e-07,1970.7462473111723,-0.0010314797405978487,0.7002653862953074,7527774374.802132,7527.774374802131,0.9378802433557477,0.2381968904543352
T_Q3,27,B,SPI6,90,-0.30856877160340357,0.0,-0.9053788354520576,0.7454490884612475,393043843.04035795,393.04384304035796,0.7520546483082505,0.5098018287259402
T_Q3,27,B,SPI6,94,0.0,137.91738975630585,0.0,0.7002136898999783,4517737996.44641,4517.73799644641,0.8608175899242182,0.4954281851496069
T_Q3,27,B,SPI6,95,-1.0025805033918322,0.0,-1.0329912615075414,0.7966949159691077,269191248.2957952,269.1912482957952,0.7334116056498382,0.5098018287259402
T_Q3,27,B,SPI6,99,0.0,387.39398172426917,0.0,0.7003865588202257,5467375911.931544,5467.375911931545,0.8875369125128969,0.46490198171274055
T_Q3,27,B,SPI6,100,-6.34081872657867e-09,510.9442178920919,0.0,0.7,5765888710.194386,5765.888710194386,0.8966093855623153,0.45120432632440316
T_Q3,27,B,SPI6,102,0.0,689.6016610251056,-0.0028490633562862763,0.7002585149347698,6107535139.200386,6107.535139200386,0.9075675098729853,0.430995837335895
T_Q3,27,B,SPI6,103,-1.5044618149569555e-10,188.07727891431125,0.0,0.7000167008024275,4779736886.464952,4779.7368864649525,0.8668303269648132,0.489024086526488
T_Q3,27,B,SPI6,105,-0.0007569315801872637,206.32043821599476,0.0,0.7000003303917844,4861594307.94784,4861.594307947839,0.8689294481801687,0.4869249653111324
T_Q3,27,B,SPI6,107,-0.08208820121779337,0.0,-0.38659557490206514,0.7000055469977525,806487394.6941798,806.4873946941798,0.8074145230725442,0.5098018287259402
T_Q3,27,B,SPI6,108,0.0,662.2580003736202,-0.0011113895287178685,0.700009822417391,6061478849.185055,6061.478849185055,0.9059664852172057,0.43416230832177044
T_Q3,27,B,SPI6,109,-6.317722382523296e-05,7.367520566857593,0.0,0.7000000297498998,2804316345.177579,2804.316345177579,0.8427793788024334,0.5090191055608924
T_Q3,27,B,SPI6,110,-1.3639971634904502,0.0,-0.7499707991041917,0.701004231089832,558369240.163314,558.369240163314,0.7759988614935783,0.5098018287259402
T_Q3,27,B,SPI6,111,-3.475645490799948,0.0,-0.02616645498704606,0.742379674124403,916128486.2099042,916.1284862099042,0.8194044188280499,0.5098018287259402
T_Q3,27,B,SPI6,113,0.0,1425.7627911683198,0.0,0.700000063459121,7054570171.132039,7054.570171132039,0.9321165545949407,0.3202405094816238
T_Q3,27,B,SPI6,114,-8.00839992671407e-09,483.6522050964351,0.0,0.7000147750646527,5705306107.348601,5705.3061073486015,0.894652577649696,0.4547265805671185
T_Q3,27,B,SPI6,115,-0.6253435740470852,0.0,-1.2308716611282697,0.7444067215376469,244157714.33971927,244.15771433971926,0.7290710499163909,0.5098018287259402
T_Q3,27,B,SPI6,116,-2.2757185895862766,0.0,-0.10516693317967801,0.7467547032163542,853432397.5560205,853.4323975560205,0.8130003202049311,0.5098018287259402
T_Q3,27,B,SPI6,118,-1.3858573966978285,420.51001130209966,-0.0019111986448048235,0.7,5549376147.661675,5549.3761476616755,0.8525989966912156,0.5021169103781977
T_Q3,27,B,SPI6,119,-0.00026069484712053573,1123.875734355805,0.0,0.7001789878920925,6726977718.535944,6726.977718535944,0.926174974205714,0.37385704628740163
T_Q3,27,B,SPI6,120,0.0,1344.4835106925545,-8.29893708985414e-06,0.7000048143612262,6972146481.142824,6972.146481142824,0.9308713131960011,0.33600170775963284
T_Q3,27,B,SPI6,121,-1.666804341887745,0.0,-1.74560422118418,0.7889551463537567,72884165.77810715,72.88416577810715,0.707652897854627,0.5098018287259402
T_Q3,27,B,SPI6,123,-1.5758348189599236,0.0,-0.9539927436907661,0.7406059087092929,379176441.5746587,379.17644157465867,0.7502757320240511,0.5098018287259402
T_Q3,27,B,SPI6,125,-0.0005755002774961192,2028.0893885232394,-8.106087508972486e-05,0.7000048937590196,7573586310.1371765,7573.586310137177,0.9383783399153237,0.2350659977941438
T_Q3,27,B,SPI6,130,-1.5602458776221706,0.0,-0.0741968716647958,0.7206280763499281,961198556.0425688,961.1985560425688,0.8274451204326325,0.5098018287259402
T_Q3,27,B,SPI6,131,-1.464689847347462,0.0,-0.08224773834207816,0.7042427546106445,1011628155.2947359,1011.628155294736,0.8341694239869073,0.5098018287259402
T_Q3,27,B,SPI6,133,-0.7239766452217755,0.0,-0.06911844758913727,0.739831692253569,897290759.4505183,897.2907594505183,0.818372647383214,0.5098018287259402
T_Q3,27,B,SPI6,135,0.0,537.9938172439249,-0.0002907587657537407,0.700011267567455,5823107677.431085,5823.107677431085,0.8982104102180953,0.4483580602696837
T_Q3,27,B,SPI6,136,0.0,1299.9088127506757,0.0,0.7,6925381267.164052,6925.381267164052,0.9301953250080052,0.34382893941011144
T_Q3,27,B,SPI6,138,0.0,0.0,-0.007467523759746186,0.7007033718748116,1076580256.9577863,1076.5802569577863,0.840644679261394,0.5098018287259402
T_Q3,27,B,SPI6,139,0.0,0.0,-0.5977662642772309,0.7029409745869456,650866791.4451541,650.866791445154,0.7894474686021277,0.5098018287259402
T_Q3,27,B,SPI6,140,0.0,660.7055278948192,-5.494784982193978e-07,0.7000000001670691,6059891075.345631,6059.89107534563,0.9058953285658378,0.4344113566015583
T_Q3,27,B,SPI6,141,0.0,1809.2287020698877,-0.00777717923919106,0.7000320479746527,7393310208.541907,7393.310208541908,0.936492688654072,0.2542782936635002
T_Q3,27,B,SPI6,142,-1.563120648604532e-07,905.2574699983229,-4.52421297168136e-11,0.7000223494785395,6445503499.1739435,6445.503499173944,0.9179563809727118,0.404632298004056
T_Q3,27,B,SPI6,143,0.0,681.6671162890633,-0.00034531046554062443,0.7000043962194913,6096463185.36649,6096.4631853664905,0.9072117266161454,0.4317429821752589
T_Q3,27,B,SPI6,145,0.0,937.7431504725926,0.0,0.7009866750509327,6486974867.130286,6486.974867130286,0.9194862489771232,0.40000711566513686
T_Q3,27,B,SPI6,148,0.0,185.94326359655253,-0.0008476229767216993,0.7000000128186273,4768963711.48206,4768.963711482061,0.8664389653822889,0.489415448109012
T_Q3,27,B,SPI6,149,-1.6207650556880253,0.0,-0.9011849399475582,0.7196248610608368,435155361.74169934,435.1553617416993,0.7589568434909452,0.5098018287259402
T_Q3,27,B,SPI6,150,-7.283093643142315e-05,0.0,-0.4319716687718295,0.7001276866068756,772694243.6117806,772.6942436117806,0.8041413171096168,0.5098018287259402
T_Q3,27,B,SPI6,157,0.0,206.6919909118215,-1.6085886029209122e-10,0.7000100759770094,4863169023.594415,4863.169023594414,0.8690006048315367,0.4867114953570284
T_Q3,27,B,SPI6,159,-1.5560468432744634,0.0,-0.9156021272572722,0.7405910909375766,396176831.31238586,396.17683131238584,0.7525527448678268,0.5098018287259402
T_Q3,27,B,SPI6,160,-1.512756097537102,0.0,-0.3862914343138699,0.7001276866068756,806508432.3291202,806.5084323291202,0.8074501013982284,0.5098018287259402
T_Q3,27,B,SPI6,167,-0.6449909474242382,0.0,-1.276413869085654,0.7000000132664467,265858986.02819178,265.8589860281918,0.7323798342050024,0.5098018287259402
T_Q3,27,B,SPI6,168,-4.7417189988234465e-05,0.0,-0.793406303150951,0.8149784194469524,328827978.69737816,328.82797869737817,0.7413811506030524,0.5098018287259402
T_Q3,27,B,SPI6,169,-0.0010461742902679616,640.5222999045883,-3.5958159669688075e-07,0.7000120984300945,6023300821.573218,6023.300821573218,0.9046145088412141,0.4368662610737538
T_Q3,27,B,SPI6,170,-2.57995196983301e-05,766.1518759099378,0.0,0.7000203921935796,6237581653.051765,6237.581653051765,0.9118013306293805,0.42170989433237266
T_Q3,27,B,SPI6,175,-1.7338178025031778e-05,52.0679393626675,-8.819733682029431e-08,0.700113604174424,3812270353.1580667,3812.270353158067,0.8490767424485003,0.5036112000569253
T_Q3,27,B,SPI6,178,-1.5560468432744634,0.0,-1.9907372803405714,0.7405910909375766,49212792.6864741,49.2127926864741,0.7035613904009679,0.5098018287259402
T_Q3,27,B,SPI6,179,-1.5758348189599236,0.0,-1.6464347461346618,0.7406059087092929,111309009.07569276,111.30900907569276,0.7133098516383822,0.5098018287259402
T_Q3,27,B,SPI6,181,-0.001053179848044965,1609.886608051011,-0.0003515694916400632,0.7000653332358918,7227898599.215639,7227.8985992156395,0.9346781940441885,0.28590742519657025
T_Q3,27,B,SPI6,183,-1.526241291402939e-07,1012.9948623279013,-3.5958159669688075e-07,0.7000365019387552,6590349411.810102,6590.3494118101025,0.9224392500088946,0.38976055786814673
T_Q3,27,B,SPI6,184,0.0,432.8384715721803,-0.0028066415448954113,0.7000016423061731,5583267883.660815,5583.267883660816,0.8908101184758246,0.4591738712776176
T_Q3,27,B,SPI6,185,0.0,739.3130752914026,-0.00032524514078709026,0.7000002873346185,6193894721.388044,6193.894721388045,0.9105560892304408,0.42516099192372014
T_Q3,27,B,SPI6,187,0.0,226.71634431090538,0.0,0.7003766193388287,4945380710.352614,4945.380710352614,0.871419930978048,0.4845412174903049
T_Q3,27,B,SPI6,189,-0.0004391971330461421,136.15622617233765,-0.000334527873370084,0.7000383414082281,4507594102.891471,4507.594102891471,0.8606396982957982,0.49564165510371083
T_Q3,27,B,SPI6,191,-6.203200091459855e-09,99.37014797868812,-5.072444079963023e-06,0.7000210143025443,4262484073.973261,4262.484073973261,0.855907780979827,0.4990571743693742
T_Q3,27,B,SPI6,192,0.0,484.0319252772219,-0.00032828019558853633,0.7000043034812178,5705839777.120306,5705.839777120306,0.8947237343010639,0.4547265805671185
T_Q3,27,B,SPI6,194,-0.22963704975620358,0.0,-0.6445224035169281,0.7031370441843997,619442227.7890652,619.4422277890652,0.7847867079375246,0.5098018287259402
T_Q3,27,B,SPI6,195,-1.2516229434990378,0.0,-1.531287040917968,0.7011854603726361,167828529.60758713,167.82852960758714,0.7209591916604402,0.5098018287259402
T_Q3,27,B,SPI6,197,0.0,711.8684179632269,0.0,0.7,6148639270.6334915,6148.639270633492,0.9094531611342369,0.42797167965275534
T_Q3,27,B,SPI6,198,-7.259799782397331e-11,1051.885165643831,-2.953018479477839e-07,0.7001023539308291,6639369541.883292,6639.369541883292,0.9236844914078342,0.38474401394670366
T_Q3,27,B,SPI6,199,-0.0030003469401558964,320.87402745148825,-3.939652298514451e-09,0.7003077365929807,5276469246.987377,5276.469246987377,0.8820222720318781,0.4736186715053189
T_Q3,27,B,SPI6,200,-1.2778846421140065e-06,20.166221203731993,-0.0009025078019915629,0.7000153590253545,3264535951.9590664,3264.5359519590666,0.8443448251325293,0.5074536592307967
T_Q3,27,B,SPI6,201,-2.750506761094709e-08,562.4611015665951,-1.1965548915800981e-05,0.7000313800213248,5873537151.414269,5873.53715141427,0.8997402782225069,0.44526274593517634
T_Q3,27,B,SPI6,203,0.0,6.75790592512644,-8.089807485448e-08,0.7000006146850086,2769633396.288236,2769.6333962882363,0.8427082221510653,0.5090546838865764
T_Q3,27,B,SPI6,204,-0.1621012648715593,0.0,-0.6088884481417463,0.7071165860832137,632710388.0113921,632.7103880113921,0.7867435158501441,0.5098018287259402
T_Q3,27,B,SPI6,205,-1.6101431231067678,0.0,-1.6136556955509447,0.7031370441843997,137239985.05252886,137.23998505252885,0.7172234674636213,0.5098018287259402
T_Q3,27,B,SPI6,206,-1.5571137207274002,0.0,-0.1390823682704021,0.7010841129353106,985295681.0673219,985.2956810673219,0.8306471697441921,0.5098018287259402
T_Q3,27,B,SPI6,209,-3.5546939864191534,0.0,-0.9433350653268731,0.7896568508778758,310967568.70360607,310.96756870360605,0.7398512825986409,0.5098018287259402
T_Q3,27,B,SPI6,213,-3.6085387126125743e-07,1196.1581042882362,-2.5609238078953816e-06,0.7000112329365702,6811461680.505799,6811.461680505799,0.9279183121642295,0.36190272885758
T_Q3,27,B,SPI6,214,-1.512756097537102,0.0,-0.35505778752524175,0.7001305517891023,829245755.5589086,829.2457555589086,0.8109011989895755,0.5098018287259402
T_Q3,27,B,SPI6,217,-7.073369063098305e-10,1749.4099917814895,-0.0013862412381661772,0.7000355645217693,7349579255.66392,7349.579255663921,0.9364215320027038,0.2623189952680827
T_Q3,27,B,SPI6,218,-0.00012445897475198532,0.0,-0.678150450876787,0.7147960022926131,572281250.3145114,572.2812503145115,0.7769950546127298,0.5098018287259402
T_Q3,27,B,SPI6,219,0.0,387.4550925627618,-1.9913939379510008e-07,0.7000037136369874,5468936624.1468525,5468.936624146852,0.8876080691642649,0.46490198171274055
T_Q3,27,B,SPI6,222,-2.5053007208385207e-06,1915.279956691128,-0.004384699651332181,0.700000424900579,7483092431.796483,7483.092431796483,0.9376667734016436,0.24253744618778234
T_Q3,27,B,SPI6,224,-0.027016128901222403,0.0,-0.10749826352813507,0.7405910909375766,873204594.2947853,873.2045942947852,0.8156331163055467,0.5098018287259402
T_Q3,27,B,SPI6,227,-3.5509042278775137e-07,242.84175187638834,-0.0019374326312107206,0.7000281291269814,5008559001.638328,5008.559001638328,0.8734834738677201,0.48247767460063334
T_Q3,27,B,SPI6,229,0.0,820.3444129303906,0.0,0.7,6321800182.709919,6321.800182709919,0.9143273917529441,0.41527021738357006
T_Q3,27,B,SPI6,230,-3.8279908736767227,0.0,-0.30571604713464984,0.7007155719587281,858308305.7896173,858.3083057896173,0.8143522965809227,0.5098018287259402
T_Q3,27,B,SPI6,233,0.0,1429.634385539613,0.0,0.7,7058402869.325354,7058.402869325354,0.9321521329206248,0.31945778631657584
T_Q3,27,B,SPI6,234,0.0,960.8319603565908,0.0,0.7,6521871765.482875,6521.871765482875,0.920411285444907,0.39687622300494535
T_Q3,27,B,SPI6,236,0.0,467.8144357477881,0.0,0.7,5669055622.308638,5669.055622308638,0.8933006012737041,0.4560429786174263
T_Q3,27,B,SPI6,237,0.0,313.8453707878266,0.0,0.7,5255680599.754784,5255.6805997547835,0.8815241754723024,0.4743302380189989
T_Q3,27,B,SPI6,239,-1.4021565984210338,0.0,-1.0466493332435916,0.7875890510251017,276909164.880228,276.909164880228,0.7342299071405699,0.5098018287259402
T_Q3,27,B,SPI6,243,-0.05747913410882932,0.0,-1.701436491848219,0.8546800372044657,56532096.08672994,56.532096086729936,0.7043796918916996,0.5098018287259402
T_Q3,27,B,SPI6,244,0.0,1800.6416934874114,0.0,0.7,7393762680.2976265,7393.7626802976265,0.9368484719109119,0.2556302700394919
T_Q3,27,B,SPI6,245,0.0,1195.1338538595369,0.0,0.7,6810340822.210392,6810.340822210392,0.9278827338385454,0.3620806204859999
T_Q3,27,B,SPI6,246,0.0,84.19901480656569,0.0,0.7,4140592545.8153386,4140.592545815339,0.8536663464617354,0.5003024157683139
T_Q3,27,B,SPI6,250,-0.5470617331843257,0.0,-1.64877174410088,0.7362248041998426,112862040.09083173,112.86204009083173,0.713701213220906,0.5098018287259402
T_Q3,27,B,SPI6,251,0.0,639.9670796495411,0.0,0.7,6022439652.184271,6022.439652184271,0.9047212438182661,0.43668836944533385
T_Q3,27,B,SPI6,252,-1.0914342460641797,0.0,-0.5901931023272871,0.7337356358780633,587629602.9419976,587.6296029419976,0.7791653324794535,0.5098018287259402
T_Q3,27,B,SPI6,253,-0.0025194547432427616,0.0,-0.07424269282657253,0.7065260874036909,1009710646.011272,1009.7106460112719,0.8338136407300673,0.5098018287259402
T_Q3,27,B,SPI6,255,0.0,1968.6904031232648,0.0,0.7,7528184366.526863,7528.184366526863,0.9379514000071156,0.23837478208275517
T_Q3,27,B,SPI6,258,0.0,208.0379555938675,0.0,0.7001242804247191,4868556653.023846,4868.556653023846,0.8691073398085886,0.4864980254029245
T_Q3,27,B,SPI6,259,0.0,350.88271060005513,0.0,0.7,5367295867.06263,5367.295867062629,0.8846550681324936,0.4693848507489239
T_Q3,27,B,SPI6,264,0.0,239.57734738172394,0.0,0.7,4997497485.244453,4997.497485244454,0.8731988472622478,0.4829757711602093
T_Q3,27,B,SPI6,265,-1.2362669216463182,0.0,-0.37082464353004774,0.7032052474212607,808208629.1128039,808.2086291128039,0.807877041306436,0.5098018287259402
T_Q3,27,B,SPI6,267,-4.6072034510389475e-05,1263.337975695833,0.0,0.7,6886084132.877263,6886.084132877263,0.9294837584943253,0.35001956807912615
T_Q3,27,B,SPI6,268,-1.0379169178077405,0.0,-0.569870455255489,0.7,677606021.5490266,677.6060215490267,0.7935389760557866,0.5098018287259402
T_Q3,27,B,SPI6,269,0.0,849.1041748548115,0.0,0.7,6364774727.40751,6364.77472740751,0.9155014765005158,0.41174796314085454
T_Q3,27,B,SPI6,270,0.0,1230.502694325712,0.0,0.7000024756129417,6849966592.044609,6849.966592044609,0.9287721919806455,0.3560678834454051
T_Q3,27,B,SPI6,271,-0.0005184225718663825,67.72161555364855,0.0,0.7,3987365369.8318,3987.3653698318,0.851638381897748,0.5018678620984096
T_Q3,27,B,SPI6,272,0.0,7.1680229579451975,0.0,0.7000016992838771,2793210496.7604513,2793.2104967604514,0.8427438004767493,0.5090191055608924
T_Q3,27,B,SPI6,273,0.0,934.4867296267078,0.0,0.7001222792596793,6485652945.557115,6485.652945557114,0.919415092325755,0.40061194720176474
T_Q3,27,B,SPI6,274,-3.8032084748506954,0.0,-0.7365892962556541,0.7179705058177708,534301405.2182023,534.3014052182023,0.7712313658519229,0.5098018287259402
T_Q3,27,B,SPI6,275,0.0,258.37077008839356,-0.0019745679382573433,0.7,5066684137.81611,5066.68413781611,0.8749777635464475,0.4807343366421176
T_Q3,27,B,SPI6,277,-0.4796847825453877,75.55996708239059,0.0,0.7000006818408387,4063160022.6953645,4063.1600226953647,0.8484719109118726,0.5040025616394492
T_Q3,27,B,SPI6,280,0.0,407.659091340152,0.0,0.7,5522047515.34694,5522.04751534694,0.8887821539118369,0.46251823389191304
T_Q3,27,B,SPI6,282,0.0,2077.8620125914485,0.0,0.7000027551579491,7610908288.561977,7610.908288561977,0.9387341231721635,0.2314725869000604
T_Q3,27,B,SPI6,283,-0.47829792406613697,302.63225354575184,0.0,0.7,5218474924.707084,5218.474924707084,0.8693919664140606,0.48699612196250053
T_Q3,27,B,SPI6,284,0.0,0.0,-0.07595589256478066,0.715369416344614,977925102.1878004,977.9251021878005,0.829757711602092,0.5098018287259402
T_Q3,27,B,SPI6,286,-0.00034646585178721434,1612.2693946912113,0.0,0.7002984363615306,7229888346.099363,7229.888346099363,0.9348205073469243,0.2847333404489985
T_Q3,27,B,SPI6,290,0.0,449.592254683746,0.0,0.7000001611514682,5626119208.364527,5626.1192083645265,0.8917351549436086,0.4574661116447859
T_Q3,27,B,SPI6,293,-0.5089093213431102,0.0,-0.5317670708047222,0.7013454290470934,700259602.0885996,700.2596020885995,0.7959938805279824,0.5098018287259402
T_Q3,27,B,SPI6,294,0.0,767.3687472113506,0.0,0.7,6239595462.192344,6239.595462192344,0.9118724872807484,0.42146084605258477
T_Q3,27,B,SPI6,296,-0.00011445143469370964,138.9570874173825,-1.8286632010204427e-06,0.7000016097335047,4524613669.261772,4524.613669261772,0.86092432490127,0.49539260682392294
T_Q3,27,B,SPI6,297,-1.352571087529084,0.0,-0.9712709497348695,0.764382106779647,336232903.8814364,336.2329038814364,0.7431600668872522,0.5098018287259402
T_Q3,27,B,SPI6,298,0.0,1302.1442935770554,0.0,0.7000042097537345,6927704369.958177,6927.704369958176,0.9302309033336891,0.34365104778169137
T_Q3,27,B,SPI6,300,-0.3092368998671336,0.0,-0.24103130282204133,0.709798570159967,883066695.0581037,883.0666950581037,0.8180880207777421,0.5098018287259402
T_Q3,27,B,SPI6,301,-2.668363583738116,0.0,-1.1831587181440393,0.7024797676036356,307159787.85403526,307.15978785403524,0.738783932828121,0.5098018287259402
T_Q3,27,B,SPI6,302,0.0,683.749518195529,0.0,0.7001245061034098,6100017143.048281,6100.017143048281,0.9073184615931973,0.4315650905468389
T_Q3,27,B,SPI6,305,0.0,372.2595255177349,0.0,0.7001287009082924,5427159712.116802,5427.159712116802,0.8863984060910093,0.46660974134557226
T_Q3,27,B,SPI6,307,0.0,36.24013323922509,-1.930135196328193e-06,0.7000025554769713,3589014359.1447926,3589.0143591447927,0.8467285729533567,0.5055680079695449
T_Q3,27,B,SPI6,308,0.0,2026.0493918511152,-1.9875548020149505e-06,0.7000017007279842,7572043896.143372,7572.043896143372,0.9383783399153237,0.2343188529547799
T_Q3,27,B,SPI6,312,0.0,1156.2052724244334,0.0,0.7,6765628629.493501,6765.628629493501,0.9269932756964459,0.36873376738890673
T_Q3,27,B,SPI6,313,0.0,1563.1669100836668,0.0,0.7000000011225518,7186079655.200185,7186.079655200185,0.9340733625075605,0.29437506670936064
T_Q3,27,B,SPI6,315,-0.027528896526830965,0.0,-0.04081065430158932,0.7291749545417413,955127257.860242,955.127257860242,0.8249546376347529,0.5098018287259402
T_Q3,27,B,SPI6,319,-0.558030721628876,0.0,-0.3359516834227395,0.7055632186463187,824493468.9399896,824.4934689399896,0.8102252108015798,0.5098018287259402
T_Q3,27,B,SPI6,320,-0.009793395191845855,0.0,-0.5071806924593099,0.7000000076690256,719364505.9611886,719.3645059611886,0.7982708933717577,0.5098018287259402
T_Q3,27,B,SPI6,321,0.0,996.7318929726871,0.0,0.7000001360002384,6569481262.3457575,6569.481262345757,0.9220478884263705,0.39207314903760626
T_Q3,27,B,SPI6,323,0.0,799.7329008764897,0.0,0.700074774441883,6290099417.970258,6290.0994179702575,0.9136158252392647,0.4180453267869214
T_Q3,27,B,SPI6,324,0.0,1650.9799451190224,0.0,0.7000472926384655,7265405740.499117,7265.405740499117,0.9354964955349202,0.2777955669406198
T_Q3,27,B,SPI6,325,-0.15801294441433744,0.0,-0.05419073511857035,0.7013294841184122,1043550596.354746,1043.550596354746,0.8372647383214148,0.5098018287259402
T_Q3,27,B,SPI6,327,-0.001187387114944538,170.14503689194748,0.0,0.7000023554918143,4693267813.979019,4693.26781397902,0.8648023624008253,0.4914434126729996
T_Q3,27,B,SPI6,329,0.0,121.7563594171576,-5.123670577653184e-08,0.7000025042613505,4418840342.004701,4418.840342004701,0.8586828903831788,0.4966378482228627
T_Q3,27,B,SPI6,331,-2.890547067480008,0.0,-1.1831587181440393,0.768320164437791,239215929.95298764,239.21592995298764,0.7283239050770272,0.5098018287259402
T_Q3,27,B,SPI6,332,0.0,659.8530762660484,0.0,0.7000005728986993,6058368354.226263,6058.368354226263,0.9057530152631018,0.4346248265556622
T_Q3,27,B,SPI6,335,-1.2890084411388246e-05,611.6819756724144,-0.0010682210294814531,0.7000015869301588,5968749227.960823,5968.749227960823,0.9030134841854341,0.44010388871099726
T_Q3,27,B,SPI6,336,-0.0003070450738142484,153.48134563895104,0.0,0.700122717756083,4605965549.275755,4605.965549275755,0.8623830362543137,0.49336464225993526
T_Q3,27,B,SPI6,337,-1.0763932009647195,0.0,-0.9723298628240097,0.7343532057309793,378708772.76572806,378.70877276572804,0.7500266837442631,0.5098018287259402
T_Q3,27,B,SPI6,340,-3.7745281579040313,0.0,-1.5870625138909467,0.7023207662939721,147588862.82149276,147.58886282149277,0.7182908172341411,0.5098018287259402
T_Q3,27,B,SPI6,341,-1.2901940737991254e-05,483.9285338260049,-0.0005986401638957695,0.700001699710598,5705554884.624274,5705.554884624275,0.8946881559753799,0.4547265805671185
T_Q3,27,B,SPI6,342,-0.00028729094986182894,1516.3589358335425,0.0,0.7,7142357424.968514,7142.357424968514,0.9334685309709327,0.30319849147899103
T_Q3,27,B,SPI6,344,-0.5470617331843257,0.0,-0.7463442881199444,0.7362248041998426,494603818.84876734,494.60381884876733,0.7650763155085921,0.5098018287259402
T_Q3,27,B,SPI6,346,-3.1135440548615376,0.0,-1.4031919296289859,0.7315757880830709,191343543.46909198,191.34354346909197,0.7228092645960081,0.5098018287259402
T_Q3,27,B,SPI6,347,-0.2289013678871498,0.0,-0.43415687534696695,0.7054676735572171,757903333.990664,757.903333990664,0.8022200875226813,0.5098018287259402
T_Q3,27,B,SPI6,348,-7.40628718893582e-05,850.0811614707987,0.0,0.7000193766588548,6366138890.659686,6366.138890659686,0.9155726331518838,0.4117123848151706
T_Q3,27,B,SPI6,349,-3.4283837286644436,0.0,-0.6867596337884737,0.7001178535826863,596534911.6811116,596.5349116811116,0.781264453694809,0.5098018287259402
T_Q3,27,B,SPI6,351,-0.028678022353589173,0.0,-1.6437883031223364,0.8729166924628489,54734826.76763929,54.734826767639284,0.7043441135660156,0.5098018287259402
T_Q3,27,B,SPI6,353,0.0,258.4310366787154,0.0,0.7,5068289323.725486,5068.289323725486,0.8751556551748673,0.4807343366421176
T_Q3,27,B,SPI6,356,-0.3241504613531338,65.24553927697497,-0.0009694830832258712,0.7000432508261816,3960776781.8552756,3960.7767818552757,0.8483295976091364,0.5040737182908173
T_Q3,27,B,SPI6,357,-2.3370293802827513,0.0,-1.0514527791515753,0.7891384744627199,272509256.6130599,272.5092566130599,0.7334827623012061,0.5098018287259402
T_Q3,27,B,SPI6,360,0.0,1076.8695607872248,0.0,0.7000008714619731,6670732019.931719,6670.732019931719,0.9245739495499341,0.38083039812146435
T_Q3,27,B,SPI6,364,0.0,405.580941769977,0.0,0.7000050296048383,5516644990.094221,5516.644990094221,0.8886042622834169,0.4627317038460169
T_Q3,27,B,SPI6,365,0.0,591.1442690864469,-3.559149541523534e-08,0.7000049081695565,5930445628.161542,5930.445628161542,0.9019461344149146,0.4419895399722489
T_Q3,27,B,SPI6,368,-1.5923465534070567,0.0,-0.09143417421062094,0.7121102026743802,979712416.554066,979.712416554066,0.8302558081616679,0.5098018287259402
T_Q3,27,B,SPI6,370,-0.0010696626833667853,1514.906670188734,0.0,0.7000000007161337,7140641400.084876,7140.641400084876,0.9332906393425127,0.3040523712954069
T_Q3,27,B,SPI6,371,-0.34213227381019373,0.0,-0.7611944741774649,0.7049678104445263,544385255.2204307,544.3852552204307,0.7740064752552746,0.5098018287259402
T_Q3,27,B,SPI6,372,0.0,720.0826880874097,-0.0022764427527190434,0.7000008465956641,6160964550.989898,6160.964550989897,0.9096666310883412,0.4270822215106558
T_Q3,27,B,SPI6,373,0.0,473.29086422442475,0.0,0.7005668781379273,5679656568.248422,5679.6565682484215,0.8936563845305442,0.4556871953605864
T_Q3,27,B,SPI6,377,-1.5923465534070567,0.0,-0.007919112458264044,0.7007594549986916,1076076869.6301444,1076.0768696301443,0.84060910093571,0.5098018287259402
T_Q3,27,B,SPI6,378,0.0,208.44265039232027,0.0,0.7001478255676439,4870210361.166831,4870.210361166831,0.8692140747856406,0.48646244707724057
T_Q3,27,B,SPI6,379,-0.27943081640408884,0.0,-0.40905166451332614,0.7055296985784695,777694178.0208644,777.6941780208643,0.8043192087380369,0.5098018287259402
T_Q3,27,B,SPI6,380,-0.02851245773507864,0.0,-0.530129289812702,0.7021519741560749,699924818.9387674,699.9248189387674,0.7959227238766142,0.5098018287259402
T_Q3,27,B,SPI6,382,0.0,332.09746816380994,-0.0008654663567851612,0.7,5310986934.210076,5310.9869342100765,0.883231935105134,0.47173302024406744
T_Q3,27,B,SPI6,384,-0.013277707570914454,0.0,-0.05867317499748006,0.7,1044434929.5831097,1044.4349295831098,0.8373714732984667,0.5098018287259402
T_Q3,27,B,SPI6,385,-0.3451981090917819,0.0,-0.7392852978683774,0.8750020284380302,236122723.38767663,236.12272338767661,0.7268296153982993,0.5098018287259402
T_Q3,27,B,SPI6,386,-0.45427738771239556,0.0,-0.07866708705997971,0.7320015058270085,919186521.1959608,919.1865211959607,0.8217525883231935,0.5098018287259402
T_Q3,27,B,SPI6,387,-0.27943081640408884,0.0,-0.38135112934331017,0.7002049619478636,810097704.8222842,810.0977048222842,0.8080193546091721,0.5098018287259402
T_Q3,27,B,SPI6,391,0.0,779.3283366554031,-0.0008603087853904844,0.7000000463364611,6257660087.179457,6257.660087179457,0.9124417404916927,0.4201800263279611
T_Q3,27,B,SPI6,398,0.0,485.97589435218777,-0.0007130639226426731,0.7000397050090135,5709669461.469295,5709.669461469294,0.8947948909524318,0.4545486889386986
T_Q3,27,B,SPI6,400,0.0,139.54423384926412,0.0,0.7000540715662454,4527852339.529153,4527.852339529153,0.860959903226954,0.4952147151955029
T_Q3,27,B,SPI6,401,-0.013857587678565375,0.0,-0.6354619661867213,0.7066753888772769,618296985.4711967,618.2969854711966,0.7846799729604724,0.5098018287259402
T_Q3,27,B,SPI6,402,0.0,153.82808325695532,-0.0005530583909380654,0.7000049918075103,4607849550.071805,4607.849550071805,0.8624897712313655,0.49329348560856734
T_Q3,27,B,SPI6,404,-0.011192176782161167,0.0,-1.0018251773439872,0.7552265998166631,336296154.86274004,336.29615486274,0.7436937417725121,0.5098018287259402
T_Q3,27,B,SPI6,405,-1.9178487744419024,0.0,-0.32355251075310665,0.7090158224810896,823843389.1266879,823.8433891266878,0.8098338492190559,0.5098018287259402
T_Q3,27,B,SPI6,406,0.0,908.8506541882216,0.0,0.7000017487501823,6450615030.958708,6450.615030958707,0.9181342726011316,0.40441882804995194
T_Q3,27,B,SPI6,408,-1.8204669386272666e-05,1009.2301171866377,-0.0001018434368000433,0.700041315099264,6585477534.516089,6585.47753451609,0.9223680933575266,0.3901874977763547
T_Q3,27,B,SPI6,410,-2.530947519840698,0.0,-0.941040160323177,0.759337587399981,357195718.01379013,357.19571801379016,0.7467890561070197,0.5098018287259402
T_Q3,27,B,SPI6,413,-0.007002063464016772,0.0,-0.6280033583675457,0.7,637197658.0180397,637.1976580180396,0.7875973956665598,0.5098018287259402
T_Q3,27,B,SPI6,416,-0.30443933728569195,0.0,-0.5290111689978315,0.7198602002968524,658717133.3824769,658.717133382477,0.7896965168819157,0.5098018287259402
T_Q3,27,B,SPI6,418,0.0,683.7553944719895,0.0,0.7,6100481463.981617,6100.481463981617,0.9073540399188814,0.4315650905468389
T_Q3,27,B,SPI6,419,0.0,1128.887054028853,0.0,0.7005450229271097,6731629282.516172,6731.629282516173,0.9262817091827658,0.3732166364250898
T_Q3,27,B,SPI6,421,0.0,1231.690998677878,0.0,0.7000412156290856,6851143386.298109,6851.143386298109,0.9288077703063295,0.35596114846835303
T_Q3,27,B,SPI6,423,0.0,511.2544040139802,-5.1651663465835274e-05,0.7000000619204113,5766561783.165691,5766.561783165691,0.8966449638879993,0.45120432632440316
T_Q3,27,B,SPI6,424,0.0,1574.4686056268786,0.0,0.7006793030278131,7194010713.226808,7194.010713226808,0.9341800974846123,0.292489415448109
T_Q3,27,B,SPI6,426,0.0,536.9917172791883,-0.0005122711230856954,0.7,5820927000.6944475,5820.927000694447,0.8981036752410432,0.44842921692105164
T_Q3,27,B,SPI6,429,-1.6230470019077138e-05,225.07460065338609,0.0,0.7000609721093813,4939887358.281545,4939.887358281545,0.871384352652364,0.48464795246735687
T_Q3,27,B,SPI6,430,-0.5902399354199691,0.0,-0.5106961211105631,0.700000366642855,716905235.6092367,716.9052356092367,0.7978439534635501,0.5098018287259402
T_Q3,27,B,SPI6,431,0.0,741.1587012369987,0.0,0.7000849562504734,6196938833.905587,6196.938833905587,0.9106984025331769,0.4248763653182482
T_Q3,27,B,SPI6,432,0.0,352.5259610853451,-0.0008243649996068597,0.7000000358530815,5371242084.927679,5371.242084927679,0.8846906464581777,0.46913580246913583
T_Q3,27,B,SPI6,433,-0.4856175421065246,309.29988809146454,-0.0010282876334262348,0.7000418260111569,5238636918.514223,5238.636918514223,0.8696054363681646,0.48653360372860854
T_Q3,27,B,SPI6,434,0.0,298.82463478670866,-6.808009467707857e-06,0.7000425967197207,5207337504.262745,5207.337504262745,0.8798875724908385,0.47607357597751443
T_Q3,27,B,SPI6,435,-0.0001138131318275358,0.0,-1.6437883031223364,0.7348260003692275,114064480.73866762,114.06448073866763,0.7138791048493258,0.5098018287259402
T_Q3,27,B,SPI6,437,0.0,81.72502051245935,0.0,0.7000000170547518,4119139451.0897145,4119.139451089714,0.8535240331589995,0.5004447290710498
T_Q3,27,B,SPI6,438,0.0,989.5692444295044,-0.0005639908106817026,0.7000000000142729,6559659448.721985,6559.6594487219845,0.9216921051695308,0.3929626071797061
T_Q3,27,B,SPI6,440,-0.47344011014193227,0.0,-1.5315010581711417,0.7303993272317751,151270400.87346852,151.27040087346853,0.7185398655139289,0.5098018287259402
T_Q3,27,B,SPI6,441,0.0,967.3027141409234,-0.0007980781968408913,0.7,6529779437.477861,6529.779437477861,0.920624755399011,0.3958444515601094
T_Q3,27,B,SPI6,443,0.0,385.6888837853754,-0.0004158229480491336,0.7000016858914283,5463769729.66412,5463.76972966412,0.8875013341872131,0.46515102999252855
T_Q3,27,B,SPI6,445,0.0,186.73335398806697,-0.00032705333723383797,0.700028000612417,4773069860.351835,4773.069860351835,0.8667235919877613,0.4892375564805921
T_Q3,27,B,SPI6,446,0.0,1612.6737924689864,-1.029212651744633e-05,0.7000003454692773,7231352041.932646,7231.352041932646,0.9349272423239765,0.28466218379763053
T_Q3,27,B,SPI6,448,0.0,943.7052301243818,-0.0005920607027321888,0.7,6498289079.890773,6498.289079890773,0.9198064539082793,0.39915323584872103
T_Q3,27,B,SPI6,450,0.0,642.23487196733,-0.00031359796309194516,0.7000001335522084,6026286175.463637,6026.286175463637,0.904792400469634,0.436439321165546
T_Q3,27,B,SPI6,461,0.0,563.6942109113417,0.0,0.7000019585555003,5876130347.769855,5876.130347769855,0.899775856548191,0.4451204326324404
T_Q3,27,B,SPI6,463,0.0,1514.7865308703265,0.0,0.7,7140870873.29792,7140.87087329792,0.9333973743195647,0.303447539758779
T_Q3,27,B,SPI6,469,0.0,620.1020282248419,-0.0011259491816830143,0.701539994669965,5978916733.632947,5978.916733632947,0.9031202191624863,0.4392144305688974
T_Q3,27,B,SPI6,472,-0.002764172425965403,406.15804334571413,0.0,0.7000215566244654,5518019955.587763,5518.0199555877625,0.888533105632049,0.46305190877717295
T_Q3,27,B,SPI6,474,-0.16159831171244488,0.0,-1.4515483387967731,0.7009966956847652,196267442.9979533,196.26744299795328,0.723947771017896,0.5098018287259402
T_Q3,27,B,SPI6,475,-2.7716634081391116,0.0,-1.1839552717178976,0.7042832755745054,304878768.9160604,304.8787689160604,0.7384993062226491,0.5098018287259402
T_Q3,27,B,SPI6,476,-0.0006935684032831719,81.48998956328239,-1.3819656968525057e-05,0.7000038494501062,4117060405.316665,4117.060405316665,0.8534528765076316,0.5006226206994698
T_Q3,27,B,SPI6,477,0.0,428.9853428248066,0.0,0.7000893999348629,5575623490.552949,5575.623490552949,0.8906322268474047,0.4596363895115097
T_Q3,27,B,SPI6,478,-2.934202162913077,0.0,-1.2116516120449532,0.7552783913236026,240477093.1801887,240.4770931801887,0.728430640054079,0.5098018287259402
T_Q3,27,B,SPI6,479,-3.431945555755619,0.0,-1.705569309579574,0.7057723521106049,112705020.2759037,112.7050202759037,0.7135233215924859,0.5098018287259402
T_Q3,27,B,SPI6,480,-0.0001983242977591955,223.01802743930807,0.0,0.7000070551851383,4931719638.904141,4931.719638904141,0.8712064610239442,0.4847902657700928
T_Q3,27,B,SPI6,482,-0.32489922430773077,0.0,-1.871094650177443,0.7395223725146856,65951163.366255805,65.9511633662558,0.7060518731988473,0.5098018287259402
T_Q3,27,B,SPI6,483,-2.8050569636216967,0.0,-0.6612665835681364,0.7196712899110875,572262436.4090749,572.2624364090749,0.7767104280072582,0.5098018287259402
T_Q3,27,B,SPI6,485,-2.8050569636216967,0.0,-0.6612665835681364,0.7008383771338419,610698874.5564406,610.6988745564406,0.7830433699790089,0.5098018287259402
T_Q3,27,B,SPI6,488,0.0,1165.2221866762152,-0.00043091211709640406,0.7006123493687081,6773515818.832887,6773.515818832887,0.9271711673248656,0.367346212687231
T_Q3,27,B,SPI6,489,-0.0001415334311193889,1077.0436348680632,-0.0006797705596783054,0.7000001822471386,6670148578.515023,6670.1485785150235,0.924502792898566,0.3807948197957804
T_Q3,27,B,SPI6,492,0.0,484.93557305980016,-0.00042973964224284067,0.700189758475286,5707145388.084562,5707.145388084562,0.8947593126267478,0.4547265805671185
T_Q3,27,B,SPI6,494,-0.2706866448355762,0.0,-0.08791326120495946,0.7015898010771777,1017350868.7312012,1017.3508687312012,0.834916568826271,0.5098018287259402
T_Q3,27,B,SPI6,495,-9.576242120791452e-07,185.94124405917995,-8.438493067858776e-07,0.7000151112389646,4769774088.170925,4769.774088170925,0.8665812786850251,0.489415448109012
T_Q3,27,B,SPI6,496,-7.312240651307381e-06,297.00145177596266,0.0,0.7000140665223372,5201471244.973107,5201.471244973108,0.8797452591881025,0.4763226242573024
T_Q3,27,B,SPI6,497,-4.0,0.0,-0.9035805987609443,0.7012006369085872,462691836.86349404,462.691836863494,0.7635464475041805,0.5098018287259402
T_Q3,27,B,SPI6,498,-2.8041856841446995,0.0,-0.43201033971686953,0.7113058430058868,743829388.5644915,743.8293885644915,0.8002988579357456,0.5098018287259402
T_Q3,27,B,SPI6,499,-1.3613912032716544,0.0,-0.16724475729010457,0.7002239248521562,966242887.1293085,966.2428871293084,0.8285480485288365,0.5098018287259402
T_Q3,27,B,SPI6,500,-0.4870038851340128,0.0,-1.0386324935063662,0.7276357585547987,358509110.18432355,358.50911018432356,0.7476785142491196,0.5098018287259402
T_Q3,27,B,SPI6,501,-0.0004592561605751852,0.0,-0.920997315708866,0.7381132257342539,396808394.72443384,396.80839472443387,0.7529796847760343,0.5098018287259402
T_Q3,27,B,SPI6,504,-7.312240651307381e-06,639.7761016599434,0.0,0.7000190691926422,6022017159.319976,6022.017159319976,0.904685665492582,0.43668836944533385
T_Q3,27,B,SPI6,505,0.0,448.2211464764749,0.0,0.7000221652477445,5622724382.6234455,5622.724382623445,0.8916639982922404,0.4575728466218379
T_Q3,27,B,SPI6,508,-0.4976222316954608,0.0,-1.1329393520323052,0.700452169903841,337677414.5462245,337.6774145462245,0.7438004767495642,0.5098018287259402
T_Q3,27,B,SPI6,509,-0.7180118483585693,0.0,-0.38318615318188376,0.701159126396756,806623252.3218541,806.6232523218541,0.8078058846550682,0.5098018287259402
T_Q3,27,B,SPI6,510,-1.5528512609983564e-06,65.96567614253553,-4.4322071325595505e-09,0.7001038810815535,3969035186.790085,3969.035186790085,0.8513537552922761,0.5020457537268297
T_Q3,27,B,SPI6,514,-2.964262865066166,0.0,-1.2644443404096266,0.7084713737939821,263301516.54025787,263.30151654025786,0.7314547977372183,0.5098018287259402
T_Q3,27,B,SPI6,515,0.0,1610.181254801877,-0.003592372355571554,0.7,7226327899.018403,7226.327899018403,0.9347137723698722,0.28508912370583844
T_Q3,27,B,SPI6,516,-0.000451019254747804,1662.4613657394948,-1.505329565683258e-08,0.7000148068476211,7275649238.92179,7275.64923892179,0.9356032305119724,0.276621482193048
T_Q3,27,B,SPI6,517,0.0,710.8473547573587,0.0,0.7000217462805538,6146843570.76342,6146.84357076342,0.9094175828085531,0.4280784146298074
T_Q3,27,B,SPI6,518,-0.002752622079047386,171.50946238374476,-3.3662079145446724e-05,0.7001554487323088,4699530076.89634,4699.530076896341,0.8649446757035614,0.4913010993702635
T_Q3,27,B,SPI6,520,-0.00713366770217716,0.0,-0.6090957838583269,0.7010355633379493,645844313.3132018,645.8443133132018,0.7888782153911835,0.5098018287259402
T_Q3,27,B,SPI6,521,0.0,352.36525025842536,0.0,0.7000048360782336,5371558385.905037,5371.558385905037,0.8847262247838615,0.4691713807948198
T_Q3,27,B,SPI6,526,0.0,963.6301541016352,-1.832502644146356e-06,0.7002937024713668,6524605093.627289,6524.605093627289,0.9205535987476429,0.3963781264453694
T_Q3,27,B,SPI6,529,-2.776409101839303e-07,0.0,-0.036667189241403456,0.700061471636241,1061015267.2914047,1061.0152672914048,0.8384744013946702,0.5098018287259402
T_Q3,27,B,SPI6,530,-0.0009186056455483729,1802.4804040938934,-0.0006356729482725407,0.7000413499143325,7394335234.91319,7394.33523491319,0.9367417369338599,0.25648414985590784
T_Q3,27,B,SPI6,531,-7.312240651307381e-06,101.01577417363035,0.0,0.7001371785034344,4274416987.3476925,4274.416987347692,0.856085672608247,0.4988081260895863
T_Q3,27,B,SPI6,532,-0.00011196420525605303,332.38261571814735,-3.3090912468693916e-05,0.7001615514896765,5312130843.261104,5312.130843261104,0.8833030917565019,0.4716974419183834
T_Q3,27,B,SPI6,533,-3.865911179318008,0.0,-1.5361982831752263,0.7004376281039344,165814664.24070305,165.81466424070305,0.7208880350090723,0.5098018287259402
T_Q3,27,B,SPI6,536,-8.853728428461627e-05,768.7660058893566,-0.0006245320406202473,0.7000970291096192,6240981835.223602,6240.9818352236025,0.9119080656064326,0.4213896894012168
T_Q3,27,B,SPI6,537,-0.0020180291388671202,316.93590563938096,-3.07275868646879e-05,0.7000079045299854,5265325518.8665,5265.3255188665,0.8817732237520902,0.47415234639057885
T_Q3,27,B,SPI6,539,-0.0001983242977591955,934.9983295682389,-4.4121626833099294e-07,0.7000070551851383,6486771158.928101,6486.771158928101,0.9194862489771229,0.4005052122247128
T_Q3,27,B,SPI6,540,-1.1343110592729849e-05,36.45874109791043,-0.0006085225331993165,0.7000015920299352,3592151333.706721,3592.151333706721,0.8467641512790407,0.5055680079695449
T_Q3,27,B,SPI6,541,-2.841198146659937e-07,280.61173882095034,-0.00012171420847496102,0.7000340556588291,5146456686.216722,5146.456686216721,0.877930764578219,0.478279432169922
T_Q3,27,B,SPI6,543,-0.00018667346095048074,1749.047646237837,-0.00015609811507109037,0.700000899531484,7350297798.395033,7350.297798395033,0.9364926886540718,0.26235457359376674
T_Q3,27,B,SPI6,545,-0.00014570175857030057,20.50412400656205,-4.219368371837274e-10,0.7000060807733123,3274000512.288406,3274.000512288406,0.8444871384352651,0.5074180809051126
T_Q3,27,B,SPI6,546,0.0,1854.195362248969,-0.003065772400807242,0.700052392254041,7435112178.197131,7435.1121781971315,0.937239833493436,0.24876365318248114
T_Q3,27,B,SPI6,547,-0.011531892737946858,0.0,-0.7497063766799767,0.7000221628795124,561010230.5071726,561.0102305071725,0.776354644750418,0.5098018287259402
T_Q3,27,B,SPI6,548,-0.0017742596949021638,0.0,-0.043816241520579835,0.739909203985879,915605708.3151716,915.6057083151716,0.819333262176682,0.5098018287259402
T_Q3,27,B,SPI6,552,-4.0,0.0,-1.9816364091778258,0.7592021726675336,46860722.332585685,46.86072233258569,0.7031344504927598,0.5098018287259402
T_Q3,27,B,SPI6,553,0.0,1431.0863470032548,-0.00043091211709640406,0.7006123493687081,7057181491.634014,7057.1814916340145,0.9321521329206248,0.31913758138542
T_Q3,27,B,SPI6,554,-1.1452957997680609e-08,1009.4352014850441,-0.0005956517932780622,0.7000631232795825,6585238944.686028,6585.238944686028,0.9223680933575266,0.3901163411249866
T_Q3,27,B,SPI6,556,-3.4256252837431314,0.0,-2.389653281865095,0.7883563842597315,14335380.771595549,14.335380771595549,0.6983669548511047,0.5098018287259402
T_Q3,27,B,SPI6,557,-1.3585446247268806,258.33643301120765,-1.9499477972443049e-07,0.7000120570884686,5065395997.259001,5065.395997259001,0.8496815739851283,0.504785284804497
T_Q3,27,B,SPI6,558,-1.5235413989351717e-05,6.714146149927174,-4.008070029701763e-06,0.7000127903292346,2767009049.12871,2767.0090491287096,0.8426726438253814,0.5090546838865764
T_Q3,27,B,SPI6,559,-0.0030609551854107048,0.0,-0.5740162121254052,0.7000506169573668,673902435.9390798,673.9024359390797,0.7930408794962109,0.5098018287259402
T_Q3,27,B,SPI6,561,0.0,247.70106331029478,-0.003592372355571554,0.7000019226714521,5025716834.583791,5025.716834583791,0.8739104137759277,0.4820507346924253
T_Q3,27,B,SPI6,562,-0.057576674204475875,0.0,-0.06576966768806503,0.7459161858800926,879072264.27133,879.07226427133,0.8159888995623865,0.5098018287259402
T_Q3,27,B,SPI6,563,-1.4754589250166992e-08,389.8362857037473,-1.7194654121933782e-06,0.7000676612709205,5475069780.07972,5475.06978007972,0.8877503824670008,0.4645461984559006
T_Q3,27,B,SPI6,564,-0.021722174926816384,0.0,-0.29760991058713837,0.7024637500308155,859478053.4008263,859.4780534008263,0.814494609883659,0.5098018287259402
T_Q3,27,B,SPI6,569,-0.00011145601856698336,820.1314307706903,-3.43409341280168e-07,0.7000281851431261,6321373908.401031,6321.37390840103,0.9142562351015763,0.41527021738357006
T_Q3,27,B,SPI6,570,-0.00014570175857030057,119.66870835028101,-3.2650115048214344e-05,0.7002899075055556,4404202019.531344,4404.202019531344,0.8584694204290748,0.4967445831999147
T_Q3,27,B,SPI6,571,-4.7276650126579754e-07,796.9612743236694,-9.050362304182074e-07,0.700000899531484,6286082140.629413,6286.082140629413,0.9132956203081084,0.41825879674102534
T_Q3,27,B,SPI6,572,-0.00019900717055469576,1278.1425403331648,-3.276118797554082e-08,0.7011316199718975,6897973642.732148,6897.973642732149,0.9296616501227455,0.34788486853808664
T_Q3,27,B,SPI6,575,0.0,136.30406817800926,0.0,0.7,4508977873.206212,4508.977873206212,0.8606752766214824,0.4956060767780268
T_Q3,27,B,SPI6,576,0.0,373.90112028780885,0.0,0.7,5432154090.053694,5432.154090053694,0.8864339844166934,0.46646742804283625
T_Q3,27,B,SPI6,577,-3.8296668422919047,0.0,-0.17924747468027835,0.7066981990164429,936434059.0689286,936.4340590689286,0.824847902657701,0.5098018287259402
T_Q3,27,B,SPI6,578,0.0,740.2167823492123,0.0,0.7,6195708156.909432,6195.708156909433,0.9106628242074931,0.42494752196961616
T_Q3,27,B,SPI6,579,0.0,1913.0905280816678,0.0,0.7,7484752893.131226,7484.752893131225,0.9377735083786957,0.24282207279325427
T_Q3,27,B,SPI6,580,-0.742300605450482,0.0,-1.7183028761571384,0.8049457907513199,72714740.95106499,72.71474095106498,0.707475006226207,0.5098018287259402
T_Q3,27,B,SPI6,582,0.0,681.5179802667158,0.0,0.7,6096582823.94174,6096.58282394174,0.9072117266161454,0.43177856050094293
T_Q3,27,B,SPI6,583,-3.6885987956661372,0.0,-1.007212160205377,0.7517875208233805,338689882.71411556,338.6898827141156,0.7439783683779838,0.5098018287259402
T_Q3,27,B,SPI6,584,-0.7721810279457297,0.0,-1.8397070586878153,0.8201865030357222,48902771.7246424,48.902771724642406,0.7032411854698118,0.5098018287259402
T_Q3,27,B,SPI6,585,-4.0,0.0,-0.2813268643795179,0.7,881535355.9698225,881.5353559698225,0.8176255025438502,0.5098018287259402
T_Q3,27,B,SPI6,587,-0.07239535931819709,0.0,-0.1431443676863733,0.7,985693709.1892083,985.6937091892082,0.830860639698296,0.5098018287259402
T_Q3,27,B,SPI6,589,0.0,97.96884538079975,0.0,0.7,4251915223.3881207,4251.9152233881205,0.8557298893514071,0.49919948767211014
T_Q3,27,B,SPI6,591,-4.0,0.0,-0.09489145060852308,0.7,1018693191.0064536,1018.6931910064536,0.835165617106059,0.5098018287259402
T_Q3,27,B,SPI6,593,-1.1217558399913752,0.0,-2.3843851741060704,0.7839639689586622,15042659.26468806,15.04265926468806,0.6985804248052085,0.5098018287259402
T_Q3,27,B,SPI6,594,0.0,1081.7623700172708,0.0,0.7005742513394186,6674661910.041661,6674.661910041661,0.9246095278756181,0.37979862667662867
T_Q3,27,B,SPI6,597,-0.0031195914637586726,591.0940434762962,0.0,0.7,5930284102.870412,5930.2841028704115,0.9018393994378626,0.44241647988045685
T_Q3,27,B,SPI6,600,0.0,1203.1410347544906,0.0,0.7001038417301543,6818958860.690637,6818.958860690636,0.9280250471412814,0.3610132707154802
T_Q3,27,B,SPI6,601,-2.9840026589495294,0.0,-0.4102173762850045,0.7137662035688759,755075271.6154348,755.0752716154348,0.8009392677980574,0.5098018287259402
T_Q3,27,B,SPI6,602,0.0,427.9275794934031,0.0,0.7,5573324596.829725,5573.324596829725,0.8904899135446686,0.4598498594656136
T_Q3,27,B,SPI6,603,0.0,798.6635501900025,0.0,0.7,6288721506.955706,6288.721506955706,0.9135090902622124,0.4181164834382894
T_Q3,27,B,SPI6,607,0.0,713.7788727412087,0.0,0.7002742055440249,6150880177.202538,6150.880177202537,0.9094887394599209,0.4278649446757035
T_Q3,27,B,SPI6,609,0.0,536.3565059735474,0.0,0.7,5820026771.652998,5820.026771652998,0.8980680969153592,0.4484647952467356
T_Q3,27,B,SPI6,610,-4.0,0.0,-0.35871958922662517,0.7,826093029.7841271,826.0930297841271,0.8106877290354716,0.5098018287259402
T_Q3,27,B,SPI6,613,0.0,333.1139646705197,0.0,0.7,5314918123.780837,5314.918123780837,0.883338670082186,0.47159070694133143
T_Q3,27,B,SPI6,614,-3.9789466213499134,0.0,-0.5039141878782024,0.7,722945938.3042207,722.9459383042207,0.7987334116056499,0.5098018287259402
T_Q3,27,B,SPI6,619,-0.006826489224042165,0.0,-0.6567709669586083,0.7003754925620659,615389319.5922866,615.3893195922866,0.7835770448642688,0.5098018287259402
T_Q3,27,B,SPI6,624,0.0,0.0,-1.211080956597288,0.7540587762751212,242030853.11663815,242.03085311663816,0.728786423310919,0.5098018287259402
T_Q3,27,B,SPI6,626,0.0,612.3211486664962,0.0,0.7,5971039434.299432,5971.039434299431,0.9031202191624862,0.4400327320596293
T_Q3,27,B,SPI6,628,-2.683380568858721e-05,51.51552453609611,-0.00025169647653756433,0.7000533633907324,3805334269.020996,3805.334269020996,0.8490411641228163,0.5037535133596612
T_Q3,27,B,SPI6,629,-0.08907407163070868,0.0,-1.5848405258260612,0.7000997808462265,149019902.66585517,149.01990266585517,0.718504287188245,0.5098018287259402
T_Q3,27,B,SPI6,631,0.0,20.201735870148873,0.0,0.7,3266360183.7143154,3266.3601837143156,0.8444515601095811,0.5074180809051126
T_Q3,27,B,SPI6,635,0.0,280.71514124275586,0.0,0.7,5146935113.495178,5146.9351134951785,0.8779663429039029,0.478279432169922
T_Q3,27,B,SPI6,636,0.0,154.65572919512027,0.0,0.7,4612763851.830446,4612.763851830447,0.8626320845341016,0.49311559398014737
T_Q3,27,B,SPI6,637,0.0,405.7236575981097,0.0,0.700002470414844,5517023479.075691,5517.023479075691,0.8886398406091011,0.4627317038460169
T_Q3,27,B,SPI6,638,0.0,1265.910329975518,0.0,0.7,6888872892.689126,6888.872892689126,0.9295904934713773,0.3496993631479703
T_Q3,27,B,SPI6,639,-3.3656750877362085,0.0,-0.529137626759472,0.7019826320565863,700674231.6027654,700.6742316027654,0.7960650371793504,0.5098018287259402
T_Q3,27,B,SPI6,641,-0.5774467957059638,0.0,-1.0145992795527836,0.7,406484237.7905573,406.4842377905573,0.7553634325968618,0.5098018287259402
T_Q3,27,B,SPI6,642,0.0,565.5861872633886,0.0,0.7,5879927719.346961,5879.927719346961,0.9000604831536629,0.4449425410040205
T_Q3,27,B,SPI6,643,-3.8296668422919047,0.0,-0.7991284944115038,0.7066981990164429,517696429.603441,517.696429603441,0.7703419077098234,0.5098018287259402
T_Q3,27,B,SPI6,644,0.0,1657.5771826686284,0.0,0.7,7271408411.14131,7271.408411141309,0.9355320738606042,0.276692638844416
T_Q3,27,B,SPI6,645,0.0,1526.4095179332442,0.0,0.7,7151783380.481932,7151.783380481932,0.9336108442736686,0.3012416835663713
T_Q3,27,B,SPI6,646,-2.643216852225497,0.0,-0.07671069302897182,0.7379810170595329,899779072.7857779,899.7790727857779,0.81887074394279,0.5098018287259402
T_Q3,27,B,SPI6,649,-3.9789466213499134,0.0,-0.7708968602013604,0.7,547711627.5575134,547.7116275575133,0.7745401501405342,0.5098018287259402
T_Q3,27,B,SPI6,651,0.0,1165.966442405044,0.0,0.700000113905803,6777002012.882458,6777.002012882458,0.9272067456505497,0.36727505603586297
T_Q3,27,B,SPI6,652,-1.9467703388501747,0.0,-0.7348744338506302,0.706813457838057,556593004.5261493,556.5930045261492,0.7751805600028461,0.5098018287259402
T_Q3,27,B,SPI6,653,0.0,827.9607231321252,0.0,0.7,6333352559.410785,6333.352559410785,0.9145764400327322,0.41445191589283814
T_Q3,27,B,SPI6,654,-3.7461367681902837,0.0,-0.9913028891181223,0.7273539320589449,379314975.1655847,379.31497516558466,0.7505247803038388,0.5098018287259402
T_Q3,27,B,SPI6,655,0.0,314.8951114272799,-0.0005670833878478317,0.7,5258542545.526501,5258.5425455265,0.8816664887750383,0.4740811897392109
T_Q3,27,B,SPI6,656,0.0,1806.2865445351672,-0.006159099193660441,0.7,7393524783.749795,7393.524783749795,0.9365994236311238,0.254847546874444
T_Q3,27,B,SPI6,657,-0.0002044621024688809,261.022903005381,-0.00251574408846017,0.7000384450591063,5075903912.980212,5075.903912980212,0.8751912335005515,0.4804852883623296
T_Q3,27,B,SPI6,660,-4.0,0.0,-0.5688194903938144,0.7,678167320.2097939,678.167320209794,0.7935745543814706,0.5098018287259402
T_Q3,27,B,SPI6,661,0.0,120.29007263161867,0.0,0.7,4409316647.141519,4409.316647141519,0.8585049987547589,0.49670900487423075
T_Q3,27,B,SPI6,662,0.0,240.47948855979172,0.0,0.7,5000980746.123012,5000.980746123011,0.8733055822393001,0.4827623012061053
T_Q3,27,B,SPI6,663,-0.0007756192109245741,1346.2847633425042,-0.0029545836192049354,0.7,6971763080.634039,6971.7630806340385,0.930764578218949,0.3358238161312129
T_Q3,27,B,SPI6,664,0.0,355.3532277120797,-0.0009799940812626959,0.7,5379275666.463433,5379.2756664634335,0.8850108513893334,0.4689223325150318
T_Q3,27,B,SPI6,665,0.0,222.71797948450566,0.0,0.7,4930520414.41324,4930.52041441324,0.8711708826982602,0.48486142242146074
T_Q3,27,B,SPI6,668,0.0,0.0,-0.42538815440930583,0.7000027101134745,779252571.8757614,779.2525718757614,0.8050307752517166,0.5098018287259402
T_Q3,27,B,SPI6,670,-0.097983060748568,286.16648930931046,-0.0006136667766386897,0.7,5164837649.172083,5164.837649172083,0.8763297399224392,0.48009392677980584
T_Q3,27,B,SPI6,671,0.0,206.32784138580968,-0.00067753841559327,0.7000032045323393,4860822270.968255,4860.822270968255,0.8688582915288007,0.48681823033408034
T_Q3,27,B,SPI6,672,0.0,69.74831937356305,-7.133668334159457e-05,0.7,4007662298.1593175,4007.6622981593173,0.8517451168747998,0.5016899704699896
T_Q3,27,B,SPI6,674,0.0,932.2469765098797,0.0,0.700083328975904,6482724483.9794235,6482.724483979424,0.919272779023019,0.4008965738072367
T_Q3,27,B,SPI6,675,0.0,451.98242351480053,0.0,0.7,5631811933.80009,5631.81193380009,0.8918774682463445,0.45721706336499807
T_Q3,27,B,SPI6,676,-4.0,0.0,-0.05727976825690494,0.700047711393395,1045585993.0866038,1045.5859930866038,0.8376205215782546,0.5098018287259402
T_Q3,27,B,SPI6,678,-0.0010139865546509585,0.0,-0.9547081135573583,0.7000102644533498,438029466.3443886,438.0294663443886,0.7605934464724089,0.5098018287259402
T_Q3,27,B,SPI6,681,-0.0027328326027614286,0.0,-1.6541395353559585,0.727081492598767,115675415.3527614,115.6754153527614,0.714128153129114,0.5098018287259402
T_Q3,27,B,SPI6,682,-0.17735254251268562,0.0,-1.5308159095366132,0.7000997808462265,168495495.66227832,168.49549566227833,0.7211726616145443,0.5098018287259402
T_Q3,27,B,SPI6,683,-0.07239535931819709,0.0,-0.7158802758706453,0.7,579187463.5446881,579.1874635446881,0.7790941758280854,0.5098018287259402
T_Q3,27,B,SPI6,685,-0.6827593936295411,0.0,-1.1493181365424112,0.7351608831263058,290412209.73297954,290.41220973297953,0.7362222933788737,0.5098018287259402
T_Q3,27,B,SPI6,686,0.0,659.9660354107539,0.0,0.7,6058572246.833915,6058.5722468339145,0.9057885935887859,0.43458924822997824
T_Q3,27,B,SPI6,687,-3.645540970240637,0.0,-0.924773847711886,0.7956325850439333,308546387.99630475,308.54638799630476,0.7393531860390651,0.5098018287259402
T_Q3,27,B,SPI6,688,-1.363890735638643e-05,871.7260037979277,-7.835712761236425e-05,0.7000564545078776,6397514339.466259,6397.514339466259,0.9165688262710356,0.4088305404347672
T_Q3,27,B,SPI6,690,0.0,429.3666585275879,-4.739012781487112e-05,0.700000761958583,5576892650.493317,5576.892650493317,0.8906678051730886,0.4596363895115097
T_Q3,27,B,SPI6,692,0.0,1076.4805955987197,0.0,0.7,6670257037.791504,6670.2570377915035,0.92453837122425,0.3809371330985163
T_Q3,27,B,SPI6,695,0.0,188.67688215954357,0.0,0.7000000105469584,4782580428.6558275,4782.580428655828,0.8669014836161811,0.48898850820080403
T_Q3,27,B,SPI6,697,-2.927023741774855,0.0,-0.1718240144522007,0.7382287299936435,840295019.8358996,840.2950198358996,0.8109723556409436,0.5098018287259402
T_Q3,27,B,SPI6,699,-0.5279940221371369,0.0,-1.382701649396446,0.70307293656686,220862840.3554715,220.8628403554715,0.7265449887928273,0.5098018287259402
T_Q3,27,B,SPI6,700,-0.9511804270380286,0.0,-0.04803126186320821,0.712471471832558,1009018988.6470335,1009.0189886470334,0.8326395559824954,0.5098018287259402
T_Q3,27,B,SPI6,701,-0.0004707326311726241,0.0,-0.05876337219582728,0.700071048753447,1044187608.7504706,1044.1876087504706,0.8373003166470988,0.5098018287259402
T_Q3,27,B,SPI6,703,-0.33866178065972896,0.0,-0.3974595266388401,0.7017768168200038,796175830.0896226,796.1758300896227,0.8063827516277084,0.5098018287259402
T_Q3,27,B,SPI6,705,-3.313516182523281,0.0,-0.6797225783509281,0.7134072643841058,574034631.5845447,574.0346315845446,0.7773152595438857,0.5098018287259402
T_Q3,27,B,SPI6,708,-2.6131513757331857,0.0,-1.4251724417746359,0.7189527814263849,193421485.5699548,193.42148556995483,0.7231294695271642,0.5098018287259402
T_Q3,27,B,SPI6,711,-0.27621601222542913,0.0,-0.9265121006906036,0.7229216708225233,417537975.94526213,417.53797594526213,0.7567865656242218,0.5098018287259402
T_Q3,27,B,SPI6,712,-0.6219280646969991,99.87579980493794,-0.000462288511679436,0.7005868857811429,4263361321.000935,4263.361321000935,0.8496815739851283,0.5036112000569253
T_Q3,27,B,SPI6,715,0.0,1572.2212169135855,0.0,0.7000084737575661,7194391026.96463,7194.39102696463,0.9341800974846123,0.29277404205358093
T_Q3,27,B,SPI6,716,0.0,1650.2005704778362,-0.0011113653148175518,0.7000000212149474,7263761343.012913,7263.761343012913,0.9354253388835522,0.27790230191767173
T_Q3,27,B,SPI6,717,0.0,611.346102007597,-2.820804760118249e-06,0.7000047066463774,5969186556.318034,5969.1865563180345,0.9030846408368021,0.44010388871099726
T_Q3,27,B,SPI6,718,0.0,1158.7075591885607,-0.0012448371330094216,0.7,6767405783.126475,6767.405783126475,0.9270288540221296,0.36837798413206674
T_Q3,27,B,SPI6,719,0.0,468.4718487675938,-6.63216240055626e-06,0.7000510348325084,5670394588.584111,5670.394588584111,0.893336179599388,0.4560429786174263
T_Q3,27,B,SPI6,721,-0.9687648256910255,0.0,-0.6067864715367772,0.7079209915868724,633420479.5826119,633.420479582612,0.7871348774326679,0.5098018287259402
T_Q3,27,B,SPI6,722,-2.1170701101268623,0.0,-2.4014553559697855,0.7938152236629732,13208180.45095047,13.20818045095047,0.6981534848970006,0.5098018287259402
T_Q3,27,B,SPI6,723,-2.2389714644658802e-08,989.3408563614902,-8.473594990809351e-08,0.7000523940643592,6559593010.787555,6559.593010787555,0.9216565268438467,0.3929626071797061
T_Q3,27,B,SPI6,724,-0.0015357963949776642,484.2329885857227,0.0,0.700000000011859,5706610762.003941,5706.61076200394,0.8946525776496957,0.4551535204753265
T_Q3,27,B,SPI6,725,0.0,333.88366692567365,-0.00020724162847671028,0.7000094834579613,5316971487.788825,5316.9714877888255,0.8833742484078698,0.4714483936385954
T_Q3,27,B,SPI6,726,0.0,137.00773279466983,0.0,0.7001660100807962,4512545031.9700575,4512.545031970058,0.8607108549471663,0.49553492012665884
T_Q3,27,B,SPI6,727,-0.5685287532695988,144.97529961395568,-2.593085847459216e-05,0.7000000118880924,4558587573.16294,4558.58757316294,0.8542711779983634,0.5002668374426298
T_Q3,27,B,SPI6,728,-2.3930278485334842e-06,314.7255862341432,-0.00022343365235624906,0.7001220941672845,5257765806.604335,5257.765806604335,0.8815597537979862,0.47415234639057885
T_Q3,27,B,SPI6,729,0.0,152.79724499678522,-0.00023036084400035478,0.7001215494629168,4602029786.618264,4602.029786618265,0.8623118796029456,0.49350695556267127
T_Q3,27,B,SPI6,730,-0.003447618361653408,0.0,-0.7596163865161317,0.706022033913871,543151336.2846419,543.1513362846418,0.7738285836268546,0.5098018287259402
T_Q3,27,B,SPI6,731,-3.8033652515744596e-06,258.0191053799111,-9.868081611981124e-07,0.7000039057411208,5066772142.40761,5066.77214240761,0.8751200768491834,0.4808054932934856
T_Q3,27,B,SPI6,732,-3.926652147519182e-05,1377.7007521984674,-2.1839269197803133e-05,0.7000001129294681,7006282284.332317,7006.282284332317,0.931298253104209,0.32973992243925
T_Q3,27,B,SPI6,734,0.0,1238.718447853336,-0.0002264091773697659,0.7000256650881675,6858841587.763778,6858.841587763778,0.9288433486320135,0.3545024371153094
T_Q3,27,B,SPI6,739,-5.569108057636685e-05,510.42616711525636,0.0,0.7000096440444185,5764728728.160712,5764.728728160712,0.8965738072366314,0.45123990465008723
T_Q3,27,B,SPI6,745,-9.684384965588925e-07,1697.1340922028705,-0.0032366901238354766,0.7000022118400743,7303417515.391335,7303.417515391335,0.935994592094496,0.2702885402212971
T_Q3,27,B,SPI6,746,-0.010996311030731065,0.0,-1.604985773710276,0.7062055715726497,138392066.40737727,138.39206640737729,0.7172946241149892,0.5098018287259402
T_Q3,27,B,SPI6,747,-2.190438659327181e-08,1045.7019050204526,-0.0004806393295811584,0.7000004444459951,6631583130.043702,6631.583130043702,0.9236133347564662,0.3856690504144875
T_Q3,27,B,SPI6,748,-1.8895268034383372e-06,2090.7630554326656,-0.000366342555702953,0.7000552008362733,7619874902.616972,7619.874902616972,0.9387697014978476,0.23125911694595652
T_Q3,27,B,SPI6,751,-0.004441112894408961,0.0,-1.0409450590872802,0.8043894244136865,256925305.1261204,256.9253051261204,0.7313836410858505,0.5098018287259402
T_Q3,27,B,SPI6,755,-2.2389714644658802e-08,663.5784892746198,-8.473594990809351e-08,0.7000523940643592,6064823745.323826,6064.823745323826,0.9061087985199415,0.43398441669335036
T_Q3,27,B,SPI6,756,0.0,1302.8793659766388,0.0,0.7000305171769986,6928389349.163165,6928.389349163165,0.9302664816593732,0.34347315615327145
T_Q3,27,B,SPI6,758,-0.042606192402911136,0.0,-1.6897535509539232,0.7062055715726497,116666240.86916058,116.66624086916057,0.7141637314547977,0.5098018287259402
T_Q3,27,B,SPI6,759,0.0,206.11634431155582,0.0,0.7000227116183606,4860631732.724961,4860.631732724962,0.8688227132031165,0.48681823033408034
T_Q3,27,B,SPI6,760,0.0,902.3973503259392,0.0,0.7,6441565025.034481,6441.565025034481,0.9178852243213437,0.4050236595865799
T_Q3,27,B,SPI6,761,-0.001537791897615865,51.66704231551216,0.0,0.700001399540877,3807704253.3426166,3807.7042533426165,0.8490411641228163,0.5037890916853452
T_Q3,27,B,SPI6,763,-1.215831099160536e-08,167.9643871746163,-0.0002241639617628138,0.7000000219514837,4682077552.503839,4682.077552503839,0.8646600490980892,0.4913010993702637
T_Q3,27,B,SPI6,764,-4.4590788067018693e-10,682.1055491843267,-3.941132354129506e-07,0.7000551061651911,6097409668.50376,6097.40966850376,0.9072473049418294,0.4317429821752589
T_Q3,27,B,SPI6,765,-0.0048612208069813145,66.59138979949876,0.0,0.7,3975850830.04717,3975.8508300471703,0.851531646920696,0.5020813320525137
T_Q3,27,B,SPI6,767,-3.122422914599121,0.0,-1.8881019988691472,0.7186895361341117,68918955.02120993,68.91895502120992,0.7066567047354754,0.5098018287259402
T_Q3,27,B,SPI6,769,-0.0015633714772774754,36.90628868602863,-0.0006208522962171906,0.7001690508914673,3598768422.3651433,3598.768422365143,0.8467641512790407,0.505603586295229
T_Q3,27,B,SPI6,770,-3.83499994795522,0.0,-1.0371892697528757,0.7110966804026989,380327824.5127843,380.3278245127843,0.7511296118404667,0.5098018287259402
T_Q3,27,B,SPI6,771,0.0,1474.4249042299293,-0.0012879572940639856,0.7000001182069703,7101166282.888781,7101.16628288878,0.9327925427829369,0.31138150638630946
T_Q3,27,B,SPI6,773,-0.7119020486657811,0.0,-0.36178629178723587,0.7000290588184008,824598438.2118362,824.5984382118362,0.8105098374070515,0.5098018287259402
T_Q3,27,B,SPI6,775,-1.6420464738358053e-06,1197.3581509918758,-0.000581785901302342,0.7000341396353711,6812311987.52761,6812.31198752761,0.9279538904899135,0.361795993880528
T_Q3,27,B,SPI6,776,-0.0013560035157499286,741.3496928152978,-7.100493590591333e-09,0.7000507006409683,6197254823.285932,6197.254823285932,0.9105916675561249,0.42530330522645604
T_Q3,27,B,SPI6,777,0.0,562.5847544051115,-0.0004683960728274195,0.7000006243743778,5873474789.489931,5873.474789489931,0.8997402782225069,0.4452271676094923
T_Q3,27,B,SPI6,778,0.0,765.8245874517904,-4.572626492382707e-06,0.7000000080132107,6237134203.32421,6237.13420332421,0.9117657523036967,0.4217454726580566
T_Q3,27,B,SPI6,782,-0.0002205384402986857,0.0,-0.0354228664812144,0.7000010454966801,1061837142.5621626,1061.8371425621626,0.8385455580460383,0.5098018287259402
T_Q3,27,B,SPI6,784,-0.9974462408232724,0.0,-0.5647926603168127,0.7003458759194472,680523461.7568269,680.5234617568269,0.7938591809869426,0.5098018287259402
T_Q3,27,B,SPI6,785,-2.1272852780010564e-05,1914.297984463682,-0.0015173628100646846,0.7000263083148062,7484438487.04575,7484.43848704575,0.9377023517273277,0.24267975949051834
T_Q3,27,B,SPI6,786,0.0,588.7276310406714,-0.0004096098489977042,0.7000305171769986,5925178966.946874,5925.1789669468735,0.9018393994378626,0.44213185327498494
T_Q3,27,B,SPI6,787,-3.123926912890566,0.0,-1.8682684762423714,0.7956325850439333,52274698.40927553,52.27469840927553,0.7039527519834918,0.5098018287259402
T_Q3,27,B,SPI6,788,-3.172602560470346e-05,0.0,-0.00991026230247749,0.7000300180263642,1077086866.465976,1077.086866465976,0.8406802575870778,0.5098018287259402
T_Q3,27,B,SPI6,789,-3.1238666370183136e-09,1853.7955250367324,-0.0004737914548438584,0.7000006152269839,7436840815.44626,7436.84081544626,0.937310990144804,0.24876365318248114
T_Q3,27,B,SPI6,790,-0.0013332557088709058,120.24386160955135,-7.64766941019244e-09,0.7000515470615327,4408818941.386241,4408.818941386241,0.858433842103391,0.49685131817696665
T_Q3,27,B,SPI6,791,-3.4301058434089526e-05,849.2380579421767,-0.0007439812340116455,0.7001454643945604,6363663588.080903,6363.663588080903,0.9153947415234639,0.41174796314085454
T_Q3,27,B,SPI6,792,0.0,1810.3508470825743,-4.541676032076391e-05,0.7000297160387567,7401649196.013911,7401.649196013911,0.936884050236596,0.25406482370939626
T_Q3,27,B,SPI6,793,-2.2306240755747193e-08,22.827932834985933,-0.00010530739342390691,0.700000014511709,3330191900.469977,3330.191900469977,0.8449140783434733,0.5070622976482727
T_Q3,27,B,SPI6,794,-2.45713689343747,0.0,-0.07060302495307869,0.7229216326750536,955546970.4986871,955.5469704986872,0.8267335539189525,0.5098018287259402
T_Q3,27,B,SPI6,796,0.0,277.9785648762527,0.0,0.7,5137528732.981402,5137.528732981403,0.877646137972747,0.47859963710107806
T_Q3,27,B,SPI6,797,-0.05347440572299117,0.0,-0.7626842131120053,0.7228001597003533,510496698.7536254,510.49669875362537,0.7683139431458357,0.5098018287259402
T_Q3,27,B,SPI6,798,-0.029978376027045117,0.0,-0.6602480508246881,0.7002893301492147,612944552.0260831,612.9445520260831,0.7832212616074289,0.5098018287259402
T_Q3,27,B,SPI12,0,-0.20898463252463806,0.0,-0.8680861856640494,0.7909150453640668,349282658.4119041,349.2826584119041,0.7439427900523001,0.5098018287259402
T_Q3,27,B,SPI12,4,-3.237462823786163,0.0,-0.8676720992530259,0.8333042873172302,278621594.4576724,278.6215944576724,0.7319884726224785,0.5098018287259402
T_Q3,27,B,SPI12,5,-3.095524954631323,0.0,-0.32897806091102044,0.7005617762227938,873841451.7356598,873.8414517356598,0.8197602020848898,0.5098018287259402
T_Q3,27,B,SPI12,6,-2.016958586848271e-08,494.80150329051827,0.0,0.7,5725386596.552175,5725.3865965521745,0.8968584338421034,0.45807094318141384
T_Q3,27,B,SPI12,7,-2.597689182866022,0.0,-1.53123598982745,0.8556210815609956,96518989.54052578,96.51898954052578,0.7071548012950509,0.5098018287259402
T_Q3,27,B,SPI12,11,-3.6932582887080283,0.0,-1.353929605767141,0.7535862147823936,213101450.45594865,213.10145045594865,0.7259045789305155,0.5098018287259402
T_Q3,27,B,SPI12,12,0.0,684.4840014999058,-1.4145535152457658e-07,0.7,6096713048.193535,6096.713048193535,0.9083502330380332,0.43843170740384946
T_Q3,27,B,SPI12,15,0.0,198.22069764292516,-2.896584814318822e-08,0.7000000136218967,4821174279.735795,4821.174279735795,0.8697477496709005,0.4900202796456399
T_Q3,27,B,SPI12,16,-0.06892400420785616,0.0,-1.6137375293768006,0.8807273246763052,66741014.94794966,66.74101494794967,0.7035613904009677,0.5098018287259402
T_Q3,27,B,SPI12,17,0.0,132.37849496926444,0.0,0.7,4480710253.066952,4480.710253066952,0.8612801081581102,0.49688689650265067
T_Q3,27,B,SPI12,18,0.0,1223.0040844095568,-0.0007620288971872989,0.7000001223172715,6835662227.699145,6835.662227699146,0.9272423239762337,0.367026007756075
T_Q3,27,B,SPI12,21,-2.5511095552912235,0.0,-0.6095158070063607,0.700005005838656,684343545.8712159,684.343545871216,0.7950688440601984,0.5098018287259402
T_Q3,27,B,SPI12,26,-5.5841137605597215e-08,715.0443405992532,0.0,0.7000165632687894,6148777115.619682,6148.777115619682,0.9102714626249687,0.43498060981250225
T_Q3,27,B,SPI12,27,-0.002160575240074708,148.04978209075097,0.0,0.7,4571812274.460908,4571.812274460908,0.8633436510477817,0.4954281851496069
T_Q3,27,B,SPI12,29,0.0,339.8040668444341,0.0,0.7,5329973740.093242,5329.973740093242,0.8850108513893337,0.47493506955562675
T_Q3,27,B,SPI12,31,0.0,231.64418494010124,-1.7209622932311948e-09,0.7000015486634695,4961579862.778824,4961.579862778824,0.8740883054043477,0.48667591703134455
T_Q3,27,B,SPI12,33,-0.20794324418795673,0.0,-0.16748831461056551,0.7000051463191183,982090055.2030609,982.0900552030608,0.8331020742163874,0.5098018287259402
T_Q3,27,B,SPI12,36,-2.125036910671051,0.0,-0.1433088333946133,0.7000082830087584,997256512.4531884,997.2565124531884,0.8354146653858469,0.5098018287259402
T_Q3,27,B,SPI12,37,0.0,804.4529046067321,0.0,0.7000000015786292,6292414301.234603,6292.414301234603,0.9140427651474722,0.425018678620984
T_Q3,27,B,SPI12,38,-3.522512753913101e-09,1102.682687682392,0.0,0.7000015479045752,6696484235.141649,6696.484235141649,0.92453837122425,0.38680755683637513
T_Q3,27,B,SPI12,41,0.0,215.94312238929493,0.0,0.7000296189434941,4897602458.19528,4897.60245819528,0.87206034084036,0.48813462838438826
T_Q3,27,B,SPI12,43,-2.692982545091885,0.0,-0.017346717917641863,0.7000066864216438,1069792086.2726264,1069.7920862726264,0.8427438004767495,0.5098018287259402
T_Q3,27,B,SPI12,44,0.0,21.532630341181516,-0.0008831943003283771,0.7,3294777065.1449704,3294.7770651449705,0.8476536094211407,0.5075603942078486
T_Q3,27,B,SPI12,46,-8.312267133807843e-06,413.3960821941647,-0.0010641859091113802,0.7000000019829122,5531077361.89708,5531.077361897081,0.8907389618244564,0.4663606930657845
T_Q3,27,B,SPI12,48,-0.013286869928903267,6.112405211447481,0.0,0.7000079278337918,2726071499.7911677,2726.0714997911678,0.845341018251681,0.5092325755149962
T_Q3,27,B,SPI12,52,-1.258281156807248e-05,861.8244293935411,-0.0010050920625039007,0.7000003357211717,6377474041.878479,6377.474041878479,0.9163909346426158,0.41793859180986953
T_Q3,27,B,SPI12,53,0.0,98.66279241799509,-0.001244637155582882,0.7,4251866597.0261717,4251.866597026172,0.8572953356815026,0.5000177891628421
T_Q3,27,B,SPI12,54,-2.125036910671051,0.0,-0.10561243567553574,0.7000082830087584,1017600863.4594961,1017.6008634594962,0.8378695698580423,0.5098018287259402
T_Q3,27,B,SPI12,55,0.0,2059.728078922607,-0.0010715088276755038,0.7000008222847108,7590313981.027187,7590.313981027188,0.9379514000071154,0.24129220478884264
T_Q3,27,B,SPI12,58,-0.000272862784176461,286.9180930259443,0.0,0.7000403465640935,5162957160.730725,5162.957160730725,0.8797808375137868,0.48076991496780164
T_Q3,27,B,SPI12,63,-2.707589699899049,0.0,-0.21379590846483332,0.7000043343227808,948380646.4900537,948.3806464900537,0.829437506670936,0.5098018287259402
T_Q3,27,B,SPI12,64,-3.330763287372845,0.0,-0.7483583560187616,0.7356478617186947,507737377.8594889,507.7373778594889,0.7691322446365675,0.5098018287259402
T_Q3,27,B,SPI12,65,-0.20151585446889908,0.0,-0.4333622153064294,0.7000050610184589,821486439.8951751,821.4864398951751,0.8133205251360872,0.5098018287259402
T_Q3,27,B,SPI12,68,-0.0010525759444560585,249.02893589854176,-0.001094663830730827,0.7000000957358042,5027872138.316993,5027.872138316993,0.876151848294019,0.48486142242146074
T_Q3,27,B,SPI12,71,0.0,355.6648722590742,-0.0001237493793747775,0.7,5376084117.241001,5376.084117241001,0.8863272494396414,0.47319173159711103
T_Q3,27,B,SPI12,73,-1.1588209570579366e-10,545.2148562530688,-2.681951971243951e-06,0.7000050375386968,5833393022.818939,5833.393022818939,0.8996335432454546,0.45269861600313094
T_Q3,27,B,SPI12,74,-2.8001544557167017,0.0,-0.6377594818911229,0.700001388137592,659330992.042811,659.3309920428111,0.7912263848863273,0.5098018287259402
T_Q3,27,B,SPI12,79,-1.935825883658835e-07,993.5991369250112,-0.0010022272132801878,0.7000066412215882,6559147989.065458,6559.147989065458,0.9214786352154266,0.4013590920411286
T_Q3,27,B,SPI12,80,-0.0005266526323060145,82.33610352033212,-0.0010951107298038305,0.7000003375950855,4119192458.8823543,4119.192458882354,0.8553741060945671,0.5014409221902019
T_Q3,27,B,SPI12,81,0.0,301.60886634726114,-5.189138505303208e-06,0.7000152637631158,5211627618.682112,5211.6276186821115,0.8814174404952504,0.479133311986338
T_Q3,27,B,SPI12,82,0.0,114.92224167848326,-4.916037311578913e-06,0.700000147457906,4369018493.772238,4369.018493772238,0.8590386736400184,0.4983811861813783
T_Q3,27,B,SPI12,85,-2.0131737156801797,0.0,-1.3952303532034231,0.7667711082707326,189976825.50533822,189.9768255053382,0.7223467463621164,0.5098018287259402
T_Q3,27,B,SPI12,86,0.0,1610.1647471101408,-0.0001237493793747775,0.7,7222904849.878337,7222.904849878337,0.9332194826911445,0.2945529583377806
T_Q3,27,B,SPI12,87,-0.0005350852406633287,398.6824169286253,-4.79457387283179e-06,0.700125863634319,5493319043.05603,5493.31904305603,0.8895292987512007,0.4681040310242999
T_Q3,27,B,SPI12,90,-7.031849640672654e-08,35.095508457811036,-0.00010906760830604531,0.7000066458330938,3565748719.285513,3565.748719285513,0.8493257907282883,0.5061016828548047
T_Q3,27,B,SPI12,92,-0.002325682497523995,0.0,-0.5080783640721944,0.7114332040764372,732059489.3523602,732.0594893523603,0.8013662077062652,0.5098018287259402
T_Q3,27,B,SPI12,94,-6.662784434416559e-08,1831.0526704079978,-6.528301924231726e-06,0.7000066458330938,7412406433.484784,7412.406433484784,0.9357099654890239,0.26071797061230295
T_Q3,27,B,SPI12,95,-8.312267133807843e-06,1384.5462150491294,-0.0010641859091113802,0.7000000759720453,7006539319.804384,7006.539319804384,0.929839541751165,0.33767388906678036
T_Q3,27,B,SPI12,96,-2.755572191796974,0.0,-0.5190471821741776,0.7000122575912254,753504566.8311852,753.5045668311852,0.8043903653894049,0.5098018287259402
T_Q3,27,B,SPI12,98,-0.0009764798880907156,478.6511400914296,0.0,0.700037986487553,5688879940.973374,5688.879940973375,0.8954708791404278,0.4596363895115095
T_Q3,27,B,SPI12,99,-0.000839029015375684,434.52697445912736,-4.657739962951134e-09,0.7000000258661859,5584729993.075922,5584.729993075922,0.8928025047141281,0.4637634752908529
T_Q3,27,B,SPI12,101,-3.2201415185880693,0.0,-0.30748853717290314,0.7002983206490592,885735162.2327207,885.7351622327208,0.8212189134379336,0.5098018287259402
T_Q3,27,B,SPI12,102,-1.9727000174683567,0.0,-0.6541573208064833,0.716887344304813,612364804.9636089,612.3648049636089,0.7842530330522647,0.5098018287259402
T_Q3,27,B,SPI12,103,-9.785930202962875e-08,573.9124719610945,-2.4541173737141963e-05,0.7000172738374218,5891493314.481739,5891.493314481739,0.9012701462269185,0.4495321450172555
T_Q3,27,B,SPI12,104,-2.753569766781275,0.0,-0.2323423858301986,0.7000122575912254,933931307.3015105,933.9313073015104,0.8279076386665244,0.5098018287259402
T_Q3,27,B,SPI12,106,-3.7890609509596493,0.0,-0.7236394302748601,0.7560520374837602,481138879.9572059,481.1388799572059,0.7637599174582844,0.5098018287259402
T_Q3,27,B,SPI12,109,-0.5651641741574309,0.0,-0.74855041366191,0.7371182395387573,504913991.8147684,504.9139918147684,0.7684918347742555,0.5098018287259402
T_Q3,27,B,SPI12,111,0.0,320.93611568316254,0.0,0.7,5272906241.991999,5272.906241991998,0.8832319351051339,0.47689187746824646
T_Q3,27,B,SPI12,112,-4.0,0.0,-0.9728087512793745,0.8038126343576001,288786243.47843206,288.7862434784321,0.7352972569110898,0.5098018287259402
T_Q3,27,B,SPI12,113,-2.02170274086584,0.0,-0.6886163628134138,0.7941220394317507,425760336.19463587,425.76033619463584,0.7559682641334899,0.5098018287259402
T_Q3,27,B,SPI12,117,0.0,1392.8714988249164,0.0,0.7,7015692628.6040125,7015.6926286040125,0.930053011705269,0.3357882378055289
T_Q3,27,B,SPI12,118,-3.0079999585094703,0.0,-0.7131982113957803,0.7,600543662.0558652,600.5436620558652,0.7839328281211086,0.5098018287259402
T_Q3,27,B,SPI12,120,-3.564126087854051,0.0,-0.14073393928190148,0.7,999181504.0589324,999.1815040589324,0.8356992919913189,0.5098018287259402
T_Q3,27,B,SPI12,122,0.0,270.62512862122696,0.0,0.7,5107009599.320708,5107.009599320708,0.8782153911836907,0.4825844095776852
T_Q3,27,B,SPI12,123,0.0,198.22577496673418,-0.0011939889748316603,0.7,4820451618.626646,4820.451618626646,0.8697121713452164,0.4900202796456399
T_Q3,27,B,SPI12,124,0.0,418.09090022363443,0.0,0.7,5543735183.830623,5543.735183830623,0.8911303234069804,0.4657202832034725
T_Q3,27,B,SPI12,126,-2.566808434392954,0.0,-0.6400238191709089,0.7,657329669.9967268,657.3296699967268,0.7907994449781193,0.5098018287259402
T_Q3,27,B,SPI12,127,-4.0,0.0,-0.05486034761737934,0.7,1046949772.2262347,1046.9497722262347,0.8408581492154981,0.5098018287259402
T_Q3,27,B,SPI12,128,-2.239326042833436,0.0,-0.520240648876595,0.7,752395384.9600273,752.3953849600273,0.8043547870637208,0.5098018287259402
T_Q3,27,B,SPI12,129,-0.001337836146494787,600.585703252624,0.0,0.7,5943584219.003086,5943.584219003086,0.9033336891165903,0.446970505568008
T_Q3,27,B,SPI12,132,0.0,118.55920100895256,-0.0023398193530370813,0.7000052502371028,4392221611.666022,4392.221611666022,0.8591809869427548,0.4980965595759063
T_Q3,27,B,SPI12,133,-3.871731244388197,0.0,-0.5401697955299933,0.7,737379366.7834082,737.3793667834082,0.8014373643576335,0.5098018287259402
T_Q3,27,B,SPI12,134,0.0,84.23828758350271,0.0,0.7,4136376625.8598886,4136.376625859889,0.8555164193973032,0.5013341872131498
T_Q3,27,B,SPI12,135,0.0,20.08958928622647,0.0,0.7,3259229459.4425054,3259.2294594425052,0.8474401394670367,0.5077382858362686
T_Q3,27,B,SPI12,136,-0.008519223713510327,55.51446291414959,0.0,0.7,3849878170.071209,3849.878170071209,0.8524211050627956,0.5038246700110292
T_Q3,27,B,SPI12,137,0.0,858.9601985820455,0.0,0.7,6373884277.53296,6373.88427753296,0.9163197779912475,0.4184011100437614
T_Q3,27,B,SPI12,138,0.0,1603.7627204817454,0.0,0.7,7217083235.177039,7217.08323517704,0.9331483260397763,0.2954424164798804
T_Q3,27,B,SPI12,139,0.0,1344.992205989945,0.0,0.7000142948223919,6966712323.008419,6966.712323008419,0.9291279752374854,0.3451453374604191
T_Q3,27,B,SPI12,143,0.0,97.27406498783108,0.0,0.7,4242008769.4750457,4242.0087694750455,0.8571530223787668,0.5002668374426301
T_Q3,27,B,SPI12,144,0.0,1981.82214770013,-0.0012710244535770775,0.7000134634643618,7531155397.439764,7531.155397439764,0.9371330985163836,0.24680684526986157
T_Q3,27,B,SPI12,145,0.0,1435.1283429229752,0.0,0.7,7057837982.227001,7057.837982227001,0.9306934215675808,0.3279254278293664
T_Q3,27,B,SPI12,146,0.0,713.694859264984,-0.0006226203913355724,0.7,6146413897.791009,6146.413897791009,0.9102003059736007,0.4350517664638702
T_Q3,27,B,SPI12,148,-3.925386845964523,0.0,-0.3267243636077197,0.7014892553698957,872490923.7019744,872.4909237019743,0.8194399971537336,0.5098018287259402
T_Q3,27,B,SPI12,149,0.0,376.29333156274606,0.0,0.7,5433788846.276365,5433.788846276365,0.8879638524211049,0.4706300921478634
T_Q3,27,B,SPI12,150,0.0,525.1663005814522,0.0,0.7,5791437624.720681,5791.437624720681,0.898708506777671,0.4544063756359626
T_Q3,27,B,SPI12,151,0.0,1290.8922212224866,0.0,0.7,6909885987.817869,6909.885987817869,0.9285587220265414,0.3543245454868894
T_Q3,27,B,SPI12,152,-0.5780489859275528,0.0,-1.0389173564126057,0.7353151369685818,351865521.6236551,351.86552162365507,0.7466823211299675,0.5098018287259402
T_Q3,27,B,SPI12,155,-1.9264400855332955,0.0,-1.0424504709014688,0.9552179056048519,59448061.892680176,59.44806189268017,0.7024940406304478,0.5098018287259402
T_Q3,27,B,SPI12,156,-3.4284914642462834,0.0,-1.0739227327663512,0.7000499049960346,378105018.2854906,378.1050182854906,0.7519479133311987,0.5098018287259402
T_Q3,27,B,SPI12,157,-3.873510692534831,0.0,-1.0855123787147591,0.8790296082185544,150328087.27132428,150.32808727132428,0.7138791048493256,0.5098018287259402
T_Q3,27,B,SPI12,161,-0.35652853327833256,0.0,-0.4597261867431492,0.7012568122277038,795392298.0802239,795.3922980802239,0.8094780659622159,0.5098018287259402
T_Q3,27,B,SPI12,164,0.0,179.17289053350947,0.0,0.7,4732911359.142482,4732.911359142482,0.8672928451987049,0.49194150923257557
T_Q3,27,B,SPI12,167,-0.044788357039998505,186.42998772944713,0.0,0.7,4767285181.49166,4767.28518149166,0.8680044117123847,0.49194150923257557
T_Q3,27,B,SPI12,168,-3.323537203332297,0.0,-0.18983737959911134,0.700046874338987,965581672.2182099,965.5816722182099,0.8311096879780836,0.5098018287259402
T_Q3,27,B,SPI12,170,-3.3022418728352214,0.0,-0.30705590976144975,0.7000000001693146,886681429.8330071,886.6814298330071,0.8213968050663536,0.5098018287259402
T_Q3,27,B,SPI12,172,-7.543479110045181e-06,628.9890604473815,0.0,0.7000138085820398,5997042411.473432,5997.0424114734315,0.904650087166898,0.4438396129078165
T_Q3,27,B,SPI12,173,0.0,335.9061018173573,-0.00012135865649798294,0.700003969444558,5318367881.567259,5318.367881567259,0.8847973814352298,0.47539758778951857
T_Q3,27,B,SPI12,174,0.0,286.47158798381014,0.0,0.7,5161599826.469038,5161.599826469038,0.8797452591881026,0.4808054932934857
T_Q3,27,B,SPI12,175,0.0,143.97834526912098,0.0,0.7,4548880183.817353,4548.880183817353,0.8627032411854699,0.49585512505781487
T_Q3,27,B,SPI12,176,-2.8962557855283246,0.0,-0.01679204987252611,0.7000000060081744,1070704888.4971284,1070.7048884971284,0.8427793788024336,0.5098018287259402
T_Q3,27,B,SPI12,179,-3.4834210597196877,0.0,-0.2357296530804781,0.7000722380015444,931826932.098739,931.826932098739,0.8273028071298966,0.5098018287259402
T_Q3,27,B,SPI12,180,-0.0024203180019037856,131.70921822790365,0.0,0.7,4476640777.223037,4476.640777223037,0.8612089515067421,0.49692247482833474
T_Q3,27,B,SPI12,181,0.0,1827.1476234668544,0.0,0.7,7409236317.334688,7409.2363173346885,0.9356743871633398,0.26139395880029886
T_Q3,27,B,SPI12,182,0.0,926.7875287836931,0.0,0.7,6470082332.268184,6470.082332268184,0.9193083573487029,0.4103248301134948
T_Q3,27,B,SPI12,183,0.0,1106.5886174890816,0.0,0.7,6701192132.495846,6701.192132495846,0.9246806845269859,0.3862383036254313
T_Q3,27,B,SPI12,188,0.0,393.7627393483504,0.0,0.7000441916548168,5480692465.449177,5480.692465449177,0.8892090938200446,0.46849539260682393
T_Q3,27,B,SPI12,189,-0.0005018747190334699,1142.2096495820495,0.0,0.7000000000346782,6743490786.389027,6743.490786389027,0.9255701426690862,0.3805101931903085
T_Q3,27,B,SPI12,191,-2.02170274086584,0.0,-0.6886163628134138,0.9510714456557928,101287840.76865222,101.28784076865222,0.7075461628775748,0.5098018287259402
T_Q3,27,B,SPI12,193,0.0,473.55398844088995,0.0,0.7,5677345496.316546,5677.345496316547,0.8951862525349555,0.46013448607108537
T_Q3,27,B,SPI12,196,-3.9375560512901524,0.0,-0.2801756718389645,0.7000000819953853,904540218.2719055,904.5402182719056,0.8234247696303412,0.5098018287259402
T_Q3,27,B,SPI12,197,-0.031558798956317524,0.0,-0.3974342990941174,0.7000004421948809,839344390.9535195,839.3443909535195,0.8156686946312307,0.5098018287259402
T_Q3,27,B,SPI12,199,-4.0,0.0,-2.540891246948595,0.7608955571084999,14217105.36733061,14.21710536733061,0.698260219874053,0.5098018287259402
T_Q3,27,B,SPI12,200,0.0,495.37481656337684,-0.00129685529663669,0.7,5725915395.222417,5725.915395222417,0.8969295904934715,0.4578930515529938
T_Q3,27,B,SPI12,203,0.0,302.4105525048969,-2.400791040035286e-05,0.7000001239008721,5214280021.094733,5214.2800210947335,0.8815953321236704,0.479133311986338
T_Q3,27,B,SPI12,206,0.0,235.56289391668574,-0.001122835311690966,0.7,4976259083.563778,4976.2590835637775,0.8744796669868717,0.48621339879745246
T_Q3,27,B,SPI12,207,-1.4949446315058923,0.0,-0.902382747812229,0.8828639255682418,189110525.29259363,189.11052529259362,0.7192514320276088,0.5098018287259402
T_Q3,27,B,SPI12,211,-0.6517763887373463,0.0,-1.0872881064709217,0.8820145867100742,146208194.60558692,146.20819460558693,0.7133810082897498,0.5098018287259402
T_Q3,27,B,SPI12,213,-1.664929325007968,0.0,-0.23572744176036603,0.7003350313269353,931010593.6137594,931.0105936137594,0.8271604938271605,0.5098018287259402
T_Q3,27,B,SPI12,214,-0.0016183252752109828,0.0,-0.66298898351326,0.7008856622282439,639864520.8650833,639.8645208650834,0.7885580104600278,0.5098018287259402
T_Q3,27,B,SPI12,215,-0.1641888975287192,0.0,-1.0717971161369466,0.8684039440922059,166307601.6885716,166.3076016885716,0.7166897925783613,0.5098018287259402
T_Q3,27,B,SPI12,217,0.0,286.92874191024544,0.0,0.700003241922775,5163128100.870748,5163.128100870747,0.8798519941651548,0.48076991496780164
T_Q3,27,B,SPI12,218,-0.1317162934037251,0.0,-0.6594771505401357,0.7114768836519626,619787807.2259144,619.7878072259143,0.7853203828227845,0.5098018287259402
T_Q3,27,B,SPI12,219,-5.835909456158773e-07,376.124018930923,0.0,0.7000000919260227,5433321167.915503,5433.321167915503,0.8879282740954211,0.4706300921478634
T_Q3,27,B,SPI12,221,-0.1317454333179528,0.0,-0.6621055941942224,0.8822384689917545,252226630.13385218,252.22663013385218,0.7275411819119794,0.5098018287259402
T_Q3,27,B,SPI12,222,-0.6732520466728719,0.0,-0.6384470440501465,0.7003920965522842,658295316.1051805,658.2953161051805,0.7910484932579074,0.5098018287259402
T_Q3,27,B,SPI12,228,-0.000532031798601604,864.7281763920203,-1.3469135516355518e-05,0.7000146075232627,6382218293.616698,6382.218293616698,0.9166044045967197,0.4175828085530296
T_Q3,27,B,SPI12,230,-0.21126920992754783,0.0,-0.7549745503509601,0.7018508463959662,568829530.4250574,568.8295304250574,0.7801615255986053,0.5098018287259402
T_Q3,27,B,SPI12,231,-2.1019153511204296,0.0,-1.3026909839580136,0.9071891118730145,86786693.36314625,86.78669336314624,0.7055181983135874,0.5098018287259402
T_Q3,27,B,SPI12,233,-1.9876901373919837e-05,742.463972567781,0.0,0.7000016244592796,6194226994.97395,6194.22699497395,0.9114455473725406,0.4320987654320988
T_Q3,27,B,SPI12,234,-0.025267200811871282,0.0,-0.21210307294068081,0.7005162984066556,946889956.3693343,946.8899563693343,0.829224036716832,0.5098018287259402
T_Q3,27,B,SPI12,235,-6.904756856369326e-07,1484.1476978882126,-0.0006606371788402678,0.700011849881523,7105437300.01087,7105.43730001087,0.9314761447326289,0.3189241114313161
T_Q3,27,B,SPI12,241,-3.7566258597796343,0.0,-0.12464523324103642,0.7065299309637116,987116041.3015524,987.1160413015524,0.8340982673355392,0.5098018287259402
T_Q3,27,B,SPI12,242,-1.550509333808726,0.0,-1.0859622094976968,0.714445898395775,354261322.9798634,354.2613229798634,0.7481054541573272,0.5098018287259402
T_Q3,27,B,SPI12,245,-0.18764510529585532,0.0,-0.5727353340963234,0.7010517048420721,707395141.3710431,707.3951413710431,0.7976660618351301,0.5098018287259402
T_Q3,27,B,SPI12,246,-7.896276574709648e-05,143.60725540213932,-0.000290434429960848,0.7000135934974155,4546544921.073222,4546.544921073222,0.8626676628597859,0.49599743836055077
T_Q3,27,B,SPI12,248,-7.71945530936638e-07,6.007784008912978,0.0,0.7000000222117383,2719414575.4502563,2719.4145754502565,0.845305439925997,0.5092325755149962
T_Q3,27,B,SPI12,251,-6.008539425833936e-08,774.4029095378072,-0.0007040441487862566,0.7,6245427817.765644,6245.427817765644,0.9126552104457963,0.4285053545380154
T_Q3,27,B,SPI12,252,-0.000544551228320667,20.618902995509927,-0.0005048897672352109,0.7000001994864198,3272466053.029164,3272.466053029164,0.8474757177927208,0.5075959725335326
T_Q3,27,B,SPI12,254,-0.0005445384881807955,1097.7957298547365,0.0,0.7000002950823703,6690572818.082786,6690.5728180827855,0.924467214572882,0.38748354502437116
T_Q3,27,B,SPI12,255,0.0,249.32003421689603,-0.000725238162625002,0.7000233292706886,5029461557.901475,5029.461557901475,0.8761874266197032,0.48486142242146074
T_Q3,27,B,SPI12,256,0.0,658.3975848799706,-0.0004985189719495763,0.7000056891711137,6050416863.648552,6050.416863648552,0.9066780517308857,0.44138470843562094
T_Q3,27,B,SPI12,259,-4.522016433138745e-06,548.5822120440567,-5.0221253677320924e-08,0.700114560500355,5839929726.741341,5839.92972674134,0.8997046998968228,0.4524851460490269
T_Q3,27,B,SPI12,260,-1.468797147688682,0.0,-0.9991203293585513,0.7003337001445357,426955129.36922497,426.95512936922495,0.7591703134450493,0.5098018287259402
T_Q3,27,B,SPI12,263,0.0,454.00954249289833,-0.0009148841381204201,0.7,5631115377.256204,5631.115377256204,0.8939765894616998,0.4617710890525493
T_Q3,27,B,SPI12,265,-8.076995147391508e-05,496.1192993678979,-0.0002878806385028845,0.700000023293035,5728142126.70091,5728.14212670091,0.8970719037962076,0.4578574732273099
T_Q3,27,B,SPI12,267,-2.13679719409156,0.0,-0.2785528521140541,0.7,905612277.7950552,905.6122777950552,0.823531504607393,0.5098018287259402
T_Q3,27,B,SPI12,273,-4.792377959068313e-09,523.1596371945,-0.00045354728216326357,0.7000134144653722,5786949235.968301,5786.949235968301,0.8986373501263031,0.4545842672643826
T_Q3,27,B,SPI12,274,-1.891510564439105e-06,574.2882067628616,-0.00014239984243543205,0.7000034357047167,5892117975.683449,5892.117975683449,0.9013413028782865,0.44949656669157156
T_Q3,27,B,SPI12,276,-0.18636054288476817,96.46209429489954,-0.0006908783622636156,0.7000147740246808,4235456845.0531282,4235.456845053128,0.8559789376311951,0.5009072473049417
T_Q3,27,B,SPI12,277,-5.8279926442769345e-05,355.15777096051124,-0.0007384799010521192,0.700002981583503,5374451857.375503,5374.451857375502,0.8862916711139576,0.47326288824847895
T_Q3,27,B,SPI12,281,-0.00020548714062140067,82.53385727908721,-0.0007172505244470176,0.7000247629872774,4121399939.7075763,4121.399939707576,0.855445262745935,0.5014409221902019
T_Q3,27,B,SPI12,285,-1.7852910448017654,0.0,-0.4327354723555855,0.7000794668345065,821340745.7256522,821.3407457256523,0.8132493684847192,0.5098018287259402
T_Q3,27,B,SPI12,286,0.0,198.13947386262936,0.0,0.7000199953474915,4820739134.59052,4820.73913459052,0.8696765930195325,0.49005585797132384
T_Q3,27,B,SPI12,287,-7.71945530936638e-07,1654.029071781772,0.0,0.7000000654248608,7262079991.604688,7262.079991604688,0.9338598925534561,0.2864055217561462
T_Q3,27,B,SPI12,290,0.0,1264.6434188999604,0.0,0.7000051971032683,6881607632.293136,6881.607632293136,0.9282029387697015,0.3593410894083324
T_Q3,27,B,SPI12,291,0.0,1897.921858189246,-7.149087222702699e-06,0.7000000871661741,7466299209.5794935,7466.299209579493,0.9364926886540721,0.2533176788700323
T_Q3,27,B,SPI12,292,-0.02783539582855199,54.927966197721,-0.0011880437495617319,0.700318892576263,3841030591.1219096,3841.0305911219098,0.8520297434802718,0.5039669833137652
T_Q3,27,B,SPI12,293,-2.565679197860673,0.0,-0.9795653210977897,0.8364008711439938,239025667.3741015,239.0256673741015,0.7269363503753515,0.5098018287259402
T_Q3,27,B,SPI12,294,-0.0005238927916232092,1390.145241597192,-7.162255522871752e-06,0.700000974386264,7012938826.770198,7012.938826770198,0.929981855053901,0.3363574910164728
T_Q3,27,B,SPI12,296,0.0,1028.4449277574827,-6.623541900835814e-07,0.7000117671591771,6604553526.191395,6604.553526191395,0.9225815633116303,0.3967694880278934
T_Q3,27,B,SPI12,297,0.0,962.1741677310574,0.0,0.7000003962494703,6518189622.562964,6518.189622562964,0.9203757071192228,0.40530828619205184
T_Q3,27,B,SPI12,298,-4.050537624258843e-06,233.99782911167335,-0.0005588656095938327,0.7000199342721213,4970634409.764604,4970.634409764603,0.8743373536841356,0.4863557121001886
T_Q3,27,B,SPI12,301,-0.15355347786332763,0.0,-0.1311581734636184,0.7002136455158235,1005408642.2910386,1005.4086422910386,0.8361973885508948,0.5098018287259402
T_Q3,27,B,SPI12,302,-3.5739006540010883e-06,302.07723789200526,-0.0006926610721119567,0.7000015005681155,5213024847.651786,5213.024847651785,0.8814885971466183,0.479133311986338
T_Q3,27,B,SPI12,303,-0.2178417201321543,0.0,-0.6922288889118846,0.7367691844661732,540229293.0570173,540.2292930570173,0.7730814387874907,0.5098018287259402
T_Q3,27,B,SPI12,305,-1.3084855865008396,0.0,-1.1993618992155795,0.7071209260354027,315762123.6923532,315.7621236923532,0.7426619703276764,0.5098018287259402
T_Q3,27,B,SPI12,306,-0.16391900407997448,0.0,-0.07036598139627065,0.7013878160386632,1033139716.1155679,1033.139716115568,0.8391148112569823,0.5098018287259402
T_Q3,27,B,SPI12,310,0.0,178.40722052334485,0.0,0.700000325551568,4729212090.136252,4729.212090136252,0.8672216885473368,0.49208382253531147
T_Q3,27,B,SPI12,312,-0.0004484913753789345,1062.1975256516594,-0.0007022495866009781,0.7000173324741472,6646762336.940674,6646.762336940674,0.9234710214537302,0.3923933539687623
T_Q3,27,B,SPI12,313,-4.050537624258843e-06,1982.2651029598242,-0.0005588656095938327,0.7000044070928028,7532111323.35222,7532.111323352219,0.9371686768420675,0.24673568861849357
T_Q3,27,B,SPI12,314,-0.035517854768780444,0.0,-0.4945607235001545,0.7000553599657806,770591892.2526703,770.5918922526703,0.8068096915359163,0.5098018287259402
T_Q3,27,B,SPI12,315,-1.891510564439105e-06,992.9448613678585,-0.00014780054392955072,0.7000207673671076,6558644945.793439,6558.644945793439,0.9214786352154265,0.4015014053438645
T_Q3,27,B,SPI12,316,-1.8325443896075115,0.0,-1.1509858251435183,0.8869933920183669,130322259.7415102,130.3222597415102,0.7111751520973422,0.5098018287259402
T_Q3,27,B,SPI12,321,-0.9275292493472544,0.0,-1.1244595584862904,0.9506088107750008,58515796.6020845,58.5157966020845,0.7020315223965562,0.5098018287259402
T_Q3,27,B,SPI12,323,0.0,415.1469209812999,-0.0003637465259479142,0.7,5536115141.962689,5536.115141962689,0.8910947450812964,0.4660760664603124
T_Q3,27,B,SPI12,324,-0.19199828319538348,0.0,-0.911172678906278,0.8888855969183821,178010415.59196842,178.0104155919684,0.7174369374177251,0.5098018287259402
T_Q3,27,B,SPI12,326,-1.714070402576819,0.0,-0.7334737173033847,0.8610671492672048,271253654.27510786,271.25365427510786,0.7306720745721708,0.5098018287259402
T_Q3,27,B,SPI12,329,-0.0012572410436897663,319.58045355601973,-0.00026195327871933634,0.7000000414556817,5268547185.818232,5268.547185818232,0.8830184651510301,0.4769630341196144
T_Q3,27,B,SPI12,331,-6.9776223186098e-08,959.3041874657763,0.0,0.7000197741913908,6514215885.015692,6514.215885015692,0.9203045504678549,0.40598427438004764
T_Q3,27,B,SPI12,333,0.0,0.0,-0.1516553739539098,0.7000581687807859,991930399.1116176,991.9303991116176,0.8343473156153272,0.5098018287259402
T_Q3,27,B,SPI12,334,0.0,377.52380968594076,0.0,0.7000000001914015,5437155005.051805,5437.155005051804,0.8881773223752091,0.4704522005194435
T_Q3,27,B,SPI12,335,0.0,116.60373276812058,-0.00028898221600423486,0.7000000105145655,4380152403.08098,4380.152403080981,0.8591098302913865,0.49823887287864227
T_Q3,27,B,SPI12,337,-1.2803231983588361,0.0,-0.5009449450751855,0.7130184560434017,733228006.4659134,733.2280064659134,0.8014373643576332,0.5098018287259402
T_Q3,27,B,SPI12,338,-1.222589639509194e-05,198.60394936748688,0.0,0.7000055700137655,4822862783.257205,4822.862783257205,0.8697833279965844,0.4900202796456399
T_Q3,27,B,SPI12,339,-3.902935107400913e-06,271.4485948371747,0.0,0.7000165190559464,5109845435.570964,5109.845435570964,0.8782865478350588,0.4824420962749493
T_Q3,27,B,SPI12,340,-2.818830829234246e-06,714.6582241285388,-0.000548553290088161,0.7000000026609254,6148032839.171317,6148.032839171317,0.9102358842992847,0.4350161881381862
T_Q3,27,B,SPI12,342,-0.21658615429817196,0.0,-0.23728184730824287,0.7000182218550802,931272703.0524598,931.2727030524599,0.8271960721528445,0.5098018287259402
T_Q3,27,B,SPI12,343,0.0,37.10834337980242,-2.6463829051081076e-06,0.7,3598740735.2324443,3598.7407352324444,0.8495748390080763,0.5060305262034367
T_Q3,27,B,SPI12,346,-2.496710552069624e-07,1533.5675309151366,0.0,0.7000002032906145,7152495246.244572,7152.495246244572,0.9321877112463087,0.3092468068452699
T_Q3,27,B,SPI12,347,-0.8078046610314029,0.0,-0.6490998756680748,0.7054919644094839,639518580.9440676,639.5185809440676,0.7883801188316076,0.5098018287259402
T_Q3,27,B,SPI12,348,-6.286928079983152e-06,546.4697454554441,0.0,0.7000115994047486,5835957415.237138,5835.957415237138,0.8996691215711388,0.452556302700395
T_Q3,27,B,SPI12,354,0.0,924.7600109180321,0.0,0.7000000818438017,6467293932.1822,6467.2939321822005,0.9192372006973349,0.41057387839328263
T_Q3,27,B,SPI12,357,-0.0004854988915655306,1985.601371220686,0.0,0.7,7534863233.147996,7534.863233147996,0.9372042551677516,0.24645106201302164
T_Q3,27,B,SPI12,358,-1.3264548005613583,0.0,-0.6086660813081007,0.797039699903,463650981.5735542,463.6509815735542,0.7618386878713488,0.5098018287259402
T_Q3,27,B,SPI12,360,-0.049506433129605565,0.0,-0.3307876184877493,0.7004790026815446,872889114.5079477,872.8891145079477,0.819724623759206,0.5098018287259402
T_Q3,27,B,SPI12,362,-0.8078046610314029,0.0,-1.025889926174258,0.8878662763097088,152896884.40244785,152.89688440244785,0.7144127797345855,0.5098018287259402
T_Q3,27,B,SPI12,365,0.0,213.47602445480322,0.0,0.700009124913439,4887311884.257347,4887.311884257347,0.8719180275376239,0.48838367666417626
T_Q3,27,B,SPI12,367,-0.0012465521153078398,53.17588188321531,-7.246195483274999e-05,0.7000053919947362,3821855256.9740644,3821.8552569740646,0.8519230085032197,0.5042160315935531
T_Q3,27,B,SPI12,370,-0.0004895019149187932,250.10367668450323,-3.381937568885647e-06,0.7,5032650867.13998,5032.650867139981,0.8763653182481234,0.48486142242146074
T_Q3,27,B,SPI12,373,0.0,0.0,-0.20185273671427995,0.7,954771430.5418679,954.7714305418679,0.83000675988188,0.5098018287259402
T_Q3,27,B,SPI12,377,-1.3676653958490366,0.0,-0.5737586645900072,0.7007263756201263,706918865.7697935,706.9188657697935,0.7972747002526062,0.5098018287259402
T_Q3,27,B,SPI12,379,-0.0528343311233086,0.0,-0.01817770884841166,0.7,1069082704.1094053,1069.0827041094053,0.8426370654996975,0.5098018287259402
T_Q3,27,B,SPI12,382,-3.864441426632341,0.0,-0.8382023449736585,0.7003999429801898,513412855.46593285,513.4128554659328,0.7718361973885508,0.5098018287259402
T_Q3,27,B,SPI12,384,-1.7535716629161576e-09,1178.329383132998,0.0,0.7000063123269586,6785338358.286429,6785.338358286429,0.9262461308570819,0.3748176610808695
T_Q3,27,B,SPI12,385,0.0,527.5526161217313,-0.00034986221682713995,0.7,5796332189.992713,5796.332189992713,0.8988508200804068,0.4543352189845946
T_Q3,27,B,SPI12,387,-6.758272825612889e-08,337.40614546282586,-2.4714941659886305e-06,0.7000044478534011,5322832303.0531435,5322.832303053144,0.8848329597609137,0.47521969616109866
T_Q3,27,B,SPI12,393,0.0,96.87334759706783,-4.200120043955938e-05,0.7000151912132162,4238872537.4869924,4238.872537486993,0.8570107090760308,0.5002668374426301
T_Q3,27,B,SPI12,394,0.0,746.4640242766498,-0.0005755779722321273,0.7000011570860193,6200572619.029592,6200.572619029592,0.9115522823495925,0.431387198918419
T_Q3,27,B,SPI12,395,-0.9333574619270428,0.0,-1.090735277143286,0.7137377390714518,352809500.13205105,352.809500132051,0.7479987191802752,0.5098018287259402
T_Q3,27,B,SPI12,398,-0.8675638619063931,0.0,-1.3942130511113802,0.8888855969183821,90836885.00180893,90.83688500180892,0.7065855480841072,0.5098018287259402
T_Q3,27,B,SPI12,399,0.0,394.5494319395299,0.0,0.700005772999511,5482912216.725111,5482.912216725111,0.8893514071227807,0.4683530793040879
T_Q3,27,B,SPI12,400,-4.127351034324609e-06,232.88513356513386,0.0,0.700014656098709,4966460574.707752,4966.460574707752,0.8742306187070836,0.48646244707724046
T_Q3,27,B,SPI12,401,-6.450001218390873e-05,1384.2445564330847,-5.107252969765217e-07,0.7000398963271335,7006834827.048203,7006.834827048204,0.9298039634254812,0.3377094673924645
T_Q3,27,B,SPI12,403,-1.2760483544753662,0.0,-0.49143953887625624,0.7000089364393441,773704930.9396143,773.7049309396143,0.8072366314441243,0.5098018287259402
T_Q3,27,B,SPI12,405,0.0,286.344693249581,-6.859523195918484e-07,0.7000056014370495,5161151632.547039,5161.151632547039,0.8796741025367346,0.4808054932934857
T_Q3,27,B,SPI12,406,-1.1466402703360907e-06,1711.0621473768801,-0.00038274344410036846,0.7001559351471002,7311123932.84707,7311.12393284707,0.9344291457644002,0.27697726544988793
T_Q3,27,B,SPI12,408,-0.19203790661661807,0.0,-0.6355820318216706,0.7003752298687816,660554618.3905897,660.5546183905897,0.7915465898174833,0.5098018287259402
T_Q3,27,B,SPI12,409,-1.898291905127358e-07,1226.3422387280307,-0.0009745116272433633,0.7000006308581664,6838970319.048914,6838.970319048914,0.9273490589532857,0.36656348952218304
T_Q3,27,B,SPI12,413,-0.00015284100830956302,1654.6309770982534,-3.2966320978639903e-06,0.7000005379207509,7262608561.317188,7262.608561317188,0.93389547087914,0.2863699434304622
T_Q3,27,B,SPI12,414,-1.8325443896075115,0.0,-0.07073649923008613,0.7006496249321116,1035420468.6070412,1035.4204686070411,0.83954175116519,0.5098018287259402
T_Q3,27,B,SPI12,421,-2.9959057734888157,0.0,-0.843358082133683,0.8401477494314963,273051010.19233835,273.05101019233837,0.7313836410858504,0.5098018287259402
T_Q3,27,B,SPI12,422,-2.9769523333358814,0.0,-1.006002707606071,0.9410181312947394,83216522.36286506,83.21652236286506,0.7053403066851672,0.5098018287259402
T_Q3,27,B,SPI12,428,-2.894691484123801,0.0,-0.9018819328226756,0.868567894204894,212448973.50102094,212.44897350102093,0.7226669512932722,0.5098018287259402
T_Q3,27,B,SPI12,429,-3.1943363616558473,0.0,-1.0857145765524938,0.8803193559591471,148726770.23230788,148.72677023230787,0.7137367915465896,0.5098018287259402
T_Q3,27,B,SPI12,430,-0.0004984708628866692,1711.5557577546986,0.0,0.7,7312284314.603954,7312.284314603954,0.9344647240900841,0.27694168712420403
T_Q3,27,B,SPI12,431,-2.691998468407429,0.0,-2.225860246975408,0.7179901545571772,37323163.04774182,37.32316304774182,0.7009641726260364,0.5098018287259402
T_Q3,27,B,SPI12,433,0.0,631.1514448288739,0.0,0.7,6001079893.072876,6001.079893072876,0.9047212438182659,0.4436972996050806
T_Q3,27,B,SPI12,434,0.0,143.1994050286737,0.0,0.7,4544437007.919706,4544.437007919706,0.862632084534102,0.49599743836055077
T_Q3,27,B,SPI12,435,-0.000997180871893013,34.60713019125001,0.0,0.7,3557567454.3594027,3557.5674543594027,0.8492546340769204,0.5061372611804887
T_Q3,27,B,SPI12,436,-3.7607527951650765,0.0,-0.9959794657458892,0.8809305846612582,170456760.84762982,170.45676084762982,0.7170455758352011,0.5098018287259402
T_Q3,27,B,SPI12,437,0.0,1766.2156440362623,0.0,0.7003931177269928,7357323084.258068,7357.323084258068,0.9350339773010282,0.2690077204966735
T_Q3,27,B,SPI12,439,-1.446742045994784,0.0,-1.036436891414765,0.7,400645810.4532582,400.6458104532582,0.7554701675739138,0.5098018287259402
T_Q3,27,B,SPI12,440,0.0,0.0,-0.07102058771256436,0.7,1037588990.9600089,1037.588990960009,0.8398619560963462,0.5098018287259402
T_Q3,27,B,SPI12,442,-2.026693128136627e-05,803.025027204488,0.0,0.7,6290213565.061754,6290.213565061754,0.9140071868217882,0.425196570249404
T_Q3,27,B,SPI12,444,-0.0008794053007159693,455.7745203430672,0.0,0.7,5635873944.700974,5635.873944700975,0.8940477461130677,0.4616643540754972
T_Q3,27,B,SPI12,445,-0.0009395094236027941,158.16877369771024,0.0,0.7,4626808445.02398,4626.80844502398,0.8647312057494575,0.49436083537908704
T_Q3,27,B,SPI12,446,0.0,320.00797000449677,-0.00026691871745317466,0.7,5269872656.38007,5269.87265638007,0.883089621802398,0.47689187746824646
T_Q3,27,B,SPI12,448,0.0,1100.4110798977495,0.0,0.7,6693736225.913557,6693.736225913557,0.924502792898566,0.3870921834418472
T_Q3,27,B,SPI12,449,-0.0007339267019226727,599.4326415901513,0.0,0.7000024481211048,5941363870.4946575,5941.363870494658,0.903226954139538,0.446970505568008
T_Q3,27,B,SPI12,450,0.0,0.0,-0.632350614536884,0.700442547171043,664041881.8955522,664.0418818955521,0.792400469633899,0.5098018287259402
T_Q3,27,B,SPI12,453,0.0,859.222017763926,-9.01130261974869e-06,0.7000000095187409,6374266807.139427,6374.266807139427,0.9163553563169317,0.41836553171807733
T_Q3,27,B,SPI12,457,-0.0004697321036331791,177.58916151958124,0.0,0.7,4725250034.143009,4725.2500341430095,0.867114953570285,0.4922261358380474
T_Q3,27,B,SPI12,462,0.0,1139.9030968510979,0.0,0.7,6740781332.007168,6740.781332007168,0.9254278293663502,0.38097271142420047
T_Q3,27,B,SPI12,464,0.0,993.7596105362489,-5.775333798898209e-07,0.7,6559954525.390886,6559.954525390886,0.9215497918667948,0.4013235137154446
T_Q3,27,B,SPI12,465,0.0,1533.9533224717604,-0.0005440764740515159,0.7000000035463969,7152685854.968144,7152.685854968145,0.9322232895719927,0.30921122851958593
T_Q3,27,B,SPI12,466,0.0,271.94581838043274,-0.00033929163942889723,0.7000001416714399,5111478593.83752,5111.47859383752,0.8783221261607428,0.48233536129789734
T_Q3,27,B,SPI12,467,-0.009185659887869594,0.0,-0.7009911731904788,0.7136774005969572,582602195.1442342,582.6021951442342,0.781086562066389,0.5098018287259402
T_Q3,27,B,SPI12,469,-0.9724888494161898,0.0,-0.16153230069397972,0.7003864794197862,983527254.7486911,983.5272547486911,0.8334578574732272,0.5098018287259402
T_Q3,27,B,SPI12,471,-0.1683784256129314,0.0,-0.49559110787495086,0.7,770608491.7615846,770.6084917615847,0.8068452698616004,0.5098018287259402
T_Q3,27,B,SPI12,472,-2.832403509084153,0.0,-0.7619029934954387,0.711659079830231,544453605.0475235,544.4536050475235,0.7763546447504182,0.5098018287259402
T_Q3,27,B,SPI12,474,-0.629976300302824,0.0,-0.21160810952459802,0.70028836935574,948118344.0280105,948.1183440280105,0.8292951933681999,0.5098018287259402
T_Q3,27,B,SPI12,475,0.0,495.019444197163,0.0,0.7,5725871094.771404,5725.871094771404,0.8968940121677874,0.45807094318141384
T_Q3,27,B,SPI12,479,-0.0008702370378293659,56.126116736040444,-7.117128572632463e-05,0.7,3857051239.7079954,3857.0512397079956,0.8524922617141635,0.5037179350339771
T_Q3,27,B,SPI12,480,-2.689421270959575,0.0,-0.5377262300694053,0.7000254109794702,739015625.5449265,739.0156255449265,0.8017575692887895,0.5098018287259402
T_Q3,27,B,SPI12,481,-0.03555073872414721,0.0,-2.5763662025743086,0.7096200792653433,15414076.736126857,15.414076736126857,0.6985804248052087,0.5098018287259402
T_Q3,27,B,SPI12,482,-8.302839853322753e-06,656.9385254750634,-0.00029794691272171754,0.7000021528095063,6047816865.296836,6047.816865296836,0.9065357384281496,0.4415626000640408
T_Q3,27,B,SPI12,483,-8.212168357621101e-08,414.01332377463643,0.0,0.7000032144529336,5533380450.249142,5533.380450249142,0.8909168534528763,0.4663251147401005
T_Q3,27,B,SPI12,484,0.0,1254.2845000048987,0.0,0.7000078031790645,6870295325.554307,6870.295325554307,0.9278115771871777,0.3611200056925322
T_Q3,27,B,SPI12,486,-0.0015149236072849292,1615.3516098590671,-0.0005677863026904686,0.7000018281748589,7227404855.582134,7227.404855582135,0.9332550610168284,0.2937702351727328
T_Q3,27,B,SPI12,487,-0.01693276778277153,0.0,-0.7049563856126286,0.702687965050348,602090948.8365924,602.0909488365925,0.7841107197495284,0.5098018287259402
T_Q3,27,B,SPI12,489,0.0,286.1368974087711,-1.3818901834138856e-07,0.7000000946448777,5160470832.945945,5160.4708329459445,0.8796385242110506,0.4808054932934857
T_Q3,27,B,SPI12,494,0.0,1065.083533155287,-3.9107879604036885e-07,0.7000000095747715,6650538683.458283,6650.538683458283,0.9235065997794142,0.39189525740918635
T_Q3,27,B,SPI12,496,0.0,1990.4417903961712,-3.4321162147496085e-05,0.7001349173718943,7538088445.731655,7538.088445731655,0.9372754118191198,0.2460952787561817
T_Q3,27,B,SPI12,497,0.0,302.27059467554227,-1.0264833159192145e-06,0.7000001147986824,5213827194.643806,5213.827194643806,0.8815241754723024,0.479133311986338
T_Q3,27,B,SPI12,498,-0.1683784256129314,0.0,-0.01434660144484301,0.7,1072397162.7000457,1072.3971627000458,0.8429928487565375,0.5098018287259402
T_Q3,27,B,SPI12,500,-0.0008794053007159693,114.39558510072426,0.0,0.7,4365452308.341897,4365.452308341897,0.8589675169886505,0.49841676450706235
T_Q3,27,B,SPI12,502,0.0,86.38257018439066,-0.0006843331153233989,0.7,4154399205.7242103,4154.39920572421,0.8559077809798269,0.5012986088874659
T_Q3,27,B,SPI12,503,-0.03136646725129533,0.0,-0.3954813485213174,0.700003683250506,840778659.2631333,840.7786592631332,0.8158110079339665,0.5098018287259402
T_Q3,27,B,SPI12,506,-0.03136646725129533,0.0,-0.33137888566396,0.7005136577610693,872497502.4373454,872.4975024373454,0.819689045433522,0.5098018287259402
T_Q3,27,B,SPI12,508,0.0,436.5921184908827,-0.00028404288441314166,0.7000000722998097,5589609405.2071705,5589.60940520717,0.8929092396911801,0.4635144270110648
T_Q3,27,B,SPI12,509,0.0,1442.7603213200523,0.0,0.7,7065391073.315362,7065.391073315362,0.9307645782189489,0.32657345145337463
T_Q3,27,B,SPI12,512,0.0,713.2127487961475,0.0,0.700019336106744,6145704235.120154,6145.704235120154,0.9101647276479168,0.4350873447895542
T_Q3,27,B,SPI12,515,-0.018368031190117273,133.15828475453227,0.0,0.700000013957389,4485417485.36093,4485.41748536093,0.8612089515067419,0.4970647881310705
T_Q3,27,B,SPI12,516,-0.04864001589307082,0.0,-0.5221524081387718,0.7,750275008.2987381,750.2750082987382,0.804105738783933,0.5098018287259402
T_Q3,27,B,SPI12,517,-0.0005011668791399062,895.6342881069598,-0.0005676444770740188,0.7,6426365659.692389,6426.365659692388,0.9178496459956592,0.41409613263599815
T_Q3,27,B,SPI12,519,-6.212643788233782e-05,248.59737783412933,0.0,0.7000021552828456,5026991444.55991,5026.99144455991,0.876080691642651,0.48486142242146074
T_Q3,27,B,SPI12,520,-2.478396885952487,0.0,-0.13128768705829294,0.7009909604578364,1002740373.1796536,1002.7403731796536,0.8360194969224748,0.5098018287259402
T_Q3,27,B,SPI12,523,-6.183156913045527e-05,1027.7452184217154,0.0,0.7000036039444542,6603693283.587521,6603.69328358752,0.9225459849859464,0.39684064467926133
T_Q3,27,B,SPI12,527,0.0,0.0,-0.6408268751145173,0.70000013295518,657200488.2056025,657.2004882056025,0.7907638666524354,0.5098018287259402
T_Q3,27,B,SPI12,528,-0.4774462350983403,0.0,-0.7604591289443103,0.744058106523952,484691258.23893553,484.6912582389355,0.765574412068168,0.5098018287259402
T_Q3,27,B,SPI12,529,0.0,213.10489864865718,-0.000522342304032423,0.7000095233136984,4885573690.390978,4885.573690390978,0.871846870886256,0.48838367666417626
T_Q3,27,B,SPI12,530,-1.6106483286927213,0.0,-1.09994979414981,0.745662290768526,310911090.025217,310.911090025217,0.7401003308784291,0.5098018287259402
T_Q3,27,B,SPI12,532,-0.4774462350983403,0.0,-1.1613547016322134,0.744058106523952,291264004.7115834,291.26400471158337,0.7376098480805494,0.5098018287259402
T_Q3,27,B,SPI12,535,0.0,573.3676281575641,-0.0005665132976294357,0.7,5890297638.842312,5890.297638842312,0.9011989895755506,0.4495677233429395
T_Q3,27,B,SPI12,536,0.0,658.1659121008283,0.0,0.7,6050194682.759609,6050.194682759609,0.9066424734052018,0.4414202867613049
T_Q3,27,B,SPI12,537,-0.007908525951079881,0.0,-2.579691615955346,0.7020035935775875,15814852.8135463,15.8148528135463,0.6986160031308927,0.5098018287259402
T_Q3,27,B,SPI12,538,-0.4785121824404391,0.0,-0.8126110229733462,0.7449422374823559,450459028.68441886,450.45902868441885,0.7603799765183049,0.5098018287259402
T_Q3,27,B,SPI12,542,0.0,806.612403345868,-0.00046628073881960284,0.7000001332693789,6295546456.610014,6295.546456610014,0.9141850784502081,0.4248052086668801
T_Q3,27,B,SPI12,551,0.0,678.880465207489,-0.00042818995530418747,0.7,6086762263.525682,6086.762263525682,0.9080656064325611,0.43907211726616135
T_Q3,27,B,SPI12,554,-2.071977106012736,0.0,-0.398737097819013,0.7052739094954636,824058882.7949731,824.0588827949731,0.813640730067243,0.5098018287259402
T_Q3,27,B,SPI12,555,0.0,376.97494620379103,-0.0004977544164074727,0.7000095233136984,5435448443.134961,5435.448443134961,0.887999430746789,0.4705589354964954
T_Q3,27,B,SPI12,558,-0.00020329947997004168,414.3379469005438,-0.0013142432663013522,0.7001068048561611,5533101766.002678,5533.101766002678,0.8908456968015085,0.4662895364144165
T_Q3,27,B,SPI12,559,0.0,1220.8492426600237,-0.005596916522375546,0.7000000040836794,6830336011.899207,6830.336011899207,0.9267798057423415,0.3674529476642829
T_Q3,27,B,SPI12,561,-2.1995291725142654e-05,960.6251228991581,-1.3558672655917425e-06,0.7000094044395724,6516064337.348536,6516.064337348535,0.9203401287935388,0.4056996477745757
T_Q3,27,B,SPI12,562,-0.00023806163068735973,494.58424532862483,-9.784408798454904e-05,0.7000003198978615,5724902292.687575,5724.902292687575,0.8968228555164195,0.45814209983278187
T_Q3,27,B,SPI12,563,-4.275574749496939e-09,1707.587063731129,-2.539151573410721e-06,0.7001337500651342,7308373311.759039,7308.373311759039,0.9343935674387162,0.27765325363788385
T_Q3,27,B,SPI12,565,-0.001297352237876537,524.4923166965684,-0.0005952743566904307,0.7000027588212681,5789825082.865254,5789.825082865254,0.898672928451987,0.4544063756359626
T_Q3,27,B,SPI12,566,-0.0018399693969607112,0.0,-0.0697221313336937,0.7019143519621028,1031390536.3917055,1031.3905363917056,0.8386878713487745,0.5098018287259402
T_Q3,27,B,SPI12,568,-1.220504185526064e-08,1766.5428696662398,-0.0005009085051345689,0.700006653602422,7358829701.848385,7358.8297018483845,0.9350695556267121,0.26897214217098947
T_Q3,27,B,SPI12,572,-3.6920123036767096,0.0,-0.23159027807875204,0.7005100273250001,932450964.922243,932.450964922243,0.8276585903867364,0.5098018287259402
T_Q3,27,B,SPI12,574,0.0,68.26022036278115,-0.00034583641064247746,0.700010240608743,3988137052.5623536,3988.137052562354,0.8537730814387876,0.5026150069377736
T_Q3,27,B,SPI12,575,0.0,129.48619236620834,0.0,0.7000197580828367,4462936736.465135,4462.936736465134,0.860959903226954,0.4969936314797027
T_Q3,27,B,SPI12,576,-0.00036113242557443914,898.9002190052984,-0.0004657680808637113,0.7000001337100515,6430997012.77851,6430.99701277851,0.9179208026470271,0.41363361440210616
T_Q3,27,B,SPI12,577,-0.003447397975886012,54.97324289979859,-0.0003858457504492905,0.7000434339957874,3843146297.294285,3843.146297294285,0.8523143700857437,0.5038958266623971
T_Q3,27,B,SPI12,580,-1.6117809532635032,0.0,-0.14323315395274355,0.700265977508737,996399979.2031341,996.3999792031341,0.8351300387803748,0.5098018287259402
T_Q3,27,B,SPI12,582,-7.768585853943393e-05,157.94453634430485,-0.0004812961955464757,0.7000066382678133,4625424024.602103,4625.424024602104,0.8646600490980895,0.494396413704771
T_Q3,27,B,SPI12,583,-0.001310960821837165,393.71524405290637,0.0,0.7000016751545568,5480721562.506025,5480.721562506025,0.8892446721457288,0.4685309709325079
T_Q3,27,B,SPI12,584,-2.0678640550880663,0.0,-0.39786284856050896,0.7001873021663514,838821674.3424407,838.8216743424407,0.8154908030028108,0.5098018287259402
T_Q3,27,B,SPI12,586,-2.874343975565084e-07,356.026950462786,-0.0002937803844105576,0.7000002279753571,5376946524.500472,5376.946524500472,0.8863628277653255,0.47315615327142696
T_Q3,27,B,SPI12,587,-2.4184951124706764,0.0,-0.18241123449176647,0.7222381241205702,898712658.0169721,898.7126580169721,0.8225353114882414,0.5098018287259402
T_Q3,27,B,SPI12,589,-2.3936642934663213,0.0,-0.18241123449176647,0.7054175275276016,953128412.8307825,953.1284128307825,0.8296865549507241,0.5098018287259402
T_Q3,27,B,SPI12,591,-1.6200362445099718e-05,288.5772577232781,-0.0008010918055372168,0.7000069938152198,5168499224.748862,5168.499224748863,0.8799587291422066,0.48069875831643366
T_Q3,27,B,SPI12,594,-0.0030051559529971628,0.0,-0.6621160996283292,0.9530587617930721,100621565.71210244,100.62156571210244,0.707297114597787,0.5098018287259402
T_Q3,27,B,SPI12,596,0.0,773.0209810202846,-0.0005537967316373283,0.700013421461369,6243194622.531627,6243.194622531627,0.9125840537944283,0.4287544028178034
T_Q3,27,B,SPI12,597,-0.031371374321536916,0.0,-1.642530267281412,0.8706123319823293,68295091.97421122,68.29509197421122,0.7035969687266517,0.5098018287259402
T_Q3,27,B,SPI12,599,0.0,826.064594584998,-0.0005235633316083018,0.7000094712524085,6325022526.9270525,6325.022526927052,0.9146475966841,0.4221368342405806
T_Q3,27,B,SPI12,600,-0.030668889121749747,0.0,-1.8380295461597922,0.7000304511546713,105978993.08823048,105.97899308823048,0.7110328387946063,0.5098018287259402
T_Q3,27,B,SPI12,601,-9.87858053080724e-06,177.3384186781541,-0.0005028562039859826,0.7000578206567201,4723651221.909421,4723.651221909421,0.8670437969189169,0.49226171416373143
T_Q3,27,B,SPI12,602,-0.00034518676680859626,924.1559015899884,-0.0004657680808637113,0.7000006314741211,6466288995.501664,6466.288995501664,0.9192016223716509,0.4106094567189666
T_Q3,27,B,SPI12,603,-1.8853900145686158,0.0,-0.29937255711950916,0.7011045147930496,888866015.2815344,888.8660152815345,0.8214323833920375,0.5098018287259402
T_Q3,27,B,SPI12,604,-0.0012945882521438867,1140.7519083032264,-0.00046303066208525513,0.7000494089266758,6741428269.055107,6741.428269055107,0.9254634076920341,0.3807948197957804
T_Q3,27,B,SPI12,606,-3.962224979290947e-09,1654.770518396847,-0.0005207436688349957,0.7001352471478429,7262072983.364938,7262.0729833649375,0.9338243142277721,0.2863343651047782
T_Q3,27,B,SPI12,607,-0.0013339181298120603,1258.6392204415288,-0.0014586238025547935,0.7000369987656523,6874205941.790841,6874.205941790841,0.9278471555128617,0.3603728608531683
T_Q3,27,B,SPI12,610,-0.054951227709214456,0.0,-0.48626921494001196,0.7005773114327882,776145806.9500883,776.1458069500883,0.8075568363752802,0.5098018287259402
T_Q3,27,B,SPI12,614,-0.0012266839254244217,251.3311566276471,-4.120303924248054e-05,0.7000098410764304,5037148747.08921,5037.14874708921,0.8764008965738074,0.4847191091187249
T_Q3,27,B,SPI12,615,-0.0012945882521438867,1106.764847063861,-0.0008194533818271235,0.7000244449118067,6701143930.50287,6701.14393050287,0.9246806845269859,0.38620272529974736
T_Q3,27,B,SPI12,619,-1.5007523601190218,0.0,-0.16659031183460882,0.7000238803045551,982328275.5764486,982.3282755764485,0.8332088091934394,0.5098018287259402
T_Q3,27,B,SPI12,621,-3.4008587745359693e-12,302.4002193688192,-1.055392116143777e-05,0.7000111620917481,5214206390.240518,5214.206390240518,0.8815597537979862,0.479133311986338
T_Q3,27,B,SPI12,622,-2.417542236645261,0.0,-0.5785705723517239,0.7001862316262423,705771568.409817,705.771568409817,0.7970612302985022,0.5098018287259402
T_Q3,27,B,SPI12,623,-0.06479657455368615,0.0,-0.05405174164437998,0.7004228034234357,1045717793.192055,1045.717793192055,0.8405379442843418,0.5098018287259402
T_Q3,27,B,SPI12,624,-0.0001238806174910824,35.669369315865865,-0.0003813128510012908,0.7000000245642127,3575132316.3541217,3575.1323163541215,0.8493969473796563,0.5060661045291207
T_Q3,27,B,SPI12,627,-0.0013653410881217056,1490.035664234704,-0.0005548351712831288,0.700014053411229,7111032247.064056,7111.032247064057,0.9315473013839968,0.3178567616607962
T_Q3,27,B,SPI12,631,0.0,454.43420374170745,0.0,0.7,5632697498.555158,5632.697498555158,0.8940121677873838,0.4617355107268653
T_Q3,27,B,SPI12,632,0.0,495.904303261199,0.0,0.7,5727836511.82979,5727.83651182979,0.8970007471448396,0.4578574732273099
T_Q3,27,B,SPI12,635,0.0,213.23299857630232,0.0,0.7,4886320547.508905,4886.320547508905,0.87188244921194,0.48838367666417626
T_Q3,27,B,SPI12,636,0.0,129.34322951579077,0.0,0.7,4462126648.341997,4462.126648341997,0.86092432490127,0.4970292098053867
T_Q3,27,B,SPI12,643,0.0,657.5302272287086,0.0,0.7000006684260697,6049054861.832495,6049.054861832495,0.9066068950795177,0.4414202867613049
T_Q3,27,B,SPI12,644,0.0,232.81200131427715,-0.0007655786340763794,0.7,4966053832.427965,4966.053832427965,0.8741950403813995,0.4864980254029244
T_Q3,27,B,SPI12,645,-2.4099826111848515,0.0,-0.6368418440102973,0.7000012023464026,660266221.1507803,660.2662211507803,0.7912975415376953,0.5098018287259402
T_Q3,27,B,SPI12,646,-1.4952277015822004,0.0,-0.6909130413594327,0.9512083966809854,100682771.56527759,100.68277156527759,0.7074038495748388,0.5098018287259402
T_Q3,27,B,SPI12,647,0.0,1764.1888977191904,-0.0043598748322297,0.7,7354963671.287556,7354.963671287555,0.9346781940441882,0.26925676877646143
T_Q3,27,B,SPI12,649,0.0,1218.8817606732177,0.0,0.7,6831258125.538686,6831.258125538686,0.9272067456505496,0.3677731525954389
T_Q3,27,B,SPI12,650,0.0,199.80724333671003,0.0,0.7,4828233084.953036,4828.233084953036,0.8699612196250044,0.48994912299427196
T_Q3,27,B,SPI12,652,0.0,249.67780002452224,-4.231306418068834e-05,0.7000000383168282,5031057657.184609,5031.0576571846095,0.8762941615967551,0.48486142242146074
T_Q3,27,B,SPI12,655,0.0,713.5369681150329,-0.0011133962728398384,0.7000640665877234,6145341728.051244,6145.341728051244,0.9100935709965489,0.4350517664638702
T_Q3,27,B,SPI12,658,0.0,2050.8735250162363,0.0,0.7000022998120552,7584444743.608771,7584.444743608771,0.9379158216814316,0.24161240971999862
T_Q3,27,B,SPI12,661,-1.960186090735978,0.0,-0.5726505883376273,0.7006244461658592,708405962.5953772,708.4059625953772,0.797737218486498,0.5098018287259402
T_Q3,27,B,SPI12,663,-2.769714127140814,0.0,-0.7423767876201064,0.805028026308433,376683727.0567565,376.6837270567565,0.7481766108086951,0.5098018287259402
T_Q3,27,B,SPI12,666,-7.573892136453928e-10,1441.8070127548285,-0.0006194259948684357,0.700002931744523,7064273250.808299,7064.273250808299,0.9307289998932647,0.3267157647561106
T_Q3,27,B,SPI12,668,-1.1243131876549655,0.0,-0.3548867867482746,0.7000095916890197,860688322.9928924,860.6883229928924,0.8186216956630021,0.5098018287259402
T_Q3,27,B,SPI12,674,0.0,158.05790478017838,0.0,0.7,4626220801.281188,4626.220801281188,0.8646956274237736,0.49436083537908704
T_Q3,27,B,SPI12,678,-1.0148929438296887e-05,773.8536976169812,0.0,0.7000152259390223,6244676142.250419,6244.676142250419,0.9126196321201122,0.4286120895150674
T_Q3,27,B,SPI12,679,-1.0062862945827142e-08,300.94452817770946,-0.0002449544582490186,0.700008702498768,5209313128.965643,5209.313128965643,0.8813818621695663,0.47916889031202203
T_Q3,27,B,SPI12,680,0.0,827.7202765602519,0.0,0.7,6327715338.984471,6327.715338984472,0.914718753335468,0.42206567758921265
T_Q3,27,B,SPI12,682,0.0,97.40081775504046,0.0,0.7,4242981325.9492574,4242.981325949258,0.8571886007044507,0.5002668374426301
T_Q3,27,B,SPI12,683,0.0,0.0,-0.723410604439812,0.7555841239585208,482108450.3150314,482.1084503150314,0.7638666524353366,0.5098018287259402
T_Q3,27,B,SPI12,684,0.0,0.0,-0.4299014569972195,0.7000005338247337,822860410.5643686,822.8604105643686,0.8134628384388232,0.5098018287259402
T_Q3,27,B,SPI12,685,0.0,117.09217452004464,0.0,0.7,4383584634.563179,4383.584634563179,0.8591809869427546,0.49823887287864227
T_Q3,27,B,SPI12,686,0.0,859.8296809732722,-6.759296669350972e-06,0.7000000173198807,6375153194.977229,6375.153194977229,0.9163909346426157,0.4182587967410254
T_Q3,27,B,SPI12,687,-2.553977797724241,0.0,-0.691957154885636,0.7546170820152038,504567231.90902215,504.56723190902215,0.7672465933753159,0.5098018287259402
T_Q3,27,B,SPI12,690,-2.718151799319178,0.0,-0.15376288751735928,0.9951095243206036,16277889.59008434,16.27788959008434,0.6987227381079447,0.5098018287259402
T_Q3,27,B,SPI12,691,-0.09936523588022306,0.0,-0.05179063042695742,0.7008174796768908,1046558642.5007232,1046.5586425007232,0.84060910093571,0.5098018287259402
T_Q3,27,B,SPI12,692,-1.4723778017404206e-05,53.00036899018666,0.0,0.7000262241068375,3819641182.0068126,3819.6411820068124,0.8518518518518517,0.5042516099192371
T_Q3,27,B,SPI12,696,-0.18440403421046314,0.0,-0.14251579257990132,0.7000411550011091,997735953.4530958,997.7359534530958,0.8356637136656347,0.5098018287259402
T_Q3,27,B,SPI12,698,-2.4664271193188023,0.0,-1.1118625780184077,0.9512083966809854,58988969.88765378,58.98896988765378,0.70206710072224,0.5098018287259402
T_Q3,27,B,SPI12,699,-2.7447142434718867,0.0,-0.73470789483076,0.7205911544562379,544407372.0606736,544.4073720606735,0.7753228733055821,0.5098018287259402
T_Q3,27,B,SPI12,704,-0.18493848216721398,0.0,-0.16198176770335218,0.7,984496886.5437117,984.4968865437116,0.8335645924502794,0.5098018287259402
T_Q3,27,B,SPI12,705,-0.0009713602021259825,1140.2877747191555,-0.0009805967870667284,0.7001297487881326,6740188988.939906,6740.188988939906,0.9253566727149822,0.3808659764471485
T_Q3,27,B,SPI12,710,0.0,600.5163954404591,-0.0005320500102530675,0.7000032500240997,5943268039.587472,5943.268039587472,0.9032981107909062,0.446970505568008
T_Q3,27,B,SPI12,711,-0.6130747968403903,0.0,-0.3085547675935083,0.7000021228989546,885877782.3762939,885.8777823762939,0.8212900700893017,0.5098018287259402
T_Q3,27,B,SPI12,712,-1.3084980381573292,0.0,-0.6920460227796694,0.9299740998139623,144023650.0086616,144.0236500086616,0.712633863450386,0.5098018287259402
T_Q3,27,B,SPI12,714,-0.09539507592479701,0.0,-0.4632684210162441,0.7000012647187995,796133271.8491392,796.1332718491392,0.8096915359163199,0.5098018287259402
T_Q3,27,B,SPI12,716,-0.20426898671326987,99.18344800613426,0.0,0.7,4256430365.6479583,4256.430365647958,0.856156829259615,0.5009784039563099
T_Q3,27,B,SPI12,717,0.0,413.5530685091732,0.0,0.7000013471565539,5532218064.397154,5532.218064397154,0.8908101184758245,0.4663251147401005
T_Q3,27,B,SPI12,720,-0.0004673114399969803,680.5870752321993,-0.0010647908503574168,0.7000000112276702,6089167571.438981,6089.167571438981,0.9080656064325612,0.4388586473120574
T_Q3,27,B,SPI12,721,0.0,270.21721083828857,-0.00045757265078214676,0.7000004429336599,5105399882.374525,5105.399882374525,0.8781798128580068,0.4825844095776852
T_Q3,27,B,SPI12,722,-9.593944105630518e-09,992.5175677045381,-3.6509714067649996e-06,0.7000003908774507,6558331984.071912,6558.331984071911,0.9214430568897426,0.4016437186466006
T_Q3,27,B,SPI12,723,-4.863760400424817e-08,69.894151753519,0.0,0.7000002825323458,4004638064.7490726,4004.6380647490723,0.8538798164158393,0.5025082719607217
T_Q3,27,B,SPI12,724,0.0,433.7360852433321,-0.0007831728191815849,0.7000033251206104,5582603543.532416,5582.603543532417,0.8927313480627602,0.4638346319422209
T_Q3,27,B,SPI12,725,-1.1442450718220019,0.0,-0.5214155964714451,0.700038791309975,750929366.1467935,750.9293661467935,0.8042124737609849,0.5098018287259402
T_Q3,27,B,SPI12,727,-1.108768860225911,0.0,-0.07101993557262977,0.7,1037588990.9600089,1037.588990960009,0.8398619560963462,0.5098018287259402
T_Q3,27,B,SPI12,730,-0.0013763415635137744,1486.692708586806,-0.00021458554894248944,0.7,7107920623.822576,7107.920623822575,0.9315117230583128,0.3184615931974242
T_Q3,27,B,SPI12,731,0.0,0.0,-0.7952887589351562,0.8512077412010056,267918018.78994313,267.9180187899431,0.7305297612694346,0.5098018287259402
T_Q3,27,B,SPI12,736,0.0,1387.987945325685,-0.0011502650892442285,0.7000012420586788,7010015115.952375,7010.015115952376,0.9299462767282171,0.3369267442274167
T_Q3,27,B,SRI3,3,0.0,1570.4316206906065,0.0,0.7,7488595868.239892,7488.595868239892,0.9514711637670331,0.2575514996264276
T_Q3,27,B,SRI3,5,0.0,774.615363566963,0.0,0.7,6546383525.885065,6546.383525885065,0.9305155299391609,0.40840360052655916
T_Q3,27,B,SRI3,6,0.0,109.34775686109153,0.0,0.7,4629264243.018769,4629.264243018769,0.8757604867114952,0.4965666915714945
T_Q3,27,B,SRI3,10,-1.2447507806525593,408.17824804197926,-0.006587066860398644,0.7,5812433424.067295,5812.433424067295,0.8933717579250721,0.48365175934820503
T_Q3,27,B,SRI3,11,0.0,287.4765449224905,0.0,0.7,5464332544.513952,5464.332544513953,0.898352723520831,0.47472159960152277
T_Q3,27,B,SRI3,13,-0.03199850110616823,1757.205100528063,0.0,0.7000000234442356,7653249691.291039,7653.249691291039,0.9537481766108086,0.21620948518162736
T_Q3,27,B,SRI3,15,-3.0232131287586443,0.0,-1.5672877850989821,0.7927976177889178,328440911.03071123,328.4409110307112,0.7387127761767531,0.5098018287259402
T_Q3,27,B,SRI3,18,-2.5178866307029435,763.8701237452243,0.0,0.7,6520235197.818333,6520.235197818332,0.8760451133169672,0.4991994876721101
T_Q3,27,B,SRI3,28,-3.2189232206014524,0.0,-0.7762154035214834,0.8829088245944373,382626065.90233773,382.62606590233776,0.7439072117266163,0.5098018287259402
T_Q3,27,B,SRI3,34,-0.7659015305019086,370.0550055137892,0.0,0.7,5714211376.875216,5714.211376875215,0.8963603372825274,0.47760344398192606
T_Q3,27,B,SRI3,42,-0.004780717638249422,720.498998744474,0.0,0.7000014786767281,6458378364.034149,6458.378364034149,0.9281673604440175,0.4163019888284058
T_Q3,27,B,SRI3,49,0.0,603.4149594348266,0.0,0.7000000016022786,6249214938.223065,6249.2149382230655,0.9213007435870068,0.4330949585512506
T_Q3,27,B,SRI3,51,-1.5165064800851131,0.0,-0.4225698619724927,0.8956998444192242,413501606.7307506,413.5016067307506,0.7471448393638594,0.5098018287259402
T_Q3,27,B,SRI3,52,-1.9895154512414333,485.4405889630756,0.0,0.7,5998736414.091191,5998.736414091191,0.8790692710001066,0.4972426797594906
T_Q3,27,B,SRI3,53,0.0,1077.0000012309292,0.0,0.7,6966408607.488,6966.408607488,0.9418650158323549,0.36165368057779196
T_Q3,27,B,SRI3,56,-0.9787770403296614,0.0,-0.33467141540116174,0.9748944431663515,103243030.90823509,103.24303090823508,0.7092183441847225,0.5098018287259402
T_Q3,27,B,SRI3,58,-0.13638271280848513,0.0,-1.2421173074380767,0.8981603489122935,233590537.48703086,233.59053748703087,0.7250862774397834,0.5098018287259402
T_Q3,27,B,SRI3,60,0.0,259.1717680101806,0.0,0.7,5365318349.472926,5365.3183494729265,0.8954353008147438,0.47785249226171417
T_Q3,27,B,SRI3,61,-4.4216190539736466e-05,464.32893007661437,0.0,0.7,5955846998.5346575,5955.846998534657,0.9126196321201122,0.4505639164620913
T_Q3,27,B,SRI3,70,0.0,34.62929238791776,0.0,0.7,3856229006.4400616,3856.2290064400618,0.8653004589604012,0.505674742946597
T_Q3,27,B,SRI3,71,0.0,1023.7351380809978,0.0,0.7,6899650133.944765,6899.650133944765,0.9404418828049953,0.36990785213647853
T_Q3,27,B,SRI3,75,-0.13719864654692338,0.0,-0.7440267363888733,0.7964119056214232,678717787.5377158,678.7177875377158,0.7833991532358489,0.5098018287259402
T_Q3,27,B,SRI3,76,-0.004780717638249422,728.9854902630799,0.0,0.70000148079246,6472513813.280388,6472.513813280388,0.9285231437008572,0.415127904080834
T_Q3,27,B,SRI3,78,0.0,1522.8524567163468,0.0,0.7000000016411589,7444306748.091542,7444.306748091542,0.9508663322304051,0.2682961539829936
T_Q3,27,B,SRI3,79,-2.043242541481535e-06,197.9827554182001,0.0,0.7,5119179386.97682,5119.17938697682,0.8878215391183693,0.4855018322837728
T_Q3,27,B,SRI3,84,0.0,393.6838911439712,0.0,0.7003483566882418,5778676888.715965,5778.676888715965,0.9076030881986692,0.45999217276834964
T_Q3,27,B,SRI3,90,-1.8680202012874878,0.0,-0.008659088222462669,0.7057740446721459,1350541626.919202,1350.5416269192021,0.8574732273099227,0.5098018287259402
T_Q3,27,B,SRI3,91,-0.08366689469785935,563.947939163424,0.0,0.7,6171332329.043709,6171.332329043709,0.9168178745508236,0.44021062368804925
T_Q3,27,B,SRI3,94,-3.1961055290578884,0.0,-0.43393019594005483,0.7293861116531782,1066268958.5476501,1066.26895854765,0.829864446579144,0.5098018287259402
T_Q3,27,B,SRI3,95,-1.0587356275119113,186.47548111475413,0.0,0.7,5065319578.868689,5065.319578868689,0.8783577044864267,0.4966378482228626
T_Q3,27,B,SRI3,97,-0.029141216455307095,1164.0057828812817,0.0,0.7,7070090281.364582,7070.090281364582,0.9443910769559182,0.34656847048777883
T_Q3,27,B,SRI3,100,0.0,344.898793786238,0.0,0.7000277790132313,5644421901.151694,5644.421901151694,0.9039740989789019,0.4665030063685204
T_Q3,27,B,SRI3,103,0.0,379.29780694440456,0.0,0.7000720421928522,5741305067.032837,5741.305067032837,0.9067136300565696,0.46212687230938915
T_Q3,27,B,SRI3,105,0.0,432.7993122399036,0.0,0.7000581306896795,5879915149.444276,5879.915149444276,0.9108407158359128,0.45458426726438245
T_Q3,27,B,SRI3,111,-0.03715893479344933,139.29552874857964,-0.009474307104772949,0.7,4817809912.530068,4817.809912530069,0.8794962109083145,0.4934357989113032
T_Q3,27,B,SRI3,113,-0.00023363575146737037,571.1505639097838,0.0,0.7,6186097926.344324,6186.097926344324,0.9188458391148112,0.43665279111964994
T_Q3,27,B,SRI3,114,-8.418452506738698e-05,951.6490895262053,0.0,0.7,6804836829.62408,6804.83682962408,0.9379869783327995,0.3817198562635643
T_Q3,27,B,SRI3,115,-0.9864845694064035,248.61365198647067,0.0,0.7008483904551309,5320778539.539433,5320.778539539432,0.8849041164122815,0.4914434126729996
T_Q3,27,B,SRI3,116,-3.2533385409157067,0.0,-0.1940794888409303,0.7017190953815771,1292899704.110359,1292.899704110359,0.8525989966912157,0.5098018287259402
T_Q3,27,B,SRI3,127,0.0,935.8490421117397,0.0,0.7000011832691442,6783340262.480491,6783.34026248049,0.9375244600989077,0.3843526523641798
T_Q3,27,B,SRI3,128,-0.0042481290850119174,1449.3408285946737,0.0,0.7000480323939356,7373434992.154993,7373.434992154993,0.9497634041342011,0.2853737503113104
T_Q3,27,B,SRI3,130,-0.0014550855062817124,640.858092083061,-1.3816250068489832e-05,0.7000971498342853,6318772193.389915,6318.772193389916,0.9232931298253102,0.4282563062582274
T_Q3,27,B,SRI3,131,-0.012285625888132985,1.7490011936070484,0.0,0.7,2603491566.371018,2603.491566371018,0.8606396982957982,0.5096595154232041
T_Q3,27,B,SRI3,135,0.0,402.40711120186563,0.0,0.7000720421928522,5802846632.245942,5802.846632245942,0.9083858113637172,0.45899597964919775
T_Q3,27,B,SRI3,136,-0.011299001018400978,98.16025512268118,0.0,0.7000118935851832,4547394507.783237,4547.394507783238,0.8743729320098192,0.4982032945529583
T_Q3,27,B,SRI3,138,0.0,0.0,-0.44703663630302015,0.7,1174820758.0156527,1174.8207580156527,0.8412139324723378,0.5098018287259402
T_Q3,27,B,SRI3,139,0.0,222.208298412702,0.0,0.7000157916960988,5222638819.628553,5222.638819628553,0.8910591667556125,0.48254883125200126
T_Q3,27,B,SRI3,141,-0.0019741525545124983,805.7579213169417,-0.004373762776000434,0.7,6593043650.498815,6593.043650498815,0.9317251930124165,0.40392073149037605
T_Q3,27,B,SRI3,145,-6.713722868196279e-06,1114.1717735952934,-0.0008784462770629309,0.7012134218646783,7005847623.42928,7005.84762342928,0.9429679439285585,0.35524958195467327
T_Q3,27,B,SRI3,146,-0.02831709771827466,11.485570432998358,0.0,0.7,3288066648.3492045,3288.0666483492046,0.8622763012772621,0.5084854306756323
T_Q3,27,B,SRI3,149,-3.5397206265953742,0.0,-0.14254595807408008,0.7011377600145046,1317412272.46163,1317.4122724616302,0.8549471661863592,0.5098018287259402
T_Q3,27,B,SRI3,150,-0.030034487853228674,1656.024842076873,-0.0036497880502144014,0.7003485645130723,7562335218.182067,7562.335218182067,0.9525740918632368,0.2378055288718113
T_Q3,27,B,SRI3,151,-1.5202581763174647,332.5051916227569,-0.0186430312349255,0.7,5597916298.774681,5597.916298774681,0.8820934286832464,0.4938983171451951
T_Q3,27,B,SRI3,154,0.0,911.5940989759788,0.0,0.7000011470101151,6749818508.075854,6749.818508075854,0.9363503753513358,0.388195111538051
T_Q3,27,B,SRI3,156,-0.08691613861540004,43.64138177445966,-0.0017731036302091096,0.7000709597778239,3994409712.7471156,3994.4097127471155,0.8666168570107091,0.504927598107233
T_Q3,27,B,SRI3,163,-1.876260107625665,210.51312309677473,-0.008624520379195363,0.7,5168761278.24811,5168.76127824811,0.8700323762763724,0.5038246700110293
T_Q3,27,B,SRI3,167,-0.0012311992968700482,1768.2373897650443,0.0,0.7000138622874119,7662676825.636703,7662.676825636702,0.9538549115878605,0.21386131568648376
T_Q3,27,B,SRI3,171,0.0,1223.2457110032165,0.0,0.7,7137394060.2218685,7137.394060221868,0.9457786316575941,0.3345074180809051
T_Q3,27,B,SRI3,172,0.0,206.87533456734582,-0.00113086760006487,0.7000084351129593,5158118411.732628,5158.1184117326275,0.8890312021916249,0.48432774753620095
T_Q3,27,B,SRI3,175,-1.8636386704403403,395.6825816090856,0.0,0.7000000231903276,5781094064.610307,5781.094064610306,0.8779663429039029,0.4976340413420144
T_Q3,27,B,SRI3,177,-0.049958964979990306,1831.6789912569293,0.0,0.7000094696730289,7715119748.089959,7715.119748089959,0.9544597431244887,0.20244067314192205
T_Q3,27,B,SRI3,180,0.0,86.28018537224195,-2.115890294072595e-05,0.7000156033769904,4452231552.591048,4452.231552591048,0.8727719073540399,0.499804319208738
T_Q3,27,B,SRI3,185,0.0,834.4778854713024,0.0,0.700000246640628,6638329335.754078,6638.329335754078,0.9330415910627242,0.39943786245419294
T_Q3,27,B,SRI3,187,0.0,660.5553331498877,0.0,0.700001196072695,6354816847.47292,6354.81684747292,0.924751841178354,0.4258014017860319
T_Q3,27,B,SRI3,189,-1.0218752087726408,209.86960234071222,0.0,0.7001793482035132,5168969870.249262,5168.9698702492615,0.8811328138897784,0.494716618635927
T_Q3,27,B,SRI3,190,-5.187796818701459e-05,677.7797263982168,0.0,0.7000000307289614,6385343154.7466345,6385.343154746634,0.9258191909488741,0.4232397623367843
T_Q3,27,B,SRI3,191,-0.004830156143221534,1198.968280407178,0.0,0.700001503313596,7110190376.642839,7110.1903766428395,0.94538727007507,0.33938164869961224
T_Q3,27,B,SRI3,195,-0.0014550855062817124,55.40163957250479,-1.3816250068489832e-05,0.7000971498342853,4146475636.9118824,4146.475636911882,0.8688582915288008,0.5029707901946133
T_Q3,27,B,SRI3,201,-0.0018183788978138882,190.52397110490784,0.0,0.7,5085337861.324752,5085.337861324751,0.8870032376276374,0.4865336037286085
T_Q3,27,B,SRI3,204,-3.025150215916437,0.0,-1.0960366360397114,0.8914019471532025,284647414.26090676,284.64741426090677,0.7314192194115345,0.5098018287259402
T_Q3,27,B,SRI3,205,-1.5012095208710707,0.0,-0.2878057412500873,0.7001186692554686,1250994775.6873515,1250.9947756873514,0.8481161276550324,0.5098018287259402
T_Q3,27,B,SRI3,206,-4.846894610367286e-06,586.6270067433455,0.0,0.7,6216674974.975721,6216.674974975721,0.9201978154908032,0.43466040488134633
T_Q3,27,B,SRI3,208,0.0,144.3290537962663,0.0,0.7,4849730903.436741,4849.730903436741,0.8805635606788343,0.49258191909488724
T_Q3,27,B,SRI3,209,0.0,534.8883521798002,0.0,0.7,6112000508.577998,6112.0005085779985,0.9167111395737716,0.441384708435621
T_Q3,27,B,SRI3,212,0.0,231.1643688198858,0.0,0.7000157916960988,5258770103.971913,5258.770103971913,0.8923044081545523,0.4813747465044295
T_Q3,27,B,SRI3,215,-0.03199850110616823,1693.1886783425236,0.0,0.7000000234442356,7598330479.618719,7598.330479618719,0.9531789233998647,0.22955135731312484
T_Q3,27,B,SRI3,217,-0.05315359286844079,248.61365198647067,-3.0439161572069347e-05,0.7000339460705932,5326122744.160389,5326.122744160389,0.8940477461130678,0.47920446863770605
T_Q3,27,B,SRI3,218,-0.0020639793183752086,887.7554327069639,-0.0014238962413289508,0.7005990989832455,6713158826.655241,6713.158826655241,0.9354609172092361,0.39168178745508236
T_Q3,27,B,SRI3,221,0.0,324.3167325776537,0.0,0.700022148643763,5582745800.92442,5582.74580092442,0.9020172910662827,0.46945600740029164
T_Q3,27,B,SRI3,222,-0.005510815476897651,1941.2447756204306,0.0,0.7000031536792644,7802931420.694981,7802.93142069498,0.9554559362436401,0.18084462945173804
T_Q3,27,B,SRI3,223,-0.014455741529289712,1269.3775689858035,0.0,0.7010568546826687,7183185095.094352,7183.185095094352,0.9467748247767458,0.32493684847191096
T_Q3,27,B,SRI3,230,-0.0007160748807352527,0.0,-0.324216596580629,0.7024896973408682,1226637273.4906065,1226.6372734906065,0.8460881630910451,0.5098018287259402
T_Q3,27,B,SRI3,231,-3.489324744482414,0.0,-0.06677927612841705,0.7060288646499632,1329083682.5379517,1329.0836825379517,0.855765467677091,0.5098018287259402
T_Q3,27,B,SRI3,236,0.0,870.134476219908,0.0,0.7000159198536733,6690668653.5903015,6690.668653590302,0.9348560856726081,0.39427900523001386
T_Q3,27,B,SRI3,237,0.0,317.19796269153983,-0.0003712970000995337,0.7,5560756281.351951,5560.756281351951,0.9013057245526025,0.4702743088910236
T_Q3,27,B,SRI3,238,-0.035509140533430406,20.332057263643264,0.0,0.7,3563562167.931144,3563.5621679311444,0.8633792293734658,0.5073469242537446
T_Q3,27,B,SRI3,244,0.0,908.8740704368972,0.0,0.7,6746033226.836157,6746.033226836157,0.9363147970256519,0.38897783470309893
T_Q3,27,B,SRI3,246,-0.06760555760267657,0.0,-1.237082677802468,0.8867879546740594,261399998.56695867,261.3999985669587,0.728430640054079,0.5098018287259402
T_Q3,27,B,SRI3,248,-4.0,0.0,-1.1727104389668956,0.8197809694148089,441795598.1306479,441.7955981306479,0.7521613832853027,0.5098018287259402
T_Q3,27,B,SRI3,249,-0.017760256588389645,1238.6235485176146,0.0,0.7,7154365330.895203,7154.3653308952025,0.9462055715658019,0.33130536876934574
T_Q3,27,B,SRI3,250,-0.0005264699345673418,446.95632428930844,0.0,0.7,5914619558.06007,5914.61955806007,0.9116590173266446,0.45259188102607883
T_Q3,27,B,SRI3,251,-3.382253821895284,0.0,-0.6287930898821568,0.933948674933556,237581416.88330996,237.58141688330997,0.7251574340911519,0.5098018287259402
T_Q3,27,B,SRI3,254,-0.1363410280412153,0.0,-0.14620571830356105,0.9377081670047868,274192944.5801919,274.1929445801919,0.729889351407123,0.5098018287259402
T_Q3,27,B,SRI3,257,-0.011127609826864893,0.0,-0.44703135929234117,0.7,1174820758.0156527,1174.8207580156527,0.8412139324723378,0.5098018287259402
T_Q3,27,B,SRI3,263,0.0,935.7192876419099,-0.0011094771107093143,0.70078206486454,6779490644.714995,6779.490644714995,0.9372754118191196,0.3843526523641798
T_Q3,27,B,SRI3,267,-1.1487763395619628,0.0,-0.9829954410377759,0.7015763115901779,855718931.3098333,855.7189313098332,0.8079481979578041,0.5098018287259402
T_Q3,27,B,SRI3,268,0.0,1317.6667367392558,0.0,0.7,7239851184.858803,7239.851184858803,0.9476287045931618,0.31543743551428477
T_Q3,27,B,SRI3,274,-1.745325162214468e-05,565.0942177645286,-0.00018002176860376206,0.7,6173930106.7488165,6173.930106748817,0.9185612125093392,0.4374355142846978
T_Q3,27,B,SRI3,277,-0.2600627174688812,0.0,-1.1727104389668956,0.7005436289914273,734009492.9905576,734.0094929905575,0.792507204610951,0.5098018287259402
T_Q3,27,B,SRI3,286,-2.115299028836959,317.2845048712668,0.0,0.7006146355866455,5554422576.108889,5554.422576108888,0.8713131960009961,0.5026505852634575
T_Q3,27,B,SRI3,288,-0.5756817703544352,126.94264199478175,0.0,0.7007352151617205,4742156509.391549,4742.156509391549,0.8747642935923435,0.49813213790159033
T_Q3,27,B,SRI3,294,-0.053894208201657134,20.12365226158704,0.0,0.7,3558255711.318217,3558.255711318217,0.8633080727220979,0.5074180809051126
T_Q3,27,B,SRI3,295,-0.054677540759834026,0.0,-0.1569390231767523,0.9707530794182669,128514983.60256712,128.51498360256713,0.7124559718219662,0.5098018287259402
T_Q3,27,B,SRI3,296,0.0,133.58198507507632,0.0,0.7000376806457077,4786612010.249834,4786.612010249834,0.8789981143487386,0.4938627388195112
T_Q3,27,B,SRI3,297,0.0,655.9992202718176,-0.0021306283651337105,0.7000407664289908,6345653715.503481,6345.653715503481,0.9242893229444621,0.4262994983456078
T_Q3,27,B,SRI3,300,-0.13728666080029875,0.0,-0.1160266285183369,0.9915974452976088,37512968.51421651,37.51296851421651,0.7014622691856119,0.5098018287259402
T_Q3,27,B,SRI3,301,-0.0025862559791075546,0.0,-0.395039309223079,0.7001349729269184,1201197150.6762857,1201.1971506762857,0.8444159817838972,0.5098018287259402
T_Q3,27,B,SRI3,302,-0.013084308217489855,169.7135695988396,0.0,0.7,4985242006.7835655,4985.242006783566,0.8840146582701819,0.48905966485217217
T_Q3,27,B,SRI3,303,0.0,0.0,-0.904260731320656,0.7,906897683.2697871,906.8976832697871,0.813605151741559,0.5098018287259402
T_Q3,27,B,SRI3,305,-0.008072104201514774,0.0,-0.7914384927758451,0.7286246790533324,878232133.8522626,878.2321338522626,0.809798270893372,0.5098018287259402
T_Q3,27,B,SRI3,306,0.0,0.0,-0.5602660080066173,0.7006918522198541,1114736941.2305071,1114.7369412305072,0.8344896289180631,0.5098018287259402
T_Q3,27,B,SRI3,309,-0.055623865193366984,0.0,-0.059148738093583134,0.7004784457861659,1358364835.4543762,1358.3648354543761,0.8583271071263388,0.5098018287259402
T_Q3,27,B,SRI3,311,-0.0030361982807318223,0.0,-1.0445091201820047,0.7,819174154.4533387,819.1741544533387,0.8038211121784611,0.5098018287259402
T_Q3,27,B,SRI3,312,-0.015031589198632123,1133.1034187430923,-0.0005556983305771684,0.7016161510058214,7026383292.178767,7026.383292178767,0.9434304621624503,0.3524744725513218
T_Q3,27,B,SRI3,314,-0.0033059775504045152,0.0,-1.1997178518338885,0.7426529035010604,615388521.5439957,615.3885215439957,0.7769950546127299,0.5098018287259402
T_Q3,27,B,SRI3,317,-0.5825813535946145,0.0,-0.7999212866757301,0.7000941330701052,964350376.3355794,964.3503763355794,0.8190842138968942,0.5098018287259402
T_Q3,27,B,SRI3,319,-0.010840496543197416,0.0,-0.16293444154389913,0.7,1313446284.9993587,1313.4462849993586,0.8544490696267834,0.5098018287259402
T_Q3,27,B,SRI3,321,-0.04827448366378506,0.0,-1.0992383436561441,0.7,783974839.249061,783.974839249061,0.7994093997936456,0.5098018287259402
T_Q3,27,B,SRI3,325,-3.3640419410170415,0.0,-0.629468353973716,0.9747501287822061,90869880.60933396,90.86988060933396,0.7075105845518911,0.5098018287259402
T_Q3,27,B,SRI3,328,0.0,365.72829573361,-0.009395377312526366,0.7000415709351143,5701065408.835178,5701.0654088351785,0.9052904970292098,0.4636923186394848
T_Q3,27,B,SRI3,332,-0.00514825434898325,0.0,-0.9331091233484907,0.9918335768375158,24391139.210882526,24.391139210882525,0.6994698829473087,0.5098018287259402
T_Q3,27,B,SRI3,340,-0.0009271057718934633,271.883886952221,0.0,0.7000506721363096,5410506600.892676,5410.506600892676,0.8966093855623156,0.4764649375600384
T_Q3,27,B,SRI3,341,0.0,1199.5367917742067,0.0,0.7001791598845708,7110012955.296021,7110.012955296022,0.9453516917493858,0.33938164869961224
T_Q3,27,B,SRI3,344,0.0,54.50030852970525,0.0,0.7001172582618924,4135680180.5962667,4135.680180596267,0.8686803999003808,0.5031842601487173
T_Q3,27,B,SRI3,345,-3.3640419410170415,0.0,-0.629468353973716,0.7136032034332429,1029301909.9234564,1029.3019099234564,0.8256306258227489,0.5098018287259402
T_Q3,27,B,SRI3,347,-1.7394470390674332e-05,616.7422426385322,-0.00040671806062199167,0.7000000788654853,6274435535.574518,6274.435535574518,0.9218699967979506,0.43167182552389094
T_Q3,27,B,SRI3,349,0.0,298.69127740313263,0.0,0.7,5501636764.07391,5501.63676407391,0.899420073291351,0.4729071049916392
T_Q3,27,B,SRI3,357,-2.423275277428951e-07,1.9447132696102472,0.0,0.7000000000343422,2634519712.9442973,2634.519712944297,0.8606752766214822,0.5096595154232041
T_Q3,27,B,SRI3,359,-0.8007095095471821,0.0,-1.117224359235058,0.7036341020138576,764656508.9001749,764.6565089001749,0.797061230298502,0.5098018287259402
T_Q3,27,B,SRI3,360,-0.02509326653850341,480.3840842702035,0.0,0.7000154125436966,5992690596.805798,5992.690596805797,0.913829295193368,0.4489273134806278
T_Q3,27,B,SRI3,362,-0.043381023694390695,0.0,-0.4174140549495762,0.7424296015039796,1022637115.6968199,1022.6371156968199,0.8245988543779128,0.5098018287259402
T_Q3,27,B,SRI3,363,0.0,323.7858332536175,0.0,0.7000844866687925,5580825075.479783,5580.825075479783,0.9018393994378626,0.4695627423773437
T_Q3,27,B,SRI3,368,0.0,1075.6321969259754,0.0,0.7,6964719566.935323,6964.719566935323,0.941687124203935,0.36190272885757996
T_Q3,27,B,SRI3,370,-0.5188269012205088,174.47828869698333,0.0,0.7,5008406654.714567,5008.406654714568,0.8809905005870425,0.4930800156544634
T_Q3,27,B,SRI3,371,-0.00010780366978638007,0.0,-0.21581122038957987,0.7011923837981909,1285249311.7713587,1285.2493117713586,0.8515316469206958,0.5098018287259402
T_Q3,27,B,SRI3,375,0.0,981.7420417675077,0.0,0.7001008338404718,6844703230.163682,6844.703230163682,0.9390899064290034,0.37716583057601305
T_Q3,27,B,SRI3,384,-0.04775827473682317,0.0,-0.4249440155341691,0.7216756866361869,1101999020.792463,1101.9990207924632,0.8337780624043836,0.5098018287259402
T_Q3,27,B,SRI3,386,-0.038189668269416055,0.0,-0.7820257471137488,0.717540793093063,919201125.0502355,919.2011250502355,0.8136763083929269,0.5098018287259402
T_Q3,27,B,SRI3,391,-0.018057011874592868,0.0,-0.31057292468792896,0.7,1243059795.4818273,1243.0597954818272,0.8478670793752444,0.5098018287259402
T_Q3,27,B,SRI3,392,-0.0426962990576214,1931.117098249454,-0.007245172563493865,0.7000185540037097,7792273245.318077,7792.273245318077,0.9552068879638521,0.18390436546056144
T_Q3,27,B,SRI3,395,0.0,308.30202906458936,0.0,0.7,5532685481.823286,5532.685481823286,0.9004518447361869,0.4716262852670153
T_Q3,27,B,SRI3,401,-1.8249034662741486,0.0,-0.8877361715649461,0.8102289368415412,580997524.512311,580.997524512311,0.771124630874871,0.5098018287259402
T_Q3,27,B,SRI3,404,0.0,1818.5586393883389,0.0,0.7,7704522627.113456,7704.522627113456,0.9543885864731204,0.2037926495179137
T_Q3,27,B,SRI3,407,-0.0005739661462995187,85.84849171965385,-0.001948661100176885,0.7000000915684927,4448113366.417714,4448.113366417714,0.8726295940513038,0.499804319208738
T_Q3,27,B,SRI3,408,-0.37461662518460725,130.97373379970057,-0.000830222411231183,0.7,4770620675.184895,4770.620675184895,0.8766499448535953,0.49635322161739065
T_Q3,27,B,SRI3,414,-0.019190203443093277,208.1811849145019,0.0,0.7,5163830077.747011,5163.830077747011,0.8893158287970967,0.484078699256413
T_Q3,27,B,SRI3,415,-0.005746859630867532,0.0,-0.1991997622238726,0.7009891997269763,1293704032.6185563,1293.7040326185563,0.8528836232966877,0.5098018287259402
T_Q3,27,B,SRI3,419,0.0,1139.9147315272128,0.0,0.7,7042080641.5855665,7042.080641585567,0.9437862454192905,0.350802291244174
T_Q3,27,B,SRI3,422,-0.004045227126631072,81.66445710596345,0.0,0.7,4412638965.397636,4412.638965397637,0.87223823246878,0.500124524139894
T_Q3,27,B,SRI3,423,-4.0,0.0,-1.3189804655666644,0.92957672111659,148480258.30841905,148.48025830841905,0.7139858398263779,0.5098018287259402
T_Q3,27,B,SRI3,427,-0.0005494740811211075,31.32607384390269,-0.0009586633927113368,0.7000001425708915,3798194882.4217005,3798.1948824217006,0.8648379407265094,0.5061372611804886
T_Q3,27,B,SRI3,429,-1.9330995945110097,421.65005919797113,0.0,0.7000073982143651,5847608533.821656,5847.608533821656,0.8781086562066387,0.49777635464475045
T_Q3,27,B,SRI3,434,-0.0024022717035318292,1350.2893338580739,0.0,0.7000237945229633,7273786941.896075,7273.786941896075,0.9479489095243177,0.308606396982958
T_Q3,27,B,SRI3,436,-0.005211801376264477,780.9494591501032,0.0,0.7000049835279081,6556343445.483367,6556.343445483367,0.930942469847369,0.40737182908172326
T_Q3,27,B,SRI3,438,-3.1294454914693876e-05,123.13311297317702,0.0,0.7000861407978489,4721411626.711674,4721.411626711673,0.8772191980645391,0.495107980218451
T_Q3,27,B,SRI3,440,-0.06811578838476914,0.0,-1.3086262260301944,0.887771462196751,239113150.579119,239.113150579119,0.7254776390223073,0.5098018287259402
T_Q3,27,B,SRI3,442,-0.007249348457478266,0.0,-0.42155266019877385,0.7004997180963808,1187551896.149615,1187.551896149615,0.8428505354538013,0.5098018287259402
T_Q3,27,B,SRI3,443,-0.04555722986075739,14.454049059975148,0.0,0.7,3394511354.766873,3394.511354766873,0.8624897712313659,0.5081296474187924
T_Q3,27,B,SRI3,445,-2.7887636774302137e-06,348.51217095512516,-5.0069474677938474e-05,0.7001518503204222,5654391192.639738,5654.391192639738,0.9041875689330061,0.4660404881346284
T_Q3,27,B,SRI3,453,-0.00442096989156571,753.7019357589971,-0.0020111084198933624,0.7006593164299778,6509322418.701052,6509.322418701052,0.9294837584943252,0.4113566015583306
T_Q3,27,B,SRI3,454,-0.0007689478750508918,691.7055722911504,0.0,0.7000073049855473,6409516665.027149,6409.516665027149,0.9265307574625538,0.42106948447006076
T_Q3,27,B,SRI3,457,-0.0002545010130818384,0.0,-0.026760316573739618,0.7006918522198541,1366473809.7009945,1366.4738097009945,0.8592165652684386,0.5098018287259402
T_Q3,27,B,SRI3,459,-0.00118803007984002,260.84328137502445,-8.170903330198325e-05,0.700320608594286,5369837271.205056,5369.837271205056,0.8954708791404278,0.4777457572846622
T_Q3,27,B,SRI3,460,-0.5679043445506509,124.25349215430765,-0.005807458276061177,0.7000532654097738,4725968465.211317,4725.968465211317,0.8744796669868717,0.49841676450706224
T_Q3,27,B,SRI3,464,0.0,1175.7794991528424,0.0,0.7001784807124254,7082990563.882149,7082.990563882148,0.9446401252357058,0.3442203009926352
T_Q3,27,B,SRI3,465,0.0,42.37898714265509,0.0,0.7,3977191061.48821,3977.1910614882104,0.866937061941865,0.504892019781549
T_Q3,27,B,SRI3,474,0.0,861.8262517765552,0.0,0.7,6678679516.334511,6678.6795163345105,0.9344291457644002,0.3953819333262177
T_Q3,27,B,SRI3,475,0.0,600.6210551643838,-0.0003415506698478607,0.7,6243805118.486919,6243.805118486919,0.9211228519585868,0.4334151634824066
T_Q3,27,B,SRI3,479,-1.1070137231394215,0.0,-0.5947693513228485,0.9431340719673629,208118758.81419447,208.11875881419448,0.7223467463621163,0.5098018287259402
T_Q3,27,B,SRI3,480,0.0,324.4171195945222,0.0,0.7,5583157034.747785,5583.157034747785,0.9020528693919666,0.46945600740029164
T_Q3,27,B,SRI3,482,-0.12559822060384795,0.0,-0.9626347272549023,0.7,874211994.2149897,874.2119942149897,0.8096559575906355,0.5098018287259402
T_Q3,27,B,SRI3,483,0.0,954.7309303939586,0.0,0.7,6809001936.711328,6809.001936711327,0.9380937133098515,0.3813284946810404
T_Q3,27,B,SRI3,484,-1.1070137231394215,0.0,-0.5642428328209674,0.9328943056363832,249439980.26271793,249.43998026271794,0.7265449887928273,0.5098018287259402
T_Q3,27,B,SRI3,485,0.0,1196.4762142702923,0.0,0.7,7107373589.967253,7107.373589967253,0.9452805350980182,0.33995090191055616
T_Q3,27,B,SRI3,492,-0.012915996896603943,569.1273769496748,0.0,0.7,6182054838.034781,6182.054838034782,0.9187391041377589,0.4370441527021739
T_Q3,27,B,SRI3,494,-1.8157007391892355,0.0,-0.7566752623744317,0.8314307532871672,557235403.1556334,557.2354031556334,0.765965773650692,0.5098018287259402
T_Q3,27,B,SRI3,496,-2.1552925990324683,350.7018250596443,0.0,0.7,5657233121.281885,5657.233121281885,0.872202654143096,0.5027217419148255
T_Q3,27,B,SRI3,500,-0.42312691091166954,157.55836767087655,-0.00027373868234459395,0.7,4921991600.150117,4921.991600150117,0.8799231508165227,0.4940406304479311
T_Q3,27,B,SRI3,504,0.0,795.9108202574287,-0.0005292286647018843,0.7,6579640038.3094225,6579.640038309422,0.9315828797096807,0.40534386451773574
T_Q3,27,B,SRI3,505,-7.361103933928349e-11,0.0,-0.8407621561870606,0.7005708471431484,941553490.6336589,941.5534906336588,0.8163802611449102,0.5098018287259402
T_Q3,27,B,SRI3,506,-3.3678890052196984,0.0,-1.9589432790625714,0.9050492590881688,88301794.78044464,88.30179478044464,0.7067278613868431,0.5098018287259402
T_Q3,27,B,SRI3,509,-0.0006590309583936488,0.0,-0.5931293107612934,0.7270102544963669,999219566.3984101,999.21956639841,0.8216814316718255,0.5098018287259402
T_Q3,27,B,SRI3,511,0.0,841.8031546541315,0.0,0.7000195972821968,6649161491.462394,6649.161491462393,0.9333973743195644,0.3983705126836731
T_Q3,27,B,SRI3,512,-2.0388278480471516,0.0,-1.0729425323561863,0.7,800617438.7830735,800.6174387830736,0.8014017860319493,0.5098018287259402
T_Q3,27,B,SRI3,514,0.0,433.28392991060747,0.0,0.7,5881380884.722385,5881.380884722385,0.9109118724872808,0.4545131106130145
T_Q3,27,B,SRI3,515,0.0,1357.5437544850465,0.0,0.7,7281386178.365319,7281.386178365319,0.9481268011527376,0.3067919023730743
T_Q3,27,B,SRI3,516,-0.016371670026109647,157.55836767087655,-0.00027373868234459395,0.7,4922364942.402629,4922.364942402629,0.8825915252428223,0.4909453161134237
T_Q3,27,B,SRI3,523,0.0,336.555117322101,0.0,0.7004911143401038,5617582661.685403,5617.582661685403,0.9030490625111182,0.46767709111609207
T_Q3,27,B,SRI3,529,-0.02275209266156993,0.0,-0.5428786908506311,0.7,1126939548.3033643,1126.9395483033643,0.836161810225211,0.5098018287259402
T_Q3,27,B,SRI3,531,0.0,1169.355379917428,0.0,0.7,7076395909.324903,7076.395909324902,0.9445333902586541,0.345394385740207
T_Q3,27,B,SRI3,536,0.0,254.17959386255706,-4.77988058965602e-06,0.7,5346985797.196488,5346.985797196488,0.8948660476037998,0.4784217454726582
T_Q3,27,B,SRI3,537,-1.912525079102834,0.0,-0.16833455453763968,0.7015343800227568,1305384110.9614043,1305.3841109614043,0.8534528765076317,0.5098018287259402
T_Q3,27,B,SRI3,538,0.0,670.0624007743315,-0.00028808366425160344,0.7000429809575412,6371520622.107601,6371.520622107601,0.92524993773793,0.4243782687586722
T_Q3,27,B,SRI3,539,-0.011220302871550798,623.8670809003589,0.0,0.7,6287845984.898416,6287.845984898416,0.9221546234034226,0.43053331910200304
T_Q3,27,B,SRI3,541,-1.8411317302502002,486.94956559155463,0.0,0.7,6002340547.774323,6002.340547774324,0.8816664887750382,0.4947166186359269
T_Q3,27,B,SRI3,542,0.0,1381.1983912851504,0.0,0.7,7305618216.365544,7305.618216365544,0.9486960543636814,0.30149073184615927
T_Q3,27,B,SRI3,543,0.0,387.5694316420754,0.0,0.7,5764008370.651283,5764.008370651283,0.9073184615931974,0.46098836588750136
T_Q3,27,B,SRI3,544,0.0,276.92136032701256,0.0,0.7000121608716189,5428274184.203587,5428.274184203587,0.8973209520759954,0.4759312626747785
T_Q3,27,B,SRI3,546,0.0,729.2076372909819,-1.2456103965557074e-07,0.7000013611909146,6472882188.798501,6472.882188798501,0.9285587220265412,0.415127904080834
T_Q3,27,B,SRI3,547,-0.07128969288973963,0.0,-0.016779407946146352,0.9828891152788977,78555656.28234515,78.55565628234514,0.7065499697584231,0.5098018287259402
T_Q3,27,B,SRI3,552,0.0,752.6653264466731,0.0,0.7,6511245829.452228,6511.245829452228,0.9295904934713772,0.4114277582096986
T_Q3,27,B,SRI3,555,0.0,1231.752646227932,0.0,0.7009187473986953,7142608459.37727,7142.608459377269,0.9459565232860141,0.3327996584480735
T_Q3,27,B,SRI3,556,-1.1070137231394215,0.0,-0.5934395944051133,0.9695307015331478,111574380.28396256,111.57438028396257,0.7097520190699825,0.5098018287259402
T_Q3,27,B,SRI3,557,0.0,374.5095684586621,0.0,0.7,5728540334.196504,5728.540334196504,0.9062511118226776,0.46266054719464905
T_Q3,27,B,SRI3,558,-0.7420992961958622,248.9767092161292,0.0,0.7,5326377827.974151,5326.377827974151,0.8872167075817413,0.4887038815953322
T_Q3,27,B,SRI3,565,-1.0988195516015624,0.0,-0.5262860553206763,0.9525617504258646,179754587.18026468,179.75458718026468,0.7182196605827729,0.5098018287259402
T_Q3,27,B,SRI3,568,-0.10954112071898008,490.5687704215717,0.0,0.7,6015402590.161696,6015.402590161696,0.9129398370512685,0.4506350731134593
T_Q3,27,B,SRI3,569,0.0,1250.5216413268172,0.0,0.7,7167585221.723011,7167.585221723011,0.9464546198455899,0.32877930764578217
T_Q3,27,B,SRI3,570,-0.40783915432040385,0.0,-0.4566010352587385,0.8192934384506683,704832121.0707933,704.8321210707933,0.7838616714697408,0.5098018287259402
T_Q3,27,B,SRI3,572,0.0,1142.3408574014416,0.0,0.7001095447790154,7044427864.545909,7044.427864545909,0.9438929803963424,0.3504820863130182
T_Q3,27,B,SRI3,578,0.0,1947.3012251843204,0.0,0.7,7807703787.059828,7807.703787059828,0.9554915145693241,0.17977727968121823
T_Q3,27,B,SRI3,582,0.0,1876.0011456049504,0.0,0.7,7751223580.222352,7751.223580222352,0.9549222613583803,0.19222969367061585
T_Q3,27,B,SRI3,586,0.0,403.4198510465042,-0.002337063228764258,0.7,5805017704.653878,5805.017704653878,0.9084925463407691,0.45885366634646174
T_Q3,27,B,SRI3,588,0.0,545.3614825872443,-0.0019055076848671984,0.7000240853841735,6133170947.7911415,6133.170947791142,0.9172092361333474,0.4401394670366813
T_Q3,27,B,SRI3,589,-1.1070137231394215,0.0,-0.5972940494150988,0.7000587157388068,1095898849.3494513,1095.8988493494512,0.8320703027715516,0.5098018287259402
T_Q3,27,B,SRI3,590,-0.015561128600298058,78.9680321356749,0.0,0.7,4388659042.449577,4388.659042449577,0.8719180275376242,0.5003379940939978
T_Q3,27,B,SRI3,592,-0.00041814543442669566,245.8045810630034,-0.00012623815433493316,0.7000011428643154,5315648860.4234705,5315.64886042347,0.8939410111360161,0.47924004696339
T_Q3,27,B,SRI3,593,0.0,636.4429553885263,-0.0002129998418519477,0.7000023787882165,6311034144.222498,6311.034144222498,0.9228661899171023,0.4289678727719074
T_Q3,27,B,SRI3,597,-0.020033950264890202,43.131660522365735,-0.0014314471527218636,0.7,3987871483.8520236,3987.8714838520236,0.8669726402675489,0.504785284804497
T_Q3,27,B,SRI3,598,-0.01447808678872786,677.2026756760296,-0.034702742029450576,0.7001754579130538,6371157605.383999,6371.157605383999,0.9250008894581421,0.42341765396520437
T_Q3,27,B,SRI3,600,-1.9465570876369833,401.2468066572573,0.0,0.7,5795596286.947856,5795.596286947856,0.8770768847618031,0.4984523428327463
T_Q3,27,B,SRI3,601,-0.012828598601781982,886.2294502212368,0.0,0.7,6713878640.830432,6713.878640830432,0.9354964955349202,0.39196641406055427
T_Q3,27,B,SRI3,602,0.0,360.6713684093903,0.0,0.7,5689913982.692824,5689.913982692824,0.905183762052158,0.46447504180453275
T_Q3,27,B,SRI3,603,-0.008023892542672002,2006.9976657390996,0.0,0.7,7853699387.171672,7853.699387171672,0.9562030810830042,0.1703846017006439
T_Q3,27,B,SRI3,604,-0.04777774156980097,1820.234591051691,-1.082804178070563e-05,0.7001462081479127,7705111072.855607,7705.111072855607,0.9543885864731204,0.20518020421958946
T_Q3,27,B,SRI3,606,0.0,345.2444906506764,0.0,0.7,5645563194.57831,5645.56319457831,0.9040452556302699,0.46643184971715246
T_Q3,27,B,SRI3,607,0.0,166.1330393038561,0.0,0.7,4967103687.955372,4967.103687955372,0.8834809833849221,0.4899491229942719
T_Q3,27,B,SRI3,612,-1.1070137231394215,0.0,-0.7842383826935745,0.8901441857143335,356869401.6726523,356.8694016726523,0.7405272707866368,0.5098018287259402
T_Q3,27,B,SRI3,614,-0.05143902791103442,667.4680682221513,0.0,0.7,6367083772.497608,6367.083772497608,0.9248941544810902,0.42533888355213995
T_Q3,27,B,SRI3,616,0.0,584.9348616764586,0.0,0.7,6213360097.914595,6213.360097914595,0.919984345536699,0.4349094531611343
T_Q3,27,B,SRI3,617,0.0,692.4885125187952,0.0,0.7,6410899594.028683,6410.899594028682,0.9266019141139218,0.4209627494930088
T_Q3,27,B,SRI3,620,0.0,57.0085439071836,0.0,0.7,4165701545.8722324,4165.701545872233,0.8691429181342727,0.5027928985661935
T_Q3,27,B,SRI3,621,0.0,85.80437197690787,0.0,0.7,4448290667.355481,4448.290667355481,0.8726651723769877,0.499804319208738
T_Q3,27,B,SRI3,626,-3.427395486487318,0.0,-0.7971563521904405,0.8813486731281818,382820838.2827442,382.8208382827442,0.7442985733091402,0.5098018287259402
T_Q3,27,B,SRI3,628,-0.42944699697151706,0.0,-0.7887092624600033,0.7014505931179247,967654633.4145365,967.6546334145364,0.8193332621766819,0.5098018287259402
T_Q3,27,B,SRI3,636,-1.9992400614627763,0.0,-0.09996657075825288,0.7029774533819153,1327290819.4691179,1327.2908194691179,0.8553741060945673,0.5098018287259402
T_Q3,27,B,SRI3,637,0.0,977.0014935119547,0.0,0.7,6838839143.979967,6838.839143979967,0.9388764364748994,0.37801971039242893
T_Q3,27,B,SRI3,639,0.0,530.8429711802962,0.0,0.7,6103466294.042909,6103.466294042909,0.9166044045967198,0.44195396164656486
T_Q3,27,B,SRI3,642,-0.07763910625928228,0.0,-0.45383944672167886,0.8627715509272509,536021441.6560243,536.0214416560243,0.7622300494538725,0.5098018287259402
T_Q3,27,B,SRI3,653,0.0,0.0,-0.4167181855050186,0.7,1191565316.9977138,1191.5653169977138,0.8435621019674813,0.5098018287259402
T_Q3,27,B,SRI3,654,-0.12537417348651492,0.0,-1.2878861009462168,0.7003803862854455,652462081.7819834,652.4620817819833,0.7824741167680649,0.5098018287259402
T_Q3,27,B,SRI3,658,0.0,0.0,-0.4605893694953294,0.7388899215137559,1016477845.2146541,1016.477845214654,0.8236738179101293,0.5098018287259402
T_Q3,27,B,SRI3,660,0.0,100.49572896720998,0.0,0.7,4565110045.578896,4565.110045578896,0.8747287152666594,0.49781193297043447
T_Q3,27,B,SRI3,668,-0.0947135208401606,12.192357417770715,0.0,0.7,3315165881.886585,3315.1658818865853,0.8622051446258939,0.5085565873270003
T_Q3,27,B,SRI3,669,-0.00011904114020044876,220.0329815082906,0.0,0.7,5213752851.82074,5213.75285182074,0.8906678051730886,0.48276230120610536
T_Q3,27,B,SRI3,672,-1.920282099625464,770.7194215968398,0.0,0.7,6531847511.481627,6531.847511481627,0.8875013341872129,0.48632013377450456
T_Q3,27,B,SRI3,673,0.0,134.12679238094628,0.0,0.7,4790065533.001743,4790.0655330017435,0.8791404276514746,0.4938627388195112
T_Q3,27,B,SRI3,674,0.0,0.0,-0.4710090999197579,0.7,1162841390.789321,1162.841390789321,0.8393282812110862,0.5098018287259402
T_Q3,27,B,SRI3,675,0.0,211.89004491898837,-0.009970293938579428,0.7,5176474943.47148,5176.47494347148,0.8894581420998328,0.4836161810225211
T_Q3,27,B,SRI3,676,-0.003508127676346527,490.5687704215717,0.0,0.7,6015833169.01024,6015.8331690102395,0.914718753335468,0.44768207208168787
T_Q3,27,B,SRI3,680,-0.009535724710641895,1446.6165647148268,-7.150693054643227e-05,0.7,7370938776.755265,7370.938776755265,0.9496922474828333,0.2859785818479383
T_Q3,27,B,SRI3,682,-0.056045338841747894,22.818000195486775,0.0,0.7000486841982391,3623641748.9359803,3623.64174893598,0.8636282776532538,0.5070622976482727
T_Q3,27,B,SRI3,685,-9.816934081008756e-05,914.581704776413,-0.001757053087841262,0.7,6753581154.045182,6753.581154045182,0.9363859536770198,0.3878749066068951
T_Q3,27,B,SRI3,686,-2.016306338600175,0.0,-0.5879633647838931,0.8056795695785327,713495195.4661272,713.4951954661271,0.7868858291528803,0.5098018287259402
T_Q3,27,B,SRI3,688,0.0,311.8315632908889,-0.0016112758587434198,0.7000002058274638,5543558033.608901,5543.558033608901,0.9009499412957626,0.47123492368449144
T_Q3,27,B,SRI3,690,-2.0388278480471516,0.0,-1.0919917819190554,0.7000287922696973,788417165.933973,788.4171659339729,0.8004055929127974,0.5098018287259402
T_Q3,27,B,SRI3,691,-2.312756884965732,0.0,-1.489038968045569,0.8885393089370887,192768519.523422,192.76851952342201,0.7197495285871847,0.5098018287259402
T_Q3,27,B,SRI3,694,-3.5419738058911228,0.0,-0.4568021016156341,0.857139240305,557211898.2955213,557.2118982955212,0.7652542071370122,0.5098018287259402
T_Q3,27,B,SRI3,695,-1.8157007391892355,0.0,-0.44488070444369576,0.713191144089331,1123802097.684912,1123.802097684912,0.835628135339951,0.5098018287259402
T_Q3,27,B,SRI3,696,-0.039772490694409135,183.28435974622477,0.0,0.7,5051488359.490858,5051.488359490858,0.8859714661828013,0.48742306187070833
T_Q3,27,B,SRI3,697,-2.0656181774340308,0.0,-1.5249793059893628,0.9840065294477185,26736568.484198697,26.736568484198695,0.6996121962500446,0.5098018287259402
T_Q3,27,B,SRI3,698,-2.1381327897046885,0.0,-1.4708006785881707,0.873916197094478,222711689.41484177,222.71168941484177,0.72380545771516,0.5098018287259402
T_Q3,27,B,SRI3,700,0.0,462.610069212263,0.0,0.7,5951822745.798564,5951.822745798564,0.9125128971430603,0.4508129647418793
T_Q3,27,B,SRI3,702,0.0,194.67358970890604,0.0,0.7,5104279952.748635,5104.279952748635,0.8874301775358453,0.48603550716903277
T_Q3,27,B,SRI3,703,-0.7561165897073496,0.0,-0.22830415527237946,0.9609378894234397,167112206.97079852,167.11220697079852,0.7165830576013091,0.5098018287259402
T_Q3,27,B,SRI3,704,0.0,230.93636208835113,0.0,0.7,5257937138.321043,5257.937138321043,0.8922688298288682,0.48141032483011365
T_Q3,27,B,SRI3,705,-0.07151306463549778,32.25539094588146,0.0,0.7,3815003208.9355755,3815.0032089355755,0.8649446757035614,0.5062084178318567
T_Q3,27,B,SRI3,707,0.0,689.1662549734165,0.0,0.7,6405165617.721986,6405.165617721986,0.9263884441598178,0.42149642437826873
T_Q3,27,B,SRI3,709,0.0,832.3065590781111,0.0,0.7,6635081767.75354,6635.08176775354,0.9328636994343044,0.39975806738534886
T_Q3,27,B,SRI3,710,-1.932806521798808,488.69929420188106,0.0,0.7,6006157071.162167,6006.157071162166,0.8802433557476782,0.49606859501191863
T_Q3,27,B,SRI3,711,0.0,731.2450586956159,0.0,0.7,6476258144.2896185,6476.258144289619,0.9286654570035933,0.414878855801046
T_Q3,27,B,SRI3,713,-3.162532929037517,0.0,-0.7565332282389586,0.890709924759495,361387157.60132456,361.38715760132453,0.7409897890205287,0.5098018287259402
T_Q3,27,B,SRI3,714,-0.44014724073186995,0.0,-1.0444086705508382,0.8815635660287552,323505736.86341166,323.50573686341164,0.7364713416586617,0.5098018287259402
T_Q3,27,B,SRI3,715,0.0,272.92437503423685,0.0,0.7,5414400711.693473,5414.400711693473,0.8967872771907355,0.4764293592343544
T_Q3,27,B,SRI3,722,0.0,285.41163510768945,0.0,0.7,5457363242.574014,5457.363242574013,0.8981748318924109,0.4748639129042587
T_Q3,27,B,SRI3,724,0.0,1878.3804245009974,0.0,0.7005139304559012,7750752901.582978,7750.752901582979,0.9548866830326963,0.19176717543672392
T_Q3,27,B,SRI3,726,0.0,325.72551400326836,0.0,0.7,5587166654.020355,5587.166654020355,0.9021596043690187,0.4693848507489236
T_Q3,27,B,SRI3,727,-2.3731512411602926,0.0,-0.22830415527237946,0.7007443950032196,1279354596.4614532,1279.3545964614532,0.8510335503611199,0.5098018287259402
T_Q3,27,B,SRI3,728,0.0,857.4019586744726,0.0,0.7,6672220555.119231,6672.220555119231,0.9343224107873481,0.3962002348169495
T_Q3,27,B,SRI3,730,0.0,447.5771541987687,0.0,0.7,5916112000.13325,5916.11200013325,0.9116945956523286,0.45259188102607883
T_Q3,27,B,SRI3,733,-0.06778934160509904,208.56754421844175,-8.459130388435753e-05,0.7,5165392971.491402,5165.392971491402,0.8884975273063648,0.48454121749030493
T_Q3,27,B,SRI3,735,0.0,307.60745543799396,0.0,0.700011573955686,5530413886.995356,5530.413886995356,0.9004162664105029,0.47173302024406716
T_Q3,27,B,SRI3,737,0.0,76.57043450868343,0.0,0.7,4366816465.19945,4366.816465199449,0.8717045575835202,0.5007649340022058
T_Q3,27,B,SRI3,739,0.0,334.0996007832474,0.0,0.7,5612509480.487611,5612.509480487611,0.9030134841854343,0.4680684526986159
T_Q3,27,B,SRI3,741,0.0,87.19469490456268,-0.003320951932266546,0.7,4458131387.744325,4458.1313877443245,0.87277190735404,0.499662005906002
T_Q3,27,B,SRI3,743,-0.003453055294890323,1718.9697907232755,0.0,0.7,7620781933.359392,7620.7819333593925,0.9533568150282846,0.223645355249582
T_Q3,27,B,SRI3,746,-1.0053483642661032,0.0,-0.9511952054605841,0.7026211744796789,873837177.8185626,873.8371778185626,0.8096203792649519,0.5098018287259402
T_Q3,27,B,SRI3,747,0.0,1463.4013920417237,0.0,0.7,7387400909.29648,7387.40090929648,0.9499412957626213,0.28195823104564705
T_Q3,27,B,SRI3,748,-1.7113869688118535,0.0,-1.4126247375637442,0.9108659784614948,168608371.39384556,168.60837139384554,0.7168676842067809,0.5098018287259402
T_Q3,27,B,SRI3,750,0.0,979.3658426793252,0.0,0.7,6842004039.434845,6842.004039434845,0.9390187497776353,0.37755719215853706
T_Q3,27,B,SRI3,752,-0.012730559133080771,0.0,-0.30030882427516165,0.9903787766328032,40095930.50744337,40.09593050744337,0.7017113174654,0.5098018287259402
T_Q3,27,B,SRI3,756,-1.3892357510955158,508.91743470190966,-8.459130388435753e-05,0.7,6051875247.035032,6051.875247035032,0.8957199274202156,0.48091222827053753
T_Q3,27,B,SRI3,762,-0.15258377423060487,0.0,-0.7554137989072627,0.7100874331836764,959036964.5507948,959.0369645507949,0.8174831892411143,0.5098018287259402
T_Q3,27,B,SRI3,764,-0.0348429865651298,1373.058758540447,0.0,0.7,7297168204.176476,7297.168204176475,0.9486248977123135,0.303447539758779
T_Q3,27,B,SRI3,765,0.0,709.892987728884,0.0,0.7,6440541127.844902,6440.541127844902,0.9278115771871777,0.41786743515850155
T_Q3,27,B,SRI3,766,-2.2196701090485464,0.0,-0.840322177858908,0.7,943621586.7264851,943.6215867264851,0.8167004660760665,0.5098018287259402
T_Q3,27,B,SRI3,767,0.0,1321.3771243020187,0.0,0.7,7243747823.869075,7243.747823869075,0.9476998612445298,0.3146191340235529
T_Q3,27,B,SRI3,768,-0.965696520320682,194.12325909720425,0.0,0.7,5100609388.075047,5100.609388075047,0.8805279823531501,0.49553492012665884
T_Q3,27,B,SRI3,769,0.0,1050.874817371915,-5.481910792595435e-05,0.7,6933948903.624734,6933.948903624734,0.941295762621411,0.3659230796598712
T_Q3,27,B,SRI3,770,-1.9901386157377396,220.9624504675255,0.0,0.7,5215212318.368534,5215.212318368534,0.8698900629736366,0.504322766570605
T_Q3,27,B,SRI3,771,-0.002679072047105824,360.829768041342,0.0,0.7001932342306756,5689466108.547053,5689.466108547053,0.905041448749422,0.46447504180453275
T_Q3,27,B,SRI3,772,0.0,600.51317261137,0.0,0.7,6243654940.016831,6243.6549400168315,0.9210872736329028,0.4334151634824066
T_Q3,27,B,SRI3,776,-0.002690499542248509,135.48678689094277,0.0,0.7,4798214247.03753,4798.21424703753,0.8793894759312626,0.49372042551677525
T_Q3,27,B,SRI3,779,-1.0076751273245446,0.0,-0.9088318387455253,0.7005353100849828,903513464.6054791,903.5134646054792,0.8129291635535631,0.5098018287259402
T_Q3,27,B,SRI3,780,0.0,98.7926855913045,0.0,0.7000083114403135,4552223928.897688,4552.223928897688,0.8745152453125555,0.4980254029245384
T_Q3,27,B,SRI3,782,0.0,0.0,-0.5172227666736484,0.7,1141779949.0843563,1141.7799490843563,0.8377628348809906,0.5098018287259402
T_Q3,27,B,SRI3,784,0.0,476.06846820035486,0.0,0.7,5982994857.364321,5982.9948573643205,0.9135090902622122,0.44928309673746764
T_Q3,27,B,SRI3,785,-3.845823038548348,0.0,-1.1233324912068303,0.8123376296974062,482088537.24031824,482.08853724031826,0.7584587469313695,0.5098018287259402
T_Q3,27,B,SRI3,786,0.0,156.82677178314702,0.0,0.7,4918540881.029474,4918.540881029474,0.8823780552887182,0.4910164727647916
T_Q3,27,B,SRI3,787,-0.011648632917289126,0.0,-0.23482654418693485,0.9018832532693359,418265252.7034377,418.2652527034377,0.7482121891343793,0.5098018287259402
T_Q3,27,B,SRI3,792,0.0,1075.9647641012768,0.0,0.7000000334857542,6965128504.27782,6965.12850427782,0.9417582808553029,0.361831572206212
T_Q3,27,B,SRI3,793,-0.41940764912682926,0.0,-0.8963725422434665,0.82163057009247,542515962.3295954,542.5159623295955,0.7651118938342762,0.5098018287259402
T_Q3,27,B,SRI3,794,-0.07549142101531492,184.9206057660772,0.0,0.7,5059182631.840059,5059.182631840059,0.8854022129718574,0.4877076884761803
T_Q3,27,B,SRI3,795,-0.002690499542248509,297.39024466761055,0.0,0.7,5497375809.354732,5497.375809354731,0.8992777599886151,0.4731917315971111
T_Q3,27,B,SRI3,801,0.0,0.0,-0.4577187365393819,0.7,1169848411.3961658,1169.8484113961658,0.8407158359127619,0.5098018287259402
T_Q3,27,B,SRI3,806,-1.602198686046852e-07,147.86511112773508,-0.0058236674491861295,0.7000153424540598,4867203730.820381,4867.203730820381,0.8808126089586223,0.4921905575123634
T_Q3,27,B,SRI3,810,0.0,1569.1210004210302,0.0,0.7,7487388279.97047,7487.388279970471,0.9514355854413492,0.2576938129291636
T_Q3,27,B,SRI3,811,-0.03037793131445521,593.467234851017,-6.252573708878558e-08,0.7005300608466082,6227465335.800216,6227.465335800216,0.9204112854449069,0.4339132600419824
T_Q3,27,B,SRI3,814,-2.6469163400759435,0.0,-0.04439058399807794,0.7022170765726568,1354344042.1743734,1354.3440421743735,0.8579357455438148,0.5098018287259402
T_Q3,27,B,SRI3,817,-3.9265946897859014,0.0,-0.5850862205841765,0.7062409179843445,1080668757.84074,1080.66875784074,0.830647169744192,0.5098018287259402
T_Q3,27,B,SRI3,818,-0.04732372901748394,656.5684081198582,0.0,0.7,6347567434.508601,6347.567434508601,0.9244316362471983,0.4268331732308677
T_Q3,27,B,SRI3,823,0.0,1279.9089415062842,0.0,0.7000041539757708,7199548414.425239,7199.548414425239,0.9470238730565336,0.3227665706051873
T_Q3,27,B,SRI3,825,0.0,641.6863050594194,0.0,0.7,6320721491.022267,6320.721491022267,0.9233642864766785,0.42814957128117553
T_Q3,27,B,SRI3,829,0.0,55.53323602199863,0.0,0.7000003353434259,4148491424.4598665,4148.491424459867,0.8689294481801687,0.5029707901946133
T_Q3,27,B,SRI3,831,0.0,66.06110734526345,0.0,0.7,4264400463.40925,4264.40046340925,0.8704593161845802,0.5019390187497775
T_Q3,27,B,SRI3,832,-1.6273372954887049,229.9226732491114,-7.471849107706479e-06,0.7000990307430419,5251199797.362342,5251.199797362342,0.8744796669868715,0.5001956807912621
T_Q3,27,B,SRI3,837,-0.00013198483926587937,1418.7256542732277,-0.001107201866580079,0.7,7343303747.158764,7343.303747158764,0.9491941509232575,0.2925961504251609
T_Q3,27,B,SRI3,839,-1.5764143525449907,0.0,-0.38539938560501175,0.7004772099496697,1204902838.0031474,1204.9028380031473,0.8445582950866333,0.5098018287259402
T_Q3,27,B,SRI3,840,0.0,21.442815401031282,0.0,0.7,3591166395.29255,3591.16639529255,0.8635571210018859,0.5072757676023767
T_Q3,27,B,SRI3,841,-0.0004691572072808847,757.3897721238733,0.0,0.7000001035388153,6518860891.590987,6518.860891590987,0.9296616501227452,0.4108229266730707
T_Q3,27,B,SRI3,842,-0.002777502935369696,2074.060781205313,-0.0006307100801122324,0.7000137691415538,7904120949.577815,7904.120949577815,0.9566655993168962,0.15992457394954995
T_Q3,27,B,SRI3,847,-0.000828269392124957,545.7676180946758,-8.459130388435753e-05,0.7,6134555562.814122,6134.555562814122,0.9172448144590314,0.44010388871099726
T_Q3,27,B,SRI3,849,-2.5208315838048887,0.0,-0.3358795692560288,0.873881686802457,517859628.8591227,517.8596288591227,0.7594549400505213,0.5098018287259402
T_Q3,27,B,SRI3,851,-0.033174253179784306,1472.8389585014465,0.0,0.7000073049490318,7396342271.690498,7396.342271690498,0.9501903440424093,0.2801081581100792
T_Q3,27,B,SRI3,852,0.0,243.31013311859704,0.0,0.7000002516589311,5306153325.925959,5306.153325925959,0.8937631195075961,0.47952467356886175
T_Q3,27,B,SRI3,856,-0.05084102692136581,1879.3229498153837,-1.5295045976429785e-06,0.7,7753757226.824207,7753.7572268242075,0.9549222613583803,0.19308357348703162
T_Q3,27,B,SRI3,858,-0.00012391307518689774,796.3287524578761,0.0,0.7000008120709378,6580340449.149706,6580.340449149706,0.9316184580353647,0.40534386451773574
T_Q3,27,B,SRI3,864,-0.4569002113354943,178.08666540734907,-1.2162727435165652e-06,0.7,5026078592.514291,5026.078592514291,0.8818088020777743,0.49211940086099565
T_Q3,27,B,SRI3,871,-0.00025992837016436344,491.7142114403812,0.0,0.7,6018442699.164198,6018.442699164198,0.9148254883125199,0.44746860212758394
T_Q3,27,B,SRI3,872,-0.0009488359343889474,122.86664213228494,-0.002465848741602392,0.7000000048754232,4719114629.037464,4719.1146290374645,0.877148041413171,0.495107980218451
T_Q3,27,B,SRI3,873,-1.3512878209412988,0.0,-0.7437130198770565,0.8861565501788407,379610549.2815407,379.61054928154067,0.7433735368413563,0.5098018287259402
T_Q3,27,B,SRI3,876,0.0,773.2586985738841,0.0,0.7,6544238760.921574,6544.238760921574,0.930444373287793,0.408688227132031
T_Q3,27,B,SRI3,877,-0.00575013216834983,114.87274181769448,-0.006666063365499749,0.7000003840383842,4664864977.823289,4664.864977823289,0.8761874266197032,0.4960330166862348
T_Q3,27,B,SRI3,880,0.0,1630.7655116980197,0.0,0.7,7543485440.609768,7543.4854406097675,0.9523250435834488,0.24378268758672214
T_Q3,27,B,SRI3,884,0.0,0.0,-0.48355607596756406,0.7,1156942316.6934063,1156.9423166934064,0.8388301846515104,0.5098018287259402
T_Q3,27,B,SRI3,896,0.0,670.1643708012124,0.0,0.7000119985720308,6371901051.997458,6371.901051997458,0.925285516063614,0.4243782687586722
T_Q3,27,B,SRI3,897,0.0,419.52387992770355,0.0,0.7000007386479162,5847058708.806411,5847.058708806411,0.9096310527626569,0.4565766535026862
T_Q3,27,B,SRI3,898,0.0,1485.1681027604625,0.0,0.7000001810793052,7408411998.65523,7408.41199865523,0.9502970790194611,0.2773686270324118
T_Q3,27,B,SRI3,901,0.0,406.6098330557835,0.0,0.7000230606271148,5813995972.15796,5813.99597215796,0.9087060162948731,0.45835556978688574
T_Q3,27,B,SRI3,902,0.0,814.2153282554289,0.0,0.7,6607802500.3829775,6607.802500382977,0.9322232895719926,0.4023552851602806
T_Q3,27,B,SRI3,904,0.0,881.7260245509785,-0.0006486870312693991,0.7000001822507974,6707402673.61761,6707.40267361761,0.9353897605578682,0.3925000889458141
T_Q3,27,B,SRI3,911,-0.003453055294890323,1024.1643462065133,0.0,0.7,6900198471.463277,6900.198471463277,0.9405486177820471,0.36987227381079457
T_Q3,27,B,SRI3,912,-0.0026476444776777964,1197.4421890339568,0.0,0.7,7108468443.893517,7108.468443893516,0.945316113423702,0.33966627530508414
T_Q3,27,B,SRI3,913,-0.003617583307088539,1147.4550824619755,0.0,0.7,7050926599.305736,7050.926599305735,0.9440708720247623,0.34948589319386625
T_Q3,27,B,SRI3,922,-1.5267140989952521,0.0,-1.1816182930911001,0.8722626788416541,310407172.3931929,310.40717239319287,0.7347280037001459,0.5098018287259402
T_Q3,27,B,SRI3,927,-2.2307899996235148,0.0,-0.2715937216467208,0.9601882812241531,167327617.01515517,167.32761701515517,0.716618635926993,0.5098018287259402
T_Q3,27,B,SRI3,928,0.0,981.4311075988493,0.0,0.7,6844759118.764939,6844.75911876494,0.9391254847546875,0.37720140890169707
T_Q3,27,B,SRI3,930,-0.030142787776431573,25.198486461631084,-0.0066723696300367025,0.7,3674570666.1164827,3674.5706661164827,0.8638061692816739,0.5068488276941685
T_Q3,27,B,SRI3,932,-0.008132913352746744,859.8831564943432,0.0,0.7,6675844626.831157,6675.844626831156,0.934357989113032,0.3958088732344256
T_Q3,27,B,SRI3,937,-0.002604204336885234,1284.186713238287,0.0,0.7,7204180345.013605,7204.180345013605,0.9470238730565337,0.3215924858576155
T_Q3,27,B,SRI3,938,-1.6015184086067624,0.0,-0.4484901802219223,0.7,1174070460.5331478,1174.0704605331478,0.8411783541466539,0.5098018287259402
T_Q3,27,B,SRI3,942,-4.0,0.0,0.0,0.9831878274390033,77456536.36726178,77.45653636726178,0.706372078130003,0.5098018287259402
T_Q3,27,B,SRI3,944,0.0,730.5252831199872,0.0,0.7,6475068502.102807,6475.068502102807,0.9286298786779092,0.41498559077809805
T_Q3,27,B,SRI3,945,-0.5750414869635039,0.0,-0.33861138436235727,0.7,1230299170.2973688,1230.2991702973688,0.8470131995588289,0.5098018287259402
T_Q3,27,B,SRI3,950,0.0,362.16167373987446,0.0,0.7,5694122127.066537,5694.122127066536,0.905254918703526,0.46436830682748076
T_Q3,27,B,SRI3,951,-0.04792646198311773,1160.9544569228858,0.0,0.7000716079369116,7066186735.938421,7066.186735938421,0.944355498630234,0.34777813356103454
T_Q3,27,B,SRI3,955,-0.02953434305075627,1376.0445218491882,0.0,0.7,7300214296.140745,7300.214296140745,0.9486604760379976,0.3025936599423631
T_Q3,27,B,SRI3,956,-0.005961513739659801,301.2907988355013,-0.008636986557401524,0.7,5507218242.365711,5507.218242365711,0.8994912299427189,0.47251574340911523
T_Q3,27,B,SRI3,957,0.0,816.5464652449928,0.0,0.7,6611383520.256809,6611.383520256809,0.9323300245490445,0.4019639235777565
T_Q3,27,B,SRI3,958,-2.4377035010693833,0.0,-0.4031159869402452,0.7311811438696306,1072912745.3630463,1072.9127453630463,0.830504856441456,0.5098018287259402
T_Q3,27,B,SRI3,959,-0.007253656604141162,528.527502705986,0.0,0.7000678236471019,6098256593.963605,6098.256593963605,0.9164265129682996,0.44227416657772084
T_Q3,27,B,SRI3,960,-0.008132913352746744,1254.786210356929,0.0,0.7,7172261717.602276,7172.261717602276,0.9465613548226419,0.32764080122389433
T_Q3,27,B,SRI3,965,0.0,333.022314131498,0.0,0.7,5609288568.043025,5609.288568043025,0.9029423275340663,0.4682107660013519
T_Q3,27,B,SRI3,967,0.0,657.1593183225857,-0.030613632862107276,0.7,6337090544.868572,6337.090544868573,0.9238268047105703,0.4262283416942398
T_Q3,27,B,SRI3,968,-0.008132913352746744,927.6137545536303,0.0,0.7,6772011238.54121,6772.01123854121,0.9371686768420676,0.38570462874017153
T_Q3,27,B,SRI3,971,-0.01886896363874957,11.685644111230232,0.0,0.7,3295863549.8993,3295.8635498993003,0.862311879602946,0.5083786956985803
T_Q3,27,B,SRI3,976,-0.059813863546591906,0.0,-0.24159051397662806,0.7025666560951506,1262765814.8353155,1262.7658148353155,0.8492190557512365,0.5098018287259402
T_Q3,27,B,SRI3,977,0.0,223.25562863788622,0.0,0.7,5226992092.672082,5226.9920926720815,0.8913082150354003,0.4824420962749493
T_Q3,27,B,SRI3,980,-0.31420132306319465,0.0,-0.030971914489891318,0.7,1368354887.9753025,1368.3548879753025,0.8595723485252784,0.5098018287259402
T_Q3,27,B,SRI3,982,0.0,673.5588381593166,0.0,0.7,6377938398.778841,6377.938398778841,0.9254278293663499,0.42388017219909613
T_Q3,27,B,SRI3,990,-1.2943179098177509,496.8055531142292,-0.010692616785155887,0.7000067142747846,6022375521.67342,6022.37552167342,0.8964314939338955,0.47938236026612585
T_Q3,27,B,SRI3,1003,-4.0,0.0,-0.8355654397671611,0.7,946455818.9622841,946.4558189622841,0.8169139360301704,0.5098018287259402
T_Q3,27,B,SRI3,1004,-4.0,0.0,-0.9847127536230748,0.7,858981738.5872363,858.9817385872362,0.808375137866012,0.5098018287259402
T_Q3,27,B,SRI3,1007,-0.0033323793891960884,1001.1306297803018,0.0,0.7,6870556044.408569,6870.5560444085695,0.9398726295940513,0.37382146796171767
T_Q3,27,B,SRI3,1009,-0.5305053703189072,117.77470106769789,0.0,0.7,4686483491.56237,4686.483491562371,0.8741594620557158,0.4989148610666381
T_Q3,27,B,SRI3,1011,0.0,110.06372178181499,0.0,0.7,4634281949.396626,4634.281949396626,0.8757960650371793,0.49645995659444264
T_Q3,27,B,SRI3,1015,0.0,124.88155238300651,0.0,0.7,4732961208.836262,4732.961208836262,0.877717294624115,0.4948233536129791
T_Q3,27,B,SRI3,1018,-1.6015184086067624,0.0,-0.4491937190370576,0.7104938428407753,1132876290.3062162,1132.8762903062163,0.8365175934820509,0.5098018287259402
T_Q3,27,B,SRI3,1020,-3.2826036158475653,0.0,-1.1436068142686175,0.8159851950714544,463795146.2044543,463.7951462044543,0.7562173124132778,0.5098018287259402
T_Q3,27,B,SRI3,1025,-3.157989438618775,0.0,-0.7850935753189465,0.8396452099226382,520824365.0664352,520.8243650664352,0.7618386878713487,0.5098018287259402
T_Q3,27,B,SRI3,1026,-3.3927354709073856,0.0,-1.180098980281789,0.8223224907077207,431876701.9403934,431.8767019403934,0.7505959369552068,0.5098018287259402
T_Q3,27,B,SRI3,1027,-2.2620955117145654,0.0,-0.12338976570817356,0.7,1331739363.012297,1331.739363012297,0.856299142562351,0.5098018287259402
T_Q3,27,B,SRI3,1028,-0.07077862719945305,656.9625804200928,-1.4986810530959876e-05,0.7,6348117592.147036,6348.117592147036,0.9231863948482584,0.42868324616643544
T_Q3,27,B,SRI3,1030,-0.00011448447862845912,54.564461824803686,0.0,0.7,4136990171.48811,4136.99017148811,0.8688227132031168,0.5031486818230333
T_Q3,27,B,SRI3,1031,0.0,489.62079686680005,0.0,0.7,6013700947.044667,6013.700947044667,0.9146475966841001,0.4479311203614759
T_Q3,27,B,SRI3,1032,-0.007688581823039886,1229.3171724141469,-0.0006277851551495187,0.7000715601155255,7143757708.855528,7143.757708855528,0.945992101611698,0.33329775500764935
T_Q3,27,B,SRI3,1033,-0.007120177682699902,470.2607710118128,0.0,0.7,5969622605.949585,5969.622605949585,0.9131177286796883,0.45010139822819945
T_Q3,27,B,SRI3,1035,-0.048663794562837426,487.11890497232775,0.0,0.7000678236471019,6007700220.817521,6007.700220817521,0.9145764400327319,0.4487138435265237
T_Q3,27,B,SRI3,1036,-0.008772085047139147,76.33662127211545,0.0,0.7,4364658475.826283,4364.658475826283,0.871597822606468,0.5008360906535739
T_Q3,27,B,SRI3,1037,0.0,167.4494876638207,0.0,0.7,4973807951.102506,4973.807951102505,0.8837300316647098,0.4894866047603801
T_Q3,27,B,SRI3,1038,0.0,2005.0394235314354,0.0,0.7,7852216328.8083105,7852.21632880831,0.9561675027573201,0.17084711993453586
T_Q3,27,B,SRI3,1041,-3.3927354709073856,0.0,-1.2620560559402652,0.8223224907077207,398915763.85953104,398.91576385953107,0.7470736827124916,0.5098018287259402
T_Q3,27,B,SRI3,1045,-0.32640476132362745,0.0,-0.43530824831199955,0.9319670008170692,267879875.62583125,267.87987562583123,0.728537375031131,0.5098018287259402
T_Q3,27,B,SRI3,1046,-0.005071942885087187,1735.6080503542391,-0.0003260046461670842,0.7,7634985239.056499,7634.985239056498,0.9536058633080727,0.22051446258939056
T_Q3,27,B,SRI3,1047,0.0,1313.0493462564295,0.0,0.7,7234970615.21246,7234.97061521246,0.9475575479417936,0.3166115202618564
T_Q3,27,B,SRI3,1052,0.0,0.0,-1.329521718547782,0.8665818757296438,277417061.1256199,277.4170611256199,0.7305297612694347,0.5098018287259402
T_Q3,27,B,SRI3,1057,-0.002677540736037482,954.2675065444697,0.0,0.7000000033066385,6808377101.520962,6808.377101520961,0.9380581349841677,0.3813996513324084
T_Q3,27,B,SRI3,1069,-0.0020837179143360536,250.2009325547751,-0.007577377584667958,0.7,5329686037.729257,5329.686037729257,0.8941544810901202,0.4789909986836019
T_Q3,27,B,SRI3,1070,-1.5170299701137786,330.5786400830118,0.0,0.7,5598656609.394408,5598.656609394408,0.8823068986373502,0.49400505212224705
T_Q3,27,B,SRI3,1072,-0.00045120352727137745,2.357877662182716,0.0,0.7,2692900487.213247,2692.900487213247,0.8607820115985342,0.5096595154232041
T_Q3,27,B,SRI3,1073,-0.026120983020931687,0.0,-0.6808126238114304,0.703174370408038,1030108593.1967713,1030.1085931967712,0.8260219874052729,0.5098018287259402
T_Q3,27,B,SRI3,1074,0.0,0.0,-0.3885855004736424,0.7,1205764058.436712,1205.764058436712,0.8448429216921051,0.5098018287259402
T_Q3,27,B,SRI3,1076,0.0,751.7698406381219,-0.0004854193535539066,0.7,6509716310.622038,6509.716310622038,0.9295549151456932,0.41157007151243463
T_Q3,27,B,SRI3,1079,0.0,1105.9772988141547,0.0,0.7,7001669584.001674,7001.669584001674,0.9429323656028747,0.35706407656455696
T_Q3,27,B,SRI3,1080,0.0,1584.7241384679874,0.0,0.7,7501758944.66829,7501.7589446682905,0.951791368698189,0.2543850286405522
T_Q3,27,B,SRI3,1081,0.0,2079.2823328597224,-0.0015343796934995358,0.7,7908002670.052905,7908.002670052905,0.9568079126196322,0.15939089906429002
T_Q3,27,B,SRI3,1090,-0.06792923764247549,0.0,-0.4118043275213357,0.7391049207609788,1037940869.4959041,1037.940869495904,0.8265200839648486,0.5098018287259402
T_Q3,27,B,SRI3,1092,-0.0034687016070751517,384.93560493537154,0.0,0.7,5756941332.117397,5756.941332117397,0.9071761482904613,0.4614153057957092
T_Q3,27,B,SRI3,1095,0.0,195.668392232732,-0.00023126356241172895,0.7,5108720811.68664,5108.7208116866395,0.8875013341872133,0.4858576155406127
T_Q3,27,B,SRI3,1097,-0.007225085084772563,780.1114263695574,-0.00043745943108334726,0.7000743199199595,6554648801.69895,6554.64880169895,0.9309068915216848,0.4074785640587753
T_Q3,27,B,SRI3,1098,-0.007457613534360849,547.0512777253106,-0.001688869023561722,0.7000392664499183,6136723408.418364,6136.723408418364,0.9173159711103993,0.4399971537339454
T_Q3,27,B,SRI3,1099,0.0,599.4620108547529,-0.00024875020458971914,0.7000453428527625,6241351797.300284,6241.3517973002845,0.9209449603301666,0.4334151634824066
T_Q3,27,B,SRI3,1102,0.0,1875.9316403804287,0.0,0.7000735492842178,7750826004.05873,7750.82600405873,0.9548866830326963,0.19222969367061585
T_Q3,27,B,SRI3,1106,0.0,505.86205102479244,0.0,0.7,6049780363.923697,6049.780363923697,0.9155014765005158,0.4450492759810724
T_Q3,27,B,SRI3,1107,-0.2752835883549247,0.0,-0.03871505403049508,0.7031557605028783,1352095895.3174489,1352.0958953174488,0.8577578539153948,0.5098018287259402
T_Q3,27,B,SRI3,1111,-2.04180387754458,0.0,-0.43333797283281905,0.740405994423552,1023305334.6253939,1023.3053346253938,0.8245988543779131,0.5098018287259402
T_Q3,27,B,SRI3,1113,-0.03695466888193297,1654.296363778897,0.0,0.7,7564274237.5548935,7564.274237554893,0.9527875618173409,0.23890845696801513
T_Q3,27,B,SRI3,1117,0.0,881.9980950539767,0.0,0.7001923238934046,6706960308.086511,6706.960308086511,0.9353541822321841,0.3925000889458141
T_Q3,27,B,SRI3,1119,-0.18589121666514952,0.0,-0.7364295768314121,0.7,1005157188.3824562,1005.1571883824562,0.8226420464652934,0.5098018287259402
T_Q3,27,B,SRI3,1122,0.0,1355.8196433014687,0.0,0.7,7279605663.661793,7279.605663661793,0.9480912228270536,0.30728999893265024
T_Q3,27,B,SRI3,1127,-0.003683960597824555,31.452278870087355,0.0,0.7,3800550183.0384274,3800.5501830384273,0.8649090973778774,0.5061372611804886
T_Q3,27,B,SRI3,1132,-0.2726824486569946,0.0,-0.11113429588049428,0.7055035893828713,1312157202.8623827,1312.1572028623827,0.8539865513928915,0.5098018287259402
T_Q3,27,B,SRI3,1133,-0.008326420420179781,0.0,-1.2650075664581224,0.8658292189881578,300661549.05004144,300.66154905004146,0.733838545558046,0.5098018287259402
T_Q3,27,B,SRI3,1136,-0.00605883694975926,290.8840459653638,-0.0017033162472829288,0.7000391077539312,5475228414.929934,5475.228414929934,0.8985306151492511,0.47393887643647503
T_Q3,27,B,SRI3,1138,-1.316270140150879,462.59402669879086,-0.0031671366821790325,0.7,5946200450.457843,5946.200450457843,0.8945458426726438,0.48201515636674136
T_Q3,27,B,SRI3,1140,-0.0001182210869466831,45.71420964935976,0.0,0.7,4024086979.9044437,4024.0869799044435,0.8674351585014408,0.5043227665706052
T_Q3,27,B,SRI3,1144,-1.98288089573597,0.0,-1.6991857286404843,0.9747762465932613,33455507.530823987,33.455507530823986,0.6997545095527805,0.5098018287259402
T_Q3,27,B,SRI3,1145,0.0,96.71359945619145,0.0,0.7,4536354326.107581,4536.354326107581,0.8741594620557154,0.4983811861813784
T_Q3,27,B,SRI3,1147,0.0,181.44807534745632,0.0,0.7,5042782783.504154,5042.782783504154,0.8857935745543813,0.4876009534991283
T_Q3,27,B,SRI3,1148,-1.4015975924297295,434.9324911311814,-0.004635325096569432,0.7,5879605545.840363,5879.6055458403625,0.8923755648059202,0.4858576155406126
T_Q3,27,B,SRI3,1149,-3.472775849313161,0.0,-0.8318888625144607,0.952535906391111,150039554.61094892,150.03955461094893,0.7140569964777457,0.5098018287259402
T_Q3,27,B,SRI3,1154,-0.00761793004284623,156.10296925747002,0.0,0.7000015097700705,4914664166.216192,4914.664166216192,0.8822357419859822,0.49112320774184354
T_Q3,27,B,SRI3,1157,-3.883309243156785,0.0,-0.6768398304309637,0.8856343035822403,398382496.1308141,398.38249613081405,0.745614971359448,0.5098018287259402
T_Q3,27,B,SRI3,1159,-4.0,0.0,-0.14199302457947194,0.7008613594344029,1318745451.585697,1318.7454515856969,0.8550894794890953,0.5098018287259402
T_Q3,27,B,SRI3,1160,0.0,905.8911308876443,0.0,0.7,6741817410.800384,6741.817410800383,0.9362080620486,0.38919130465720286
T_Q3,27,B,SRI3,1165,-0.4152279113578081,0.0,-1.4876255731768033,0.8245835720153021,303885221.4331323,303.8852214331323,0.7344077987689899,0.5098018287259402
T_Q3,27,B,SRI3,1166,-0.9878884491016828,251.84644196736895,0.0,0.7002664260330438,5335538979.339986,5335.538979339985,0.8856512612516455,0.4913366776959477
T_Q3,27,B,SRI3,1167,-0.7239372388698184,0.0,-0.599782195687111,0.8748964831032746,456798495.04056436,456.7984950405644,0.7525883231935105,0.5098018287259402
T_Q3,27,B,SRI3,1169,0.0,599.6602246506158,0.0,0.7,6241999900.323813,6241.999900323814,0.9210161169815346,0.4334151634824066
T_Q3,27,B,SRI3,1170,-1.228342468063067,0.0,-1.4838044928680052,0.8053699873134944,339036068.12444544,339.0360681244454,0.7404916924609528,0.5098018287259402
T_Q3,27,B,SRI3,1171,-4.0,0.0,-0.8935724184750792,0.8133991154774596,568752815.6693748,568.7528156693749,0.769559184544775,0.5098018287259402
T_Q3,27,B,SRI3,1174,-0.002345954066826722,0.0,-1.6194257823795608,0.8791545284630624,176899896.91963255,176.89989691963257,0.7170099975095171,0.5098018287259402
T_Q3,27,B,SRI3,1178,-1.267214047086242,211.48311759146932,0.0,0.7,5176428274.244036,5176.4282742440355,0.8792471626285268,0.4965666915714945
T_Q3,27,B,SRI3,1179,-2.052009874501268,251.84644196736895,0.0,0.7002664260330438,5334318120.214726,5334.318120214726,0.8702458462304764,0.5033977301028214
T_Q3,27,B,SRI3,1180,-0.005136311381337244,584.7724157370633,0.0,0.7,6213041887.926076,6213.041887926076,0.9199487672110152,0.4349806098125023
T_Q3,27,B,SRI3,1181,-1.7750859457381232,0.0,-0.757287466073556,0.7038534604311734,978299669.3049616,978.2996693049615,0.8197602020848899,0.5098018287259402
T_Q3,27,B,SRI3,1182,-0.139794573530848,0.0,-0.9014493727354171,0.8632898368854096,414170416.275666,414.170416275666,0.7481054541573273,0.5098018287259402
T_Q3,27,B,SRI3,1183,-0.0051654158341430945,87.99477449367336,0.0,0.7002664260330438,4465397125.797056,4465.397125797056,0.8729497989824601,0.49944853595189803
T_Q3,27,B,SRI3,1184,-0.002345954066826722,0.0,-0.052167043872515695,0.7011856280523647,1357107889.059444,1357.107889059444,0.8582559504749708,0.5098018287259402
T_Q3,27,B,SRI3,1185,-3.650541673476227,0.0,-0.8081351495471589,0.7386030207477983,837309768.5632445,837.3097685632445,0.8046749919948767,0.5098018287259402
T_Q3,27,B,SRI3,1186,0.0,796.0145922593456,0.0,0.7002682134066218,6578624771.213032,6578.624771213032,0.9314405664069446,0.40534386451773574
T_Q3,27,B,SRI3,1187,0.0,465.7879254691389,0.0,0.7,5959226740.702471,5959.226740702471,0.9127619454228483,0.4504571814850394
T_Q3,27,B,SRI3,1188,0.0,0.0,-0.2854327508378668,0.7,1252867924.125972,1252.867924125972,0.8485074892375564,0.5098018287259402
T_Q3,27,B,SRI3,1190,0.0,530.1091540594712,0.0,0.7,6101917360.096401,6101.917360096401,0.9165332479453516,0.4420606966236169
T_Q3,27,B,SRI3,1192,0.0,0.0,-0.5540064021764675,0.7008988723082081,1116335338.6475358,1116.3353386475358,0.834952147151955,0.5098018287259402
T_Q3,27,B,SRI3,1193,0.0,836.2963711333866,0.0,0.7,6641044742.1460705,6641.04474214607,0.9331483260397763,0.399082079197353
T_Q3,27,B,SRI3,1194,0.0,1054.152956736652,0.0,0.7,6938057231.083315,6938.057231083315,0.9413669192727793,0.36538940477461135
T_Q3,27,B,SRI3,1195,-0.03521295238517219,455.56791995406735,0.0,0.7,5935146748.050993,5935.146748050993,0.9122638488632724,0.4515601095812431
T_Q3,27,B,SRI3,1196,-0.008107127936324673,0.0,-0.199765836567683,0.7015315510768468,1290642909.257878,1290.642909257878,0.8523855267371119,0.5098018287259402
T_Q3,27,B,SRI3,1197,-0.0012594164946005681,377.5791606596084,0.0,0.7003564747347611,5735307203.364132,5735.307203364132,0.9063934251254138,0.46223360728644114
T_Q3,27,B,SRI3,1202,-3.149770860008772e-05,1077.503197665016,-0.0009502723172513155,0.7002795636811162,6965682195.230847,6965.682195230847,0.9417938591809867,0.36161810225210794
T_Q3,27,B,SRI3,1203,-0.024159148920038252,370.3604343323718,-0.005297350242737036,0.7000224272840769,5714762800.751168,5714.7628007511685,0.9057530152631017,0.463051908777173
T_Q3,27,B,SRI3,1204,-0.6826641456967499,0.0,-1.5233570213374181,0.8784372291900988,202809521.09083858,202.8095210908386,0.7207457217063366,0.5098018287259402
T_Q3,27,B,SRI3,1215,0.0,170.38432412556938,0.0,0.7,4988607823.238217,4988.607823238217,0.8842637065499699,0.48902408652648816
T_Q3,27,B,SRI3,1221,-0.19765911923443924,0.0,-0.8027569260254509,0.7002437004859321,962570161.6986629,962.5701616986629,0.8189419005941582,0.5098018287259402
T_Q3,27,B,SRI3,1223,-0.02511817752477863,250.6892741772383,-0.005986492499624537,0.7,5331553044.764467,5331.553044764467,0.8942256377414881,0.4789909986836019
T_Q3,27,B,SRI3,1227,-0.00011581733137405433,1138.086076392605,0.0,0.7000006867116904,7039924449.280849,7039.924449280849,0.9437506670936064,0.35130038780375006
T_Q3,27,B,SRI3,1233,0.0,1541.2854675766428,0.0,0.700000360679087,7461550658.379055,7461.550658379055,0.9510442238588249,0.26413348987796637
T_Q3,27,B,SRI3,1234,-0.5909806725362814,0.0,-0.864921252801141,0.7002759308462745,928165954.9215376,928.1659549215376,0.8152773330487066,0.5098018287259402
T_Q3,27,B,SRI3,1235,-0.02732310067794308,0.0,-0.8203011655829976,0.9078246704090495,293251134.5513709,293.2511345513709,0.7328423524388944,0.5098018287259402
T_Q3,27,B,SRI3,1237,-0.0760492026559069,0.0,-0.5946484073418544,0.7004620041934376,1095679949.5901546,1095.6799495901546,0.8318568328174477,0.5098018287259402
T_Q3,27,B,SRI3,1238,0.0,32.105279247379315,0.0,0.7,3812327487.608328,3812.327487608328,0.8649802540292453,0.5061016828548047
T_Q3,27,B,SRI3,1243,0.0,671.8505481275662,0.0,0.7000236669057722,6374821349.999052,6374.8213499990525,0.9253566727149821,0.4242003771302521
T_Q3,27,B,SRI3,1244,-0.007727541399906279,278.41042871084306,0.0,0.7002671734180745,5432237008.101124,5432.237008101124,0.8974276870530474,0.47564663606930646
T_Q3,27,B,SRI3,1245,0.0,393.5263265843864,-0.005086991052580221,0.7000118335004741,5777672829.064519,5777.672829064519,0.9074963532216173,0.46006332941971767
T_Q3,27,B,SRI3,1246,-0.02732310067794308,0.0,-0.8203011655829976,0.8974348804867709,326290573.1220823,326.2905731220823,0.7370761731952895,0.5098018287259402
T_Q3,27,B,SRI3,1247,-0.5840015181844546,0.0,-0.034417493261451715,0.7000029552529179,1367811562.520105,1367.8115625201049,0.8595367701995945,0.5098018287259402
T_Q3,27,B,SRI3,1248,0.0,731.8232171861232,0.0,0.7,6477206179.022513,6477.206179022513,0.9287366136549614,0.41484327747536204
T_Q3,27,B,SRI3,1249,-0.0053774469531294765,1165.3680177347699,-0.0019390250094243992,0.7000355852417827,7071132368.87891,7071.13236887891,0.9444266552816022,0.34617710890525494
T_Q3,27,B,SRI3,1251,0.0,20.171453817321787,0.0,0.7000009833311358,3559473300.6848197,3559.4733006848196,0.8633436510477819,0.5073825025794285
T_Q3,27,B,SRI3,1252,-0.10217974452808731,128.09894166865433,-0.0017458659041880717,0.7000075837031899,4752687895.129542,4752.687895129542,0.877290354715907,0.49489451026434705
T_Q3,27,B,SRI3,1253,0.0,402.5084426013136,0.0,0.7,5803444702.700557,5803.444702700557,0.9084213896894012,0.4589604013235138
T_Q3,27,B,SRI3,1256,-3.650541673476227,0.0,-0.8616688763495897,0.804105154216314,607748143.3319039,607.748143331904,0.7751094033514783,0.5098018287259402
T_Q3,27,B,SRI3,1258,-0.37899580279598855,185.68784619242456,0.0,0.700027491038462,5062298895.038643,5062.2988950386425,0.8830540434767141,0.49062511118226776
T_Q3,27,B,SRI3,1263,-0.5831142740715947,0.0,-0.3160431299646208,0.7037630001296079,1224448652.3730533,1224.4486523730534,0.8459102714626252,0.5098018287259402
T_Q3,27,B,SRI3,1266,-0.005553164194875872,336.7876644843675,0.0,0.7000090178546722,5620506897.178288,5620.506897178288,0.9032981107909065,0.4676415127904081
T_Q3,27,B,SRI3,1267,-0.05000547607951952,737.2638753003589,0.0,0.70000122384233,6486034952.94362,6486.03495294362,0.9288789269576972,0.414416337567154
T_Q3,27,B,SRI3,1268,-0.11742423329284057,0.0,-0.4643388584634658,0.7003259911638866,1165548232.110003,1165.548232110003,0.8394705945138221,0.5098018287259402
T_Q3,27,B,SRI3,1275,-0.5212355013857933,0.0,-0.2566696203287562,0.7,1265690287.547298,1265.6902875472979,0.8498950439392322,0.5098018287259402
T_Q3,27,B,SRI3,1276,-0.0727610150299895,203.256305118169,0.0,0.7,5142409536.218197,5142.409536218197,0.8877859607926851,0.4855729889351407
T_Q3,27,B,SRI3,1281,-3.8977338832227346,0.0,-0.6039859321943323,0.7173301468517239,1028974719.7465383,1028.9747197465383,0.8252036859145406,0.5098018287259402
T_Q3,27,B,SRI3,1284,0.0,206.96933260157016,0.0,0.7,5158620719.348092,5158.620719348092,0.8890667805173089,0.48432774753620095
T_Q3,27,B,SRI3,1285,-0.07926085976566158,330.2762251705851,0.0,0.7002726360287356,5599538637.48619,5599.53863748619,0.9014480378553384,0.4698117906571316
T_Q3,27,B,SRI3,1288,-7.730324120157633e-05,749.9983116480287,-6.013945531049966e-05,0.7,6506905230.287528,6506.905230287528,0.9294481801686411,0.41164122816380266
T_Q3,27,B,SRI3,1290,-1.5539718726239726e-05,256.7030866858819,0.0,0.7000000001166329,5356287475.552869,5356.287475552869,0.8951862525349559,0.47803038389013425
T_Q3,27,B,SRI3,1294,-0.03577089145100398,0.0,-0.8941455663367778,0.7047284729719304,899898764.4617655,899.8987644617655,0.8122175970398833,0.5098018287259402
T_Q3,27,B,SRI3,1295,-0.026870988770685,116.06831763202592,0.0,0.700849220668565,4671490805.354614,4671.490805354614,0.8762230049453874,0.4958907033834987
T_Q3,27,B,SRI3,1298,-0.004063861925496754,300.9164041992239,0.0,0.7,5508892400.997346,5508.892400997346,0.8998470131995592,0.4725513217347992
T_Q3,27,B,SRI3,1301,-0.005377918661985825,327.7625970652799,0.0,0.7002722549760884,5592122150.640955,5592.122150640955,0.9022663393460704,0.46917138079481974
T_Q3,27,B,SRI3,1302,-1.9016981422623724,398.06911682320487,0.0,0.700091390739177,5786884020.40671,5786.88402040671,0.8773615113672751,0.49813213790159033
T_Q3,27,B,SRI3,1304,-1.0114684712634117,319.7922040987276,-0.016733059604316966,0.7001869902610903,5560942277.325691,5560.942277325691,0.8896360337282526,0.4862845554488207
T_Q3,27,B,SRI3,1307,-0.05178828007667905,352.90609489820497,-2.527351181916607e-06,0.7000001216389594,5667705325.7753315,5667.705325775331,0.904365460561426,0.46572028320347236
T_Q3,27,B,SRI3,1308,0.0,661.0246561915842,-5.039328005093481e-05,0.7000174595526467,6355581423.55645,6355.58142355645,0.924822997829722,0.4257302451346639
T_Q3,27,B,SRI3,1310,-0.0026285516679003425,1034.9870150495676,-3.90597748681061e-05,0.7011367213605647,6908695340.442279,6908.695340442279,0.9405841961077311,0.36837798413206674
T_Q3,27,B,SRI3,1313,-3.70113012415239e-06,0.0,-0.6403172147763233,0.7000120151762869,1071821684.4764994,1071.8216844764995,0.8302558081616681,0.5098018287259402
T_Q3,27,B,SRI3,1315,-0.005583180149887443,1766.0992227764468,-7.012294160196799e-05,0.7002433652411058,7659842923.001605,7659.842923001605,0.9538549115878604,0.21446614722311158
T_Q3,27,B,SRI3,1319,-0.007350707569048487,1817.121578787613,0.0,0.7000825904411387,7702978158.774501,7702.978158774501,0.9543530081474364,0.20407727612338564
T_Q3,27,B,SRI3,1322,0.0,286.74060263020704,0.0,0.7,5461853654.550808,5461.853654550808,0.898245988543779,0.47475717792720673
T_Q3,27,B,SRI3,1324,-0.00026396047341275056,1726.1972331366321,0.0,0.7002664260330438,7625769077.147668,7625.769077147668,0.9533923933539684,0.2221866438965383
T_Q3,27,B,SRI3,1328,-0.004747790195015724,620.7463314969259,0.0,0.7,6282002276.2179785,6282.002276217979,0.9220478884263705,0.43092468068452694
T_Q3,27,B,SRI3,1329,-2.0360651005777806,690.8686569966595,-0.00010413936365308817,0.7000070108358795,6400167194.935987,6400.167194935987,0.88266268189419,0.4914789909986836
T_Q3,27,B,SRI3,1330,-4.967834018908095e-05,2076.796930392341,-0.0019213015131258212,0.7,7905788426.483534,7905.788426483534,0.9567367559682642,0.15967552566976195
T_Q3,27,B,SRI3,1333,0.0,951.7707833063041,-2.5444677342574074e-06,0.7000776485861298,6804642181.540352,6804.642181540352,0.9379158216814316,0.38164869961219633
T_Q3,27,B,SRI3,1335,-0.37397021642046435,172.2944774017227,-0.008754356401474594,0.7000283547722682,4994749824.665059,4994.749824665059,0.8815953321236703,0.49197708755825953
T_Q3,27,B,SRI3,1337,0.0,1387.6357608964527,0.0,0.7,7312150783.684362,7312.150783684362,0.9488027893407337,0.3000320204931156
T_Q3,27,B,SRI3,1344,-0.03160454019907433,482.4815927310197,0.0,0.7,5997528270.881737,5997.528270881737,0.914042765147472,0.44874942185220773
T_Q3,27,B,SRI3,1346,0.0,1353.3244540782473,0.0,0.7,7277032565.029595,7277.032565029595,0.9480200661756858,0.30775251716654217
T_Q3,27,B,SRI3,1348,0.0,55.456062764713884,-2.255617512741804e-05,0.7,4147583464.1368337,4147.583464136834,0.8688938698544847,0.5029707901946133
T_Q3,27,B,SRI3,1349,-0.003509778331832747,565.3724434266444,0.0,0.7000000174234906,6174546491.010711,6174.54649101071,0.9185967908350231,0.4373999359590137
T_Q3,27,B,SRI3,1350,-0.025397762445285466,0.0,-8.814481155987573e-08,0.9870199593591785,59831891.563777216,59.83189156377722,0.7042018002632796,0.5098018287259402
T_Q3,27,B,SRI3,1352,0.0,139.1109995982397,0.0,0.7,4819616127.715318,4819.616127715318,0.8798164158394705,0.4933646422599352
T_Q3,27,B,SRI3,1357,-0.007078360657269884,637.1459600040344,0.0,0.7,6312394353.602843,6312.394353602844,0.9229017682427864,0.4287544028178034
T_Q3,27,B,SRI3,1360,-4.0,0.0,-1.6482991561406055,0.7961136335859261,288682917.5401908,288.68291754019083,0.7319528942967943,0.5098018287259402
T_Q3,27,B,SRI3,1363,0.0,0.0,-0.11609602101767381,0.7,1334676881.7796152,1334.676881779615,0.8564414558650868,0.5098018287259402
T_Q3,27,B,SRI3,1368,0.0,1632.4994547656015,-0.0059036761258127735,0.7006421822578799,7539696068.781519,7539.696068781519,0.9520759953036608,0.24339132600419827
T_Q3,27,B,SRI3,1370,-0.005713124647768785,548.3380047374656,-6.562165941663514e-07,0.7000348956464726,6139750060.7864275,6139.750060786428,0.9173515494360833,0.43992599708257735
T_Q3,27,B,SRI3,1371,0.0,1455.5757285468674,0.0,0.7,7379752737.089808,7379.752737089809,0.9498701391112534,0.2839506172839507
T_Q3,27,B,SRI3,1376,-0.0005467809629041975,232.80827822355195,-1.6687285270997937e-05,0.7,5265356979.023445,5265.356979023445,0.8925178781086562,0.4811256982246416
T_Q3,27,B,SRI3,1379,-0.009932353495490043,97.481287827192,-2.4047487775144313e-05,0.7000888118475111,4541848153.214147,4541.848153214147,0.8741950403813995,0.49834560785569443
T_Q3,27,B,SRI3,1380,-0.0002488830288825039,1422.0739622809137,0.0,0.7,7346701313.774856,7346.701313774855,0.9492653075746256,0.29163553563169314
T_Q3,27,B,SRI3,1381,0.0,434.4721673927609,-0.0002602534407729957,0.700000005539091,5884249256.20247,5884.24925620247,0.9110186074643326,0.45429964065891065
T_Q3,27,B,SRI3,1382,-0.03494687023944121,2035.8239346731384,-2.2400678573207718e-05,0.7000000856818932,7875473952.22488,7875.47395222488,0.9563453943857402,0.1658305760130929
T_Q3,27,B,SRI3,1385,0.0,375.33541889163035,0.0,0.7,5730810900.272111,5730.810900272111,0.9063578467997296,0.462553812217597
T_Q3,27,B,SRI3,1386,0.0,297.872999938641,0.0,0.7,5498957883.239302,5498.957883239302,0.8993489166399831,0.47304941829437513
T_Q3,27,B,SRI3,1391,-0.7092316527198751,0.0,-0.4777777043550543,0.7374205743317134,1014870372.9004679,1014.8703729004678,0.8235315046073934,0.5098018287259402
T_Q3,27,B,SRI3,1392,0.0,657.0300680922625,0.0,0.7,6348484981.524317,6348.484981524317,0.9244672145728822,0.4262283416942398
T_Q3,27,B,SRI3,1395,-0.0034395792046012044,1487.6607141532659,0.0,0.7,7410773157.605778,7410.773157605778,0.9503326573451452,0.2769772654498879
T_Q3,27,B,SRI3,1398,-0.0020187968728780786,242.85316917646054,0.0,0.7,5304407213.744991,5304.407213744991,0.8937275411819121,0.47966698687159776
T_Q3,27,B,SRI3,1399,-3.5498904514520766,0.0,-0.04454773692068274,0.7012962795945628,1358531495.6325414,1358.5314956325415,0.8585049987547587,0.5098018287259402
T_Q3,27,B,SRI3,1402,0.0,345.66766104976904,0.0,0.7,5646801480.72973,5646.8014807297295,0.9041164122816381,0.4663962713914684
T_Q3,27,B,SRI3,1408,-1.8411085835155845,0.0,0.0,0.9965920198111775,15808311.734549496,15.808311734549497,0.6984025331767889,0.5098018287259402
T_Q3,27,B,SRI3,1409,-2.4927749736992135,0.0,-0.8497633603478965,0.8633306988750723,427596314.34771925,427.5963143477193,0.7497064788131071,0.5098018287259402
T_Q3,27,B,SRI3,1413,-3.9327168802945707,0.0,-0.4834198023920554,0.7005023936069265,1155075934.5856998,1155.0759345856998,0.8384744013946701,0.5098018287259402
T_Q3,27,B,SRI3,1414,-0.735829173400091,0.0,-1.1630817837863265,0.8817468420189497,292921220.2131853,292.92122021318534,0.7324509908563702,0.5098018287259402
T_Q3,27,B,SRI3,1416,-0.18823922245611713,0.0,-1.1731978280024393,0.8465212555049183,376019849.39025754,376.01984939025755,0.7432668018643043,0.5098018287259402
T_Q3,27,B,SRI3,1419,0.0,32.286832921273685,0.0,0.7000071869935208,3815536180.814487,3815.536180814487,0.8650158323549293,0.5060305262034368
T_Q3,27,B,SRI3,1432,0.0,1712.7357817051782,0.0,0.7,7615349666.882106,7615.349666882106,0.9533212367026006,0.22510406660262564
T_Q3,27,B,SRI3,1438,0.0,925.4518582195795,0.0,0.7,6769030364.944569,6769.030364944569,0.9370619418650158,0.3860604119970115
T_Q3,27,B,SRI3,1441,-4.371148981239647e-06,687.758687236775,0.0,0.7,6402731314.127608,6402.731314127608,0.9263528658341338,0.4215675810296367
T_Q3,27,B,SRI3,1443,-0.05358744571030388,135.30968006465483,0.0,0.7,4797140813.583784,4797.140813583784,0.8791760059771585,0.49382716049382713
T_Q3,27,B,SRI3,1449,0.0,1166.2255159945275,0.0,0.7000165116886857,7072704691.840524,7072.704691840524,0.9444622336072862,0.3460703739282029
T_Q3,27,B,SRI3,1452,-0.7464796455452403,116.4892634271165,0.0,0.7,4677774212.339939,4677.774212339939,0.873020955633828,0.500017789162842
T_Q3,27,B,SRI3,1456,0.0,1139.921473729056,0.0,0.7,7042088575.370882,7042.088575370882,0.9438218237449746,0.350802291244174
T_Q3,27,B,SRI3,1457,0.0,419.0474084722321,0.0,0.7,5845862904.742406,5845.862904742406,0.9095954744369728,0.4566122318283703
T_Q3,27,B,SRI3,1466,0.0,156.9584287499593,0.0,0.7,4919243301.4012575,4919.243301401258,0.8824136336144022,0.4910164727647916
T_Q3,27,B,SRI3,1472,0.0,583.7424807567581,0.0,0.7,6211022710.85786,6211.022710857859,0.9199131888853311,0.43501618813818627
T_Q3,27,B,SRI3,1476,-0.06057726289645402,0.0,-0.312783471839901,0.7,1241417923.8133414,1241.4179238133413,0.8477247660725086,0.5098018287259402
T_Q3,27,B,SRI3,1477,0.0,435.93545696575535,0.0,0.7,5887902907.674139,5887.902907674139,0.9111253424413847,0.45415732735617464
T_Q3,27,B,SRI3,1478,-0.05138415335094211,0.0,-0.02683363220253451,0.7,1369632109.768569,1369.632109768569,0.8596435051766463,0.5098018287259402
T_Q3,27,B,SRI3,1479,0.0,1110.6886265887365,0.0,0.7,7007306641.712553,7007.306641712553,0.9431814138826625,0.35613904009677305
T_Q3,27,B,SRI3,1480,0.0,312.10503809924825,0.0,0.7,5544790273.599293,5544.790273599293,0.9009855196214465,0.4711993453588073
T_Q3,27,B,SRI3,1481,-2.189983315343968,0.0,-0.4928033239571421,0.7084716712789194,1120853236.9146385,1120.8532369146385,0.8351300387803752,0.5098018287259402
T_Q3,27,B,SRI3,1486,0.0,1392.545378661111,0.0,0.7,7317105446.787702,7317.105446787702,0.9488739459921016,0.2986088874657558
T_Q3,27,B,SRI3,1489,0.0,121.44305469538035,0.0,0.7,4710896253.420049,4710.896253420049,0.877112463087487,0.4952147151955029
T_Q3,27,B,SRI3,1490,-4.0,0.0,-1.4417303889969615,0.9332460104139165,121700229.2983792,121.7002292983792,0.7107482121891344,0.5098018287259402
T_Q3,27,B,SRI3,1496,-0.34153113966908877,0.0,-0.35816000771589324,0.8683531139903593,535163872.9216793,535.1638729216793,0.7620165794997688,0.5098018287259402
T_Q3,27,B,SRI3,1502,-3.396722292400576,0.0,-1.3639254678733126,0.8593127980317163,280849085.41656756,280.84908541656756,0.7313480627601664,0.5098018287259402
T_Q3,27,B,SRI3,1506,-0.01307543594758572,143.13882716073164,0.0,0.7,4842940715.956244,4842.940715956244,0.8804924040274664,0.49279538904899123
T_Q3,27,B,SRI3,1509,0.0,255.13589987389824,-0.0012020179821206354,0.7,5350458200.911363,5350.458200911363,0.8949372042551679,0.4782438538442381
T_Q3,27,B,SRI3,1515,-0.05003322874955297,1812.8794613522682,-1.3441340285436977e-05,0.7000022510113975,7699720790.025181,7699.720790025181,0.9543174298217523,0.20656775892126514
T_Q3,27,B,SRI3,1517,0.0,890.2461547773,0.0,0.7,6719614506.1541605,6719.61450615416,0.9355676521862882,0.3912548475468745
T_Q3,27,B,SRI3,1521,0.0,68.08671243500066,0.0,0.7,4285062612.6684546,4285.062612668455,0.8705304728359482,0.5015832354929377
T_Q3,27,B,SRI3,1523,-4.0,0.0,-0.400143133689416,0.7390898272656803,1042722829.94998,1042.72282994998,0.8268402888960046,0.5098018287259402
T_Q3,27,B,SRI3,1525,-0.011277536448804014,1287.6804184259533,-0.0001567395696569926,0.7,7207886539.717531,7207.886539717531,0.9471306080335857,0.32073860604119964
T_Q3,27,B,SRI3,1537,-4.0,0.0,-0.20010693680067534,0.7,1297033751.754159,1297.033751754159,0.8530615149251077,0.5098018287259402
T_Q3,27,B,SRI3,1538,-4.0,0.0,-0.24392054571600724,0.7,1273006763.8535488,1273.0067638535488,0.850464297150176,0.5098018287259402
T_Q3,27,B,SRI3,1543,-4.988748852072537e-05,285.1515766425772,0.0,0.7001481004530651,5455796198.763918,5455.796198763918,0.897996940263991,0.4748639129042587
T_Q3,27,B,SRI3,1548,0.0,1669.0312040288584,0.0,0.7,7577360668.276546,7577.360668276546,0.9529654534457607,0.23481694951435583
T_Q3,27,B,SRI3,1550,0.0,510.6871349392819,0.0,0.7,6060306767.17743,6060.30676717743,0.9155370548261997,0.4444800227701284
T_Q3,27,B,SRI3,1551,-2.071969853946648,0.0,-0.4233259249523407,0.7,1188426701.7914975,1188.4267017914974,0.8430995837335894,0.5098018287259402
T_Q3,27,B,SRI3,1553,0.0,713.5776752359902,0.0,0.7003334044964535,6445211126.075909,6445.211126075908,0.9278827338385455,0.4174404952502937
T_Q3,27,B,SRI3,1554,0.0,0.0,-0.7694249590703517,0.7,983817011.0401886,983.8170110401885,0.8207208168783576,0.5098018287259402
T_Q3,27,B,SRI3,1558,0.0,1876.7756119454102,-0.005760763633168298,0.7001594110565186,7748744899.749964,7748.744899749964,0.9547087914042763,0.19215853701924784
T_Q3,27,B,SRI3,1560,-2.007777947967603,435.93545696575535,0.0,0.7,5882843436.10944,5882.84343610944,0.8774326680186432,0.49848792115843027
T_Q3,27,B,SRI3,1564,-0.00930108900093412,1054.9286909229543,0.0,0.7,6939026167.316948,6939.026167316948,0.9414024975984632,0.3651759348205074
T_Q3,27,B,SRI3,1566,0.0,13.213764216832487,0.0,0.7,3352282502.24847,3352.28250224847,0.8624186145799979,0.5081652257444764
T_Q3,27,B,SRI3,1568,0.0,322.01970053236414,0.0,0.7,5575779551.123781,5575.779551123781,0.9017682427864948,0.4697050556800797
T_Q3,27,B,SRI3,1572,0.0,272.5074176147459,-0.0011595061506856981,0.700004508686415,5412851014.259999,5412.851014259999,0.8967516988650516,0.4764293592343544
T_Q3,27,B,SRI3,1575,0.0,58.0410646835129,0.0,0.7,4177538061.966912,4177.538061966912,0.8692852314370085,0.5026861635891414
T_Q3,27,B,SRI3,1578,0.0,77.45390418113391,0.0,0.7,4374931558.221769,4374.93155822177,0.8717401359092042,0.5005514640481019
T_Q3,27,B,SRI3,1580,-2.073006865893515,0.0,-0.4597825821344254,0.7,1168511100.6040804,1168.5111006040804,0.84025331767887,0.5098018287259402
T_Q3,27,B,SRI3,1588,0.0,639.3163494076897,-0.0049619844512039935,0.7,6314321317.962629,6314.321317962629,0.9230085032198384,0.4285053545380154
T_Q3,27,B,SRI3,1591,-2.1296692145693554,297.872999938641,0.0,0.7,5495467703.086028,5495.467703086028,0.8709929910698401,0.5035044650798733
T_Q3,27,B,SRI3,1593,0.0,999.2400457817686,-0.0012683619668598656,0.7,6868040870.102118,6868.040870102118,0.9398014729426832,0.37424840786992564
T_Q3,27,B,SRI3,1594,0.0,235.60233369521154,0.0,0.7000277633754863,5276212792.843505,5276.212792843505,0.8929092396911801,0.4807343366421177
T_Q3,27,B,SRI3,1596,0.0,193.9315010999359,0.0,0.7,5100925340.039998,5100.925340039998,0.8873590208844774,0.4860710854947167
T_Q3,27,B,SRI3,1598,-0.013709043737391347,0.0,-0.32390360756588354,0.9374316472933366,258075947.57656363,258.07594757656364,0.7277902301917673,0.5098018287259402
T_Q3,27,B,SRI3,1599,-0.47978240453554627,284.5004494131472,0.0,0.7000623304535071,5453083788.911992,5453.083788911992,0.8922332515031842,0.48148148148148157
T_Q3,27,B,SRI3,1600,0.0,1627.3786343869954,0.0,0.7,7540448840.803162,7540.448840803162,0.9522894652577648,0.24452983242608597
T_Q3,27,B,SRI3,1603,0.0,191.39737977023026,-0.020356437368608125,0.7,5081268252.374812,5081.268252374812,0.8865762977194295,0.48639129042587254
T_Q3,27,B,SRI3,1605,-0.029949714259163054,2040.516448419855,0.0,0.7,7879016015.980915,7879.016015980915,0.956452129362792,0.164869961219625
T_Q3,27,B,SRI3,1608,-0.9919164807051226,372.2164379543495,-9.404405596048467e-06,0.7,5719760490.441117,5719.760490441117,0.8944391076955919,0.4820507346924253
T_Q3,27,B,SRI3,1610,-0.7936108399258206,151.94454827981485,-0.0066807814092595345,0.7000000011935966,4888911911.827164,4888.911911827164,0.876400896573807,0.4974917280392785
T_Q3,27,B,SRI3,1611,-0.9965534705140194,252.8699986536932,0.0,0.7,5340564121.136674,5340.564121136674,0.8857935745543815,0.4912655210445797
T_Q3,27,B,SRI3,1615,0.0,1371.8519014434642,0.0,0.7000002328171119,7296060774.726363,7296.060774726363,0.9484825844095778,0.3036610097128829
T_Q3,27,B,SRI3,1617,0.0,1580.2071427521055,0.0,0.7,7497591296.337415,7497.591296337415,0.951684633721137,0.25538122175970407
T_Q3,27,B,SRI3,1622,0.0,1936.90102268745,-0.00030912706628071754,0.7000277633754863,7799382028.280242,7799.382028280242,0.955420357917956,0.18152061763973387
T_Q3,27,B,SRI3,1623,-0.026489694072370427,1879.0408294848087,-0.008083551186993214,0.7015480614636704,7743735465.272309,7743.73546527231,0.9545308997758565,0.19155370548261996
T_Q3,27,B,SRI3,1626,-0.6347094856893223,0.0,-0.3704587655977436,0.7000045369983694,1213987553.3178055,1213.9875533178056,0.845269861600313,0.5098018287259402
T_Q3,27,B,SRI3,1628,0.0,1023.9077346665613,0.0,0.7000015266854752,6899863596.638869,6899.863596638869,0.9404774611306792,0.36990785213647853
T_Q3,27,B,SRI3,1629,-0.006547161157649053,822.5904410757569,0.0,0.7004165622338274,6618593398.139564,6618.593398139564,0.9324367595260965,0.40125235706407664
T_Q3,27,B,SRI6,0,0.0,942.2381508066575,0.0,0.7,6808734763.217158,6808.734763217159,0.9377735083786958,0.38097271142420047
T_Q3,27,B,SRI6,1,0.0,574.4782511864397,0.0,0.7,6208852045.137839,6208.852045137839,0.9190948873945993,0.43444693492724235
T_Q3,27,B,SRI6,3,-1.5113629418838932,346.8389165470043,0.0,0.7,5661850886.571394,5661.850886571394,0.8822357419859822,0.49660226989717865
T_Q3,27,B,SRI6,4,0.0,491.7673020302659,0.0,0.7,6034386137.829522,6034.386137829522,0.9142562351015762,0.44572526416906827
T_Q3,27,B,SRI6,5,-1.14787056044393,521.2152749122865,0.0,0.7,6094407692.251783,6094.407692251783,0.8966805422136835,0.4779592272387662
T_Q3,27,B,SRI6,9,0.0,842.3847848165549,0.0,0.7,6666689177.696896,6666.689177696896,0.9333617959938807,0.3961290781655815
T_Q3,27,B,SRI6,10,-2.9757020683701407,0.0,-0.41926980967375194,0.9508402839958041,196479175.46509612,196.47917546509612,0.7195004803073967,0.5098018287259402
T_Q3,27,B,SRI6,12,-1.4594380950995,517.3024504593938,0.0,0.7,6084981387.379773,6084.981387379773,0.890169708613513,0.4873163268936563
T_Q3,27,B,SRI6,14,0.0,337.06766961447795,0.0,0.7,5636820941.912788,5636.820941912789,0.9022663393460703,0.46607606646031247
T_Q3,27,B,SRI6,16,-1.0926626587968,272.13209280095344,0.0,0.7,5424701677.130505,5424.701677130504,0.8827694168712421,0.4935425338883551
T_Q3,27,B,SRI6,18,-1.0882430358529658,0.0,-0.6888380313033329,0.7091196735507795,1016829263.2037911,1016.8292632037911,0.8189419005941582,0.5098018287259402
T_Q3,27,B,SRI6,21,-3.300832555205315,0.0,0.0,0.706690554332868,1363057819.3750417,1363.0578193750416,0.8552317927918313,0.5098018287259402
T_Q3,27,B,SRI6,22,-2.5963137155855804,730.6879908108046,0.0,0.7,6481450238.266302,6481.450238266302,0.8715622442807842,0.5068488276941686
T_Q3,27,B,SRI6,24,0.0,398.89657750962897,0.0,0.7,5809634714.812154,5809.634714812154,0.9074607748959335,0.4577507382502579
T_Q3,27,B,SRI6,26,-0.8977338169473656,0.0,-0.5986888386837446,0.9508436248822534,180126688.65460944,180.12668865460944,0.7171167324865693,0.5098018287259402
T_Q3,27,B,SRI6,28,-0.23247480306826196,0.0,-0.008376087440601143,0.7452030957503075,1179971304.245689,1179.971304245689,0.8370512683673107,0.5098018287259402
T_Q3,27,B,SRI6,29,0.0,869.7497087527574,-1.4497294948538155e-08,0.7,6706811995.071663,6706.811995071663,0.9347849290212404,0.3922154623403423
T_Q3,27,B,SRI6,32,-0.005168124519358219,370.011771223492,0.0,0.7000598688484327,5731354661.018035,5731.354661018035,0.9051481837264741,0.4616287757498131
T_Q3,27,B,SRI6,33,0.0,821.0008458283266,-4.489442559959793e-06,0.7,6634624258.194464,6634.624258194463,0.9323300245490449,0.3994734407798769
T_Q3,27,B,SRI6,34,-0.35766511476658086,0.0,-1.0116365383019936,0.8806108021365038,341132644.61117756,341.13264461117757,0.7361511367275057,0.5098018287259402
T_Q3,27,B,SRI6,35,0.0,896.5145688495865,0.0,0.7,6745204034.430885,6745.204034430885,0.9357811221403922,0.3883374248407869
T_Q3,27,B,SRI6,37,-2.88085608715474,0.0,-1.2041170106279004,0.8831049749588372,285604195.6307968,285.60419563079677,0.7302451346639627,0.5098018287259402
T_Q3,27,B,SRI6,38,0.0,1385.5340083104022,0.0,0.7,7327124656.469143,7327.124656469143,0.9496210908314657,0.3011705269150034
T_Q3,27,B,SRI6,42,-0.655081126596623,474.1370928859267,0.0,0.7000153217981273,5991899828.228682,5991.899828228681,0.9027644359056463,0.4673568861849361
T_Q3,27,B,SRI6,46,-0.03219115594433419,26.222372496396872,-8.925884887980764e-05,0.7000991609394548,3712925893.848074,3712.925893848074,0.8624897712313658,0.5066709360657489
T_Q3,27,B,SRI6,48,-1.4168566962863614,0.0,-0.9565709189022484,0.9508402839958041,146243422.79437363,146.24342279437363,0.712882911730174,0.5098018287259402
T_Q3,27,B,SRI6,51,0.0,805.4768564333748,0.0,0.7,6611004923.212844,6611.004923212844,0.9316896146867328,0.4019995019034405
T_Q3,27,B,SRI6,52,0.0,166.74263304354693,0.0,0.7,4985322708.07546,4985.3227080754605,0.882200163660298,0.4888817732237522
T_Q3,27,B,SRI6,54,-0.6996716313166573,0.0,0.0,0.9508449461268009,228543606.50542983,228.54360650542984,0.7240545059949478,0.5098018287259402
T_Q3,27,B,SRI6,55,0.0,925.6626842137573,-0.0050145078806836385,0.7,6783544246.950167,6783.544246950167,0.937026363539332,0.3839968691073398
T_Q3,27,B,SRI6,60,-1.8123485272411128,421.5512309819003,0.0,0.7000298312488881,5862595748.845992,5862.595748845992,0.8788558010460028,0.4988792827409542
T_Q3,27,B,SRI6,63,0.0,119.23071176125362,0.0,0.7000657760734275,4711118136.565074,4711.118136565074,0.8756893300601273,0.49489451026434705
T_Q3,27,B,SRI6,69,0.0,1554.3157012348574,0.0,0.7,7491046705.1842575,7491.046705184258,0.9519336820009251,0.26221226029103073
T_Q3,27,B,SRI6,71,-1.2333882650444776,476.90151958380653,-0.0001281963984974088,0.7,5996339173.377907,5996.339173377907,0.8931227096452842,0.48261998790336935
T_Q3,27,B,SRI6,75,-2.7942793731806406,0.0,0.0,0.7286051845062013,1261226927.787348,1261.2269277873481,0.8461593197424131,0.5098018287259402
T_Q3,27,B,SRI6,76,-0.005108067667603614,353.979565246872,-2.8161185156640734e-06,0.7001091076238414,5685801058.287194,5685.801058287194,0.9037962073504822,0.4639413669192728
T_Q3,27,B,SRI6,78,-0.6885456511966288,322.83888724022717,-1.1834855160784664e-05,0.7001007428787188,5591453439.883459,5591.453439883459,0.8924111431316043,0.4825132529263172
T_Q3,27,B,SRI6,81,0.0,61.931439372606405,-0.0002511801226888384,0.7,4235492254.854296,4235.492254854296,0.8684669299462768,0.5019390187497774
T_Q3,27,B,SRI6,83,0.0,37.03256086584417,0.0,0.7,3910508274.426408,3910.5082744264078,0.8640196392357775,0.5054612729924929
T_Q3,27,B,SRI6,86,-0.3831144622959438,0.0,-1.0867886172785188,0.7009692546144297,804478300.7888817,804.4783007888817,0.7952111573629346,0.5098018287259402
T_Q3,27,B,SRI6,87,-1.47417459993091,0.0,-0.9271978239256905,0.8868600930327726,342743313.02180773,342.74331302180775,0.7362578717045577,0.5098018287259402
T_Q3,27,B,SRI6,91,-0.003622479009235152,0.0,-1.0677126395796783,0.7000431952686912,821499597.2547929,821.4995972547929,0.7973458569039741,0.5098018287259402
T_Q3,27,B,SRI6,94,0.0,320.63152935035157,0.0,0.7004027097597613,5584985115.656362,5584.985115656362,0.900345109759135,0.46842423595545596
T_Q3,27,B,SRI6,95,-1.3800285172984654,143.92679305473817,0.0,0.7,4861167355.424859,4861.167355424859,0.8695342797167966,0.5032554168000851
T_Q3,27,B,SRI6,97,-0.006365429524411608,1806.5327055069035,-0.005144375614537134,0.7,7709656612.667835,7709.656612667835,0.9548155263813287,0.20980538655850858
T_Q3,27,B,SRI6,98,0.0,970.5178844056536,0.0,0.7,6846879358.2860365,6846.879358286036,0.9387697014978476,0.3769879389475931
T_Q3,27,B,SRI6,99,0.0,476.7168746587108,-3.396471184522141e-11,0.7003039980249448,5998848741.370772,5998.848741370773,0.9130109937026363,0.4474330238018998
T_Q3,27,B,SRI6,100,0.0,682.8465543256373,-1.9103803678479676e-09,0.7,6410429070.233368,6410.429070233368,0.926103817554346,0.4201800263279609
T_Q3,27,B,SRI6,101,0.0,445.48995850199276,-0.0001257650591257823,0.7,5926771908.633884,5926.771908633885,0.910805137510229,0.4507418080905112
T_Q3,27,B,SRI6,103,0.0,1101.0952052424332,-2.8161185156640734e-06,0.700109878952951,7011974484.504051,7011.974484504051,0.9431458355569787,0.35610346177108904
T_Q3,27,B,SRI6,104,0.0,1021.2668524356012,0.0,0.7,6913208013.230702,6913.208013230703,0.9406553527590993,0.36880492404027465
T_Q3,27,B,SRI6,105,-0.1663834904407231,0.0,0.0,0.7027717235253612,1381267482.597897,1381.267482597897,0.8567972391219268,0.5098018287259402
T_Q3,27,B,SRI6,107,-0.0029034038929944828,630.1822012229504,-0.0004338409996359118,0.7001566642458414,6314822320.082188,6314.822320082188,0.9224748283345784,0.4277226313729676
T_Q3,27,B,SRI6,112,-1.48113089887264,0.0,-0.9839966801702097,0.8017735031998695,577893489.8137414,577.8934898137414,0.7675312199807878,0.5098018287259402
T_Q3,27,B,SRI6,113,-0.0005657330631829941,779.4671219916756,0.0,0.7000000750957792,6570502564.536556,6570.502564536556,0.9305866865905291,0.4058063827516276
T_Q3,27,B,SRI6,114,0.0,1750.4898038642298,0.0,0.7,7665066428.286744,7665.066428286744,0.9543885864731206,0.2199096310527626
T_Q3,27,B,SRI6,115,0.0,646.1692225908316,0.0,0.7,6344991115.209446,6344.9911152094455,0.9237912263848863,0.42565908848329603
T_Q3,27,B,SRI6,117,-1.5354623572576664,0.0,-1.0140296683590981,0.7036093637777769,844806487.4848559,844.8064874848559,0.7990891948624897,0.5098018287259402
T_Q3,27,B,SRI6,120,0.0,515.8809782042822,0.0,0.700029606644241,6087303720.077458,6087.303720077459,0.9153591631977801,0.4422030099263529
T_Q3,27,B,SRI6,122,-0.00017965394906774464,1424.1491382311365,-0.0004900854885429781,0.7,7365604832.020524,7365.604832020524,0.9500836090653574,0.29227594549400504
T_Q3,27,B,SRI6,125,-0.003563845746274774,214.47718276404933,0.0,0.7,5205854846.910012,5205.854846910012,0.8888888888888891,0.48222862632084545
T_Q3,27,B,SRI6,134,-0.5168427989224185,361.0427516908979,-0.005586972872331687,0.7001364922135478,5701217921.193546,5701.217921193546,0.8974632653787311,0.47507738285836254
T_Q3,27,B,SRI6,135,-1.7000317001238532,833.7378808115564,0.0,0.7,6644416251.66119,6644.4162516611905,0.8931582879709682,0.484114277582097
T_Q3,27,B,SRI6,138,0.0,252.0762637337706,0.0,0.7,5354520791.301813,5354.520791301813,0.893478492902124,0.47756786565624204
T_Q3,27,B,SRI6,139,0.0,83.42863167273941,0.0,0.7000657761424173,4442572766.680957,4442.572766680957,0.8710997260468922,0.49955527092895013
T_Q3,27,B,SRI6,140,-0.7023977411442481,0.0,0.0,0.9289402863171067,330328168.72271013,330.32816872271013,0.7357597751449819,0.5098018287259402
T_Q3,27,B,SRI6,141,0.0,223.87056071581756,0.0,0.7,5244756130.693734,5244.756130693734,0.8899918169850928,0.48116127655032553
T_Q3,27,B,SRI6,143,0.0,1315.5622274112725,0.0,0.7000000556791928,7254699210.176519,7254.699210176519,0.9484470060838937,0.31582879709680856
T_Q3,27,B,SRI6,144,0.0,201.0803583485532,0.0,0.7,5148098094.913422,5148.098094913422,0.8868965026505854,0.484078699256413
T_Q3,27,B,SRI6,145,-1.8689318030950366,800.2883504922622,0.0,0.7,6593444668.45998,6593.44466845998,0.887572490838581,0.49201266588394355
T_Q3,27,B,SRI6,147,0.0,536.623153401099,0.0,0.7,6131513377.124128,6131.513377124128,0.9166399829224036,0.43942790052300135
T_Q3,27,B,SRI6,148,-0.5068400747864136,391.70365319082714,0.0,0.7006415447940316,5786004300.118697,5786.004300118697,0.899775856548191,0.4718753335468033
T_Q3,27,B,SRI6,149,-2.58018870870934,0.0,-0.6342180605159802,0.7000279236638018,1079626388.927596,1079.626388927596,0.8254527341943286,0.5098018287259402
T_Q3,27,B,SRI6,155,0.0,1514.993942977003,0.0,0.7,7454169789.928353,7454.169789928354,0.951435585441349,0.271391468317501
T_Q3,27,B,SRI6,160,-0.0068932109360808624,728.8128186160994,0.0,0.7,6488558930.739238,6488.558930739237,0.9284519870494893,0.41345572277368636
T_Q3,27,B,SRI6,164,-0.0028441836816572863,0.0,-0.47195805713452976,0.7000496922292875,1169385531.6809702,1169.3855316809702,0.8356281353399507,0.5098018287259402
T_Q3,27,B,SRI6,167,-0.03414139901094915,0.0,-0.8700699800439757,0.7000016032805244,942539924.817026,942.539924817026,0.8097982708933716,0.5098018287259402
T_Q3,27,B,SRI6,168,-1.9813604069502053,194.46523126412677,0.0,0.7,5116105427.459102,5116.1054274591015,0.8664389653822892,0.5065642010886967
T_Q3,27,B,SRI6,169,0.0,557.9946451446193,-0.00504059816868457,0.7001206670263033,6172607483.13516,6172.607483135161,0.9177784893442916,0.4366883694453339
T_Q3,27,B,SRI6,172,0.0,93.59897709101085,-1.6476336202803955e-06,0.7,4526942118.148213,4526.942118148213,0.872558437399936,0.4984523428327463
T_Q3,27,B,SRI6,174,-1.5362960559184735,0.0,-0.9542759244773631,0.7000164341526325,893724060.0761542,893.7240600761543,0.8045326786921407,0.5098018287259402
T_Q3,27,B,SRI6,176,-0.705946409654646,351.60372408334166,0.0,0.7,5677535261.063246,5677.535261063245,0.8945814209983278,0.4803429750595937
T_Q3,27,B,SRI6,177,0.0,417.4744589862313,0.0,0.7003341743969501,5855996455.993162,5855.996455993162,0.9088839079232931,0.45486889386985446
T_Q3,27,B,SRI6,180,-0.005120143711197955,131.5183539087047,0.0,0.7,4789306770.023811,4789.306770023812,0.8777172946241151,0.49343579891130324
T_Q3,27,B,SRI6,181,-0.9981885863141359,0.0,-0.1261804528321031,0.7272266147583216,1212651992.2390966,1212.6519922390967,0.840502365958658,0.5098018287259402
T_Q3,27,B,SRI6,183,-0.6160014884778765,0.0,-0.0008157422122865784,0.9882280594051843,54805132.631766744,54.805132631766746,0.7037037037037037,0.5098018287259402
T_Q3,27,B,SRI6,184,-0.6824543495654241,103.45609728604101,-0.0009219770505265517,0.7,4600673396.550683,4600.673396550683,0.8699256412993205,0.5014765005158859
T_Q3,27,B,SRI6,189,-0.5503328422327861,252.8632241754353,0.0,0.7,5356384210.832766,5356.384210832765,0.8876436474899491,0.4861778204717686
T_Q3,27,B,SRI6,191,0.0,1228.474537558348,-0.0016343362896277286,0.7003006018995521,7158049731.646829,7158.049731646829,0.9465969331483263,0.3325861884939695
T_Q3,27,B,SRI6,194,-3.8478823416577574,0.0,-0.9575400011503739,0.8000290713155604,594290327.5712471,594.2903275712471,0.7690610879851995,0.5098018287259402
T_Q3,27,B,SRI6,196,-1.6762051397524944,393.5933078891977,-1.0643401268745512e-05,0.7,5790900812.806517,5790.900812806517,0.8795317892339988,0.4978830896218024
T_Q3,27,B,SRI6,198,-0.6056012714793997,359.5463294796567,-0.00526103528416867,0.7000194089303229,5697608322.397334,5697.608322397334,0.8959689757000036,0.4768562991425624
T_Q3,27,B,SRI6,200,-0.5105044552703365,373.20467860298766,-0.0005524906253703069,0.7001531095262049,5737691722.883631,5737.691722883631,0.898352723520831,0.47368982815668687
T_Q3,27,B,SRI6,201,-0.002830433814245276,1258.1634987782159,-0.0140624773108452,0.7000390799885582,7185791486.932044,7185.791486932044,0.947237343010638,0.3265378731276906
T_Q3,27,B,SRI6,204,0.0,270.87586033663064,0.0,0.7000724781198374,5422218084.953789,5422.218084953789,0.8953997224890595,0.47518411783541453
T_Q3,27,B,SRI6,205,-0.024541654226953646,0.4024041193926564,0.0,0.7,2259232780.2685037,2259.2327802685036,0.8581847938236028,0.5097662504002561
T_Q3,27,B,SRI6,210,-0.006947210023775685,0.0,-0.5829834529785426,0.7008152205086362,1106773141.1410933,1106.7731411410932,0.8284057352261002,0.5098018287259402
T_Q3,27,B,SRI6,215,-0.0022408355603170046,243.24057342517986,-5.618500443354548e-07,0.7001200927705665,5320631413.889459,5320.631413889459,0.8926246130857083,0.4783150104956062
T_Q3,27,B,SRI6,216,0.0,144.9755555252803,0.0,0.7,4868430334.198463,4868.430334198463,0.879353897605579,0.49169246095278746
T_Q3,27,B,SRI6,217,0.0,185.82123317720175,0.0,0.7000707615895395,5078263960.319739,5078.263960319739,0.88479738143523,0.4861422421460845
T_Q3,27,B,SRI6,220,-1.5301010428970006,464.57453968697314,0.0,0.7000060090496474,5966953949.834362,5966.953949834362,0.8874301775358453,0.49222613583804736
T_Q3,27,B,SRI6,223,-0.6824280718624198,252.3150976301439,-0.025010855164784185,0.700069500826362,5340620850.539684,5340.620850539684,0.8848329597609137,0.48863272494396415
T_Q3,27,B,SRI6,224,0.0,707.7782229705676,0.0,0.7000000706109883,6453326056.354134,6453.3260563541335,0.9275981072330737,0.41619525385135386
T_Q3,27,B,SRI6,227,-2.8909078823580994,0.0,-0.790296754902275,0.7042826874195104,974902088.746902,974.902088746902,0.8134628384388228,0.5098018287259402
T_Q3,27,B,SRI6,228,0.0,1285.955355593132,-0.001648955611416651,0.7,7222341317.105797,7222.341317105796,0.94787775287295,0.3210943892980396
T_Q3,27,B,SRI6,231,-3.445520610941694,0.0,-0.7966478843624142,0.7103997684793124,951893828.1205367,951.8938281205367,0.8109723556409436,0.5098018287259402
T_Q3,27,B,SRI6,232,-0.10644277243900291,0.0,-0.011953154149480782,0.9836391047121937,75833066.07349871,75.83306607349871,0.7063364998043191,0.5098018287259402
T_Q3,27,B,SRI6,237,-2.6780747293244502,0.0,-0.5334995031220486,0.7,1135564976.2021966,1135.5649762021967,0.8319279894688155,0.5098018287259402
T_Q3,27,B,SRI6,238,0.0,509.58245720471774,0.0,0.7,6073779283.698365,6073.779283698365,0.91518127156936,0.4429145764400327
T_Q3,27,B,SRI6,240,-0.6338360432148531,0.0,-0.15390915427215157,0.9816996335707837,80749217.32280084,80.74921732280085,0.7069057530152631,0.5098018287259402
T_Q3,27,B,SRI6,245,0.0,1074.3731475341312,0.0,0.7,6979856606.1682415,6979.856606168241,0.9420784857864589,0.3606219091329563
T_Q3,27,B,SRI6,249,-0.9289541034682227,0.0,0.0,0.9772721893908625,105743918.69418061,105.7439186941806,0.7094318141388266,0.5098018287259402
T_Q3,27,B,SRI6,252,-0.03818742586474122,0.0,-0.0049674526769630245,0.7090562514511902,1349772592.8173997,1349.7725928173998,0.8537730814387877,0.5098018287259402
T_Q3,27,B,SRI6,254,-2.787638372459365,0.0,-0.8001794165000735,0.9941519365166668,19318461.03830483,19.318461038304832,0.6990073647134166,0.5098018287259402
T_Q3,27,B,SRI6,256,-2.088567111796966,633.7549300477269,0.0,0.7,6313702090.363825,6313.702090363825,0.8772547763902231,0.5007649340022058
T_Q3,27,B,SRI6,257,-0.0449381207363206,36.99464151565792,0.0,0.7,3909892008.0678625,3909.8920080678627,0.8639129042587257,0.5054968513181769
T_Q3,27,B,SRI6,260,0.0,105.85273325113876,0.0,0.7,4619380379.820119,4619.380379820119,0.8742306187070836,0.49681573985128263
T_Q3,27,B,SRI6,261,-2.096040119905034,790.6762814593213,0.0,0.7,6577623270.200461,6577.623270200462,0.8809193439356745,0.49870139111253436
T_Q3,27,B,SRI6,262,0.0,710.4021364156692,0.0,0.7,6457746325.325294,6457.746325325294,0.9277048422101257,0.41583947059451387
T_Q3,27,B,SRI6,264,0.0,895.0182526364957,0.0,0.7,6743090069.305963,6743.090069305963,0.9357455438147083,0.38851531646920695
T_Q3,27,B,SRI6,269,0.0,0.0,-0.1795602512343982,0.7001967767027594,1310857875.0394979,1310.857875039498,0.8496459956594443,0.5098018287259402
T_Q3,27,B,SRI6,272,-0.14071543174268997,0.0,-0.6163977161950586,0.7248082942601334,999647983.1077085,999.6479831077085,0.8174120325897462,0.5098018287259402
T_Q3,27,B,SRI6,273,0.0,73.22607751501229,0.0,0.7000679418026523,4349993103.464463,4349.993103464463,0.8695698580424804,0.5008005123278899
T_Q3,27,B,SRI6,274,-0.0011275873317772613,1326.3724667382296,-0.0034461717901194955,0.7005831649467219,7261716250.212025,7261.7162502120245,0.9485537410609455,0.31355178425303304
T_Q3,27,B,SRI6,278,-0.7450817480623598,302.04466352714053,-2.9794086926681544e-06,0.7000593764608125,5525841490.661149,5525.841490661149,0.8902764435905647,0.4854662539580889
T_Q3,27,B,SRI6,279,-0.014972311280711432,419.4214713170351,0.0,0.7000807901628722,5862078729.08785,5862.07872908785,0.9089194862489771,0.4551535204753264
T_Q3,27,B,SRI6,280,-0.0744498116237553,0.0,-0.025122182518767744,0.7,1381180545.063936,1381.180545063936,0.8566905041448749,0.5098018287259402
T_Q3,27,B,SRI6,284,-0.16827422631647027,0.0,-1.229410913698246,0.8369988869793683,389551773.279419,389.551773279419,0.7429821752588325,0.5098018287259402
T_Q3,27,B,SRI6,286,0.0,0.0,-0.5942414841379495,0.7,1101583101.521694,1101.5831015216938,0.8277653253637884,0.5098018287259402
T_Q3,27,B,SRI6,287,-1.8345252653558246e-06,1146.815681216944,-0.0011004765110947659,0.7000004056429827,7066071520.155011,7066.071520155011,0.9445333902586546,0.3483829650976626
T_Q3,27,B,SRI6,289,0.0,1715.4542839708931,-0.00022947299526582515,0.7007889527983877,7631369837.619947,7631.369837619947,0.9540328032162807,0.22666951293272142
T_Q3,27,B,SRI6,291,0.0,1396.5932975531505,-0.0007534134800053572,0.7,7337560402.299955,7337.560402299955,0.9498345607855697,0.29825310420891593
T_Q3,27,B,SRI6,292,0.0,593.5300249365272,0.0,0.7009823160892077,6241578888.149133,6241.578888149133,0.9205180204219592,0.4320631871064147
T_Q3,27,B,SRI6,293,-0.09315183481334459,15.31966228538073,0.0,0.7,3436986689.9166083,3436.986689916608,0.8606396982957982,0.5080584907674245
T_Q3,27,B,SRI6,297,-2.6099547044522664,0.0,0.0,0.7332749790380848,1239527755.2732837,1239.5277552732837,0.8435976802931654,0.5098018287259402
T_Q3,27,B,SRI6,299,-0.528460387263554,0.0,-0.9631669467770969,0.9848284850929906,45015808.475500144,45.015808475500144,0.7018536307681363,0.5098018287259402
T_Q3,27,B,SRI6,301,0.0,225.57953966453223,0.0,0.700050177860849,5251450481.692216,5251.450481692216,0.8901341302878286,0.48091222827053753
T_Q3,27,B,SRI6,304,-2.8883594318568386e-05,809.9594592170284,0.0,0.7,6617892928.495589,6617.892928495589,0.9319030846408366,0.40135909204112863
T_Q3,27,B,SRI6,307,-0.0002503730678627919,284.5548099429668,0.0,0.7001266343025818,5469262138.003505,5469.262138003504,0.8967872771907354,0.473511936528267
T_Q3,27,B,SRI6,308,-1.7255092665274216,255.50007017343077,-3.387003350020443e-05,0.7,5364183984.275545,5364.183984275545,0.87277190735404,0.5025794286120896
T_Q3,27,B,SRI6,316,-0.011703432091826869,0.0,-0.802748807020058,0.7,983034954.9087607,983.0349549087607,0.8143878749066066,0.5098018287259402
T_Q3,27,B,SRI6,319,-1.9563972769624318,1016.0911839969259,0.0,0.7,6894665496.883691,6894.665496883691,0.8893869854484648,0.489628918063116
T_Q3,27,B,SRI6,325,0.0,728.5624399859995,0.0,0.7000009905598652,6488194715.170357,6488.194715170357,0.9284519870494893,0.4133489877966344
T_Q3,27,B,SRI6,326,0.0,398.9941807645421,-0.000962763470359649,0.7,5809039344.83086,5809.0393448308605,0.9073896182445655,0.4577507382502579
T_Q3,27,B,SRI6,327,-1.2389084291145773,419.4214713170351,0.0,0.7004522671306391,5856535091.103009,5856.535091103009,0.8902408652648807,0.48632013377450456
T_Q3,27,B,SRI6,330,0.0,995.689216435187,0.0,0.7,6880118587.658455,6880.118587658455,0.9398014729426835,0.37286085316824974
T_Q3,27,B,SRI6,331,-0.6727013440172056,0.0,-0.20529021079759488,0.7,1298869401.6684268,1298.8694016684267,0.8481161276550325,0.5098018287259402
T_Q3,27,B,SRI6,332,-0.4870703272600939,0.0,-0.7071235363360985,0.7000284059532458,1039541278.2198122,1039.541278219812,0.8216814316718252,0.5098018287259402
T_Q3,27,B,SRI6,334,-2.2992438106809296,0.0,-1.0258274243832637,0.7012001815530639,844048302.5970299,844.0483025970299,0.7990180382111218,0.5098018287259402
T_Q3,27,B,SRI6,336,-0.005437973002641393,1228.0427700892722,-0.0010996622902290643,0.7,7158979292.03132,7158.979292031319,0.9465969331483263,0.3331198633792294
T_Q3,27,B,SRI6,339,-3.780871376348393e-05,0.0,-0.626922527312172,0.8443878840429098,562280022.6587328,562.2800226587327,0.7618031095456645,0.5098018287259402
T_Q3,27,B,SRI6,344,-1.172557504239226,428.24466163174714,-0.000620761034551387,0.7001549650579953,5879552920.716732,5879.552920716732,0.8912726367097167,0.48436332586188485
T_Q3,27,B,SRI6,348,0.0,328.20278724868376,-0.005440223434104564,0.7,5607052298.643774,5607.052298643774,0.9012701462269185,0.4674991994876721
T_Q3,27,B,SRI6,352,0.0,1043.5909997901122,0.0,0.7,6941585307.75158,6941.58530775158,0.9415448109011991,0.3654605614259793
T_Q3,27,B,SRI6,353,-0.020580910739638303,0.0,-1.1690105490536822,0.8829151213774195,293783660.6880408,293.7836606880408,0.7314903760629027,0.5098018287259402
T_Q3,27,B,SRI6,359,-3.975129841798887e-05,605.0488524206025,0.0,0.700088677667991,6267958739.450379,6267.95873945038,0.9213719002383749,0.430924680684527
T_Q3,27,B,SRI6,360,-0.006916150815662995,1585.9480615552625,-0.001970804791180284,0.7000410414430165,7518967906.272231,7518.967906272231,0.9523962002348172,0.25669761981001166
T_Q3,27,B,SRI6,361,-1.3152891953263188,352.1009500356566,0.0,0.7,5677567210.27519,5677.5672102751905,0.8856512612516456,0.4916568826271036
T_Q3,27,B,SRI6,363,-2.957015466509981e-05,877.1009540172524,-0.0012941923936957145,0.7,6716590059.676935,6716.590059676935,0.9350695556267125,0.39114811256982246
T_Q3,27,B,SRI6,367,-0.001170441338175232,296.3790714817054,0.0,0.7,5509440938.208934,5509.440938208933,0.8980325185896753,0.4717685985697512
T_Q3,27,B,SRI6,368,-0.00660675390617698,623.9323225677152,0.0,0.7000234387473858,6303869292.465465,6303.869292465464,0.9222257800547906,0.42871882449211934
T_Q3,27,B,SRI6,369,-0.10312340305181511,0.0,-0.6729899050660777,0.7000894174920863,1056678260.3170568,1056.6782603170568,0.8229622513964492,0.5098018287259402
T_Q3,27,B,SRI6,371,0.0,932.5758122970892,-0.022371122136455514,0.7,6783979230.230125,6783.979230230126,0.9370619418650159,0.3827160493827161
T_Q3,27,B,SRI6,372,-0.020580910739638303,0.0,-1.1690105490536822,0.7,752535363.429799,752.535363429799,0.7901946134414914,0.5098018287259402
T_Q3,27,B,SRI6,373,-2.695790933571474,0.0,-1.0929891178839666,0.7011396434494196,800420847.1461488,800.4208471461488,0.7949265307574623,0.5098018287259402
T_Q3,27,B,SRI6,377,0.0,1019.6969145890519,0.0,0.7001447077535193,6910539176.808484,6910.539176808484,0.9406197744334153,0.3690539723200626
T_Q3,27,B,SRI6,379,0.0,534.8296500736317,0.0,0.7,6127752732.794133,6127.752732794133,0.9165688262710355,0.43964137047710533
T_Q3,27,B,SRI6,380,-1.689540699782336,752.8992237039015,-0.006337642606373952,0.7000000359947242,6515692045.053716,6515.692045053715,0.8911659017326646,0.4863912904258726
T_Q3,27,B,SRI6,381,-0.006916150815662995,121.07069766290795,-2.579582987158682e-05,0.7000410414430165,4723263079.083922,4723.263079083922,0.8759028000142314,0.49482335361297913
T_Q3,27,B,SRI6,384,-1.4900433584274173,235.85644279958387,0.0,0.7,5290098233.356129,5290.098233356129,0.8758316433628635,0.5003024157683139
T_Q3,27,B,SRI6,387,-0.004379305228430726,681.9463842988855,0.0,0.7,6408859084.954199,6408.859084954199,0.9260682392286619,0.42039349628206496
T_Q3,27,B,SRI6,392,-0.00717246415211331,574.2419451817732,-0.0019011780938141363,0.7000410414430165,6207068443.942522,6207.068443942522,0.9189881524175474,0.4345536699042944
T_Q3,27,B,SRI6,397,-0.6851062912148678,125.89445318987794,0.0,0.700088677667991,4753378151.297356,4753.3781512973555,0.872380545771516,0.49959084925463404
T_Q3,27,B,SRI6,398,-2.6949887652033686,0.0,-0.46472395547288514,0.7003943221408382,1172735009.4788454,1172.7350094788453,0.8359127619454226,0.5098018287259402
T_Q3,27,B,SRI6,399,-1.6804962072668834,769.0988273034073,0.0,0.7,6545214369.67332,6545.21436967332,0.8917707332692925,0.48599992884334875
T_Q3,27,B,SRI6,400,-1.720112264095505,313.5933856641989,0.0,0.7,5561082691.931569,5561.082691931569,0.8756181734087595,0.5008716689792578
T_Q3,27,B,SRI6,404,-0.0010143167933802425,1169.6359127644605,0.0,0.7000212119622257,7093481309.107682,7093.481309107682,0.9451026434695984,0.34425587931831925
T_Q3,27,B,SRI6,407,-1.4595837057717271,493.6962174445001,-0.0001550582527713451,0.7,6033376020.604724,6033.376020604724,0.8896360337282526,0.4884904116412281
T_Q3,27,B,SRI6,408,-0.004074219907550496,384.79033347375093,-0.000962763470359649,0.7,5771289053.178333,5771.289053178333,0.9061443768456255,0.4597075461628777
T_Q3,27,B,SRI6,410,-1.2872802017026839,292.1522517420958,0.0,0.7012987610285341,5486567702.1685505,5486.567702168551,0.8809193439356745,0.494645461984559
T_Q3,27,B,SRI6,412,0.0,0.0,-0.0007099866359288436,0.7144956055663503,1326278099.2266238,1326.2780992266237,0.8516383818977481,0.5098018287259402
T_Q3,27,B,SRI6,414,-1.4643244830575597,949.0962073315422,-0.0001286302635896119,0.7000000030306598,6809047647.128056,6809.047647128055,0.9046500871668981,0.46707225957946413
T_Q3,27,B,SRI6,415,-4.071334250137649e-05,187.99295923549977,0.0,0.7000313638551852,5088596325.296572,5088.596325296572,0.8852243213434376,0.4857508805635607
T_Q3,27,B,SRI6,416,0.0,135.80463529355083,0.0,0.7,4815140436.303705,4815.140436303705,0.8782509695093751,0.4930444373287794
T_Q3,27,B,SRI6,420,-0.0012715933728606327,0.0,-0.6359944960778099,0.7000926539500358,1077523664.6414347,1077.5236646414346,0.8252392642402249,0.5098018287259402
T_Q3,27,B,SRI6,423,-1.2226384024272114,481.4582910886657,0.0,0.7,6006848030.192814,6006.848030192814,0.8934073362507561,0.48233536129789734
T_Q3,27,B,SRI6,429,-0.00010755936142953275,216.81502057975922,-2.803900638995159e-06,0.7000480456843046,5215424193.740517,5215.424193740517,0.889102358842993,0.48190842138968937
T_Q3,27,B,SRI6,430,-1.462810761142672,292.1522517420958,0.0,0.7000003784531296,5492301191.947059,5492.301191947059,0.8792827409542108,0.49724267975949055
T_Q3,27,B,SRI6,432,-0.000296964034153485,1103.037467924591,0.0,0.7,7014892085.943348,7014.892085943348,0.9432525705340308,0.35585441349130104
T_Q3,27,B,SRI6,433,-0.0035136511966178956,787.2962135312954,-1.0240982086015928e-05,0.7010938355427732,6577674641.193264,6577.674641193264,0.930835734870317,0.40441882804995194
T_Q3,27,B,SRI6,436,-0.6802686930303004,512.7730207403882,0.0,0.7,6077997749.096734,6077.997749096734,0.904472195538478,0.4639769452449568
T_Q3,27,B,SRI6,437,-0.7203794860792341,0.0,-0.7378434864875815,0.7281364916539966,927057440.482913,927.057440482913,0.809406909310848,0.5098018287259402
T_Q3,27,B,SRI6,439,0.0,1262.4540485123648,-0.0016511377429469926,0.7000689819353108,7196537105.249975,7196.537105249975,0.9474152346390581,0.3256484149855907
T_Q3,27,B,SRI6,441,-0.0010143167933802425,340.92762263188445,0.0,0.7000224821751323,5648184246.971335,5648.184246971336,0.9025509659515423,0.46550681324936855
T_Q3,27,B,SRI6,446,0.0,847.6271825905003,0.0,0.7000134013066485,6674417110.91465,6674.41711091465,0.9336464225993526,0.39538193332621757
T_Q3,27,B,SRI6,447,-0.017223417714981926,481.3788478244107,0.0,0.7,6010867812.5464,6010.8678125464,0.9133667769594761,0.44768207208168787
T_Q3,27,B,SRI6,450,0.0,553.676029836461,-0.001970804791180284,0.7000410414430165,6165522676.001024,6165.522676001025,0.9176005977158715,0.4372932009819618
T_Q3,27,B,SRI6,451,-1.9612103872511049,225.57953966453223,0.0,0.7000410194489051,5248715672.982689,5248.715672982689,0.867933255061017,0.505674742946597
T_Q3,27,B,SRI6,454,0.0,969.1240730845252,0.0,0.7000024289043001,6845010104.8553,6845.0101048553,0.9387341231721635,0.3770590955989611
T_Q3,27,B,SRI6,455,-0.0010722241077660939,1460.6616973984237,-5.685472737559933e-05,0.7000556813351367,7401610345.377227,7401.610345377227,0.9507240189276691,0.28366599067847875
T_Q3,27,B,SRI6,459,0.0,160.07634722925368,0.0,0.7,4950788315.910951,4950.788315910951,0.8813462838438824,0.48966449638879994
T_Q3,27,B,SRI6,460,-1.1923432643276723,754.4706805749694,0.0,0.7,6524210941.281787,6524.210941281787,0.9046856654925821,0.46568470487778846
T_Q3,27,B,SRI6,462,-0.11539076628517744,336.71812149776474,-0.00010435207505449022,0.7013585751709057,5628968691.107148,5628.9686911071485,0.9003095314334507,0.468851175863664
T_Q3,27,B,SRI6,465,-0.004069693676779578,665.7154732857343,-0.008497127719279907,0.700302625602276,6373826752.730933,6373.826752730934,0.9247874195040381,0.4229551357313124
T_Q3,27,B,SRI6,467,-1.4695247815618115,385.1812027785978,0.0,0.7,5769031404.181256,5769.031404181256,0.8845127548297578,0.4933646422599352
T_Q3,27,B,SRI6,470,-3.894938830588955,0.0,-0.006687636501638505,0.9833927629942523,77104278.81018843,77.10427881018843,0.7064432347813709,0.5098018287259402
T_Q3,27,B,SRI6,471,-1.400453538879467,617.8571177348849,0.0,0.7,6286513036.75003,6286.51303675003,0.8952929875120078,0.4811256982246415
T_Q3,27,B,SRI6,473,-2.015504573009793,0.0,-0.5141204708521534,0.8550261642932866,553222912.0637652,553.2229120637652,0.7617675312199809,0.5098018287259402
T_Q3,27,B,SRI6,474,-0.6966360303028967,327.3921301161837,0.0,0.7,5605854758.96949,5605.85475896949,0.8928025047141283,0.48251325292631725
T_Q3,27,B,SRI6,476,0.0,252.42944483763893,0.0,0.7,5355834301.999213,5355.8343019992135,0.8935140712278079,0.47756786565624204
T_Q3,27,B,SRI6,479,-1.2760657425866928,130.09955697762166,0.0,0.7,4779498023.25674,4779.4980232567395,0.8692140747856406,0.5028996335432455
T_Q3,27,B,SRI6,480,-0.7347241817380342,285.02864301720996,0.0,0.7,5469764595.039921,5469.764595039921,0.888710997260469,0.4869249653111326
T_Q3,27,B,SRI6,482,0.0,1137.3183968617923,0.0,0.7,7055789422.707704,7055.789422707704,0.9442487636531824,0.3498416764507062
T_Q3,27,B,SRI6,483,0.0,447.39511611781387,0.0,0.7,5931405616.570546,5931.405616570546,0.9109830291386488,0.4505639164620912
T_Q3,27,B,SRI6,484,0.0,1223.284161902126,0.0,0.7,7154536258.195888,7154.536258195888,0.9464546198455901,0.3336535382644893
T_Q3,27,B,SRI6,486,-0.8175203861269676,0.0,-0.5294549928358215,0.9421781182824159,219433472.84128967,219.43347284128967,0.7217419148254883,0.5098018287259402
T_Q3,27,B,SRI6,487,0.0,213.67664272284057,0.0,0.7007360201250445,5199027231.01183,5199.027231011831,0.888319635677945,0.4822642046465294
T_Q3,27,B,SRI6,488,0.0,284.58463426090134,0.0,0.7,5469956652.55465,5469.956652554651,0.8968584338421033,0.473476358202583
T_Q3,27,B,SRI6,490,0.0,1172.4105793599083,0.0,0.7,7096785502.634345,7096.785502634345,0.9452093784466505,0.34379336108442743
T_Q3,27,B,SRI6,491,0.0,479.80699888309834,0.0,0.7,6007344926.3221245,6007.344926322125,0.913295620308108,0.44714839719642796
T_Q3,27,B,SRI6,493,-1.0167133130637729,252.42944483763893,0.0,0.7,5353852741.592531,5353.852741592531,0.8819155370548262,0.49368484719109124
T_Q3,27,B,SRI6,494,-2.015504573009793,0.0,-1.1150556348997762,0.991120139484089,23428044.344903994,23.428044344903995,0.6994343046216246,0.5098018287259402
T_Q3,27,B,SRI6,497,0.0,132.427015232953,0.0,0.7,4794834831.358436,4794.834831358436,0.877788451275483,0.4933290639342512
T_Q3,27,B,SRI6,500,0.0,844.7327524993411,0.0,0.7,6670171832.585011,6670.171832585011,0.9334329526452486,0.39570213825737355
T_Q3,27,B,SRI6,501,0.0,954.4906534847082,0.0,0.7,6825396506.236644,6825.396506236644,0.9381648699612197,0.37919379514000073
T_Q3,27,B,SRI6,503,-3.154089723195516,0.0,-0.7247414000773834,0.701338540212104,1026156711.2687759,1026.156711268776,0.8202227203187817,0.5098018287259402
T_Q3,27,B,SRI6,504,-1.928105109432088,481.9547288661826,0.0,0.7,6006037272.446306,6006.037272446306,0.877646137972747,0.5002668374426298
T_Q3,27,B,SRI6,506,-1.928105109432088,433.56929614475894,0.0,0.7000013012827546,5892220658.35502,5892.22065835502,0.8763297399224393,0.5011918739104135
T_Q3,27,B,SRI6,507,-0.17252039175806955,0.0,-0.6093679407167638,0.7384251468698364,953094072.9172133,953.0940729172133,0.8117550788059915,0.5098018287259402
T_Q3,27,B,SRI6,510,-0.0017975406672660933,714.4134317398846,-0.008314658611778554,0.7,6459588061.06129,6459.588061061289,0.9278471555128616,0.41530579570925386
T_Q3,27,B,SRI6,512,-3.1923025861908183,0.0,-0.0007083027349267393,0.7068017217708905,1362015536.555512,1362.015536555512,0.8548760095349913,0.5098018287259402
T_Q3,27,B,SRI6,515,0.0,1031.3138764962332,0.0,0.7,6926031603.799047,6926.031603799048,0.9409755576902552,0.3672750560358629
T_Q3,27,B,SRI6,516,0.0,1257.3104000024791,0.0,0.7,7192092975.389695,7192.092975389695,0.94734407798769,0.32668018643042657
T_Q3,27,B,SRI6,518,0.0,188.31802895020647,0.0,0.700151593712076,5089544436.586928,5089.544436586928,0.8852598996691216,0.4857508805635607
T_Q3,27,B,SRI6,520,0.0,576.7533262472565,0.0,0.7,6213277862.352643,6213.277862352643,0.9194506706514394,0.4341623083217704
T_Q3,27,B,SRI6,521,0.0,176.1390518051636,0.0,0.7,5032223517.559461,5032.223517559461,0.8836232966876579,0.48738748354502437
T_Q3,27,B,SRI6,522,0.0,819.5284248459362,0.0,0.7,6632396866.784086,6632.396866784086,0.9322588678976769,0.3995445974312449
T_Q3,27,B,SRI6,525,0.0,1087.8674975917024,0.0,0.7000470733509325,6996194531.534898,6996.194531534898,0.9425410040203508,0.35823816131212866
T_Q3,27,B,SRI6,526,-1.3254219360667105,0.0,-0.8102116311839505,0.7028560191821764,969811687.1704435,969.8116871704435,0.8125733802967232,0.5098018287259402
T_Q3,27,B,SRI6,527,0.0,994.9974193843993,0.0,0.7,6879214660.136192,6879.214660136192,0.9397658946169996,0.3730387447966699
T_Q3,27,B,SRI6,528,0.0,107.24781112285633,0.0,0.7,4629370695.196829,4629.370695196829,0.8744085103355036,0.4965666915714948
T_Q3,27,B,SRI6,529,-0.0017975406672660933,1291.0929850676096,-0.008314658611778554,0.7,7223830577.709115,7223.8305777091155,0.9479489095243179,0.31967125627067994
T_Q3,27,B,SRI6,530,-2.9043051105697306,0.0,-0.6870749305426693,0.7,1049303696.3664764,1049.3036963664765,0.8227487814423453,0.5098018287259402
T_Q3,27,B,SRI6,532,-0.007328470666277062,50.45089289333361,0.0,0.7,4101208811.446802,4101.208811446802,0.8666168570107091,0.5035756217312413
T_Q3,27,B,SRI6,534,0.0,418.37555012157566,0.0,0.7,5859849598.673855,5859.849598673854,0.908919486248977,0.4547977372184865
T_Q3,27,B,SRI6,542,0.0,870.9133666148551,0.0,0.7,6708496980.696172,6708.496980696172,0.9348205073469246,0.39196641406055427
T_Q3,27,B,SRI6,543,0.0,1622.1114045117786,0.0,0.7,7553037852.326268,7553.037852326268,0.9528942967943929,0.2476963034119614
T_Q3,27,B,SRI6,544,0.0,900.1228533061962,0.0,0.7000604522932163,6750005360.152062,6750.005360152062,0.9358878571174442,0.388017219909631
T_Q3,27,B,SRI6,545,0.0,529.3518860473363,0.0,0.7,6116189565.7450075,6116.189565745008,0.9162486213398799,0.44045967196783714
T_Q3,27,B,SRI6,552,-2.1089506166415957,901.1315596985661,0.0,0.701526229318358,6733035550.593874,6733.035550593874,0.8818799587291425,0.4971359447824386
T_Q3,27,B,SRI6,554,0.0,397.1272986713979,0.0,0.7,5804978958.446774,5804.9789584467735,0.9072117266161456,0.45796420820436184
T_Q3,27,B,SRI6,556,-0.13212686926115325,0.0,-3.338256433540312e-06,0.7330789979389056,1240438422.2526438,1240.438422252644,0.8437399935959013,0.5098018287259402
T_Q3,27,B,SRI6,557,0.0,663.0535884368867,0.0,0.7,6375416202.734937,6375.416202734937,0.9247874195040381,0.42338207563952035
T_Q3,27,B,SRI6,558,0.0,1703.6790723184565,0.0,0.7,7624943794.276455,7624.943794276455,0.9539972248905968,0.2294090440103889
T_Q3,27,B,SRI6,561,-1.5110078568305578,536.808299339946,0.0,0.7,6126090770.796806,6126.090770796806,0.8904187568933009,0.48884619489806824
T_Q3,27,B,SRI6,562,-0.134224043897764,0.0,-0.6933090892771153,0.7389015790134333,910780558.1869177,910.7805581869177,0.8072722097698084,0.5098018287259402
T_Q3,27,B,SRI6,568,-0.037521838666432994,0.04453805541447764,0.0,0.7,1908641381.426742,1908.641381426742,0.8581492154979187,0.5098018287259402
T_Q3,27,B,SRI6,569,-1.5338341150305106,505.08730157850965,0.0,0.7,6058233224.969384,6058.2332249693845,0.889066780517309,0.49069626783363574
T_Q3,27,B,SRI6,572,-0.05602539045154588,38.17633815789185,0.0,0.7,3928641586.201652,3928.641586201652,0.8640907958871457,0.5052833813640729
T_Q3,27,B,SRI6,573,-2.4254074364368643,0.0,-0.5052415888350525,0.7,1150038173.9146435,1150.0381739146435,0.8337780624043835,0.5098018287259402
T_Q3,27,B,SRI6,574,0.0,92.97070808079343,0.0,0.700048017710491,4521733455.244166,4521.733455244166,0.872380545771516,0.4985590778097982
T_Q3,27,B,SRI6,575,-0.000554034919227054,0.0,-0.5512317652589717,0.7169546461133365,1062361692.2274282,1062.3616922274282,0.8238517095385495,0.5098018287259402
T_Q3,27,B,SRI6,582,-1.6869435831914064,427.6610892345175,0.0,0.7001750650185411,5877149064.976853,5877.149064976853,0.8810616572384105,0.4967801615255985
T_Q3,27,B,SRI6,584,0.0,929.4423483528993,0.0,0.7,6791175549.584843,6791.175549584843,0.9373109901448038,0.383214145942292
T_Q3,27,B,SRI6,594,-0.763644253466585,0.0,-0.4692275151287123,0.7014136552077059,1166171701.5425704,1166.1717015425704,0.8352367737574268,0.5098018287259402
T_Q3,27,B,SRI6,598,0.0,157.52863168688134,0.0,0.7007360201250445,4933883348.068118,4933.883348068118,0.8806347173302023,0.4900558579713239
T_Q3,27,B,SRI6,599,-2.010060028573702,246.2408417707889,0.0,0.7,5329474703.557023,5329.474703557023,0.8687515565517488,0.505568007969545
T_Q3,27,B,SRI6,600,0.0,1561.7008991097864,0.0,0.7,7497912451.293939,7497.912451293939,0.9521115736293451,0.26071797061230295
T_Q3,27,B,SRI6,602,-0.7917848413957377,0.0,-1.3511413157401067,0.9203451236226935,168982669.22551766,168.98266922551767,0.7155868644821572,0.5098018287259402
T_Q3,27,B,SRI6,603,-1.9286298356628981,0.0,-1.1150556348997762,0.9213921302513667,206338395.83251783,206.33839583251782,0.7204255167751805,0.5098018287259402
T_Q3,27,B,SRI6,607,0.0,327.0043591798759,0.0,0.7000604522932163,5606198160.006413,5606.198160006414,0.9011989895755504,0.46771266944177614
T_Q3,27,B,SRI6,608,-1.1522629235759991,536.808299339946,0.0,0.7,6127305427.0595045,6127.305427059505,0.8967161205393674,0.47710534742235033
T_Q3,27,B,SRI6,611,0.0,1953.8620942863313,0.0,0.7,7830195431.75825,7830.19543175825,0.9560963461059523,0.1825168107588857
T_Q3,27,B,SRI6,616,-1.7680977931637543,727.5293915210598,0.0,0.7,6477939801.055709,6477.939801055709,0.889137937168677,0.48970007471448396
T_Q3,27,B,SRI6,619,-1.5233696074417393,841.2332253915562,0.0,0.7,6656605582.801702,6656.6055828017015,0.9004518447361868,0.4768918774682463
T_Q3,27,B,SRI6,621,-0.022529208797556863,63.02375702338543,0.0,0.7,4247323000.0890765,4247.323000089076,0.8685025082719607,0.5019034404240934
T_Q3,27,B,SRI6,623,0.0,86.78100676770951,0.0,0.7,4471403672.365729,4471.403672365729,0.8716334009321521,0.4992706443234781
T_Q3,27,B,SRI6,624,-0.6966360303028967,140.16968398990196,0.0,0.7,4840167911.994071,4840.167911994071,0.8740171487529798,0.4988437044152704
T_Q3,27,B,SRI6,626,0.0,381.8588546349014,0.0,0.7000349585099196,5764039622.433381,5764.039622433381,0.9059664852172057,0.4602056427224535
T_Q3,27,B,SRI6,627,-0.008833376802060826,272.14715155989495,0.0,0.7,5426995861.673155,5426.995861673155,0.8956131924431635,0.4751485395097305
T_Q3,27,B,SRI6,628,0.0,777.6464263275335,0.0,0.700006083543203,6567604759.940615,6567.604759940615,0.9304087949621092,0.4061265876827836
T_Q3,27,B,SRI6,629,-1.5838313411055693,284.58463426090134,0.0,0.7,5466743817.509486,5466.743817509486,0.8773259330415911,0.5000889458142099
T_Q3,27,B,SRI6,630,-2.18980953824712,0.0,-0.9421097240364393,0.7001585255818757,901368307.9081045,901.3683079081045,0.8046394136691928,0.5098018287259402
T_Q3,27,B,SRI6,634,0.0,588.453212336547,0.0,0.7,6236293740.583942,6236.293740583942,0.920375707119223,0.43259686199167474
T_Q3,27,B,SRI6,635,0.0,1873.885983286661,0.0,0.7,7766980088.931858,7766.980088931858,0.9554915145693244,0.19553847795922724
T_Q3,27,B,SRI6,637,0.0,201.8913133186715,0.0,0.7,5151676752.066107,5151.676752066107,0.8870388159533212,0.48397196427936107
T_Q3,27,B,SRI6,638,-2.225325334808226,0.0,-0.9882875072288231,0.7041763691841567,860241960.5904948,860.2419605904947,0.8007969544953214,0.5098018287259402
T_Q3,27,B,SRI6,640,-0.11768484042245925,0.0,0.0,0.7142527106901093,1327918685.46803,1327.91868546803,0.8520297434802719,0.5098018287259402
T_Q3,27,B,SRI6,641,-1.974885081050351,276.5622745261127,0.0,0.7,5438919748.482507,5438.919748482507,0.8699967979506885,0.504820863130181
T_Q3,27,B,SRI6,645,0.0,732.3035786181342,0.0,0.7,6494377805.504889,6494.377805504889,0.9286298786779094,0.4129576262141104
T_Q3,27,B,SRI6,646,-1.442532992128755,594.5649968084493,0.0,0.7,6242116569.126308,6242.116569126309,0.8934073362507561,0.48368733767388894
T_Q3,27,B,SRI6,648,0.0,223.99335592605587,-3.6178627822027e-06,0.7000003491978778,5245254534.632128,5245.254534632128,0.8900273953107766,0.4811256982246415
T_Q3,27,B,SRI6,651,0.0,1115.368107511298,0.0,0.7,7029724806.882921,7029.724806882921,0.9437150887679228,0.3535774006475254
T_Q3,27,B,SRI6,656,-0.763644253466585,0.0,-0.040390374661423124,0.9880262456806437,55001524.058231644,55.001524058231645,0.7038460170064398,0.5098018287259402
T_Q3,27,B,SRI6,658,-2.3951727584145717,0.0,-0.9976771470063751,0.733376545148351,768736541.6841509,768.7365416841509,0.7904080833955954,0.5098018287259402
T_Q3,27,B,SRI6,660,0.0,1048.8559306304226,0.0,0.7000340058985133,6948023698.025726,6948.023698025726,0.9417227025296192,0.36442878998114353
T_Q3,27,B,SRI6,670,-0.6532627968441114,237.71183730156267,-0.00983763254545164,0.7,5293411531.843251,5293.411531843251,0.88479738143523,0.48952218308606404
T_Q3,27,B,SRI6,674,0.0,313.8156188295621,0.0,0.7000003491978778,5565597525.774455,5565.597525774455,0.8999893265022948,0.4694204290746078
T_Q3,27,B,SRI6,675,-0.009926647424013477,0.0,-0.9252210215175355,0.8843078618461931,351103869.15510064,351.10386915510065,0.7371829081723413,0.5098018287259402
T_Q3,27,B,SRI6,676,-0.7032894918760556,123.75078828803362,0.0,0.7,4740165480.249299,4740.165480249299,0.8719536058633083,0.50008894581421
T_Q3,27,B,SRI6,677,-1.589280970161176,447.6432991014452,0.0,0.7,5926896409.131034,5926.896409131034,0.8859358878571177,0.4943252570534029
T_Q3,27,B,SRI6,678,0.0,435.34983723744756,0.0,0.7001513053913493,5901513517.426961,5901.513517426961,0.9103426192763373,0.452307254420607
T_Q3,27,B,SRI6,679,-0.74016387474114,0.0,-0.01124482510740421,0.7013664306804024,1382083629.932384,1382.083629932384,0.8570107090760309,0.5098018287259402
T_Q3,27,B,SRI6,680,0.0,303.623592097463,0.0,0.7007953557626246,5529326688.737583,5529.326688737583,0.8986017718006191,0.47059451382217937
T_Q3,27,B,SRI6,681,0.0,1350.8606614422729,0.0,0.7,7291562867.688343,7291.562867688343,0.9489095243177857,0.308748710285694
T_Q3,27,B,SRI6,684,-3.3051655841323897,0.0,-1.0262154529062426,0.7,847108355.3342923,847.1083553342922,0.7994805564450137,0.5098018287259402
T_Q3,27,B,SRI6,686,-3.250602368833934e-05,119.43307507337468,0.0,0.7,4712756642.552411,4712.756642552411,0.8757249083858113,0.49489451026434705
T_Q3,27,B,SRI6,690,-1.6423927551002067,0.0,-0.17750596038356503,0.7,1312193013.2179153,1312.1930132179152,0.8500729355676522,0.5098018287259402
T_Q3,27,B,SRI6,693,-3.347319090186057,0.0,0.0,0.9303666674622596,323700191.76823133,323.7001917682313,0.7349058953285659,0.5098018287259402
T_Q3,27,B,SRI6,695,-2.427879532739272,0.0,-0.5929998565817123,0.7002850858412026,1101375458.7845225,1101.3754587845226,0.8276941687124203,0.5098018287259402
T_Q3,27,B,SRI6,696,0.0,2077.1812539986454,-3.533056074460635e-06,0.7,7924049457.699659,7924.04945769966,0.9573060091792079,0.16405165972889313
T_Q3,27,B,SRI6,698,0.0,141.20085454619993,0.0,0.7,4846814415.641503,4846.814415641504,0.879069271000107,0.4922972924894154
T_Q3,27,B,SRI6,702,0.0,688.4350654912126,0.0,0.7,6420163230.309498,6420.1632303094975,0.9262817091827661,0.41946845981428116
T_Q3,27,B,SRI6,704,-1.7726248052137947,938.4968128837861,0.0,0.7,6793324186.277124,6793.324186277125,0.8943679510442238,0.48343828939410116
T_Q3,27,B,SRI6,705,0.0,340.01604331954593,0.0,0.7000604522932163,5645307593.373259,5645.307593373259,0.9023730743231221,0.4656491265521045
T_Q3,27,B,SRI6,706,-0.31191313506568297,0.0,-0.6096312172764287,0.9689859176814436,113123752.09819077,113.12375209819076,0.7095385491158785,0.5098018287259402
T_Q3,27,B,SRI6,712,-0.5155765479831231,335.2740671037403,0.0,0.7,5630094046.685111,5630.094046685111,0.8957555057458997,0.4779592272387661
T_Q3,27,B,SRI6,714,0.0,64.62387037281233,0.0,0.7,4264302051.590999,4264.302051590999,0.8687871348774325,0.5016899704699896
T_Q3,27,B,SRI6,715,0.0,1143.0666742105734,0.0,0.7,7062566881.789059,7062.566881789058,0.9444622336072865,0.3488810616572384
T_Q3,27,B,SRI6,717,0.0,1176.435203143363,0.0,0.7001410564842863,7100808361.3037615,7100.808361303762,0.9453516917493864,0.3429039029423275
T_Q3,27,B,SRI6,718,0.0,692.8637295711934,0.0,0.7,6427818558.809644,6427.818558809644,0.9266374924396059,0.4188636282776533
T_Q3,27,B,SRI6,724,-2.6163822241631296,0.0,-0.5296414426124049,0.9296598829398071,266910952.577653,266.910952577653,0.7267940370726154,0.5098018287259402
T_Q3,27,B,SRI6,725,-1.8036197269809477,138.25201709714065,0.0,0.7,4828133810.280455,4828.133810280455,0.8654071939374534,0.5061728395061728
T_Q3,27,B,SRI6,726,-1.8563087996692182,966.3149208916153,0.0,0.7,6830345290.858564,6830.345290858564,0.8919130465720282,0.48681823033408034
T_Q3,27,B,SRI6,727,-0.48730526037684285,0.0,-0.619850358995056,0.9437497894614353,204100848.58301204,204.10084858301204,0.7199274202156046,0.5098018287259402
T_Q3,27,B,SRI6,728,-0.48730526037684285,0.0,-0.619850358995056,0.7038334904480338,1074050870.4703493,1074.0508704703493,0.824954637634753,0.5098018287259402
T_Q3,27,B,SRI6,731,-2.221050463835496,0.0,-0.002528297068590861,0.7306819175162395,1250532720.9637175,1250.5327209637176,0.8446650300636852,0.5098018287259402
T_Q3,27,B,SRI6,735,-2.611623114183107,0.0,-0.3559638337121702,0.7,1228182750.845345,1228.182750845345,0.8418187640089656,0.5098018287259402
T_Q3,27,B,SRI6,738,0.0,735.7388954750691,0.0,0.7,6500043497.748146,6500.043497748146,0.9286654570035934,0.4124239513288504
T_Q3,27,B,SRI6,740,0.0,1505.8926934530668,0.0,0.7,7445498158.954902,7445.498158954902,0.9512932721386131,0.2738107944640126
T_Q3,27,B,SRI6,741,-0.009108728514438138,796.8174294727274,0.0,0.7,6597572553.830607,6597.572553830608,0.9313694097555769,0.40406304479311206
T_Q3,27,B,SRI6,751,-0.5772484858933016,249.95219522933672,-0.0019384944436440232,0.700007926694059,5344375818.456727,5344.375818456727,0.8870388159533213,0.4867470736827125
T_Q3,27,B,SRI6,752,0.0,1209.969031175457,-0.013252285857231094,0.7005861616473833,7130649154.315295,7130.649154315295,0.9460632582630664,0.33621517771373677
T_Q3,27,B,SRI6,755,-0.6800471072415675,154.41009645498852,0.0,0.7,4919902177.758241,4919.902177758241,0.8756537517344434,0.4973494147365426
T_Q3,27,B,SRI6,756,0.0,203.10090437058994,-0.0038270633867806894,0.7,5155300148.905144,5155.300148905144,0.8870388159533213,0.4839008076279931
T_Q3,27,B,SRI6,757,0.0,843.210311703468,0.0,0.7,6667914502.111834,6667.914502111834,0.9333973743195645,0.3960223431885295
T_Q3,27,B,SRI6,758,-3.848876694848572,0.0,-1.0517232936995458,0.7,832000614.5247585,832.0006145247585,0.7978795317892337,0.5098018287259402
T_Q3,27,B,SRI6,759,0.0,393.60062043707626,-0.01005730215256863,0.7,5790310092.951436,5790.310092951436,0.9069271000106737,0.4583199914612018
T_Q3,27,B,SRI6,760,0.0,1422.3405604581421,0.0,0.7,7364134463.308284,7364.134463308284,0.9500480307396735,0.2926317287508449
T_Q3,27,B,SRI6,761,0.0,1553.388242363953,0.0,0.7,7490184641.541674,7490.184641541674,0.9518981036752412,0.2624613085708188
T_Q3,27,B,SRI6,763,0.0,1071.7966737266927,0.0,0.7,6976664467.97375,6976.66446797375,0.9420429074607749,0.3608709574127441
T_Q3,27,B,SRI6,766,-2.332120273356489,0.0,-0.6510922411647206,0.8416142985446958,565168141.8442168,565.1681418442168,0.7621233144768207,0.5098018287259402
T_Q3,27,B,SRI6,768,0.0,158.67978722869236,0.0,0.7,4943435702.148277,4943.435702148277,0.8813107055181985,0.48991354466858794
T_Q3,27,B,SRI6,770,0.0,0.0,-1.1145243175745247,0.8399226241753587,420086888.672364,420.086888672364,0.7474650442950153,0.5098018287259402
T_Q3,27,B,SRI6,774,0.0,1856.9496650415808,0.0,0.7,7753302629.764985,7753.302629764985,0.9553847795922722,0.19891841889920658
T_Q3,27,B,SRI6,778,-0.015741513283095088,13.44178750870475,0.0,0.7,3374872889.8639965,3374.8728898639965,0.8604973849930624,0.5081296474187925
T_Q3,27,B,SRI6,780,-1.4806157202680665,171.02422222895296,0.0,0.7,5005244973.6945505,5005.244973694551,0.8713487743266803,0.5028640552175614
T_Q3,27,B,SRI6,781,-1.4657347909249125,824.7284788621587,0.0,0.7,6632123000.018868,6632.123000018869,0.9008787846443946,0.4737254064823709
T_Q3,27,B,SRI6,782,-1.2118628945682401,248.47820800547643,0.0,0.7,5338894398.190499,5338.8943981904995,0.8799231508165226,0.49585512505781476
T_Q3,27,B,SRI6,783,-0.046336383224570565,113.05058544673369,0.0,0.7,4669912172.160709,4669.91217216071,0.8747642935923435,0.49571281175507886
T_Q3,27,B,SRI6,784,0.0,397.7724436479998,0.0,0.7,5806678532.2433,5806.678532243301,0.9073540399188815,0.4579286298786779
T_Q3,27,B,SRI6,787,0.0,800.6206208665557,0.0,0.7,6603524282.784583,6603.524282784583,0.9315828797096808,0.40288896004554026
T_Q3,27,B,SRI6,791,-1.6593003881580586,368.54643613377795,0.0,0.7,5723187653.178888,5723.1876531788885,0.8789981143487388,0.49813213790159033
T_Q3,27,B,SRI6,793,0.0,116.74283965662492,0.0,0.7,4694924176.014389,4694.924176014389,0.8754758601060234,0.49535702849823904
T_Q3,27,B,SRI6,801,0.0,0.0,-0.21370382481307454,0.7023111342508234,1284659225.9228592,1284.6592259228592,0.8467997296047248,0.5098018287259402
T_Q3,27,B,SRI6,802,0.0,1231.2478551170695,0.0,0.7012487306824923,7157522310.528436,7157.522310528436,0.946525776496958,0.3320169352830256
T_Q3,27,B,SRI6,807,-1.240166783421693,326.61671268694454,0.0,0.7,5602248285.601401,5602.248285601401,0.8847973814352295,0.49215497918667944
T_Q3,27,B,SRI6,813,-1.2382303236332515,347.93396847820543,0.0,0.7,5665640075.527632,5665.640075527632,0.8863628277653256,0.49062511118226776
T_Q3,27,B,SRI6,817,-1.0919644339205465,327.5753483938927,0.0,0.7,5605409693.301642,5605.409693301643,0.8869676593019532,0.4901270146226919
T_Q3,27,B,SRI6,818,0.0,168.78467862542652,0.0,0.7,4995685540.019084,4995.685540019084,0.8826982602198741,0.4882769416871242
T_Q3,27,B,SRI6,819,-2.1915050107500296,970.26356863921,-0.0012735235142906642,0.7,6833460932.400813,6833.460932400813,0.8813107055181985,0.4993418009748462
T_Q3,27,B,SRI6,822,0.0,500.4940826606861,0.0,0.7,6053808386.056377,6053.8083860563775,0.914861066638204,0.4443732877930766
T_Q3,27,B,SRI6,828,-0.13144202999401938,0.0,-0.503009886884156,0.7,1150934248.644932,1150.934248644932,0.8338492190557513,0.5098018287259402
T_Q3,27,B,SRI6,829,-0.0003577276934708857,183.39132325079834,-0.0004770772751475916,0.7,5066801955.428313,5066.801955428314,0.884655068132494,0.4863912904258725
T_Q3,27,B,SRI6,831,0.0,287.7586607990127,0.0,0.7,5480682269.719377,5480.682269719377,0.8971430604475754,0.47319173159711103
T_Q3,27,B,SRI6,832,0.0,569.2556689782555,0.0,0.7,6198338424.0531025,6198.338424053102,0.9187035258120756,0.4352652364179742
T_Q3,27,B,SRI6,836,-1.7396723770953724,344.2384999865071,0.0,0.7,5653893243.489494,5653.893243489494,0.8767922581563313,0.5002312591169461
T_Q3,27,B,SRI6,838,-1.3685999394310817,240.59468759812017,0.0,0.7,5308742843.563707,5308.7428435637075,0.8772191980645394,0.49816771622727435
T_Q3,27,B,SRI6,842,0.0,608.6110461318308,0.0,0.7,6275145338.102552,6275.145338102552,0.9214786352154268,0.43053331910200304
T_Q3,27,B,SRI6,845,-0.008560246873162147,326.61671268694454,0.0,0.7,5605261881.640842,5605.261881640842,0.9011634112498664,0.46796171772156403
T_Q3,27,B,SRI6,846,-0.8924283517035403,0.0,-0.9398686156585627,0.9848922528065459,45605579.148605414,45.605579148605415,0.7019603657451882,0.5098018287259402
T_Q3,27,B,SRI6,847,-4.563615652419459e-05,1028.6913316065193,-0.001810090276240628,0.7,6921622817.069819,6921.62281706982,0.9408688227132032,0.36763083929270296
T_Q3,27,B,SRI6,848,-1.272500354149148,476.9938697611625,0.0,0.7,5996470170.007893,5996.470170007892,0.8920197815490805,0.48397196427936107
T_Q3,27,B,SRI6,849,-3.4510396726090207,0.0,-0.6564582889721026,0.7532382081304809,877848721.0640075,877.8487210640076,0.8027181840822571,0.5098018287259402
T_Q3,27,B,SRI6,851,-2.4073730459134857,0.0,-0.6567237520312529,0.7452600340546629,906226524.0871583,906.2265240871583,0.8061337033479203,0.5098018287259402
T_Q3,27,B,SRI6,854,-1.2181896471967864,424.71110868813224,0.0,0.7,5871999735.320855,5871.9997353208555,0.8909168534528769,0.4853950973067207
T_Q3,27,B,SRI6,855,0.0,37.371414450936456,0.0,0.7,3915928250.524276,3915.928250524276,0.8640907958871454,0.505390116341125
T_Q3,27,B,SRI6,857,-4.0,0.0,-1.1725012585875583,0.8923123159123831,269677612.4940095,269.6776124940095,0.728537375031131,0.5098018287259402
T_Q3,27,B,SRI6,861,-1.24814227544783,0.0,-1.0999292052847232,0.700837523173717,795282608.6100194,795.2826086100195,0.7947842174547267,0.5098018287259402
T_Q3,27,B,SRI6,864,-3.5844100550944282,0.0,-1.011589411484163,0.828092871528171,491133831.36305803,491.13383136305805,0.7549009143629701,0.5098018287259402
T_Q3,27,B,SRI6,870,-0.008560246873162147,93.35470541691285,0.0,0.7,4524998464.04126,4524.9984640412595,0.872451702422884,0.4984523428327463
T_Q3,27,B,SRI6,874,0.0,268.6757553671982,0.0,0.7,5414780771.261253,5414.780771261253,0.8950795175579036,0.4753264311381506
T_Q3,27,B,SRI6,876,0.0,2075.7162044737333,0.0,0.7,7922960297.018078,7922.960297018078,0.9572704308535239,0.16422955135731312
T_Q3,27,B,SRI6,878,0.0,549.0421925217167,0.0,0.7002928037188023,6155920820.861296,6155.920820861295,0.9173515494360837,0.4379336108442736
T_Q3,27,B,SRI6,882,-3.515805601744306,0.0,-0.9935606835971288,0.7064520083830476,849473137.1281233,849.4731371281233,0.7996584480734337,0.5098018287259402
T_Q3,27,B,SRI6,885,-0.0002465096080485306,74.84436394805506,0.0,0.7,4365619892.373464,4365.619892373464,0.8699256412993205,0.500515885722418
T_Q3,27,B,SRI6,889,0.0,918.6576892301973,0.0,0.7,6776255942.908998,6776.255942908998,0.9367417369338601,0.38495748390080764
T_Q3,27,B,SRI6,890,0.0,1101.2381387076616,0.0,0.7,7012660255.562737,7012.660255562738,0.9431814138826626,0.3560678834454051
T_Q3,27,B,SRI6,895,-0.0050387797747217565,625.9928206894915,0.0,0.7,6307871637.23802,6307.8716372380195,0.9223325150318424,0.42829188458391143
T_Q3,27,B,SRI6,900,-1.190864974862616,484.50940438183443,-0.0022963360249972364,0.7,6012578028.6612015,6012.578028661202,0.8937986978332801,0.4819084213896894
T_Q3,27,B,SRI6,902,-1.7064534700870722,915.9233257015348,0.0,0.7,6762414234.105697,6762.414234105697,0.8952929875120077,0.4816949514355855
T_Q3,27,B,SRI6,903,0.0,912.4872297540063,-0.005528714243216315,0.700354363486307,6762949076.647615,6762.949076647616,0.9363147970256522,0.3859536770199596
T_Q3,27,B,SRI6,905,-1.4806157202680665,389.39419212537507,0.0,0.7,5780292745.151196,5780.292745151196,0.884690646458178,0.4935425338883551
T_Q3,27,B,SRI6,906,-3.5957185129419127,0.0,-0.6188445309780901,0.7240793639065142,1001193160.5411162,1001.1931605411162,0.8175543458924821,0.5098018287259402
T_Q3,27,B,SRI6,908,0.0,533.9136741337283,0.0,0.7000117703540668,6125773151.259727,6125.773151259727,0.9164620912939838,0.43974810545415727
T_Q3,27,B,SRI6,913,-1.8351028248194328,454.98444502307984,0.0,0.7001410564842863,5943339115.842206,5943.339115842206,0.8798519941651548,0.49870139111253414
T_Q3,27,B,SRI6,914,-1.8703446674064879,783.1618733909038,0.0,0.7,6566929355.524223,6566.929355524223,0.887323442558793,0.49240402746646744
T_Q3,27,B,SRI6,918,0.0,340.3681902795606,0.0,0.700072872950158,5646292632.178837,5646.292632178837,0.9024798093001742,0.4656135482264205
T_Q3,27,B,SRI6,919,-2.6163822241631296,0.0,-0.5296414426124049,0.7094640253173854,1102040192.6164453,1102.0401926164452,0.8282634219233643,0.5098018287259402
T_Q3,27,B,SRI6,920,0.0,756.5192499488168,0.0,0.7,6533919612.123156,6533.919612123155,0.9294481801686411,0.40904401038887106
T_Q3,27,B,SRI6,922,0.0,2003.8837441113246,0.0,0.7,7868754624.89577,7868.75462489577,0.9567367559682642,0.17529441064503504
T_Q3,27,B,SRI6,925,-0.5043643304389818,476.9938697611625,0.0,0.7,5998987950.203785,5998.987950203785,0.9053972320062618,0.4628740171487529
T_Q3,27,B,SRI6,926,-1.7781817595238703,985.1725095382827,0.0,0.7,6855617595.668435,6855.617595668435,0.8947593126267478,0.4819795780410574
T_Q3,27,B,SRI6,927,-0.5063109920607674,0.0,-1.3141282206144373,0.8175410137086969,403461360.6398799,403.4613606398799,0.7453659230796598,0.5098018287259402
T_Q3,27,B,SRI6,928,0.0,1301.3692540119796,-0.013252285857231094,0.7005861616473833,7230696426.542378,7230.6964265423785,0.9480556445013697,0.3184260148717402
T_Q3,27,B,SRI6,935,-1.2879406673107159,171.02422222895296,0.0,0.7,5005483009.007903,5005.483009007903,0.8728786423310919,0.5010851389333618
T_Q3,27,B,SRI6,936,-2.332120273356489,0.0,-0.6510922411647206,0.8547076835890085,518458091.11512554,518.4580911151255,0.7565375173444338,0.5098018287259402
T_Q3,27,B,SRI6,937,-2.4666618482728286,1722.8452934005404,0.0,0.7,7623906770.44286,7623.90677044286,0.8836232966876578,0.4978475112961184
T_Q3,27,B,SRI6,938,0.0,1360.2654610202335,0.0,0.7,7301271026.5362625,7301.271026536262,0.9491229942718895,0.30643611911623436
T_Q3,27,B,SRI6,941,-1.7786316664413868,884.4252060829721,0.0,0.7,6718083808.375543,6718.0838083755425,0.8921265165261322,0.48550183228377286
T_Q3,27,B,SRI6,943,0.0,0.0,0.0,0.7097649561017162,1348771971.4851,1348.7719714851,0.8536663464617356,0.5098018287259402
T_Q3,27,B,SRI6,947,-0.0002465096080485306,216.93717502948556,0.0,0.7,5216158963.86457,5216.15896386457,0.889173515494361,0.48190842138968937
T_Q3,27,B,SRI6,948,0.0,82.52863110659348,0.0,0.7,4435074121.726014,4435.074121726014,0.8710641477212081,0.4996264275803181
T_Q3,27,B,SRI6,949,0.0,890.5816216298415,-0.005528714243216315,0.700354363486307,6732024361.607154,6732.024361607154,0.9355676521862882,0.3891913046572028
T_Q3,27,B,SRI6,952,-1.035442326402877,0.0,0.0,0.7029913871682608,1380246769.7485797,1380.2467697485797,0.8566549258191908,0.5098018287259402
T_Q3,27,B,SRI6,953,-1.5051285371753271,916.6680790078061,0.0,0.7,6764652205.1992855,6764.652205199285,0.9029779058597504,0.47237343010637933
T_Q3,27,B,SRI6,954,-0.020728756102612444,150.88197777412933,0.0,0.7,4901354465.4988575,4901.354465498857,0.8799231508165227,0.4910164727647917
T_Q3,27,B,SRI6,956,-0.004487760184374684,377.6645585253499,-0.0005554333930711947,0.7,5752244544.829647,5752.244544829647,0.9057174369374178,0.46059700430497735
T_Q3,27,B,SRI6,959,-1.683735590820139,0.0,-0.9719511673254777,0.9242248987947784,223014062.3838754,223.0140623838754,0.7218486498025402,0.5098018287259402
T_Q3,27,B,SRI6,960,-0.004901325136409479,1458.8160636506082,0.0,0.7,7400113486.066144,7400.113486066144,0.9506528622763012,0.2848756537517344
T_Q3,27,B,SRI6,962,-0.1908426938634884,0.0,-1.136849072773836,0.7365862454474013,678829529.9141992,678.8295299141993,0.781157718717757,0.5098018287259402
T_Q3,27,B,SRI6,963,-2.671429626890992,0.0,-0.17712758995204347,0.723137560964237,1211165796.761607,1211.165796761607,0.8405023659586578,0.5098018287259402
T_Q3,27,B,SRI6,964,-4.0,0.0,-0.3796858806273713,0.9632494706503704,149230389.73976985,149.23038973976983,0.7138791048493259,0.5098018287259402
T_Q3,27,B,SRI6,965,-0.5152757003458602,477.71247855096266,-0.013706281425996836,0.7,5994072838.69069,5994.07283869069,0.90511260540079,0.4631230654285409
T_Q3,27,B,SRI6,966,-2.4732337736849503,0.0,-0.7986347738662105,0.7001711443811891,984664522.2480896,984.6645222480895,0.8146013448607107,0.5098018287259402
T_Q3,27,B,SRI6,968,-0.16170327938435358,0.0,-0.6887566871581747,0.7001794069422724,1048077588.29396,1048.07758829396,0.8223218415341373,0.5098018287259402
T_Q3,27,B,SRI6,969,0.0,61.30524994583692,0.0,0.7,4228754052.9283133,4228.754052928313,0.8683957732949089,0.5019390187497774
T_Q3,27,B,SRI6,970,0.0,872.9773257350543,-4.951641850574291e-06,0.7000725229299626,6711164224.786621,6711.164224786621,0.9348916639982925,0.39157505247803037
T_Q3,27,B,SRI6,971,-2.9909699370597886,0.0,-1.100737692771428,0.7693329767972311,612307433.8195174,612.3074338195174,0.7727968121820186,0.5098018287259402
T_Q3,27,B,SRI6,974,0.0,1619.7679567431976,0.0,0.7,7550932139.682472,7550.932139682473,0.9528231401430248,0.24798093001743332
T_Q3,27,B,SRI6,978,-0.477823638468474,296.85804312098486,0.0,0.7,5509833208.31175,5509.83320831175,0.8922688298288683,0.4815170598071654
T_Q3,27,B,SRI6,979,-1.2917525352192465,103.5796314486255,0.0,0.7,4602022917.500883,4602.0229175008835,0.8669370619418649,0.504322766570605
T_Q3,27,B,SRI6,984,-4.0,0.0,0.0,0.97284994032246,126292819.67477989,126.29281967477989,0.7121001885651261,0.5098018287259402
T_Q3,27,B,SRI6,987,-1.440434164567181,0.0,-0.43589014255080016,0.9287526429063337,282524265.6708009,282.5242656708009,0.7293200981961789,0.5098018287259402
T_Q3,27,B,SRI6,988,-0.002594532415903029,225.54675227931983,0.0,0.7,5251552899.273706,5251.552899273706,0.8901697086135127,0.48091222827053753
T_Q3,27,B,SRI6,989,-1.8923028409873899,0.0,-0.5766295343441682,0.7340427480818035,986728683.8848767,986.7286838848768,0.8155975379798627,0.5098018287259402
T_Q3,27,B,SRI6,991,0.0,356.85044467208775,-0.005855205770165582,0.7,5691208876.3687725,5691.2088763687725,0.9040096773045861,0.4634788486853808
T_Q3,27,B,SRI6,994,-0.0021505582353049772,1145.7086987247171,-0.0023408470086276733,0.7008503476246652,7060496758.74247,7060.49675874247,0.9443910769559186,0.3485608567260825
T_Q3,27,B,SRI6,995,0.0,532.4600793929563,0.0,0.7,6122770486.153138,6122.770486153138,0.9163909346426158,0.44003273205962923
T_Q3,27,B,SRI6,996,-0.0067058203287978305,433.8211968555149,-0.0035921278656105005,0.7,5896814642.367852,5896.814642367852,0.9100935709965492,0.452556302700395
T_Q3,27,B,SRI6,999,-2.7959777430621857,0.0,-1.1046142336908966,0.83077401126662,447547347.6017722,447.5473476017722,0.7505247803038388,0.5098018287259402
T_Q3,27,B,SRI6,1000,-0.004901325136409479,1933.7264436925016,0.0,0.7000012473353423,7814452491.82842,7814.45249182842,0.9560251894545844,0.18646600490980894
T_Q3,27,B,SRI6,1002,-3.1055156698230455,0.0,-0.010523105186451776,0.712355901518527,1331591639.4252055,1331.5916394252054,0.8523143700857437,0.5098018287259402
T_Q3,27,B,SRI6,1005,0.0,1287.2647214489762,-0.00914706690695688,0.7000507212067206,7219225537.544829,7219.225537544829,0.9478421745472658,0.32048955776141175
T_Q3,27,B,SRI6,1007,0.0,199.5412265711551,0.0,0.7,5141298899.642915,5141.298899642915,0.8867186110221654,0.4842565908848329
T_Q3,27,B,SRI6,1008,-1.1968760741719193,383.2611604787552,0.0,0.7,5764525506.410304,5764.525506410304,0.8889244672145731,0.48795673675596823
T_Q3,27,B,SRI6,1009,-1.118415080012485,356.3216565590658,-2.5402588054473062e-05,0.7,5690012413.166438,5690.012413166438,0.8886042622834169,0.48856156829259617
T_Q3,27,B,SRI6,1010,-2.7084959169477063,0.0,-0.0008503322178645325,0.7373424560810514,1219956781.9020748,1219.956781902075,0.8412495107980218,0.5098018287259402
T_Q3,27,B,SRI6,1012,-0.4196449265965707,77.05659242035495,-0.0024679678175867866,0.700021863310672,4384637364.964354,4384.637364964354,0.8678265200839647,0.5021880670295654
T_Q3,27,B,SRI6,1015,-1.7899024143975573,322.48992506994443,0.0,0.7,5588708594.608989,5588.708594608989,0.8749066068950795,0.5012630305617818
T_Q3,27,B,SRI6,1016,-1.4204334186251857,0.0,-1.124097127955967,0.818212232042582,474105678.6342988,474.1056786342988,0.7546162877574981,0.5098018287259402
T_Q3,27,B,SRI6,1019,-2.375430427623926e-06,1807.2975105616022,0.0,0.7000132692243181,7712712930.476157,7712.712930476157,0.9548866830326966,0.20852456683388476
T_Q3,27,B,SRI6,1021,-0.01143767943319926,0.0,-0.030508146655242707,0.7056911116294482,1352137774.907217,1352.1377749072171,0.8540577080442595,0.5098018287259402
T_Q3,27,B,SRI6,1022,-0.012812839243658603,15.04552862408434,0.0,0.7,3428298071.063316,3428.298071063316,0.8607464332728503,0.5080229124417405
T_Q3,27,B,SRI6,1023,-2.0331070085007097,0.0,0.0,0.7312563449584775,1248907758.7910151,1248.907758791015,0.8445582950866334,0.5098018287259402
T_Q3,27,B,SRI6,1024,0.0,1164.870475571287,0.0,0.7,7088031006.208871,7088.031006208871,0.9449959084925467,0.34510975913473513
T_Q3,27,B,SRI6,1025,0.0,916.9906195088074,0.0,0.7,6773958540.142888,6773.9585401428885,0.9367061586081761,0.38534884548333154
T_Q3,27,B,SRI6,1027,0.0,759.4252764103235,0.0,0.7,6538597871.3799095,6538.5978713799095,0.9294837584943252,0.40868822713203123
T_Q3,27,B,SRI6,1029,-0.3545536368444029,123.56244585726085,-0.0004860934317237322,0.7,4738877515.503038,4738.877515503038,0.8734834738677199,0.4969580531540186
T_Q3,27,B,SRI6,1032,-1.683735590820139,0.0,-0.9283230709915158,0.8867545152607861,342651590.2180447,342.6515902180447,0.7361867150531896,0.5098018287259402
T_Q3,27,B,SRI6,1034,-1.6709841955950626,387.29902985060073,-0.00010420926639685907,0.7000010051028843,5774158848.419425,5774.158848419425,0.8793183192798949,0.49788308962180244
T_Q3,27,B,SRI6,1035,-0.005965584184669415,550.3916254617254,0.0,0.7,6160060884.89167,6160.06088489167,0.9175294410645036,0.4379691891699576
T_Q3,27,B,SRI6,1036,-0.002795315367416249,2012.2258472070932,0.0,0.7000012055916297,7875141892.366787,7875.141892366787,0.9568434909453162,0.1734799160351514
T_Q3,27,B,SRI6,1038,0.0,1505.4946723139667,-0.0008162850754203019,0.700000712641742,7444339663.390877,7444.339663390877,0.9511865371615612,0.2739175294410645
T_Q3,27,B,SRI6,1040,-0.007272159037059437,1391.6923039453939,0.0,0.7,7333352973.426942,7333.352973426942,0.9497634041342017,0.3004589604013236
T_Q3,27,B,SRI6,1048,-1.6796039744986073,0.0,-0.04465169721841519,0.7210947034690336,1276178997.7265804,1276.1789977265803,0.8464439463478849,0.5098018287259402
T_Q3,27,B,SRI6,1049,0.0,310.500595053297,0.0,0.7,5555080190.584638,5555.080190584637,0.899597964919771,0.4698829473084996
T_Q3,27,B,SRI6,1055,0.0,467.9655747628402,0.0,0.700037540336733,5979885617.723567,5979.885617723567,0.9122638488632726,0.4483580602696836
T_Q3,27,B,SRI6,1057,-0.10557312486845269,0.0,-0.5657791383847153,0.7137333136066644,1067620699.1496712,1067.6206991496713,0.8245276977265448,0.5098018287259402
T_Q3,27,B,SRI6,1059,-3.1313130386345455e-06,211.16319576365925,-0.0003496585920432497,0.7000011949234289,5191762870.5213785,5191.762870521378,0.8882840573522611,0.48254883125200143
T_Q3,27,B,SRI6,1061,0.0,490.59470807858213,0.0,0.7,6031758629.930919,6031.758629930919,0.9141495001245242,0.44590315579748824
T_Q3,27,B,SRI6,1063,-2.565712546517455,0.0,-0.7543915207088974,0.7060706541814062,992479626.0474334,992.4796260474334,0.8157398512825985,0.5098018287259402
T_Q3,27,B,SRI6,1064,0.0,661.2890019689894,0.0,0.700001457034915,6372265527.830554,6372.265527830554,0.9247518411783541,0.42370228057067627
T_Q3,27,B,SRI6,1065,-1.6873171150075574,490.59470807858213,-1.2074988789931803e-06,0.7,6025822183.031228,6025.822183031228,0.8836944533390256,0.49510798021845087
T_Q3,27,B,SRI6,1067,0.0,238.13123327604717,0.0,0.7,5301487934.956394,5301.487934956394,0.8920197815490807,0.47913331198633813
T_Q3,27,B,SRI6,1068,-2.6824768170366807e-05,574.5228278271936,-0.005394575133647437,0.7,6205850947.982434,6205.850947982434,0.9190237307432313,0.43444693492724235
T_Q3,27,B,SRI6,1069,-0.1198426876496157,0.0,-1.0624613750851428,0.8103095155742717,521199409.39847934,521.1994093984794,0.7604511331696732,0.5098018287259402
T_Q3,27,B,SRI6,1071,0.0,731.1822775088152,0.0,0.7,6492532197.875609,6492.532197875609,0.9285943003522253,0.4130643611911624
T_Q3,27,B,SRI6,1072,-0.0028240752854033872,717.4784406021781,-0.0015379564868527756,0.7,6468839492.3904,6468.8394923904,0.9278827338385455,0.414950012452414
T_Q3,27,B,SRI6,1074,0.0,150.43594890709468,-0.002432465391251948,0.7002552423065248,4896542078.132221,4896.542078132221,0.8798875724908386,0.4909453161134237
T_Q3,27,B,SRI6,1076,0.0,1761.0141381996252,0.0,0.7,7674017859.591637,7674.017859591637,0.9545664781015408,0.218023979791511
T_Q3,27,B,SRI6,1077,-1.8090618769182991,427.7695770672917,-0.002321157636085574,0.7,5877035262.308985,5877.035262308985,0.8789269576973708,0.4987725477639022
T_Q3,27,B,SRI6,1078,-1.5947775611641766,387.29902985060073,-0.00010420926639685907,0.7000010051028843,5774295764.935323,5774.295764935323,0.8822713203116662,0.49670900487423064
T_Q3,27,B,SRI6,1081,0.0,1314.140245298422,0.0,0.7000000170308459,7253213788.93743,7253.213788937431,0.9483758494325258,0.31618458035364855
T_Q3,27,B,SRI6,1082,-1.3306606461598212,549.6890530656958,0.0,0.7,6153508219.266057,6153.508219266057,0.894474686021276,0.48119685487600955
T_Q3,27,B,SRI6,1085,-1.8320986073495706,967.9474219838035,0.0,0.7,6832806244.488213,6832.8062444882125,0.893122709645284,0.48532394065535267
T_Q3,27,B,SRI6,1086,0.0,286.74680229433505,0.0,0.7,5477273514.555662,5477.273514555663,0.8970363254705235,0.473262888248479
T_Q3,27,B,SRI6,1087,-1.323740321519724,0.0,-0.7870369434326507,0.7348065886597906,876209751.1075233,876.2097511075233,0.8026470274308891,0.5098018287259402
T_Q3,27,B,SRI6,1090,-1.4197600679556786,0.0,-0.9726587932588273,0.701685669756298,876988681.2243677,876.9886812243677,0.8026826057565732,0.5098018287259402
T_Q3,27,B,SRI6,1094,-0.5908975997230281,95.05948831269023,0.0,0.7,4538044716.731537,4538.044716731537,0.8694275447397447,0.5016899704699898
T_Q3,27,B,SRI6,1096,-8.074617926729737e-06,50.99271330733046,0.0,0.7000125964787363,4107996812.321389,4107.996812321389,0.866688013662077,0.5033977301028213
T_Q3,27,B,SRI6,1097,-0.0015826542200874094,1104.7766867877112,0.0,0.7000109120677706,7016941267.805265,7016.941267805266,0.9433237271853988,0.355569786885829
T_Q3,27,B,SRI6,1099,-0.13376706774219316,0.0,-0.12034497741206462,0.9435253743713349,251559002.6181387,251.5590026181387,0.7267584587469312,0.5098018287259402
T_Q3,27,B,SRI6,1101,-1.6668039260899343,0.0,-1.0793599231814017,0.7350694740205986,716727531.6525826,716.7275316525827,0.7852848044971004,0.5098018287259402
T_Q3,27,B,SRI6,1103,0.0,191.14143968867916,-1.835286076203764e-08,0.7000015962280378,5103303607.9221,5103.3036079221,0.8856512612516456,0.4853595189810368
T_Q3,27,B,SRI6,1104,-2.2680673159310385,0.0,-0.1687340494096033,0.7016829077347586,1307795706.7369192,1307.795706736919,0.8494325257053402,0.5098018287259402
T_Q3,27,B,SRI6,1106,-0.48853782516819844,331.2022791957015,-5.0279801514994204e-06,0.7000748649511904,5617538638.259699,5617.538638259699,0.8954353008147438,0.47820827551855416
T_Q3,27,B,SRI6,1107,0.0,400.2925009748884,0.0,0.7000700303388367,5812964065.723455,5812.964065723456,0.9076030881986695,0.457537268296154
T_Q3,27,B,SRI6,1108,-1.7993540715269551,140.37930059968357,-1.9472128390042507e-07,0.700122829273091,4839951361.228825,4839.951361228825,0.8654427722631374,0.5061372611804887
T_Q3,27,B,SRI6,1110,-2.6422456704821844,0.0,-0.6051251545299241,0.7015322886126278,1089643720.4626257,1089.6437204626257,0.8264133489877966,0.5098018287259402
T_Q3,27,B,SRI6,1112,-1.1088663874887434,448.57925023416846,-0.0008144961698997749,0.7,5929715050.498853,5929.715050498853,0.8935140712278081,0.4821930479951612
T_Q3,27,B,SRI6,1114,-0.00044797736590344774,1658.4219054839205,0.0,0.7000012135896537,7585376873.435048,7585.376873435048,0.9535347066567047,0.23929981855053908
T_Q3,27,B,SRI6,1117,-2.3027618002515293,0.0,-0.1092459904284322,0.901196515209062,441815303.3266647,441.81530332666466,0.750097840395631,0.5098018287259402
T_Q3,27,B,SRI6,1120,0.0,977.8308430744814,0.0,0.700037540336733,6856473755.650837,6856.473755650837,0.9390187497776354,0.37574269754865325
T_Q3,27,B,SRI6,1121,-0.7736554398408249,335.8094220629589,-0.0026592371148302296,0.7,5629746467.550954,5629.746467550954,0.8920553598747645,0.48329597609136515
T_Q3,27,B,SRI6,1123,-0.002594532415903029,993.8419864212447,-5.2415758557847495e-05,0.7000001535039595,6877636445.104966,6877.636445104966,0.9397303162913155,0.37318105809940577
T_Q3,27,B,SRI6,1125,-1.6668039260899343,0.0,-1.108761553038201,0.7350694740205986,697409615.6525201,697.4096156525201,0.7834703098872168,0.5098018287259402
T_Q3,27,B,SRI6,1127,0.0,1045.8206913883942,-0.005376680158405145,0.7,6941302464.018566,6941.302464018566,0.941544810901199,0.36499804319208745
T_Q3,27,B,SRI6,1128,-0.5777185715846898,191.82093727112488,0.0,0.7,5105617229.817115,5105.617229817115,0.8804568257017826,0.49222613583804753
T_Q3,27,B,SRI6,1131,-0.5714721029995632,154.6591446019133,-0.00011853104439166814,0.700028195115856,4921163855.802543,4921.1638558025425,0.8761518482940193,0.4958195467321308
T_Q3,27,B,SRI6,1134,-0.6063141495351018,483.43391831254525,-0.00106151362132903,0.7007423178893903,6009011768.318751,6009.011768318751,0.9038673640018501,0.46497313836410853
T_Q3,27,B,SRI6,1135,-1.6226931904785449,0.0,-1.00675613822042,0.7037570414264417,848969529.7476802,848.9695297476802,0.7995161347706977,0.5098018287259402
T_Q3,27,B,SRI6,1140,-3.72555013997932,0.0,-0.4222878501995527,0.7000059186931228,1197481330.7961423,1197.4813307961424,0.8385455580460383,0.5098018287259402
T_Q3,27,B,SRI6,1142,-1.2987078629193329e-05,1253.230498786892,0.0,0.7,7187623222.230543,7187.623222230543,0.947130608033586,0.32742733126979046
T_Q3,27,B,SRI6,1143,-1.1701339058824312,490.537539072977,-0.0007708425256496955,0.7,6026533705.187774,6026.533705187774,0.894296794392856,0.4808054932934856
T_Q3,27,B,SRI6,1144,-1.46152664953739,689.9755677321094,-3.893712218783012e-05,0.7000029131355465,6415649731.794985,6415.649731794985,0.8972853737503114,0.4798804568257018
T_Q3,27,B,SRI6,1145,-1.4337836884039186,490.0028582764606,0.0,0.7,6025451320.021562,6025.4513200215615,0.8899918169850928,0.48767211015049633
T_Q3,27,B,SRI6,1148,-1.7271296982356277,864.2808297341433,-3.785691073911234e-05,0.7,6689225616.761511,6689.2256167615105,0.8930159746682322,0.484221012559149
T_Q3,27,B,SRI6,1150,-2.0331070085007097,0.0,-0.9580509575382519,0.9938879691827429,18289720.096057918,18.289720096057916,0.6986871597822608,0.5098018287259402
T_Q3,27,B,SRI6,1152,-7.928012593082755e-06,1198.2502626618918,0.0,0.7000048294838497,7126442107.45694,7126.44210745694,0.9459565232860142,0.3384566122318284
T_Q3,27,B,SRI6,1153,-3.3313183045755537,0.0,-0.46640091848412757,0.700704637922892,1170861137.010119,1170.861137010119,0.8357348703170027,0.5098018287259402
T_Q3,27,B,SRI6,1155,-0.35701898783634145,97.68959415760632,-0.004705450822979903,0.7,4556417956.702049,4556.417956702049,0.8708862560927882,0.4999110541857901
T_Q3,27,B,SRI6,1159,0.0,514.2904448178958,-0.0057448465834576724,0.7000267249056706,6080792929.108533,6080.792929108533,0.915216849895044,0.4423097449034048
T_Q3,27,B,SRI6,1160,0.0,271.57584809905325,0.0,0.7000015494001911,5425014186.347767,5425.014186347767,0.8955420357917956,0.47507738285836254
T_Q3,27,B,SRI6,1162,-0.00013460410766022706,417.32107636544777,0.0,0.7,5857194127.848527,5857.194127848527,0.9088839079232931,0.4549044721955384
T_Q3,27,B,SRI6,1163,0.0,118.13654094388039,0.0,0.7,4704201288.912795,4704.2012889127955,0.8755825950830755,0.49517913686981896
T_Q3,27,B,SRI6,1166,0.0,386.61873303042233,0.0,0.7002380469831068,5775948528.735569,5775.948528735569,0.9063222684740455,0.45938734123172176
T_Q3,27,B,SRI6,1168,0.0,1227.7712604405913,0.0,0.7,7159537408.84708,7159.53740884708,0.9466680897996942,0.3327996584480734
T_Q3,27,B,SRI6,1169,-0.0017479588323808387,110.63704156291,-0.005413439612229757,0.7,4650168860.679979,4650.168860679979,0.8745864019639236,0.49592628170918274
T_Q3,27,B,SRI6,1171,-1.1364678064715848e-05,592.269305359744,-7.521423441553486e-07,0.7009135356563092,6239453508.259432,6239.453508259432,0.9204468637705913,0.4322055004091508
T_Q3,27,B,SRI6,1172,0.0,373.75488383061565,-0.005446128223461244,0.7,5738916980.631376,5738.916980631377,0.9053616536805781,0.4610595225388693
T_Q3,27,B,SRI6,1174,-1.989221893818359,661.2890019689894,0.0,0.7000143188192072,6363677802.006914,6363.677802006914,0.8813818621695665,0.49841676450706224
T_Q3,27,B,SRI6,1178,-1.8243955235484437,681.3555800235059,0.0,0.7,6399685470.440395,6399.685470440395,0.8864695627423773,0.49265307574625533
T_Q3,27,B,SRI6,1179,0.0,39.69430768215727,0.0,0.7,3952108524.1677527,3952.108524167753,0.8645888924467214,0.505105489735653
T_Q3,27,B,SRI6,1180,0.0,173.3083573168832,-0.0008162850754203019,0.7000007262876163,5017490395.049406,5017.490395049406,0.883231935105134,0.48774326680186425
T_Q3,27,B,SRI6,1182,-0.012487680064271839,72.31295677598584,0.0,0.7,4341549144.415787,4341.549144415787,0.8695342797167965,0.5008005123278899
T_Q3,27,B,SRI6,1186,-0.0039098732503618505,784.6402135620297,-0.0015034664755671162,0.7000072544059951,6577736267.446068,6577.736267446067,0.930835734870317,0.4049525029352118
T_Q3,27,B,SRI6,1188,-0.3934958037476477,0.4623163371816003,-0.0002667258503757379,0.7000016233021688,2287973774.6132603,2287.97377461326,0.8582203721492868,0.5097662504002561
T_Q3,27,B,SRI6,1191,-0.5777185715846898,186.30623896563924,0.0,0.7008266810186884,5076202167.726881,5076.202167726881,0.8793894759312626,0.49279538904899134
T_Q3,27,B,SRI6,1193,-0.001137876967785001,137.93323659128544,-0.005241803654985419,0.7,4824894111.985468,4824.894111985468,0.878393282812111,0.49286654570035937
T_Q3,27,B,SRI6,1195,-0.06635159108764509,0.0,-0.6190200614024138,0.7078655639074968,1059949662.5879692,1059.9496625879692,0.8236026612587612,0.5098018287259402
T_Q3,27,B,SRI6,1196,-0.005745779639727645,857.6607197554965,-0.0071117133178626515,0.7006722401701612,6682313791.491457,6682.313791491457,0.9339666275305086,0.3943501618813819
T_Q3,27,B,SRI6,1197,0.0,1367.7113179998448,-0.022142353721392227,0.700220080367206,7296341022.400175,7296.3410224001755,0.9489806809691538,0.30504856441455863
T_Q3,27,B,SRI6,1198,-0.005532883108950504,106.2082035051535,0.0,0.7,4621937982.936834,4621.9379829368345,0.8742661970327676,0.4967801615255987
T_Q3,27,B,SRI6,1199,-1.4463953022753915,0.0,-0.45860864465110684,0.7643091163019076,925033510.4328253,925.0335104328253,0.808873234425588,0.5098018287259402
T_Q3,27,B,SRI6,1200,0.0,534.4129481673119,0.0,0.7,6126877568.705275,6126.877568705275,0.9164976696196676,0.4397125271284733
T_Q3,27,B,SRI6,1204,0.0,610.0233152764904,0.0,0.7,6277840996.822188,6277.840996822189,0.9215142135411107,0.43046216245063507
T_Q3,27,B,SRI6,1205,-1.4463953022753915,0.0,-0.45860864465110684,0.7032502183474505,1164641078.6401954,1164.6410786401955,0.8350944604546909,0.5098018287259402
T_Q3,27,B,SRI6,1208,0.0,0.0,0.0,0.7144453661114486,1327023471.9431367,1327.0234719431367,0.851958586828904,0.5098018287259402
T_Q3,27,B,SRI6,1216,0.0,253.101450613025,0.0,0.7,5358329227.5791,5358.3292275791,0.8935496495534919,0.47738997402782213
T_Q3,27,B,SRI6,1219,-3.117015939160154,0.0,-0.444218182662102,0.7846689089393974,851317208.4208261,851.3172084208261,0.8006902195182696,0.5098018287259402
T_Q3,27,B,SRI6,1221,-0.5643309164041551,0.0,-0.35831248638098157,0.9579506178450521,172195444.59869367,172.19544459869365,0.7166542142526773,0.5098018287259402
T_Q3,27,B,SRI6,1223,0.0,60.9166591030075,0.0,0.7,4224498842.724341,4224.498842724341,0.8683601949692249,0.5019390187497774
T_Q3,27,B,SRI6,1225,0.0,311.4809779521572,0.0,0.7,5558221532.090757,5558.221532090757,0.8997402782225069,0.46970505568007964
T_Q3,27,B,SRI6,1226,-0.0001510758225502797,1137.1574854970556,0.0,0.7,7055620252.750982,7055.620252750982,0.9442131853274986,0.3499839897534422
T_Q3,27,B,SRI6,1228,-0.0002810287848948969,71.35635432416007,-1.528181801257306e-05,0.7000016727282914,4332298595.403021,4332.298595403021,0.8694275447397446,0.5008716689792578
T_Q3,27,B,SRI6,1233,-0.7405990231920838,344.89823748328786,0.0,0.700284360677156,5656623843.536518,5656.6238435365185,0.8933717579250723,0.4816237947842174
T_Q3,27,B,SRI6,1236,0.0,430.9824962262896,0.0,0.7,5891488282.657093,5891.488282657093,0.9100224143451812,0.4528409293058669
T_Q3,27,B,SRI6,1237,0.0,947.2206311455204,0.0,0.7,6815565328.072389,6815.565328072389,0.9379158216814318,0.38040345821325655
T_Q3,27,B,SRI6,1239,-1.4463953022753915,0.0,-0.6496917757025716,0.7032502183474505,1059600484.1940452,1059.6004841940453,0.8233180346532892,0.5098018287259402
T_Q3,27,B,SRI6,1243,-2.0297678268059345,1123.1389915434063,0.0,0.7,7025990629.711709,7025.990629711709,0.8897071903796209,0.4905895328565837
T_Q3,27,B,SRI6,1244,-1.8670563547111017,481.41479419426673,0.0,0.7,6004970447.235496,6004.970447235495,0.8792827409542108,0.49919948767211014
T_Q3,27,B,SRI6,1245,-0.32961717958504605,0.0,-1.3618362266401305,0.7994353872611404,421560389.98741424,421.5603899874142,0.748461237414167,0.5098018287259402
T_Q3,27,B,SRI6,1246,-0.0009605160802377463,385.32663233054177,0.0,0.7001689785774805,5772794716.858398,5772.794716858399,0.9062155334969935,0.45956523286014167
T_Q3,27,B,SRI6,1247,-0.7961228920996615,279.16284007480897,0.0,0.7,5449637510.504991,5449.63751050499,0.8876436474899492,0.4882057850357563
T_Q3,27,B,SRI6,1248,0.0,0.0,-0.016082706941603894,0.9828068918508494,79532592.76518604,79.53259276518604,0.706692283061159,0.5098018287259402
T_Q3,27,B,SRI6,1250,-0.7961228920996615,272.0214971561165,0.0,0.7,5424846723.269538,5424.8467232695375,0.8870743942790055,0.48873945992101603
T_Q3,27,B,SRI6,1252,0.0,1392.5315853031875,0.0,0.7,7334259128.188525,7334.259128188525,0.9497989824598856,0.2993916106308038
T_Q3,27,B,SRI6,1253,-0.004702389645103352,852.3086876894643,-0.00040372345452326444,0.7,6681312195.80531,6681.312195805311,0.9338954708791407,0.39499057174369373
T_Q3,27,B,SRI6,1254,-0.30535722913621915,0.0,0.0,0.7204770067294098,1298996198.0623736,1298.9961980623737,0.8492902124026045,0.5098018287259402
T_Q3,27,B,SRI6,1256,0.0,167.24238053384443,0.0,0.7,4987866598.282755,4987.866598282755,0.8823424769630341,0.48863272494396415
T_Q3,27,B,SRI6,1258,0.0,1196.7959778605848,0.0,0.7,7124814346.015235,7124.814346015235,0.9458853666346463,0.33877681716298436
T_Q3,27,B,SRI6,1259,0.0,199.14995073641353,0.0,0.7,5139554627.016314,5139.554627016313,0.8866474543707973,0.48429216921051704
T_Q3,27,B,SRI6,1262,0.0,0.0,0.0,0.7030597138066438,1379929275.7981596,1379.9292757981596,0.8566193474935069,0.5098018287259402
T_Q3,27,B,SRI6,1263,-0.30535722913621915,0.0,0.0,0.8928319040812767,498113284.31814384,498.1132843181438,0.7556836375280181,0.5098018287259402
T_Q3,27,B,SRI6,1268,0.0,327.2274482831115,-0.001577677211844878,0.7,5606310779.908979,5606.310779908979,0.9012345679012346,0.46771266944177614
T_Q3,27,B,SRI6,1270,0.0,0.0,0.0,0.9596142494649361,187795212.83133128,187.79521283133127,0.7186110221652968,0.5098018287259402
T_Q3,27,B,SRI6,1282,-1.2664840325462819e-05,1862.8293834625297,0.0,0.7,7758060961.093237,7758.060961093237,0.9554203579179563,0.19756644252321479
T_Q3,27,B,SRI6,1283,-0.7019948940990729,315.93009272327305,0.0,0.7,5570467118.392167,5570.467118392167,0.8917707332692927,0.483545024371153
T_Q3,27,B,SRI6,1284,-1.6509788528239828,0.0,-0.9617480514061514,0.7,889506142.1871017,889.5061421871018,0.8041057387839329,0.5098018287259402
T_Q3,27,B,SRI6,1286,-2.762734762339386,1290.1754428793865,0.0,0.7,7212287362.004248,7212.287362004247,0.8722738107944641,0.5046429715017612
T_Q3,27,B,SRI6,1288,-0.20618299899969708,0.0,-0.9820537045149476,0.8027038940115969,575515157.928854,575.515157928854,0.7670687017468959,0.5098018287259402
T_Q3,27,B,SRI6,1289,0.0,0.0,0.0,0.7065597386028561,1363665681.8995478,1363.6656818995477,0.8552673711175154,0.5098018287259402
T_Q3,27,B,SRI6,1290,-3.7092320543801094,0.0,-0.4242921316249969,0.7,1195422451.804272,1195.422451804272,0.8384744013946702,0.5098018287259402
T_Q3,27,B,SRI6,1291,0.0,0.0,0.0,0.7444562291484916,1187571748.7697713,1187.5717487697714,0.8379763048350944,0.5098018287259402
T_Q3,27,B,SRI6,1296,0.0,1611.5712468772128,0.0,0.7,7543561013.025676,7543.5610130256755,0.9527875618173408,0.24972426797594902
T_Q3,27,B,SRI6,1297,0.0,2005.327600311797,0.0,0.7,7869844037.785853,7869.844037785853,0.9568079126196323,0.1750453623652471
T_Q3,27,B,SRI6,1298,0.0,0.0,-0.0750427739869437,0.9773175686321562,102744583.40923063,102.74458340923063,0.7091471875333545,0.5098018287259402
T_Q3,27,B,SRI6,1300,-0.019791410359414372,0.0,-1.0327876259183482,0.891917413680795,304182598.7022442,304.1825987022442,0.7318105809940584,0.5098018287259402
T_Q3,27,B,SRI6,1301,-1.7090075878736741,414.8108426025333,0.0,0.7,5845775930.096073,5845.775930096073,0.8805635606788346,0.49784751129611843
T_Q3,27,B,SRI6,1302,-0.5392322367077047,422.72578565309686,0.0,0.7016208111785834,5861358734.842296,5861.358734842295,0.9010566762728148,0.46885117586366387
T_Q3,27,B,SRI6,1303,0.0,1758.9941234578457,-0.009447867141861226,0.7,7667123096.696001,7667.123096696001,0.9544241647988047,0.2183797630483509
T_Q3,27,B,SRI6,1304,0.0,446.4228510176513,0.0,0.7,5929087901.948562,5929.087901948562,0.9109118724872809,0.4505994947877752
T_Q3,27,B,SRI6,1305,-2.423595353919471,1419.4622599986135,-0.008584308759191254,0.7,7340425359.393902,7340.425359393902,0.8814530188209341,0.4988081260895863
T_Q3,27,B,SRI6,1306,-1.402448977670271,449.0607434951859,0.0,0.7,5930892590.633391,5930.892590633392,0.888461948980681,0.48859714661828013
T_Q3,27,B,SRI6,1308,-0.6470396641285716,407.2611137775846,0.0,0.7007525272767364,5825822059.001147,5825.822059001147,0.8987085067776712,0.47347635820258305
T_Q3,27,B,SRI6,1309,-1.3702184988784039,388.38587493889725,0.0,0.7000105178953825,5777895654.433399,5777.8956544334,0.8860782011598535,0.49090973778773966
T_Q3,27,B,SRI6,1319,-7.773266468007992e-05,0.0,-0.7025995519921028,0.7123709340335531,998869606.0952146,998.8696060952146,0.8170206710072226,0.5098018287259402
T_Q3,27,B,SRI6,1323,-0.005562270765888471,337.3455382958594,0.0,0.7,5637649759.978306,5637.649759978306,0.9023019176717543,0.4661828014373644
T_Q3,27,B,SRI6,1325,-0.6280510222138957,0.0,-1.14422648913892,0.8230308044854303,454283368.37849325,454.28336837849326,0.7517700217027787,0.5098018287259402
T_Q3,27,B,SRI6,1326,-0.08658843738035482,0.0,0.0,0.9555663124675933,206604794.844348,206.60479484434802,0.7209947699861244,0.5098018287259402
T_Q3,27,B,SRI6,1328,-0.005618980303019532,158.00250688394055,0.0,0.7004843065786037,4937580234.890154,4937.580234890154,0.8809905005870422,0.49002027964563993
T_Q3,27,B,SRI6,1329,-0.30535722913621915,0.0,0.0,0.7283154910039591,1262573048.95787,1262.57304895787,0.846230476393781,0.5098018287259402
T_Q3,27,B,SRI6,1332,0.0,1100.7211497649967,0.0,0.7,7012035003.34281,7012.035003342809,0.9431458355569787,0.35617461842245707
T_Q3,27,B,SRI6,1333,-0.014089337440356564,500.9966926657472,-1.0642962652767414e-06,0.7,6054888418.239221,6054.88841823922,0.91482548831252,0.44476464937560034
T_Q3,27,B,SRI6,1335,-0.7645576681288324,0.0,-0.49587954184014216,0.7198898680990032,1079799393.7698314,1079.7993937698313,0.8260931440566407,0.5098018287259402
T_Q3,27,B,SRI6,1336,0.0,575.0559130371709,0.0,0.7,6209995282.240143,6209.995282240143,0.9192372006973353,0.43441135660155833
T_Q3,27,B,SRI6,1341,-0.7170586046359513,364.65190392754346,0.0,0.7,5714562407.2056465,5714.562407205646,0.8955420357917957,0.4791333119863378
T_Q3,27,B,SRI6,1343,-1.821788542767631,358.8871471536422,0.0,0.7,5696030335.354201,5696.030335354201,0.8760806916426515,0.5008360906535739
T_Q3,27,B,SRI6,1345,-1.7065941223038323,625.0522258070143,0.0,0.7,6298730627.549827,6298.730627549827,0.8874657558615292,0.4914789909986837
T_Q3,27,B,SRI6,1349,-1.7735873522661354,947.2206311455204,0.0,0.7,6805145307.216718,6805.145307216718,0.894474686021276,0.4832248194399971
T_Q3,27,B,SRI6,1350,-1.4559762623115877,352.8082593729797,0.0,0.7001062814132064,5678680737.415531,5678.680737415531,0.8829473084996621,0.49464546198455894
T_Q3,27,B,SRI6,1352,-0.0013413219802004808,718.8163354220636,-0.006020664841031191,0.7007720067940693,6465007285.001484,6465.007285001484,0.9278827338385455,0.41462980752125805
T_Q3,27,B,SRI6,1355,-0.29369636044370107,0.0,-1.06630278626243,0.7294560511196356,741673675.6300994,741.6736756300994,0.7885224321343437,0.5098018287259402
T_Q3,27,B,SRI6,1357,-1.4463953022753915,0.0,-1.0115328296944723,0.7046691238292057,843655501.8431962,843.6555018431961,0.7989113032340698,0.5098018287259402
T_Q3,27,B,SRI6,1358,-0.008387681329611901,14.84302545313818,-8.7968426045415e-05,0.700133100016223,3421111737.108802,3421.1117371088017,0.8605685416444304,0.5080940690931085
T_Q3,27,B,SRI6,1362,0.0,1365.22413917397,-0.011009691646525765,0.7,7300538954.779627,7300.538954779627,0.9491941509232575,0.3054399259970826
T_Q3,27,B,SRI6,1363,0.0,0.802963753179597,0.0,0.7000229632220043,2412378830.6907506,2412.3788306907504,0.8582915288006547,0.5096950937488882
T_Q3,27,B,SRI6,1364,0.0,982.0861434625203,0.0,0.7004067389505781,6860329888.872748,6860.329888872749,0.9393033763831075,0.3751022876863416
T_Q3,27,B,SRI6,1365,-0.7128975020518755,95.0307768292331,-0.0036223310399692956,0.7,4536059531.389546,4536.0595313895465,0.8689294481801687,0.5025438502864057
T_Q3,27,B,SRI6,1366,-3.0258567173062323,0.0,-0.953073040642471,0.8654194161179615,401589196.8705105,401.58919687051053,0.7436225851211442,0.5098018287259402
T_Q3,27,B,SRI6,1368,-0.0007364696994183817,285.184464495181,0.0,0.7,5471990292.869066,5471.990292869066,0.8969295904934713,0.47336962322553106
T_Q3,27,B,SRI6,1369,-0.00933804110069013,930.281343761397,-0.0009763797544662806,0.7008982692599324,6787223656.129686,6787.223656129687,0.937061941865016,0.38421033906144375
T_Q3,27,B,SRI6,1370,0.0,793.8056171101242,-0.009642413360103212,0.7,6587710595.77896,6587.71059577896,0.9311915181271567,0.40349379158216814
T_Q3,27,B,SRI6,1373,-0.00019467451052137662,686.5422944429113,-4.6398287013040896e-05,0.7000257216168012,6416684715.465267,6416.684715465267,0.9261393958800299,0.41961077311701717
T_Q3,27,B,SRI6,1374,-2.084868336115366,0.0,-0.5220453925449327,0.7067335315181795,1114840911.4642155,1114.8409114642154,0.8296865549507241,0.5098018287259402
T_Q3,27,B,SRI6,1378,0.0,133.29939162525343,0.0,0.7000155305191526,4800047689.006367,4800.047689006366,0.8778596079268511,0.4932223289571993
T_Q3,27,B,SRI6,1379,-1.4106511698965358,291.169207461754,0.0,0.7000089132175357,5489147346.669653,5489.1473466696525,0.8794606325826309,0.49638879994307467
T_Q3,27,B,SRI6,1380,-1.5984689321066214,0.0,-0.9713697268778725,0.7030537735513451,874052844.1511393,874.0528441511393,0.8025047141281533,0.5098018287259402
T_Q3,27,B,SRI6,1382,-2.4711245658047933,1999.0438635157386,-7.406665917626763e-05,0.7000005288304622,7846473122.482277,7846.473122482277,0.8844415981783897,0.4969580531540186
T_Q3,27,B,SRI6,1385,-1.3702184988784039,478.9567898275533,0.0,0.700000165374378,6000713546.444352,6000.713546444352,0.8905966485217206,0.48639129042587254
T_Q3,27,B,SRI6,1389,-1.8696754712703223,166.05350099644937,-7.760062594488679e-05,0.7000676732062492,4979544775.002586,4979.544775002586,0.8661543387768171,0.5062795744832248
T_Q3,27,B,SRI6,1391,-1.2092352727072238,0.0,0.0,0.7328686338864429,1241415922.6188748,1241.415922618875,0.8438111502472693,0.5098018287259402
T_Q3,27,B,SRI6,1392,-0.0002810287848948969,142.52548084364253,-1.528181801257306e-05,0.7000015514055835,4854441767.231055,4854.441767231056,0.8791760059771591,0.4920838225353114
T_Q3,27,B,SRI6,1394,0.0,1559.9111634984465,-1.190303718408281e-05,0.7,7496254829.964059,7496.254829964058,0.9520404169779771,0.2610737538691429
T_Q3,27,B,SRI6,1395,0.0,1516.8892189709238,0.0,0.7000004908937364,7455962197.960649,7455.962197960648,0.9515067420927172,0.27114242003771305
T_Q3,27,B,SRI6,1398,0.0,369.34840735850116,0.0,0.7000244344140621,5729674585.195962,5729.674585195962,0.9050058704237379,0.4615576190984451
T_Q3,27,B,SRI6,1399,0.0,218.88098163902714,-0.005532015115767117,0.7,5221153047.007085,5221.153047007085,0.8892446721457289,0.4816237947842174
T_Q3,27,B,SRI6,1401,0.0,590.5666431973973,0.0,0.7,6240411929.970683,6240.411929970683,0.920482442096275,0.43249012701462275
T_Q3,27,B,SRI6,1402,0.0,35.326432868432676,0.0,0.7,3882635910.6234007,3882.635910623401,0.8638417476073575,0.5054612729924929
T_Q3,27,B,SRI6,1408,0.0,546.6794457129374,0.0,0.7,6152413064.879569,6152.413064879569,0.9172448144590317,0.43814708079837755
T_Q3,27,B,SRI6,1409,0.0,1801.2985099632026,0.0,0.7000126055552017,7707762967.695151,7707.762967695151,0.9548511047070126,0.2095563382787206
T_Q3,27,B,SRI6,1416,-0.706143001002546,293.44191362964744,0.0,0.7,5497982859.633214,5497.982859633214,0.8897783470309887,0.4856797239121928
T_Q3,27,B,SRI6,1427,-1.7090075878736741,890.6939896247345,0.0,0.7,6727066062.923119,6727.066062923119,0.8942612160671716,0.48265556622905337
T_Q3,27,B,SRI6,1430,-1.4372805663925365,267.2123425240863,0.0,0.7,5406912992.238564,5406.912992238564,0.8777172946241151,0.49806098125022236
T_Q3,27,B,SRI6,1432,-0.005532883108950504,126.05509868739215,0.0,0.7000120527776921,4755330673.127626,4755.330673127626,0.876827836482015,0.4940406304479311
T_Q3,27,B,SRI6,1433,0.0,86.35052016543473,-0.006479174804084573,0.7,4464164530.772786,4464.164530772786,0.8714199309780482,0.4993773793005302
T_Q3,27,B,SRI6,1434,-0.004754895560006855,354.3143442653353,0.0,0.7,5687273062.181628,5687.273062181628,0.9038317856761663,0.4637990536165368
T_Q3,27,B,SRI6,1435,-1.7162335305021532,510.7002750209258,-0.005256563980436835,0.7,6067132492.363603,6067.132492363603,0.8837656099903939,0.49489451026434694
T_Q3,27,B,SRI6,1437,-1.3297625716614296e-07,464.7522332672213,-0.0013471517668334765,0.7,5971722962.462018,5971.722962462018,0.9119792222578007,0.4485715302237877
T_Q3,27,B,SRI6,1440,0.0,24.090096966188085,0.0,0.7,3667456089.0290947,3667.4560890290945,0.8624186145799979,0.5067776710428007
T_Q3,27,B,SRI6,1443,-1.8063397020581968,0.0,0.0,0.7440289360853128,1189557254.947545,1189.557254947545,0.8382609314405663,0.5098018287259402
T_Q3,27,B,SRI6,1445,0.0,328.7814639370445,0.0,0.7,5611882343.139121,5611.882343139121,0.9014124595296544,0.4674280428363041
T_Q3,27,B,SRI6,1446,-1.7070477316423789,316.2988866132654,0.0,0.7,5569560317.258784,5569.560317258784,0.8761518482940193,0.50062262069947
T_Q3,27,B,SRI6,1449,-4.0,0.0,-0.572880542109731,0.7347286690809409,986080759.8570979,986.0807598570979,0.8155263813284948,0.5098018287259402
T_Q3,27,B,SRI6,1451,0.0,299.13151762126734,0.0,0.7,5518465455.468944,5518.465455468943,0.8982815668694631,0.4713060803358594
T_Q3,27,B,SRI6,1452,-2.4759601617384632,2013.4039980445236,0.0,0.7,7857455918.258093,7857.455918258093,0.8845127548297577,0.4968868965026506
T_Q3,27,B,SRI6,1453,0.0,309.44301701594236,0.0,0.7,5551724120.145718,5551.724120145717,0.8993489166399828,0.4699541039598676
T_Q3,27,B,SRI6,1454,0.0,169.51117658640845,0.0,0.7,4999348138.659588,4999.348138659588,0.882769416871242,0.48820578503575623
T_Q3,27,B,SRI6,1456,-1.2800268654897873,0.0,-0.9968453584358623,0.8665861977652148,385082297.01093906,385.08229701093904,0.7415590422314727,0.5098018287259402
T_Q3,27,B,SRI6,1458,-3.732066709485852,0.0,-0.4465638232525819,0.9958191277216699,16629696.154032052,16.62969615403205,0.6982957981997368,0.5098018287259402
T_Q3,27,B,SRI6,1460,-2.6215339719298822,0.0,-0.9195776056657805,0.82146811275199,544657852.9125577,544.6578529125577,0.7608424947521969,0.5098018287259402
T_Q3,27,B,SRI6,1461,0.0,461.7980238891332,0.0,0.7,5965647468.604491,5965.647468604491,0.9119080656064327,0.44892731348062753
T_Q3,27,B,SRI6,1462,0.0,55.68765385427912,0.0,0.7000101769154978,4165072097.563627,4165.072097563627,0.867470736827125,0.5025082719607213
T_Q3,27,B,SRI6,1464,-2.0063426182270403,281.40513617259,0.0,0.7,5455531285.863478,5455.531285863478,0.8700679546020565,0.505105489735653
T_Q3,27,B,SRI6,1466,0.0,270.1377567780547,0.0,0.7,5419952758.976917,5419.952758976918,0.8953641441633756,0.4752196961610985
T_Q3,27,B,SRI6,1467,-3.7101840190669866,0.0,-0.4124967909714321,0.9513487671233571,195035849.34454829,195.0358493445483,0.7193225886789768,0.5098018287259402
T_Q3,27,B,SRI6,1468,0.0,1510.0860846811247,0.0,0.7000352303100044,7449350542.270009,7449.350542270009,0.9513644287899811,0.2728857579962287
T_Q3,27,B,SRI6,1470,-2.2786585464873395,0.0,-1.0949073167633272,0.8623429788544197,367902297.1880127,367.9022971880127,0.7405628491123207,0.5098018287259402
T_Q3,27,B,SRI6,1471,0.0,183.79387041182167,0.0,0.7,5069032973.056539,5069.032973056538,0.8847618031095459,0.4863557121001885
T_Q3,27,B,SRI6,1472,-0.3267763387290259,71.25006050814636,0.0,0.7,4331099579.876468,4331.099579876468,0.8678976767353328,0.5021524887038814
T_Q3,27,B,SRI6,1477,0.0,352.994746004953,0.0,0.7,5683477428.57415,5683.4774285741505,0.9037606290247981,0.4639057885935888
T_Q3,27,B,SRI6,1479,0.0,436.9674833194765,0.0,0.7,5906193247.315088,5906.193247315088,0.9104493542533892,0.45216494111787103
T_Q3,27,B,SRI6,1481,-1.2053923926328758,265.40675614155055,0.0,0.7,5400810539.290082,5400.810539290082,0.8808481872843066,0.4950368235670829
T_Q3,27,B,SRI6,1482,-2.932131669888604,0.0,-1.120994692117796,0.7032690391883414,775123733.872437,775.123733872437,0.793040879496211,0.5098018287259402
T_Q3,27,B,SRI6,1486,0.0,650.0617977115469,0.0,0.7,6352053144.800027,6352.0531448000265,0.9239335396876224,0.4251965702494041
T_Q3,27,B,SRI6,1489,0.0,753.0507617211347,0.0,0.7,6528318031.184776,6528.318031184776,0.9294126018429573,0.409435371971395
T_Q3,27,B,SRI6,1490,0.0,667.6098286958394,0.0,0.7,6383647083.80637,6383.64708380637,0.925000889458142,0.42281282242857654
T_Q3,27,B,SRI6,1491,-2.2451722275315467,0.0,-0.45792534826249837,0.7,1178135091.591273,1178.135091591273,0.8366243284591026,0.5098018287259402
T_Q3,27,B,SRI6,1493,-0.5163285719501325,15.840050337586263,0.0,0.7,3453133915.380713,3453.133915380713,0.8602127583875904,0.5083075390472124
T_Q3,27,B,SRI6,1496,-2.458083880706244,0.0,-0.6612093636442928,0.7000203907708544,1064788882.5283538,1064.7888825283537,0.8242074927953889,0.5098018287259402
T_Q3,27,B,SRI6,1499,-1.4143850332503107,815.8085611563675,0.0,0.7,6618918877.169109,6618.91887716911,0.9014836161810225,0.4710926103817555
T_Q3,27,B,SRI6,1500,-1.8517879619859408,472.381085978892,-0.00033010041017255266,0.7,5984310870.547563,5984.310870547562,0.8795317892339988,0.4988792827409542
T_Q3,27,B,SRI6,1501,-0.4891637421906999,316.2988866132654,0.0,0.7000855550628453,5571677586.866332,5571.677586866332,0.8940121677873841,0.4794535169174938
T_Q3,27,B,SRI6,1502,-2.352047675802969,0.0,-0.2516626471810997,0.9801226771904221,84640399.54829797,84.64039954829798,0.707012487992315,0.5098018287259402
T_Q3,27,B,SRI6,1504,-3.2811533455215964,0.0,-0.5350012136030575,0.7351674863838209,1002011423.1040683,1002.0114231040683,0.8177678158465864,0.5098018287259402
T_Q3,27,B,SRI6,1505,0.0,157.96406074472307,-0.0007584293732737224,0.7,4938858314.540908,4938.8583145409075,0.8810972355640941,0.48998470131995586
T_Q3,27,B,SRI6,1506,0.0,382.2884146385605,0.0,0.7,5765368466.837542,5765.368466837542,0.9060020635428897,0.46009890774540146
T_Q3,27,B,SRI6,1507,0.0,681.1086766529622,0.0,0.7,6407392197.671111,6407.392197671111,0.926032660902978,0.42050023125911695
T_Q3,27,B,SRI6,1508,-1.5094347274066353,794.3267945863945,0.0,0.7,6585657711.885197,6585.6577118851965,0.8996691215711392,0.478386167146974
T_Q3,27,B,SRI6,1509,-2.8596867324554363,0.0,-0.869514353069655,0.7,943013022.733724,943.013022733724,0.8099050058704237,0.5098018287259402
T_Q3,27,B,SRI6,1514,0.0,283.5514022262828,0.0,0.7000042631826217,5466424671.39276,5466.4246713927605,0.8967516988650515,0.4737254064823709
T_Q3,27,B,SRI6,1516,0.0,338.9328176944826,0.0,0.7000255405507108,5642256763.890045,5642.2567638900455,0.9023374959974382,0.4658270181805244
T_Q3,27,B,SRI6,1519,-4.0,0.0,-0.6493399249965389,0.7358345184510376,943317483.9189087,943.3174839189087,0.8106877290354717,0.5098018287259402
T_Q3,27,B,SRI6,1523,-3.7332306135948786e-05,912.0053609984459,0.0,0.7000000989144622,6767008435.22808,6767.00843522808,0.9364215320027042,0.3859536770199596
T_Q3,27,B,SRI6,1525,-1.6497755786495563,363.7466703298238,0.0,0.7,5709805908.835795,5709.805908835795,0.8789625360230547,0.49823887287864227
T_Q3,27,B,SRI6,1527,-0.0009316326823065046,588.58388827307,-3.4342706731901006e-06,0.7000011995427914,6236543194.41848,6236.54319441848,0.920411285444907,0.43259686199167474
T_Q3,27,B,SRI6,1528,-0.005167809535762557,707.8823926644126,-2.278419859154399e-06,0.7000020860519679,6453493322.747797,6453.493322747797,0.9276336855587576,0.4163019888284058
T_Q3,27,B,SRI6,1531,0.0,803.3550452481826,0.0,0.7,6607735175.948089,6607.735175948089,0.9316540363610488,0.4023552851602804
T_Q3,27,B,SRI6,1532,-2.089361968630378,0.0,-0.7743573364821938,0.7011133870492241,994640268.4739183,994.6402684739184,0.8158465862596506,0.5098018287259402
T_Q3,27,B,SRI6,1534,-1.8044296315539765,0.0,-0.003482549666784297,0.7364086430807648,1223564610.6753454,1223.5646106753454,0.8416052940548617,0.5098018287259402
T_Q3,27,B,SRI6,1535,0.0,729.420669136523,0.0,0.7,6489619504.873171,6489.619504873171,0.9284875653751733,0.4132422528195825
T_Q3,27,B,SRI6,1536,-0.4836465611066204,296.6500703156074,0.0,0.7000075759333653,5509079301.939445,5509.079301939444,0.8922332515031844,0.48165937310990153
T_Q3,27,B,SRI6,1537,-9.862026184279376e-05,1199.8131325186375,0.0,0.7,7128210679.243015,7128.210679243015,0.9459921016116982,0.33824314227772445
T_Q3,27,B,SRI6,1539,0.0,1071.2175559441666,0.0,0.7,6975949249.646544,6975.949249646545,0.942007329135091,0.3610132707154801
T_Q3,27,B,SRI6,1541,-9.840997306415207e-05,480.1537841831344,0.0,0.7,6008135685.842467,6008.135685842467,0.913366776959476,0.44714839719642796
T_Q3,27,B,SRI6,1542,0.0,2075.422690640276,-0.0027184834098165633,0.7,7921575263.018781,7921.575263018781,0.9571992742021561,0.1643007080086811
T_Q3,27,B,SRI6,1543,0.0,414.5820276849828,0.0,0.7,5850234597.635188,5850.234597635188,0.9087771729462412,0.4554737254064823
T_Q3,27,B,SRI6,1544,0.0,36.5447892434341,0.0,0.7,3902639495.91094,3902.6394959109402,0.8639840609100935,0.5054612729924929
T_Q3,27,B,SRI6,1546,0.0,142.7711835678781,0.0,0.7,4855859254.676839,4855.859254676839,0.8792115843028431,0.49204824420962745
T_Q3,27,B,SRI6,1547,-1.4950056737729107,0.0,-1.0639251116348383,0.7021829555362656,817272912.0724305,817.2729120724305,0.7967054470416621,0.5098018287259402
T_Q3,27,B,SRI6,1548,-0.577043185733685,283.4730837732835,-0.0021301537704887467,0.7,5463745170.803847,5463.745170803847,0.8899206603337247,0.48386522930230896
T_Q3,27,B,SRI6,1549,-2.10320015820555,784.2711087037917,0.0,0.7,6567673226.142302,6567.673226142301,0.8807058739815706,0.49909275269505826
T_Q3,27,B,SRI6,1552,0.0,79.30633525948065,0.0,0.7,4406576843.837361,4406.576843837362,0.8706372078130004,0.4999466325114741
T_Q3,27,B,SRI6,1555,-1.0410417382641306,0.0,-0.013955104580493982,0.7008522203044295,1383205338.5297556,1383.2053385297556,0.8572241790301349,0.5098018287259402
T_Q3,27,B,SRI6,1558,-1.5086387581321896,189.2034784114419,-0.003538280112361329,0.7,5090787192.944538,5090.787192944538,0.8722382324687801,0.5027217419148254
T_Q3,27,B,SRI6,1561,0.0,1279.817334134276,0.0,0.7000025601441284,7216560320.422137,7216.560320422137,0.9478421745472657,0.3224819439997153
T_Q3,27,B,SRI6,1562,-0.13149299584858354,0.0,-0.20497263504708285,0.7001579624506997,1298185563.7973688,1298.1855637973688,0.8477247660725085,0.5098018287259402
T_Q3,27,B,SRI6,1564,-1.7604473871457338,947.9218064656386,0.0,0.7,6806103458.372689,6806.10345837269,0.8946881559753799,0.4829757711602092
T_Q3,27,B,SRI6,1565,-0.006553448940960898,1224.048184619343,0.0,0.7000013877054306,7155319098.907916,7155.319098907916,0.946490198171274,0.33415163482406524
T_Q3,27,B,SRI6,1567,-1.4462928075839852,566.5865510074112,0.0,0.7,6187167554.038963,6187.167554038963,0.8920553598747645,0.48464795246735687
T_Q3,27,B,SRI6,1577,-3.8332162922803583,0.0,-1.0639251116348383,0.7399366012748603,713685968.6297075,713.6859686297074,0.7849290212402605,0.5098018287259402
T_Q3,27,B,SRI6,1578,-0.00020361895981535483,241.2128371513426,0.0,0.7000029553042837,5313396513.113862,5313.396513113862,0.8925534564343404,0.4785640587753941
T_Q3,27,B,SRI6,1581,0.0,231.04996461100976,0.0,0.7,5273646744.527538,5273.646744527538,0.8910235884299288,0.4801295051054898
T_Q3,27,B,SRI6,1582,-0.0018536174459501558,622.3238453188869,0.0,0.7000013489937956,6301024297.810541,6301.024297810541,0.9221190450777387,0.4288255594691713
T_Q3,27,B,SRI6,1583,0.0,930.438142417758,0.0,0.7003438945559675,6790949140.188085,6790.949140188085,0.9372398334934358,0.38303625431387195
T_Q3,27,B,SRI6,1584,-0.005022427023373077,972.7983514142296,-7.397392950188184e-05,0.7,6849873055.743486,6849.8730557434865,0.9388052798235316,0.376952360621909
T_Q3,27,B,SRI6,1588,-2.113409526868627,0.0,-0.16773395724794327,0.991478612113817,37500221.82092883,37.50022182092883,0.7013555342085602,0.5098018287259402
T_Q3,27,B,SRI6,1590,-0.6445949011452711,228.84102876945374,0.0,0.7,5263767096.105213,5263.767096105214,0.8842281282242859,0.49034048457679585
T_Q3,27,B,SRI6,1591,0.0,256.9666422395193,0.0,0.7,5372567736.794541,5372.567736794541,0.8940833244387518,0.47674956416551034
T_Q3,27,B,SRI6,1594,0.0,1108.6850270204627,0.0,0.7,7021682933.326023,7021.682933326023,0.9435371971395027,0.35489379869783316
T_Q3,27,B,SRI6,1595,-1.4080995119558661,489.7326962468935,0.0,0.7000140675923692,6024784131.334159,6024.784131334159,0.8900273953107766,0.4872451702422885
T_Q3,27,B,SRI6,1596,-0.7092169771612864,283.4730837732835,-0.0021301537704887467,0.7,5463417116.76363,5463.41711676363,0.8887109972604691,0.4867470736827127
T_Q3,27,B,SRI6,1597,-0.4891637421906999,360.59600010616157,0.0,0.7000864926492889,5703277165.137343,5703.277165137343,0.897747891984203,0.47486391290425867
T_Q3,27,B,SRI6,1599,-0.49335348240555066,332.15790643402283,0.0,0.7000855550628453,5620370353.997072,5620.370353997072,0.8955776141174799,0.4781371188671861
T_Q3,27,B,SRI6,1600,-0.007799285407958866,1049.5226090747171,0.0,0.7000005924087545,6948965721.23549,6948.96572123549,0.9417227025296192,0.36549613975166334
T_Q3,27,B,SRI6,1602,-1.825737925355924,899.508634176675,0.0,0.7000011879670758,6739369089.930481,6739.369089930481,0.8913082150354003,0.48699612196250036
T_Q3,27,B,SRI6,1607,-0.49778084660084193,103.7438534842481,0.0,0.7,4603721284.808952,4603.721284808952,0.8707439427900523,0.5000889458142098
T_Q3,27,B,SRI6,1609,-0.05974352974376229,0.0,-0.8376888533299338,0.8414263778805503,507482342.9517587,507.4823429517587,0.7557547941793862,0.5098018287259402
T_Q3,27,B,SRI6,1610,-0.00529321537044319,779.726969240127,-5.576866203324503e-10,0.7000020860519679,6570915729.279005,6570.915729279005,0.9306578432418972,0.4059486960543636
T_Q3,27,B,SRI6,1611,-1.757602281978447,869.5063408518223,0.0,0.7000953128997816,6696277382.375951,6696.277382375951,0.8924111431316043,0.4853595189810368
T_Q3,27,B,SRI6,1612,0.0,98.17281524707674,0.0,0.7,4562475263.531621,4562.475263531621,0.8733411605649839,0.49788308962180244
T_Q3,27,B,SRI6,1613,-0.5334365348697551,473.31206788907883,0.0,0.7,5990463318.080025,5990.463318080025,0.9047924004696338,0.46362116198811687
T_Q3,27,B,SRI6,1615,0.0,1262.9510725296454,0.0,0.7000012434695468,7198242800.571775,7198.242800571776,0.9475931262674778,0.3255416800085388
T_Q3,27,B,SRI6,1617,-1.6208916472936907,505.07776608497016,0.0,0.7000937553686191,6057508572.719599,6057.508572719599,0.8859714661828015,0.4932579072828832
T_Q3,27,B,SRI6,1623,-2.794869062094497,1810.1088781138817,0.0,0.7,7696588006.974308,7696.588006974308,0.8740527270786635,0.5028996335432455
T_Q3,27,B,SRI6,1624,0.0,1357.586080964832,0.0,0.7,7298516704.033649,7298.516704033649,0.9490874159462057,0.30707652897854626
T_Q3,27,B,SRI6,1625,0.0,131.1860395348204,0.0,0.7,4787266996.432894,4787.266996432893,0.8776817162984311,0.4934002205856192
T_Q3,27,B,SRI6,1626,-2.117108960958581,906.5883764020441,0.0,0.7,6747834146.337574,6747.834146337574,0.8823068986373501,0.4970647881310705
T_Q3,27,B,SRI6,1627,-8.467112570690547e-06,508.19117310429726,0.0,0.7000418023081381,6070536982.599003,6070.536982599003,0.915145693243676,0.44309246806845276
T_Q3,27,B,SRI6,1628,-1.7781753565562766,143.7530682758624,0.0,0.7000006433510588,4859920708.923488,4859.920708923488,0.8657629771942932,0.5059237912263849
T_Q3,27,B,SRI6,1632,-1.881525013156219,788.1615259446369,0.0,0.7,6574611857.672752,6574.611857672752,0.8865407193937452,0.4930800156544632
T_Q3,27,B,SRI6,1634,-0.47940182426104516,0.0,-0.7619378439479334,0.7412496540850119,867797762.1509733,867.7977621509733,0.8020777742199454,0.5098018287259402
T_Q3,27,B,SRI6,1635,-1.7027765077189145,516.2095059631122,0.0,0.7000011734761298,6081876235.876075,6081.876235876075,0.8842281282242859,0.49460988365887504
T_Q3,27,B,SRI6,1637,0.0,997.5695202523353,-1.7752687593019254e-06,0.7,6882578058.961799,6882.578058961799,0.9398370512683675,0.3726829615398299
T_Q3,27,B,SRI6,1638,-0.005925631475119332,213.55383009365462,-0.002754386546744869,0.7001334659246276,5200150154.40962,5200.15015440962,0.8885686839577329,0.48229978297221343
T_Q3,27,B,SRI6,1639,-0.0002933266223673356,570.7039976506749,0.0,0.7,6201235010.189721,6201.235010189721,0.9187746824634436,0.4349450314868183
T_Q3,27,B,SRI6,1640,-2.622969039208297,0.0,-1.1079811307226497,0.7320736309853092,705685122.3068129,705.6851223068129,0.7848222862632085,0.5098018287259402
T_Q3,27,B,SRI6,1642,-3.892363562568599,0.0,-0.009582518510221738,0.9552214782781846,207435085.12810925,207.43508512810925,0.7211370832888605,0.5098018287259402
T_Q3,27,B,SRI6,1643,0.0,0.0,-0.41529669412428327,0.7,1200206554.5010166,1200.2065545010166,0.8386522930230903,0.5098018287259402
T_Q3,27,B,SRI6,1646,-1.4180614868220272,265.40675614155055,0.0,0.7,5400493616.72165,5400.49361672165,0.8778596079268511,0.4977407763190663
T_Q3,27,B,SRI6,1648,-0.6916903750964365,169.29626307613046,0.0,0.7,4997424536.748379,4997.424536748379,0.8771124630874871,0.49603301668623473
T_Q3,27,B,SRI6,1651,0.0,0.0,0.0,0.7109434136071736,1343296023.3385985,1343.2960233385984,0.8530259365994238,0.5098018287259402
T_Q3,27,B,SRI6,1652,-2.295569371819097,0.0,-1.0893432176058262,0.7548950724636444,658396386.1878626,658.3963861878626,0.7774575728466216,0.5098018287259402
T_Q3,27,B,SRI6,1654,-1.1855097805982884,0.0,-0.47011057219617625,0.7145104972948506,1114916010.8548992,1114.9160108548992,0.830220229835984,0.5098018287259402
T_Q3,27,B,SRI6,1656,-6.484592183974083e-05,944.7016399394884,0.0,0.7,6812081702.268373,6812.081702268372,0.9378446650300638,0.3806525064930446
T_Q3,27,B,SRI6,1661,-0.0011088972622511654,1396.4354630654575,0.0,0.7000034957464923,7338163323.923175,7338.163323923175,0.9499057174369376,0.29828868253459995
T_Q3,27,B,SRI6,1664,0.0,607.4196357161251,-0.00031902807744535813,0.7,6272807637.590633,6272.807637590633,0.9214430568897428,0.4307112107304231
T_Q3,27,B,SRI6,1672,-0.0053215900747320966,1804.1672237850817,0.0,0.7000063587937946,7710171503.6528425,7710.171503652842,0.9548511047070126,0.2096630732557726
T_Q3,27,B,SRI12,0,0.0,210.42164188865073,0.0,0.7,5197851256.221376,5197.851256221376,0.8917351549436083,0.48201515636674136
T_Q3,27,B,SRI12,1,-0.012551942280147334,577.9632352619976,-0.0016229781288269606,0.7,6224071851.964083,6224.071851964082,0.9251076244351942,0.43330842850535456
T_Q3,27,B,SRI12,3,0.0,287.28550605950034,0.0,0.7,5488306820.478841,5488.306820478841,0.9016970861351267,0.47237343010637906
T_Q3,27,B,SRI12,4,0.0,360.49225602005623,0.0,0.7,5714107125.749974,5714.107125749974,0.9096666310883412,0.4623047639378091
T_Q3,27,B,SRI12,5,0.0,847.1256629485267,0.0,0.7,6682872878.502958,6682.872878502958,0.9394456896858434,0.3945280535098018
T_Q3,27,B,SRI12,6,-4.0,0.0,0.0,0.7304777710899678,1260277127.6363184,1260.2771276363185,0.8482584409577686,0.5098018287259402
T_Q3,27,B,SRI12,7,0.0,1109.8891080749975,0.0,0.7,7032317283.3198,7032.3172833198005,0.9492653075746257,0.35361297897320965
T_Q3,27,B,SRI12,8,-1.5634357481222008,0.0,-0.5102386242966723,0.9603774646204843,151161235.70175388,151.1612357017539,0.7143060447575337,0.5098018287259402
T_Q3,27,B,SRI12,10,-0.6502466920414585,0.0,-0.801968019642394,0.9594923000921245,131831582.61528765,131.83158261528766,0.7120290319137581,0.5098018287259402
T_Q3,27,B,SRI12,12,-0.36616821688743517,340.8370598780077,0.0,0.7,5656480302.428127,5656.480302428127,0.9036183157220624,0.4730138399686912
T_Q3,27,B,SRI12,16,0.0,200.66091953649612,0.0,0.7,5155428107.672597,5155.4281076725965,0.8903476002419326,0.48343828939410116
T_Q3,27,B,SRI12,20,-0.046764125244702415,652.8214468464485,-0.00018093181570040932,0.7004408935408357,6363874028.113261,6363.874028113261,0.9285943003522256,0.4260860283915038
T_Q3,27,B,SRI12,23,-0.00731877040016198,0.0,-1.3502893022611477,0.7846784661441062,487048475.45337266,487.04847545337265,0.7590280001423133,0.5098018287259402
T_Q3,27,B,SRI12,24,-0.046764125244702415,193.07083794685798,-0.0001811000754062906,0.7004408935408357,5119057485.617464,5119.057485617464,0.8888888888888887,0.4852883623296687
T_Q3,27,B,SRI12,25,-4.0,0.0,-2.0615443051935975,0.8396513796038114,149731674.42388135,149.73167442388134,0.7132031166613296,0.5098018287259402
T_Q3,27,B,SRI12,29,0.0,539.500478903263,0.0,0.7,6146740482.2111225,6146.740482211122,0.9225104066602628,0.4382893941011136
T_Q3,27,B,SRI12,30,-0.02306246650576514,107.96421626284985,0.0,0.7001953465975863,4642688182.112535,4642.688182112535,0.8769701497847512,0.4963887999430747
T_Q3,27,B,SRI12,31,-0.15721066392893235,339.69841967586706,0.0,0.7,5653583915.25259,5653.5839152525905,0.9062511118226778,0.46792613939587996
T_Q3,27,B,SRI12,32,-0.36616821688743517,449.88856048038895,0.0,0.7,5945607471.731964,5945.607471731964,0.9118369089550645,0.45992101611698155
T_Q3,27,B,SRI12,34,0.0,1011.6765745343884,0.0,0.7,6910095033.1104145,6910.095033110414,0.9462055715658024,0.36905397232006265
T_Q3,27,B,SRI12,37,0.0,1995.3523185810277,-0.000501020328999454,0.7,7871244995.309015,7871.244995309015,0.962785071334543,0.1835485822037215
T_Q3,27,B,SRI12,42,-0.052073142504182934,99.0259864419316,0.0,0.7,4578049262.263015,4578.0492622630145,0.8759739566655994,0.4977051979933825
T_Q3,27,B,SRI12,44,-0.044061191108133,0.0,-1.3090090773277896,0.7052237726898822,685639450.532857,685.6394505328569,0.7835414665385847,0.5098018287259402
T_Q3,27,B,SRI12,45,-1.6760463714865832,0.0,-0.9246869468597377,0.8415104237243539,485478133.7774029,485.4781337774029,0.7562884690646458,0.5098018287259402
T_Q3,27,B,SRI12,46,0.0,1471.5864615199937,0.0,0.7,7421736426.104579,7421.736426104579,0.9567723342939481,0.28355925570142665
T_Q3,27,B,SRI12,47,-0.044325531414036695,168.15024748701936,0.0,0.7,5001649716.475706,5001.649716475707,0.8856512612516455,0.48813462838438826
T_Q3,27,B,SRI12,48,0.0,961.4826118870674,-0.002137794649074598,0.7,6843179901.737148,6843.179901737149,0.9442843419788666,0.3765609990393852
T_Q3,27,B,SRI12,54,-0.4802580303986006,0.0,-1.0681290666265713,0.7104305602725834,807195251.2012037,807.1952512012037,0.7970968086241861,0.5098018287259402
T_Q3,27,B,SRI12,55,0.0,731.9581729846872,-0.002126276076850987,0.7,6502112941.349104,6502.1129413491035,0.9343935674387164,0.4117479631408545
T_Q3,27,B,SRI12,56,0.0,750.0064241529653,0.0,0.7,6532477425.605332,6532.477425605332,0.9350695556267121,0.40854591382929517
T_Q3,27,B,SRI12,57,-0.0017104014733070796,41.89649105878354,-0.009627911808567813,0.7,3992264501.4924035,3992.2645014924037,0.8681467250151206,0.5045718148503929
T_Q3,27,B,SRI12,58,-1.639293506580149,0.0,-1.1210278058776044,0.7060195492837591,789562566.7587059,789.5625667587059,0.7953178923399865,0.5098018287259402
T_Q3,27,B,SRI12,61,-1.8465360358321383,0.0,0.0,0.7402109362707734,1214770019.65517,1214.77001965517,0.8433130536876937,0.5098018287259402
T_Q3,27,B,SRI12,62,-0.004918738802433903,1932.5644018566884,0.0,0.7,7822926091.693653,7822.926091693653,0.9621802397979153,0.19244316362471986
T_Q3,27,B,SRI12,65,-0.04532858550649238,429.7553243626885,0.0,0.7,5897532245.674965,5897.5322456749645,0.9148254883125202,0.45369480912228277
T_Q3,27,B,SRI12,66,-0.009512242690404765,620.0475729056903,0.0,0.7,6305902253.715313,6305.902253715313,0.9276336855587576,0.42846977621233145
T_Q3,27,B,SRI12,68,-0.13049528701744287,250.59944870301803,0.0,0.7,5358147347.1499,5358.1473471499,0.8967872771907354,0.47852848044970997
T_Q3,27,B,SRI12,73,-0.0024516661037589545,479.92026503847615,-0.007124964940148193,0.7,6015630405.3739195,6015.6304053739195,0.9190593090689153,0.44629451738001213
T_Q3,27,B,SRI12,79,0.0,0.0,-1.3335014784971635,0.7304097891387819,615985422.5276965,615.9854225276965,0.7758921265165261,0.5098018287259402
T_Q3,27,B,SRI12,81,-0.0033165305328421045,1278.8497176204924,0.0,0.7,7224735006.295361,7224.735006295361,0.9536770199594409,0.32273099227950325
T_Q3,27,B,SRI12,84,0.0,417.0344750463712,-0.0013331810970873548,0.7005447980686049,5862555047.3937025,5862.555047393703,0.9143273917529442,0.4541929056818586
T_Q3,27,B,SRI12,85,0.0,1864.9175300181184,-0.004508109764314483,0.7,7768091430.894702,7768.091430894702,0.9615042516099195,0.2034368662610737
T_Q3,27,B,SRI12,86,-4.0,0.0,0.0,0.9466294608187464,249666693.92109972,249.66669392109972,0.7259757355818834,0.5098018287259402
T_Q3,27,B,SRI12,88,-0.0017104014733070796,380.6613695297067,-0.009627911808567813,0.7,5768445272.532711,5768.445272532711,0.9115167040239086,0.45981428113992967
T_Q3,27,B,SRI12,89,-0.0022351019909420677,1186.710471144577,0.0,0.7004732358342858,7120284698.12367,7120.28469812367,0.9511153805101934,0.34016437186466003
T_Q3,27,B,SRI12,92,-1.9347547399659537,0.0,-1.0681290666265713,0.9845408013287328,43220846.33886456,43.220846338864554,0.7017824741167684,0.5098018287259402
T_Q3,27,B,SRI12,93,-0.7189185453390046,0.0,-1.422618008549935,0.830357684621205,359673012.05868787,359.67301205868785,0.7395310776674848,0.5098018287259402
T_Q3,27,B,SRI12,100,-0.02486469553109954,0.0,-2.21875410878395,0.8380919372377443,118640474.2898516,118.64047428985161,0.7098587540470346,0.5098018287259402
T_Q3,27,B,SRI12,102,-0.007220649295020623,156.33459792756275,0.0,0.7002081898585059,4939180498.617965,4939.180498617965,0.8841213932472337,0.4894866047603801
T_Q3,27,B,SRI12,105,0.0,558.8411036084501,-0.003738789713197913,0.7,6185679998.970402,6185.679998970401,0.9236489130821506,0.4358700679546021
T_Q3,27,B,SRI12,109,-3.114256525812489,0.0,-0.036803560966787566,0.7005494780854313,1387037661.7669413,1387.0376617669413,0.8600348667591704,0.5098018287259402
T_Q3,27,B,SRI12,110,-1.682216390427718,0.0,-1.3090090773277896,0.78242000114374,506118856.8306163,506.1188568306163,0.7616963745686129,0.5098018287259402
T_Q3,27,B,SRI12,111,-0.007723316272399222,0.0,-1.285494746196223,0.7,712295765.5036985,712.2957655036985,0.7865300458960403,0.5098018287259402
T_Q3,27,B,SRI12,115,-0.046764125244702415,602.4367741731978,-0.00018093181570040932,0.700015124770976,6272215929.296172,6272.215929296172,0.925854769274558,0.4328814885971467
T_Q3,27,B,SRI12,116,0.0,0.0,-0.6980857122284829,0.702767583066067,1016613793.7684802,1016.6137937684801,0.824100757818337,0.5098018287259402
T_Q3,27,B,SRI12,117,-0.004896847417201526,1043.98287522137,-0.0021039353655217807,0.7000256822608125,6950255540.46971,6950.2555404697105,0.9472729213363219,0.3642864766784075
T_Q3,27,B,SRI12,120,0.0,907.678714288495,0.0,0.700154872002752,6769399268.321725,6769.399268321725,0.942185220763511,0.3858825203685915
T_Q3,27,B,SRI12,122,-0.38872707762514014,23.129104505654993,-0.0039320258510250755,0.7,3653834178.512022,3653.834178512022,0.8650869890062972,0.5073469242537447
T_Q3,27,B,SRI12,135,-0.39816012072849755,265.74161532387575,0.0,0.7,5412922139.438854,5412.922139438854,0.8957910840715836,0.48162379478421746
T_Q3,27,B,SRI12,136,-0.04403490791605165,684.2006006913441,-0.002270017329665197,0.700420295606501,6419014284.923365,6419.014284923364,0.9306578432418969,0.4209983278186929
T_Q3,27,B,SRI12,137,-0.012307563439384946,51.49751476745529,-0.00014778793635240178,0.7,4123300158.457609,4123.3001584576095,0.8697121713452167,0.5030775251716654
T_Q3,27,B,SRI12,140,-0.6293857583378872,0.0,-1.1798566450017498,0.7124969976203769,742415142.0104417,742.4151420104416,0.7889849503682356,0.5098018287259402
T_Q3,27,B,SRI12,141,-0.0016927466215029205,83.7349898641329,-8.365519662985094e-05,0.7001499225430441,4453750492.99569,4453.75049299569,0.8739815704272956,0.4989504393923223
T_Q3,27,B,SRI12,147,0.0,0.0,-0.18628772045266162,0.7016734903295251,1315716437.7632735,1315.7164377632735,0.8541288646956273,0.5098018287259402
T_Q3,27,B,SRI12,148,0.0,0.0,-0.5919958983020932,0.7,1089999200.3980277,1089.9992003980276,0.8322126160742875,0.5098018287259402
T_Q3,27,B,SRI12,150,0.0,1641.5570173579526,0.0,0.7,7579602370.864949,7579.602370864949,0.9590849254634078,0.2475539901092255
T_Q3,27,B,SRI12,152,0.0,73.81822124688999,0.0,0.7,4365058384.952133,4365.058384952134,0.8727007507026722,0.500302415768314
T_Q3,27,B,SRI12,157,-0.0030000806222049772,490.8329057020212,0.0,0.7000709207126955,6041127349.615648,6041.127349615648,0.9198420322339632,0.4448358060269684
T_Q3,27,B,SRI12,160,-0.38170246154691617,178.97274130263673,0.0,0.7,5054832384.3766775,5054.8323843766775,0.8851531646920697,0.4908030028106877
T_Q3,27,B,SRI12,168,0.0,786.9245284409678,0.0,0.7,6591345410.25338,6591.34541025338,0.9368840502365957,0.4032803216280642
T_Q3,27,B,SRI12,185,-3.9428374791368492,0.0,-0.8899407291185601,0.7048013151455543,918093669.5426363,918.0936695426362,0.8107588856868396,0.5098018287259402
T_Q3,27,B,SRI12,191,-0.032379766396212845,442.7686292927528,-0.002061619681414109,0.7,5928598341.041227,5928.598341041227,0.9158928380830398,0.4519514711637671
T_Q3,27,B,SRI12,196,-4.0,0.0,-0.03529055400203723,0.7302292689998506,1249963964.5483687,1249.9639645483687,0.8472266695129327,0.5098018287259402
T_Q3,27,B,SRI12,197,-0.05599241470854588,664.9455732282443,0.0,0.7002997102252413,6386392486.504155,6386.392486504155,0.9293414451915895,0.42484078699256417
T_Q3,27,B,SRI12,198,-0.46501267426461446,0.0,-1.3714706535474854,0.8184561319497556,402798302.45670813,402.79830245670814,0.7460774895933399,0.5098018287259402
T_Q3,27,B,SRI12,203,-0.009442218675692554,280.8169746870009,0.0,0.7005826119812352,5463585667.763775,5463.585667763775,0.9006653146902908,0.47319173159711103
T_Q3,27,B,SRI12,209,-3.8771300523815615,0.0,-0.8741118736907967,0.7048013151455543,923858334.009756,923.8583340097559,0.8120397054114633,0.5098018287259402
T_Q3,27,B,SRI12,210,-0.08776996713658122,719.17894083063,-0.00053483775682806,0.7001403955352126,6480491771.46046,6480.49177146046,0.9323300245490449,0.41683566371366565
T_Q3,27,B,SRI12,211,-0.0005082554008364604,929.7779712921067,0.0,0.7000087955987051,6800811179.959975,6800.811179959976,0.9432169922083466,0.38189774789198416
T_Q3,27,B,SRI12,214,-4.0,0.0,-2.0615443051935975,0.705196159703668,275171683.6635223,275.1716836635223,0.7294624114989148,0.5098018287259402
T_Q3,27,B,SRI12,215,-0.009525534500788413,0.0,-1.116046286894448,0.7393034963528339,703338019.4668847,703.3380194668847,0.7857829010566761,0.5098018287259402
T_Q3,27,B,SRI12,221,0.0,0.0,-1.4011683158155523,0.7190553837829334,606355186.3316898,606.3551863316899,0.7738285836268546,0.5098018287259402
T_Q3,27,B,SRI12,230,-0.2842063723383425,91.06008123260986,-1.07581391920568e-06,0.7,4515610083.5068655,4515.6100835068655,0.8743729320098197,0.4996975842316861
T_Q3,27,B,SRI12,236,-0.012448692218997434,314.88501924834355,0.0,0.7,5578190077.193352,5578.1900771933515,0.9050414487494218,0.468353079304088
T_Q3,27,B,SRI12,241,0.0,1210.0686764826366,-0.0020645951627791094,0.7002703101420569,7146766715.018744,7146.766715018744,0.9519692603266093,0.3357882378055288
T_Q3,27,B,SRI12,253,-0.3844286999630546,233.8019144595521,0.0,0.7,5293230201.3586,5293.2302013585995,0.8922688298288682,0.48464795246735687
T_Q3,27,B,SRI12,256,-0.00967118904446923,119.57272888178562,-4.636788651175535e-06,0.7000059323076107,4722780150.79065,4722.780150790651,0.8787846443946349,0.49436083537908704
T_Q3,27,B,SRI12,259,-0.0009967832568136305,0.0,-1.083944763786954,0.7257389873054406,756464510.2607073,756.4645102607072,0.7919735297256911,0.5098018287259402
T_Q3,27,B,SRI12,260,-2.7470396008613142e-05,1307.182742811274,-0.003750577076000322,0.7,7254170322.637859,7254.1703226378595,0.954139538193333,0.3177856050094283
T_Q3,27,B,SRI12,261,0.0,4.593254649135346,0.0,0.7,2940194824.408548,2940.194824408548,0.8623118796029459,0.5093037321663643
T_Q3,27,B,SRI12,266,-2.25037050174932,0.0,0.0,0.9552823412401528,209210423.38934463,209.21042338934464,0.7211370832888605,0.5098018287259402
T_Q3,27,B,SRI12,267,-1.9060811488894984,0.0,-1.1317871522930885,0.8439708977108753,415876377.35567254,415.87637735567256,0.7466467428042836,0.5098018287259402
T_Q3,27,B,SRI12,268,0.0,576.7929560916319,0.0,0.7,6222579076.118993,6222.579076118993,0.9250720461095102,0.43330842850535456
T_Q3,27,B,SRI12,269,0.0,491.12551125356737,0.0,0.7,6042116632.778437,6042.116632778437,0.9199131888853314,0.4448358060269684
T_Q3,27,B,SRI12,271,-0.9093726576007796,0.0,-0.2930892757601413,0.7252118051889195,1165170578.3171291,1165.1705783171292,0.8382253531148826,0.5098018287259402
T_Q3,27,B,SRI12,275,0.0,512.6230912818382,0.0,0.7,6089558849.947154,6089.558849947154,0.9209805386558509,0.4415626000640409
T_Q3,27,B,SRI12,277,0.0,756.1752659258705,0.0,0.7,6542488168.633313,6542.488168633313,0.9352474472551322,0.40783434731561535
T_Q3,27,B,SRI12,278,-0.4178164986128867,0.0,0.0,0.7416425127074721,1208076729.006351,1208.076729006351,0.8427082221510657,0.5098018287259402
T_Q3,27,B,SRI12,279,0.0,169.51408522247658,0.0,0.7,5008578704.970504,5008.578704970504,0.8861849361369053,0.48738748354502426
T_Q3,27,B,SRI12,280,0.0,298.80432194257503,0.0,0.7016691144359648,5518667926.298706,5518.667926298706,0.9022307610203865,0.4704877788451275
T_Q3,27,B,SRI12,281,0.0,195.87935630601817,0.0,0.7,5134067866.431141,5134.067866431141,0.8896716120539367,0.48407869925641295
T_Q3,27,B,SRI12,282,-0.741907446817939,0.0,-1.0570506409409108,0.9003894093913002,279745266.96770066,279.7452669677007,0.7305297612694347,0.5098018287259402
T_Q3,27,B,SRI12,283,-0.6744464032059643,0.0,-1.168936887096832,0.9921777340798121,20467648.816137508,20.46764881613751,0.6992564129932047,0.5098018287259402
T_Q3,27,B,SRI12,285,-2.720473729662544,0.0,-2.158988833930108,0.93072455088392,55845406.594194636,55.845406594194635,0.7018180524424521,0.5098018287259402
T_Q3,27,B,SRI12,286,-2.0015199940354043,0.0,-1.2235845501983118,0.7,747205170.6422392,747.2051706422392,0.7898388301846515,0.5098018287259402
T_Q3,27,B,SRI12,288,-2.4982176192877775e-09,1351.6491944400932,0.0,0.7,7301634814.142876,7301.634814142875,0.9549934180097486,0.3094246984736898
T_Q3,27,B,SRI12,290,0.0,328.51309551576304,-0.00015771190866850594,0.7,5620124057.904931,5620.124057904931,0.9065001601024657,0.4667876329739922
T_Q3,27,B,SRI12,291,-2.6143227765906643,0.0,-1.1523659213335176,0.816012925266543,485527944.6538586,485.5279446538586,0.7566798306471697,0.5098018287259402
T_Q3,27,B,SRI12,292,-3.0756769346775656,0.0,-1.060448933270977,0.7033139250158953,830512050.7623976,830.5120507623976,0.8000853879816419,0.5098018287259402
T_Q3,27,B,SRI12,294,-0.005824353474198435,144.61702188773447,0.0,0.7,4875520860.305092,4875.520860305091,0.8825915252428221,0.49112320774184365
T_Q3,27,B,SRI12,296,0.0,675.0406882065491,0.0,0.7,6405861474.575744,6405.861474575744,0.9310492048244211,0.42032233963069704
T_Q3,27,B,SRI12,298,-0.010576713579099728,884.7195088603454,-0.003294192240349318,0.7,6736724766.783898,6736.724766783898,0.9412957626214113,0.38908456968015087
T_Q3,27,B,SRI12,301,-0.0164633146674813,162.67574006119725,0.0,0.7000110307833097,4973553374.336199,4973.553374336198,0.8851887430177535,0.4885971466182801
T_Q3,27,B,SRI12,303,-2.4982176192877775e-09,1156.7991475621043,0.0,0.7,7087818616.785036,7087.818616785036,0.9503682356708295,0.34553669904294293
T_Q3,27,B,SRI12,304,-0.19032731758577756,242.41606254984276,0.0,0.7,5326983973.614292,5326.983973614292,0.8955776141174796,0.4803429750595938
T_Q3,27,B,SRI12,305,-8.336194843727002e-05,318.8605054982997,-0.0030580290273105847,0.7,5589763976.604403,5589.763976604402,0.9052904970292097,0.46767709111609196
T_Q3,27,B,SRI12,311,0.0,1430.0666762578721,0.0,0.7,7380989441.651592,7380.989441651593,0.9561319244316363,0.29266730707652894
T_Q3,27,B,SRI12,319,-2.6305415112383757,0.0,-1.7539390569905808,0.7,439983929.14897037,439.9839291489704,0.749457430533319,0.5098018287259402
T_Q3,27,B,SRI12,321,0.0,302.1948573460499,0.0,0.7,5537648017.598035,5537.648017598035,0.9035115807450103,0.4699185256341836
T_Q3,27,B,SRI12,326,-0.01293775663109653,478.3317896136684,-0.0032434734369375085,0.7000691329987465,6011931043.699896,6011.931043699896,0.9189169957661792,0.446650300636852
T_Q3,27,B,SRI12,333,-0.05916743962858839,0.0,-0.18390191087155006,0.7020075365739098,1315780241.5777328,1315.7802415777328,0.8543067563240473,0.5098018287259402
T_Q3,27,B,SRI12,334,-0.10321098482584394,281.874604501808,-0.005541165971755821,0.7,5468911937.208435,5468.911937208435,0.9003095314334507,0.47479275625289064
T_Q3,27,B,SRI12,335,0.0,1181.4895391625769,0.0,0.7000300227343673,7116357681.351917,7116.357681351918,0.9510442238588254,0.3411249866581279
T_Q3,27,B,SRI12,338,-0.12725821592046865,576.7929560916319,0.0,0.7,6222528134.464716,6222.528134464716,0.9238623830362543,0.43686626107375387
T_Q3,27,B,SRI12,339,-3.201853596009274,0.0,-0.0927142072965445,0.7057412831837523,1344232727.1742504,1344.2327271742504,0.8565126125164552,0.5098018287259402
T_Q3,27,B,SRI12,340,-0.008820471045362587,1310.8624228181234,-0.0023577929382411957,0.7,7258153999.523552,7258.153999523552,0.9542462731703849,0.3172519301241683
T_Q3,27,B,SRI12,342,-3.0252892791818105,0.0,-1.4764132728140347,0.7082440361411821,594347558.3740134,594.3475583740134,0.7726189205535988,0.5098018287259402
T_Q3,27,B,SRI12,343,0.0,931.2673235344566,0.0,0.7000000172443093,6802899852.147945,6802.899852147945,0.9433237271853986,0.38154196463514434
T_Q3,27,B,SRI12,348,-0.01192937489417567,344.48188505425134,0.0,0.7000000172443093,5667993750.7380085,5667.993750738008,0.9081367630839294,0.46451062013021666
T_Q3,27,B,SRI12,349,0.0,242.87644495145966,0.0,0.7000000002456949,5328972147.322738,5328.972147322737,0.8965738072366315,0.4776034439819262
T_Q3,27,B,SRI12,351,-0.12360837608383629,333.22514323373787,0.0,0.7,5634467102.65756,5634.467102657561,0.906073220194258,0.4680684526986159
T_Q3,27,B,SRI12,353,-0.0006909638656201339,4.304191166289542,0.0,0.7000000172443093,2916781243.0851574,2916.7812430851573,0.8622763012772617,0.5093037321663643
T_Q3,27,B,SRI12,354,-3.3152573853150047,0.0,-1.3078663217773367,0.7195996906225868,652759074.4007922,652.7590744007922,0.7798768989931334,0.5098018287259402
T_Q3,27,B,SRI12,355,0.0,775.3902211121024,0.0,0.7001202416965137,6572661526.175993,6572.661526175993,0.9362792186999679,0.40523712954068386
T_Q3,27,B,SRI12,356,0.0,372.11222362159316,0.0,0.7,5746714754.745033,5746.714754745033,0.9108762941615969,0.46081047425908145
T_Q3,27,B,SRI12,357,-0.13272073775594517,663.6977161970647,-0.0005564395337105607,0.7,6385188608.621291,6385.188608621291,0.9289856619347494,0.42647738997402795
T_Q3,27,B,SRI12,360,-0.22935244844419211,493.657270513503,-5.278285894052344e-05,0.7,6047133996.208691,6047.13399620869,0.9172448144590318,0.45102643469598325
T_Q3,27,B,SRI12,361,-0.1204406857347337,112.99820398381209,-0.001582764211281451,0.7,4678052754.826823,4678.052754826823,0.8777884512754831,0.49592628170918274
T_Q3,27,B,SRI12,362,-2.6816715430116966e-07,1756.8775004063223,-0.004597547274003966,0.7,7678884581.993402,7678.884581993401,0.9604369018393998,0.22421460846052585
T_Q3,27,B,SRI12,364,-1.809813285443148,0.0,-1.252365440674211,0.7016494734101822,725713559.7764827,725.7135597764827,0.7875262390151919,0.5098018287259402
T_Q3,27,B,SRI12,365,-0.000520082065399538,640.9320692837977,0.0,0.7,6344637420.670046,6344.637420670046,0.9288789269576975,0.4253744618778241
T_Q3,27,B,SRI12,369,-0.004036876824919669,849.5830453856511,0.0,0.7,6686501403.524825,6686.501403524825,0.9395524246628953,0.394172270252962
T_Q3,27,B,SRI12,373,0.0,1073.0577987898014,0.0,0.7,6987442878.259661,6987.442878259661,0.9477354395702139,0.35966129433948835
T_Q3,27,B,SRI12,374,-0.0011065398024811372,51.10981293658847,0.0,0.7000023220147141,4118608673.457784,4118.608673457784,0.8696765930195326,0.5031131034973493
T_Q3,27,B,SRI12,381,-3.0252892791818105,0.0,-0.019789717577802346,0.7097725721367458,1350663320.5211248,1350.663320521125,0.8566193474935069,0.5098018287259402
T_Q3,27,B,SRI12,388,0.0,363.363798401061,0.0,0.7000000174911823,5722219252.762525,5722.219252762525,0.9098801010424451,0.4619134023552852
T_Q3,27,B,SRI12,390,-0.003072438331028788,0.0,-1.2791537103723574,0.7555715638233971,583212846.0433607,583.2128460433607,0.7706976909666631,0.5098018287259402
T_Q3,27,B,SRI12,391,-3.1132222273188903,0.0,-0.043533960488288725,0.7240880289029815,1276072656.5046587,1276.0726565046587,0.8496104173337604,0.5098018287259402
T_Q3,27,B,SRI12,392,-0.001623362709236768,1654.730130045753,-0.002122445919163867,0.7,7590512392.189692,7590.512392189691,0.9594051303945638,0.24452983242608597
T_Q3,27,B,SRI12,393,-0.13272073775594517,495.8087258695141,-0.0005564395337105607,0.7,6052022040.362911,6052.022040362911,0.9188814174404955,0.4472551321734799
T_Q3,27,B,SRI12,394,-2.778536887962704e-06,985.2832475418098,0.0,0.7002380637573458,6874630262.564173,6874.630262564173,0.9452805350980183,0.37310990144803785
T_Q3,27,B,SRI12,402,-1.9060811488894984,0.0,-1.1317871522930885,0.838465340036539,430546021.14834875,430.54602114834876,0.7485679723912192,0.5098018287259402
T_Q3,27,B,SRI12,405,-1.0733121447898026,0.0,-0.0005054962989618217,0.7343449579461494,1241871887.040887,1241.871887040887,0.846194898068097,0.5098018287259402
T_Q3,27,B,SRI12,407,-0.00019608453791008715,458.806195951685,0.0,0.7001283211629465,5967174016.189466,5967.174016189467,0.9175294410645036,0.4483936385953677
T_Q3,27,B,SRI12,417,-0.17788899813996822,384.7333715335295,-0.019657943518523235,0.7,5774136067.87163,5774.13606787163,0.9099512576938131,0.46276728217170104
T_Q3,27,B,SRI12,420,-3.4832124355945417,0.0,-1.122411671061834,0.7000521499924807,804366447.9185354,804.3664479185353,0.7970612302985023,0.5098018287259402
T_Q3,27,B,SRI12,421,-1.9991929911091568,0.0,-0.7144068687812551,0.7,1019609388.363207,1019.609388363207,0.8241363361440208,0.5098018287259402
T_Q3,27,B,SRI12,422,-0.002814685217547295,807.0349671678441,0.0,0.7000973349149253,6622068079.565574,6622.0680795655735,0.937702351727328,0.4006119472017647
T_Q3,27,B,SRI12,423,0.0,715.414569330204,-0.0036330706887235387,0.7000171602453925,6474426531.717128,6474.426531717128,0.9335041092966164,0.4139538193332622
T_Q3,27,B,SRI12,425,-1.7938418786165427,0.0,-1.134647905781553,0.946960853858872,141159122.8387542,141.1591228387542,0.7127405984274381,0.5098018287259402
T_Q3,27,B,SRI12,426,-0.012036980438389203,0.0,-0.8419639590539723,0.7000010841409572,955909047.257849,955.909047257849,0.8168072010531185,0.5098018287259402
T_Q3,27,B,SRI12,427,-3.3261674109115007,0.0,-1.4110588032922171,0.7,642286614.8964087,642.2866148964087,0.7781335610346178,0.5098018287259402
T_Q3,27,B,SRI12,436,-3.349262344284464e-05,120.74404328470965,0.0,0.7000000004766134,4730478449.0731,4730.4784490731,0.8788558010460028,0.49425410040203516
T_Q3,27,B,SRI12,440,-0.009245210625365548,85.03595375488788,-0.006905538952343079,0.7000053933452238,4464624307.35406,4464.62430735406,0.8741238837300315,0.4988437044152703
T_Q3,27,B,SRI12,443,-3.2940906952502225,0.0,-0.5286569456869401,0.7379767941985858,988974689.5713311,988.9746895713312,0.8208631301810938,0.5098018287259402
T_Q3,27,B,SRI12,444,-1.0832247644172862e-05,1042.6520667570048,-0.00024412075649005854,0.7000616156083942,6949058400.304534,6949.058400304534,0.947237343010638,0.3643932116554595
T_Q3,27,B,SRI12,448,0.0,133.2307270732573,-0.005664605443709585,0.7,4807817539.7986555,4807.817539798655,0.8807770306329383,0.49268865407193935
T_Q3,27,B,SRI12,450,-0.08718275608872017,555.3196930879897,-0.00011071304079444658,0.7000001292371629,6179083601.732885,6179.083601732886,0.9222613583804748,0.4391076955918454
T_Q3,27,B,SRI12,465,0.0,564.036522709911,0.0,0.7000300830851164,6196924249.73711,6196.924249737111,0.9240402746646744,0.4350517664638702
T_Q3,27,B,SRI12,472,-0.0062241035286160935,1542.0740063763176,-0.0014099578094589355,0.7,7488252030.302325,7488.252030302326,0.9577329490874161,0.26840288896004555
T_Q3,27,B,SRI12,474,-0.009714990823700967,228.90671386566444,-0.003034363278793551,0.7008406970909083,5269464084.776068,5269.4640847760675,0.8939765894616999,0.4797025651972817
T_Q3,27,B,SRI12,476,-0.013864754877430552,423.99193464864607,0.0,0.7000001037179033,5883238233.842979,5883.23823384298,0.9150389582666242,0.4531611342370229
T_Q3,27,B,SRI12,477,-0.0033627942256115873,2072.8518081624015,0.0,0.7000888237888778,7929817542.877205,7929.817542877205,0.963389902871171,0.17234140961326364
T_Q3,27,B,SRI12,481,-3.204654750987569,0.0,-0.09873465536517001,0.7423406321863558,1174864398.8403866,1174.8643988403867,0.8395417511651901,0.5098018287259402
T_Q3,27,B,SRI12,483,-2.4982176192877775e-09,1107.3880153084333,0.0,0.7,7029328098.822068,7029.328098822069,0.9491941509232577,0.3541822321841534
T_Q3,27,B,SRI12,484,-0.02975486394327942,0.0,-0.5546855180829038,0.7,1113948789.5139568,1113.9487895139569,0.8347742555235349,0.5098018287259402
T_Q3,27,B,SRI12,485,0.0,961.37712254641,0.0,0.7,6843861803.525877,6843.861803525877,0.9442843419788666,0.3765965773650692
T_Q3,27,B,SRI12,492,-0.05524618152128735,95.30846834684024,0.0,0.70000545048007,4549403905.435746,4549.403905435746,0.8752268118262353,0.49816771622727435
T_Q3,27,B,SRI12,493,-0.017138400241520788,1937.59912907574,0.0,0.7,7826859953.323168,7826.859953323168,0.9621802397979153,0.1932258867897677
T_Q3,27,B,SRI12,495,-0.6524686136677837,0.0,-1.036494653110963,0.9436809360666967,160040297.0715082,160.0402970715082,0.7152666595510018,0.5098018287259402
T_Q3,27,B,SRI12,496,-0.11970824987921114,269.2127278026419,0.0,0.7000002473429496,5425852722.194352,5425.852722194352,0.898779663429039,0.47625146760593445
T_Q3,27,B,SRI12,506,-0.011856451510119605,413.174125684141,0.0,0.7,5855857922.957017,5855.857922957017,0.9141139217988402,0.45486889386985446
T_Q3,27,B,SRI12,507,-3.215861138409756,0.0,-0.6401942707199075,0.7,1055596250.748204,1055.596250748204,0.8279787953178922,0.5098018287259402
T_Q3,27,B,SRI12,509,0.0,1271.5755299083914,0.0,0.7000001429669459,7216875133.3207445,7216.875133320745,0.953534706656705,0.3242608602839151
T_Q3,27,B,SRI12,510,-2.780438326959632e-09,1694.268731495364,0.0,0.7000000208294732,7626024145.145872,7626.024145145872,0.9599743836055077,0.23613334756466356
T_Q3,27,B,SRI12,514,-3.686859874690964,0.0,-0.8497260359232736,0.7145109321483807,905263436.6543568,905.2634366543568,0.8106877290354716,0.5098018287259402
T_Q3,27,B,SRI12,515,-0.10282716703048117,849.5830453856511,0.0,0.7,6686335294.299999,6686.335294299999,0.9380225566584838,0.3994022841285088
T_Q3,27,B,SRI12,516,-0.13909763494758692,302.3335930163703,-0.0015369680996448927,0.7,5537350535.538856,5537.350535538855,0.9025153876258585,0.47194649019817114
T_Q3,27,B,SRI12,518,0.0,751.8744189229909,0.0,0.7,6535505552.6326685,6535.505552632669,0.9351762906037642,0.4084747571779272
T_Q3,27,B,SRI12,519,0.0,933.5676330758785,0.0,0.7,6806072682.349115,6806.072682349115,0.9433593055110826,0.38122175970398836
T_Q3,27,B,SRI12,521,-0.007656037418505781,372.8458414272447,0.0,0.7,5748747024.175447,5748.747024175447,0.9109830291386489,0.4607748959333975
T_Q3,27,B,SRI12,522,0.0,774.2116157840418,0.0,0.7,6571363321.444377,6571.363321444377,0.9362080620486,0.4053082861920519
T_Q3,27,B,SRI12,526,-0.007403131599572605,537.0868937198741,0.0,0.7000588493772947,6141442570.63764,6141.44257063764,0.922332515031843,0.43850286405521754
T_Q3,27,B,SRI12,527,0.0,515.6671036769792,-0.0038189480438710413,0.7,6095272957.468247,6095.272957468247,0.9210872736329031,0.4411712384815169
T_Q3,27,B,SRI12,528,-0.024376290586000472,225.58609594504685,0.0,0.700001742310473,5260892546.245665,5260.892546245665,0.8937631195075959,0.48062760166506563
T_Q3,27,B,SRI12,530,-0.021153558980302543,108.985230261178,-0.0025679347181184475,0.7,4650013490.989641,4650.0134909896415,0.8771836197388551,0.4961397516632867
T_Q3,27,B,SRI12,532,-0.00039679122586568603,964.1767855237323,0.0,0.7001036435708099,6847140221.709789,6847.140221709789,0.9444622336072865,0.37624079410822914
T_Q3,27,B,SRI12,537,-5.6681833344398094e-05,1747.4313935020493,-0.0002889609104189707,0.7,7671522249.840178,7671.522249840177,0.960330166862348,0.22567331981356956
T_Q3,27,B,SRI12,543,-0.31594748057330646,463.05453077961096,0.0,0.7,5976881562.182755,5976.881562182755,0.9143629700786282,0.4569324367595261
T_Q3,27,B,SRI12,548,-2.240537554547316,0.0,-0.1747630106964798,0.703140148281161,1318162772.160181,1318.162772160181,0.8544134913010993,0.5098018287259402
T_Q3,27,B,SRI12,550,0.0,2061.566899113549,-9.078012256985554e-07,0.7,7921802267.432747,7921.802267432747,0.9632475895684351,0.17401359092041127
T_Q3,27,B,SRI12,561,0.0,329.555968546553,-0.0038189480438710413,0.7,5622605751.153923,5622.605751153923,0.9066424734052018,0.4665385846942041
T_Q3,27,B,SRI12,562,-0.042136982392398464,587.4052526522432,-0.011424378851111118,0.7003104823725081,6239688925.255101,6239.688925255101,0.9248941544810902,0.4337353684135625
T_Q3,27,B,SRI12,563,0.0,392.6133947209597,-0.0039576398801782,0.7000042640990964,5801433545.107001,5801.433545107001,0.9122638488632725,0.45785747322730996
T_Q3,27,B,SRI12,566,-0.0008582407738634574,856.080709387567,-0.0004232100161540766,0.7,6695787131.604518,6695.7871316045175,0.9399437862454193,0.3932116554594941
T_Q3,27,B,SRI12,570,-0.042136982392398464,668.8402771178726,-0.011424378851111118,0.7003104823725081,6391154548.291358,6391.154548291358,0.9294481801686412,0.42334649731383645
T_Q3,27,B,SRI12,573,-0.3139673556000848,0.0,-0.1621723453189564,0.9463532013926546,239174498.89135453,239.17449889135452,0.7251218557654676,0.5098018287259402
T_Q3,27,B,SRI12,575,-0.9294810070370048,0.0,-1.2493033402714189,0.7395891889910413,635094213.1083777,635.0942131083777,0.7771373679154658,0.5098018287259402
T_Q3,27,B,SRI12,578,-0.1123517947533057,202.93523642391824,-0.00027590258675079873,0.7,5165192001.676907,5165.192001676906,0.8902764435905647,0.48439890418756887
T_Q3,27,B,SRI12,585,-0.08720488634741796,0.0,-0.7634085940111914,0.7006444930342195,992179702.3443755,992.1797023443755,0.8209342868324617,0.5098018287259402
T_Q3,27,B,SRI12,587,0.0,1268.543201910329,0.0,0.7,7213586339.25127,7213.58633925127,0.9534635500053369,0.3246166435407549
T_Q3,27,B,SRI12,588,-0.15570140849239578,0.0,-1.282530049085236,0.7569495608408561,578496457.5676798,578.4964575676797,0.7701640160814032,0.5098018287259402
T_Q3,27,B,SRI12,590,0.0,424.4934577386339,0.0,0.7,5884498583.562154,5884.498583562154,0.9150745365923082,0.4529476642829189
T_Q3,27,B,SRI12,591,-0.011301791646232517,72.6125881067433,-0.0002571005162475818,0.7,4353385253.5857,4353.3852535857,0.872558437399936,0.50044472907105
T_Q3,27,B,SRI12,592,-0.0018524762389914573,98.6408479772816,0.0,0.7,4575141233.862029,4575.141233862029,0.8761162699683354,0.49724267975949055
T_Q3,27,B,SRI12,593,-0.2901299738649407,0.0,-0.0510828296989565,0.703760901075192,1367579691.1257477,1367.5796911257478,0.8580780588465509,0.5098018287259402
T_Q3,27,B,SRI12,600,-3.91397935150051,0.0,-0.03580766759956977,0.741490330112665,1197632158.4559278,1197.6321584559278,0.8414985590778099,0.5098018287259402
T_Q3,27,B,SRI12,602,0.0,241.53398007169721,0.0,0.7,5323825266.657314,5323.825266657314,0.8964314939338955,0.4777457572846622
T_Q3,27,B,SRI12,607,-0.023948446612336242,600.9856781458914,-0.0017906468509707452,0.7,6268926698.244981,6268.926698244981,0.9261393958800299,0.4318852954779949
T_Q3,27,B,SRI12,608,-0.011025289383915192,134.50224840269493,0.0,0.7,4816463601.588322,4816.463601588322,0.8811328138897783,0.49268865407193946
T_Q3,27,B,SRI12,610,0.0,1239.4369228572632,0.0,0.700006179271788,7181682726.1472645,7181.6827261472645,0.9526096701889212,0.32995339239335403
T_Q3,27,B,SRI12,617,-3.844150208750436,0.0,-1.1752135687800513,0.7001886573934791,776117350.0950216,776.1173500950216,0.7931120361475791,0.5098018287259402
T_Q3,27,B,SRI12,623,-0.0009176643699110639,440.42831985353996,0.0,0.7,5923788629.96598,5923.788629965979,0.9164620912939838,0.45099085637029923
T_Q3,27,B,SRI12,627,-0.1627599104481504,0.0,-1.0366786027742192,0.7078549841126297,829443770.92304,829.44377092304,0.8000853879816416,0.5098018287259402
T_Q3,27,B,SRI12,629,-0.024949118439713175,427.80053849047994,0.0,0.7000017827933377,5892738213.030229,5892.7382130302285,0.9148610666382041,0.45333902586544284
T_Q3,27,B,SRI12,633,0.0,920.9729555101562,0.0,0.7008484202518015,6784710791.021584,6784.710791021584,0.9425410040203509,0.383249724267976
T_Q3,27,B,SRI12,634,-0.0010367627953534798,0.0,-0.8121761598212657,0.7017896549957219,966587736.2411094,966.5877362411094,0.8171629843099583,0.5098018287259402
T_Q3,27,B,SRI12,638,-0.004228117425947531,1145.3161233684668,-6.0492188557121187e-05,0.7,7074409068.101405,7074.409068101405,0.9501191873910416,0.3478492902124027
T_Q3,27,B,SRI12,639,-0.012895048052944773,1532.831443557935,-0.00045723202463603016,0.7002418588819026,7478753533.947764,7478.7535339477645,0.95759063578468,0.2707866367808731
T_Q3,27,B,SRI12,643,-0.0021694453294995933,1706.6545659264043,0.0,0.7010059872388343,7632008945.845937,7632.008945845937,0.9600099619311917,0.23389191304657195
T_Q3,27,B,SRI12,647,-0.001129514690134923,65.72450216182585,-0.000443225670220234,0.7000024956123502,4284572722.123053,4284.572722123053,0.871953605863308,0.5010851389333617
T_Q3,27,B,SRI12,648,0.0,157.05034211308885,0.0,0.7002481970509468,4942816397.504856,4942.8163975048565,0.8843704415270216,0.489415448109012
T_Q3,27,B,SRI12,652,-0.0014949796303032892,0.0,-1.2259190960315804,0.7002638687631302,744923083.0438643,744.9230830438643,0.7895897819048636,0.5098018287259402
T_Q3,27,B,SRI12,660,-0.00010724504764247304,85.66517400409953,-0.00041468077031137605,0.7,4470815257.986058,4470.815257986058,0.8742661970327674,0.4987725477639024
T_Q3,27,B,SRI12,661,0.0,409.65068825101724,0.0,0.7,5846810243.210143,5846.810243210143,0.9138292951933683,0.45543814708079833
T_Q3,27,B,SRI12,663,-0.0022304505130465394,1313.6500670027594,0.0,0.7000138187679897,7261871921.5953045,7261.871921595304,0.954281851496069,0.31661152026185646
T_Q3,27,B,SRI12,664,-0.001548580095437374,37.865396123640835,0.0,0.7000138187679897,3932767875.4160733,3932.7678754160734,0.867292845198705,0.5050699114099688
T_Q3,27,B,SRI12,665,-7.60232187657713e-07,0.0,-1.0650285347508284,0.7211332553624694,778493683.9021622,778.4936839021622,0.7945351691749387,0.5098018287259402
T_Q3,27,B,SRI12,668,0.0,680.6860543273089,0.0,0.7000010007711011,6415754357.142198,6415.7543571421975,0.9315473013839968,0.4193973031629131
T_Q3,27,B,SRI12,670,-0.31594748057330646,520.77801090299,-1.0224004577041954e-05,0.7,6106132343.141337,6106.1323431413375,0.9179563809727116,0.45042160315935525
T_Q3,27,B,SRI12,672,-0.013186456830039432,0.0,-2.2880752833369677,0.7116683724951071,185628106.65699247,185.62810665699246,0.718041768954353,0.5098018287259402
T_Q3,27,B,SRI12,675,-0.17946227784247462,0.0,-1.637687770099772,0.7508952810609795,426296081.9841548,426.2960819841548,0.7483189241114316,0.5098018287259402
T_Q3,27,B,SRI12,680,0.0,253.3882168433724,0.0,0.7,5368542816.183213,5368.542816183213,0.897747891984203,0.4763582025829865
T_Q3,27,B,SRI12,685,-0.04377972801216545,0.0,-0.17850471990644085,0.7107832326011387,1281178329.5298238,1281.1783295298237,0.8507489237556479,0.5098018287259402
T_Q3,27,B,SRI12,687,0.0,53.39386173545245,-0.004195494289313428,0.7,4145944220.116501,4145.944220116501,0.8699256412993207,0.5026505852634574
T_Q3,27,B,SRI12,688,-0.001129514690134923,26.978859731066557,-0.000443225670220234,0.7000024956123502,3737823465.658881,3737.823465658881,0.8657273988686094,0.5063863094602766
T_Q3,27,B,SRI12,694,-0.9294810070370048,0.0,-0.011282832768357953,0.7395891889910413,1215818740.3200972,1215.8187403200973,0.8434197886647458,0.5098018287259402
T_Q3,27,B,SRI12,697,-0.024662513767544098,212.24096722482926,0.0,0.7,5205588821.109202,5205.588821109202,0.8918774682463443,0.48208631301810945
T_Q3,27,B,SRI12,698,-0.15515623257258881,336.2185393567958,-0.009504420030076554,0.7001259210382771,5640912653.622661,5640.91265362266,0.9057530152631019,0.46821076600135203
T_Q3,27,B,SRI12,701,-0.0011376862011101174,731.7509789991888,-0.010394584217690017,0.7,6500793595.438987,6500.793595438987,0.9343224107873485,0.41178354146653845
T_Q3,27,B,SRI12,706,0.0,172.54796322227048,0.0,0.7,5023732350.636559,5023.732350636558,0.8866830326964812,0.4869605436368165
T_Q3,27,B,SRI12,711,-0.2743616205930136,0.0,-1.2259190960315804,0.733801803561827,661587538.2514399,661.5875382514399,0.7801971039242894,0.5098018287259402
T_Q3,27,B,SRI12,713,-0.31594748057330646,335.7845197481475,0.0,0.7,5641508075.820291,5641.50807582029,0.9046500871668981,0.4725157434091151
T_Q3,27,B,SRI12,715,-0.013186456830039432,0.0,-0.66981956359473,0.7116864036254791,999097123.8060744,999.0971238060744,0.8215391183690895,0.5098018287259402
T_Q3,27,B,SRI12,716,-0.00031426556833096843,1109.1344739743652,-6.0647187434402326e-05,0.7000017789838879,7031401136.109815,7031.401136109815,0.9492297292489417,0.3538976055786815
T_Q3,27,B,SRI12,720,-0.013186456830039432,0.0,-0.66981956359473,0.7009343119750979,1036351484.1151309,1036.351484115131,0.825772939125485,0.5098018287259402
T_Q3,27,B,SRI12,721,-0.11647976735254703,194.79924930124412,-0.00027590258675079873,0.7008575545442786,5124880385.087303,5124.880385087303,0.8888177322375208,0.48550183228377264
T_Q3,27,B,SRI12,723,-0.006874277284692663,143.95208851094048,0.0,0.7001251051649553,4871148231.655435,4871.148231655435,0.8825203685914542,0.4911587860675276
T_Q3,27,B,SRI12,727,-0.0004115120206280693,565.9117407824258,-0.011618586091126648,0.7000617161377203,6198044933.442289,6198.044933442289,0.9241470096417266,0.43483829650976624
T_Q3,27,B,SRI12,731,-2.087193365399471e-05,299.6639265075912,0.0,0.7001152319348612,5528869776.196467,5528.869776196468,0.9030134841854343,0.4703098872167076
T_Q3,27,B,SRI12,734,-0.11877429459965871,0.0,-0.8761940432112592,0.9910248336143417,28190549.645750638,28.19054964575064,0.7001458711353045,0.5098018287259402
T_Q3,27,B,SRI12,736,-2.9903721668612184,0.0,-0.0071738410368538605,0.7011509706966659,1396281770.2189276,1396.2817702189277,0.8610310598783222,0.5098018287259402
T_Q3,27,B,SRI12,743,-0.00039679122586568603,828.35636144262,0.0,0.700001066012698,6654914680.300526,6654.914680300526,0.9384494965666913,0.3973031629131533
T_Q3,27,B,SRI12,745,-0.0003363406552026662,277.46744770032063,0.0,0.7000017575754597,5454791160.128888,5454.791160128888,0.9006297363646069,0.47372540648237094
T_Q3,27,B,SRI12,750,-2.775481907599307,0.0,-1.067970379013385,0.9411330894138625,164202757.66338798,164.20275766338798,0.7158003344362617,0.5098018287259402
T_Q3,27,B,SRI12,752,-0.012457337627002796,9.226970363526334,0.0,0.7001259688658862,3214843322.461072,3214.843322461072,0.8628455544882057,0.5086989006297363
T_Q3,27,B,SRI12,756,-0.001129514690134923,18.446147124239985,-0.00043900947327743436,0.7000024956123502,3537274844.006463,3537.274844006463,0.8644110008183014,0.5075959725335326
T_Q3,27,B,SRI12,758,-0.31594748057330646,143.49261510249858,-0.00012580752488002694,0.7,4868692515.471623,4868.692515471624,0.8814530188209342,0.4942896787277191
T_Q3,27,B,SRI12,761,-0.16986392477923573,0.0,-1.4730986841959992,0.7052332810231295,602339461.1044295,602.3394611044295,0.7733660653929626,0.5098018287259402
T_Q3,27,B,SRI12,765,-0.3042597782271229,397.6977964613805,0.0,0.7000042093089701,5814922264.799249,5814.922264799248,0.9096666310883409,0.4647952467356886
T_Q3,27,B,SRI12,766,-3.847529298956802e-06,1401.6488195861734,-0.00046191513298671704,0.7002462257719645,7351073192.965735,7351.073192965736,0.9559896111289005,0.2987867790941759
T_Q3,27,B,SRI12,768,-0.013186456830039432,0.0,-1.2514454333291019,0.701088991987663,727316595.6491516,727.3165956491515,0.7877397089692958,0.5098018287259402
T_Q3,27,B,SRI12,770,-7.866636847624293e-06,0.0,-1.1001668190640737,0.7000221899370773,819160406.9181534,819.1604069181534,0.798804568257018,0.5098018287259402
T_Q3,27,B,SRI12,774,-0.24800578140368318,0.0,-0.015348992898946924,0.7365936095797976,1228383131.6946151,1228.383131694615,0.8448073433664214,0.5098018287259402
T_Q3,27,B,SRI12,784,0.0,596.6864763526892,0.0,0.7,6261483368.275552,6261.483368275552,0.9264596008111861,0.43113815063863115
T_Q3,27,B,SRI12,785,-3.6522929676270204,0.0,-2.000466006544535,0.7,310315860.6094594,310.3158606094594,0.7340520155121502,0.5098018287259402
T_Q3,27,B,SRI12,787,0.0,727.3059817541282,0.0,0.7,6495250504.085591,6495.250504085591,0.9340733625075605,0.41228163802611434
T_Q3,27,B,SRI12,791,0.0,802.5473892461852,0.0,0.7,6615607101.152655,6615.607101152655,0.9375244600989079,0.40132351371544456
T_Q3,27,B,SRI12,794,0.0,459.7794282013136,0.0,0.7,5970075547.738343,5970.075547738344,0.9176361760415556,0.4483936385953677
T_Q3,27,B,SRI12,795,-2.165028827237719,0.0,-1.050554087409779,0.9937042549085219,17871747.49228185,17.871747492281852,0.6987938947593126,0.5098018287259402
T_Q3,27,B,SRI12,799,0.0,1315.2741408272427,0.0,0.7,7263606718.110242,7263.606718110242,0.9543530081474371,0.3162557370050166
T_Q3,27,B,SRI12,800,-0.03215522153435245,756.7533344968613,0.0,0.7,6543370126.277462,6543.370126277462,0.9346070373928203,0.40968442025118296
T_Q3,27,B,SRI12,802,-2.2333256985672514,0.0,-0.07972369810559865,0.7135251569725273,1313072052.962283,1313.072052962283,0.8530970932507915,0.5098018287259402
T_Q3,27,B,SRI12,804,0.0,1397.0657911610476,0.0,0.7,7347930239.785938,7347.930239785938,0.9559184544775325,0.29956950225922374
T_Q3,27,B,SRI12,805,0.0,1146.8620183986757,0.0,0.7,7076221405.113544,7076.221405113544,0.9501903440424095,0.3476713985839826
T_Q3,27,B,SRI12,806,-2.1013441944455042,0.0,-1.5695450426405857,0.7308024392302154,498289526.53147507,498.2895265314751,0.7592058917707332,0.5098018287259402
T_Q3,27,B,SRI12,807,-2.250789009450514,0.0,-1.751303540089468,0.7373578578574965,386693542.25875694,386.69354225875696,0.7427331269790443,0.5098018287259402
T_Q3,27,B,SRI12,808,0.0,18.284741597641613,0.0,0.7,3533156681.2828565,3533.1566812828564,0.8643754224926175,0.5075959725335326
T_Q3,27,B,SRI12,810,0.0,534.3770620718565,0.0,0.7,6136037877.399847,6136.037877399847,0.922225780054791,0.43896538228910953
T_Q3,27,B,SRI12,811,-2.9014334145202607,0.0,-2.1916639025996667,0.7159910257893305,217999577.76365197,217.99957776365196,0.722809264596008,0.5098018287259402
T_Q3,27,B,SRI12,813,0.0,421.797299755853,0.0,0.7,5877707780.032039,5877.7077800320385,0.9147543316611523,0.4534457608424948
T_Q3,27,B,SRI12,815,0.0,967.8221776168932,0.0,0.7,6852506205.034704,6852.506205034704,0.9446045469100225,0.3758138542000213
T_Q3,27,B,SRI12,816,-2.2619914288219305,0.0,-1.07777734095637,0.7136770450065353,791947040.2445265,791.9470402445265,0.7955313622940904,0.5098018287259402
T_Q3,27,B,SRI12,822,0.0,665.4938693108793,0.0,0.7,6388902267.307734,6388.902267307733,0.9303732166364251,0.4218166293094247
T_Q3,27,B,SRI12,823,-0.1743139792215165,463.02875929936545,0.0,0.7,5977300543.713811,5977.300543713811,0.9162130430141959,0.45177357953534714
T_Q3,27,B,SRI12,824,-2.703658006618287,0.0,-1.0776689459554263,0.9239537818964673,210436643.75232387,210.43664375232387,0.7213861315686484,0.5098018287259402
T_Q3,27,B,SRI12,826,-1.2839643770808662,0.0,0.0,0.9466825865810797,249418306.08855224,249.41830608855224,0.7259401572561993,0.5098018287259402
T_Q3,27,B,SRI12,830,0.0,1473.828078567476,0.0,0.7,7423923169.37332,7423.92316937332,0.9568790692710002,0.2833457857473227
T_Q3,27,B,SRI12,831,-1.2900771359116665,0.0,-1.4128575176906888,0.7517973227314179,530657664.10383046,530.6576641038305,0.7640089657380723,0.5098018287259402
T_Q3,27,B,SRI12,834,-0.0676779427802261,0.0,-0.7263079292650281,0.7135251569725273,968119347.0792443,968.1193470792442,0.8182303340804782,0.5098018287259402
T_Q3,27,B,SRI12,835,0.0,710.01178341483,-0.006710850691442012,0.7,6465096965.408268,6465.096965408268,0.9332194826911443,0.414594229195574
T_Q3,27,B,SRI12,837,0.0,223.93443963266205,0.0,0.7,5254202459.81464,5254.20245981464,0.8938342761589639,0.48027181840822564
T_Q3,27,B,SRI12,838,-1.6141377052554304,219.10481809679922,0.0,0.7,5232273250.587943,5232.273250587943,0.8770768847618031,0.5009784039563097
T_Q3,27,B,SRI12,846,0.0,272.4856116097208,0.0,0.7,5437454624.664437,5437.454624664438,0.9000604831536628,0.4742590813676308
T_Q3,27,B,SRI12,849,0.0,1217.8262455123406,0.0,0.7,7157586737.018359,7157.58673701836,0.9521471519550291,0.33411605649838105
T_Q3,27,B,SRI12,850,-0.12428637760635153,0.0,-0.703802575521125,0.72714091913285,931915472.3184953,931.9154723184953,0.8153840680257588,0.5098018287259402
T_Q3,27,B,SRI12,857,0.0,407.0002368464431,0.0,0.7,5839977724.336806,5839.977724336806,0.9136514035649483,0.4558650869890063
T_Q3,27,B,SRI12,858,-3.585958448075646e-05,29.2067711051291,0.0,0.7,3782310079.805195,3782.310079805195,0.8659764471483969,0.5060661045291208
T_Q3,27,B,SRI12,860,0.0,393.7694822345842,-0.001192473120997085,0.7,5804853205.234399,5804.853205234399,0.9124061621660084,0.45760842494752196
T_Q3,27,B,SRI12,862,-3.6522929676270204,0.0,-0.7125682441314143,0.7,1020386867.0180675,1020.3868670180675,0.8242430711210729,0.5098018287259402
T_Q3,27,B,SRI12,864,-2.5370631424544654,0.0,-0.7650535385895804,0.7,993465173.2205985,993.4651732205984,0.8213256484149855,0.5098018287259402
T_Q3,27,B,SRI12,865,0.0,0.0,-1.0989745831699607,0.7,819777563.9777282,819.7775639777283,0.7989113032340699,0.5098018287259402
T_Q3,27,B,SRI12,866,-1.5181498962239988,0.0,-0.9927873340430843,0.9765695034832144,68850684.29020001,68.85068429020001,0.7045931618458035,0.5098018287259402
T_Q3,27,B,SRI12,868,0.0,254.62001649865206,-0.002174721500926801,0.7,5372301256.332685,5372.301256332686,0.8978546269612551,0.47614473262888246
T_Q3,27,B,SRI12,869,-3.7204851114381428,0.0,-1.3086854548379978,0.7384538496154308,608481025.3715802,608.4810253715802,0.7748959333973744,0.5098018287259402
T_Q3,27,B,SRI12,870,-0.17118826582477253,0.0,-0.015607391625275635,0.7,1398684167.0121567,1398.6841670121566,0.8613512648094782,0.5098018287259402
T_Q3,27,B,SRI12,872,0.0,0.0,0.0,0.7410874409802495,1210671949.4262974,1210.6719494262975,0.8428505354538017,0.5098018287259402
T_Q3,27,B,SRI12,873,0.0,168.80140188799388,0.0,0.7,5004985893.290999,5004.985893290999,0.8860782011598535,0.4874942185220763
T_Q3,27,B,SRI12,876,-2.5525184347087886,0.0,-1.0831839352816652,0.7,828392538.6892083,828.3925386892083,0.7996228697477499,0.5098018287259402
T_Q3,27,B,SRI12,877,0.0,0.0,-0.00016582221137824427,0.7301363137642269,1261719642.9430761,1261.7196429430762,0.8484719109118726,0.5098018287259402
T_Q3,27,B,SRI12,878,-0.007232851870045912,483.14081302504735,0.0,0.7,6024085130.73595,6024.085130735951,0.9193795140000711,0.44604546910022413
T_Q3,27,B,SRI12,884,-2.8290474203175564,0.0,-0.8978355811275383,0.7,931190871.6386155,931.1908716386155,0.8124666453196712,0.5098018287259402
T_Q3,27,B,SRI12,886,-0.01347179118795741,1650.9722826623342,0.0,0.7,7588012884.309113,7588.012884309112,0.9593339737431956,0.24627317038460173
T_Q3,27,B,SRI12,888,-1.328454405290802,0.0,-1.447456567684167,0.7203029089102772,581160306.6291419,581.1603066291419,0.7704842210125592,0.5098018287259402
T_Q3,27,B,SRI12,895,0.0,1605.979531728805,-0.0006472245322423076,0.7,7547162305.697025,7547.162305697026,0.9585156722524641,0.25456292026897215
T_Q3,27,B,SRI12,898,0.0,643.8020919337412,0.0,0.7,6349898432.045353,6349.898432045353,0.9290923969118013,0.424947521969616
T_Q3,27,B,SRI12,902,0.0,1275.65287592538,0.0,0.7,7221261913.263306,7221.261913263305,0.953605863308073,0.32347813711886714
T_Q3,27,B,SRI12,908,-0.000461168936604979,146.15267286024135,-5.3509402094088256e-05,0.7,4884242896.310466,4884.242896310466,0.8828049951969261,0.4909453161134237
T_Q3,27,B,SRI12,910,-4.0,0.0,-1.2751431717528783,0.7275707495832047,652799155.0358453,652.7991550358453,0.7799836339701857,0.5098018287259402
T_Q3,27,B,SRI12,914,-0.13165679436409472,0.0,-1.2880408117909425,0.7,710439444.8197173,710.4394448197173,0.7862809976162524,0.5098018287259402
T_Q3,27,B,SRI12,915,-4.0,0.0,-1.0689311656308373,0.7302429573681913,751917771.664544,751.917771664544,0.7917600597715873,0.5098018287259402
T_Q3,27,B,SRI12,922,0.0,106.71116314009663,0.0,0.7,4634674788.277511,4634.674788277511,0.8770768847618031,0.4962109083146547
T_Q3,27,B,SRI12,923,0.0,97.84675814648553,0.0,0.7,4569085143.133913,4569.085143133913,0.8759739566655993,0.4974561497135945
T_Q3,27,B,SRI12,925,0.0,240.07467819436317,0.0,0.7,5318202304.8211,5318.2023048211,0.8961824456541078,0.47799480556445023
T_Q3,27,B,SRI12,926,0.0,1525.3168083549845,0.0,0.7,7473122651.603615,7473.122651603615,0.9575194791333119,0.2717828299000249
T_Q3,27,B,SRI12,928,0.0,1111.3690726755058,0.0,0.7,7034098470.006764,7034.098470006765,0.9493720425516778,0.35332835236773763
T_Q3,27,B,SRI12,930,0.0,1246.3647895350036,-0.0006092496913188278,0.7,7188894807.417796,7188.894807417796,0.9527875618173411,0.3287437293200983
T_Q3,27,B,SRI12,933,-0.0020796389191742575,374.8320701833113,0.0,0.7,5754245733.538404,5754.245733538404,0.911160920767069,0.46052584765360954
T_Q3,27,B,SRI12,954,-0.001152966710378828,519.730857275623,0.0,0.7004072656160899,6102953162.194109,6102.953162194109,0.9213363219126909,0.440815455224677
T_Q3,27,B,SRI12,956,-2.504247614315676,0.0,-0.17236288816303302,0.7,1332829215.988821,1332.829215988821,0.8559077809798273,0.5098018287259402
T_Q3,27,B,SRI12,960,0.0,200.04645870992232,-0.0005568657045321168,0.7001304989018994,5151729107.315611,5151.729107315611,0.8902052869391965,0.48358060269683717
T_Q3,27,B,SRI12,962,-3.9679050516572936,0.0,-1.2282207734953083,0.7001366885346874,743664470.8870058,743.6644708870058,0.7895542035791796,0.5098018287259402
T_Q3,27,B,SRI12,963,-0.0020771955054296487,560.3864040071244,-0.0010005389924027663,0.7,6189246732.255781,6189.246732255781,0.9238268047105705,0.4355142846977621
T_Q3,27,B,SRI12,966,-0.00019339443772707285,182.03863770634246,0.0,0.7,5069914279.148677,5069.9142791486765,0.8878215391183689,0.4857153022378767
T_Q3,27,B,SRI12,969,0.0,339.0333233873415,0.0,0.7,5651900523.904138,5651.900523904138,0.9074607748959335,0.46529334329526456
T_Q3,27,B,SRI12,970,0.0,1923.96681385219,0.0,0.7,7816165781.118339,7816.165781118339,0.9621090831465472,0.19379514000071157
T_Q3,27,B,SRI12,973,-2.9051428192304067,0.0,-1.085562617795515,0.9566905721455133,119472030.32837969,119.47203032837969,0.7100010673497705,0.5098018287259402
T_Q3,27,B,SRI12,975,0.0,0.0,-0.034224209048253185,0.7417199542625781,1197666932.1059935,1197.6669321059935,0.8417120290319139,0.5098018287259402
T_Q3,27,B,SRI12,976,-0.0005691811403321959,357.05332744608364,0.0,0.7,5704367114.446294,5704.367114446294,0.9092752695058173,0.462802860497385
T_Q3,27,B,SRI12,978,0.0,1077.2856754525676,0.0,0.7,6992658748.506879,6992.6587485068785,0.9480556445013698,0.3588785711744405
T_Q3,27,B,SRI12,984,-4.0,0.0,0.0,0.7051850528315443,1378532437.141678,1378.5324371416782,0.8592521435941224,0.5098018287259402
T_Q3,27,B,SRI12,985,-2.934110701168062,0.0,-0.9702424741357711,0.7,891539373.6919425,891.5393736919425,0.8077703063293842,0.5098018287259402
T_Q3,27,B,SRI12,989,-0.0900193957771775,317.807157802558,0.0,0.7,5587281458.3678465,5587.281458367846,0.9044721955384779,0.4694204290746076
T_Q3,27,B,SRI12,992,-2.053666247453804,0.0,-0.002465651178456929,0.7336338954103369,1244801650.0222857,1244.8016500222857,0.8464795246735689,0.5098018287259402
T_Q3,27,B,SRI12,994,0.0,157.35082658015858,0.0,0.7000746031863622,4945250113.499239,4945.250113499239,0.8845127548297577,0.489344291457644
T_Q3,27,B,SRI12,997,0.0,332.7364438945147,0.0,0.700250340475927,5631914089.098997,5631.9140890989975,0.9069271000106737,0.46614722311168016
T_Q3,27,B,SRI12,1000,-4.783660998387471e-05,1850.75287705685,0.0,0.7000746031863622,7757176624.194042,7757.176624194042,0.9614330949585514,0.20617639733874124
T_Q3,27,B,SRI12,1001,-4.0,0.0,-1.2556243208575344,0.7,728532056.2775369,728.5320562775369,0.7881310705518197,0.5098018287259402
T_Q3,27,B,SRI12,1004,0.0,448.36179004279387,0.0,0.7,5942893291.983397,5942.893291983397,0.9167822962251397,0.44978119329704347
T_Q3,27,B,SRI12,1010,0.0,6.555585327009112,0.0,0.7,3074894878.923388,3074.894878923388,0.8625253495570496,0.5090191055608924
T_Q3,27,B,SRI12,1012,0.0,883.4946794921295,0.0,0.7001019054181314,6735370585.330153,6735.3705853301535,0.9411890276443592,0.3892268829828868
T_Q3,27,B,SRI12,1014,0.0,57.75176144770141,0.0,0.7,4198149897.7337213,4198.149897733721,0.8706372078130004,0.5018678620984095
T_Q3,27,B,SRI12,1019,0.0,75.8187255714488,0.0,0.7000268331748922,4383703348.438745,4383.703348438745,0.8731988472622481,0.500053367488526
T_Q3,27,B,SRI12,1023,-0.06317451835646719,44.609428668495056,0.0,0.7,4032704492.257681,4032.704492257681,0.8685380865976446,0.5043583448962891
T_Q3,27,B,SRI12,1024,0.0,1178.1265665017334,0.0,0.7001397744801022,7111965917.501039,7111.965917501038,0.9509730672074574,0.3420144448002278
T_Q3,27,B,SRI12,1027,0.0,985.66782272818,0.0,0.7,6876222129.111341,6876.222129111342,0.9453516917493864,0.3730743231223539
T_Q3,27,B,SRI12,1028,-0.627227428328466,0.0,-1.4183590463301674,0.7355273848482498,562681052.1606687,562.6810521606687,0.7682427864944675,0.5098018287259402
T_Q3,27,B,SRI12,1030,-1.8525792487828927,0.0,0.0,0.7449127751670727,1192786719.6300335,1192.7867196300335,0.8405023659586581,0.5098018287259402
T_Q3,27,B,SRI12,1031,-3.2423807455325453,0.0,-1.9987511918877137,0.7007988055005666,310094174.468444,310.094174468444,0.7338029672323622,0.5098018287259402
T_Q3,27,B,SRI12,1032,-0.7052058076265282,0.0,-1.2851937909808928,0.8052044643566953,462553920.75540507,462.55392075540504,0.7555057458995981,0.5098018287259402
T_Q3,27,B,SRI12,1033,-3.9702764078905517,0.0,-1.0387620444034136,0.843719956521811,442948943.5853288,442.94894358532883,0.7504536236524709,0.5098018287259402
T_Q3,27,B,SRI12,1035,-1.3386885873285255,0.0,-0.5771668438177988,0.7167195739476084,1038211422.7377695,1038.2114227377695,0.8263777706621126,0.5098018287259402
T_Q3,27,B,SRI12,1038,-1.0441562150625785,0.0,-0.5523809559083439,0.7,1115465170.0422091,1115.4651700422091,0.834880990500587,0.5098018287259402
T_Q3,27,B,SRI12,1039,-2.042189429149831,0.0,0.0,0.7302913608621685,1261148682.7992785,1261.1486827992785,0.8484007542605044,0.5098018287259402
T_Q3,27,B,SRI12,1041,-0.0025999533865754265,121.68845823435743,0.0,0.7,4736607177.420916,4736.607177420916,0.8789269576973708,0.49418294375066707
T_Q3,27,B,SRI12,1042,-0.04479316608681476,428.58007844637916,0.0,0.7,5894640082.560701,5894.640082560702,0.9146475966841002,0.4539082790763867
T_Q3,27,B,SRI12,1046,-2.592208791717564,0.0,-1.9967999222894612,0.8288068118808821,177827249.0186714,177.82724901867138,0.716867684206781,0.5098018287259402
T_Q3,27,B,SRI12,1052,-0.009197582760851586,292.46042948040656,0.0,0.7008871396231409,5501448368.276215,5501.448368276215,0.9018749777635464,0.47123492368449144
T_Q3,27,B,SRI12,1054,-3.5575754553087093,0.0,-0.0013624307380311063,0.9513556111641365,227477120.9962474,227.4771209962474,0.7236987227381081,0.5098018287259402
T_Q3,27,B,SRI12,1056,-0.04472451216102234,398.39838737895855,0.0,0.7,5817516025.423661,5817.516025423662,0.9121215355605364,0.4584267264382537
T_Q3,27,B,SRI12,1060,0.0,1278.7181202626732,0.0,0.7009058268933599,7220323118.193501,7220.323118193502,0.953570284982389,0.32276657060518726
T_Q3,27,B,SRI12,1061,0.0,823.0779676841048,0.0,0.7,6646969147.877907,6646.969147877907,0.9382716049382716,0.39801472942683314
T_Q3,27,B,SRI12,1062,-0.05877073980863865,145.7325403924785,0.0,0.7,4881848407.835161,4881.848407835161,0.8824136336144022,0.4917280392784715
T_Q3,27,B,SRI12,1067,0.0,852.5937839005638,0.0,0.7,6690956575.793268,6690.956575793268,0.9397303162913154,0.393923221973174
T_Q3,27,B,SRI12,1068,0.0,4.212707754980499,0.0,0.7000047783215173,2909098981.7112703,2909.0989817112704,0.8622051446258938,0.5093037321663643
T_Q3,27,B,SRI12,1070,-0.036565850929397285,1054.5688722443335,0.0,0.7,6964363241.423339,6964.363241423339,0.9468815597537982,0.3654249831002953
T_Q3,27,B,SRI12,1073,0.0,1810.3223089241524,0.0,0.7,7724512042.617335,7724.512042617335,0.9609705767246597,0.21350553242964387
T_Q3,27,B,SRI12,1075,0.0,345.86593550881787,0.0,0.7,5672024369.853078,5672.024369853078,0.9082790763866654,0.4642615718504288
T_Q3,27,B,SRI12,1076,0.0,171.29697934056097,0.0,0.7000740953403608,5017152175.514445,5017.152175514445,0.8866118760451133,0.4872095919166045
T_Q3,27,B,SRI12,1078,-3.2423807455325453,0.0,-0.9478230953560729,0.7007988055005666,903403893.7092774,903.4038937092774,0.8085886078201161,0.5098018287259402
T_Q3,27,B,SRI12,1080,0.0,94.3681413527504,0.0,0.7,4542078134.01347,4542.07813401347,0.8753691251289714,0.4978475112961185
T_Q3,27,B,SRI12,1082,-1.679627039860847,0.0,-2.190147278683749,0.8853638745344625,88231754.2346343,88.2317542346343,0.7060518731988474,0.5098018287259402
T_Q3,27,B,SRI12,1087,-0.006602111289272638,0.0,-1.0027093968822287,0.7068286272290886,854692424.3335541,854.6924243335542,0.8037143772014088,0.5098018287259402
T_Q3,27,B,SRI12,1088,-1.5509244360824728,0.0,-0.006259922579523361,0.7045028987628523,1380680935.740421,1380.680935740421,0.8595367701995943,0.5098018287259402
T_Q3,27,B,SRI12,1092,-1.3486729209940485,0.0,-2.210563345368809,0.7058269313164494,218788660.31457382,218.78866031457383,0.72291599957306,0.5098018287259402
T_Q3,27,B,SRI12,1093,-1.349284544399762,0.0,-0.5657621221149253,0.7024167563871128,1098394847.6469202,1098.3948476469202,0.8331376525420715,0.5098018287259402
T_Q3,27,B,SRI12,1101,0.0,1075.573525042513,0.0,0.7000412640575335,6990356454.241085,6990.356454241085,0.9478421745472658,0.35912761945422844
T_Q3,27,B,SRI12,1102,-0.0060302448398062425,0.0,-1.3615495105714506,0.7000004699444776,671645417.0734076,671.6454170734077,0.7812644536948091,0.5098018287259402
T_Q3,27,B,SRI12,1106,0.0,492.5950845512706,-0.004697058113950114,0.7,6044528155.907313,6044.528155907314,0.9199487672110153,0.44451560109581245
T_Q3,27,B,SRI12,1107,-1.2389738581234062,0.0,-0.7518022865512087,0.7080726043805649,973703263.5302316,973.7032635302315,0.8190842138968941,0.5098018287259402
T_Q3,27,B,SRI12,1110,-0.0010695151498928183,106.53062415416599,0.0,0.7000083584730188,4633342045.14977,4633.34204514977,0.8770057281104352,0.4962109083146547
T_Q3,27,B,SRI12,1113,0.0,677.4069169833012,0.0,0.7000000455431055,6410015682.840239,6410.015682840239,0.9312982531042089,0.41996655637385705
T_Q3,27,B,SRI12,1116,-1.2226235690234146,0.0,-0.8918779997368991,0.7045550089779198,918351766.7058231,918.351766705823,0.8107944640125235,0.5098018287259402
T_Q3,27,B,SRI12,1117,0.0,1032.10894829677,-0.029463115257743144,0.7,6926341524.73514,6926.3415247351395,0.9465257764969581,0.36606539296260726
T_Q3,27,B,SRI12,1121,0.0,576.124866389617,0.0,0.7000059455296321,6221313448.992877,6221.313448992877,0.9250008894581424,0.43345074180809057
T_Q3,27,B,SRI12,1125,-0.0005659416640727891,1522.2658362989932,0.0,0.7000074811344161,7470203002.681069,7470.203002681069,0.9574839008076279,0.27252997473938884
T_Q3,27,B,SRI12,1127,-0.06993276636315982,244.64814412487485,-0.0016766584074821187,0.7006644306014806,5331784773.916143,5331.784773916143,0.8958266623972676,0.47852848044971
T_Q3,27,B,SRI12,1131,-0.0469500499121674,466.2091821211085,-0.004924830259591726,0.7,5984177786.1266365,5984.177786126636,0.9170313445049275,0.4492475184117835
T_Q3,27,B,SRI12,1133,-0.03146438334842294,1151.0693156046489,-0.000650044488555445,0.7000991809329582,7080140988.984061,7080.140988984062,0.9496210908314657,0.34948589319386625
T_Q3,27,B,SRI12,1136,0.0,776.2924643181223,0.0,0.7,6574656108.697632,6574.656108697632,0.9363503753513359,0.4051303945636318
T_Q3,27,B,SRI12,1137,-0.06360726778310433,0.0,-0.044504635502250145,0.7060934086361133,1359111928.4861052,1359.1119284861052,0.8575088056356067,0.5098018287259402
T_Q3,27,B,SRI12,1139,0.0,1180.1076444092714,0.0,0.7,7114914505.673808,7114.914505673808,0.9510086455331414,0.34158750489201983
T_Q3,27,B,SRI12,1140,-0.007398611011919354,2068.4259370570794,0.0,0.700006402502704,7926900723.655358,7926.900723655358,0.9633543245454871,0.17305297612694345
T_Q3,27,B,SRI12,1144,-0.006606455879740699,0.0,-1.0288882015179361,0.7068218194099563,836767546.1487892,836.7675461487892,0.8009392677980576,0.5098018287259402
T_Q3,27,B,SRI12,1149,-0.0018460532018432889,203.28156446054302,-0.0016147311773834858,0.7001144230451866,5165637727.283948,5165.637727283948,0.8907033834987726,0.4832603977656811
T_Q3,27,B,SRI12,1150,0.0,877.8699104103388,0.0,0.7,6727771919.831257,6727.771919831257,0.9409399793645711,0.38972497954246277
T_Q3,27,B,SRI12,1154,-0.09689563664624301,486.99894572081257,0.0,0.7,6032730900.762431,6032.730900762431,0.9185256341836556,0.4485003735724196
T_Q3,27,B,SRI12,1156,-0.06363813604516706,261.4361800116145,-0.0015322645200046836,0.7006644306014806,5394218053.856059,5394.218053856059,0.8977478919842032,0.47660725086277445
T_Q3,27,B,SRI12,1159,-0.00811205581242751,1213.530229443749,0.0,0.7000002562891161,7152768531.966129,7152.76853196613,0.9520759953036612,0.334969936314797
T_Q3,27,B,SRI12,1169,0.0,1393.0908014253462,0.0,0.7000981685430295,7343483055.569445,7343.483055569444,0.9557049845234287,0.30081474365816346
T_Q3,27,B,SRI12,1181,-1.2362389371984683,0.0,-0.754943645577593,0.7017056805992449,993137457.2404699,993.13745724047,0.8211833351122496,0.5098018287259402
T_Q3,27,B,SRI12,1185,-0.11000203049051724,417.97599748069337,0.0,0.7000018387315229,5867976188.337903,5867.976188337903,0.9133667769594767,0.4565766535026862
T_Q3,27,B,SRI12,1190,-1.8675302800246163,0.0,0.0,0.7364522094446212,1232343828.8294606,1232.3438288294606,0.8450919699718932,0.5098018287259402
T_Q3,27,B,SRI12,1192,-3.0115120332359577,0.0,-0.5791515584221354,0.7120486705394509,1053672919.9705508,1053.6729199705508,0.8279432169922083,0.5098018287259402
T_Q3,27,B,SRI12,1193,-0.7928927086531063,0.0,-1.3427261308962903,0.8022894928630823,449175225.3901281,449.17522539012805,0.7537268296153982,0.5098018287259402
T_Q3,27,B,SRI12,1194,-1.349284544399762,0.0,-1.4164626815040555,0.7024167563871128,634171525.7638254,634.1715257638255,0.7765681147045219,0.5098018287259402
T_Q3,27,B,SRI12,1199,-0.0009315494742641369,0.0,-1.1418637978101591,0.7000056805914582,796335134.5162733,796.3351345162732,0.7959938805279824,0.5098018287259402
T_Q3,27,B,SRI12,1207,-0.014560147034102812,1854.6772308001089,0.0,0.7,7760704985.149305,7760.704985149306,0.9614330949585514,0.20671007222400106
T_Q3,27,B,SRI12,1209,0.0,2003.2819741983367,-0.005043088170648136,0.7000117570344039,7876681062.744401,7876.681062744401,0.9628918063115951,0.18244565410751767
T_Q3,27,B,SRI12,1210,0.0,1445.1822005332883,-0.0012749965792817064,0.7,7395360792.260864,7395.360792260864,0.9563809727114242,0.28939410111360153
T_Q3,27,B,SRI12,1217,-0.06800959686305616,236.45707020627503,-0.001673994716936821,0.7006460338509967,5300260820.461975,5300.2608204619755,0.894581420998328,0.4797737218486497
T_Q3,27,B,SRI12,1220,-0.0017796404514836377,1005.3523271905658,-0.00030145735245004635,0.7005836811531756,6898930787.058324,6898.930787058324,0.9457786316575942,0.3700145871135305
T_Q3,27,B,SRI12,1221,-1.2226235690234146,0.0,-0.8225608970950533,0.7045550089779198,952358762.3860724,952.3587623860724,0.8156686946312307,0.5098018287259402
T_Q3,27,B,SRI12,1222,0.0,1650.0699796769163,0.0,0.7,7587216623.974346,7587.2166239743465,0.9592983954175117,0.2455971821966059
T_Q3,27,B,SRI12,1225,-2.3506192668229503e-07,597.9177025820975,0.0,0.7000280224945716,6263727913.392151,6263.727913392151,0.926530757462554,0.4310669939872631
T_Q3,27,B,SRI12,1228,0.0,358.6823153390894,0.0,0.7,5709016443.016316,5709.016443016317,0.9094887394599211,0.46266054719464905
T_Q3,27,B,SRI12,1232,-0.039166227561188566,989.6704268424706,0.0,0.7,6881320458.422545,6881.320458422545,0.9448180168641265,0.3755292275945493
T_Q3,27,B,SRI12,1236,-0.7558618021071482,0.0,-0.9747409922202628,0.7,888884797.8016292,888.8847978016291,0.8074145230725442,0.5098018287259402
T_Q3,27,B,SRI12,1238,0.0,557.5820611675961,-4.3487052357490643e-07,0.7000350592274138,6183834627.247413,6183.834627247413,0.9235065997794146,0.43590564628028605
T_Q3,27,B,SRI12,1241,-0.0022826141357708604,275.7050094553804,-9.627840059398766e-05,0.7,5448516109.685914,5448.516109685914,0.9003451097591347,0.47393887643647487
T_Q3,27,B,SRI12,1243,0.0,476.02791777497276,0.0,0.7,6007844201.081795,6007.844201081794,0.9187746824634435,0.44665030063685196
T_Q3,27,B,SRI12,1244,-0.00044816755862424167,661.2962457937767,0.0,0.7001271268162012,6380865271.137905,6380.865271137905,0.9301241683566374,0.42256377414878843
T_Q3,27,B,SRI12,1245,-1.8522329786608682,0.0,-0.0028292190537903307,0.7016717095174684,1394096690.3601043,1394.0966903601043,0.8607464332728502,0.5098018287259402
T_Q3,27,B,SRI12,1251,-0.006602111289272638,0.0,-0.01371502866141465,0.9778387915300254,103513725.03885467,103.51372503885467,0.7090048742306186,0.5098018287259402
T_Q3,27,B,SRI12,1252,-0.000819237870838558,1588.8413093423935,-0.0064429772096975535,0.7,7530899523.636613,7530.899523636613,0.958337780624044,0.2583698011171594
T_Q3,27,B,SRI12,1257,0.0,54.620079714782264,0.0,0.7000003273899492,4161571051.2640424,4161.571051264043,0.8702102679047926,0.5023303803323015
T_Q3,27,B,SRI12,1262,-0.008097667921761831,1021.2214624827631,0.0,0.7,6922349635.513667,6922.349635513667,0.9464190415199063,0.3676308392927029
T_Q3,27,B,SRI12,1263,-0.000654702817606151,1734.5669975412516,-0.024881303207593353,0.7000789864634139,7652542312.159275,7652.542312159275,0.9600455402568756,0.22823495926281703
T_Q3,27,B,SRI12,1266,-0.7609746695677635,0.0,-1.2776313555356107,0.8460995815205353,367792887.5882763,367.7928875882763,0.7405984274380049,0.5098018287259402
T_Q3,27,B,SRI12,1276,0.0,728.5447607571297,-0.0026435280879347645,0.700044393625728,6496276792.847243,6496.276792847243,0.9341800974846125,0.41210374639769437
T_Q3,27,B,SRI12,1277,-0.0015281952228632886,931.4038463688191,-0.0005469681186350828,0.7002429589293148,6801579300.463726,6801.579300463726,0.9432525705340306,0.38150638630946027
T_Q3,27,B,SRI12,1278,-0.4281017992217251,126.0929409544591,-0.0005758606622741497,0.7000480985517313,4763837687.395537,4763.837687395538,0.877788451275483,0.4967801615255986
T_Q3,27,B,SRI12,1282,-0.07172048630845108,688.9362794640863,0.0,0.7,6429975861.488001,6429.975861488001,0.9305511082648453,0.42110506279574483
T_Q3,27,B,SRI12,1283,-1.701181991764212,0.0,-1.1231227177005365,0.902353004513441,261930617.2960324,261.9306172960324,0.7283239050770273,0.5098018287259402
T_Q3,27,B,SRI12,1284,-0.036754288067463614,0.0,-0.1497434870499279,0.7435936111052159,1149104428.1325278,1149.1044281325278,0.8375849432525707,0.5098018287259402
T_Q3,27,B,SRI12,1285,0.0,2060.0976747576688,0.0,0.7000080784898689,7920665651.0468855,7920.665651046886,0.963212011242751,0.1741914825488313
T_Q3,27,B,SRI12,1286,-1.3483919222371512e-06,118.2278288122775,-0.0009523674957246271,0.7,4713495883.099592,4713.495883099592,0.8787490660689509,0.494681040310243
T_Q3,27,B,SRI12,1290,-2.2826000555025385,0.0,-0.7788648330481129,0.9391021014061124,200059223.07119006,200.05922307119005,0.7206389867292844,0.5098018287259402
T_Q3,27,B,SRI12,1291,-3.950815840743571,0.0,-2.1993455383625986,0.7089952984060895,220283369.57530314,220.28336957530314,0.722951577898744,0.5098018287259402
T_Q3,27,B,SRI12,1292,-0.007497203860815968,854.1246034098148,-3.13259567591216e-05,0.7,6693207524.595292,6693.207524595292,0.9397658946169996,0.3936030170420181
T_Q3,27,B,SRI12,1293,0.0,0.0,-0.851838584256321,0.9580109163322511,133187514.45065825,133.18751445065826,0.7122069235421781,0.5098018287259402
T_Q3,27,B,SRI12,1296,0.0,0.0,-0.7215261026660498,0.7080364559562962,988330821.6055156,988.3308216055156,0.8202582986444659,0.5098018287259402
T_Q3,27,B,SRI12,1297,-0.7024511413013605,0.0,-1.3121573471725352,0.7015103587894157,692691127.3796637,692.6911273796637,0.7845732379834205,0.5098018287259402
T_Q3,27,B,SRI12,1298,-0.19142138285431984,331.4687982673824,0.0,0.7,5628935288.657452,5628.935288657452,0.9055039669833138,0.46998968228555155
T_Q3,27,B,SRI12,1300,-0.11042958956608984,162.32954028713763,-0.007377336932829306,0.7000002462557733,4970596968.011905,4970.596968011905,0.8846194898068098,0.48952218308606393
T_Q3,27,B,SRI12,1303,0.0,801.4469437383912,0.0,0.7,6613905597.243419,6613.905597243419,0.937488881773224,0.4014658270181805
T_Q3,27,B,SRI12,1304,0.0,991.9639389631268,0.0,0.7,6884496393.319581,6884.496393319581,0.9454940050521224,0.37229159995730604
T_Q3,27,B,SRI12,1305,-0.027663065649732154,0.0,-0.025573215187612408,0.9922418842074093,36206652.8235522,36.2066528235522,0.70117764258014,0.5098018287259402
T_Q3,27,B,SRI12,1306,0.0,1475.413643288397,0.0,0.7,7425478823.338366,7425.478823338365,0.9569146475966841,0.28302558081616674
T_Q3,27,B,SRI12,1307,0.0,721.3883591625537,-0.01452800606418622,0.7,6481669530.143321,6481.669530143321,0.9337175792507204,0.41299320453979427
T_Q3,27,B,SRI12,1308,-0.001470624630732032,72.39253957239887,0.0,0.7000641048083274,4351140877.862705,4351.140877862706,0.8724872807485681,0.5004091507453661
T_Q3,27,B,SRI12,1310,-0.013043201526870463,0.0,-0.14694564473358945,0.9861825270815768,62133831.33079135,62.133831330791345,0.7043441135660156,0.5098018287259402
T_Q3,27,B,SRI12,1313,0.0,331.4687982673824,-0.0016421499341349177,0.7,5628462839.090687,5628.462839090686,0.9068559433593057,0.4662895364144162
T_Q3,27,B,SRI12,1314,-0.03423517907210362,1154.346993902544,0.0,0.700006790099723,7084837570.015263,7084.837570015263,0.9496922474828338,0.3490945316113423
T_Q3,27,B,SRI12,1316,-0.0409835545112882,0.0,-0.8350036123724974,0.9092074276236535,290445958.9041317,290.4459589041317,0.7321663642508982,0.5098018287259402
T_Q3,27,B,SRI12,1317,-0.1721089248409644,0.0,-0.008038463317247224,0.7009536412933925,1397145303.198148,1397.145303198148,0.8610666382040061,0.5098018287259402
T_Q3,27,B,SRI12,1320,-0.01695337081425022,358.1683385562333,0.0,0.7,5707549855.430447,5707.549855430447,0.9094175828085532,0.46280286049738506
T_Q3,27,B,SRI12,1321,0.0,1575.6828592170168,0.0,0.700117476408634,7519440817.036998,7519.440817036998,0.9581598889956241,0.2611804888461948
T_Q3,27,B,SRI12,1322,-1.8413199626499668,0.0,-0.7807657422453085,0.8998817229181432,328670153.91556406,328.6701539155641,0.7372896431493934,0.5098018287259402
T_Q3,27,B,SRI12,1326,0.0,62.21202710584519,0.0,0.7,4247704619.975648,4247.704619975648,0.8714910876294161,0.5015476571672536
T_Q3,27,B,SRI12,1327,-0.049136616468304015,837.3101410125694,0.0,0.7,6668191437.270867,6668.191437270867,0.9377735083786959,0.398904187568933
T_Q3,27,B,SRI12,1331,-2.1472098766848026e-06,1048.9697739595942,0.0,0.7000676993636039,6957125982.280834,6957.125982280834,0.947415234639058,0.36329028355925574
T_Q3,27,B,SRI12,1332,-0.43985197051424807,72.39253957239887,0.0,0.7000641048083274,4351017930.523026,4351.017930523027,0.8713131960009961,0.5023303803323015
T_Q3,27,B,SRI12,1342,-0.08676084465444811,0.0,-0.0016251934341256,0.7217022706268527,1300555374.5906038,1300.5553745906038,0.8522787917600598,0.5098018287259402
T_Q3,27,B,SRI12,1343,-1.6784224233865115,0.0,-1.135281351757107,0.7437311542488877,681376469.7325811,681.3764697325811,0.7830433699790085,0.5098018287259402
T_Q3,27,B,SRI12,1344,-1.784968048415593,0.0,-1.1281644189431803,0.7118006588100823,769877216.2738843,769.8772162738843,0.7929341445191589,0.5098018287259402
T_Q3,27,B,SRI12,1345,0.0,185.02396651817833,-0.005557481721026214,0.7000089382756901,5083029439.617797,5083.029439617797,0.888177322375209,0.48546625395808873
T_Q3,27,B,SRI12,1347,-2.6718208247321615,0.0,-0.05401988975649186,0.7062845479150376,1354878555.136394,1354.878555136394,0.8568328174476106,0.5098018287259402
T_Q3,27,B,SRI12,1348,-0.03503705898662749,0.0,-0.002568037587480143,0.7187062425051984,1314555121.458676,1314.555121458676,0.8533105632048956,0.5098018287259402
T_Q3,27,B,SRI12,1355,-3.48766314271446,0.0,-1.206370295439452,0.7027439539796467,750249824.0815988,750.2498240815987,0.7901234567901234,0.5098018287259402
T_Q3,27,B,SRI12,1356,0.0,0.0,0.0,0.7342395173095175,1242689201.3830676,1242.6892013830677,0.8462660547194649,0.5098018287259402
T_Q3,27,B,SRI12,1358,-0.01695337081425022,1363.6673434132106,-0.00016437872429688263,0.7006269470111371,7310919586.289345,7310.919586289345,0.9550645746611166,0.30728999893265024
T_Q3,27,B,SRI12,1360,0.0,31.193674673902365,-5.499108312698696e-05,0.7000070453714556,3819564534.2277536,3819.5645342277535,0.866189917102501,0.5058526345750168
T_Q3,27,B,SRI12,1363,-0.005349727461650078,1537.9137690134346,-3.679027698112172e-05,0.7000001848285519,7484958033.966728,7484.958033966728,0.9576617924360479,0.2690432988223574
T_Q3,27,B,SRI12,1368,-0.016731720940373777,622.3644283134092,0.0,0.7,6310238740.796245,6310.238740796244,0.9277759988614938,0.4283986195609635
T_Q3,27,B,SRI12,1370,-2.1472098766848026e-06,313.89922113539643,0.0,0.7000002077841749,5575088564.599193,5575.088564599193,0.9048635571210019,0.46845981428113986
T_Q3,27,B,SRI12,1373,-0.06649466474731922,481.1581840215534,0.0,0.7010898111359761,6014380097.199305,6014.380097199304,0.9177429110186076,0.44832248194399965
T_Q3,27,B,SRI12,1374,-2.5430728469495296,0.0,-0.8307576817100015,0.9719770393556741,90020277.58846046,90.02027758846046,0.7076173195289428,0.5098018287259402
T_Q3,27,B,SRI12,1375,-0.0005968331696310633,749.8348244427651,0.0,0.7,6532199019.014286,6532.199019014286,0.9350339773010282,0.40854591382929517
T_Q3,27,B,SRI12,1380,-0.03462875520435632,1090.4909243819643,0.0,0.7000000879301999,7008724750.560732,7008.724750560732,0.9478421745472658,0.35930551108264847
T_Q3,27,B,SRI12,1381,-0.0023215630353250485,0.0,-1.0637787208442644,0.7015103587894157,834032138.0408907,834.0321380408907,0.8002632796100616,0.5098018287259402
T_Q3,27,B,SRI12,1383,-0.015557172394657308,0.0,-1.317275984640799,0.7454483518899194,589411793.0567563,589.4117930567562,0.7720852456683387,0.5098018287259402
T_Q3,27,B,SRI12,1384,0.0,20.31032084461424,0.0,0.7,3586681200.436329,3586.6812004363287,0.8646600490980895,0.5072757676023767
T_Q3,27,B,SRI12,1385,-1.701181991764212,0.0,-0.844806660724534,0.902353004513441,310536830.1039718,310.5368301039718,0.7349058953285659,0.5098018287259402
T_Q3,27,B,SRI12,1389,0.0,0.0,-0.8452276549702432,0.7266278642788033,869028723.4327054,869.0287234327054,0.8072366314441242,0.5098018287259402
T_Q3,27,B,SRI12,1393,-0.33672686055631645,120.5699289895658,0.0,0.7,4729145014.7324295,4729.145014732429,0.8777528729497992,0.49713594478243855
T_Q3,27,B,SRI12,1394,-0.3452337937170038,95.64209188719782,0.0,0.7,4551883518.987586,4551.883518987586,0.8746219802896076,0.4999110541857901
T_Q3,27,B,SRI12,1395,-0.10743274951313049,554.0961077029937,0.0,0.7,6176739362.505584,6176.739362505584,0.9222257800547908,0.4397836837798413
T_Q3,27,B,SRI12,1397,-0.7024511413013605,0.0,-0.8124158610540928,0.70618927169511,952264037.7812806,952.2640377812806,0.8155975379798627,0.5098018287259402
T_Q3,27,B,SRI12,1398,-4.450352887294039e-06,1105.7575588539187,0.0,0.7000169008507582,7027283391.854347,7027.283391854347,0.9490874159462058,0.3543601238125734
T_Q3,27,B,SRI12,1401,-0.0013863744559503548,95.93334124691035,0.0,0.7000021082050284,4554296368.267936,4554.296368267936,0.8756537517344434,0.49752730636496245
T_Q3,27,B,SRI12,1405,-0.03277555333539195,38.27191149283266,0.0,0.7,3939221275.224072,3939.221275224072,0.8673995801757568,0.5052122247127048
T_Q3,27,B,SRI12,1406,-0.051362202960333336,213.79532018588623,-0.004932981814119004,0.7,5211212671.293636,5211.212671293636,0.8919130465720282,0.4824420962749494
T_Q3,27,B,SRI12,1407,0.0,911.4037321849991,0.0,0.7,6775363948.326752,6775.363948326752,0.9422563774148789,0.3849930622264916
T_Q3,27,B,SRI12,1408,-0.04259199628487642,0.0,-0.8078131162736746,0.9949352074334148,16568964.357004715,16.568964357004717,0.6986160031308928,0.5098018287259402
T_Q3,27,B,SRI12,1414,-0.0014362944450131056,230.90395484940439,-1.6534770754027348e-05,0.7000000607785595,5282253952.217432,5282.253952217432,0.894723734301064,0.47938236026612585
T_Q3,27,B,SRI12,1421,-0.03043299093094597,647.0997565373876,0.0,0.7,6355835896.544347,6355.835896544347,0.9286298786779095,0.4258725584373999
T_Q3,27,B,SRI12,1422,-0.08537326265512515,276.2968220945189,-1.6534770754027348e-05,0.7000000607785595,5450691144.635677,5450.691144635677,0.8996691215711391,0.4751841178354147
T_Q3,27,B,SRI12,1429,-2.5462356469972924,0.0,-0.022996969960211167,0.7428642261031675,1196046962.8638034,1196.0469628638034,0.8411071974952861,0.5098018287259402
T_Q3,27,B,SRI12,1430,-0.011796531685942793,1181.7192100970788,0.0,0.7000001024411647,7116757580.010999,7116.757580010999,0.9510442238588254,0.3413028782865478
T_Q3,27,B,SRI12,1431,-0.2608523900491888,331.4687982673824,0.0,0.7,5628678038.283219,5628.678038283219,0.905077027075106,0.4713416586615433
T_Q3,27,B,SRI12,1432,0.0,111.78204857815803,0.0,0.7,4670344448.145896,4670.3444481458955,0.8778596079268511,0.49528587184687084
T_Q3,27,B,SRI12,1434,0.0,0.0,-0.5908893389031492,0.7,1090950204.8493288,1090.9502048493287,0.8323549293770235,0.5098018287259402
T_Q3,27,B,SRI12,1436,-0.0013863744559503548,86.65683039724662,0.0,0.7000021082050284,4479460443.114997,4479.460443114997,0.8744085103355035,0.4987369694382184
T_Q3,27,B,SRI12,1439,-0.007861287086092572,0.0,-0.8647481722019666,0.9282849789585077,225710184.69555926,225.71018469555926,0.722987156224428,0.5098018287259402
T_Q3,27,B,SRI12,1442,-0.7135501243374793,0.0,-1.2981253847730163,0.7015103587894157,701284769.9427962,701.2847699427962,0.7850357562173124,0.5098018287259402
T_Q3,27,B,SRI12,1445,-0.012742201776689732,1019.8359995536534,0.0,0.7,6920569417.644843,6920.569417644843,0.9463834631942224,0.36830682748069876
T_Q3,27,B,SRI12,1450,0.0,300.2398137212152,0.0,0.7,5531291218.957107,5531.291218957106,0.9032269541395382,0.47016757391397157
T_Q3,27,B,SRI12,1452,0.0,441.43114959632516,0.0,0.7,5926178947.324285,5926.178947324284,0.9166044045967198,0.45091969971893114
T_Q3,27,B,SRI12,1455,-1.8726858764657102,0.0,-0.5539280134315144,0.7191332303885373,1043627791.5670556,1043.6277915670555,0.8274451204326325,0.5098018287259402
T_Q3,27,B,SRI12,1458,-0.050418817082867474,567.1186188489398,-0.0052012379287681605,0.700000846928766,6202236421.527059,6202.236421527058,0.9233642864766787,0.43690183939943794
T_Q3,27,B,SRI12,1470,-0.10557861237401223,350.6410972996058,0.0,0.7,5685878991.3972645,5685.878991397264,0.9077809798270896,0.46579143985484045
T_Q3,27,B,SRI12,1471,-0.015922302964816858,521.0575051612744,0.0,0.7,6107736754.898757,6107.736754898757,0.9216565268438468,0.44070872024762514
T_Q3,27,B,SRI12,1475,-0.0176681256953668,0.0,-0.7167410076554283,0.7050224002784341,1000860290.0601335,1000.8602900601335,0.8216458533461415,0.5098018287259402
T_Q3,27,B,SRI12,1476,-0.01287800266278456,605.0236541663297,0.0,0.7004902487031602,6275192416.719989,6275.192416719989,0.9267798057423419,0.43049774077631925
T_Q3,27,B,SRI12,1478,0.0,1647.1651994689742,-0.0009441021124141566,0.700000011530655,7584194094.776455,7584.194094776455,0.9592272387661438,0.24627317038460175
T_Q3,27,B,SRI12,1485,-0.0014362944450131056,5.689239929347721,-1.6534770754027348e-05,0.7000000607785595,3019862080.7197347,3019.862080719735,0.8624541929056817,0.5092325755149962
T_Q3,27,B,SRI12,1486,0.0,424.1571268687307,-0.0011302563227548479,0.7,5883213503.567554,5883.213503567555,0.9150389582666242,0.45298324260860284
T_Q3,27,B,SRI12,1488,0.0,796.3065058190678,-0.02890761199946994,0.7,6596094154.779573,6596.094154779574,0.9369907852136479,0.40214181520617637
T_Q3,27,B,SRI12,1495,-0.00045106110732384013,0.0,-1.1993730083265535,0.8354215382225166,418192016.0813808,418.19201608138076,0.7466467428042838,0.5098018287259402
T_Q3,27,B,SRI12,1499,0.0,0.0,-0.0017159035248116416,0.7306682182335051,1258659573.9409523,1258.6595739409522,0.8482228626320847,0.5098018287259402
T_Q3,27,B,SRI12,1500,-0.0009098999255824497,579.6725727819219,0.0,0.7,6228254683.805885,6228.254683805885,0.925285516063614,0.43284591027146274
T_Q3,27,B,SRI12,1503,0.0,970.4267804043017,-1.6649316335013396e-05,0.7000506095743576,6855743129.885276,6855.743129885276,0.9446401252357064,0.3756359625716013
T_Q3,27,B,SRI12,1507,-3.13626515632474,0.0,-1.4424703948521533,0.7362112374339763,550041109.2131292,550.0411092131292,0.7664638702102677,0.5098018287259402
T_Q3,27,B,SRI12,1511,-0.051362202960333336,217.26587517919825,-0.004932981814119004,0.7,5225781723.025641,5225.781723025641,0.8924467214572883,0.48205073469242543
T_Q3,27,B,SRI12,1522,-0.0015471742399105481,729.152957804416,0.0,0.7,6498315700.279256,6498.315700279256,0.9342512541359805,0.4120681680720104
T_Q3,27,B,SRI12,1524,-0.016139254010065517,497.18109054179666,-0.0014400737002180919,0.7000133690793283,6054890400.8261595,6054.89040082616,0.9201622371651192,0.44398192621055255
T_Q3,27,B,SRI12,1525,0.0,1209.0628443074093,-0.0002322164278337601,0.7,7147553572.901227,7147.553572901227,0.9519692603266093,0.33607286441100076
T_Q3,27,B,SRI12,1526,-0.05177222306639573,0.0,-1.1287320327734722,0.7030386391934605,792809375.7892579,792.8093757892578,0.7956025189454585,0.5098018287259402
T_Q3,27,B,SRI12,1527,-0.020102772515841166,253.72057687808325,0.0,0.7,5369770445.013453,5369.770445013452,0.8973565304016792,0.4768562991425624
T_Q3,27,B,SRI12,1533,-0.007398202142948283,880.5517676264001,-3.13259567591216e-05,0.7000765765515644,6731256895.523681,6731.256895523681,0.9411178709929909,0.38947593126267466
T_Q3,27,B,SRI12,1535,0.0,389.52180289447153,0.0,0.7,5794095079.3437805,5794.0950793437805,0.9120859572348524,0.4582844131355178
T_Q3,27,B,SRI12,1537,-0.17602744609490673,0.0,-1.028493489378247,0.7016884287565841,852034614.6170878,852.0346146170879,0.8023624008254173,0.5098018287259402
T_Q3,27,B,SRI12,1538,-2.1472098766848026e-06,133.36100570097932,0.0,0.7000002077841749,4809594416.994434,4809.594416994434,0.8808481872843062,0.49268865407193935
T_Q3,27,B,SRI12,1544,0.0,285.9131160325198,0.0,0.7,5483671574.7732115,5483.671574773211,0.9014836161810225,0.4724801650834311
T_Q3,27,B,SRI12,1545,-2.4546620447929435,0.0,-1.0789742175718107,0.8901260657445821,303959664.3358914,303.95966433589143,0.7326644608104744,0.5098018287259402
T_Q3,27,B,SRI12,1546,-0.0007430199374257075,1990.5842818297876,0.0,0.7,7867932352.360332,7867.932352360332,0.9627494930088589,0.18411783541466534
T_Q3,27,B,SRI12,1547,0.0,1435.7590510884597,0.0,0.7,7386649963.535175,7386.649963535176,0.9562742377343724,0.29127975237485326
T_Q3,27,B,SRI12,1548,-0.0007430199374257075,63.98810175990036,-0.000350190880985239,0.7,4266394738.869751,4266.394738869751,0.8717045575835201,0.5014053438645176
T_Q3,27,B,SRI12,1550,-2.2960493140606855,0.0,-1.0729497665539114,0.8067111703378216,537702837.1515133,537.7028371515133,0.7644359056462803,0.5098018287259402
T_Q3,27,B,SRI12,1551,-2.4546620447929435,0.0,-0.0831118543042807,0.7025817145720482,1361514242.2588806,1361.5142422588806,0.857651118938343,0.5098018287259402
T_Q3,27,B,SRI12,1554,-3.197293883933987,0.0,-1.4128243451502231,0.9596165143790694,86452492.70705968,86.45249270705968,0.7056960899420075,0.5098018287259402
T_Q3,27,B,SRI12,1555,-3.826420358298254,0.0,-0.15263214059002506,0.991463104819754,38319177.98525043,38.31917798525043,0.7014266908599281,0.5098018287259402
T_Q3,27,B,SRI12,1556,-2.4546620447929435,0.0,-1.0789742175718107,0.9581817782852291,115770864.34915495,115.77086434915495,0.7096452840929307,0.5098018287259402
T_Q3,27,B,SRI12,1558,-2.4546620447929435,0.0,-1.0789742175718107,0.8823132909327543,325563680.5384461,325.56368053844614,0.7352261002597219,0.5098018287259402
T_Q3,27,B,SRI12,1559,0.0,51.96791089487231,-0.003069746424902098,0.7,4128456372.331274,4128.456372331274,0.8697477496709006,0.5029352118689294
T_Q3,27,B,SRI12,1562,0.0,470.9520675594721,-0.031029516234940602,0.7,5985497766.839253,5985.497766839253,0.9179208026470277,0.44721955384779594
T_Q3,27,B,SRI12,1564,0.0,930.8405702198361,0.0,0.7,6802315369.889548,6802.3153698895485,0.9432881488597146,0.3816486996121962
T_Q3,27,B,SRI12,1566,0.0,0.0,-0.010600996851220016,0.7401324073140729,1213549883.4929128,1213.5498834929128,0.8432063187106417,0.5098018287259402
T_Q3,27,B,SRI12,1567,-0.09262178781973888,326.6765932397681,-0.01135468449440967,0.700282471408325,5611175468.69921,5611.17546869921,0.9049347137723699,0.46863770590955983
T_Q3,27,B,SRI12,1568,-2.265815866645167,0.0,-0.014923986776848253,0.7328273649739531,1245944911.7897608,1245.944911789761,0.8467641512790408,0.5098018287259402
T_Q3,27,B,SRI12,1569,0.0,1363.382076879723,-0.002001478574566562,0.700508043392613,7310542618.984783,7310.542618984783,0.9550645746611166,0.30675632404739034
T_Q3,27,B,SRI12,1574,-2.559555474636395,0.0,-1.1229871784157557,0.7010606583196316,801604895.4428118,801.6048954428119,0.7966342903902943,0.5098018287259402
T_Q3,27,B,SRI12,1575,-0.32564694554007323,0.0,-0.7241393688189923,0.7075892832917033,988438816.1000435,988.4388161000435,0.8204717685985697,0.5098018287259402
T_Q3,27,B,SRI12,1576,0.0,407.7577003205526,0.0,0.7007546076385032,5838368787.309994,5838.368787309993,0.9134379336108445,0.4557939303376383
T_Q3,27,B,SRI12,1578,0.0,707.858876409315,-0.0031049078416314924,0.7,6461693460.506066,6461.693460506066,0.9331483260397765,0.415056747429466
T_Q3,27,B,SRI12,1582,-2.4543022329365765,0.0,-0.8807685196829773,0.950553873558029,154382919.204597,154.382919204597,0.7145906713630056,0.5098018287259402
T_Q3,27,B,SRI12,1583,-1.5684423459620316,0.0,-1.2449242994572496,0.7043676016643701,722688422.3993354,722.6884223993354,0.787028142455616,0.5098018287259402
T_Q3,27,B,SRI12,1587,-2.7568741379113866e-05,0.0,-1.1699794851353322,0.7012020828692684,776564180.3659062,776.5641803659063,0.793254349450315,0.5098018287259402
T_Q3,27,B,SRI12,1588,0.0,0.0,-0.7565081061044372,0.7422431900946439,857371303.7665987,857.3713037665987,0.8066317999074966,0.5098018287259402
T_Q3,27,B,SRI12,1592,-1.8884538374997266,0.0,-0.12626632769434532,0.7346073732647026,1198671646.9002044,1198.6716469002045,0.8426726438253815,0.5098018287259402
T_Q3,27,B,SRI12,1595,-9.748699836387219e-05,505.73372254744004,-0.0018628043324036177,0.7000000570657188,6073654806.534181,6073.65480653418,0.920767068701747,0.4423809015547728
T_Q3,27,B,SRI12,1596,-3.1856032729115347,0.0,-0.00812315887871673,0.959853234775343,187682152.96510893,187.68215296510894,0.718433130536877,0.5098018287259402
T_Q3,27,B,SRI12,1600,-2.455254110308734,0.0,-0.017740775232815198,0.9507179180878036,229677609.06008738,229.67760906008738,0.724125662646316,0.5098018287259402
T_Q3,27,B,SRI12,1605,-0.0016568415596937961,539.8933147261773,0.0,0.7005852348908592,6144768778.741706,6144.768778741706,0.9223680933575271,0.4382893941011136
T_Q3,27,B,SRI12,1606,-3.0114782855780557e-06,219.11591853838763,-2.122207158272195e-05,0.7,5234413601.264759,5234.413601264759,0.8930515529939163,0.4808054932934856
T_Q3,27,B,SRI12,1608,-0.11878899786362163,135.43151293760366,-0.0031049078416314924,0.7000200306502018,4821038742.499275,4821.038742499275,0.8808126089586222,0.49343579891130346
T_Q3,27,B,SRI12,1610,-0.030036145083300214,601.6156117627205,-0.0013533520278775218,0.7,6270382929.612182,6270.382929612181,0.9261393958800299,0.4322410787348349
T_Q3,27,B,SRI12,1611,-0.08608642395988775,0.0,-0.63751998126717,0.7004357680665284,1055843423.0404692,1055.8434230404691,0.8279787953178923,0.5098018287259402
T_Q3,27,B,SRI12,1612,-0.013880886782509632,303.5193208337976,-0.0012311336508416867,0.7000374886505993,5541242888.740665,5541.242888740666,0.9035471590706943,0.46988294730849955
T_Q3,27,B,SRI12,1613,-2.44419131555918,0.0,-0.7443001438587107,0.7,1003420521.594559,1003.420521594559,0.8226776247909774,0.5098018287259402
T_Q3,27,B,SRI12,1618,-6.055599303007282e-05,313.55685261927783,0.0,0.700000079849831,5574006127.140483,5574.006127140483,0.9048279787953178,0.46845981428113986
T_Q3,27,B,SRI12,1620,-0.00828885521741975,769.7279556284482,-0.01214614566633208,0.7000285231623722,6561609797.052262,6561.609797052262,0.9358522787917601,0.4059131177286797
T_Q3,27,B,SRI12,1621,0.0,0.0,-1.304270308788651,0.737539470445045,612927002.8455971,612.9270028455971,0.7752872949798982,0.5098018287259402
T_Q3,27,B,SRI12,1623,-2.530584947117637,0.0,-0.5185040365306555,0.7006995431455971,1136236819.0237808,1136.2368190237808,0.835912761945423,0.5098018287259402
T_Q3,27,B,SRI12,1624,0.0,559.0540336728067,0.0,0.7,6186989641.469902,6186.989641469902,0.9237200697335185,0.435798911303234
T_Q3,27,B,SRI12,1626,0.0,84.54771533832462,0.0,0.7,4461603729.580938,4461.603729580938,0.8740171487529795,0.49887928274095433
T_Q3,27,B,SRI12,1632,-0.0009384183746828506,41.54050919887828,0.0,0.7000841096050537,3988410068.409788,3988.410068409788,0.8681111466894369,0.504714128153129
T_Q3,27,B,SRI12,1635,-0.009209513718831525,680.1537518686961,-7.235538481258465e-06,0.7002280618357257,6413751118.251692,6413.751118251692,0.9314761447326289,0.41961077311701717
T_Q3,27,B,SRI12,1640,0.0,223.96807315970858,-2.073529464898138e-05,0.7,5254339414.088299,5254.339414088299,0.893869854484648,0.48027181840822564
T_Q3,27,B,SRI12,1643,-0.04892321767620737,885.3818392251411,-0.00368655391065475,0.7000119873805744,6737512809.46777,6737.512809467769,0.9401572561995235,0.3923577756430782
T_Q3,27,B,SRI12,1644,-0.0013897761567904987,2063.5787298352407,-0.000570549399292096,0.7,7922865121.521979,7922.86512152198,0.9633187462198031,0.17362222933788732
T_Q3,27,B,SRI12,1645,-0.10202975318148266,171.39975123689266,0.0,0.7000863478230599,5017572942.708174,5017.572942708174,0.8861849361369053,0.4882057850357563
T_Q3,27,B,SRI12,1648,-9.748699836387219e-05,1201.6823195259417,-0.025420777946794648,0.7000000571279861,7131667749.568103,7131.667749568102,0.9515067420927175,0.3374959974383605
T_Q3,27,B,SRI12,1649,-7.815318130652727e-05,157.7763287984081,-0.004181589036058364,0.7,4947000476.115102,4947.000476115102,0.8846550681324937,0.48923755648059203
T_Q3,27,B,SRI12,1650,-0.0006883982066089246,1076.1261461764525,-6.0773800347849974e-05,0.7000586414383072,6990955295.660515,6990.955295660515,0.9479489095243179,0.35905646280286047
T_Q3,27,B,SRI12,1653,-0.004440850789858446,0.0,-1.0981798262405649,0.7012148235648064,816458491.2703393,816.4584912703392,0.798270893371758,0.5098018287259402
T_Q3,27,B,SRI12,1656,-0.02262257990120846,0.0,0.0,0.7157444338513299,1329162382.965556,1329.162382965556,0.8546981179065711,0.5098018287259402
T_Q3,27,B,SRI12,1664,-0.03421506019869214,17.716027043753684,-6.644121977382716e-05,0.700009364855984,3517272757.1388307,3517.2727571388305,0.8642686875155654,0.5077027075105845
T_Q3,27,B,SRI12,1665,0.0,617.0866161045814,0.0,0.7,6300337012.45443,6300.33701245443,0.9275269505817055,0.42882555946917145
T_Q3,27,B,SRI12,1669,-6.160998105492236e-05,186.58761530911704,-0.004181589036058364,0.7,5090529327.650441,5090.529327650441,0.8884975273063647,0.4852172056783008
T_Q3,27,B,SRI12,1677,0.0,911.0944202821711,0.0,0.7,6774944037.727573,6774.944037727573,0.9422207990891949,0.38502864055217567
T_Q3,27,B,SRI12,1683,-2.539932928362092,0.0,-1.144610621447076,0.8623247697644428,365297134.7639365,365.2971347639365,0.7403138008325328,0.5098018287259402
T_Q3,27,B,SRI12,1687,-0.005283923664375131,341.91479721115695,0.0,0.7,5660436936.345735,5660.4369363457345,0.9077809798270893,0.46490198171274066
T_Q3,27,B,SRI12,1689,0.0,1210.1885656310042,-0.004382548687785981,0.7,7148114563.168604,7148.114563168604,0.9520404169779773,0.3357882378055288
T_Q3,27,B,SRI12,1690,-2.9568368892836803e-06,75.35841481873945,0.0,0.7,4379542148.378518,4379.5421483785185,0.8731276906108798,0.500124524139894
T_Q3,27,B,SRI12,1692,-0.0026981696998201674,846.9733354349851,-0.016970302925520486,0.7020829293157302,6668131809.225305,6668.131809225305,0.9388052798235317,0.3945636318354858
T_Q3,27,B,SRI12,1695,0.0,1326.2478649405334,0.0,0.7,7275161237.809529,7275.16123780953,0.9546020564272247,0.3140143024869249
T_Q3,27,B,SRI12,1699,-0.07809880981659717,486.1724574573349,-3.2855061963591033e-05,0.70001137302182,6030823562.690831,6030.823562690831,0.9185256341836556,0.44796669868715966
T_Q3,27,B,SRI12,1701,-0.005094172383531381,0.0,-1.0785785922990594,0.846110865954059,425707555.7099958,425.7075557099958,0.7478564058775393,0.5098018287259402
T_Q3,27,B,SRI12,1703,0.0,1152.6428990435465,0.0,0.7,7082982038.113046,7082.982038113046,0.9502970790194615,0.3463194222079909
T_Q3,27,B,SRI12,1704,-0.0016419947429953327,0.0,-0.6826317899744887,0.7004523274406458,1031416305.2870493,1031.4163052870492,0.825452734194329,0.5098018287259402
T_Q3,27,B,SRI12,1708,-0.10386653654999112,655.7461704896649,-0.0001696329527627453,0.7,6371149660.317715,6371.149660317715,0.9285587220265414,0.42715337816202364
T_Q3,27,B,SRI12,1727,-0.23868993783088255,238.1547203490693,-0.010411287678977052,0.7007221493288873,5305226387.533809,5305.2263875338085,0.8939765894616998,0.48173052976126945
T_Q3,27,B,SRI12,1731,-0.011240841822473441,26.795913833381178,0.0,0.7000093206917468,3734335745.669992,3734.335745669992,0.8656918205429253,0.5063863094602766
T_Q3,27,B,SRI12,1738,-0.012244587122094568,256.42492765058125,-0.002084157297324809,0.7003204203243184,5377445303.698015,5377.445303698015,0.8979257836126232,0.47596684100046244
T_Q3,27,B,SRI12,1740,-0.13145768312913658,305.50968701562226,0.0,0.7,5548239211.192731,5548.239211192731,0.9029423275340662,0.4714839719642793
T_Q3,27,B,SRI12,1742,0.0,0.0,-1.285782682212303,0.7000959040081224,711454815.0047737,711.4548150047738,0.7864233109189882,0.5098018287259402
T_Q3,27,B,SRI12,1745,-0.00013259392507069048,107.82274684535795,-0.0014637359101769285,0.7000490385464493,4641738477.361133,4641.738477361133,0.8771480414131712,0.49606859501191886
T_Q3,27,B,SRI12,1750,0.0,808.4239768793093,0.0,0.7000450804530667,6624444403.295551,6624.444403295552,0.9377379300530119,0.4003984772476607
T_Q3,27,B,SRI12,1752,-3.955173329952146e-05,0.0,-1.3514656861089618,0.7033170799789057,669785106.4704672,669.7851064704672,0.7810509837407051,0.5098018287259402
T_Q3,27,B,SRI12,1754,-7.529352529936085e-05,1801.2098198602384,-0.00029175550532312827,0.7000370319509979,7716658063.150688,7716.658063150689,0.9609349983989758,0.21539118369089552
T_Q3,27,B,SRI12,1757,0.0,0.0,-0.014706281337037441,0.7001038277221711,1398532867.5107877,1398.5328675107878,0.8611022165296901,0.5098018287259402
T_Q3,27,B,SRI12,1758,-0.00013259392507069048,96.53305601529519,-0.0014637359101769285,0.7000490385464493,4558087571.627001,4558.087571627001,0.8756893300601273,0.49752730636496245
T_Q3,27,B,SRI12,1760,-0.005287238562016771,390.52807417830996,-0.00022272001594317737,0.7002093366336823,5795628980.402923,5795.628980402923,0.9121215355605365,0.4581420998327819
T_Q3,27,B,SRI12,1764,-0.002134378346762583,1405.4805901253887,-0.0066034058320168666,0.700002000180447,7355277714.899383,7355.277714899383,0.9560251894545844,0.29796847760344397
T_Q3,27,B,SRI12,1767,-2.455254110308734,0.0,-0.04315775899234542,0.954361650564395,211212523.08789328,211.2125230878933,0.7217419148254883,0.5098018287259402
T_Q3,27,B,SRI12,1771,0.0,433.44617936835175,-0.017732319152864846,0.7000210755715494,5901193101.530579,5901.193101530579,0.9154303198491479,0.4518447361867152
T_Q3,27,B,SRI12,1772,-2.9058949572956374,0.0,-1.5391001041963968,0.7009024451856776,570498146.205697,570.4981462056969,0.7687408830540434,0.5098018287259402
T_Q3,27,B,SRI12,1774,-0.015719587722272166,1050.6374863651342,-0.0029075355619486657,0.7000891646928137,6958249070.940214,6958.249070940215,0.9474508129647418,0.3636816451417796
T_Q3,27,B,SRI12,1781,0.0,1270.3288260258835,0.0,0.7,7215524130.712486,7215.524130712486,0.953499128331021,0.32440317358665094
T_Q3,27,B,SRI12,1786,-0.0035181050613293553,0.0,-0.04628499412391919,0.7000000070241869,1386619112.731435,1386.619112731435,0.8598925534564344,0.5098018287259402
T_Q3,27,B,SRI12,1790,-0.0007973861270734431,513.8681151120456,-6.71026577755661e-05,0.7000498803542317,6092021401.974128,6092.021401974128,0.9210161169815351,0.44138470843562094
T_Q3,27,B,SRI12,1791,-0.11114244519662808,151.25940878583208,0.0,0.7000297891178605,4912480955.941663,4912.480955941663,0.883089621802398,0.49112320774184365
T_Q3,27,B,SRI12,1793,-0.03470289546933513,2017.1262602938025,0.0,0.7,7888136938.7685585,7888.136938768558,0.962358131426335,0.18650158323549298
