climate_group,scenario_count,period,indicator,policy_index,contract_threshold,contract_action,demand_threshold,demand_action,mean_total_cost,mean_total_cost_million,mean_urban_reliability,mean_agricultural_reliability
P_Q1,27,B,SPI3,1,-1.988764150531209,0.0,-1.6177965564694712,0.7026725788339147,147475472.09747195,147.47547209747196,0.542106948447006,0.40954210694844706
P_Q1,27,B,SPI3,3,0.0,472.6681960678993,0.0,0.7,4521679255.636017,4521.679255636017,0.7263315188387234,0.3686270324118547
P_Q1,27,B,SPI3,4,-4.0,0.0,-0.30921809420075974,0.882290909435202,364286641.8221454,364.2866418221454,0.5619596541786743,0.40954210694844706
P_Q1,27,B,SPI3,7,-3.524601858489868,0.0,-0.2699567765294412,0.7032469840934589,945876241.227677,945.876241227677,0.6262496886896503,0.40954210694844706
P_Q1,27,B,SPI3,9,-2.814934344318492,0.0,-0.07024859717991044,0.7004545935540696,1093199694.5233364,1093.1996945233363,0.6447859963710109,0.40954210694844706
P_Q1,27,B,SPI3,11,0.0,0.0,0.0,0.7037040045733879,1126890330.9723577,1126.8903309723578,0.6493756003842459,0.40954210694844706
P_Q1,27,B,SPI3,13,0.0,1032.4633977401,0.0,0.7,5209476295.586322,5209.476295586322,0.7788095492226135,0.2895008360906536
P_Q1,27,B,SPI3,14,-0.4264666241392503,0.0,-0.4191419789882169,0.7008507392764767,850570303.7346791,850.5703037346791,0.6157540826128723,0.40954210694844706
P_Q1,27,B,SPI3,16,0.0,1504.1677444243057,-0.00018758579851733872,0.7,5589045942.881422,5589.045942881422,0.8042480520866687,0.21599601522752343
P_Q1,27,B,SPI3,17,-0.13503608214873308,0.0,-0.4442665487942905,0.7308014757865876,746680766.6761192,746.6807666761192,0.6041911267655743,0.40954210694844706
P_Q1,27,B,SPI3,18,-0.0006061070030451104,1962.5975196458828,-4.549939032518098e-06,0.701051386301723,5875223239.908705,5875.223239908705,0.8186572739886863,0.170099975095172
P_Q1,27,B,SPI3,19,0.0,756.5412970000642,-0.00034475321954741486,0.7,4919933392.52018,4919.93339252018,0.7562173124132778,0.3319457786316576
P_Q1,27,B,SPI3,21,0.0,702.9650688916063,0.0,0.7,4855058014.598698,4855.058014598698,0.7514142384459386,0.3393460703739282
P_Q1,27,B,SPI3,23,-6.168787486556513e-07,229.9277039757792,0.0,0.7001744130325498,3990938346.1395593,3990.938346139559,0.6907531931547302,0.3897249795424627
P_Q1,27,B,SPI3,27,0.0,77.40113993663081,0.0,0.7,3344866233.459321,3344.866233459321,0.6641050272174192,0.40214181520617637
P_Q1,27,B,SPI3,29,-0.7478892757179948,0.0,-0.4642098858578695,0.8075608810545296,520860472.61606413,520.8604726160642,0.5795709253922511,0.40954210694844706
P_Q1,27,B,SPI3,31,-0.0006965314818756438,1096.1728311640215,0.0,0.7000000044820175,5267687671.301848,5267.687671301848,0.7831856832817449,0.28032162806418337
P_Q1,27,B,SPI3,32,0.0,1001.0993357098212,0.0,0.7,5179882043.932539,5179.882043932539,0.776959476287046,0.29448180168641264
P_Q1,27,B,SPI3,36,0.0,613.4172989809033,0.0,0.7,4737013514.62929,4737.01351462929,0.7421638737681002,0.351442701106486
P_Q1,27,B,SPI3,37,-0.0002481035691919446,1654.4922481864114,-0.007886475198995432,0.7001678927808527,5684547367.937764,5684.547367937764,0.8097626925676877,0.19742412922047892
P_Q1,27,B,SPI3,39,-3.6396110503098105,0.0,-0.4984321025881179,0.8075608810545296,503014914.91837376,503.0149149183738,0.5776141174796314,0.40954210694844706
P_Q1,27,B,SPI3,41,-3.833196034013782e-06,1129.7312846007776,-1.7320272495689292e-05,0.7000000005263103,5297319954.890868,5297.319954890868,0.7849645995659444,0.2746646742804283
P_Q1,27,B,SPI3,42,-6.063398189487133e-06,46.20783760108722,-7.346910642380295e-09,0.7000000000104972,3092034401.5257373,3092.0344015257374,0.6589817483189242,0.40530828619205184
P_Q1,27,B,SPI3,43,0.0,1897.5634346979418,-9.178514615233774e-06,0.7000326287860936,5841498140.161265,5841.498140161265,0.8172697192870103,0.1745472658056712
P_Q1,27,B,SPI3,44,0.0,1683.7932253160811,0.0,0.7,5710091311.310803,5710.091311310804,0.8104742590813677,0.19457786316575945
P_Q1,27,B,SPI3,46,-0.2736555984763458,0.0,-0.24848707165055034,0.7000269351135108,972356015.7232771,972.3560157232771,0.6295940513039455,0.40954210694844706
P_Q1,27,B,SPI3,47,0.0,1277.5346013563726,-0.0011240776422709042,0.7012341389860178,5415113977.799005,5415.113977799005,0.7936812893585228,0.24940406304479307
P_Q1,27,B,SPI3,48,-0.029277807367540737,0.0,-0.10370525124594936,0.7017393328641053,1066455597.2143471,1066.455597214347,0.6423310918988152,0.40954210694844706
P_Q1,27,B,SPI3,49,-0.005561602872602905,0.0,-0.10452643196447567,0.7166565939993118,1011902670.3319925,1011.9026703319925,0.6358914149500123,0.40954210694844706
P_Q1,27,B,SPI3,51,-0.7585608415082741,0.0,-0.4642098858578695,0.7103819594577495,783819464.5937492,783.8194645937492,0.6083182125449177,0.40954210694844706
P_Q1,27,B,SPI3,52,-0.0006954086397462471,971.498958191391,0.0,0.7,5151190866.178104,5151.190866178104,0.7747536200946383,0.2993916106308038
P_Q1,27,B,SPI3,55,0.0,1305.0323974283822,0.0,0.7,5442069916.116512,5442.069916116512,0.7951044223858827,0.24499235065997801
P_Q1,27,B,SPI3,56,0.0,782.975639064001,0.0,0.7000000000629928,4951209299.633128,4951.2092996331285,0.7587789518625252,0.32856583769167824
P_Q1,27,B,SPI3,57,-0.004814311595961129,0.0,-0.3770887593842327,0.700064235441508,879513341.3346604,879.5133413346604,0.6190628669014836,0.40954210694844706
P_Q1,27,B,SPI3,58,-1.7241256197841414e-06,1551.5682995492944,0.0,0.7,5622242736.60283,5622.24273660283,0.8058490767424488,0.20984096488419254
P_Q1,27,B,SPI3,59,0.0,125.73550450394383,0.0,0.7,3612561286.200358,3612.5612862003577,0.6727505603586295,0.3978368377984133
P_Q1,27,B,SPI3,60,0.0,172.185755631145,0.0,0.7,3803221805.659296,3803.221805659296,0.6808268402888962,0.3940655352759099
P_Q1,27,B,SPI3,62,-0.00010924915881988244,31.778742746637477,0.0,0.7000000045260231,2926957105.3012094,2926.9571053012096,0.6560999039385207,0.4064112142882557
P_Q1,27,B,SPI3,63,-3.6213522735305823e-10,378.8802362590332,-3.6273569637103107e-10,0.7000007538644849,4349179986.713714,4349.179986713713,0.7139502615006937,0.37691678229622516
P_Q1,27,B,SPI3,64,0.0,561.2810361289718,0.0,0.7000010336781948,4662134427.467572,4662.134427467572,0.7362578717045577,0.35738428149571283
P_Q1,27,B,SPI3,65,0.0,1060.0818074405724,0.0,0.7000133515378969,5235004083.064027,5235.004083064026,0.7809442487636532,0.28548048528836223
P_Q1,27,B,SPI3,66,-2.6083942488595913e-08,630.7036021978721,0.0,0.7000023081875727,4760776180.712737,4760.776180712737,0.7435870067954601,0.34952147151955026
P_Q1,27,B,SPI3,69,-1.811426388519848e-05,141.7522520584048,0.0,0.7000000229723186,3683617740.43724,3683.61774043724,0.675774718041769,0.3965560180737896
P_Q1,27,B,SPI3,73,-0.0006918455824706061,298.79847834689014,0.0,0.700000439214704,4173881895.7809052,4173.881895780905,0.701853630768136,0.3846372789696517
P_Q1,27,B,SPI3,74,-0.008043432989199288,0.0,-0.30998888254657786,0.7000713116169796,927537503.3668679,927.5375033668679,0.6245419290568185,0.40954210694844706
P_Q1,27,B,SPI3,75,0.0,15.388465557306901,0.0,0.7000006148339273,2645888828.228108,2645.8888282281077,0.6535738428149571,0.4080833955954033
P_Q1,27,B,SPI3,76,0.0,2014.4274472991067,0.0,0.7000000015158432,5908627490.860447,5908.627490860447,0.8201515636674139,0.16718255238908455
P_Q1,27,B,SPI3,78,-1.0794481457723378e-08,64.99845733340621,0.0,0.7,3255802017.919079,3255.802017919079,0.6623616892589035,0.40338705660511626
P_Q1,27,B,SPI3,80,-2.036626904382247,0.0,-1.8838439664590287,0.7008488705929796,81390933.39240295,81.39093339240294,0.5358807414523071,0.40954210694844706
P_Q1,27,B,SPI3,81,-0.07320716944060388,348.66777963882043,-2.2066051997683017e-05,0.7000474434504754,4286476127.217908,4286.476127217908,0.7081154160885187,0.38246700110292803
P_Q1,27,B,SPI3,82,-0.08857885570557777,2.406105414401628,0.0,0.7000158778144169,2111975880.4427037,2111.975880442704,0.6514035649482334,0.40936421532002704
P_Q1,27,B,SPI3,84,0.0,261.7223945189622,0.0,0.7000006043421173,4080304668.930728,4080.304668930728,0.6959120503789092,0.3873056533959512
P_Q1,27,B,SPI3,86,-0.11420346867050048,0.0,-0.2903138696619508,0.7156623457138596,892622619.1266221,892.6226191266221,0.6202013733233713,0.40954210694844706
P_Q1,27,B,SPI3,88,0.0,1461.0089873804268,0.0,0.7000000230039471,5558774558.998595,5558.774558998595,0.8025758707795211,0.22204433059380224
P_Q1,27,B,SPI3,89,0.0,1606.2476891239091,0.0,0.700000014625509,5659203552.612431,5659.203552612431,0.8080549329348559,0.20304550467854982
P_Q1,27,B,SPI3,90,0.0,1416.0572698386086,0.0,0.7000135004541334,5526114237.247573,5526.114237247573,0.8002988579357454,0.2281993809371331
P_Q1,27,B,SPI3,92,0.0,193.6032824155387,0.0,0.7000000001821276,3878027890.546302,3878.027890546302,0.6841712029031913,0.39235777564307817
P_Q1,27,B,SPI3,93,-7.328652846954868e-07,811.5758530212906,0.0,0.7000428439492138,4983584907.763985,4983.584907763985,0.761305012986089,0.32411854698117903
P_Q1,27,B,SPI3,94,-9.19027141569615e-06,93.71937557833701,0.0,0.7000000807105845,3446765290.6205378,3446.7652906205376,0.6670936065748746,0.4006831038531327
P_Q1,27,B,SPI3,96,-8.618837416541486e-05,0.0,-0.4652048475002549,0.7471472120953601,683499396.9957802,683.4993969957802,0.5972889315828799,0.40954210694844706
P_Q1,27,B,SPI3,98,-0.0006954086397462471,1342.525615785859,0.0,0.7,5471039974.723031,5471.039974723031,0.7968477603443981,0.23990465008716685
P_Q1,27,B,SPI3,99,0.0,1232.6644225069267,-0.0024058797617716454,0.700002252299342,5382456925.816999,5382.4569258169995,0.7917956380972712,0.25676877646137974
P_Q1,27,B,SPI3,100,-1.5984316011399578e-06,1741.912173210157,-0.00047281696335903315,0.7005750756266019,5744527186.034484,5744.527186034484,0.8117906571316754,0.1886718611022165
P_Q1,27,B,SPI3,102,-0.006982509476092247,0.0,-0.09355505686016463,0.7080701286250977,1049513173.3097509,1049.513173309751,0.6400540790550399,0.40954210694844706
P_Q1,27,B,SPI3,103,-0.07679105086335669,0.0,-0.46467149568281274,0.7025900152129637,804436366.7923303,804.4363667923303,0.6108798519941652,0.40954210694844706
P_Q1,27,B,SPI3,104,-4.72804246658816e-09,245.98824862702952,0.0,0.7,4037502548.911755,4037.502548911755,0.6938485074892377,0.388444159817839
P_Q1,27,B,SPI3,105,-0.11421974274407759,0.0,-0.45585473573888013,0.7911508128890862,570677512.841614,570.677512841614,0.5850855658732699,0.40954210694844706
P_Q1,27,B,SPI3,107,-0.0006171267206400092,213.0098581400016,0.0,0.7011920010800663,3935997762.34758,3935.9977623475797,0.6871953605863309,0.3913260041982425
P_Q1,27,B,SPI3,108,0.0,518.8813354771584,-9.276878129427663e-06,0.7000015885329459,4597206309.638686,4597.206309638686,0.7315259543885865,0.3630056569537838
P_Q1,27,B,SPI3,109,-0.005773135238568003,156.94376313168584,0.0,0.7000000000686264,3745526193.2865686,3745.5261932865687,0.6783007791653323,0.39612907816558157
P_Q1,27,B,SPI3,110,-8.603367177326777e-05,1195.41876221809,0.0,0.7000000158319555,5353504243.464352,5353.504243464352,0.7894474686021276,0.26274593517629063
P_Q1,27,B,SPI3,111,-0.14390185346869971,0.0,-0.20510472295287277,0.7000014114193502,1000643459.8856659,1000.643459885666,0.633080727220977,0.40954210694844706
P_Q1,27,B,SPI3,112,-1.0104496277292933e-07,866.53680482587,-7.742137797816006e-06,0.7000447091641213,5043750459.742097,5043.750459742097,0.7664638702102679,0.3158287970968086
P_Q1,27,B,SPI3,113,-0.0003432114292485147,830.7971331882426,0.0,0.7000023341009447,5005106839.800954,5005.106839800954,0.7632262425730245,0.32134343757782763
P_Q1,27,B,SPI3,114,-3.6209324033883945,0.0,-0.43399587374909254,0.7551748643797915,687543326.0120134,687.5433260120134,0.5982495463763475,0.40954210694844706
P_Q1,27,B,SPI3,116,-2.4945652579068835,0.0,-0.5173730963811779,0.8212645479212444,458827895.9212829,458.8278959212829,0.5721350553242965,0.40954210694844706
P_Q1,27,B,SPI3,118,0.0,0.0,-1.8912233614323455,0.7,79531451.02613872,79.53145102613873,0.5357384281495712,0.40954210694844706
P_Q1,27,B,SPI3,119,-2.3679032828733195,0.0,-0.42304540902333654,0.7078466894638813,828947038.4462359,828.9470384462359,0.6131212865122566,0.40954210694844706
P_Q1,27,B,SPI3,120,-2.328504610326116,0.0,-0.18726527657323053,0.8872795801797693,380943160.27284765,380.94316027284765,0.56405877539403,0.40954210694844706
P_Q1,27,B,SPI3,121,-2.5043965830998984,0.0,-0.08191073471468202,0.7062571544450693,1064760007.1187041,1064.7600071187042,0.6417618386878714,0.40954210694844706
P_Q1,27,B,SPI3,122,0.0,298.78889236776337,0.0,0.7,4173870772.886878,4173.870772886878,0.701853630768136,0.38424591738712777
P_Q1,27,B,SPI3,123,-3.4164307906912925,0.0,-0.39419908689105176,0.7369955424647874,761155689.350717,761.1556893507169,0.6055075248158822,0.40954210694844706
P_Q1,27,B,SPI3,124,-3.5905945062859947,0.0,-0.6751841234491729,0.7003169750747378,650172283.9583113,650.1722839583114,0.5930551108264845,0.40954210694844706
P_Q1,27,B,SPI3,126,-2.1211428823821157,0.0,-0.030929807802863807,0.9547700198029099,168779021.1545385,168.77902115453853,0.5437791297541539,0.40954210694844706
P_Q1,27,B,SPI3,127,0.0,706.5332771447535,0.0,0.7002872523658932,4858393549.203459,4858.393549203459,0.7516632867257266,0.33877681716298436
P_Q1,27,B,SPI3,129,0.0,913.0300506172699,0.0,0.7,5092676158.0019045,5092.676158001905,0.7699505461272993,0.30914007186821785
P_Q1,27,B,SPI3,130,-2.985305623508805,0.0,-2.0115537361124596,0.7179866958253549,55582758.86260999,55.58275886260999,0.5334258369801117,0.40954210694844706
P_Q1,27,B,SPI3,132,0.0,395.7157588647175,0.0,0.700066351698424,4382084646.375449,4382.084646375449,0.7166186359269934,0.37542249261749744
P_Q1,27,B,SPI3,136,0.0,1557.5964342102716,-1.6706595560780528e-05,0.700064473643843,5626132336.077797,5626.132336077797,0.8060981250222367,0.20909382004482868
P_Q1,27,B,SPI3,137,0.0,1233.2645389794523,-0.0021548200528128916,0.7000019903170374,5382947748.073995,5382.947748073994,0.7918312164229552,0.2565908848329598
P_Q1,27,B,SPI3,138,0.0,2066.3269204130816,0.0,0.700372652132365,5935999456.8116255,5935.999456811625,0.8212900700893017,0.164834382893941
P_Q1,27,B,SPI3,139,-3.874118943688744e-06,493.1331410976392,-1.055879736879921e-06,0.7000029309551428,4555773383.239812,4555.773383239812,0.7287508449852351,0.36610097128829117
P_Q1,27,B,SPI3,140,-0.0045190377133861055,227.61413132021028,0.0,0.7000426562607076,3984630935.0426593,3984.630935042659,0.6902550965951542,0.3904009677304585
P_Q1,27,B,SPI3,141,0.0,831.4825946544515,0.0,0.7000046158311806,5005853374.235369,5005.853374235368,0.7633329775500765,0.3213078592521436
P_Q1,27,B,SPI3,142,0.0,1063.4282232342164,0.0,0.7,5238119672.5311575,5238.119672531157,0.7811221403920733,0.28505354538015437
P_Q1,27,B,SPI3,143,-2.1038698642607288,0.0,-0.39350695793692764,0.8797889816212824,348143238.40185076,348.14323840185074,0.5605365211513147,0.40954210694844706
P_Q1,27,B,SPI3,144,0.0,1303.6905838145626,0.0,0.7003899216202362,5439512985.780757,5439.512985780757,0.7950332657345146,0.24517024228839795
P_Q1,27,B,SPI3,147,-2.2176732022762904,0.0,-1.2480206546713686,0.7010680857419207,296304681.3056003,296.3046813056003,0.5568719536058634,0.40954210694844706
P_Q1,27,B,SPI3,149,0.0,0.0,-1.3188832184751016,0.7447597061431872,226016575.13434014,226.01657513434014,0.5496851318176966,0.40954210694844706
P_Q1,27,B,SPI3,150,-2.959803683813523,0.0,-0.39347675059091625,0.7987710831559135,582688656.1745056,582.6886561745056,0.5866154338776817,0.40954210694844706
P_Q1,27,B,SPI3,151,0.0,125.93439383881464,0.0,0.7000024169949057,3613475459.428469,3613.475459428469,0.6728217170099974,0.3978368377984133
P_Q1,27,B,SPI3,152,-1.6388063066876652,0.0,-0.9453472724755647,0.706392745710855,464834416.2329006,464.8344162329006,0.5731668267691323,0.40954210694844706
P_Q1,27,B,SPI3,153,0.0,378.6227587272189,0.0,0.7000133762375269,4348615765.487251,4348.615765487251,0.7139146831750096,0.3769879389475931
P_Q1,27,B,SPI3,154,-1.6388063066876652,0.0,-1.3574478855895296,0.7004158984668902,249793909.91169435,249.79390991169436,0.5518554096844203,0.40954210694844706
P_Q1,27,B,SPI3,155,0.0,731.4337933280372,-1.9852128389101324e-05,0.7003724548537379,4888677672.297646,4888.677672297646,0.7542960828263423,0.3358593944568969
P_Q1,27,B,SPI3,157,-1.717727042661477,0.0,-0.17988697797603687,0.7048728597697588,1002381895.2136334,1002.3818952136335,0.633543245454869,0.40954210694844706
P_Q1,27,B,SPI3,158,-3.992935655826128,0.0,-0.4209796998194633,0.7013179634936595,848162400.7437545,848.1624007437545,0.6154338776817163,0.40954210694844706
P_Q1,27,B,SPI3,160,0.0,93.254908854865,-4.9323061016318505e-05,0.700000000961833,3443889195.2054462,3443.8891952054464,0.6668801366207705,0.40075426050450064
P_Q1,27,B,SPI3,162,-0.5710224380183551,0.0,-0.39419908689105176,0.8046176426356233,565486546.1944315,565.4865461944315,0.58472978261643,0.40954210694844706
P_Q1,27,B,SPI3,164,0.0,1031.0553310843015,0.0,0.7000000832635506,5208164360.554333,5208.164360554333,0.7787028142455616,0.28957199274202156
P_Q1,27,B,SPI3,165,0.0,1900.5799757897028,-3.4058488633563954e-06,0.7003584939654504,5841993047.569875,5841.993047569875,0.8173052976126944,0.17422706087451528
P_Q1,27,B,SPI3,166,0.0,1164.1830830830972,0.0,0.7003418301148248,5325761617.422875,5325.761617422875,0.7873839257124561,0.26890098551962144
P_Q1,27,B,SPI3,167,0.0,943.6729292881819,0.0,0.7,5123687777.805243,5123.687777805242,0.7725121855765468,0.30394563631835475
P_Q1,27,B,SPI3,168,-3.78941249842509,0.0,-1.600999445095891,0.70107955955009,153166518.66695267,153.16651866695267,0.542747358309318,0.40954210694844706
P_Q1,27,B,SPI3,169,0.0,158.2914784752662,-1.8928356306468263e-09,0.7000699935433888,3750534039.4240336,3750.534039424034,0.6786209840964882,0.39552424662895364
P_Q1,27,B,SPI3,170,-1.1286288574900084e-05,1608.3543915939904,0.0,0.7004287376015738,5658959179.5482435,5658.959179548244,0.80809051126054,0.2026897214217099
P_Q1,27,B,SPI3,171,0.0,657.1960467916123,0.0,0.7002869569567657,4795115153.064641,4795.115153064641,0.7462198028960756,0.345750168997047
P_Q1,27,B,SPI3,174,-3.452654373739826e-07,564.7049716835631,-9.225689872302567e-05,0.7000457977572575,4666677756.358266,4666.6777563582655,0.7366492332870815,0.35706407656455685
P_Q1,27,B,SPI3,177,0.0,350.60300393611004,0.0,0.7000000539572608,4290833440.290472,4290.833440290472,0.7104635855836624,0.3801544099334685
P_Q1,27,B,SPI3,178,-0.6236995133331587,0.0,-0.2532332197771674,0.7001726407627973,968142961.3975363,968.1429613975363,0.6292382680471057,0.40954210694844706
P_Q1,27,B,SPI3,179,-1.2212761652920436,0.0,-0.279894865288129,0.7,946669301.51399,946.66930151399,0.6266054719464902,0.40954210694844706
P_Q1,27,B,SPI3,180,-3.4164307906912925,0.0,-0.39419908689105176,0.7012798444659982,864501489.1261823,864.5014891261823,0.6173551072686521,0.40954210694844706
P_Q1,27,B,SPI3,182,0.0,1134.6742800284815,-0.004109086291463976,0.7003414715915495,5297568447.1899,5297.5684471899,0.7850713345429965,0.2740242644181165
P_Q1,27,B,SPI3,187,0.0,764.9005414607046,0.0,0.7013764525554358,4924887142.265005,4924.887142265005,0.7567154089728538,0.3307361155584018
P_Q1,27,B,SPI3,188,0.0,2011.403787391162,-0.0008378074250783296,0.700000000065891,5906435815.397546,5906.435815397545,0.8201159853417299,0.16728928736613657
P_Q1,27,B,SPI3,189,-1.1286288574900084e-05,812.2487306856198,0.0,0.7004287376015738,4982855586.291416,4982.855586291416,0.761305012986089,0.32390507702707505
P_Q1,27,B,SPI3,191,-2.0837869345797992,0.0,-0.38443380766948626,0.8286348883594933,500345119.9686663,500.3451199686663,0.5759419361724837,0.40954210694844706
P_Q1,27,B,SPI3,194,0.0,636.2855314660885,0.0,0.7000628823424224,4768120737.871752,4768.120737871752,0.7440495250293522,0.3484897000747145
P_Q1,27,B,SPI3,196,0.0,1345.973511516576,0.0,0.7000000000026809,5473673415.245336,5473.6734152453355,0.796918916995766,0.23912192692211903
P_Q1,27,B,SPI3,197,0.0,1955.3172381760937,-4.744790351925347e-05,0.7000712846250421,5874623273.241765,5874.623273241765,0.8186216956630022,0.1706336499804319
P_Q1,27,B,SPI3,199,-0.0006560634877733272,1417.459573513309,0.0,0.7000650575761513,5526904447.08274,5526.90444708274,0.8003700145871134,0.22844842921692107
P_Q1,27,B,SPI3,200,-0.0017272533228636436,0.0,-0.12911338027262395,0.7000069777908965,1055487803.8208016,1055.4878038208017,0.6409079588714556,0.40954210694844706
P_Q1,27,B,SPI3,201,0.0,794.1209992956942,0.0,0.7018935034912779,4956775093.094317,4956.7750930943175,0.759134735119365,0.32703596968726645
P_Q1,27,B,SPI3,202,-2.8281359120748664e-05,330.99994472832856,0.0,0.7000709695148476,4247985056.581171,4247.985056581171,0.7081154160885189,0.38179101291493217
P_Q1,27,B,SPI3,203,-4.5553430643128785e-06,172.55837908034903,-1.1666928833362638e-07,0.7000126168616145,3804541924.2237983,3804.541924223798,0.6809691535916321,0.3939943786245419
P_Q1,27,B,SPI3,205,-0.004195367973028961,193.90930786354227,0.0,0.7000718398600111,3878768817.3934093,3878.7688173934093,0.6841712029031913,0.39282029387697015
P_Q1,27,B,SPI3,206,-3.2091457357651425,0.0,-0.3075755388098498,0.7000400283866234,929420514.1754103,929.4205141754103,0.6250400256163945,0.40954210694844706
P_Q1,27,B,SPI3,207,-0.0006586112166265477,365.090290967698,0.0,0.7000151709261955,4321094475.682149,4321.094475682149,0.7123492368449141,0.3789803251858967
P_Q1,27,B,SPI3,208,0.0,140.09759351028006,-0.00010695109964950315,0.700004977123699,3676190478.572649,3676.190478572649,0.6753833564592452,0.39680506635357743
P_Q1,27,B,SPI3,211,-5.22574668742215e-07,1685.44787859671,-0.0021836349959666766,0.7000089014401796,5709341380.371137,5709.341380371136,0.8105454157327358,0.1942576582346035
P_Q1,27,B,SPI3,214,0.0,1093.9482737179003,0.0,0.7000000014658582,5265713060.236318,5265.713060236318,0.7830789483046928,0.2803572063898673
P_Q1,27,B,SPI3,215,0.0,247.7650491918011,0.0,0.7000000002302352,4042433025.540052,4042.433025540052,0.6940619774433415,0.388230689863735
P_Q1,27,B,SPI3,216,0.0,472.91411710272405,0.0,0.7000004241719328,4522093933.947512,4522.093933947512,0.7263670971644074,0.3685914540861707
P_Q1,27,B,SPI3,218,0.0,864.330228852185,-1.9852128389101324e-05,0.7003724548537379,5040094112.683242,5040.094112683242,0.766179243604796,0.31597111039954456
P_Q1,27,B,SPI3,219,-3.874118943688744e-06,522.4701697757631,-1.055879736879921e-06,0.7000029309551428,4602846961.58971,4602.84696158971,0.7319528942967943,0.3624719820685239
P_Q1,27,B,SPI3,221,0.0,546.9937658512484,0.0,0.7000000079916453,4640689747.185369,4640.689747185368,0.7342299071405699,0.35951898103675234
P_Q1,27,B,SPI3,223,0.0,1743.703835624195,-1.1981457075532317e-08,0.7004166552063256,5746616197.198094,5746.616197198095,0.8119329704344113,0.1886718611022165
P_Q1,27,B,SPI3,224,0.0,1462.800541000057,-3.691047433316412e-06,0.7004274698103568,5558398742.37205,5558.39874237205,0.8026114491052051,0.22172412566264635
P_Q1,27,B,SPI3,226,0.0,1841.8580062212068,0.0,0.700099673974652,5808049239.305263,5808.049239305263,0.8154908030028106,0.17952823140143018
P_Q1,27,B,SPI3,227,0.0,211.3013927516376,0.0,0.7,3935222583.498243,3935.222583498243,0.6874799871918027,0.3910769559184545
P_Q1,27,B,SPI3,229,-4.0,0.0,-0.955010401232259,0.7044310244672543,462564612.6195649,462.5646126195649,0.5730245134663964,0.40954210694844706
P_Q1,27,B,SPI3,230,0.0,0.0,-0.48191494200019,0.7644521861099377,625323114.7978837,625.3231147978837,0.590742519657025,0.40954210694844706
P_Q1,27,B,SPI3,231,-3.6593102293281037,0.0,-0.04777359964611561,0.7333330108927149,985615001.161792,985.6150011617921,0.6323691607072971,0.40954210694844706
P_Q1,27,B,SPI3,232,0.0,314.7282539857711,0.0,0.7,4211392528.157778,4211.392528157778,0.7051624150567475,0.3830362543138719
P_Q1,27,B,SPI3,233,0.0,585.8121289138255,0.0,0.7,4697986647.14988,4697.986647149881,0.7393531860390647,0.35471590706941325
P_Q1,27,B,SPI3,235,-7.964461363581775e-05,1431.432931015019,-0.0057206791846560676,0.7,5533146186.086248,5533.146186086248,0.8010104244494255,0.22606468139609356
P_Q1,27,B,SPI3,236,0.0,1132.525857393658,0.0,0.7,5299760156.831899,5299.760156831899,0.7850357562173125,0.2743800476749564
P_Q1,27,B,SPI3,237,-1.2282453195815957,0.0,-2.080398844766855,0.8921394618044094,18141640.25193034,18.14164025193034,0.5295122211548724,0.40954210694844706
P_Q1,27,B,SPI3,238,0.0,860.1907715428545,0.0,0.7,5037097291.465749,5037.097291465749,0.7658946169993238,0.3165759419361725
P_Q1,27,B,SPI3,239,-3.5711338140812643,0.0,-0.2539764164140325,0.7,968147586.9072737,968.1475869072736,0.6293805813498417,0.40954210694844706
P_Q1,27,B,SPI3,240,0.0,433.8379733061914,0.0,0.7,4453732861.305973,4453.732861305973,0.7216351798484362,0.3721492866545701
P_Q1,27,B,SPI3,243,0.0,280.6755978165485,0.0,0.7,4129318822.9764566,4129.318822976456,0.6994698829473086,0.3861315686483795
P_Q1,27,B,SPI3,245,0.0,98.12771772405928,0.0,0.7,3471941263.080659,3471.9412630806587,0.6677695947628706,0.4002917422706087
P_Q1,27,B,SPI3,246,-4.0,0.0,-0.3108787206312752,0.7046928562908952,912673142.2765342,912.6731422765342,0.6225495428185148,0.40954210694844706
P_Q1,27,B,SPI3,247,0.0,1303.326071569024,0.0,0.7,5440735872.848299,5440.735872848299,0.7950688440601986,0.24520582061408194
P_Q1,27,B,SPI3,251,0.0,810.5142851570258,0.0,0.7,4982565639.213721,4982.565639213722,0.761233856334721,0.32422528195823097
P_Q1,27,B,SPI3,254,0.0,783.609694322721,0.0,0.7,4951940565.421921,4951.940565421921,0.7588501085138932,0.32845910271462625
P_Q1,27,B,SPI3,255,-0.00010315363153939056,1006.3009292472893,0.0,0.7,5184855702.204018,5184.855702204018,0.7771373679154658,0.29345003024157684
P_Q1,27,B,SPI3,257,0.0,494.13049598270135,0.0,0.7,4557422761.183867,4557.422761183868,0.728786423310919,0.3659586579855552
P_Q1,27,B,SPI3,258,0.0,301.7015994600652,0.0,0.7,4180839150.6867094,4180.839150686709,0.7027786672359198,0.38396129078165586
P_Q1,27,B,SPI3,261,0.0,608.9295005797845,0.0,0.7,4730769329.80339,4730.769329803389,0.7417369338598925,0.35190521934037783
P_Q1,27,B,SPI3,262,-0.013956996047478576,128.37344350515878,0.0,0.7002402267271287,3623794798.487232,3623.794798487232,0.6726438253815774,0.39808588607820117
P_Q1,27,B,SPI3,263,0.0,1028.9083671828216,-0.00010286767897404599,0.7,5205792369.396911,5205.7923693969105,0.7784893442914576,0.28978546269612554
P_Q1,27,B,SPI3,265,-4.0,0.0,-0.3753303711292822,0.7,881053057.2482394,881.0530572482394,0.6190984452271676,0.40954210694844706
P_Q1,27,B,SPI3,266,0.0,565.9589144250718,0.0,0.7,4669067183.262832,4669.067183262831,0.7370405948696055,0.3568150282847689
P_Q1,27,B,SPI3,267,-3.0755288684861126,0.0,-0.5611318662023052,0.7914690373008196,513154409.97999465,513.1544099799946,0.5783612623189952,0.40954210694844706
P_Q1,27,B,SPI3,269,-0.3752621164773008,0.0,-0.4672841199473129,0.7089562319955057,785041466.5413932,785.0414665413931,0.6086384174760736,0.40954210694844706
P_Q1,27,B,SPI3,271,0.0,915.4142676480423,0.0,0.7001712634980551,5094422439.244201,5094.422439244201,0.7701284377557193,0.30864197530864196
P_Q1,27,B,SPI3,272,0.0,521.0124896747236,0.0,0.7,4600568781.266338,4600.568781266338,0.7319173159711104,0.3626498736969438
P_Q1,27,B,SPI3,273,0.0,228.059202402238,0.0,0.7,3986108062.3242426,3986.1080623242424,0.6905041448749422,0.38986729284519867
P_Q1,27,B,SPI3,276,0.0,1166.0509745015518,0.0,0.7,5328705330.977744,5328.705330977744,0.7876685523179281,0.2686519372398335
P_Q1,27,B,SPI3,277,-0.3170353593475025,56.49034768001923,0.0,0.7,3186799092.3891106,3186.7990923891107,0.6585903867364002,0.4055929127975238
P_Q1,27,B,SPI3,278,-3.5312427319737374,0.0,-0.4636966154688199,0.7548729062213427,664188443.5077039,664.1884435077039,0.595438858647312,0.40954210694844706
P_Q1,27,B,SPI3,279,-2.674407298733618,0.0,-0.6075842678177407,0.7,700450938.5882546,700.4509385882545,0.5995303661009713,0.40954210694844706
P_Q1,27,B,SPI3,281,-0.4794572337459789,0.0,-1.3895082583839282,0.7,235745542.92407164,235.74554292407163,0.5509659515423204,0.40954210694844706
P_Q1,27,B,SPI3,285,-3.0767618086426616,0.0,-0.4699959583497921,0.7,806706218.5168027,806.7062185168027,0.6111289002739532,0.40954210694844706
P_Q1,27,B,SPI3,286,-3.7563709096650717,0.0,-1.0770120162583445,0.7,397774366.98560685,397.77436698560683,0.5662290532607535,0.40954210694844706
P_Q1,27,B,SPI3,289,-0.2635782789385453,0.0,-0.4727450505018266,0.8041958638467727,524749575.3224884,524.7495753224885,0.5802113352545628,0.40954210694844706
P_Q1,27,B,SPI3,290,-0.12479540064652572,0.0,-0.07358521360183662,0.7001265294995451,1093570334.981136,1093.570334981136,0.6448927313480627,0.40954210694844706
P_Q1,27,B,SPI3,291,-1.905719909662241,0.0,-1.2392376661768814,0.7519099779804967,249628285.58620626,249.62828558620626,0.5516775180560003,0.40954210694844706
P_Q1,27,B,SPI3,292,0.0,110.83487015190539,0.0,0.7,3539980305.9405627,3539.9803059405626,0.669939872629594,0.39901092254598497
P_Q1,27,B,SPI3,293,-1.4631640303532047,0.0,-0.398764311398335,0.7415377035800907,745306512.2367631,745.3065122367631,0.6040843917885225,0.40954210694844706
P_Q1,27,B,SPI3,294,0.0,2064.8430357439206,0.0,0.7,5936636147.178326,5936.636147178326,0.8213256484149857,0.164905539545309
P_Q1,27,B,SPI3,295,0.0,704.2463023053642,0.0,0.7,4856661209.148381,4856.661209148381,0.7515921300743585,0.3392393353968763
P_Q1,27,B,SPI3,296,-1.700559326621628e-05,544.190873848343,0.0,0.7000020423764242,4636434069.83413,4636.43406983413,0.73387412388373,0.3600882342476963
P_Q1,27,B,SPI3,297,-1.7869532638991248,0.0,-1.6303976581405184,0.7398317098507771,124795549.83361457,124.79554983361457,0.5394385740207066,0.40954210694844706
P_Q1,27,B,SPI3,298,0.0,1462.543867492624,0.0,0.7,5559885135.332328,5559.885135332328,0.8026114491052051,0.22186643896538225
P_Q1,27,B,SPI3,299,0.0,454.3963822434693,0.0,0.7,4490248266.760571,4490.248266760571,0.7241968192976839,0.3704059486960545
P_Q1,27,B,SPI3,300,0.0,1388.7226703466017,0.0,0.7,5505934884.642531,5505.934884642531,0.7991959298395416,0.2323976233678443
P_Q1,27,B,SPI3,302,0.0,889.1041661488449,0.0,0.7,5067811719.6114435,5067.811719611444,0.7684206781228876,0.31266232611093314
P_Q1,27,B,SPI3,303,0.0,1611.8644292541449,0.0,0.7,5662965471.4390955,5662.965471439095,0.8083395595403281,0.20233393816487
P_Q1,27,B,SPI3,305,0.0,1739.7251169431092,0.0,0.7,5745742302.604107,5745.742302604107,0.8118262354573593,0.18874301775358454
P_Q1,27,B,SPI3,306,0.0,727.9942221167418,-1.1750142898574065e-05,0.7000316705721673,4885818903.398564,4885.8189033985645,0.7541181911979222,0.3361795993880529
P_Q1,27,B,SPI3,309,0.0,1558.6415203531355,0.0,0.7,5627089105.994285,5627.089105994284,0.8062048599992885,0.2090582417191447
P_Q1,27,B,SPI3,310,0.0,143.89563947898796,0.0,0.7008456727026137,3689424926.786149,3689.424926786149,0.675881453018821,0.3964137047710536
P_Q1,27,B,SPI3,312,0.0,1641.9883273406858,0.0,0.7,5682917964.209227,5682.917964209227,0.809549222613584,0.19874052727078662
P_Q1,27,B,SPI3,314,0.0,1198.750190460211,0.0,0.7,5356259280.950089,5356.259280950089,0.7896965168819156,0.26214110363966275
P_Q1,27,B,SPI3,315,-4.0,0.0,-0.3666607747597265,0.7161465145882568,838620670.7089074,838.6206707089074,0.6145799978653005,0.40954210694844706
P_Q1,27,B,SPI3,318,0.0,1270.2356360427366,0.0,0.7,5414588265.990206,5414.588265990205,0.7936101327071547,0.25057814779236487
P_Q1,27,B,SPI3,320,0.0,347.5588492687485,0.0,0.7,4284341844.985915,4284.3418449859155,0.7102501156295583,0.3803323015618885
P_Q1,27,B,SPI3,321,0.0,678.5103379728245,0.0,0.7,4823960258.5466385,4823.960258546638,0.7483545024371153,0.3431529512221155
P_Q1,27,B,SPI3,322,-0.004375973411142126,0.0,-0.07394788095193514,0.7044310244672543,1077813762.9901419,1077.8137629901419,0.6431493933895472,0.40954210694844706
P_Q1,27,B,SPI3,325,-0.0007628485215791306,193.69836878963318,0.0,0.7,3878338375.4057646,3878.3383754057645,0.6842423595545593,0.3927491372256021
P_Q1,27,B,SPI3,327,0.0,262.88769267965347,0.0,0.7000058925374013,4083374350.794984,4083.374350794984,0.6960543636816452,0.3873056533959512
P_Q1,27,B,SPI3,329,0.0,0.0,-0.41824736651161704,0.8008081557556409,566700539.2371607,566.7005392371607,0.5848365175934821,0.40954210694844706
P_Q1,27,B,SPI3,330,0.0,1353.009858321796,0.0,0.7,5479041765.796718,5479.041765796717,0.79731027857829,0.23798342050023116
P_Q1,27,B,SPI3,331,0.0,1856.086299244207,0.0,0.7017096839540446,5810440079.534045,5810.440079534045,0.8155619596541785,0.17792720674565052
P_Q1,27,B,SPI3,332,0.0,48.118984141723445,0.0,0.7004582135324421,3109051654.539126,3109.051654539126,0.6591240616216602,0.40516597288931594
P_Q1,27,B,SPI3,333,-0.0047573334276589385,380.523497960673,0.0,0.7,4352453418.602541,4352.453418602541,0.7139502615006937,0.37727256555306504
P_Q1,27,B,SPI3,334,0.0,1502.9866710350097,0.0,0.7,5588579215.3036,5588.5792153036,0.8042124737609847,0.2162094851816274
P_Q1,27,B,SPI3,335,-1.7283916839830706,0.0,-1.597346794283155,0.7,154882497.75956658,154.88249775956658,0.5428540932863699,0.40954210694844706
P_Q1,27,B,SPI3,336,0.0,62.398985333092654,0.0,0.7000000013566144,3235501807.978266,3235.501807978266,0.6618991710250116,0.40360052655922013
P_Q1,27,B,SPI3,338,-8.473376160219627e-05,244.80806332633222,0.0,0.7,4034210327.998529,4034.210327998529,0.6934927242323977,0.3885864731205749
P_Q1,27,B,SPI3,339,0.0,1902.6599574567986,0.0,0.7,5844610807.6613655,5844.6108076613655,0.8173764542640624,0.17408474757177927
P_Q1,27,B,SPI3,340,-2.6595990075259284,0.0,-0.4182769393785396,0.7010173817016272,850459920.3878914,850.4599203878914,0.6156473476358203,0.40954210694844706
P_Q1,27,B,SPI3,341,0.0,703.4417911906339,0.0,0.7,4855654805.358787,4855.654805358787,0.7515209734229905,0.33931049204824426
P_Q1,27,B,SPI3,342,-0.10498902954482747,0.0,-1.011114029688602,0.7088246895432829,424233415.40126413,424.23341540126415,0.5686128010815812,0.40954210694844706
P_Q1,27,B,SPI3,343,0.0,1376.1830892608257,0.0,0.7,5496555465.3959055,5496.555465395905,0.7987334116056497,0.234354431280464
P_Q1,27,B,SPI3,344,-1.0934436479643894,0.0,-0.5061409049648538,0.7462388285222934,658322529.9938681,658.3225299938681,0.5935887857117443,0.40954210694844706
P_Q1,27,B,SPI3,346,-0.0007045695340215374,0.0,-0.38476726216742296,0.7992882460951616,585811369.955429,585.811369955429,0.5868644821574697,0.40954210694844706
P_Q1,27,B,SPI3,350,0.0,1127.9073608220942,0.0,0.7,5295727807.381445,5295.727807381445,0.7848934429145764,0.2748425659088483
P_Q1,27,B,SPI3,352,0.0,395.0710989404704,0.0,0.7,4381119762.94923,4381.11976294923,0.7165119009499413,0.3754936492688654
P_Q1,27,B,SPI3,353,-3.655417182393726,0.0,-1.2473629678796818,0.8191032720995692,179552529.08832982,179.55252908832983,0.5450599494787776,0.40954210694844706
P_Q1,27,B,SPI3,354,0.0,109.89250955851708,0.0,0.7,3535150486.9983916,3535.1504869983914,0.6698331376525419,0.39911765752303696
P_Q1,27,B,SPI3,355,0.0,1162.8834749438793,0.0,0.700314711051957,5324737853.433452,5324.737853433452,0.787312769061088,0.2690788771480414
P_Q1,27,B,SPI3,357,0.0,1601.7607562139829,0.0,0.7000547383679204,5655998605.878422,5655.998605878422,0.80791261963212,0.2036859145408617
P_Q1,27,B,SPI3,358,-3.599284305143935,0.0,-0.44980262425858925,0.8401716536237327,439622579.1456262,439.62257914562616,0.569431102572313,0.40954210694844706
P_Q1,27,B,SPI3,359,-2.7441933567542307,0.0,-1.3501803665770755,0.7012839982406229,251455767.46694055,251.45576746694056,0.5521400362898924,0.40954210694844706
P_Q1,27,B,SPI3,360,-0.8926671495380916,0.0,-0.2058167108063991,0.7002215650410616,999182042.6789044,999.1820426789044,0.6327605222898212,0.40954210694844706
P_Q1,27,B,SPI3,362,0.0,783.7972660622388,0.0,0.7,4952156804.023585,4952.156804023585,0.7588856868395772,0.32845910271462625
P_Q1,27,B,SPI3,364,0.0,913.8261076336742,-0.00023442174200462762,0.7,5093131675.44591,5093.13167544591,0.7699861244529833,0.30892660191411386
P_Q1,27,B,SPI3,366,-0.8681603356784682,0.0,-1.9672687824273563,0.7216139888239826,60116683.8418894,60.1166838418894,0.5337816202369516,0.40954210694844706
P_Q1,27,B,SPI3,367,0.0,1506.4200620029546,0.0,0.7,5590982718.38122,5590.9827183812195,0.8043192087380368,0.21553349699363156
P_Q1,27,B,SPI3,368,-1.1480072770580494,0.0,-0.4528078438764188,0.7361050348195665,723341075.4537733,723.3410754537732,0.6014160173622229,0.40954210694844706
P_Q1,27,B,SPI3,369,0.0,1900.773445789608,-0.00044022846047447797,0.7,5843143714.886499,5843.1437148865,0.8173408759383782,0.1741914825488313
P_Q1,27,B,SPI3,370,-0.024276467047041006,0.0,-0.4639611141647302,0.8143837320555972,502558847.2921121,502.5588472921121,0.5772939125484755,0.40954210694844706
P_Q1,27,B,SPI3,371,0.0,141.03399897949632,0.0,0.7,3680566765.2691526,3680.5667652691527,0.6756679830647172,0.39659159639947356
P_Q1,27,B,SPI3,374,0.0,541.2883965197266,0.0,0.7,4632018552.063003,4632.018552063003,0.733482762301206,0.3603728608531683
P_Q1,27,B,SPI3,375,0.0,245.65873035064112,0.0,0.7000000007497601,4036584566.4759426,4036.5845664759427,0.6936350375351337,0.388444159817839
P_Q1,27,B,SPI3,376,0.0,2007.1052842644287,0.0,0.700314711051957,5903283236.387822,5903.283236387822,0.8199025153876259,0.16746717899455651
P_Q1,27,B,SPI3,377,-0.15785299906035521,0.0,-0.3087768077879427,0.7001099652380454,928373565.8651522,928.3735658651523,0.6248621339879745,0.40954210694844706
P_Q1,27,B,SPI3,379,-0.000702192575353287,0.0,-0.42377796911628035,0.7992882460951616,568910618.3393708,568.9106183393709,0.5850499875475861,0.40954210694844706
P_Q1,27,B,SPI3,380,0.0,156.46889328897078,0.0,0.7,3743667282.672703,3743.6672826727026,0.6783363574910163,0.39570213825737355
P_Q1,27,B,SPI3,382,-1.03424900395159e-06,609.9592082640818,0.0,0.7002043960435788,4731386466.604562,4731.386466604562,0.7417725121855766,0.3517984843633259
P_Q1,27,B,SPI3,384,-3.618324108809563e-05,814.2319553722027,0.0,0.7001462759467103,4986147937.088757,4986.147937088756,0.7616252179172449,0.32362045042160303
P_Q1,27,B,SPI3,385,0.0,519.0359105722522,0.0,0.7000027631797335,4597445580.187217,4597.445580187216,0.7315971110399544,0.3630056569537838
P_Q1,27,B,SPI3,386,-0.0002681939867827471,1102.7811234135468,0.0,0.7005105010148217,5271638772.507715,5271.638772507716,0.7834347315615326,0.2789696516881916
P_Q1,27,B,SPI3,390,-0.48325111589290826,0.0,-0.1408969104703659,0.7075415086464973,1020719123.4533633,1020.7191234533633,0.6367097164407443,0.40954210694844706
P_Q1,27,B,SPI3,392,-0.209122588070499,0.0,-1.6092281068422332,0.7000179685892276,151171450.15157163,151.17145015157163,0.542569466680898,0.40954210694844706
P_Q1,27,B,SPI3,393,0.0,48.04330320523101,0.0,0.7000165468874664,3110003228.8598943,3110.003228859894,0.65930195325008,0.40516597288931594
P_Q1,27,B,SPI3,394,-0.00025506287159838073,970.9577556202461,-0.0003172691562645935,0.7000165123351131,5150249597.238377,5150.249597238377,0.7747536200946383,0.2991425623510158
P_Q1,27,B,SPI3,395,-0.11005260235866483,0.0,-0.017901356034114104,0.7000337996389979,1127999418.6190944,1127.9994186190943,0.6496602269897179,0.40954210694844706
P_Q1,27,B,SPI3,396,-2.9478509247332256e-05,1002.671887455227,-1.3550554677394812e-06,0.7,5181386028.523871,5181.386028523872,0.7770662112640979,0.2942683317323087
P_Q1,27,B,SPI3,397,0.0,195.82813917314533,0.0,0.7,3885434825.3124638,3885.4348253124635,0.6847760344398194,0.3922154623403423
P_Q1,27,B,SPI3,398,-0.024276467047041006,0.0,-0.4639611141647302,0.7665295454153259,632090126.1287723,632.0901261287722,0.5917387127761766,0.40954210694844706
P_Q1,27,B,SPI3,399,-0.9507018854682283,0.0,-1.1214568423981202,0.701867190356745,367526911.160127,367.526911160127,0.5629914256235102,0.40954210694844706
P_Q1,27,B,SPI3,400,0.0,0.0,-0.5004019934964186,0.7991479074283799,524026969.49201065,524.0269694920106,0.5799978653004589,0.40954210694844706
P_Q1,27,B,SPI3,401,-0.7518089877918992,0.0,-0.20118516039282475,0.7115908677703865,964914094.3353597,964.9140943353597,0.6287757498132138,0.40954210694844706
P_Q1,27,B,SPI3,402,0.0,61.67928666574116,0.0,0.7,3229770057.4492493,3229.770057449249,0.6617924360479597,0.40360052655922013
P_Q1,27,B,SPI3,403,0.0,678.3193108394664,0.0,0.7000448955468932,4823543306.373967,4823.543306373967,0.7483189241114315,0.3431529512221155
P_Q1,27,B,SPI3,407,0.0,1060.9087972446878,0.0,0.7,5235812348.440697,5235.812348440697,0.7810154054150212,0.28540932863699425
P_Q1,27,B,SPI3,408,-0.0007089314764933103,1683.970722415224,0.0,0.7,5710190180.03677,5710.19018003677,0.8104742590813677,0.19489806809691534
P_Q1,27,B,SPI3,409,-0.0013915080076073727,317.14241043464654,0.0,0.7,4216953767.6175485,4216.953767617549,0.7056605116163235,0.3831074109652399
P_Q1,27,B,SPI3,410,-0.10435930110304795,0.0,-0.09234031044854721,0.7102037067033566,1042717562.0537425,1042.7175620537425,0.6390934642615719,0.40954210694844706
P_Q1,27,B,SPI3,412,-6.439764739243651e-10,280.49794532612566,0.0,0.7000147943843483,4128814664.712496,4128.814664712496,0.6993987262959406,0.3861315686483795
P_Q1,27,B,SPI3,415,-5.8267772618918404e-05,1357.3151100184848,-0.01655918500982788,0.7,5470638824.344827,5470.638824344826,0.797025651972818,0.2371295406838154
P_Q1,27,B,SPI3,416,-0.0021001731518827844,0.0,-0.06996297614606606,0.7054271381965197,1075054479.1969953,1075.0544791969953,0.6427580318070233,0.40954210694844706
P_Q1,27,B,SPI3,417,-0.7518089877918992,0.0,-1.7418058807360488,0.7115908677703865,108022421.69144583,108.02242169144583,0.5386558508556588,0.40954210694844706
P_Q1,27,B,SPI3,419,-0.5877831551683563,0.0,-0.4642740268612168,0.7100013249344195,784849433.5306566,784.8494335306566,0.6085316824990217,0.40954210694844706
P_Q1,27,B,SPI3,420,0.0,299.4480282413173,-2.965226377600269e-07,0.700001325590998,4175447011.544461,4175.447011544461,0.7019603657451879,0.3842103390614438
P_Q1,27,B,SPI3,423,0.0,1746.778350403038,0.0,0.7000164050632136,5750096008.426794,5750.0960084267945,0.8121464403885155,0.18845839114811258
P_Q1,27,B,SPI3,425,0.0,832.7083509679425,0.0,0.7003223987943782,5005965296.34604,5005.965296346039,0.7634041342014446,0.32112996762372353
P_Q1,27,B,SPI3,426,0.0,1271.9241299452522,-4.4325406747756987e-07,0.7000589620182527,5415717577.627484,5415.717577627484,0.7937168676842068,0.2502579428612089
P_Q1,27,B,SPI3,428,0.0,585.7160444402974,-0.000340330844929391,0.7000025639336531,4697477015.09247,4697.4770150924705,0.7392464510620128,0.35471590706941325
P_Q1,27,B,SPI3,430,-9.574981263213371e-07,945.7675915569401,-1.9510791456478776e-07,0.7000589620182527,5125533341.463729,5125.533341463729,0.7726189205535989,0.3036254313871989
P_Q1,27,B,SPI3,431,-1.5933436078966322e-07,262.0240617651938,0.0,0.700009845805894,4081070203.7871776,4081.0702037871774,0.6959832070302772,0.3873056533959512
P_Q1,27,B,SPI3,432,-3.504647804627981e-06,631.0385167457869,0.0,0.7000000088657743,4761240359.056781,4761.240359056781,0.7436225851211441,0.34952147151955026
P_Q1,27,B,SPI3,433,-0.0031700108211402053,414.42022548994214,-0.00014846121444235842,0.7000008396571954,4417638837.496272,4417.638837496272,0.7186821788166649,0.37439072117266164
P_Q1,27,B,SPI3,435,-0.0012589655505938328,562.974275284378,0.0,0.7000247520635872,4664545674.667183,4664.5456746671825,0.7364713416586616,0.35756217312413274
P_Q1,27,B,SPI3,436,-6.455481118773883e-10,1030.676354705077,0.0,0.7000097749534605,5207772644.388432,5207.772644388431,0.7785960792685095,0.28957199274202156
P_Q1,27,B,SPI3,437,0.0,80.02036162030203,0.0,0.7002198852392261,3361423651.0427175,3361.4236510427177,0.6643540754972072,0.40192834525207244
P_Q1,27,B,SPI3,439,0.0,230.70678070670482,-0.005126947778746805,0.7000000007497601,3990382820.464691,3990.382820464691,0.6907887714804142,0.3896182445654106
P_Q1,27,B,SPI3,440,0.0,728.8158884339072,-0.00010950240576215048,0.7000026208981719,4886570024.678868,4886.570024678868,0.7541893478492903,0.33607286441100087
P_Q1,27,B,SPI3,441,0.0,433.8271953750574,-0.00026596584826354963,0.7000014321526461,4453346295.595059,4453.346295595059,0.7215284448713843,0.3721492866545701
P_Q1,27,B,SPI3,442,0.0,347.3179938594584,0.0,0.7001143127090735,4283390290.4501667,4283.3902904501665,0.7102145373038743,0.3803678798875725
P_Q1,27,B,SPI3,445,0.0,1198.0923920522773,0.0,0.7000099217519816,5355672884.432411,5355.672884432412,0.7895897819048635,0.26224783861671475
P_Q1,27,B,SPI3,446,0.0,886.41319563296,-4.4325406747756987e-07,0.7000589620182527,5064757111.464678,5064.757111464678,0.7680648948660477,0.3131604226705091
P_Q1,27,B,SPI3,447,0.0,212.44767669412485,0.0,0.7,3938798930.8079195,3938.7989308079195,0.6876578788202226,0.39093464261571853
P_Q1,27,B,SPI3,449,-2.1427804987546732,0.0,-0.39832902682635324,0.7001133070005918,864973916.1263503,864.9739161263503,0.6174262639200199,0.40954210694844706
P_Q1,27,B,SPI3,450,0.0,1798.2024626244631,0.0,0.7,5782012670.820508,5782.012670820508,0.814032091649767,0.18361973885508948
P_Q1,27,B,SPI3,451,0.0,755.9312899180113,-9.461973437390885e-08,0.7,4919572458.213165,4919.572458213165,0.7561817340875939,0.33201693528302556
P_Q1,27,B,SPI3,452,0.0,366.40136592174093,0.0,0.7000139591328399,4323808446.1095295,4323.8084461095295,0.7124203934962821,0.3784466503006368
P_Q1,27,B,SPI3,453,0.0,971.9301059776755,0.0,0.7,5151626521.864509,5151.6265218645085,0.7748247767460062,0.2989646707225958
P_Q1,27,B,SPI3,455,0.0,280.580587936851,0.0,0.7,4129079430.029327,4129.079430029327,0.6994343046216246,0.3861315686483795
P_Q1,27,B,SPI3,456,0.0,587.1707139041207,0.0,0.7,4699939325.491526,4699.939325491526,0.7394243426904329,0.35439570213825733
P_Q1,27,B,SPI3,457,-3.286385521681152,0.0,-2.0249159570236186,0.7,57268205.30374385,57.26820530374385,0.5337460419112676,0.40954210694844706
P_Q1,27,B,SPI3,458,0.0,244.88208812501884,0.0,0.7,4034417183.2207203,4034.4171832207203,0.6935283025580816,0.38855089479489097
P_Q1,27,B,SPI3,459,0.0,396.0521111957406,0.0,0.7,4383015548.461762,4383.015548461763,0.7167253709040453,0.37542249261749744
P_Q1,27,B,SPI3,460,0.0,542.2728312022832,0.0,0.7,4633520890.573266,4633.520890573266,0.7335183406268899,0.3602661258761163
P_Q1,27,B,SPI3,463,0.0,784.1332404282642,0.0,0.7004539099938957,4950795336.321056,4950.795336321056,0.7588145301882092,0.3284235243889423
P_Q1,27,B,SPI3,464,0.0,816.4167573406476,0.0,0.7000990796608104,4988771803.085078,4988.771803085078,0.7618386878713488,0.3232646671647632
P_Q1,27,B,SPI3,465,0.0,2100.0,-0.019026291121040456,0.7,5941198397.4252,5941.198397425201,0.8219660582772974,0.1639449247518412
P_Q1,27,B,SPI3,466,-0.0017451327107313543,157.7505325057578,0.0,0.7,3748684329.4050164,3748.6843294050163,0.6785498274451203,0.3959511865371615
P_Q1,27,B,SPI3,470,0.0,1840.5197030462887,0.0,0.7000000679926249,5807656364.726072,5807.656364726073,0.8154552246771267,0.17952823140143018
P_Q1,27,B,SPI3,472,-1.08960539993181,0.0,-0.5809862190305024,0.7674484162829113,560355574.7239312,560.3555747239312,0.5833066495890704,0.40954210694844706
P_Q1,27,B,SPI3,473,0.0,498.1992390618474,0.0,0.7003838497763751,4562583233.510607,4562.583233510607,0.729106628242075,0.3654249831002953
P_Q1,27,B,SPI3,474,0.0,79.27596505211362,0.0,0.7000806741025871,3357054693.852963,3357.054693852963,0.6643184971715231,0.40196392357775645
P_Q1,27,B,SPI3,477,-0.0012503617015624524,0.0,-0.09321297171421858,0.700010386936661,1078484931.7878466,1078.4849317878466,0.643611911623439,0.40954210694844706
P_Q1,27,B,SPI3,478,-2.599924732657466e-07,171.7541412630104,-0.0002724113977889705,0.7000379619371606,3801136423.6939573,3801.136423693957,0.6805777920091081,0.3941722702529618
P_Q1,27,B,SPI3,480,-1.086776282309177,0.0,-0.12128553580967419,0.7013239790535187,1055525413.7564919,1055.5254137564918,0.6410502721741915,0.40954210694844706
P_Q1,27,B,SPI3,481,-8.522297311311556e-05,1095.4346660837643,-2.8075749869486944e-06,0.7000379619371606,5266897314.694027,5266.897314694027,0.7831856832817449,0.28003700145871135
P_Q1,27,B,SPI3,482,0.0,299.1908146997978,0.0,0.7,4174835343.310288,4174.8353433102875,0.7019247874195039,0.3842103390614438
P_Q1,27,B,SPI3,483,-2.5560315512191583e-07,664.8248753485271,-0.0002589071920216909,0.7000000599416244,4805885155.036576,4805.885155036576,0.7471804176895435,0.34471839755221123
P_Q1,27,B,SPI3,484,0.0,45.87484883281282,0.0,0.7000031297282628,3088692813.798275,3088.692813798275,0.6589105916675563,0.40530828619205184
P_Q1,27,B,SPI3,485,-3.195546466928226,0.0,-1.3865373369686922,0.7112334353307125,228087282.74957767,228.08728274957767,0.5497207101433806,0.40954210694844706
P_Q1,27,B,SPI3,487,0.0,1001.6071256438454,-7.574166466546843e-05,0.7000103059978143,5180157153.24799,5180.157153247989,0.77699505461273,0.2943750667093607
P_Q1,27,B,SPI3,489,0.0,944.2684256687908,-0.0015838037926606814,0.700000337848449,5123282464.112342,5123.282464112342,0.7723698722738107,0.30380332301561885
P_Q1,27,B,SPI3,491,-6.15155216263866e-05,2007.1733408947543,0.0,0.700000163831506,5904552965.897921,5904.55296589792,0.820044828690362,0.16739602234318854
P_Q1,27,B,SPI3,492,0.0,1688.905280512493,-0.0015163015018103277,0.700044725654972,5712270051.90437,5712.27005190437,0.8105809940584199,0.19386629665207955
P_Q1,27,B,SPI3,495,-2.2254628104391716,0.0,-0.4376976829642796,0.729666603471497,756092129.5468866,756.0921295468866,0.6054363681645142,0.40954210694844706
P_Q1,27,B,SPI3,498,0.0,867.1537299525157,0.0,0.7000000128717698,5044579619.2636,5044.579619263601,0.7664994485359519,0.3158287970968086
P_Q1,27,B,SPI3,499,-0.0018909733820753945,198.47887223748495,-0.001582274683259804,0.7000268129312608,3893070415.3065176,3893.0704153065176,0.6851673960223432,0.3923577756430782
P_Q1,27,B,SPI3,501,-0.002391284923466388,379.87810729880636,0.0,0.700000001486764,4351156194.154604,4351.156194154604,0.7140214181520617,0.37720140890169707
P_Q1,27,B,SPI3,502,-0.00015571358065515311,1956.7089339233967,0.0,0.7000283301187474,5875785702.764463,5875.785702764463,0.8187640089657381,0.17056249332906392
P_Q1,27,B,SPI3,503,0.0,706.8841006901521,0.0,0.7000870120824643,4859595696.089416,4859.5956960894155,0.7518411783541467,0.3387412388373004
P_Q1,27,B,SPI3,505,0.0,1378.325490418965,0.0,0.7000227429535781,5498075976.664882,5498.075976664882,0.7988757249083857,0.23396306969794003
P_Q1,27,B,SPI3,506,-0.004013616418964805,762.4511888097932,0.0,0.700000267315559,4927260069.950063,4927.260069950063,0.7565375173444338,0.3317323086775537
P_Q1,27,B,SPI3,507,-9.003900535984975e-05,126.38978711843305,0.0,0.7,3615594731.9212255,3615.5947319212255,0.6729996086384175,0.39780125947272926
P_Q1,27,B,SPI3,509,-1.290832234144876,0.0,-0.47140358239809654,0.7000000011729136,804768807.9560565,804.7688079560564,0.6110577436225852,0.40954210694844706
P_Q1,27,B,SPI3,510,-0.6295931962525797,0.0,-0.4001609862449014,0.7057915799051999,847798604.7129059,847.7986047129059,0.6153982993560324,0.40954210694844706
P_Q1,27,B,SPI3,512,0.0,519.1771613002977,0.0,0.7000041510314863,4597663013.954407,4597.663013954407,0.7316326893656383,0.3630056569537838
P_Q1,27,B,SPI3,513,-0.0024016031412421035,63.21727402973191,-2.6326052393988924e-06,0.700008374959346,3241923282.192475,3241.9232821924747,0.6620414843277476,0.403707261536272
P_Q1,27,B,SPI3,514,-3.524336636563194,0.0,-0.3081612719294846,0.7000237840050403,929128503.4337158,929.1285034337158,0.6249332906393424,0.40954210694844706
P_Q1,27,B,SPI3,515,-0.00015669496334178284,410.8707807240636,0.0,0.7,4411350903.419135,4411.350903419135,0.718361973885509,0.37431956452129367
P_Q1,27,B,SPI3,517,0.0,1743.7438162082997,0.0,0.7005309938175033,5746204688.5743265,5746.204688574327,0.8118973921087275,0.1886718611022165
P_Q1,27,B,SPI3,519,-3.322400961524698,0.0,-0.9490702903498145,0.7352436189303712,417410415.2496956,417.4104152496956,0.5675454513110613,0.40954210694844706
P_Q1,27,B,SPI3,520,-1.1122739145745488e-06,208.13148985612509,0.0,0.7000000107165981,3925263795.4513707,3925.2637954513707,0.6869818906322268,0.39129042587255836
P_Q1,27,B,SPI3,522,-2.2111072003316643,0.0,-0.9546771336748585,0.7016022753417592,467106628.04903954,467.10662804903956,0.5737005016543922,0.40954210694844706
P_Q1,27,B,SPI3,523,-3.020028823820444,0.0,-1.2605041499143668,0.7000311715176907,291224786.9828678,291.2247869828678,0.5566584836517594,0.40954210694844706
P_Q1,27,B,SPI3,526,0.0,434.1010155138659,0.0,0.7,4454208308.183866,4454.2083081838655,0.7217063364998042,0.37211370832888613
P_Q1,27,B,SPI3,527,-1.1536513418814115e-06,1163.428129973036,0.0,0.7001618675403478,5325785712.364945,5325.7857123649455,0.7873839257124561,0.2690432988223574
P_Q1,27,B,SPI3,528,-0.4073475839699088,0.0,-0.6292384822865005,0.7648939332213784,536191046.41696125,536.1910464169613,0.5810652150709787,0.40954210694844706
P_Q1,27,B,SPI3,531,-2.471091836999535,0.0,-1.621396034171778,0.7362229969436822,129433948.10740516,129.43394810740514,0.5399722489059664,0.40954210694844706
P_Q1,27,B,SPI3,532,-1.1536513418814115e-06,1197.5159276503873,0.0,0.7001618675403478,5354593032.90176,5354.59303290176,0.7894830469278117,0.26228341694239876
P_Q1,27,B,SPI3,533,-0.133152201802738,0.0,-0.39682215927094733,0.7000237840050403,865979030.1634994,865.9790301634994,0.6176397338741239,0.40954210694844706
P_Q1,27,B,SPI3,535,-1.4341171111460456,0.0,-0.5202194607046906,0.7562798285161837,623551963.7713331,623.5519637713331,0.590315579748817,0.40954210694844706
P_Q1,27,B,SPI3,536,-0.024050209771953907,2.519883561122697,0.0,0.7,2122687815.10665,2122.6878151066503,0.6514747215996013,0.40936421532002704
P_Q1,27,B,SPI3,537,-0.0004981181186146746,1307.6218142828739,-0.0005679483425439366,0.7001615699951594,5443108887.436822,5443.1088874368215,0.7952111573629346,0.24456541075177007
P_Q1,27,B,SPI3,538,-1.286399488285916,0.0,-0.8275797795006379,0.7334774316231572,491103687.52277786,491.1036875227779,0.574447646493756,0.40954210694844706
P_Q1,27,B,SPI3,539,-4.6130750419155764e-05,1232.392614145801,-0.0005366046271284758,0.7000734208282713,5383352576.981773,5383.352576981773,0.7917956380972713,0.2568755114384317
P_Q1,27,B,SPI3,540,-5.960189472290143e-06,142.0566526700951,0.0,0.7000227429535781,3684820556.0682254,3684.8205560682254,0.675845874693137,0.3965204397481056
P_Q1,27,B,SPI3,542,0.0,32.67942384049279,0.0,0.7,2938782927.658731,2938.782927658731,0.6563133738926246,0.4063044793112037
P_Q1,27,B,SPI3,543,0.0,1553.5722479209012,0.0,0.7002083499742652,5622789152.884501,5622.789152884501,0.8059558117195008,0.2095919166044046
P_Q1,27,B,SPI3,544,0.0,731.3591447982718,-3.030095415291727e-05,0.7000024666192293,4889855868.840554,4889.855868840555,0.7543316611520262,0.3358593944568969
P_Q1,27,B,SPI3,545,0.0,561.6515648170529,0.0,0.7,4662689997.628167,4662.6899976281675,0.7363290283559257,0.35738428149571283
P_Q1,27,B,SPI3,547,-0.0004085960820661774,1266.4486264266186,-3.067207188636697e-06,0.7000367649237728,5411411919.411592,5411.411919411592,0.7934322410787347,0.25118297932899275
P_Q1,27,B,SPI3,548,-0.00682146095497016,15.639873574250032,-2.8075749869486944e-06,0.7000379619371606,2651515452.961391,2651.515452961391,0.6536449994663251,0.4080122389440354
P_Q1,27,B,SPI3,550,-0.04407290773918876,0.0,-0.35285033789846887,0.7000000012199594,895682101.9004146,895.6821019004146,0.6210552531397873,0.40954210694844706
P_Q1,27,B,SPI3,552,0.0,227.1086314137486,0.0,0.7000498070473261,3983117425.7199087,3983.1174257199086,0.6902195182694703,0.38993844949656664
P_Q1,27,B,SPI3,553,-0.32271497553852746,0.0,-0.6046472861053032,0.7016022753417592,699103863.107498,699.103863107498,0.5993880527982354,0.40954210694844706
P_Q1,27,B,SPI3,554,0.0,679.0237325087,-2.778868280376321e-06,0.7004568435988314,4822848197.153069,4822.848197153068,0.7482477674600635,0.3430462162450635
P_Q1,27,B,SPI3,557,-7.944670565211748e-08,1033.892771230222,-2.705013647942067e-06,0.7001485135346441,5210244646.175494,5210.244646175494,0.7789518625253494,0.28918063115949766
P_Q1,27,B,SPI3,558,-1.304789097895341,0.0,-0.47211398889222433,0.729666603471497,724868103.4284674,724.8681034284674,0.6016650656420109,0.40954210694844706
P_Q1,27,B,SPI3,559,-0.01783795225802462,0.0,-0.018516605322414323,0.7000004001624544,1127283100.9847753,1127.2831009847753,0.649553492012666,0.40954210694844706
P_Q1,27,B,SPI3,560,-0.0001424018014572398,915.1566906790074,-1.9736269508464665e-07,0.7001463998140642,5094253629.418904,5094.253629418904,0.7700928594300352,0.30871313196001
P_Q1,27,B,SPI3,561,-2.9795357314110547,0.0,-1.215076699058817,0.7000021702305803,313554509.3216727,313.5545093216727,0.5582950866332231,0.40954210694844706
P_Q1,27,B,SPI3,562,0.0,263.9601508712832,-1.4519318691865487e-05,0.7000024084675324,4086222212.1715636,4086.2222121715636,0.6962678336357491,0.38723449674458327
P_Q1,27,B,SPI3,563,0.0,1465.3787031352572,0.0,0.700016580531125,5561852448.43088,5561.85244843088,0.8028960757106771,0.22136834240580644
P_Q1,27,B,SPI3,564,0.0,831.8589660413236,-2.7060161060396877e-05,0.7000398396225868,5005962166.618796,5005.962166618797,0.7633685558757606,0.32127228092645954
P_Q1,27,B,SPI3,565,0.0,314.2287507919196,0.0,0.7,4210238564.944813,4210.238564944812,0.7050556800796954,0.3830362543138719
P_Q1,27,B,SPI3,566,0.0,943.3030523893037,0.0,0.7,5123317507.883536,5123.317507883537,0.7724766072508628,0.30398121464403877
P_Q1,27,B,SPI3,567,-0.8018355899354327,0.0,-1.3109724590944443,0.7981305937881724,180554066.3263777,180.5540663263777,0.5454868893869854,0.40954210694844706
P_Q1,27,B,SPI3,568,0.0,226.70261839876434,0.0,0.7,3982105049.948908,3982.105049948908,0.6901839399437862,0.3900096061479346
P_Q1,27,B,SPI3,569,-0.6903176430357427,0.0,-0.5276209455051724,0.8016233021630028,503923936.8015283,503.92393680152827,0.5777920091080514,0.40954210694844706
P_Q1,27,B,SPI3,570,-0.8033283377612436,0.0,-1.2597658674371814,0.8350787757210139,160478811.180468,160.478811180468,0.5431387198918419,0.40954210694844706
P_Q1,27,B,SPI3,572,-1.3800041520312423,0.0,-0.6185006990834179,0.7408250914688329,597963032.254447,597.963032254447,0.5871491087629416,0.40954210694844706
P_Q1,27,B,SPI3,573,-0.008293723599629044,0.0,-0.07416204641883192,0.7000185229054888,1093902264.1527028,1093.9022641527029,0.6450706229764828,0.40954210694844706
P_Q1,27,B,SPI3,574,0.0,140.5464416598775,0.0,0.7,3678488852.0001006,3678.4888520001005,0.6755612480876652,0.3967339097022094
P_Q1,27,B,SPI3,578,0.0,0.0,-0.5642101989210109,0.7,735368873.6048057,735.3688736048057,0.6025545237841107,0.40954210694844706
P_Q1,27,B,SPI3,579,-3.18463545600127,0.0,-2.1821079747406094,0.8743149606085947,17024835.17932347,17.024835179323468,0.5293699078521364,0.40954210694844706
P_Q1,27,B,SPI3,581,0.0,126.75050870909172,0.0,0.7000052701031582,3617241878.7570124,3617.2418787570123,0.6730351869641014,0.3977656811470453
P_Q1,27,B,SPI3,582,0.0,1003.0587891580265,-7.356284310588383e-05,0.7000006694517635,5181581797.239515,5181.581797239515,0.777101789589782,0.29419717508094073
P_Q1,27,B,SPI3,585,0.0,0.0,-0.5753523556769897,0.8062564108069652,469786448.5216704,469.7864485216704,0.5741274415626001,0.40954210694844706
P_Q1,27,B,SPI3,586,-2.7062194575073345e-05,15.04034334974397,-1.853752699709809e-07,0.7000014183310241,2637777053.575303,2637.777053575303,0.6535026861635891,0.4081189739210873
P_Q1,27,B,SPI3,590,0.0,1071.2299786957328,0.0,0.7005129156552856,5243259017.17134,5243.25901717134,0.7814067669975452,0.2838438823068986
P_Q1,27,B,SPI3,591,-0.00034047212650824537,1643.6192804350562,-0.0005489010793198381,0.7,5683627280.546705,5683.627280546705,0.8095848009392678,0.19866937061941864
P_Q1,27,B,SPI3,592,0.0,281.4119061972793,0.0,0.7000010543722905,4131164577.3665137,4131.164577366514,0.6996121962500444,0.3860959903226954
P_Q1,27,B,SPI3,594,-0.0004808345922425295,0.0,-0.3712601453254021,0.7001028642986411,883160722.0239301,883.16072202393,0.6196676984381114,0.40954210694844706
P_Q1,27,B,SPI3,597,-0.00013922664969207602,316.057052074961,-0.00022060432543694525,0.7003606813458579,4212727287.807591,4212.727287807591,0.7051979933824315,0.382858362685452
P_Q1,27,B,SPI3,598,0.0,364.93059754154734,-8.865848176988927e-06,0.7000618831514195,4320597752.628939,4320.597752628939,0.7122780801935461,0.3786245419290568
P_Q1,27,B,SPI3,599,0.0,1128.8977498988625,-1.929942777864413e-07,0.7000006498334299,5296590110.56401,5296.59011056401,0.7849290212402605,0.2748425659088483
P_Q1,27,B,SPI3,601,0.0,1603.5577016370162,0.0,0.7001723780438269,5656720132.758033,5656.720132758032,0.8079481979578039,0.20340128793538972
P_Q1,27,B,SPI3,602,-1.2728648630658097,0.0,-0.17750297023220246,0.7344583427465896,903250827.7252709,903.2508277252708,0.622051446258939,0.40954210694844706
P_Q1,27,B,SPI3,604,0.0,2067.6162690845017,0.0,0.7003477585286998,5936802728.322337,5936.802728322337,0.8213612267406697,0.164834382893941
P_Q1,27,B,SPI3,606,-0.0002823717751223001,0.0,-0.22062163460012557,0.7079865944598195,964034537.1699332,964.0345371699332,0.6285622798591097,0.40954210694844706
P_Q1,27,B,SPI3,608,0.0,208.89443588591902,0.0,0.7000015358345837,3927667433.7721,3927.6674337721,0.6870174689579109,0.3912548475468744
P_Q1,27,B,SPI3,610,-0.11173449480125502,0.0,-1.3954161479382388,0.7004184162734577,233541265.96088818,233.54126596088818,0.5507524815882165,0.40954210694844706
P_Q1,27,B,SPI3,611,0.0,78.71554531610126,-4.934992334021491e-06,0.7001598332445349,3353040999.3013115,3353.0409993013113,0.6642117621944712,0.4019995019034404
P_Q1,27,B,SPI3,612,0.0,552.1252889151203,-0.004167152754828473,0.7017014257613805,4639171781.51905,4639.17178151905,0.7339452805350979,0.35887857117444044
P_Q1,27,B,SPI3,613,0.0,759.6815983205292,-7.186365935278319e-07,0.7000018038860464,4924000813.526955,4924.0008135269545,0.7566798306471697,0.33162557370050166
P_Q1,27,B,SPI3,615,0.0,263.3926422647497,-1.1734791604528523e-07,0.7000024544535892,4084723176.8780313,4084.723176878031,0.6961255203330131,0.3873056533959512
P_Q1,27,B,SPI3,617,-0.009220485558012477,0.0,-0.09332597254340003,0.7101808386669495,1041925959.7347151,1041.9259597347152,0.6389867292845198,0.40954210694844706
P_Q1,27,B,SPI3,619,-6.089184353813971e-05,62.87393478254302,0.0,0.700003967967273,3239241428.577299,3239.2414285772993,0.6620414843277476,0.403564948233536
P_Q1,27,B,SPI3,621,-2.59540165504176,0.0,-1.7550192337413875,0.7104096680726597,105212102.6860616,105.21210268606161,0.5384779592272388,0.40954210694844706
P_Q1,27,B,SPI3,623,-0.007979407965554186,0.0,-1.2038250493825937,0.7001987077993311,321483708.93124515,321.48370893124513,0.558899918169851,0.40954210694844706
P_Q1,27,B,SPI3,624,0.0,610.7063416571905,-8.318885230060957e-08,0.7001700287544503,4732559507.405471,4732.559507405471,0.7418436688369445,0.3517984843633259
P_Q1,27,B,SPI3,625,0.0,411.8422457706437,-1.0697668220979895e-07,0.7000002361995876,4413178312.983912,4413.178312983912,0.718468708862561,0.3741772512185577
P_Q1,27,B,SPI3,626,-0.06880431081637672,0.0,-0.1639298814085662,0.7032098014977595,1019960594.3944602,1019.9605943944601,0.6359269932756965,0.40954210694844706
P_Q1,27,B,SPI3,628,0.0,564.6706271355478,-3.773400234428032e-08,0.7003616239742262,4665750500.190992,4665.750500190992,0.7365780766357135,0.35706407656455685
P_Q1,27,B,SPI3,629,0.0,2006.6954148967627,0.0,0.70005218399016,5904085688.515881,5904.085688515881,0.8199736720389939,0.16746717899455651
P_Q1,27,B,SPI3,630,-0.08138632585098216,0.0,-1.8679137764344826,0.710750106498355,81369217.06776926,81.36921706776926,0.5358095848009392,0.40954210694844706
P_Q1,27,B,SPI3,634,0.0,915.0627330044921,0.0,0.70005218399016,5094562353.977265,5094.562353977265,0.7701284377557193,0.30871313196001
P_Q1,27,B,SPI3,635,0.0,1343.2963593327058,0.0,0.7000544866447188,5471435782.687865,5471.435782687865,0.7968833386700821,0.23951328850464293
P_Q1,27,B,SPI3,638,0.0,887.973387015115,0.0,0.7,5066626582.59581,5066.62658259581,0.7682427864944676,0.3128402177393532
P_Q1,27,B,SPI3,639,0.0,518.7914502100037,-1.3906605120907087e-08,0.7001151270280823,4596603316.842004,4596.603316842004,0.7314903760629025,0.3630056569537838
P_Q1,27,B,SPI3,642,-0.06534141835003887,32.366310926714924,0.0,0.7,2934694994.101894,2934.694994101894,0.6559931689614686,0.4068025758707797
P_Q1,27,B,SPI3,643,0.0,972.6938403136328,0.0,0.7,5152375666.280981,5152.375666280981,0.7748603550716903,0.29889351407122783
P_Q1,27,B,SPI3,644,-2.276688945358849e-05,1029.897839932213,0.0,0.7000402180655668,5206927691.194526,5206.927691194525,0.7785605009428255,0.28971430604475756
P_Q1,27,B,SPI3,645,0.0,435.4505010782788,0.0,0.7000001232274702,4456646522.111736,4456.646522111736,0.7218486498025402,0.37211370832888613
P_Q1,27,B,SPI3,646,0.0,590.2737543670669,-3.765649689723099e-08,0.7003559034477262,4702987028.658311,4702.987028658311,0.7395310776674847,0.3538976055786815
P_Q1,27,B,SPI3,647,0.0,171.82022408391333,0.0,0.7,3801884733.720354,3801.8847337203542,0.680791261963212,0.39413669192727785
P_Q1,27,B,SPI3,648,0.0,786.1730174119749,-3.524103447418009e-08,0.7007314211681194,4952086913.58254,4952.08691358254,0.7589568434909452,0.3281744761091542
P_Q1,27,B,SPI3,649,0.0,862.1150976646172,-8.82652614007422e-06,0.7000001209443071,5039168876.975535,5039.168876975536,0.766072508627744,0.3162557370050166
P_Q1,27,B,SPI3,651,-0.11173449480125502,0.0,-1.120422500538881,0.7004184162734577,369429031.0827254,369.42903108272543,0.56334720888035,0.40954210694844706
P_Q1,27,B,SPI3,653,0.0,1301.479736366654,0.0,0.7,5439321561.209083,5439.321561209083,0.7949976874088307,0.24549044721955388
P_Q1,27,B,SPI3,655,-2.980967018516028,0.0,-0.5122252384426951,0.7556123668467443,629936864.6647178,629.9368646647177,0.5910627245881809,0.40954210694844706
P_Q1,27,B,SPI3,656,-0.038450694679751485,0.0,-0.41522565987787596,0.7095815969796211,828047647.9172617,828.0476479172618,0.6130857081865728,0.40954210694844706
P_Q1,27,B,SPI3,657,-2.47119074351577,0.0,-1.030799940795686,0.7015057589731922,424238695.1382484,424.2386951382484,0.5689330060127371,0.40954210694844706
P_Q1,27,B,SPI3,660,-2.2268700766002915e-05,676.2313642729621,-1.720691979332434e-05,0.7000000369916225,4821026287.765447,4821.026287765447,0.7482121891343794,0.3434019995019034
P_Q1,27,B,SPI3,662,-0.0005049140511869896,1382.017840908151,0.0,0.7005529528390336,5498795206.551477,5498.795206551477,0.7989468815597536,0.23339381648699611
P_Q1,27,B,SPI3,664,0.0,51.24142521656807,-0.0051130766623044555,0.7000005605609073,3136765954.120025,3136.765954120025,0.659764471483972,0.404881346283844
P_Q1,27,B,SPI3,667,-2.1984393335753465e-06,835.5865912411537,-0.0005136563729745139,0.7,5009997202.102458,5009.997202102458,0.7636887608069166,0.3205962927384637
P_Q1,27,B,SPI3,668,-0.10995749575764627,0.0,-1.8145959002276941,0.80378296923479,61386429.10338665,61.38642910338665,0.5339950901910556,0.40954210694844706
P_Q1,27,B,SPI3,669,-0.0006864096190097261,1161.124195265619,0.0,0.7,5324470543.280322,5324.470543280322,0.7872771907354043,0.26986160031308926
P_Q1,27,B,SPI3,671,0.0,656.8512590746433,-9.464466669600596e-10,0.7000014889720553,4795782189.241449,4795.7821892414495,0.7462909595474436,0.345785747322731
P_Q1,27,B,SPI3,672,-0.009290423404442971,95.24156887245277,-8.63473908150436e-06,0.7000000594040465,3455554296.9127383,3455.554296912738,0.6672003415519265,0.4007186821788166
P_Q1,27,B,SPI3,673,0.0,472.0074966021724,0.0,0.7000288126445274,4520450148.224742,4520.4501482247415,0.7261892055359874,0.3686981890632226
P_Q1,27,B,SPI3,674,0.0,0.0,-1.2627437854068888,0.7000010256204293,290393747.200761,290.393747200761,0.5566229053260754,0.40954210694844706
P_Q1,27,B,SPI3,678,-0.007004979436405656,0.0,-2.0628206872862087,0.8929795464796043,18557917.90926707,18.557917909267072,0.5295122211548725,0.40954210694844706
P_Q1,27,B,SPI3,679,-2.4294552454793488,0.0,-0.1985645436270022,0.7016767831813134,1000380373.9312094,1000.3803739312094,0.6329739922439249,0.40954210694844706
P_Q1,27,B,SPI3,680,-1.3755799773993809,0.0,-0.4924712871505387,0.7008069961953457,786905410.0537931,786.905410053793,0.6088874657558615,0.40954210694844706
P_Q1,27,B,SPI3,681,-3.02524170351845,0.0,-0.5103097921063432,0.7357809899651633,682785860.0269363,682.7858600269363,0.5960792685096239,0.40954210694844706
P_Q1,27,B,SPI3,682,-0.004135340810365151,0.0,-0.40801144399661704,0.7462821405759502,727412360.9467728,727.4123609467728,0.6021275838759027,0.40954210694844706
P_Q1,27,B,SPI3,683,-0.0075978126699153825,0.0,-1.6474353128039843,0.8150214181571432,85637351.50858548,85.63735150858548,0.5358807414523072,0.40954210694844706
P_Q1,27,B,SPI3,685,-2.5941489452956565,0.0,-0.07208298512828107,0.7395460102743111,950073449.8711485,950.0734498711485,0.6279218699967977,0.40954210694844706
P_Q1,27,B,SPI3,686,-0.0006221496266567947,2070.0429529623852,-1.487629662255067e-05,0.7000050474405675,5939456184.79218,5939.4561847921805,0.8214323833920376,0.16508343117372898
P_Q1,27,B,SPI3,689,0.0,1230.7571896963836,0.0,0.7,5382677620.222937,5382.677620222937,0.7917600597715873,0.25705340306685165
P_Q1,27,B,SPI3,690,-0.6670008287624545,0.0,-0.5008321412603326,0.7523712808472374,645335524.1522543,645.3355241522544,0.5923791226384886,0.40954210694844706
P_Q1,27,B,SPI3,692,-2.0134957412913086,0.0,-1.6212088945328451,0.7339465605411453,130549823.11085673,130.54982311085672,0.5401501405343864,0.40954210694844706
P_Q1,27,B,SPI3,693,-0.17426771852905554,85.93567870094034,0.0,0.7000986783295654,3399604734.4175305,3399.6047344175304,0.6637848222862631,0.4025687551143843
P_Q1,27,B,SPI3,694,0.0,708.8506930283355,-0.0008747017158513073,0.700032165670052,4861705962.233541,4861.705962233541,0.7521613832853027,0.3385633472088805
P_Q1,27,B,SPI3,695,-0.8967635998383028,0.0,-0.07339586538068765,0.7000673313416129,1093786190.6624565,1093.7861906624564,0.6450350446507988,0.40954210694844706
P_Q1,27,B,SPI3,696,-0.09414395654915642,0.0,-1.3515878780444408,0.7017120345241569,250620615.48900265,250.62061548900263,0.5520333013128403,0.40954210694844706
P_Q1,27,B,SPI3,698,0.0,1383.6665915291533,0.0,0.7,5502161922.740338,5502.161922740338,0.7989824598854377,0.23318034653289216
P_Q1,27,B,SPI3,699,-0.09427645196048856,207.9713856113499,-9.986936059046426e-06,0.7000022673088123,3924712670.2442536,3924.712670244254,0.6848827694168711,0.3930337638310742
P_Q1,27,B,SPI3,700,-1.427599740439506e-06,1317.0059224402285,-0.0011918690380198647,0.7005758584929882,5448555330.807281,5448.55533080728,0.7955669406197745,0.2429643860959903
P_Q1,27,B,SPI3,702,-0.11241911589352016,0.0,-0.6187893358617892,0.7394254723356836,601135239.8079504,601.1352398079504,0.5874693136940975,0.40954210694844706
P_Q1,27,B,SPI3,703,0.0,2004.1954516190876,0.0,0.7000001535243717,5902877620.62606,5902.87762062606,0.819866937061942,0.1676094922972925
P_Q1,27,B,SPI3,705,-1.6424238257208894,0.0,-0.3928048830459221,0.7444843916183158,740013616.2876068,740.0136162876069,0.6035151385775784,0.40954210694844706
P_Q1,27,B,SPI3,707,-0.0013782832550459367,496.7314753405486,-6.62957394702079e-06,0.7000622538723168,4561433190.675946,4561.433190675946,0.729035471590707,0.36602981463692313
P_Q1,27,B,SPI3,708,-0.0021776929130288107,0.0,-1.909475427386731,0.8475323602350402,38790001.22174549,38.79000122174549,0.531646920695912,0.40954210694844706
P_Q1,27,B,SPI3,711,0.0,31.302265185804174,0.0,0.7,2920597566.869669,2920.5975668696688,0.6560643256128367,0.40648237093962364
P_Q1,27,B,SPI3,712,-0.7438394875275648,0.0,-0.3090759704461754,0.700067132290321,928335032.9822868,928.3350329822869,0.6247553990109225,0.40954210694844706
P_Q1,27,B,SPI3,715,0.0,331.90846650449566,-0.0008601319669916394,0.700004985884925,4249738858.6904364,4249.738858690436,0.7081509944142028,0.38171985626356425
P_Q1,27,B,SPI3,718,-0.005909649617487217,209.6584055179476,-5.922061734245756e-07,0.7000593035890244,3929845275.563342,3929.845275563342,0.6869463123065429,0.3916817874550823
P_Q1,27,B,SPI3,719,-3.1460418470699025,0.0,-0.4830156889945495,0.8522072924825677,391866828.6619961,391.8668286619961,0.5647347635820258,0.40954210694844706
P_Q1,27,B,SPI3,720,-3.234537483551421e-05,454.00119371753914,0.0,0.7000000004951488,4489558456.975231,4489.558456975231,0.7241612409719997,0.37044152702173844
P_Q1,27,B,SPI3,721,0.0,1267.616165981459,0.0,0.7,5412485763.971064,5412.4857639710635,0.7935033977301027,0.2510762443519408
P_Q1,27,B,SPI3,723,-0.0014077491810801685,172.97528066899736,-0.00028574944965422885,0.700183728216595,3805041296.6436114,3805.0412966436115,0.6808624186145801,0.39438574020706585
P_Q1,27,B,SPI3,724,0.0,436.5728045913296,-9.959748406995785e-05,0.7000069755755184,4458280120.400995,4458.280120400996,0.7219198064539084,0.37200697335183414
P_Q1,27,B,SPI3,726,-3.595619980924751e-05,300.28740242855247,0.0,0.7003490201107105,4176130593.7447033,4176.130593744703,0.7019959440708718,0.3841391824100758
P_Q1,27,B,SPI3,727,-2.115633280509066,0.0,-0.018973379649343012,0.7000211152717497,1126279055.7421222,1126.2790557421222,0.649340022058562,0.40954210694844706
P_Q1,27,B,SPI3,732,-2.4163424797058754e-05,1066.9971836424259,0.0,0.7002508205581404,5240408188.045086,5240.408188045086,0.781335610346177,0.28444871384352655
P_Q1,27,B,SPI3,733,-1.9358110013099001,0.0,-0.35347776935250147,0.7000501103033787,895459891.8601387,895.4598918601387,0.6210196748141033,0.40954210694844706
P_Q1,27,B,SPI3,734,-6.340002755255737e-05,544.2307054971678,0.0,0.7000945808772402,4636102072.729005,4636.102072729005,0.733802967232362,0.3600526559220122
P_Q1,27,B,SPI3,735,-0.6473063389764849,0.0,-0.38368811583713464,0.7011587242444506,872740124.3006946,872.7401243006946,0.6182801437364357,0.40954210694844706
P_Q1,27,B,SPI3,736,-7.875794440881015e-05,886.8395646972576,-0.00027844817337381144,0.7000001600823462,5065067399.0180435,5065.067399018044,0.7681004731917317,0.31305368769345715
P_Q1,27,B,SPI3,737,0.0,863.0359588286333,0.0,0.7000342056584106,5040025279.5595455,5040.025279559545,0.7661436652791119,0.3161490020279646
P_Q1,27,B,SPI3,738,-1.1008173071959694e-06,411.5549003604824,-3.194074229914001e-06,0.7000091077213831,4412604028.336122,4412.604028336122,0.7184331305368771,0.3741772512185577
P_Q1,27,B,SPI3,739,0.0,1645.969939238856,0.0,0.7000240707651944,5685430202.041273,5685.430202041273,0.8096559575906357,0.19831358736257873
P_Q1,27,B,SPI3,741,-1.8913172894022555e-06,160.45208112475638,0.0,0.7006403911796653,3756735236.6920385,3756.7352366920386,0.6786921407478563,0.39527519834916564
P_Q1,27,B,SPI3,742,-8.470683836927914e-09,263.70676764521943,-0.0008906558691802089,0.7001152075744096,4084557642.5918026,4084.5576425918025,0.6960899420073291,0.38727007507026723
P_Q1,27,B,SPI3,743,-0.6433084155576055,0.0,-0.2749504908839061,0.7011300846402624,947648648.583576,947.648648583576,0.6267477852492261,0.40954210694844706
P_Q1,27,B,SPI3,744,-7.875794440881015e-05,946.5253155480633,-0.0002833145153820351,0.7000002267415946,5126152995.4535475,5126.152995453547,0.772690077204967,0.3035542747358309
P_Q1,27,B,SPI3,746,-2.1553366764433604e-05,112.66324665201572,0.0,0.7000086768733967,3549239570.5786204,3549.2395705786203,0.6703312342121179,0.398939765894617
P_Q1,27,B,SPI3,749,-0.0011030151264219427,197.0783380434869,0.0,0.700250339674285,3888610175.098042,3888.610175098042,0.6850250827196073,0.39246451062013016
P_Q1,27,B,SPI3,750,0.0,1167.7559140836834,-0.0054855556871526885,0.7000157074806663,5326580054.021491,5326.580054021491,0.787739708969296,0.2682605756573096
P_Q1,27,B,SPI3,751,0.0,313.7308100929079,-2.7563998638756936e-06,0.7000006621193187,4209084257.0327497,4209.0842570327495,0.7049845234283275,0.3831074109652399
P_Q1,27,B,SPI3,753,-2.940317786710133e-10,1503.7940332365351,0.0,0.7000260501645862,5589046055.232154,5589.046055232154,0.8042480520866687,0.2161027502045754
P_Q1,27,B,SPI3,754,-0.0004467837286007382,93.64971874563284,0.0,0.7000640268357071,3446116425.9901247,3446.1164259901248,0.6670224499235066,0.4006831038531327
P_Q1,27,B,SPI3,756,0.0,396.1865155574175,0.0,0.7000704802129375,4382981124.905961,4382.981124905961,0.7167253709040453,0.3753869142918135
P_Q1,27,B,SPI3,761,0.0,1896.7409752806834,0.0,0.7000628702523309,5840898673.056655,5840.898673056655,0.8171985626356424,0.1745828441313552
P_Q1,27,B,SPI3,762,-2.111391490022814e-08,916.3262898771346,-0.0008883808768264647,0.7000002553279798,5095488141.1427,5095.4881411427,0.7702707510584552,0.3085352403315899
P_Q1,27,B,SPI3,763,-0.011705329755590656,0.0,-0.09309158636183501,0.7105280365568,1041150862.6629634,1041.1508626629634,0.6389511509588358,0.40954210694844706
P_Q1,27,B,SPI3,765,-4.615904178256492e-05,473.8888720225286,0.0,0.7000009092047743,4523740646.219883,4523.740646219883,0.7264738321414593,0.36844914078343466
P_Q1,27,B,SPI3,766,-2.4744400518188345,0.0,-1.1218074845821897,0.7025961948113455,366511605.2573035,366.5116052573035,0.5627779556694062,0.40954210694844706
P_Q1,27,B,SPI3,768,-1.2080440599357384e-08,520.7674048512703,-1.0501845563498437e-07,0.7000000070254716,4600183288.145566,4600.183288145566,0.7318817376454264,0.3626498736969438
P_Q1,27,B,SPI3,769,-2.8987963350496667e-06,1747.4118433911037,0.0,0.7005193422099667,5748547181.166048,5748.547181166048,0.8120397054114634,0.18842281282242862
P_Q1,27,B,SPI3,770,-2.5112165892096954e-05,1790.5038347476616,0.0,0.700005603111408,5777271972.154155,5777.271972154154,0.813925356672715,0.18426014871740135
P_Q1,27,B,SPI3,772,-0.06605618234741199,0.0,-1.2053564102811207,0.7006860030923756,319453720.0102294,319.4537200102294,0.558757604867115,0.40954210694844706
P_Q1,27,B,SPI3,774,-2.2937698295967057,0.0,-0.42028279060036877,0.7016258771391373,847527234.5592759,847.5272345592758,0.6153627210303484,0.40954210694844706
P_Q1,27,B,SPI3,775,-0.12317279031642814,2.8089786250618545,-9.512882913090715e-05,0.7000055653848805,2147801335.634326,2147.801335634326,0.6513324082968653,0.40939979364571105
P_Q1,27,B,SPI3,778,-0.014315991643883752,0.0,-0.40754500570032726,0.8036713537858082,563039574.8997823,563.0395748997823,0.584480734336642,0.40954210694844706
P_Q1,27,B,SPI3,779,-1.7732891452527796e-06,591.3488574491491,0.0,0.7000003495076655,4705912373.056411,4705.912373056411,0.7398157042729567,0.35368413562457746
P_Q1,27,B,SPI3,780,0.0,657.8320810431794,0.0,0.7,4797079933.312982,4797.079933312982,0.7463621161988117,0.345536699042943
P_Q1,27,B,SPI3,781,-2.081239191608483,0.0,-1.6212088945328451,0.7002948303779852,147045396.8374583,147.0453968374583,0.5419646351442702,0.40954210694844706
P_Q1,27,B,SPI3,784,-1.30939688016941e-06,815.3828071176009,-0.0008315069142915129,0.7000050612538556,4987505074.007412,4987.505074007412,0.7617675312199809,0.3234781371188672
P_Q1,27,B,SPI3,785,0.0,1423.019268707601,-0.0009233226221568154,0.7,5530701497.00468,5530.701497004679,0.8005834845412175,0.22698971786387737
P_Q1,27,B,SPI3,786,0.0,78.03383035961656,-6.709131789061831e-06,0.7000596453486598,3348881172.6741004,3348.8811726741005,0.6641761838687872,0.40214181520617637
P_Q1,27,B,SPI3,787,0.0,1032.2908120781635,-6.045290005524432e-06,0.7000628702523309,5209078716.468876,5209.078716468876,0.7787739708969296,0.2895008360906536
P_Q1,27,B,SPI3,789,0.0,757.1954028278088,-1.5976805288279265e-08,0.7000135087036711,4921017786.809888,4921.017786809888,0.7563952040416978,0.33183904365460565
P_Q1,27,B,SPI3,790,-0.18192181049722253,0.0,-1.3325311671510387,0.7394254723356836,225290703.44924694,225.29070344924693,0.5492581919094888,0.40954210694844706
P_Q1,27,B,SPI3,791,-1.322503326309087e-08,1198.2322117991598,-0.0031895749531149513,0.7000319994862303,5353795212.994208,5353.795212994209,0.7895897819048635,0.2622122602910308
P_Q1,27,B,SPI3,792,0.0,62.1749228236813,0.0,0.7000496938253877,3233533478.1752048,3233.533478175205,0.6618280143736436,0.40360052655922013
P_Q1,27,B,SPI6,0,-0.08190427293292694,0.0,-0.4320825783567378,0.7,887515449.4805343,887.5154494805344,0.6242217241256627,0.40954210694844706
P_Q1,27,B,SPI6,3,-0.14779649153621785,0.0,-0.885543767268526,0.7782622633033432,415002441.6932282,415.0024416932282,0.5685772227558971,0.40954210694844706
P_Q1,27,B,SPI6,4,0.0,0.0,-0.6497342045858165,0.7129418251323532,693566864.2536426,693.5668642536425,0.5993168961468675,0.40954210694844706
P_Q1,27,B,SPI6,5,-0.0005479731633970045,428.95317700568336,0.0,0.7000005788866285,4500248956.796476,4500.248956796477,0.7449034048457678,0.3705838403244744
P_Q1,27,B,SPI6,9,-1.4438817907074981,0.0,-0.7499707991041917,0.733032464431931,586968999.0646219,586.9689990646219,0.5872202654143096,0.40954210694844706
P_Q1,27,B,SPI6,13,0.0,1304.12873364482,-9.801536806930216e-06,0.7,5498026305.634827,5498.026305634827,0.8222506848827694,0.23520831109687979
P_Q1,27,B,SPI6,15,0.0,37.71335271686223,0.0,0.700000255088687,3055170366.679608,3055.170366679608,0.6725370904045255,0.40573522610025964
P_Q1,27,B,SPI6,16,-0.11315916669851223,0.0,-0.03529148839372784,0.7002127301827856,1174290839.6174529,1174.2908396174528,0.6617924360479596,0.40954210694844706
P_Q1,27,B,SPI6,18,0.0,258.27359913178924,0.0,0.7000000277496037,4126216168.3014703,4126.21616830147,0.7148397196427937,0.3867719785106912
P_Q1,27,B,SPI6,19,0.0,298.12939096521774,0.0,0.7,4227435144.989921,4227.435144989921,0.722240011385064,0.38307183263955596
P_Q1,27,B,SPI6,22,-0.0006542372430312558,53.55806906233636,-0.002458059217013162,0.7,3214642311.693945,3214.642311693945,0.6755968264133488,0.404418828049952
P_Q1,27,B,SPI6,23,0.0,960.1418076048735,0.0,0.7,5196500879.153634,5196.500879153634,0.8010815811007933,0.2957626214110365
P_Q1,27,B,SPI6,24,0.0,1859.6184968388682,0.0,0.7002201057979729,5875353490.676506,5875.353490676506,0.8439890418756896,0.17212793965915962
P_Q1,27,B,SPI6,25,-0.002247127936815474,0.0,-0.5437043763430507,0.706579582182909,784287825.4918641,784.287825491864,0.611377948553741,0.40954210694844706
P_Q1,27,B,SPI6,26,0.0,1468.943382788697,0.0,0.7000000020140396,5621459691.525889,5621.459691525889,0.829900024904828,0.21112178460881628
P_Q1,27,B,SPI6,27,0.0,333.9582951956062,-0.0014338219916406655,0.7003094654679981,4307852810.990913,4307.852810990913,0.7291777848934428,0.37972747002526064
P_Q1,27,B,SPI6,28,0.0,1607.5226046702978,0.0,0.7000014495914506,5717141862.682754,5717.1418626827535,0.8355214003628991,0.19397303162913157
P_Q1,27,B,SPI6,29,-0.11561394582674045,0.0,-1.628476021494838,0.7001746143768033,164810848.10892886,164.81084810892887,0.54267620165795,0.40954210694844706
P_Q1,27,B,SPI6,34,-2.9683782195411923e-07,1119.7766295252993,0.0,0.7000045670801363,5345333162.569194,5345.3331625691935,0.8118618137830436,0.26808268402888963
P_Q1,27,B,SPI6,36,-0.8054309818399008,0.0,-1.8336303099822047,0.8728789893847143,45320527.13211184,45.32052713211184,0.531753655672964,0.40954210694844706
P_Q1,27,B,SPI6,38,-0.0005321785015578054,851.8428751116728,0.0,0.7000076598141874,5084307675.777547,5084.307675777547,0.7922937346568473,0.3144056640694489
P_Q1,27,B,SPI6,39,-4.985005845098867e-07,98.59781919615519,0.0,0.7000108420948267,3529254291.1844196,3529.25429118442,0.6847760344398192,0.39993595901376877
P_Q1,27,B,SPI6,40,-1.3964072998001809,0.0,-1.4466492873454913,0.7009700266270484,228903448.7128758,228.90344871287581,0.5494360835379088,0.40954210694844706
P_Q1,27,B,SPI6,41,-0.6136605885827005,407.02041059196404,0.0,0.7000132069604941,4457853268.44155,4457.85326844155,0.7147685629914258,0.3884797381435228
P_Q1,27,B,SPI6,44,0.0,1157.8074948051376,0.0,0.7,5378397684.519685,5378.397684519685,0.8141388266268191,0.26182089870850683
P_Q1,27,B,SPI6,46,-1.4438817907074981,0.0,-0.7573685619181004,0.7616208329211218,520834909.2068738,520.8349092068738,0.5796065037179351,0.40954210694844706
P_Q1,27,B,SPI6,50,0.0,613.2315982550907,-0.00017738907998562665,0.7002735178877334,4791294047.846328,4791.294047846328,0.7678870032376276,0.34945031486818234
P_Q1,27,B,SPI6,51,-0.3760122990824185,0.0,-0.03072960354653731,0.7150414389366252,1117830278.1107342,1117.8302781107343,0.6548546625395809,0.40954210694844706
P_Q1,27,B,SPI6,55,-5.054038377036412e-07,1518.9914863984995,0.0,0.7,5656766970.398749,5656.766970398749,0.8322126160742875,0.20471768598569748
P_Q1,27,B,SPI6,56,-0.08665085005109197,0.0,-0.9056485302874052,0.7990887127322479,367819452.91104573,367.81945291104574,0.5647347635820259,0.40954210694844706
P_Q1,27,B,SPI6,57,-2.9039662502092568e-06,903.1151134911823,0.0,0.7002377331270199,5137829311.672949,5137.829311672949,0.7960650371793505,0.30604475753371047
P_Q1,27,B,SPI6,58,-2.822601448809899e-06,1917.001333256323,0.0,0.7002622602856677,5909051365.993219,5909.051365993219,0.8455544882057852,0.1688547336962323
P_Q1,27,B,SPI6,61,0.0,0.0,-0.00957578970366274,0.7000007933426196,1189137389.0271986,1189.1373890271987,0.664318497171523,0.40954210694844706
P_Q1,27,B,SPI6,62,-5.701089381076137e-08,767.915954124682,-6.444657306046415e-07,0.7002657204320818,4988695083.336872,4988.695083336872,0.7839328281211088,0.32728501796705445
P_Q1,27,B,SPI6,63,-1.2100694877552765e-05,81.54359752371069,0.0,0.7000000455247426,3426859441.9447966,3426.8594419447963,0.6811470452200519,0.40160814032091635
P_Q1,27,B,SPI6,65,-0.45749874423665426,0.0,-0.8625718608644259,0.7488793916410419,484274572.74502045,484.27457274502046,0.5757284662183798,0.40954210694844706
P_Q1,27,B,SPI6,67,0.0,1042.5740212475048,0.0,0.7,5275546046.130706,5275.546046130706,0.8064894866047605,0.28099761625217917
P_Q1,27,B,SPI6,68,-0.0006163472120499239,169.1281257770294,0.0,0.700160620564043,3846245238.162762,3846.2452381627622,0.6987583164336285,0.3940299569502259
P_Q1,27,B,SPI6,69,0.0,2084.491470790182,-0.00036584995384856666,0.7004687150002958,6002450615.993176,6002.450615993176,0.8495392606823923,0.16188138186216958
P_Q1,27,B,SPI6,70,0.0,118.02732028415721,0.0,0.7000071268454243,3630648281.977201,3630.648281977201,0.6885829152880065,0.39844166933504105
P_Q1,27,B,SPI6,71,-0.008135723168796183,0.0,-0.9681035703601694,0.766466371893591,397351499.58818716,397.35149958818715,0.5666559931689615,0.40954210694844706
P_Q1,27,B,SPI6,72,-2.8567570169328063,0.0,-0.05729577928661622,0.7478225411393384,976581153.6495497,976.5811536495497,0.6370299213719002,0.40954210694844706
P_Q1,27,B,SPI6,75,0.0,370.83316846757475,-2.543635820440945e-07,0.7000000520822083,4388217640.015351,4388.217640015351,0.7360444017504536,0.3759561675027574
P_Q1,27,B,SPI6,76,-0.006635697201928248,0.0,-0.6401794214441375,0.7447678213159048,621508949.6995053,621.5089496995054,0.590884832959761,0.40954210694844706
P_Q1,27,B,SPI6,77,-0.0005821427385620348,353.2166260868013,-2.9323482233152977e-05,0.7001201209414575,4350950360.397868,4350.950360397868,0.7324509908563703,0.37801971039242893
P_Q1,27,B,SPI6,78,-5.022405456666756e-06,820.8624162591257,0.0,0.7001102126060365,5049859504.989903,5049.859504989903,0.7890916853452876,0.31903084640836815
P_Q1,27,B,SPI6,79,0.0,152.79637911428915,0.0,0.7000121182502486,3783921797.0044427,3783.921797004443,0.6956630020991211,0.3954530899775857
P_Q1,27,B,SPI6,82,-2.0969462458588195e-07,1264.3868738636609,0.0,0.7000000448081858,5466730224.482812,5466.7302244828115,0.8202582986444659,0.2427153378162024
P_Q1,27,B,SPI6,83,-1.0076204017927697,0.0,-0.35474241462471506,0.727991079128588,854085031.6034522,854.0850316034522,0.6200946383463193,0.40954210694844706
P_Q1,27,B,SPI6,84,-3.4241963767280703e-07,1751.7643975735673,0.0,0.7000015068048229,5810337151.412714,5810.337151412714,0.840217739353186,0.18059558117195001
P_Q1,27,B,SPI6,85,0.0,1696.8189505307655,0.0,0.7002140289390191,5774645376.146165,5774.645376146165,0.8385455580460386,0.18500729355676526
P_Q1,27,B,SPI6,89,-1.252706544001993e-07,1970.7462473111723,-0.0010314797405978487,0.7002653862953074,5939245779.942131,5939.245779942131,0.8465151029992529,0.1659728893158288
P_Q1,27,B,SPI6,90,-0.30856877160340357,0.0,-0.9053788354520576,0.7454490884612475,466044685.7317863,466.04468573178633,0.5741274415626001,0.40954210694844706
P_Q1,27,B,SPI6,91,0.0,1077.6921026109042,0.0,0.700000352942138,5307766789.07377,5307.766789073769,0.8089088127512721,0.2750916141886363
P_Q1,27,B,SPI6,92,-1.804921358296554e-08,588.8234451899045,0.0,0.7000073618304709,4758050245.754164,4758.050245754163,0.7651474721599604,0.35218984594584973
P_Q1,27,B,SPI6,93,-0.0005595258986114282,933.0431615492819,0.0,0.7002986385644714,5168211735.865912,5168.2117358659125,0.79873341160565,0.3005656953783755
P_Q1,27,B,SPI6,94,0.0,137.91738975630585,0.0,0.7002136898999783,3721166584.627856,3721.1665846278556,0.6926744227416657,0.39669833137652544
P_Q1,27,B,SPI6,95,-1.0025805033918322,0.0,-1.0329912615075414,0.7966949159691077,319480406.0017161,319.48040600171606,0.558864339844167,0.40954210694844706
P_Q1,27,B,SPI6,96,-5.00012463596722e-06,467.99342012150703,0.0,0.7001074897446316,4568717203.146961,4568.717203146961,0.750346888675419,0.366954851104707
P_Q1,27,B,SPI6,100,-6.34081872657867e-09,510.9442178920919,0.0,0.7,4640172295.473421,4640.172295473421,0.7559326858078059,0.36183157220621204
P_Q1,27,B,SPI6,101,-5.726549018508478e-09,798.2087280155522,0.0,0.700357027957437,5023347218.6734295,5023.34721867343,0.7869925641299322,0.32298004055929125
P_Q1,27,B,SPI6,102,0.0,689.6016610251056,-0.0028490633562862763,0.7002585149347698,4891557751.813295,4891.557751813295,0.7752161383285303,0.3391681787455083
P_Q1,27,B,SPI6,103,-1.5044618149569555e-10,188.07727891431125,0.0,0.7000167008024275,3914256194.66504,3914.25619466504,0.701853630768136,0.39242893229444614
P_Q1,27,B,SPI6,104,-1.9596904193465903e-05,711.4133636817734,-3.00616110044741e-05,0.7001216947065155,4920879753.700049,4920.879753700049,0.7783470309887218,0.3355747678514249
P_Q1,27,B,SPI6,105,-0.0007569315801872637,206.32043821599476,0.0,0.7000003303917844,3974539792.4122396,3974.5397924122394,0.7054470416622193,0.3911836908955064
P_Q1,27,B,SPI6,106,-0.6141992078287662,104.25685493568844,-0.001106174508758058,0.701356382740291,3553635477.0382133,3553.635477038213,0.6760949229729247,0.40381399651332406
P_Q1,27,B,SPI6,108,0.0,662.2580003736202,-0.0011113895287178685,0.700009822417391,4857859906.74136,4857.85990674136,0.7728679688333868,0.3430106379193795
P_Q1,27,B,SPI6,109,-6.317722382523296e-05,7.367520566857593,0.0,0.7000000297498998,2460001090.65647,2460.00109065647,0.6662753050841426,0.4087238054577152
P_Q1,27,B,SPI6,110,-1.3639971634904502,0.0,-0.7499707991041917,0.701004231089832,657371847.689808,657.371847689808,0.5947628704593162,0.40954210694844706
P_Q1,27,B,SPI6,111,-3.475645490799948,0.0,-0.02616645498704606,0.742379674124403,1012790208.3430827,1012.7902083430827,0.6412281638026114,0.40954210694844706
P_Q1,27,B,SPI6,112,-0.027832874023705156,0.0,-0.47837240788521773,0.7085781374068353,828767938.4157099,828.7679384157099,0.617212793965916,0.40954210694844706
P_Q1,27,B,SPI6,113,0.0,1425.7627911683198,0.0,0.700000063459121,5590221027.677886,5590.221027677886,0.8278720603408403,0.21656526843846732
P_Q1,27,B,SPI6,114,-8.00839992671407e-09,483.6522050964351,0.0,0.7000147750646527,4595519001.838003,4595.5190018380035,0.7524104315650907,0.3652115131461913
P_Q1,27,B,SPI6,116,-2.2757185895862766,0.0,-0.10516693317967801,0.7467547032163542,951623754.2263982,951.6237542263982,0.6340057636887607,0.40954210694844706
P_Q1,27,B,SPI6,117,-0.03405903097646795,0.0,-0.06494452999186881,0.9954690149974704,17598598.284997504,17.598598284997504,0.5296189561319244,0.40954210694844706
P_Q1,27,B,SPI6,118,-1.3858573966978285,420.51001130209966,-0.0019111986448048235,0.7,4481295443.142102,4481.295443142102,0.6820009250364678,0.40256875511438434
P_Q1,27,B,SPI6,119,-0.00026069484712053573,1123.875734355805,0.0,0.7001789878920925,5348241239.928462,5348.241239928462,0.8120752837371474,0.2676201657949977
P_Q1,27,B,SPI6,120,0.0,1344.4835106925545,-8.29893708985414e-06,0.7000048143612262,5529231698.533203,5529.231698533203,0.8241363361440213,0.2290532607535489
P_Q1,27,B,SPI6,122,0.0,82.35679377342389,-1.6714294084357645e-05,0.7,3431921637.53777,3431.9216375377696,0.6812182018714197,0.4013946703668124
P_Q1,27,B,SPI6,126,-1.677195153973048,0.0,-0.7479984598730338,0.7010917342781274,658722194.7528801,658.7221947528801,0.5947984487850001,0.40954210694844706
P_Q1,27,B,SPI6,127,-0.001136414474851289,0.0,-0.401702366492099,0.7158780609091141,862547405.7534391,862.5474057534391,0.6211264097911553,0.40954210694844706
P_Q1,27,B,SPI6,128,-7.259799782397331e-11,1517.1326612567038,-1.0359482852234745e-05,0.7000135520385293,5655239483.599709,5655.239483599708,0.8321414594229196,0.20482442096274944
P_Q1,27,B,SPI6,129,-0.7255751387835734,104.07850045036247,-5.6706355870699725e-06,0.700032629313595,3558835833.8991756,3558.8358338991757,0.6755256697619809,0.4045255630270039
P_Q1,27,B,SPI6,130,-1.5602458776221706,0.0,-0.0741968716647958,0.7206280763499281,1070397900.6549693,1070.3979006549694,0.6496246486640339,0.40954210694844706
P_Q1,27,B,SPI6,131,-1.464689847347462,0.0,-0.08224773834207816,0.7042427546106445,1128590257.911486,1128.5902579114859,0.6574163019888283,0.40954210694844706
P_Q1,27,B,SPI6,133,-0.7239766452217755,0.0,-0.06911844758913727,0.739831692253569,1000114602.9030215,1000.1146029030215,0.6400540790550396,0.40954210694844706
P_Q1,27,B,SPI6,135,0.0,537.9938172439249,-0.0002907587657537407,0.700011267567455,4682196928.915333,4682.196928915333,0.7586010602341055,0.3586651012203366
P_Q1,27,B,SPI6,136,0.0,1299.9088127506757,0.0,0.7,5494934751.572555,5494.934751572555,0.8219660582772975,0.23602661258761162
P_Q1,27,B,SPI6,139,0.0,0.0,-0.5977662642772309,0.7029409745869456,755579928.9452227,755.5799289452227,0.6073575977514497,0.40954210694844706
P_Q1,27,B,SPI6,140,0.0,660.7055278948192,-5.494784982193978e-07,0.7000000001670691,4856740388.529001,4856.740388529001,0.7728323905077028,0.3431885295477995
P_Q1,27,B,SPI6,141,0.0,1809.2287020698877,-0.00777717923919106,0.7000320479746527,5840366840.571315,5840.366840571315,0.8414985590778099,0.17589924218166295
P_Q1,27,B,SPI6,142,-1.563120648604532e-07,905.2574699983229,-4.52421297168136e-11,0.7000223494785395,5140909861.386749,5140.909861386749,0.7962429288077706,0.3057957092539226
P_Q1,27,B,SPI6,143,0.0,681.6671162890633,-0.00034531046554062443,0.7000043962194913,4883546996.391856,4883.546996391856,0.7748603550716903,0.3405201551215
P_Q1,27,B,SPI6,145,0.0,937.7431504725926,0.0,0.7009866750509327,5170196090.776383,5170.196090776383,0.7991603515138579,0.29988970719037966
P_Q1,27,B,SPI6,147,-8.851069551861874e-09,1231.994261856048,-8.656906436654149e-05,0.7000220572294735,5440206990.86889,5440.20699086889,0.8184793823602662,0.24833671327427334
P_Q1,27,B,SPI6,148,0.0,185.94326359655253,-0.0008476229767216993,0.7000000128186273,3906365591.990101,3906.3655919901007,0.7013911125342439,0.39271355889991805
P_Q1,27,B,SPI6,149,-1.6207650556880253,0.0,-0.9011849399475582,0.7196248610608368,515244313.28360754,515.2443132836075,0.5793574554381471,0.40954210694844706
P_Q1,27,B,SPI6,150,-7.283093643142315e-05,0.0,-0.4319716687718295,0.7001276866068756,887325059.2505945,887.3250592505944,0.6241505674742946,0.40954210694844706
P_Q1,27,B,SPI6,152,0.0,589.4720205509776,-2.4219916787176753e-06,0.7000001281251703,4759009751.159006,4759.009751159007,0.7652186288113283,0.3520831109687978
P_Q1,27,B,SPI6,153,0.0,1381.1258573129535,-5.390725332723783e-05,0.7002113091002491,5556145674.064304,5556.145674064304,0.8259152524282207,0.22311168036432202
P_Q1,27,B,SPI6,155,0.0,821.0443559041503,-2.652523246964875e-06,0.7,5050504268.692539,5050.504268692539,0.7891628419966555,0.31899526808268414
P_Q1,27,B,SPI6,157,0.0,206.6919909118215,-1.6085886029209122e-10,0.7000100759770094,3975683960.8977547,3975.683960897755,0.7055181983135872,0.39111253424413844
P_Q1,27,B,SPI6,158,-0.05498746983390851,0.0,-0.00017248192614750888,0.7068424226995897,1167527578.558929,1167.527578558929,0.6614722311168036,0.40954210694844706
P_Q1,27,B,SPI6,160,-1.512756097537102,0.0,-0.3862914343138699,0.7001276866068756,918922534.1934576,918.9225341934576,0.6276016650656421,0.40954210694844706
P_Q1,27,B,SPI6,161,-0.5206292338900598,0.0,-0.7812020603515231,0.7503051135632708,530372152.52471554,530.3721525247155,0.5806738534884549,0.40954210694844706
P_Q1,27,B,SPI6,162,-0.00033364957789593715,1976.0899203265872,-0.0020882516064805712,0.7000216087697959,5943001161.961507,5943.001161961507,0.8467641512790409,0.16575941936172484
P_Q1,27,B,SPI6,164,-0.745621537081055,0.0,-0.43569018265178416,0.7206280763499281,824464606.1882578,824.4646061882578,0.616465649126552,0.40954210694844706
P_Q1,27,B,SPI6,165,0.0,333.12128707738077,-0.00032982329513667153,0.7002795228857118,4306644269.468501,4306.644269468501,0.7290710499163907,0.3797986266766285
P_Q1,27,B,SPI6,167,-0.6449909474242382,0.0,-1.276413869085654,0.7000000132664467,314470786.76717156,314.47078676717155,0.557974881702067,0.40954210694844706
P_Q1,27,B,SPI6,168,-4.7417189988234465e-05,0.0,-0.793406303150951,0.8149784194469524,386293416.8170621,386.29341681706205,0.5652328601416018,0.40954210694844706
P_Q1,27,B,SPI6,170,-2.57995196983301e-05,766.1518759099378,0.0,0.7000203921935796,4987599694.246636,4987.599694246636,0.7837549364926887,0.3275340662468424
P_Q1,27,B,SPI6,172,0.0,373.2730128475883,-0.0009228444520058103,0.7000044717744212,4392533954.195714,4392.533954195714,0.7362578717045577,0.3756359625716015
P_Q1,27,B,SPI6,173,-7.259799782397331e-11,1077.8631465245307,-2.926792285249226e-07,0.7001023539308291,5307513226.111633,5307.513226111633,0.8089088127512721,0.27505603586295235
P_Q1,27,B,SPI6,174,-1.7196292539367104,0.0,-1.2296744832953035,0.7903248722373515,240398417.51824984,240.39841751824983,0.5515707830789484,0.40954210694844706
P_Q1,27,B,SPI6,175,-1.7338178025031778e-05,52.0679393626675,-8.819733682029431e-08,0.700113604174424,3201961520.4209514,3201.9615204209513,0.6754545131106129,0.404561141352688
P_Q1,27,B,SPI6,176,-2.3213450914065694,0.0,-0.7703819082603092,0.7470152661796652,543310481.6837618,543.3104816837619,0.5819546732130787,0.40954210694844706
P_Q1,27,B,SPI6,177,0.0,1268.949846194347,-0.004575248125775351,0.7000016423061731,5467737575.323958,5467.7375753239585,0.8203650336215176,0.24203934962820647
P_Q1,27,B,SPI6,179,-1.5758348189599236,0.0,-1.6464347461346618,0.7406059087092929,137219959.37825462,137.21995937825463,0.5407193937453305,0.40954210694844706
P_Q1,27,B,SPI6,180,-0.00032625493729911527,1476.2212643600844,-0.0020882516064805712,0.7000221085927476,5625472289.250167,5625.472289250167,0.8301846515103001,0.2099476998612445
P_Q1,27,B,SPI6,181,-0.001053179848044965,1609.886608051011,-0.0003515694916400632,0.7000653332358918,5718100719.748016,5718.100719748017,0.8355569786885831,0.19361724837229163
P_Q1,27,B,SPI6,183,-1.526241291402939e-07,1012.9948623279013,-3.5958159669688075e-07,0.7000365019387552,5247654765.079103,5247.6547650791035,0.804319208738037,0.2862276301277262
P_Q1,27,B,SPI6,184,0.0,432.8384715721803,-0.0028066415448954113,0.7000016423061731,4505799351.901205,4505.799351901205,0.7454370797310277,0.3700857437648984
P_Q1,27,B,SPI6,185,0.0,739.3130752914026,-0.00032524514078709026,0.7000002873346185,4955327882.02745,4955.32788202745,0.7806952004838652,0.3323015618884976
P_Q1,27,B,SPI6,186,-3.603796334172892e-07,612.2394484048613,-0.000924827344110357,0.7000149663403121,4790497400.65745,4790.497400657449,0.7677802682605759,0.34959262817091835
P_Q1,27,B,SPI6,187,0.0,226.71634431090538,0.0,0.7003766193388287,4035710203.023239,4035.710203023239,0.7090048742306188,0.3897249795424628
P_Q1,27,B,SPI6,189,-0.0004391971330461421,136.15622617233765,-0.000334527873370084,0.7000383414082281,3713823174.4424767,3713.8231744424766,0.6924253744618779,0.3969473796563135
P_Q1,27,B,SPI6,191,-6.203200091459855e-09,99.37014797868812,-5.072444079963023e-06,0.7000210143025443,3533522048.620676,3533.522048620676,0.6848827694168712,0.3999003806880848
P_Q1,27,B,SPI6,194,-0.22963704975620358,0.0,-0.6445224035169281,0.7031370441843997,719703219.4886161,719.7032194886161,0.6019496922474828,0.40954210694844706
P_Q1,27,B,SPI6,195,-1.2516229434990378,0.0,-1.531287040917968,0.7011854603726361,195398080.19025138,195.3980801902514,0.5462696125520332,0.40954210694844706
P_Q1,27,B,SPI6,197,0.0,711.8684179632269,0.0,0.7,4922110275.571287,4922.110275571287,0.7784537659657738,0.33553918952574097
P_Q1,27,B,SPI6,198,-7.259799782397331e-11,1051.885165643831,-2.953018479477839e-07,0.7001023539308291,5283760047.9654045,5283.760047965405,0.8069520048386524,0.2794321699220835
P_Q1,27,B,SPI6,199,-0.0030003469401558964,320.87402745148825,-3.939652298514451e-09,0.7003077365929807,4279458765.7168207,4279.45876571682,0.7265094104671433,0.38090155477283233
P_Q1,27,B,SPI6,200,-1.2778846421140065e-06,20.166221203731993,-0.0009025078019915629,0.7000153590253545,2798839516.772217,2798.839516772217,0.6684100046251822,0.4074074074074074
P_Q1,27,B,SPI6,201,-2.750506761094709e-08,562.4611015665951,-1.1965548915800981e-05,0.7000313800213248,4719268853.845673,4719.268853845672,0.7618742661970329,0.355569786885829
P_Q1,27,B,SPI6,202,-5.635033159542968e-09,801.9446758917993,-0.004443792332841839,0.7000223810585193,5026288058.827114,5026.288058827114,0.787383925712456,0.32216173906855944
P_Q1,27,B,SPI6,205,-1.6101431231067678,0.0,-1.6136556955509447,0.7031370441843997,168355162.36436158,168.35516236436158,0.542996406589106,0.40954210694844706
P_Q1,27,B,SPI6,209,-3.5546939864191534,0.0,-0.9433350653268731,0.7896568508778758,369569499.588662,369.56949958866204,0.5649482335361297,0.40954210694844706
P_Q1,27,B,SPI6,210,-0.0020311239244428236,173.13187459524994,-0.0013974740397793167,0.7000115098288059,3860636601.147942,3860.636601147942,0.6992564129932043,0.39363859536770207
P_Q1,27,B,SPI6,211,-0.6700100179726061,0.0,-0.46178011530401186,0.7207156760229405,805038922.7586458,805.0389227586458,0.6140107446543566,0.40954210694844706
P_Q1,27,B,SPI6,215,0.0,1158.6409923329563,-3.3106746964639378e-06,0.70000875648289,5379090171.029565,5379.090171029565,0.814174404952503,0.26171416373145484
P_Q1,27,B,SPI6,217,-7.073369063098305e-10,1749.4099917814895,-0.0013862412381661772,0.7000355645217693,5807810617.115682,5807.810617115681,0.8400754260504502,0.180809051126054
P_Q1,27,B,SPI6,219,0.0,387.4550925627618,-1.9913939379510008e-07,0.7000037136369874,4421521088.294639,4421.5210882946385,0.738855089479489,0.3743195645212936
P_Q1,27,B,SPI6,221,0.0,2080.827548605251,-0.0013184586184437808,0.7000684996399278,6001501250.410319,6001.50125041032,0.8494325257053404,0.16198811683922154
P_Q1,27,B,SPI6,222,-2.5053007208385207e-06,1915.279956691128,-0.004384699651332181,0.700000424900579,5906426942.276881,5906.426942276881,0.8454833315544172,0.16892589034760025
P_Q1,27,B,SPI6,224,-0.027016128901222403,0.0,-0.10749826352813507,0.7405910909375766,974174040.1428359,974.1740401428359,0.6367452947664283,0.40954210694844706
P_Q1,27,B,SPI6,225,-0.0003363573868903416,1709.889761913144,-0.0009459155839864706,0.7000216087697959,5783139324.735246,5783.139324735245,0.8388657629771944,0.18354858220372147
P_Q1,27,B,SPI6,226,0.0,989.3234754511082,-3.924928611087489e-05,0.7000046131808384,5224929083.711411,5224.929083711411,0.803073967339097,0.29046145088412145
P_Q1,27,B,SPI6,227,-3.5509042278775137e-07,242.84175187638834,-0.0019374326312107206,0.7000281291269814,4082615801.789868,4082.615801789868,0.7118511402853381,0.388159533212367
P_Q1,27,B,SPI6,228,-7.073369063098305e-10,1435.3491356495101,-0.005680170691166091,0.7000363869126246,5594080406.430653,5594.080406430653,0.8279787953178923,0.21514213541110752
P_Q1,27,B,SPI6,229,0.0,820.3444129303906,0.0,0.7,5049723353.904975,5049.723353904975,0.7890561070196037,0.31910200305973613
P_Q1,27,B,SPI6,232,-0.5494664861514726,0.0,-2.3097389180361607,0.83921281231871,17383318.31620612,17.38331831620612,0.5291208595723486,0.40954210694844706
P_Q1,27,B,SPI6,233,0.0,1429.634385539613,0.0,0.7,5593052040.584722,5593.052040584722,0.8279432169922083,0.21606717187889135
P_Q1,27,B,SPI6,234,0.0,960.8319603565908,0.0,0.7,5197183666.31059,5197.18366631059,0.8011527377521616,0.2953712598285125
P_Q1,27,B,SPI6,235,-0.9993243370565335,0.0,-1.4077985347703075,0.7167074163900641,231961754.2477141,231.9617542477141,0.5497207101433808,0.40954210694844706
P_Q1,27,B,SPI6,237,0.0,313.8453707878266,0.0,0.7,4264555050.1062083,4264.555050106208,0.7255132173479915,0.3816486996121963
P_Q1,27,B,SPI6,238,0.0,536.6134001231397,0.0,0.7,4680437377.228325,4680.437377228325,0.7584587469313696,0.35880741452307263
P_Q1,27,B,SPI6,239,-1.4021565984210338,0.0,-1.0466493332435916,0.7875890510251017,327568788.41821486,327.56878841821487,0.5595047497064788,0.40954210694844706
P_Q1,27,B,SPI6,240,-0.4744262569904756,0.0,-0.5317670708047222,0.7275793347540586,737038292.3841611,737.0382923841611,0.6057565730956701,0.40954210694844706
P_Q1,27,B,SPI6,241,-1.4416040647034576,0.0,-1.725082398179389,0.7997589453692485,92447365.38153116,92.44736538153117,0.5373394528053509,0.40954210694844706
P_Q1,27,B,SPI6,243,-0.05747913410882932,0.0,-1.701436491848219,0.8546800372044657,70090800.74903385,70.09080074903386,0.5343508734478954,0.40954210694844706
P_Q1,27,B,SPI6,244,0.0,1800.6416934874114,0.0,0.7,5840637189.57605,5840.637189576049,0.8418543423346497,0.17671754367239476
P_Q1,27,B,SPI6,245,0.0,1195.1338538595369,0.0,0.7,5410067800.285689,5410.067800285689,0.8162379478421745,0.2543850286405521
P_Q1,27,B,SPI6,246,0.0,84.19901480656569,0.0,0.7,3443823569.37152,3443.82356937152,0.6816451417796278,0.40118120041270844
P_Q1,27,B,SPI6,247,0.0,1918.4572821283234,0.0,0.7,5910947919.456165,5910.947919456165,0.8456968015085211,0.16881915537054829
P_Q1,27,B,SPI6,248,-0.5470617331843257,0.0,-0.32083650344765546,0.7362248041998426,849824714.2732551,849.8247142732552,0.6197032767637954,0.40954210694844706
P_Q1,27,B,SPI6,249,0.0,563.0034406314044,-8.480165991782721e-05,0.7,4720200115.7661085,4720.200115766109,0.7619098445227168,0.35546305190877703
P_Q1,27,B,SPI6,250,-0.5470617331843257,0.0,-1.64877174410088,0.7362248041998426,139029810.85071376,139.02981085071377,0.5408972853737505,0.40954210694844706
P_Q1,27,B,SPI6,251,0.0,639.9670796495411,0.0,0.7,4829182872.923791,4829.182872923791,0.7706976909666632,0.34603479560251893
P_Q1,27,B,SPI6,252,-1.0914342460641797,0.0,-0.5901931023272871,0.7337356358780633,682415755.9606351,682.415755960635,0.5984985946561356,0.40954210694844706
P_Q1,27,B,SPI6,253,-0.0025194547432427616,0.0,-0.07424269282657253,0.7065260874036909,1124422097.6763108,1124.4220976763108,0.6566691571494645,0.40954210694844706
P_Q1,27,B,SPI6,254,-0.021829871991185912,20.457582083686702,0.0,0.7,2804972642.2701936,2804.972642270194,0.6686234745792862,0.4074429857330915
P_Q1,27,B,SPI6,255,0.0,1968.6904031232648,0.0,0.7,5939968896.246716,5939.968896246715,0.8465506813249369,0.16604404596719677
P_Q1,27,B,SPI6,256,0.0,713.2542878938448,0.0,0.7,4923831132.664434,4923.831132664434,0.7785605009428257,0.335432454548689
P_Q1,27,B,SPI6,257,-1.7293402351611769,0.0,-0.6561732158325886,0.7336647524799877,638738005.1215403,638.7380051215403,0.5926993275696446,0.40954210694844706
P_Q1,27,B,SPI6,258,0.0,208.0379555938675,0.0,0.7001242804247191,3979499554.3244934,3979.4995543244936,0.7056605116163233,0.39104137759277047
P_Q1,27,B,SPI6,259,0.0,350.88271060005513,0.0,0.7,4346653312.684995,4346.6533126849945,0.7321663642508982,0.3783043369979009
P_Q1,27,B,SPI6,264,0.0,239.57734738172394,0.0,0.7,4074567141.167135,4074.5671411671347,0.7114953570284983,0.388586473120575
P_Q1,27,B,SPI6,265,-1.2362669216463182,0.0,-0.37082464353004774,0.7032052474212607,920836835.2891731,920.8368352891731,0.6284555448820577,0.40954210694844706
P_Q1,27,B,SPI6,266,-1.7293402351611769,0.0,-0.6561732158325886,0.7025830835619048,713263872.597211,713.263872597211,0.6010602341053831,0.40954210694844706
P_Q1,27,B,SPI6,267,-4.6072034510389475e-05,1263.337975695833,0.0,0.7,5465884082.143605,5465.884082143605,0.8201871419930978,0.24285765111893837
P_Q1,27,B,SPI6,268,-1.0379169178077405,0.0,-0.569870455255489,0.7,786375018.9846627,786.3750189846627,0.6113779485537412,0.40954210694844706
P_Q1,27,B,SPI6,269,0.0,849.1041748548115,0.0,0.7,5081360300.297763,5081.3603002977625,0.7921158430284272,0.31479702565197276
P_Q1,27,B,SPI6,270,0.0,1230.502694325712,0.0,0.7000024756129417,5439243007.162641,5439.24300716264,0.8184438040345823,0.24840786992564132
P_Q1,27,B,SPI6,271,-0.0005184225718663825,67.72161555364855,0.0,0.7,3331023276.0611615,3331.0232760611616,0.6786209840964885,0.40274664674280425
P_Q1,27,B,SPI6,272,0.0,7.1680229579451975,0.0,0.7000016992838771,2451821825.49186,2451.8218254918597,0.6662041484327746,0.40875938378339916
P_Q1,27,B,SPI6,273,0.0,934.4867296267078,0.0,0.7001222792596793,5170377025.850069,5170.377025850069,0.7989824598854378,0.30045896040132347
P_Q1,27,B,SPI6,274,-3.8032084748506954,0.0,-0.7365892962556541,0.7179705058177708,628407594.1145906,628.4075941145907,0.5913473511936529,0.40954210694844706
P_Q1,27,B,SPI6,275,0.0,258.37077008839356,-0.0019745679382573433,0.7,4125404077.3691716,4125.404077369171,0.7145550930373217,0.38673640018500727
P_Q1,27,B,SPI6,276,0.0,100.31042470307128,0.0,0.7002505191865062,3537815792.0825963,3537.815792082596,0.6849183477425552,0.39975806738534886
P_Q1,27,B,SPI6,278,-0.056967254227839215,0.0,-0.0663491663885058,0.7409228064409503,997964999.750702,997.9649997507021,0.6396271391468317,0.40954210694844706
P_Q1,27,B,SPI6,280,0.0,407.659091340152,0.0,0.7,4460623681.304225,4460.623681304225,0.7417369338598925,0.372540648237094
P_Q1,27,B,SPI6,281,0.0,1378.143701465932,0.0,0.7000022128987027,5554909443.007154,5554.909443007155,0.8258796741025368,0.22353862027253
P_Q1,27,B,SPI6,282,0.0,2077.8620125914485,0.0,0.7000027551579491,6001050889.860968,6001.050889860968,0.8493257907282883,0.16198811683922154
P_Q1,27,B,SPI6,283,-0.47829792406613697,302.63225354575184,0.0,0.7,4237423812.3611073,4237.423812361108,0.7070124879923151,0.3914327391752945
P_Q1,27,B,SPI6,284,0.0,0.0,-0.07595589256478066,0.715369416344614,1088824346.792196,1088.8243467921961,0.6520439748105453,0.40954210694844706
P_Q1,27,B,SPI6,285,-0.14391144358028174,0.0,-0.7591991996444833,0.7409224962479843,564791226.209447,564.791226209447,0.5844095776852741,0.40954210694844706
P_Q1,27,B,SPI6,287,0.0,187.31165998229787,0.0,0.7,3911700773.3994284,3911.7007733994283,0.7017468957910842,0.3926068239228661
P_Q1,27,B,SPI6,288,0.0,386.53327141520765,-4.668450401792729e-06,0.7000027681059722,4419705039.266332,4419.705039266331,0.738677197851069,0.3743195645212936
P_Q1,27,B,SPI6,289,0.0,0.0,-1.4611344277347824,0.7314506720531563,201145322.955708,201.145322955708,0.5473369623225531,0.40954210694844706
P_Q1,27,B,SPI6,290,0.0,449.592254683746,0.0,0.7000001611514682,4537224221.984889,4537.2242219848895,0.7478919842032233,0.3686270324118547
P_Q1,27,B,SPI6,292,-1.5828602090842603,0.0,-0.3799836177576982,0.7162601566141938,875109838.7285566,875.1098387285566,0.6228697477496709,0.40954210694844706
P_Q1,27,B,SPI6,295,-0.1786635635728655,0.0,-0.034784552956928616,0.7,1175189086.220202,1175.189086220202,0.6621126409791155,0.40954210694844706
P_Q1,27,B,SPI6,296,-0.00011445143469370964,138.9570874173825,-1.8286632010204427e-06,0.7000016097335047,3726506830.0265403,3726.5068300265402,0.6931369409755577,0.39669833137652544
P_Q1,27,B,SPI6,298,0.0,1302.1442935770554,0.0,0.7000042097537345,5496632779.799796,5496.6327797997965,0.8221439499057175,0.23567082933077166
P_Q1,27,B,SPI6,299,-0.6728132471445012,159.06804668451582,0.0,0.7,3808114490.9718537,3808.1144909718537,0.6829971181556197,0.4017504536236525
P_Q1,27,B,SPI6,300,-0.3092368998671336,0.0,-0.24103130282204133,0.709798570159967,993967061.2281663,993.9670612281664,0.6391290425872559,0.40954210694844706
P_Q1,27,B,SPI6,302,0.0,683.749518195529,0.0,0.7001245061034098,4886116206.048862,4886.116206048862,0.7750382467001102,0.3401643718646601
P_Q1,27,B,SPI6,303,0.0,1854.0437721271974,-0.0001924352330568102,0.7000025488252729,5872715737.871178,5872.715737871177,0.8439534635500056,0.17251930124168358
P_Q1,27,B,SPI6,304,-1.3635985195407994,0.0,-0.7513801759046091,0.7947955614251012,450537344.8472464,450.5373448472464,0.5725619952325045,0.40954210694844706
P_Q1,27,B,SPI6,305,0.0,372.2595255177349,0.0,0.7001287009082924,4390606393.645697,4390.606393645697,0.7362578717045575,0.3758138542000214
P_Q1,27,B,SPI6,306,0.0,511.372584163079,0.0,0.7,4640857114.986738,4640.857114986738,0.756039420784858,0.36176041555484395
P_Q1,27,B,SPI6,307,0.0,36.24013323922509,-1.930135196328193e-06,0.7000025554769713,3037742398.4228873,3037.742398422887,0.6721813071476856,0.4059486960543637
P_Q1,27,B,SPI6,308,0.0,2026.0493918511152,-1.9875548020149505e-06,0.7000017007279842,5972374356.123536,5972.374356123536,0.8482584409577686,0.16358914149500126
P_Q1,27,B,SPI6,311,0.0,739.4876408368109,0.0,0.7,4955915571.982418,4955.915571982418,0.7807307788095493,0.3322659835628136
P_Q1,27,B,SPI6,312,0.0,1156.2052724244334,0.0,0.7,5377023710.72755,5377.02371072755,0.8140676699754512,0.26203436866261076
P_Q1,27,B,SPI6,313,0.0,1563.1669100836668,0.0,0.7000000011225518,5687244107.795496,5687.244107795496,0.8337780624043832,0.19938093713309857
P_Q1,27,B,SPI6,320,-0.009793395191845855,0.0,-0.5071806924593099,0.7000000076690256,829806789.5034293,829.8067895034293,0.617283950617284,0.40954210694844706
P_Q1,27,B,SPI6,321,0.0,996.7318929726871,0.0,0.7000001360002384,5232297794.868445,5232.297794868446,0.803394172270253,0.28935852278791757
P_Q1,27,B,SPI6,322,0.0,278.14248970124515,0.0,0.7,4178053617.1541476,4178.053617154148,0.7189668054221369,0.3851353755292276
P_Q1,27,B,SPI6,323,0.0,799.7329008764897,0.0,0.700074774441883,5026217006.95473,5026.21700695473,0.7873483473867722,0.32262425730245137
P_Q1,27,B,SPI6,324,0.0,1650.9799451190224,0.0,0.7000472926384655,5745702162.783757,5745.702162783758,0.8373358949727828,0.1890632226847405
P_Q1,27,B,SPI6,325,-0.15801294441433744,0.0,-0.05419073511857035,0.7013294841184122,1159429105.27064,1159.4291052706399,0.6603693030205998,0.40954210694844706
P_Q1,27,B,SPI6,327,-0.001187387114944538,170.14503689194748,0.0,0.7000023554918143,3850635125.904187,3850.635125904187,0.6989717863877325,0.39392322197317386
P_Q1,27,B,SPI6,328,-2.560052042129551e-06,1471.7864762773922,0.0,0.7000000578570683,5623490469.030361,5623.490469030361,0.8299711815561959,0.21073042302629238
P_Q1,27,B,SPI6,329,0.0,121.7563594171576,-5.123670577653184e-08,0.7000025042613505,3648633721.7580748,3648.633721758075,0.6894012167787383,0.39797915110114923
P_Q1,27,B,SPI6,330,-0.5327626994050937,184.30353790449902,0.0,0.7,3900754747.0049257,3900.754747004926,0.6889031202191626,0.3993311274771409
P_Q1,27,B,SPI6,331,-2.890547067480008,0.0,-1.1831587181440393,0.768320164437791,286253238.55689293,286.25323855689294,0.5554488205785035,0.40954210694844706
P_Q1,27,B,SPI6,332,0.0,659.8530762660484,0.0,0.7000005728986993,4855618161.899765,4855.618161899765,0.7727612338563348,0.3433308428505355
P_Q1,27,B,SPI6,334,0.0,297.0029673674943,0.0,0.7,4224719822.049525,4224.719822049525,0.7220265414309601,0.3831785676166079
P_Q1,27,B,SPI6,335,-1.2890084411388246e-05,611.6819756724144,-0.0010682210294814531,0.7000015869301588,4789503175.02143,4789.50317502143,0.7676735332835237,0.34959262817091835
P_Q1,27,B,SPI6,336,-0.0003070450738142484,153.48134563895104,0.0,0.700122717756083,3786219112.674486,3786.219112674486,0.695734158750489,0.39538193332621774
P_Q1,27,B,SPI6,337,-1.0763932009647195,0.0,-0.9723298628240097,0.7343532057309793,449276668.57884645,449.27666857884645,0.5721706336499804,0.40954210694844706
P_Q1,27,B,SPI6,338,-0.5888138286148443,394.8044647086125,-0.0020138774790810056,0.7,4433451234.974291,4433.451234974291,0.7150887679225817,0.38840858149215507
P_Q1,27,B,SPI6,339,0.0,1081.16118045384,-0.001036575403038597,0.7004723859202159,5308111140.335143,5308.111140335143,0.8089443910769559,0.2744512043263244
P_Q1,27,B,SPI6,342,-0.00028729094986182894,1516.3589358335425,0.0,0.7,5654932223.988606,5654.932223988607,0.8321058810972356,0.20485999928843346
P_Q1,27,B,SPI6,344,-0.5470617331843257,0.0,-0.7463442881199444,0.7362248041998426,582011880.7510138,582.0118807510138,0.5863308072722098,0.40954210694844706
P_Q1,27,B,SPI6,346,-3.1135440548615376,0.0,-1.4031919296289859,0.7315757880830709,221404466.68820822,221.40446668820823,0.5492581919094889,0.40954210694844706
P_Q1,27,B,SPI6,348,-7.40628718893582e-05,850.0811614707987,0.0,0.7000193766588548,5082343757.462572,5082.343757462572,0.7921514213541111,0.31469029067492077
P_Q1,27,B,SPI6,351,-0.028678022353589173,0.0,-1.6437883031223364,0.8729166924628489,67702984.20446686,67.70298420446686,0.5342797167965275,0.40954210694844706
P_Q1,27,B,SPI6,352,0.0,0.0,-2.0838713473976873,0.9115030247514335,17349175.818103213,17.349175818103213,0.5289785462696125,0.40954210694844706
P_Q1,27,B,SPI6,354,-0.40656606997584055,0.0,-0.07811748733172645,0.7049678104445263,1128101958.724639,1128.101958724639,0.6572028320347244,0.40954210694844706
P_Q1,27,B,SPI6,355,0.0,169.25416076697638,0.0,0.7,3847354878.769481,3847.3548787694813,0.6988294730849967,0.39399437862454195
P_Q1,27,B,SPI6,356,-0.3241504613531338,65.24553927697497,-0.0009694830832258712,0.7000432508261816,3311214252.5487175,3311.2142525487175,0.6751343081794571,0.40470345465542396
P_Q1,27,B,SPI6,357,-2.3370293802827513,0.0,-1.0514527791515753,0.7891384744627199,322870989.6279397,322.8709896279397,0.5591133881239548,0.40954210694844706
P_Q1,27,B,SPI6,360,0.0,1076.8695607872248,0.0,0.7000008714619731,5307019194.769129,5307.019194769129,0.808873234425588,0.2752695058170563
P_Q1,27,B,SPI6,361,0.0,371.15382006669415,0.0,0.700000024108103,4388870745.250529,4388.87074525053,0.7361155584018215,0.3759561675027574
P_Q1,27,B,SPI6,364,0.0,405.580941769977,0.0,0.7000050296048383,4456653340.22777,4456.65334022777,0.7415590422314727,0.37278969651688193
P_Q1,27,B,SPI6,366,-0.00039216216000228826,1301.3772082504468,-0.00031461374755814347,0.7000976759118095,5495376752.749422,5495.376752749422,0.8220016366029816,0.2358131426335077
P_Q1,27,B,SPI6,368,-1.5923465534070567,0.0,-0.09143417421062094,0.7121102026743802,1091294226.6499484,1091.2942266499483,0.6532536378838012,0.40954210694844706
P_Q1,27,B,SPI6,369,-0.3451981090917819,0.0,-0.7392852978683774,0.7888375810156797,469690595.0938876,469.6905950938876,0.574412068168072,0.40954210694844706
P_Q1,27,B,SPI6,372,0.0,720.0826880874097,-0.0022764427527190434,0.7000008465956641,4931133553.86665,4931.13355386665,0.7790585975024016,0.3345429964065891
P_Q1,27,B,SPI6,373,0.0,473.29086422442475,0.0,0.7005668781379273,4575908642.48246,4575.90864248246,0.750631515280891,0.3663500195680792
P_Q1,27,B,SPI6,374,-1.785339950323081e-05,1754.7528405975904,0.0,0.7000884320652933,5811855696.589991,5811.855696589991,0.8403244743302379,0.1803465328921621
P_Q1,27,B,SPI6,376,0.0,827.0983342301416,-0.028500043671112658,0.7010892467651638,5035817708.730266,5035.817708730266,0.7875262390151918,0.3180702316149002
P_Q1,27,B,SPI6,377,-1.5923465534070567,0.0,-0.007919112458264044,0.7007594549986916,1186630998.5485182,1186.6309985485182,0.6639627139146831,0.40954210694844706
P_Q1,27,B,SPI6,378,0.0,208.44265039232027,0.0,0.7001478255676439,3980685898.157798,3980.685898157798,0.7058028249190592,0.39104137759277047
P_Q1,27,B,SPI6,380,-0.02851245773507864,0.0,-0.530129289812702,0.7021519741560749,807455444.745636,807.455444745636,0.6141174796314085,0.40954210694844706
P_Q1,27,B,SPI6,381,-1.9613915182170558,0.0,-0.03959488255403865,0.7459158675675419,993506882.1293979,993.5068821293979,0.638666524353364,0.40954210694844706
P_Q1,27,B,SPI6,382,0.0,332.09746816380994,-0.0008654663567851612,0.7,4305244159.874245,4305.244159874244,0.7289643149393389,0.37994093997936457
P_Q1,27,B,SPI6,383,-0.0009004063658266115,1971.2932527706846,-0.0021078088738071196,0.7000412154904919,5940195565.035551,5940.195565035551,0.8465862596506211,0.1659728893158288
P_Q1,27,B,SPI6,384,-0.013277707570914454,0.0,-0.05867317499748006,0.7,1160308795.9990163,1160.3087959990162,0.6605471946490199,0.40954210694844706
P_Q1,27,B,SPI6,385,-0.3451981090917819,0.0,-0.7392852978683774,0.8750020284380302,278089035.5281057,278.0890355281057,0.5529227594549402,0.40954210694844706
P_Q1,27,B,SPI6,386,-0.45427738771239556,0.0,-0.07866708705997971,0.7320015058270085,1024467376.0147951,1024.467376014795,0.6437186466004909,0.40954210694844706
P_Q1,27,B,SPI6,389,-2.014902680439726,0.0,-0.045666490219227966,0.7591823488450107,938368055.552083,938.368055552083,0.6315508592165652,0.40954210694844706
P_Q1,27,B,SPI6,391,0.0,779.3283366554031,-0.0008603087853904844,0.7000000463364611,5002427295.967012,5002.4272959670125,0.7852492261714166,0.3257907282883267
P_Q1,27,B,SPI6,393,0.0,2033.345887297585,-0.0008661925542322627,0.7000466128166011,5975637437.373668,5975.637437373668,0.8483651759348205,0.16330451488952932
P_Q1,27,B,SPI6,394,0.0,1915.7883385780524,0.0,0.7000382155188037,5909239574.52837,5909.23957452837,0.8455544882057852,0.16889031202191626
P_Q1,27,B,SPI6,399,0.0,1158.5498772194644,0.0,0.7001595856429157,5378395963.632976,5378.3959636329755,0.8141388266268191,0.26171416373145484
P_Q1,27,B,SPI6,400,0.0,139.54423384926412,0.0,0.7000540715662454,3728821891.914569,3728.821891914569,0.6932080976269256,0.39662717472515746
P_Q1,27,B,SPI6,401,-0.013857587678565375,0.0,-0.6354619661867213,0.7066753888772769,719971024.5141213,719.9710245141213,0.6027679937382145,0.40954210694844706
P_Q1,27,B,SPI6,403,0.0,1485.6026113669664,0.0,0.7012953025035958,5628144653.450804,5628.144653450804,0.830469278115772,0.20873803678798877
P_Q1,27,B,SPI6,404,-0.011192176782161167,0.0,-1.0018251773439872,0.7552265998166631,398849369.5010968,398.84936950109676,0.5670117764258014,0.40954210694844706
P_Q1,27,B,SPI6,406,0.0,908.8506541882216,0.0,0.7000017487501823,5144705386.772042,5144.705386772042,0.7964563987618745,0.30515529939161073
P_Q1,27,B,SPI6,407,-0.843798768223993,198.46095753058466,0.0,0.7,3948247465.5275607,3948.2474655275605,0.6824278649446756,0.4019283452520725
P_Q1,27,B,SPI6,410,-2.530947519840698,0.0,-0.941040160323177,0.759337587399981,424339754.929135,424.33975492913504,0.5700359341089409,0.40954210694844706
P_Q1,27,B,SPI6,411,0.0,662.8146892425667,0.0,0.7005832744182414,4857175672.76636,4857.175672766361,0.7728679688333868,0.34283274629095956
P_Q1,27,B,SPI6,412,-0.6229999748985988,408.3906387929783,0.0,0.7000412156290856,4460336344.377431,4460.336344377431,0.7146974063400577,0.38862205144625883
P_Q1,27,B,SPI6,415,0.0,2080.984502981979,-0.0008048370428589708,0.7,6002152307.478656,6002.1523074786555,0.8494681040310245,0.16198811683922154
P_Q1,27,B,SPI6,416,-0.30443933728569195,0.0,-0.5290111689978315,0.7198602002968524,759858622.4405551,759.8586224405551,0.6087807307788096,0.40954210694844706
P_Q1,27,B,SPI6,418,0.0,683.7553944719895,0.0,0.7,4886622278.046692,4886.6222780466915,0.7751094033514783,0.3401643718646601
P_Q1,27,B,SPI6,419,0.0,1128.887054028853,0.0,0.7005450229271097,5351168735.445212,5351.168735445212,0.8122175970398835,0.2668730209556338
P_Q1,27,B,SPI6,422,-2.0519110420709778e-05,826.0441126592403,-0.00011505875738313854,0.7011526141988451,5051285794.779291,5051.285794779291,0.7891628419966557,0.3182481232433203
P_Q1,27,B,SPI6,423,0.0,511.2544040139802,-5.1651663465835274e-05,0.7000000619204113,4640490643.74194,4640.4906437419395,0.7559682641334899,0.36176041555484395
P_Q1,27,B,SPI6,424,0.0,1574.4686056268786,0.0,0.7006793030278131,5692206678.384837,5692.206678384837,0.8339203757071192,0.19824243071121078
P_Q1,27,B,SPI6,428,0.0,240.62718688819692,0.0,0.7002375849967029,4076597160.0148873,4076.5971600148873,0.7115309353541822,0.38840858149215507
P_Q1,27,B,SPI6,429,-1.6230470019077138e-05,225.07460065338609,0.0,0.7000609721093813,4032089297.185174,4032.089297185174,0.7088981392535667,0.38979613619383074
P_Q1,27,B,SPI6,430,-0.5902399354199691,0.0,-0.5106961211105631,0.700000366642855,826094554.3015965,826.0945543015965,0.61671469740634,0.40954210694844706
P_Q1,27,B,SPI6,431,0.0,741.1587012369987,0.0,0.7000849562504734,4957559376.430408,4957.559376430408,0.7809442487636532,0.33191020030597357
P_Q1,27,B,SPI6,432,0.0,352.5259610853451,-0.0008243649996068597,0.7000000358530815,4349509325.827085,4349.5093258270845,0.7322375209022661,0.3780908670437969
P_Q1,27,B,SPI6,433,-0.4856175421065246,309.29988809146454,-0.0010282876334262348,0.7000418260111569,4252107946.7496734,4252.107946749673,0.7079019461344147,0.3915750524780304
P_Q1,27,B,SPI6,435,-0.0001138131318275358,0.0,-1.6437883031223364,0.7348260003692275,141124039.0867207,141.1240390867207,0.5409328636994344,0.40954210694844706
P_Q1,27,B,SPI6,437,0.0,81.72502051245935,0.0,0.7000000170547518,3428031923.355782,3428.031923355782,0.6811826235457359,0.4015014053438644
P_Q1,27,B,SPI6,438,0.0,989.5692444295044,-0.0005639908106817026,0.7000000000142729,5224986752.415302,5224.986752415302,0.8031095456647811,0.29046145088412145
P_Q1,27,B,SPI6,440,-0.47344011014193227,0.0,-1.5315010581711417,0.7303993272317751,176307955.83764988,176.30795583764987,0.5448109011989895,0.40954210694844706
P_Q1,27,B,SPI6,441,0.0,967.3027141409234,-0.0007980781968408913,0.7,5202990463.744934,5202.9904637449345,0.8015440993346852,0.2942683317323087
P_Q1,27,B,SPI6,442,-0.6958690758972397,226.10778312620903,-0.0007495255488592168,0.700271411665511,4032770977.1951632,4032.770977195163,0.6896502650585263,0.39925997082577297
P_Q1,27,B,SPI6,443,0.0,385.6888837853754,-0.0004158229480491336,0.7000016858914283,4417667005.416949,4417.667005416949,0.7385704628740172,0.37435514284697774
P_Q1,27,B,SPI6,446,0.0,1612.6737924689864,-1.029212651744633e-05,0.7000003454692773,5720415771.896657,5720.415771896657,0.8356992919913191,0.1933326217668197
P_Q1,27,B,SPI6,447,-3.858465799263489e-06,314.92770800056957,0.0,0.7000016902283642,4267047994.21782,4267.04799421782,0.7257266873020954,0.38150638630946027
P_Q1,27,B,SPI6,448,0.0,943.7052301243818,-0.0005920607027321888,0.7,5179773937.744707,5179.773937744707,0.7998719180275378,0.2987512007684919
P_Q1,27,B,SPI6,449,-1.617287353114418e-05,51.51781272331095,0.0,0.7000202010573864,3197304358.7548213,3197.3043587548214,0.675383356459245,0.40466787632974
P_Q1,27,B,SPI6,450,0.0,642.23487196733,-0.00031359796309194516,0.7000001335522084,4831913439.416739,4831.9134394167395,0.7708755825950832,0.34557227736862695
P_Q1,27,B,SPI6,451,-7.098072073513334e-08,1437.026356460209,-0.004654395033470839,0.7000445052944996,5595574331.710805,5595.574331710805,0.8280855302949442,0.21489308713131955
P_Q1,27,B,SPI6,453,-0.3451981090917819,0.0,-0.8984018782453845,0.7477745102345781,465822597.7334163,465.82259773341633,0.5739851282598641,0.40954210694844706
P_Q1,27,B,SPI6,456,-3.6915163504470403,0.0,-0.7365674835709941,0.7401160444301841,579074285.9458586,579.0742859458586,0.585654819084214,0.40954210694844706
P_Q1,27,B,SPI6,457,0.0,1209.0442649082997,-0.005862730572746801,0.7000001034734961,5418606666.595579,5418.60666659558,0.8167004660760666,0.25217917244814464
P_Q1,27,B,SPI6,458,-6.4336277433030824e-09,1696.9277300616475,-2.2707274821253426e-05,0.7000003730216382,5775391914.024563,5775.3919140245625,0.8385811363717225,0.18500729355676526
P_Q1,27,B,SPI6,459,-0.48191190962309116,0.0,-1.4458431651456847,0.7360864694796393,202139638.38937888,202.1396383893789,0.5476215889280253,0.40954210694844706
P_Q1,27,B,SPI6,461,0.0,563.6942109113417,0.0,0.7000019585555003,4721394878.325567,4721.394878325567,0.762016579499769,0.35539189525740905
P_Q1,27,B,SPI6,462,-0.00666561194923232,0.0,-0.2739901135536895,0.7404907972065773,864793296.9754716,864.7932969754717,0.622051446258939,0.40954210694844706
P_Q1,27,B,SPI6,463,0.0,1514.7865308703265,0.0,0.7,5653834651.034302,5653.834651034302,0.8319635677944996,0.20507346924253742
P_Q1,27,B,SPI6,466,-0.16089373497582837,0.0,-1.5194936369171683,0.7421746067028295,173306540.046884,173.306540046884,0.5447397445476215,0.40954210694844706
P_Q1,27,B,SPI6,469,0.0,620.1020282248419,-0.0011259491816830143,0.701539994669965,4795024868.748659,4795.024868748659,0.7679225815633118,0.3486320133774505
P_Q1,27,B,SPI6,473,0.0,1380.0164472935376,0.0,0.7,5556323260.764228,5556.323260764228,0.8259152524282207,0.223325150318426
P_Q1,27,B,SPI6,474,-0.16159831171244488,0.0,-1.4515483387967731,0.7009966956847652,227918447.10398585,227.91844710398584,0.5494005052122247,0.40954210694844706
P_Q1,27,B,SPI6,475,-2.7716634081391116,0.0,-1.1839552717178976,0.7042832755745054,364503638.2573441,364.5036382573441,0.5630981606005622,0.40954210694844706
P_Q1,27,B,SPI6,476,-0.0006935684032831719,81.48998956328239,-1.3819656968525057e-05,0.7000038494501062,3426320055.566283,3426.3200555662834,0.6810047319173159,0.40164371864660037
P_Q1,27,B,SPI6,477,0.0,428.9853428248066,0.0,0.7000893999348629,4499952363.323964,4499.952363323964,0.7448678265200839,0.3705838403244744
P_Q1,27,B,SPI6,478,-2.934202162913077,0.0,-1.2116516120449532,0.7552783913236026,288658879.6128134,288.6588796128134,0.5562315437435514,0.40954210694844706
P_Q1,27,B,SPI6,480,-0.0001983242977591955,223.01802743930807,0.0,0.7000070551851383,4026151329.67482,4026.15132967482,0.7085779343224107,0.3899028711708827
P_Q1,27,B,SPI6,482,-0.32489922430773077,0.0,-1.871094650177443,0.7395223725146856,84464445.59383295,84.46444559383295,0.5355249581954674,0.40954210694844706
P_Q1,27,B,SPI6,483,-2.8050569636216967,0.0,-0.6612665835681364,0.7196712899110875,669222479.2018418,669.2224792018418,0.5960436901839399,0.40954210694844706
P_Q1,27,B,SPI6,484,0.0,468.5075773397658,0.0,0.7,4570043284.556345,4570.043284556345,0.750382467001103,0.3669192727790231
P_Q1,27,B,SPI6,487,-1.290349308585532e-08,1358.1963414236725,-0.018336341621885847,0.70014433141843,5527731988.978562,5527.731988978562,0.8234247696303412,0.22681182623545726
P_Q1,27,B,SPI6,488,0.0,1165.2221866762152,-0.00043091211709640406,0.7006123493687081,5381932680.175458,5381.932680175458,0.8143167182552391,0.260682392286619
P_Q1,27,B,SPI6,489,-0.0001415334311193889,1077.0436348680632,-0.0006797705596783054,0.7000001822471386,5306548345.517971,5306.548345517971,0.80880207777422,0.27523392749137227
P_Q1,27,B,SPI6,491,0.0,853.7272876237989,0.0,0.7011722627986774,5081699015.714848,5081.6990157148475,0.7921514213541111,0.31397872416124095
P_Q1,27,B,SPI6,494,-0.2706866448355762,0.0,-0.08791326120495946,0.7015898010771777,1133562948.9679177,1133.5629489679177,0.6583769167822963,0.40954210694844706
P_Q1,27,B,SPI6,495,-9.576242120791452e-07,185.94124405917995,-8.438493067858776e-07,0.7000151112389646,3906926303.2729425,3906.9263032729427,0.701604582488348,0.39271355889991805
P_Q1,27,B,SPI6,496,-7.312240651307381e-06,297.00145177596266,0.0,0.7000140665223372,4224659882.175413,4224.659882175413,0.7219909631052762,0.3831785676166079
P_Q1,27,B,SPI6,497,-4.0,0.0,-0.9035805987609443,0.7012006369085872,547471920.8113297,547.4719208113297,0.5828441313551784,0.40954210694844706
P_Q1,27,B,SPI6,498,-2.8041856841446995,0.0,-0.43201033971686953,0.7113058430058868,854253797.4660822,854.2537974660822,0.6204504216031593,0.40954210694844706
P_Q1,27,B,SPI6,499,-1.3613912032716544,0.0,-0.16724475729010457,0.7002239248521562,1081400119.3810065,1081.4001193810066,0.6510833600170776,0.40954210694844706
P_Q1,27,B,SPI6,501,-0.0004592561605751852,0.0,-0.920997315708866,0.7381132257342539,471884482.24426025,471.88448224426025,0.5748390080762799,0.40954210694844706
P_Q1,27,B,SPI6,503,0.0,1121.7559302647085,-0.00019999854831127817,0.7000163522728137,5346848036.96195,5346.84803696195,0.8119685487600955,0.26779805742341767
P_Q1,27,B,SPI6,504,-7.312240651307381e-06,639.7761016599434,0.0,0.7000190691926422,4828849281.28156,4828.84928128156,0.7706621126409793,0.3460703739282029
P_Q1,27,B,SPI6,505,0.0,448.2211464764749,0.0,0.7000221652477445,4534718352.864073,4534.718352864073,0.7477140925748034,0.36873376738890673
P_Q1,27,B,SPI6,509,-0.7180118483585693,0.0,-0.38318615318188376,0.701159126396756,917962133.1307943,917.9621331307943,0.6276016650656419,0.40954210694844706
P_Q1,27,B,SPI6,510,-1.5528512609983564e-06,65.96567614253553,-4.4322071325595505e-09,0.7001038810815535,3317391990.29789,3317.39199029789,0.6782296225139646,0.4030312733482762
P_Q1,27,B,SPI6,511,-0.859873294685024,204.31536355569958,0.0,0.7002065214755043,3966395596.4862485,3966.3955964862485,0.6825701782474117,0.40196392357775645
P_Q1,27,B,SPI6,513,-0.04135942596801151,0.0,-0.7723683839809665,0.7387465516151748,559993036.1983926,559.9930361983926,0.5837691678229623,0.40954210694844706
P_Q1,27,B,SPI6,514,-2.964262865066166,0.0,-1.2644443404096266,0.7084713737939821,311912791.4801785,311.9127914801785,0.5574056284911233,0.40954210694844706
P_Q1,27,B,SPI6,516,-0.000451019254747804,1662.4613657394948,-1.505329565683258e-08,0.7000148068476211,5753317479.940577,5753.317479940577,0.8375493649268868,0.1881026078912726
P_Q1,27,B,SPI6,517,0.0,710.8473547573587,0.0,0.7000217462805538,4920760025.934646,4920.7600259346455,0.7783114526630378,0.33568150282847703
P_Q1,27,B,SPI6,518,-0.002752622079047386,171.50946238374476,-3.3662079145446724e-05,0.7001554487323088,3854866783.452216,3854.866783452216,0.6990785213647844,0.393780908670438
P_Q1,27,B,SPI6,520,-0.00713366770217716,0.0,-0.6090957838583269,0.7010355633379493,749861366.3155252,749.8613663155252,0.6064681396093499,0.40954210694844706
P_Q1,27,B,SPI6,521,0.0,352.36525025842536,0.0,0.7000048360782336,4349777607.600513,4349.777607600514,0.7323442558793182,0.3781264453694809
P_Q1,27,B,SPI6,522,-7.548416220895788e-06,1302.8722042433817,-0.0010381258763076993,0.7001525035395509,5495695280.27704,5495.695280277039,0.8220727932543496,0.23552851602803568
P_Q1,27,B,SPI6,524,-2.8050569636216967,0.0,-0.6612665835681364,0.7400783783256891,620514877.0415901,620.5148770415901,0.590351158074501,0.40954210694844706
P_Q1,27,B,SPI6,525,-0.03262423201862319,0.0,-0.03565322106642433,0.7468788390267376,991367190.8286035,991.3671908286035,0.6383463194222081,0.40954210694844706
P_Q1,27,B,SPI6,526,0.0,963.6301541016352,-1.832502644146356e-06,0.7002937024713668,5198804928.125899,5198.804928125899,0.8013662077062653,0.2948731632689367
P_Q1,27,B,SPI6,529,-2.776409101839303e-07,0.0,-0.036667189241403456,0.700061471636241,1174301913.462962,1174.301913462962,0.6618991710250115,0.40954210694844706
P_Q1,27,B,SPI6,531,-7.312240651307381e-06,101.01577417363035,0.0,0.7001371785034344,3542153394.1514955,3542.1533941514954,0.6852029743480271,0.3996157540826129
P_Q1,27,B,SPI6,532,-0.00011196420525605303,332.38261571814735,-3.3090912468693916e-05,0.7001615514896765,4305680900.520161,4305.68090052016,0.7290354715907067,0.3798697833279966
P_Q1,27,B,SPI6,533,-3.865911179318008,0.0,-1.5361982831752263,0.7004376281039344,193462171.28452083,193.46217128452082,0.5460561425979292,0.40954210694844706
P_Q1,27,B,SPI6,534,0.0,0.0,-0.007103570490907957,0.7008744482245156,1186856647.1473114,1186.8566471473114,0.663998292240367,0.40954210694844706
P_Q1,27,B,SPI6,536,-8.853728428461627e-05,768.7660058893566,-0.0006245320406202473,0.7000970291096192,4989991094.132116,4989.991094132116,0.7840751414238446,0.32717828299000246
P_Q1,27,B,SPI6,537,-0.0020180291388671202,316.93590563938096,-3.07275868646879e-05,0.7000079045299854,4271481103.647389,4271.481103647389,0.7259401572561995,0.3812217597039883
P_Q1,27,B,SPI6,538,-0.00017379857201297477,1698.2393378291795,0.0,0.7000030505975233,5776397708.545022,5776.397708545022,0.8386522930230905,0.18493613690539729
P_Q1,27,B,SPI6,539,-0.0001983242977591955,934.9983295682389,-4.4121626833099294e-07,0.7000070551851383,5171353052.529216,5171.353052529216,0.7990180382111219,0.3003166470985875
P_Q1,27,B,SPI6,541,-2.841198146659937e-07,280.61173882095034,-0.00012171420847496102,0.7000340556588291,4183986564.498167,4183.986564498167,0.7192870103532927,0.38495748390080764
P_Q1,27,B,SPI6,543,-0.00018667346095048074,1749.047646237837,-0.00015609811507109037,0.700000899531484,5808460303.533408,5808.4603035334085,0.8401110043761341,0.180844629451738
P_Q1,27,B,SPI6,545,-0.00014570175857030057,20.50412400656205,-4.219368371837274e-10,0.7000060807733123,2805812893.522727,2805.812893522727,0.6686590529049702,0.4074074074074074
P_Q1,27,B,SPI6,546,0.0,1854.195362248969,-0.003065772400807242,0.700052392254041,5871274112.5429945,5871.274112542995,0.8438823068986375,0.17251930124168358
P_Q1,27,B,SPI6,547,-0.011531892737946858,0.0,-0.7497063766799767,0.7000221628795124,660037089.9673684,660.0370899673684,0.595118653716156,0.40954210694844706
P_Q1,27,B,SPI6,549,-1.1452957997680609e-08,589.3870067112343,-0.0005956517932780622,0.7000631232795825,4758259687.21064,4758.25968721064,0.7651474721599605,0.35211868929448176
P_Q1,27,B,SPI6,552,-4.0,0.0,-1.9816364091778258,0.7592021726675336,60364858.48950921,60.36485848950921,0.5333546803287438,0.40954210694844706
P_Q1,27,B,SPI6,554,-1.1452957997680609e-08,1009.4352014850441,-0.0005956517932780622,0.7000631232795825,5243786408.87306,5243.78640887306,0.8041413171096169,0.28683246166435405
P_Q1,27,B,SPI6,555,-0.00014570175857030057,1199.2673458762624,-4.219368371837274e-10,0.7002864611111616,5412344443.233058,5412.344443233058,0.8163802611449105,0.25378019710392424
P_Q1,27,B,SPI6,557,-1.3585446247268806,258.33643301120765,-1.9499477972443049e-07,0.7000120570884686,4124922759.449935,4124.922759449935,0.675667983064717,0.4058419610773118
P_Q1,27,B,SPI6,558,-1.5235413989351717e-05,6.714146149927174,-4.008070029701763e-06,0.7000127903292346,2432515487.974182,2432.515487974182,0.6661329917814066,0.4087949621090831
P_Q1,27,B,SPI6,559,-0.0030609551854107048,0.0,-0.5740162121254052,0.7000506169573668,782595771.7604368,782.5957717604367,0.6107731170171133,0.40954210694844706
P_Q1,27,B,SPI6,560,-3.612549805977051,0.0,-0.6599691244505712,0.7570237335418653,580566719.0091826,580.5667190091825,0.5861529156437899,0.40954210694844706
P_Q1,27,B,SPI6,561,0.0,247.70106331029478,-0.003592372355571554,0.7000019226714521,4095661686.275464,4095.661686275464,0.7128829117301739,0.38748354502437116
P_Q1,27,B,SPI6,562,-0.057576674204475875,0.0,-0.06576966768806503,0.7459161858800926,978782252.8154167,978.7822528154167,0.6373857046287402,0.40954210694844706
P_Q1,27,B,SPI6,563,-1.4754589250166992e-08,389.8362857037473,-1.7194654121933782e-06,0.7000676612709205,4425951623.049912,4425.951623049912,0.7393176077133808,0.3739993595901378
P_Q1,27,B,SPI6,565,-4.0,0.0,-0.9181802546855397,0.7256746990942285,495852660.82087666,495.8526608208767,0.5774718041768955,0.40954210694844706
P_Q1,27,B,SPI6,567,-2.897852493617818,0.0,-0.4962449507556662,0.7033425481824079,828242237.5840452,828.2422375840451,0.6171060589888641,0.40954210694844706
P_Q1,27,B,SPI6,569,-0.00011145601856698336,820.1314307706903,-3.43409341280168e-07,0.7000281851431261,5049371740.887793,5049.371740887793,0.7890205286939198,0.31913758138542014
P_Q1,27,B,SPI6,570,-0.00014570175857030057,119.66870835028101,-3.2650115048214344e-05,0.7002899075055556,3637299673.3969383,3637.2996733969385,0.6887252285907425,0.39826377770662114
P_Q1,27,B,SPI6,571,-4.7276650126579754e-07,796.9612743236694,-9.050362304182074e-07,0.700000899531484,5023352581.863195,5023.352581863195,0.7869569858042482,0.3230867755363433
P_Q1,27,B,SPI6,572,-0.00019900717055469576,1278.1425403331648,-3.276118797554082e-08,0.7011316199718975,5473206933.20558,5473.20693320558,0.8208631301810938,0.2403315899953748
P_Q1,27,B,SPI6,575,0.0,136.30406817800926,0.0,0.7,3714998834.4642706,3714.9988344642707,0.6926032660902978,0.3969473796563135
P_Q1,27,B,SPI6,576,0.0,373.90112028780885,0.0,0.7,4394458093.407495,4394.458093407495,0.7364713416586616,0.37552922759454943
P_Q1,27,B,SPI6,577,-3.8296668422919047,0.0,-0.17924747468027835,0.7066981990164429,1050450593.6405698,1050.4505936405699,0.6472764791688902,0.40954210694844706
P_Q1,27,B,SPI6,578,0.0,740.2167823492123,0.0,0.7,4956764576.590651,4956.764576590651,0.7808375137866014,0.33208809193439354
P_Q1,27,B,SPI6,579,0.0,1913.0905280816678,0.0,0.7,5907818451.250686,5907.818451250686,0.8454833315544171,0.16903262532465227
P_Q1,27,B,SPI6,580,-0.742300605450482,0.0,-1.7183028761571384,0.8049457907513199,91210311.46839902,91.21031146839901,0.5370192478741951,0.40954210694844706
P_Q1,27,B,SPI6,581,0.0,1235.6232050451551,0.0,0.7,5443441152.8137865,5443.441152813786,0.8185505390116341,0.24766072508627743
P_Q1,27,B,SPI6,584,-0.7721810279457297,0.0,-1.8397070586878153,0.8201865030357222,62626011.09072158,62.626011090721576,0.5336393069342158,0.40954210694844706
P_Q1,27,B,SPI6,586,0.0,640.3609955429736,0.0,0.7,4829713267.2773695,4829.71326727737,0.7707332692923472,0.34592806062546694
P_Q1,27,B,SPI6,587,-0.07239535931819709,0.0,-0.1431443676863733,0.7,1100802997.54905,1100.8029975490501,0.6534315295122212,0.40954210694844706
P_Q1,27,B,SPI6,588,0.0,1470.7827602126551,0.0,0.7,5622774104.922259,5622.7741049222595,0.829935603230512,0.21090831465471233
P_Q1,27,B,SPI6,589,0.0,97.96884538079975,0.0,0.7,3525769938.3289986,3525.7699383289987,0.6845625644857153,0.4000071156651367
P_Q1,27,B,SPI6,594,0.0,1081.7623700172708,0.0,0.7005742513394186,5309150294.279672,5309.1502942796715,0.8090511260540079,0.27430889102358846
P_Q1,27,B,SPI6,595,0.0,1987.8950358379439,-0.0019849311078005047,0.7017450801308447,5942831749.236176,5942.831749236176,0.8467641512790409,0.16519016615078094
P_Q1,27,B,SPI6,597,-0.0031195914637586726,591.0940434762962,0.0,0.7,4761332203.442016,4761.332203442015,0.7653965204397483,0.3517629060376418
P_Q1,27,B,SPI6,600,0.0,1203.1410347544906,0.0,0.7001038417301543,5416263404.9427,5416.263404942701,0.8165581527733304,0.25317536556729636
P_Q1,27,B,SPI6,601,-2.9840026589495294,0.0,-0.4102173762850045,0.7137662035688759,862956636.5998614,862.9566365998614,0.6212331447682072,0.40954210694844706
P_Q1,27,B,SPI6,602,0.0,427.9275794934031,0.0,0.7,4498384375.803664,4498.384375803665,0.7447255132173479,0.3707261536272103
P_Q1,27,B,SPI6,603,0.0,798.6635501900025,0.0,0.7,5025300085.747715,5025.300085747715,0.7872060340840362,0.32290888390792327
P_Q1,27,B,SPI6,605,0.0,0.0,-1.1367692698219056,0.7618722465785294,317838650.6287122,317.8386506287122,0.5585797132386948,0.40954210694844706
P_Q1,27,B,SPI6,607,0.0,713.7788727412087,0.0,0.7002742055440249,4923382785.0439825,4923.382785043983,0.7785960792685096,0.335396876223005
P_Q1,27,B,SPI6,608,-4.0,0.0,-0.3857199596018708,0.7,919569316.9217976,919.5693169217976,0.627886291671114,0.40954210694844706
P_Q1,27,B,SPI6,609,0.0,536.3565059735474,0.0,0.7,4680041608.306178,4680.041608306178,0.7584231686056855,0.3588429928487566
P_Q1,27,B,SPI6,613,0.0,333.1139646705197,0.0,0.7,4308121573.606499,4308.121573606499,0.7293912548475467,0.3797986266766285
P_Q1,27,B,SPI6,614,-3.9789466213499134,0.0,-0.5039141878782024,0.7,832042864.82725,832.04286482725,0.617639733874124,0.40954210694844706
P_Q1,27,B,SPI6,615,0.0,1617.1286358629513,0.0,0.7,5723559713.651226,5723.559713651226,0.8358416052940549,0.1927633685558758
P_Q1,27,B,SPI6,616,0.0,167.96772458876285,0.0,0.7,3842573227.7143626,3842.5732277143625,0.6985448464795245,0.3940655352759099
P_Q1,27,B,SPI6,618,-3.900628088138931,0.0,0.0,0.7374972417203247,1045611158.1616951,1045.6111581616951,0.6452840929305866,0.40954210694844706
P_Q1,27,B,SPI6,619,-0.006826489224042165,0.0,-0.6567709669586083,0.7003754925620659,717357275.4453375,717.3572754453376,0.6015227523392751,0.40954210694844706
P_Q1,27,B,SPI6,620,0.0,36.455700509837925,0.0,0.7,3040335568.551693,3040.335568551693,0.6722880421247376,0.4059486960543637
P_Q1,27,B,SPI6,621,-3.9721702583075955,0.0,-0.041115804296724956,0.7605025217698135,935366030.1131903,935.3660301131903,0.6308392927028853,0.40954210694844706
P_Q1,27,B,SPI6,623,-0.6827593936295411,0.0,-0.7945216222828724,0.7351608831263058,552314816.2337381,552.314816233738,0.5828797096808623,0.40954210694844706
P_Q1,27,B,SPI6,624,0.0,0.0,-1.211080956597288,0.7540587762751212,290451126.4596789,290.4511264596789,0.5564805920233394,0.40954210694844706
P_Q1,27,B,SPI6,626,0.0,612.3211486664962,0.0,0.7,4791299155.852923,4791.299155852924,0.7678870032376276,0.34959262817091835
P_Q1,27,B,SPI6,628,-2.683380568858721e-05,51.51552453609611,-0.00025169647653756433,0.7000533633907324,3196831925.9518414,3196.831925951841,0.675276621482193,0.40466787632974
P_Q1,27,B,SPI6,631,0.0,20.201735870148873,0.0,0.7,2800195644.123005,2800.195644123005,0.6686234745792862,0.4074074074074074
P_Q1,27,B,SPI6,633,0.0,1044.2952088689542,-0.0003325997384410603,0.7,5276772597.768948,5276.772597768948,0.8066317999074963,0.2807841462980752
P_Q1,27,B,SPI6,635,0.0,280.71514124275586,0.0,0.7,4184560887.6593323,4184.560887659332,0.7195004803073967,0.38495748390080764
P_Q1,27,B,SPI6,636,0.0,154.65572919512027,0.0,0.7,3791384567.8660088,3791.3845678660086,0.6960187853559611,0.3953463550005337
P_Q1,27,B,SPI6,638,0.0,1265.910329975518,0.0,0.7,5467951085.342531,5467.951085342531,0.8203294552958338,0.2424662895364144
P_Q1,27,B,SPI6,639,-3.3656750877362085,0.0,-0.529137626759472,0.7019826320565863,808209411.780555,808.209411780555,0.6142953712598286,0.40954210694844706
P_Q1,27,B,SPI6,640,-0.0001283915376666205,913.5868269264029,0.0,0.7015556102223135,5143352077.140609,5143.352077140608,0.7964563987618745,0.30437257622656283
P_Q1,27,B,SPI6,641,-0.5774467957059638,0.0,-1.0145992795527836,0.7,481527598.2695593,481.52759826955935,0.5754438396129079,0.40954210694844706
P_Q1,27,B,SPI6,642,0.0,565.5861872633886,0.0,0.7,4724205651.520665,4724.205651520665,0.7624790977336608,0.3551428469776211
P_Q1,27,B,SPI6,643,-3.8296668422919047,0.0,-0.7991284944115038,0.7066981990164429,608911406.0024102,608.9114060024102,0.5890703383498772,0.40954210694844706
P_Q1,27,B,SPI6,644,0.0,1657.5771826686284,0.0,0.7,5750199273.871659,5750.199273871659,0.8373714732984668,0.18852954779948058
P_Q1,27,B,SPI6,645,0.0,1526.4095179332442,0.0,0.7,5661925557.454154,5661.925557454154,0.8324260860283915,0.20375707119222966
P_Q1,27,B,SPI6,646,-2.643216852225497,0.0,-0.07671069302897182,0.7379810170595329,1002006079.995845,1002.006079995845,0.6403387056605114,0.40954210694844706
P_Q1,27,B,SPI6,647,0.0,82.35575512684089,0.0,0.7,3432092362.4403934,3432.0923624403936,0.6813249368484717,0.4013946703668124
P_Q1,27,B,SPI6,648,0.0,0.0,-0.003268723753583447,0.7016707650526534,1186606329.2645206,1186.6063292645206,0.6638204006119471,0.40954210694844706
P_Q1,27,B,SPI6,651,0.0,1165.966442405044,0.0,0.700000113905803,5385390047.588934,5385.390047588934,0.8146013448607111,0.26057565730956694
P_Q1,27,B,SPI6,652,-1.9467703388501747,0.0,-0.7348744338506302,0.706813457838057,653966042.2855743,653.9660422855743,0.5940868822713203,0.40954210694844706
P_Q1,27,B,SPI6,653,0.0,827.9607231321252,0.0,0.7,5058186162.431756,5058.186162431756,0.7896609385562317,0.31792791831216427
P_Q1,27,B,SPI6,655,0.0,314.8951114272799,-0.0005670833878478317,0.7,4266603570.0023437,4266.603570002344,0.7256199523250435,0.38150638630946027
P_Q1,27,B,SPI6,657,-0.0002044621024688809,261.022903005381,-0.00251574408846017,0.7000384450591063,4132218426.6443233,4132.218426644324,0.7150887679225816,0.38655850855658724
P_Q1,27,B,SPI6,660,-4.0,0.0,-0.5688194903938144,0.7,787373062.7793678,787.3730627793678,0.6115202618564771,0.40954210694844706
P_Q1,27,B,SPI6,661,0.0,120.29007263161867,0.0,0.7,3641629019.7015753,3641.629019701575,0.6890098551962145,0.39815704272956914
P_Q1,27,B,SPI6,662,0.0,240.47948855979172,0.0,0.7,4077128495.2508984,4077.128495250898,0.7117444053082862,0.38844415981783903
P_Q1,27,B,SPI6,664,0.0,355.3532277120797,-0.0009799940812626959,0.7,4355297180.872379,4355.29718087238,0.7326644608104741,0.3778418187640089
P_Q1,27,B,SPI6,665,0.0,222.71797948450566,0.0,0.7,4025277949.7108665,4025.2779497108663,0.7085423559967269,0.3899384494965667
P_Q1,27,B,SPI6,667,-0.0007756192109245741,1307.634690334995,-0.00301283738636076,0.7,5499440359.321158,5499.440359321158,0.8223929981855056,0.23471021453730387
P_Q1,27,B,SPI6,668,0.0,0.0,-0.42538815440930583,0.7000027101134745,892123531.5086212,892.1235315086212,0.6247553990109225,0.40954210694844706
P_Q1,27,B,SPI6,669,-3.765545457834959,0.0,-0.03472337753274727,0.7,1175189086.220202,1175.189086220202,0.6621126409791155,0.40954210694844706
P_Q1,27,B,SPI6,670,-0.097983060748568,286.16648930931046,-0.0006136667766386897,0.7,4197708702.7455683,4197.708702745568,0.7188600704450848,0.3862027252997475
P_Q1,27,B,SPI6,672,0.0,69.74831937356305,-7.133668334159457e-05,0.7,3345789530.604618,3345.789530604618,0.6788700323762763,0.40263991176575226
P_Q1,27,B,SPI6,674,0.0,932.2469765098797,0.0,0.700083328975904,5168269002.533382,5168.269002533382,0.798662254954282,0.3008147436581634
P_Q1,27,B,SPI6,675,0.0,451.98242351480053,0.0,0.7,4541426484.317314,4541.426484317314,0.7482121891343794,0.36848471910911873
P_Q1,27,B,SPI6,676,-4.0,0.0,-0.05727976825690494,0.700047711393395,1161568253.2495978,1161.5682532495978,0.6607962429288079,0.40954210694844706
P_Q1,27,B,SPI6,677,0.0,2050.5809813333703,-0.006282284766779704,0.7014120336943946,5976433101.526299,5976.4331015263,0.8484363325861886,0.16284199665563737
P_Q1,27,B,SPI6,678,-0.0010139865546509585,0.0,-0.9547081135573583,0.7000102644533498,521066404.7552353,521.0664047552353,0.580104600277511,0.40954210694844706
P_Q1,27,B,SPI6,679,0.0,483.78202681140755,0.0,0.7,4595794484.526276,4595.7944845262755,0.7524460098907747,0.3651759348205074
P_Q1,27,B,SPI6,680,-0.41971785879100765,75.14386563427843,0.0,0.7002603141805428,3382962726.6302094,3382.9627266302095,0.6760593446472408,0.404169779770164
P_Q1,27,B,SPI6,682,-0.17735254251268562,0.0,-1.5308159095366132,0.7000997808462265,196107529.48247164,196.10752948247165,0.5463051908777172,0.40954210694844706
P_Q1,27,B,SPI6,683,-0.07239535931819709,0.0,-0.7158802758706453,0.7,680662290.2566504,680.6622902566504,0.5970398833030918,0.40954210694844706
P_Q1,27,B,SPI6,685,-0.6827593936295411,0.0,-1.1493181365424112,0.7351608831263058,345658381.38910854,345.6583813891085,0.5613904009677303,0.40954210694844706
P_Q1,27,B,SPI6,687,-3.645540970240637,0.0,-0.924773847711886,0.7956325850439333,366477388.98190004,366.47738898190005,0.5646636069306579,0.40954210694844706
P_Q1,27,B,SPI6,688,-1.363890735638643e-05,871.7260037979277,-7.835712761236425e-05,0.7000564545078776,5105303784.577773,5105.3037845777735,0.7938591809869427,0.3114170847119934
P_Q1,27,B,SPI6,689,-1.634661153140256,0.0,-0.46191861397925715,0.7119948104294247,830172678.6694074,830.1726786694073,0.6173195289429678,0.40954210694844706
P_Q1,27,B,SPI6,690,0.0,429.3666585275879,-4.739012781487112e-05,0.700000761958583,4500826158.265219,4500.8261582652185,0.7449389831714519,0.3705838403244744
P_Q1,27,B,SPI6,692,0.0,1076.4805955987197,0.0,0.7,5306669987.33924,5306.66998733924,0.8088020777742201,0.27530508414274024
P_Q1,27,B,SPI6,695,0.0,188.67688215954357,0.0,0.7000000105469584,3916371079.6369166,3916.3710796369164,0.702173835699292,0.3923933539687622
P_Q1,27,B,SPI6,697,-2.927023741774855,0.0,-0.1718240144522007,0.7382287299936435,940751886.0060493,940.7518860060493,0.632796100615505,0.40954210694844706
P_Q1,27,B,SPI6,699,-0.5279940221371369,0.0,-1.382701649396446,0.70307293656686,257765121.44905305,257.765121449053,0.5524602412210482,0.40954210694844706
P_Q1,27,B,SPI6,700,-0.9511804270380286,0.0,-0.04803126186320821,0.712471471832558,1118678952.8046975,1118.6789528046975,0.6554239157505248,0.40954210694844706
P_Q1,27,B,SPI6,701,-0.0004707326311726241,0.0,-0.05876337219582728,0.700071048753447,1160034032.8538232,1160.0340328538232,0.6604760379976519,0.40954210694844706
P_Q1,27,B,SPI6,703,-0.33866178065972896,0.0,-0.3974595266388401,0.7017768168200038,908067341.7839292,908.0673417839292,0.6263920019923863,0.40954210694844706
P_Q1,27,B,SPI6,705,-3.313516182523281,0.0,-0.6797225783509281,0.7134072643841058,672553775.861331,672.553775861331,0.5965062084178319,0.40954210694844706
P_Q1,27,B,SPI6,707,-0.7278439646681167,228.79727829249848,-1.0064133568158992e-07,0.7000288142885154,4042287632.290211,4042.287632290211,0.6887963852421106,0.3997580673853489
P_Q1,27,B,SPI6,709,0.0,1347.815197099922,-0.004571106078963782,0.7000502960956339,5529089649.48538,5529.0896494853805,0.824100757818337,0.22848400754260503
P_Q1,27,B,SPI6,710,-0.049554923302221665,0.0,-0.08426864251816257,0.74719851881977,962778537.8560672,962.7785378560671,0.6358558366243282,0.40954210694844706
P_Q1,27,B,SPI6,711,-0.27621601222542913,0.0,-0.9265121006906036,0.7229216708225233,496423574.2062041,496.42357420620414,0.5776141174796314,0.40954210694844706
P_Q1,27,B,SPI6,714,0.0,299.2519902145377,-0.003735165273212158,0.7001645653719799,4227404044.3464437,4227.404044346444,0.7220265414309602,0.38289394101113594
P_Q1,27,B,SPI6,715,0.0,1572.2212169135855,0.0,0.7000084737575661,5693359027.281026,5693.359027281026,0.8339203757071192,0.1984559006653147
P_Q1,27,B,SPI6,716,0.0,1650.2005704778362,-0.0011113653148175518,0.7000000212149474,5744465718.710291,5744.465718710291,0.8372647383214148,0.18916995766179245
P_Q1,27,B,SPI6,717,0.0,611.346102007597,-2.820804760118249e-06,0.7000047066463774,4789921384.641433,4789.921384641433,0.7677091116092077,0.34959262817091835
P_Q1,27,B,SPI6,718,0.0,1158.7075591885607,-0.0012448371330094216,0.7,5378262653.2446375,5378.2626532446375,0.814103248301135,0.26171416373145484
P_Q1,27,B,SPI6,719,0.0,468.4718487675938,-6.63216240055626e-06,0.7000510348325084,4569600671.056853,4569.600671056854,0.7503468886754191,0.3669192727790231
P_Q1,27,B,SPI6,721,-0.9687648256910255,0.0,-0.6067864715367772,0.7079209915868724,734214991.6896334,734.2149916896334,0.6050450065819901,0.40954210694844706
P_Q1,27,B,SPI6,722,-2.1170701101268623,0.0,-2.4014553559697855,0.7938152236629732,17528204.651944436,17.528204651944435,0.5292275945494004,0.40954210694844706
P_Q1,27,B,SPI6,724,-0.0015357963949776642,484.2329885857227,0.0,0.700000000011859,4596545630.298181,4596.54563029818,0.7524815882164587,0.3650336215177714
P_Q1,27,B,SPI6,727,-0.5685287532695988,144.97529961395568,-2.593085847459216e-05,0.7000000118880924,3751367303.4807405,3751.3673034807407,0.6832105881097235,0.4015725619952324
P_Q1,27,B,SPI6,729,0.0,152.79724499678522,-0.00023036084400035478,0.7001215494629168,3783310549.618575,3783.310549618575,0.6955206887963852,0.3954530899775857
P_Q1,27,B,SPI6,730,-0.003447618361653408,0.0,-0.7596163865161317,0.706022033913871,640390298.5760248,640.3902985760247,0.5931262674778526,0.40954210694844706
P_Q1,27,B,SPI6,731,-3.8033652515744596e-06,258.0191053799111,-9.868081611981124e-07,0.7000039057411208,4125516931.6779284,4125.516931677928,0.7148041413171096,0.38680755683637524
P_Q1,27,B,SPI6,732,-3.926652147519182e-05,1377.7007521984674,-2.1839269197803133e-05,0.7000001129294681,5554399650.196881,5554.399650196881,0.8258440957768528,0.22357419859821398
P_Q1,27,B,SPI6,734,0.0,1238.718447853336,-0.0002264091773697659,0.7000256650881675,5445698997.8994465,5445.698997899446,0.8185861173373182,0.2469847368982816
P_Q1,27,B,SPI6,737,-0.000856735902337374,1756.4800600602482,-0.006706164145744582,0.7000066016938438,5808752436.741836,5808.7524367418355,0.8402888960045541,0.18031095456647808
P_Q1,27,B,SPI6,739,-5.569108057636685e-05,510.42616711525636,0.0,0.7000096440444185,4639305168.802529,4639.305168802529,0.755897107482122,0.36183157220621204
P_Q1,27,B,SPI6,743,-3.9152273804250486,0.0,-1.5150184025031856,0.7051070445082894,200195360.1494013,200.1953601494013,0.5464830825061372,0.40954210694844706
P_Q1,27,B,SPI6,745,-9.684384965588925e-07,1697.1340922028705,-0.0032366901238354766,0.7000022118400743,5773977800.045874,5773.977800045874,0.8385099797203545,0.18497171523108127
P_Q1,27,B,SPI6,746,-0.010996311030731065,0.0,-1.604985773710276,0.7062055715726497,168928618.9904848,168.9286189904848,0.5431742982175259,0.40954210694844706
P_Q1,27,B,SPI6,747,-2.190438659327181e-08,1045.7019050204526,-0.0004806393295811584,0.7000004444459951,5278079951.879785,5278.079951879785,0.8066673782331805,0.2803927847155513
P_Q1,27,B,SPI6,748,-1.8895268034383372e-06,2090.7630554326656,-0.000366342555702953,0.7000552008362733,6007534634.613834,6007.534634613834,0.8497527306364964,0.1618102252108016
P_Q1,27,B,SPI6,751,-0.004441112894408961,0.0,-1.0409450590872802,0.8043894244136865,303483714.384829,303.483714384829,0.557085423559967,0.40954210694844706
P_Q1,27,B,SPI6,755,-2.2389714644658802e-08,663.5784892746198,-8.473594990809351e-08,0.7000523940643592,4860319600.565237,4860.319600565237,0.7731170171131748,0.3427260113139076
P_Q1,27,B,SPI6,756,0.0,1302.8793659766388,0.0,0.7000305171769986,5497103415.714547,5497.103415714547,0.8221795282314015,0.23552851602803568
P_Q1,27,B,SPI6,757,0.0,1970.6280595119888,0.0,0.7000318716143379,5940946584.95949,5940.94658495949,0.846657416301989,0.1659728893158288
P_Q1,27,B,SPI6,759,0.0,206.11634431155582,0.0,0.7000227116183606,3973799693.8463283,3973.7996938463284,0.7053758850108512,0.3911836908955064
P_Q1,27,B,SPI6,760,0.0,902.3973503259392,0.0,0.7,5138037336.016154,5138.037336016154,0.7960650371793505,0.3061159141850785
P_Q1,27,B,SPI6,763,-1.215831099160536e-08,167.9643871746163,-0.0002241639617628138,0.7000000219514837,3842383307.629599,3842.383307629599,0.6984381115024725,0.3940655352759099
P_Q1,27,B,SPI6,764,-4.4590788067018693e-10,682.1055491843267,-3.941132354129506e-07,0.7000551061651911,4884286639.491209,4884.286639491209,0.7748959333973744,0.3404489984701321
P_Q1,27,B,SPI6,765,-0.0048612208069813145,66.59138979949876,0.0,0.7,3322546441.3257265,3322.5464413257264,0.6784786707937523,0.4029245383712243
P_Q1,27,B,SPI6,766,-2.470575926044236e-06,1267.6814443937428,-0.0006201610077700353,0.700050580204299,5468784973.032426,5468.784973032426,0.8204361902728856,0.24225281958231049
P_Q1,27,B,SPI6,767,-3.122422914599121,0.0,-1.8881019988691472,0.7186895361341117,87791007.12160753,87.79100712160752,0.5356316931725194,0.40954210694844706
P_Q1,27,B,SPI6,771,0.0,1474.4249042299293,-0.0012879572940639856,0.7000001182069703,5624454631.398346,5624.454631398346,0.830149073184616,0.21033906144376843
P_Q1,27,B,SPI6,772,0.0,387.56356291891905,0.0,0.7000061798004914,4421724435.108956,4421.724435108957,0.7388906678051731,0.3743195645212936
P_Q1,27,B,SPI6,774,-2.45713689343747,0.0,-0.8217477272672581,0.7229216326750536,559684631.0744364,559.6846310744364,0.5837335894972783,0.40954210694844706
P_Q1,27,B,SPI6,775,-1.6420464738358053e-06,1197.3581509918758,-0.000581785901302342,0.7000341396353711,5411409691.529098,5411.4096915290975,0.8163091044935423,0.25406482370939615
P_Q1,27,B,SPI6,776,-0.0013560035157499286,741.3496928152978,-7.100493590591333e-09,0.7000507006409683,4957933581.96533,4957.93358196533,0.7809798270893372,0.3318390436546056
P_Q1,27,B,SPI6,778,0.0,765.8245874517904,-4.572626492382707e-06,0.7000000080132107,4987296875.98712,4987.29687598712,0.7837193581670048,0.32756964457252635
P_Q1,27,B,SPI6,779,-3.878710375272029e-06,351.57359925680646,-2.0641002807247552e-05,0.7000061790850951,4347918977.307145,4347.918977307145,0.7322019425765823,0.3781976020208489
P_Q1,27,B,SPI6,780,-2.42023845601223,0.0,-0.7493957167286796,0.7612061568122444,525922793.8608304,525.9227938608304,0.5801046002775111,0.40954210694844706
P_Q1,27,B,SPI6,782,-0.0002205384402986857,0.0,-0.0354228664812144,0.7000010454966801,1175119930.6404104,1175.1199306404105,0.6620770626534316,0.40954210694844706
P_Q1,27,B,SPI6,783,-5.512175706649477e-05,2028.1633405496382,-0.00022050246551779464,0.7002006133002218,5972582643.086512,5972.582643086512,0.8482940192834526,0.16348240651794926
P_Q1,27,B,SPI6,785,-2.1272852780010564e-05,1914.297984463682,-0.0015173628100646846,0.7000263083148062,5907504656.629308,5907.504656629308,0.8454477532287332,0.1689614686732843
P_Q1,27,B,SPI6,786,0.0,588.7276310406714,-0.0004096098489977042,0.7000305171769986,4757444079.167733,4757.444079167733,0.7651118938342764,0.35218984594584973
P_Q1,27,B,SPI6,787,-3.123926912890566,0.0,-1.8682684762423714,0.7956325850439333,66751944.15263538,66.75194415263537,0.5342441384708435,0.40954210694844706
P_Q1,27,B,SPI6,788,-3.172602560470346e-05,0.0,-0.00991026230247749,0.7000300180263642,1188689087.9742932,1188.6890879742932,0.6642117621944709,0.40954210694844706
P_Q1,27,B,SPI6,789,-3.1238666370183136e-09,1853.7955250367324,-0.0004737914548438584,0.7000006152269839,5872376434.4093,5872.3764344093,0.8439178852243215,0.17251930124168358
P_Q1,27,B,SPI6,790,-0.0013332557088709058,120.24386160955135,-7.64766941019244e-09,0.7000515470615327,3641200806.0748625,3641.2008060748626,0.6889742768705305,0.39815704272956914
P_Q1,27,B,SPI6,791,-3.4301058434089526e-05,849.2380579421767,-0.0007439812340116455,0.7001454643945604,5080312988.106097,5080.312988106097,0.7919735297256912,0.3147614473262888
P_Q1,27,B,SPI6,792,0.0,1810.3508470825743,-4.541676032076391e-05,0.7000297160387567,5846215762.269201,5846.215762269201,0.8420322339630698,0.17582808553029497
P_Q1,27,B,SPI6,793,-2.2306240755747193e-08,22.827932834985933,-0.00010530739342390691,0.700000014511709,2847017193.6755514,2847.0171936755514,0.6691215711388622,0.40719393745330346
P_Q1,27,B,SPI6,794,-2.45713689343747,0.0,-0.07060302495307869,0.7229216326750536,1064743841.4606341,1064.743841460634,0.64905539545309,0.40954210694844706
P_Q1,27,B,SPI6,795,-0.33866178065972896,0.0,-0.40901187472778705,0.7062026411263853,886456888.2820369,886.4568882820369,0.6240082541715586,0.40954210694844706
P_Q1,27,B,SPI6,796,0.0,277.9785648762527,0.0,0.7,4177637493.535477,4177.637493535477,0.7189312270964529,0.38517095385491157
P_Q1,27,B,SPI6,797,-0.05347440572299117,0.0,-0.7626842131120053,0.7228001597003533,600972805.1954153,600.9728051954153,0.5885366634646174,0.40954210694844706
P_Q1,27,B,SPI6,798,-0.029978376027045117,0.0,-0.6602480508246881,0.7002893301492147,716096336.6248225,716.0963366248225,0.6012025474081191,0.40954210694844706
P_Q1,27,B,SPI12,0,-0.20898463252463806,0.0,-0.8680861856640494,0.7909150453640668,418484601.713627,418.484601713627,0.569715729177785,0.40954210694844706
P_Q1,27,B,SPI12,2,-3.3202530719991556,0.0,-0.637339758807741,0.7341466066128921,702924852.4452906,702.9248524452905,0.6028035720638988,0.40954210694844706
P_Q1,27,B,SPI12,3,-0.042426367577777,0.0,-0.14603825061645953,0.7322057312308892,1011614949.1946627,1011.6149491946627,0.6445013697655388,0.40954210694844706
P_Q1,27,B,SPI12,4,-3.237462823786163,0.0,-0.8676720992530259,0.8333042873172302,334105712.59210676,334.1057125921068,0.5598605329633187,0.40954210694844706
P_Q1,27,B,SPI12,6,-2.016958586848271e-08,494.80150329051827,0.0,0.7,4652780677.657018,4652.780677657018,0.7562173124132778,0.3631123919308357
P_Q1,27,B,SPI12,11,-3.6932582887080283,0.0,-1.353929605767141,0.7535862147823936,238203957.94084018,238.20395794084018,0.5507524815882163,0.40954210694844706
P_Q1,27,B,SPI12,12,0.0,684.4840014999058,-1.4145535152457658e-07,0.7,4926009568.679362,4926.009568679362,0.777421994520938,0.3394172270252962
P_Q1,27,B,SPI12,13,-2.963647205273441,0.0,-0.693410679056126,0.9279197701736398,179276485.58640254,179.27648558640254,0.5438502864055218,0.40954210694844706
P_Q1,27,B,SPI12,15,0.0,198.22069764292516,-2.896584814318822e-08,0.7000000136218967,3987310246.247862,3987.310246247862,0.7096452840929304,0.39097022094140244
P_Q1,27,B,SPI12,17,0.0,132.37849496926444,0.0,0.7,3736714407.1621814,3736.7144071621815,0.6972284484292169,0.3966627530508416
P_Q1,27,B,SPI12,18,0.0,1223.0040844095568,-0.0007620288971872989,0.7000001223172715,5470395566.44424,5470.395566444239,0.8164158394705944,0.2491550147650052
P_Q1,27,B,SPI12,20,-1.595791456966182e-05,1656.9646688144765,-2.9147940360867866e-06,0.7003090434109909,5785610088.769298,5785.610088769297,0.8377984132066743,0.18415341374034938
P_Q1,27,B,SPI12,21,-2.5511095552912235,0.0,-0.6095158070063607,0.700005005838656,817489914.6221163,817.4899146221163,0.617355107268652,0.40954210694844706
P_Q1,27,B,SPI12,25,0.0,1263.3598371755995,-0.017012131712439617,0.700000473384236,5489117209.95495,5489.11720995495,0.8185505390116341,0.24154125306863056
P_Q1,27,B,SPI12,26,-5.5841137605597215e-08,715.0443405992532,0.0,0.7000165632687894,4964363820.95964,4964.363820959639,0.7808019354609173,0.3346853097093251
P_Q1,27,B,SPI12,27,-0.002160575240074708,148.04978209075097,0.0,0.7,3803768256.0037546,3803.7682560037547,0.7002881844380404,0.39523962002348184
P_Q1,27,B,SPI12,29,0.0,339.8040668444341,0.0,0.7,4361693918.221168,4361.693918221167,0.7347280037001457,0.3784822286263208
P_Q1,27,B,SPI12,31,0.0,231.64418494010124,-1.7209622932311948e-09,0.7000015486634695,4090643600.023337,4090.643600023337,0.7159070694133134,0.38847973814352293
P_Q1,27,B,SPI12,33,-0.20794324418795673,0.0,-0.16748831461056551,0.7000051463191183,1120764228.6764333,1120.7642286764333,0.6581278685025082,0.40954210694844706
P_Q1,27,B,SPI12,35,-0.0010701546803231475,640.6694159104802,-0.013319615501236694,0.7,4857751373.842925,4857.751373842925,0.7724766072508628,0.3450741808090511
P_Q1,27,B,SPI12,36,-2.125036910671051,0.0,-0.1433088333946133,0.7000082830087584,1134949408.9348438,1134.9494089348439,0.6599779414380761,0.40954210694844706
P_Q1,27,B,SPI12,37,0.0,804.4529046067321,0.0,0.7000000015786292,5070189416.027465,5070.189416027465,0.7887359020884479,0.3214501725548796
P_Q1,27,B,SPI12,38,-3.522512753913101e-09,1102.682687682392,0.0,0.7000015479045752,5367938166.397667,5367.938166397667,0.8094424876365319,0.27075105845518915
P_Q1,27,B,SPI12,39,-0.0003011981566607738,830.3709605288982,-0.0027358524760299416,0.700000080223738,5097602758.092828,5097.602758092828,0.7908350233038035,0.3173586651012203
P_Q1,27,B,SPI12,40,-2.709175154771228,0.0,-0.6606592131785036,0.7459154032350788,655414607.7867643,655.4146077867642,0.596292738463728,0.40954210694844706
P_Q1,27,B,SPI12,41,0.0,215.94312238929493,0.0,0.7000296189434941,4043522843.500601,4043.5228435006006,0.7133454299640659,0.3896894012167787
P_Q1,27,B,SPI12,42,-3.420526508039212e-10,273.750601350416,-0.0031897869360766884,0.7,4203791607.085494,4203.791607085494,0.723414096132636,0.38485074892375565
P_Q1,27,B,SPI12,43,-2.692982545091885,0.0,-0.017346717917641863,0.7000066864216438,1219646602.9670827,1219.6466029670828,0.671185114028534,0.40954210694844706
P_Q1,27,B,SPI12,44,0.0,21.532630341181516,-0.0008831943003283771,0.7,2863200112.539648,2863.200112539648,0.6766997545095528,0.4074074074074074
P_Q1,27,B,SPI12,45,-3.1605084041550313,0.0,-0.8198823896706409,0.8694075900347579,275140683.28905934,275.1406832890593,0.553349699363148,0.40954210694844706
P_Q1,27,B,SPI12,46,-8.312267133807843e-06,413.3960821941647,-0.0010641859091113802,0.7000000019829122,4509521216.684224,4509.521216684224,0.7454726580567118,0.37122425018678623
P_Q1,27,B,SPI12,47,-0.0008477382861755388,319.93005774788145,-5.2701388345992095e-08,0.7000369086534357,4317229596.671531,4317.229596671531,0.7310278578290105,0.38001209663073254
P_Q1,27,B,SPI12,48,-0.013286869928903267,6.112405211447481,0.0,0.7000079278337918,2444534775.438846,2444.5347754388463,0.6737467534777813,0.4089016970861351
P_Q1,27,B,SPI12,51,-0.000518531287247612,1438.8316381008249,-2.8803907473242542e-05,0.7000233485775712,5636969935.928802,5636.9699359288015,0.8278364820151564,0.2120468210766002
P_Q1,27,B,SPI12,52,-1.258281156807248e-05,861.8244293935411,-0.0010050920625039007,0.7000003357211717,5132594805.831346,5132.594805831345,0.7936812893585229,0.3123421211797772
P_Q1,27,B,SPI12,53,0.0,98.66279241799509,-0.001244637155582882,0.7,3568075927.539926,3568.075927539926,0.6910378197602021,0.3997580673853488
P_Q1,27,B,SPI12,54,-2.125036910671051,0.0,-0.10561243567553574,0.7000082830087584,1162613904.7928565,1162.6139047928564,0.6632867257266873,0.40954210694844706
P_Q1,27,B,SPI12,55,0.0,2059.728078922607,-0.0010715088276755038,0.7000008222847108,6026958480.77837,6026.95848077837,0.8506421887785961,0.15626000640409868
P_Q1,27,B,SPI12,57,-0.0005184215032503969,1540.2888508965898,0.0,0.7006401690623315,5706122520.383513,5706.122520383514,0.8327462909595474,0.19859821396805066
P_Q1,27,B,SPI12,58,-0.000272862784176461,286.9180930259443,0.0,0.7000403465640935,4238766238.145875,4238.766238145875,0.7257622656277796,0.3834987725477639
P_Q1,27,B,SPI12,60,-3.1459267831284086,0.0,-0.39626480203745296,0.7002897983015047,975933758.950451,975.933758950451,0.6374924396057922,0.40954210694844706
P_Q1,27,B,SPI12,61,-0.0003301078267825743,53.52000742731184,0.0,0.7000259382435663,3254548465.581388,3254.548465581388,0.6829971181556197,0.404169779770164
P_Q1,27,B,SPI12,62,-0.0005326567765404162,658.0870683100181,-0.0011289881179203205,0.7000365298730932,4890952515.93556,4890.95251593556,0.7749670900487424,0.34290390294232753
P_Q1,27,B,SPI12,64,-3.330763287372845,0.0,-0.7483583560187616,0.7356478617186947,614762479.1118064,614.7624791118064,0.5919166044045967,0.40954210694844706
P_Q1,27,B,SPI12,65,-0.20151585446889908,0.0,-0.4333622153064294,0.7000050610184589,953168449.0463362,953.1684490463361,0.6347529085281247,0.40954210694844706
P_Q1,27,B,SPI12,68,-0.0010525759444560585,249.02893589854176,-0.001094663830730827,0.7000000957358042,4139233483.964506,4139.233483964506,0.7191802753762407,0.38670082185932336
P_Q1,27,B,SPI12,70,-0.0008085809935348292,1295.2301853890729,0.0,0.7004239505910567,5526964015.6913395,5526.964015691339,0.8208987085067778,0.23485252784003988
P_Q1,27,B,SPI12,71,0.0,355.6648722590742,-0.0001237493793747775,0.7,4395546499.165823,4395.546499165823,0.7370050165439213,0.37702351727327715
P_Q1,27,B,SPI12,73,-1.1588209570579366e-10,545.2148562530688,-2.681951971243951e-06,0.7000050375386968,4732262255.266668,4732.262255266668,0.7622656277795566,0.35706407656455685
P_Q1,27,B,SPI12,74,-2.8001544557167017,0.0,-0.6377594818911229,0.700001388137592,792554600.2313838,792.5546002313838,0.6134414914434126,0.40954210694844706
P_Q1,27,B,SPI12,75,0.0,523.7548120640312,-1.243901460268231e-08,0.7000212727939443,4699065825.607408,4699.0658256074075,0.7596328316789412,0.35941224605970035
P_Q1,27,B,SPI12,79,-1.935825883658835e-07,993.5991369250112,-0.0010022272132801878,0.7000066412215882,5266451508.182497,5266.451508182497,0.8023624008254172,0.28996335432454545
P_Q1,27,B,SPI12,80,-0.0005266526323060145,82.33610352033212,-0.0010951107298038305,0.7000003375950855,3470378351.347816,3470.378351347816,0.6876934571459067,0.40118120041270844
P_Q1,27,B,SPI12,81,0.0,301.60886634726114,-5.189138505303208e-06,0.7000152637631158,4274583655.942409,4274.583655942409,0.7282527484256591,0.38196890454335225
P_Q1,27,B,SPI12,82,0.0,114.92224167848326,-4.916037311578913e-06,0.700000147457906,3654462424.1575837,3654.462424157584,0.6937773508378695,0.39840609100935703
P_Q1,27,B,SPI12,85,-2.0131737156801797,0.0,-1.3952303532034231,0.7667711082707326,212693290.14790395,212.69329014790395,0.5482264204646529,0.40954210694844706
P_Q1,27,B,SPI12,86,0.0,1610.1647471101408,-0.0001237493793747775,0.7,5755934737.514881,5755.934737514881,0.8359839185967907,0.18963247589568438
P_Q1,27,B,SPI12,87,-0.0005350852406633287,398.6824169286253,-4.79457387283179e-06,0.700125863634319,4481729314.109354,4481.729314109354,0.7432312235386204,0.372469491585726
P_Q1,27,B,SPI12,88,0.0,1773.7513507655244,-4.916037311578913e-06,0.700000147457906,5861026077.133195,5861.026077133195,0.8416764507062298,0.17330202440673143
P_Q1,27,B,SPI12,90,-7.031849640672654e-08,35.095508457811036,-0.00010906760830604531,0.7000066458330938,3062891437.9982524,3062.8914379982525,0.6794037072615362,0.4060198527057317
P_Q1,27,B,SPI12,91,-0.0008406624726004538,1484.9067601383547,-1.0928155008413403e-08,0.7000371311102042,5669942104.7203,5669.9421047202995,0.8303269648130359,0.20589177073326925
P_Q1,27,B,SPI12,92,-0.002325682497523995,0.0,-0.5080783640721944,0.7114332040764372,862727439.5399796,862.7274395399796,0.6238659408688227,0.40954210694844706
P_Q1,27,B,SPI12,95,-8.312267133807843e-06,1384.5462150491294,-0.0010641859091113802,0.7000000759720453,5596403764.040716,5596.403764040716,0.8250613726118051,0.22040772761233857
P_Q1,27,B,SPI12,96,-2.755572191796974,0.0,-0.5190471821741776,0.7000122575912254,890468700.9884483,890.4687009884483,0.6272103034831181,0.40954210694844706
P_Q1,27,B,SPI12,98,-0.0009764798880907156,478.6511400914296,0.0,0.700037986487553,4625844268.058088,4625.844268058088,0.7540114562208705,0.36492688654071936
P_Q1,27,B,SPI12,99,-0.000839029015375684,434.52697445912736,-4.657739962951134e-09,0.7000000258661859,4549165246.11752,4549.16524611752,0.7488881773223753,0.36923186394848256
P_Q1,27,B,SPI12,100,-2.638383956531009e-05,960.9944664093332,-0.0010148143439796383,0.7000009921089434,5234650243.468986,5234.6502434689855,0.8004055929127977,0.2954424164798804
P_Q1,27,B,SPI12,102,-1.9727000174683567,0.0,-0.6541573208064833,0.716887344304813,736151158.8418548,736.1511588418548,0.606361404632298,0.40954210694844706
P_Q1,27,B,SPI12,103,-9.785930202962875e-08,573.9124719610945,-2.4541173737141963e-05,0.7000172738374218,4774985390.768525,4774.985390768526,0.765752303696588,0.3531148824136337
P_Q1,27,B,SPI12,105,0.0,158.09569639658537,0.0,0.7,3843948467.2006154,3843.9484672006156,0.7023517273277121,0.39445689685843394
P_Q1,27,B,SPI12,107,-1.4949446315058923,0.0,-0.8661260914323232,0.8744467519731765,252394921.336321,252.394921336321,0.5510015298680044,0.40954210694844706
P_Q1,27,B,SPI12,108,0.0,1899.3224875098228,0.0,0.7,5936534242.229991,5936.534242229991,0.8461948980680971,0.16383818977478923
P_Q1,27,B,SPI12,109,-0.5651641741574309,0.0,-0.74855041366191,0.7371182395387573,611343798.7142787,611.3437987142787,0.5914540861707048,0.40954210694844706
P_Q1,27,B,SPI12,110,-3.0540995309167025,0.0,-1.0642042020096718,0.7551218134379015,379079973.79008377,379.0799737900838,0.5644857153022379,0.40954210694844706
P_Q1,27,B,SPI12,111,0.0,320.93611568316254,0.0,0.7,4319673882.9289255,4319.673882928925,0.7312769061087984,0.37994093997936457
P_Q1,27,B,SPI12,112,-4.0,0.0,-0.9728087512793745,0.8038126343576001,346901269.7298554,346.9012697298554,0.5613904009677304,0.40954210694844706
P_Q1,27,B,SPI12,113,-2.02170274086584,0.0,-0.6886163628134138,0.7941220394317507,515596254.63881254,515.5962546388125,0.5807450101398229,0.40954210694844706
P_Q1,27,B,SPI12,114,0.0,35.27447409582851,0.0,0.7,3065195280.936334,3065.1952809363343,0.6794392855872203,0.4060198527057317
P_Q1,27,B,SPI12,117,0.0,1392.8714988249164,0.0,0.7,5603318337.785863,5603.318337785863,0.8256306258227489,0.21923364286476676
P_Q1,27,B,SPI12,118,-3.0079999585094703,0.0,-0.7131982113957803,0.7,731406312.585272,731.406312585272,0.6060411997011421,0.40954210694844706
P_Q1,27,B,SPI12,120,-3.564126087854051,0.0,-0.14073393928190148,0.7,1136619993.234325,1136.619993234325,0.660404881346284,0.40954210694844706
P_Q1,27,B,SPI12,122,0.0,270.62512862122696,0.0,0.7,4197665620.863966,4197.665620863966,0.7229871562244279,0.38502864055217567
P_Q1,27,B,SPI12,123,0.0,198.22577496673418,-0.0011939889748316603,0.7,3986611531.7047086,3986.611531704709,0.7095741274415625,0.39097022094140244
P_Q1,27,B,SPI12,124,0.0,418.09090022363443,0.0,0.7,4519011687.630255,4519.0116876302545,0.7462909595474436,0.3706905753015263
P_Q1,27,B,SPI12,125,-0.021927782462539236,69.40923992814058,-1.637792331705398e-06,0.7,3382611816.7471743,3382.611816747174,0.6857010709076031,0.40239086348596437
P_Q1,27,B,SPI12,126,-2.566808434392954,0.0,-0.6400238191709089,0.7,789812607.8532435,789.8126078532434,0.6126587682783646,0.40954210694844706
P_Q1,27,B,SPI12,127,-4.0,0.0,-0.05486034761737934,0.7,1197696837.4785779,1197.696837478578,0.6678051730885545,0.40954210694844706
P_Q1,27,B,SPI12,128,-2.239326042833436,0.0,-0.520240648876595,0.7,889615540.0345262,889.6155400345262,0.6271391468317501,0.40954210694844706
P_Q1,27,B,SPI12,129,-0.001337836146494787,600.585703252624,0.0,0.7,4813381524.5578165,4813.381524557816,0.7689187746824635,0.3498416764507062
P_Q1,27,B,SPI12,132,0.0,118.55920100895256,-0.0023398193530370813,0.7000052502371028,3670849996.5104923,3670.8499965104925,0.6941331340947093,0.3980503077525172
P_Q1,27,B,SPI12,133,-3.871731244388197,0.0,-0.5401697955299933,0.7,875208100.2756592,875.2081002756591,0.6248265556622905,0.40954210694844706
P_Q1,27,B,SPI12,134,0.0,84.23828758350271,0.0,0.7,3483198080.0332937,3483.1980800332935,0.6880136620770626,0.4010388871099725
P_Q1,27,B,SPI12,135,0.0,20.08958928622647,0.0,0.7,2837240090.366076,2837.240090366076,0.6765930195325007,0.40754972071014345
P_Q1,27,B,SPI12,136,-0.008519223713510327,55.51446291414959,0.0,0.7,3272193763.8166084,3272.193763816608,0.6834596363895116,0.403920731490376
P_Q1,27,B,SPI12,137,0.0,858.9601985820455,0.0,0.7,5130234799.538768,5130.234799538768,0.7935389760557869,0.3129825310420892
P_Q1,27,B,SPI12,138,0.0,1603.7627204817454,0.0,0.7,5751729567.215049,5751.7295672150485,0.8356992919913189,0.19048635571210018
P_Q1,27,B,SPI12,139,0.0,1344.992205989945,0.0,0.7000142948223919,5567157848.851563,5567.157848851563,0.8231045646991852,0.22716760949229722
P_Q1,27,B,SPI12,140,0.0,2056.443155274521,-0.002656940364938946,0.7,6024388147.06582,6024.38814706582,0.8505710321272282,0.15633116305546665
P_Q1,27,B,SPI12,141,0.0,679.0844403722405,0.0,0.7,4919082776.9577875,4919.082776957787,0.7770662112640979,0.34019995019034405
P_Q1,27,B,SPI12,142,0.0,213.14904061192715,0.0,0.7000032690714821,4034988140.3238964,4034.9881403238965,0.7127761767531219,0.38983171451951465
P_Q1,27,B,SPI12,143,0.0,97.27406498783108,0.0,0.7,3560984382.0507684,3560.9843820507685,0.690717614829046,0.39986480236240074
P_Q1,27,B,SPI12,144,0.0,1981.82214770013,-0.0012710244535770775,0.7000134634643618,5983331484.726661,5983.331484726661,0.8484719109118724,0.15949763404134204
P_Q1,27,B,SPI12,145,0.0,1435.1283429229752,0.0,0.7,5634377948.843153,5634.377948843153,0.8277297470381043,0.21268723093891204
P_Q1,27,B,SPI12,146,0.0,713.694859264984,-0.0006226203913355724,0.7,4962491777.983196,4962.491777983197,0.7806596221581814,0.3347920446863771
P_Q1,27,B,SPI12,147,-2.8327005221758688,0.0,-0.7220385506446776,0.8835769188516251,281382206.2067361,281.3822062067361,0.5539901092254599,0.40954210694844706
P_Q1,27,B,SPI12,149,0.0,376.29333156274606,0.0,0.7,4438104165.752142,4438.104165752142,0.7401714875297969,0.37428398619560965
P_Q1,27,B,SPI12,150,0.0,525.1663005814522,0.0,0.7,4701370600.127844,4701.370600127844,0.7599174582844133,0.35923435443128043
P_Q1,27,B,SPI12,151,0.0,1290.8922212224866,0.0,0.7,5525300388.865527,5525.300388865528,0.8207919735297259,0.23549293770235172
P_Q1,27,B,SPI12,152,-0.5780489859275528,0.0,-1.0389173564126057,0.7353151369685818,423853351.6183134,423.85335161831335,0.569751307503469,0.40954210694844706
P_Q1,27,B,SPI12,153,0.0,1263.0640881063418,-0.00418689659583067,0.7,5500570326.993006,5500.570326993005,0.8191909488739461,0.2416479880456825
P_Q1,27,B,SPI12,155,-1.9264400855332955,0.0,-1.0424504709014688,0.9552179056048519,71475056.2345204,71.47505623452041,0.5335681502828475,0.40954210694844706
P_Q1,27,B,SPI12,158,0.0,997.2933040797298,-0.004088947002124919,0.7,5268146810.916512,5268.146810916512,0.8025047141281532,0.28921620948518156
P_Q1,27,B,SPI12,159,-2.9054441907973136,0.0,-0.4325924813006072,0.700000079397327,953930254.2834325,953.9302542834325,0.6349308001565447,0.40954210694844706
P_Q1,27,B,SPI12,160,-4.0,0.0,-0.9486520503879338,0.7343439697480364,484429233.5009345,484.42923350093446,0.5770804425943715,0.40954210694844706
P_Q1,27,B,SPI12,161,-0.35652853327833256,0.0,-0.4597261867431492,0.7012568122277038,930308765.13817,930.30876513817,0.631764329170669,0.40954210694844706
P_Q1,27,B,SPI12,163,0.0,790.5158003482932,-0.020953477458860836,0.7,5037226133.542685,5037.226133542685,0.7863521542676203,0.32404739032981106
P_Q1,27,B,SPI12,164,0.0,179.17289053350947,0.0,0.7,3922319215.392783,3922.319215392783,0.7059095598961114,0.3927135588999182
P_Q1,27,B,SPI12,165,0.0,573.4902922305064,0.0,0.7,4774422669.984266,4774.422669984267,0.7657167253709041,0.3531860390650017
P_Q1,27,B,SPI12,166,-2.583792646302617,0.0,-0.6456438602369575,0.7510677092879837,652219743.2916915,652.2197432916915,0.595830220229836,0.40954210694844706
P_Q1,27,B,SPI12,167,-0.044788357039998505,186.42998772944713,0.0,0.7,3947651551.5115485,3947.6515515115484,0.7064432347813709,0.3926068239228662
P_Q1,27,B,SPI12,168,-3.323537203332297,0.0,-0.18983737959911134,0.700046874338987,1106186656.1314847,1106.1866561314848,0.6560999039385206,0.40954210694844706
P_Q1,27,B,SPI12,173,0.0,335.9061018173573,-0.00012135865649798294,0.700003969444558,4353056657.682847,4353.056657682847,0.73405201551215,0.37883801188316085
P_Q1,27,B,SPI12,174,0.0,286.47158798381014,0.0,0.7,4237826024.2465363,4237.826024246537,0.7257266873020956,0.3834987725477639
P_Q1,27,B,SPI12,175,0.0,143.97834526912098,0.0,0.7,3786897448.347541,3786.897448347541,0.6996477745757284,0.3955598249546377
P_Q1,27,B,SPI12,178,-2.6021533508129013,0.0,-0.1632941727762685,0.700000051958865,1122596867.115772,1122.596867115772,0.6583413384566121,0.40954210694844706
P_Q1,27,B,SPI12,180,-0.0024203180019037856,131.70921822790365,0.0,0.7,3733721206.0498586,3733.7212060498587,0.6970861351264809,0.3966627530508416
P_Q1,27,B,SPI12,181,0.0,1827.1476234668544,0.0,0.7,5893590929.932231,5893.590929932231,0.8436332586188493,0.1687835770448643
P_Q1,27,B,SPI12,182,0.0,926.7875287836931,0.0,0.7,5201176609.427208,5201.176609427208,0.797950688440602,0.3020244067314193
P_Q1,27,B,SPI12,183,0.0,1106.5886174890816,0.0,0.7,5371409953.927941,5371.409953927941,0.8097271142420036,0.2702173835699292
P_Q1,27,B,SPI12,184,-9.619522540862447e-05,434.56429871884586,-1.2151270850779594e-07,0.7,4549232813.178382,4549.232813178382,0.7489237556480594,0.36923186394848256
P_Q1,27,B,SPI12,185,-3.9954220647215863,0.0,-0.6240099571423309,0.8039428145646766,526891527.32196563,526.8915273219657,0.5831999146120183,0.40954210694844706
P_Q1,27,B,SPI12,186,-3.764368837826435,0.0,-0.6456438602369575,0.7328505382926153,699940149.0963258,699.9401490963257,0.6017006439676948,0.40954210694844706
P_Q1,27,B,SPI12,187,-7.280943751459919e-06,1713.0495696315575,0.0,0.7001630517709901,5822269871.216929,5822.2698712169295,0.8396484861422421,0.17849645995659447
P_Q1,27,B,SPI12,188,0.0,393.7627393483504,0.0,0.7000441916548168,4472536433.257189,4472.536433257189,0.7429110186074643,0.3727185398655139
P_Q1,27,B,SPI12,189,-0.0005018747190334699,1142.2096495820495,0.0,0.7000000000346782,5402581311.547561,5402.58131154756,0.8117550788059915,0.2641690682036503
P_Q1,27,B,SPI12,190,0.0,1539.3544536175566,-0.0011939889748316603,0.7,5707406068.851782,5707.406068851782,0.8327818692852316,0.19874052727078664
P_Q1,27,B,SPI12,191,-2.02170274086584,0.0,-0.6886163628134138,0.9510714456557928,122638069.83409178,122.63806983409178,0.5388337424840788,0.40954210694844706
P_Q1,27,B,SPI12,193,0.0,473.55398844088995,0.0,0.7,4617410720.115401,4617.410720115401,0.7535489379869783,0.36549613975166323
P_Q1,27,B,SPI12,196,-3.9375560512901524,0.0,-0.2801756718389645,0.7000000819953853,1053435023.602391,1053.435023602391,0.6483438289394101,0.40954210694844706
P_Q1,27,B,SPI12,197,-0.031558798956317524,0.0,-0.3974342990941174,0.7000004421948809,976009662.1095395,976.0096621095395,0.6376347529085281,0.40954210694844706
P_Q1,27,B,SPI12,199,-4.0,0.0,-2.540891246948595,0.7608955571084999,14244467.742980704,14.244467742980703,0.5289785462696125,0.40954210694844706
P_Q1,27,B,SPI12,200,0.0,495.37481656337684,-0.00129685529663669,0.7,4653003774.943511,4653.003774943511,0.7563596257160138,0.3630412352794678
P_Q1,27,B,SPI12,201,-4.0,0.0,-0.5742414283180284,0.7,846180142.1009526,846.1801421009526,0.6210552531397874,0.40954210694844706
P_Q1,27,B,SPI12,202,0.0,746.4638211189842,-0.003781646491967494,0.7,5000345342.8944435,5000.345342894443,0.7833279965844809,0.33062938058134994
P_Q1,27,B,SPI12,206,0.0,235.56289391668574,-0.001122835311690966,0.7,4101289227.8134313,4101.289227813431,0.7163695876472053,0.388195111538051
P_Q1,27,B,SPI12,207,-1.4949446315058923,0.0,-0.902382747812229,0.8828639255682418,226286155.8723967,226.2861558723967,0.5486533603728608,0.40954210694844706
P_Q1,27,B,SPI12,209,0.0,1178.5304795247807,-0.0006514481978391812,0.7,5433368672.506687,5433.368672506687,0.813605151741559,0.2575159213007436
P_Q1,27,B,SPI12,210,0.0,1769.8665536479784,0.0,0.7,5858623073.379205,5858.6230733792045,0.8415697157291778,0.1736222293378874
P_Q1,27,B,SPI12,213,-1.664929325007968,0.0,-0.23572744176036603,0.7003350313269353,1079382215.9498532,1079.3822159498532,0.6515814565766535,0.40954210694844706
P_Q1,27,B,SPI12,215,-0.1641888975287192,0.0,-1.0717971161369466,0.8684039440922059,201718394.11705813,201.71839411705812,0.5449176361760416,0.40954210694844706
P_Q1,27,B,SPI12,216,-0.19807672628080317,0.0,-0.7066976623037252,0.813857485013596,456887001.5309128,456.8870015309128,0.5743764898423881,0.40954210694844706
P_Q1,27,B,SPI12,217,0.0,286.92874191024544,0.0,0.700003241922775,4238945892.9126496,4238.9458929126495,0.7257978439534635,0.3834987725477639
P_Q1,27,B,SPI12,218,-0.1317162934037251,0.0,-0.6594771505401357,0.7114768836519626,745109604.4746462,745.1096044746462,0.6072152844487138,0.40954210694844706
P_Q1,27,B,SPI12,219,-5.835909456158773e-07,376.124018930923,0.0,0.7000000919260227,4437758871.128349,4437.75887112835,0.7401359092041129,0.37428398619560965
P_Q1,27,B,SPI12,221,-0.1317454333179528,0.0,-0.6621055941942224,0.8822384689917545,303227940.96623623,303.22794096623625,0.5561959654178673,0.40954210694844706
P_Q1,27,B,SPI12,222,-0.6732520466728719,0.0,-0.6384470440501465,0.7003920965522842,790960005.7266563,790.9600057266563,0.6129433948838368,0.40954210694844706
P_Q1,27,B,SPI12,224,-8.022216456186572e-07,1219.9200521737916,-0.0009196446119035428,0.7,5467645668.415308,5467.645668415308,0.8162735261678583,0.24986658127868508
P_Q1,27,B,SPI12,227,-0.18764510529585532,0.0,-0.5723708102030096,0.7935377236799893,583933012.6861038,583.9330126861038,0.590386736400185,0.40954210694844706
P_Q1,27,B,SPI12,228,-0.000532031798601604,864.7281763920203,-1.3469135516355518e-05,0.7000146075232627,5136363765.915248,5136.363765915248,0.7938591809869429,0.31205749457430526
P_Q1,27,B,SPI12,229,-0.000508686930148597,1292.7919778331432,-5.350685534578885e-05,0.7000529718680585,5526577841.990531,5526.577841990531,0.8208275518554097,0.23520831109687979
P_Q1,27,B,SPI12,230,-0.21126920992754783,0.0,-0.7549745503509601,0.7018508463959662,688165171.8593642,688.1651718593641,0.600846764151279,0.40954210694844706
P_Q1,27,B,SPI12,231,-2.1019153511204296,0.0,-1.3026909839580136,0.9071891118730145,97652311.84783581,97.6523118478358,0.5350980182872594,0.40954210694844706
P_Q1,27,B,SPI12,232,0.0,1184.2346048303405,-0.003020318775710124,0.7,5436982172.094177,5436.982172094177,0.8139965133240828,0.25623510157611984
P_Q1,27,B,SPI12,233,-1.9876901373919837e-05,742.463972567781,0.0,0.7000016244592796,4997806110.3265,4997.8061103265,0.7831501049560609,0.3313409470950297
P_Q1,27,B,SPI12,235,-6.904756856369326e-07,1484.1476978882126,-0.0006606371788402678,0.700011849881523,5669223440.888508,5669.223440888508,0.8302913864873519,0.2060340840360053
P_Q1,27,B,SPI12,236,-4.0,0.0,-0.8274449990107875,0.9775138322421626,47193210.38056531,47.19321038056531,0.5319671256270679,0.40954210694844706
P_Q1,27,B,SPI12,240,0.0,68.96999732965975,0.0,0.7000108053143913,3379350286.0623136,3379.3502860623134,0.6855943359305512,0.40231970683459645
P_Q1,27,B,SPI12,241,-3.7566258597796343,0.0,-0.12464523324103642,0.7065299309637116,1124249190.5716999,1124.2491905717,0.6585548084107162,0.40954210694844706
P_Q1,27,B,SPI12,247,-8.126571546338696e-08,213.71434106618517,-1.0181774609226584e-07,0.7000000838552688,4036755774.776354,4036.755774776354,0.7129540683815419,0.3897961361938307
P_Q1,27,B,SPI12,248,-7.71945530936638e-07,6.007784008912978,0.0,0.7000000222117383,2439643158.562246,2439.643158562246,0.6737111751520973,0.4089016970861351
P_Q1,27,B,SPI12,249,-0.1641888975287192,0.0,-1.0717971161369466,0.898461216817832,155675489.57656214,155.67548957656214,0.5408972853737503,0.40954210694844706
P_Q1,27,B,SPI12,251,-6.008539425833936e-08,774.4029095378072,-0.0007040441487862566,0.7,5035396709.386501,5035.396709386501,0.7856761660796243,0.32628882484790267
P_Q1,27,B,SPI12,253,-3.877123528173238,0.0,-0.7008864357318739,0.7515851297627375,613086543.3527888,613.0865433527888,0.5917387127761767,0.40954210694844706
P_Q1,27,B,SPI12,254,-0.0005445384881807955,1097.7957298547365,0.0,0.7000002950823703,5363587479.7084875,5363.587479708487,0.8093001743337959,0.2716760949229729
P_Q1,27,B,SPI12,255,0.0,249.32003421689603,-0.000725238162625002,0.7000233292706886,4140370477.220945,4140.370477220945,0.7192514320276089,0.38670082185932336
P_Q1,27,B,SPI12,256,0.0,658.3975848799706,-0.0004985189719495763,0.7000056891711137,4891919188.28216,4891.91918828216,0.7751094033514783,0.3428683246166435
P_Q1,27,B,SPI12,258,-0.8049120892658639,0.0,-0.5372293091189755,0.7015539801402522,872359160.5392318,872.3591605392318,0.6245419290568185,0.40954210694844706
P_Q1,27,B,SPI12,259,-4.522016433138745e-06,548.5822120440567,-5.0221253677320924e-08,0.700114560500355,4736910541.620158,4736.910541620158,0.7626925676877646,0.356708293307717
P_Q1,27,B,SPI12,261,-1.688530169155337e-05,826.887366697789,0.0,0.7000008665326141,5095270312.906394,5095.270312906394,0.7904080833955954,0.3178567616607962
P_Q1,27,B,SPI12,263,0.0,454.00954249289833,-0.0009148841381204201,0.7,4583296334.9664135,4583.296334966413,0.7512007684918349,0.367417369338599
P_Q1,27,B,SPI12,265,-8.076995147391508e-05,496.1192993678979,-0.0002878806385028845,0.700000023293035,4654857872.852958,4654.857872852957,0.7565375173444339,0.3630056569537838
P_Q1,27,B,SPI12,266,-6.437605919246173e-07,415.49841338425733,-9.939554747148986e-05,0.7000103753290475,4514049908.660631,4514.049908660631,0.7460063329419717,0.37097520190699823
P_Q1,27,B,SPI12,268,-6.518970498224591e-07,321.44793137803856,-0.0005093768717985615,0.7000004402402585,4320550263.505103,4320.550263505103,0.7313124844344825,0.3799053616536806
P_Q1,27,B,SPI12,273,-4.792377959068313e-09,523.1596371945,-0.00045354728216326357,0.7000134144653722,4697879102.229731,4697.879102229731,0.7595972533532575,0.3594834027110683
P_Q1,27,B,SPI12,274,-1.891510564439105e-06,574.2882067628616,-0.00014239984243543205,0.7000034357047167,4775513420.79956,4775.51342079956,0.7658234603479559,0.3530793040879497
P_Q1,27,B,SPI12,276,-0.18636054288476817,96.46209429489954,-0.0006908783622636156,0.7000147740246808,3555978109.4699306,3555.9781094699306,0.6890454335218984,0.4008254171558686
P_Q1,27,B,SPI12,277,-5.8279926442769345e-05,355.15777096051124,-0.0007384799010521192,0.700002981583503,4394259983.093832,4394.259983093832,0.7369338598925533,0.3770590955989611
P_Q1,27,B,SPI12,278,0.0,1142.2939865643762,-0.004278958041549616,0.7000033230150124,5400049129.615277,5400.049129615278,0.8116839221546235,0.26413348987796637
P_Q1,27,B,SPI12,281,-0.00020548714062140067,82.53385727908721,-0.0007172505244470176,0.7000247629872774,3471975445.9398303,3471.9754459398305,0.6877646137972746,0.40118120041270844
P_Q1,27,B,SPI12,284,-0.00011231468363859243,0.0,-0.0520963005809498,0.7001049566957369,1199077090.929408,1199.077090929408,0.6679119080656064,0.40954210694844706
P_Q1,27,B,SPI12,285,-1.7852910448017654,0.0,-0.4327354723555855,0.7000794668345065,953677856.1923646,953.6778561923646,0.6348596435051767,0.40954210694844706
P_Q1,27,B,SPI12,287,-7.71945530936638e-07,1654.029071781772,0.0,0.7000000654248608,5784950574.4718275,5784.950574471827,0.8377272565553063,0.1843668836944533
P_Q1,27,B,SPI12,290,0.0,1264.6434188999604,0.0,0.7000051971032683,5504415121.296111,5504.4151212961115,0.8193332621766819,0.24136336144021064
P_Q1,27,B,SPI12,291,0.0,1897.921858189246,-7.149087222702699e-06,0.7000000871661741,5935712702.754663,5935.712702754663,0.846159319742413,0.16383818977478923
P_Q1,27,B,SPI12,292,-0.02783539582855199,54.927966197721,-0.0011880437495617319,0.700318892576263,3265051758.088804,3265.0517580888036,0.6830682748069875,0.404027466467428
P_Q1,27,B,SPI12,293,-2.565679197860673,0.0,-0.9795653210977897,0.8364008711439938,287574308.6327677,287.57430863276767,0.5542747358309318,0.40954210694844706
P_Q1,27,B,SPI12,294,-0.0005238927916232092,1390.145241597192,-7.162255522871752e-06,0.700000974386264,5601286896.336675,5601.2868963366745,0.825417155868645,0.21958942612160667
P_Q1,27,B,SPI12,296,0.0,1028.4449277574827,-6.623541900835814e-07,0.7000117671591771,5300166214.376454,5300.166214376454,0.804817305297613,0.2831678941189028
P_Q1,27,B,SPI12,297,0.0,962.1741677310574,0.0,0.7000003962494703,5236531703.649226,5236.531703649226,0.8004767495641656,0.2950154765716725
P_Q1,27,B,SPI12,298,-4.050537624258843e-06,233.99782911167335,-0.0005588656095938327,0.7000199342721213,4097119659.248736,4097.119659248736,0.7162272743444693,0.38830184651510297
P_Q1,27,B,SPI12,300,0.0,1437.4471705621665,-0.004109192979407622,0.7000000523316889,5633469223.349974,5633.469223349974,0.8276585903867364,0.2123314476820721
P_Q1,27,B,SPI12,301,-0.15355347786332763,0.0,-0.1311581734636184,0.7002136455158235,1143874468.5201044,1143.8744685201043,0.6609741345572279,0.40954210694844706
P_Q1,27,B,SPI12,302,-3.5739006540010883e-06,302.07723789200526,-0.0006926610721119567,0.7000015005681155,4275471634.563065,4275.471634563065,0.7283594834027112,0.3818977478919842
P_Q1,27,B,SPI12,303,-0.2178417201321543,0.0,-0.6922288889118846,0.7367691844661732,655652700.5527105,655.6527005527105,0.5964350517664639,0.40954210694844706
P_Q1,27,B,SPI12,304,-3.4428168098295025e-06,606.5113895028223,-0.009528368798406418,0.7000600980696237,4814428887.15478,4814.428887154781,0.7690255096595154,0.3490945316113423
P_Q1,27,B,SPI12,305,-1.3084855865008396,0.0,-1.1993618992155795,0.7071209260354027,371490647.6172519,371.49064761725185,0.5634539438574021,0.40954210694844706
P_Q1,27,B,SPI12,306,-0.16391900407997448,0.0,-0.07036598139627065,0.7013878160386632,1181509659.454028,1181.509659454028,0.6651012203365709,0.40954210694844706
P_Q1,27,B,SPI12,308,-0.022571642289465517,0.0,-0.6821753921427528,0.9011538016938665,249157381.7806925,249.15738178069248,0.5507880599139005,0.40954210694844706
P_Q1,27,B,SPI12,310,0.0,178.40722052334485,0.0,0.700000325551568,3919596070.347019,3919.596070347019,0.7058028249190593,0.3927491372256022
P_Q1,27,B,SPI12,311,-6.904756856369326e-07,1605.4806206154367,-0.0026111409856969282,0.700011849881523,5751348389.746124,5751.348389746125,0.835734870317003,0.19030846408368024
P_Q1,27,B,SPI12,312,-0.0004484913753789345,1062.1975256516594,-0.0007022495866009781,0.7000173324741472,5331097432.7047,5331.097432704701,0.8068452698616002,0.27765325363788385
P_Q1,27,B,SPI12,313,-4.050537624258843e-06,1982.2651029598242,-0.0005588656095938327,0.7000044070928028,5984057148.114259,5984.057148114259,0.8485074892375564,0.15949763404134204
P_Q1,27,B,SPI12,314,-0.035517854768780444,0.0,-0.4945607235001545,0.7000553599657806,905112160.1504209,905.1121601504209,0.6292382680471057,0.40954210694844706
P_Q1,27,B,SPI12,315,-1.891510564439105e-06,992.9448613678585,-0.00014780054392955072,0.7000207673671076,5266400727.243697,5266.4007272436975,0.8023268224997332,0.2900700893015975
P_Q1,27,B,SPI12,321,-0.9275292493472544,0.0,-1.1244595584862904,0.9506088107750008,70409016.4182675,70.4090164182675,0.5334969936314797,0.40954210694844706
P_Q1,27,B,SPI12,322,-3.864441426632341,0.0,-0.8382023449736585,0.8797110996440487,249516257.63194975,249.51625763194974,0.5508236382395846,0.40954210694844706
P_Q1,27,B,SPI12,323,0.0,415.1469209812999,-0.0003637465259479142,0.7,4513228008.469933,4513.228008469932,0.7459351762906038,0.37104635855836615
P_Q1,27,B,SPI12,324,-0.19199828319538348,0.0,-0.911172678906278,0.8888855969183821,212666095.14607924,212.66609514607924,0.547159070694133,0.40954210694844706
P_Q1,27,B,SPI12,326,-1.714070402576819,0.0,-0.7334737173033847,0.8610671492672048,330126031.75814337,330.12603175814337,0.5593980147294269,0.40954210694844706
P_Q1,27,B,SPI12,329,-0.0012572410436897663,319.58045355601973,-0.00026195327871933634,0.7000000414556817,4316511157.950682,4316.511157950682,0.7309922795033266,0.38001209663073254
P_Q1,27,B,SPI12,330,-1.9690806663168003,0.0,-0.5179428136443296,0.7001009353122358,891315890.205393,891.315890205393,0.62731703846017,0.40954210694844706
P_Q1,27,B,SPI12,331,-6.9776223186098e-08,959.3041874657763,0.0,0.7000197741913908,5233618227.513979,5233.618227513979,0.8003344362614295,0.2959049347137723
P_Q1,27,B,SPI12,332,-0.00015070052128790534,1030.9877538245516,0.0,0.7000151051202887,5302532562.748651,5302.532562748651,0.8048528836232968,0.28284768918774683
P_Q1,27,B,SPI12,333,0.0,0.0,-0.1516553739539098,0.7000581687807859,1129550464.7158148,1129.5504647158148,0.6591596399473441,0.40954210694844706
P_Q1,27,B,SPI12,335,0.0,116.60373276812058,-0.00028898221600423486,0.7000000105145655,3662707783.124542,3662.7077831245424,0.6939908207919735,0.39826377770662114
P_Q1,27,B,SPI12,337,-1.2803231983588361,0.0,-0.5009449450751855,0.7130184560434017,862069591.7081555,862.0695917081555,0.6237236275660868,0.40954210694844706
P_Q1,27,B,SPI12,338,-1.222589639509194e-05,198.60394936748688,0.0,0.7000055700137655,3988544966.547704,3988.544966547704,0.7097164407442984,0.3909346426157185
P_Q1,27,B,SPI12,339,-3.902935107400913e-06,271.4485948371747,0.0,0.7000165190559464,4199721628.4625325,4199.721628462533,0.7230938912014798,0.3849574839008077
P_Q1,27,B,SPI12,340,-2.818830829234246e-06,714.6582241285388,-0.000548553290088161,0.7000000026609254,4963684387.165757,4963.6843871657575,0.7807663571352333,0.3347208880350091
P_Q1,27,B,SPI12,341,-0.00015070052128790534,992.5554299458458,-7.604852926649397e-05,0.7000013167021483,5266106205.984178,5266.106205984178,0.8022912441740492,0.2901412459529655
P_Q1,27,B,SPI12,342,-0.21658615429817196,0.0,-0.23728184730824287,0.7000182218550802,1079406099.391769,1079.406099391769,0.6517593482050735,0.40954210694844706
P_Q1,27,B,SPI12,343,0.0,37.10834337980242,-2.6463829051081076e-06,0.7,3087244389.5616918,3087.2443895616916,0.6797950688440603,0.4059131177286797
P_Q1,27,B,SPI12,346,-2.496710552069624e-07,1533.5675309151366,0.0,0.7000002032906145,5704127033.046831,5704.1270330468315,0.8326395559824955,0.19938093713309854
P_Q1,27,B,SPI12,347,-0.8078046610314029,0.0,-0.6490998756680748,0.7054919644094839,769135403.4558892,769.1354034558892,0.6101682854804852,0.40954210694844706
P_Q1,27,B,SPI12,348,-6.286928079983152e-06,546.4697454554441,0.0,0.7000115994047486,4734136673.760419,4734.1366737604185,0.7624079410822928,0.35685060661045287
P_Q1,27,B,SPI12,350,-2.5677628831946895,0.0,-0.9413241505556958,0.8419602934349844,292466439.8158272,292.4664398158272,0.5551641939730316,0.40954210694844706
P_Q1,27,B,SPI12,356,-0.8078046610314029,0.0,-0.644531155455201,0.7346280747872377,695841504.0856901,695.8415040856902,0.601095812431067,0.40954210694844706
P_Q1,27,B,SPI12,357,-0.0004854988915655306,1985.601371220686,0.0,0.7,5986256250.55064,5986.25625055064,0.8485786458889244,0.15928416408723803
P_Q1,27,B,SPI12,358,-1.3264548005613583,0.0,-0.6086660813081007,0.797039699903,553811758.6968355,553.8117586968356,0.5867221688547338,0.40954210694844706
P_Q1,27,B,SPI12,364,0.0,1140.0909999203345,0.0,0.7000399493242008,5400578210.305408,5400.578210305407,0.8114704522005195,0.26466716476322627
P_Q1,27,B,SPI12,365,0.0,213.47602445480322,0.0,0.700009124913439,4035979085.839942,4035.979085839942,0.7129184900558578,0.3897961361938307
P_Q1,27,B,SPI12,367,-0.0012465521153078398,53.17588188321531,-7.246195483274999e-05,0.7000053919947362,3251478743.5567727,3251.4787435567728,0.6829259615042517,0.404169779770164
P_Q1,27,B,SPI12,372,-1.3224305577408948,0.0,-0.6332652883140673,0.8388167429433873,428674106.66313976,428.67410666313975,0.5712811755078806,0.40954210694844706
P_Q1,27,B,SPI12,373,0.0,0.0,-0.20185273671427995,0.7,1100169113.185947,1100.169113185947,0.6551748674707367,0.40954210694844706
P_Q1,27,B,SPI12,375,0.0,657.5964588792849,0.0,0.7,4891172483.984657,4891.172483984657,0.7750382467001103,0.34293948126801155
P_Q1,27,B,SPI12,377,-1.3676653958490366,0.0,-0.5737586645900072,0.7007263756201263,844520999.5387801,844.5209995387801,0.6208417831856834,0.40954210694844706
P_Q1,27,B,SPI12,379,-0.0528343311233086,0.0,-0.01817770884841166,0.7,1218709350.1882672,1218.7093501882673,0.670864909097378,0.40954210694844706
P_Q1,27,B,SPI12,380,-2.5391640984031647,0.0,-0.6482273129716726,0.8072936293701388,503614255.4853581,503.6142554853581,0.5793930337638312,0.40954210694844706
P_Q1,27,B,SPI12,382,-3.864441426632341,0.0,-0.8382023449736585,0.7003999429801898,621262499.6930671,621.2624996930671,0.5930195325008006,0.40954210694844706
P_Q1,27,B,SPI12,384,-1.7535716629161576e-09,1178.329383132998,0.0,0.7000063123269586,5433458480.54204,5433.45848054204,0.813605151741559,0.25758707795211155
P_Q1,27,B,SPI12,385,0.0,527.5526161217313,-0.00034986221682713995,0.7,4704811965.321917,4704.811965321916,0.7600953499128332,0.35916319777991246
P_Q1,27,B,SPI12,386,-2.3632000194783732e-09,158.85913268141132,-0.00038161627847764767,0.7000154458301158,3846572412.823944,3846.572412823944,0.70242288397908,0.3942790052300139
P_Q1,27,B,SPI12,387,-6.758272825612889e-08,337.40614546282586,-2.4714941659886305e-06,0.7000044478534011,4356426574.50525,4356.42657450525,0.734265485466254,0.37866012025474083
P_Q1,27,B,SPI12,388,-1.3259153425041372,0.0,-0.6332652883140673,0.8209682260116854,476128154.2099712,476.12815420997117,0.5766890810118476,0.40954210694844706
P_Q1,27,B,SPI12,393,0.0,96.87334759706783,-4.200120043955938e-05,0.7000151912132162,3558653271.9847546,3558.6532719847546,0.690682036503362,0.39990038068808476
P_Q1,27,B,SPI12,394,0.0,746.4640242766498,-0.0005755779722321273,0.7000011570860193,5002334790.989018,5002.334790989018,0.7834703098872168,0.33062938058134994
P_Q1,27,B,SPI12,395,-0.9333574619270428,0.0,-1.090735277143286,0.7137377390714518,425383903.5191353,425.3839035191353,0.5702138257373609,0.40954210694844706
P_Q1,27,B,SPI12,399,0.0,394.5494319395299,0.0,0.700005772999511,4474225789.762208,4474.225789762208,0.7430177535845163,0.3726473832141459
P_Q1,27,B,SPI12,400,-4.127351034324609e-06,232.88513356513386,0.0,0.700014656098709,4094221444.8289986,4094.2214448289988,0.7161205393674173,0.3884085814921549
P_Q1,27,B,SPI12,403,-1.2760483544753662,0.0,-0.49143953887625624,0.7000089364393441,907853704.4169786,907.8537044169786,0.6296652079553136,0.40954210694844706
P_Q1,27,B,SPI12,404,0.0,604.0654974585367,-0.003810482152532406,0.7000175517030627,4815933459.04632,4815.9334590463195,0.7693101362649875,0.34927242323976226
P_Q1,27,B,SPI12,405,0.0,286.344693249581,-6.859523195918484e-07,0.7000056014370495,4237488075.7407703,4237.48807574077,0.7256911089764116,0.3834987725477639
P_Q1,27,B,SPI12,406,-1.1466402703360907e-06,1711.0621473768801,-0.00038274344410036846,0.7001559351471002,5820745350.208974,5820.745350208974,0.8395773294908742,0.17860319493364646
P_Q1,27,B,SPI12,407,-0.00048560738943783624,1605.3660452625913,-4.1118327602505435e-06,0.7000000427677259,5752799450.695971,5752.79945069597,0.8357704486426868,0.19030846408368024
P_Q1,27,B,SPI12,408,-0.19203790661661807,0.0,-0.6355820318216706,0.7003752298687816,793555030.1550223,793.5550301550222,0.6137616963745686,0.40954210694844706
P_Q1,27,B,SPI12,409,-1.898291905127358e-07,1226.3422387280307,-0.0009745116272433633,0.7000006308581664,5472902560.044369,5472.902560044368,0.8168072010531183,0.24858576155406129
P_Q1,27,B,SPI12,411,-6.321398154513153e-05,20.410650423440284,0.0,0.7000245181010569,2843152372.782864,2843.152372782864,0.6766285978581847,0.40751414238445943
P_Q1,27,B,SPI12,413,-0.00015284100830956302,1654.6309770982534,-3.2966320978639903e-06,0.7000005379207509,5785340952.295249,5785.340952295249,0.8377628348809902,0.18433130536876932
P_Q1,27,B,SPI12,414,-1.8325443896075115,0.0,-0.07073649923008613,0.7006496249321116,1184430105.2558446,1184.4301052558446,0.6655993168961468,0.40954210694844706
P_Q1,27,B,SPI12,418,0.0,1900.0816764961469,-0.0009778832405661912,0.7001527602936259,5935835555.471375,5935.835555471375,0.8461948980680971,0.1637314547977372
P_Q1,27,B,SPI12,419,-1.8698717875979103,0.0,-0.27483562600378414,0.7005738207240679,1053935499.8933496,1053.9354998933497,0.6483794072650942,0.40954210694844706
P_Q1,27,B,SPI12,421,-2.9959057734888157,0.0,-0.843358082133683,0.8401477494314963,330372583.67030305,330.3725836703031,0.5596470630092147,0.40954210694844706
P_Q1,27,B,SPI12,422,-2.9769523333358814,0.0,-1.006002707606071,0.9410181312947394,99692746.654203,99.69274665420299,0.5363788380118831,0.40954210694844706
P_Q1,27,B,SPI12,423,-1.8571155392232153,0.0,-0.6837800114713185,0.8401477494314963,402032222.56050724,402.03222256050725,0.5677944995908493,0.40954210694844706
P_Q1,27,B,SPI12,424,-0.01764308550473248,6.283340910891525,0.0,0.7,2452476085.641319,2452.4760856413186,0.6737823318034653,0.40886611876045115
P_Q1,27,B,SPI12,425,-2.8185325706784163,0.0,-0.7619029934954387,0.8459255005116458,351861573.3407193,351.8615733407193,0.5617106058988866,0.40954210694844706
P_Q1,27,B,SPI12,427,-0.0008841378115041472,336.3286813567382,0.0,0.7,4354079605.177132,4354.079605177131,0.734123172163518,0.3787668552317928
P_Q1,27,B,SPI12,428,-2.894691484123801,0.0,-0.9018819328226756,0.868567894204894,253962547.50379238,253.96254750379236,0.5513573131248444,0.40954210694844706
P_Q1,27,B,SPI12,431,-2.691998468407429,0.0,-2.225860246975408,0.7179901545571772,43366135.68601268,43.366135686012676,0.53154018571886,0.40954210694844706
P_Q1,27,B,SPI12,432,0.0,231.83810444632945,0.0,0.7000339451195637,4091075172.8710227,4091.075172871023,0.7159426477389973,0.388444159817839
P_Q1,27,B,SPI12,433,0.0,631.1514448288739,0.0,0.7,4855743343.906505,4855.743343906504,0.772120823994023,0.3462126872309388
P_Q1,27,B,SPI12,434,0.0,143.1994050286737,0.0,0.7,3783626746.605715,3783.6267466057147,0.6995410395986764,0.39570213825737366
P_Q1,27,B,SPI12,435,-0.000997180871893013,34.60713019125001,0.0,0.7,3056954314.41801,3056.95431441801,0.6792613939588001,0.40605543103141567
P_Q1,27,B,SPI12,436,-3.7607527951650765,0.0,-0.9959794657458892,0.8809305846612582,204668524.88677394,204.66852488677395,0.5456647810154054,0.40954210694844706
P_Q1,27,B,SPI12,437,0.0,1766.2156440362623,0.0,0.7003931177269928,5854711923.488776,5854.711923488776,0.8414274024264417,0.17401359092041133
P_Q1,27,B,SPI12,438,0.0,959.8735868428648,0.0,0.7,5234262445.591321,5234.262445591321,0.8003700145871135,0.29583377806240435
P_Q1,27,B,SPI12,440,0.0,0.0,-0.07102058771256436,0.7,1186638403.758498,1186.638403758498,0.6659195218273027,0.40954210694844706
P_Q1,27,B,SPI12,442,-2.026693128136627e-05,803.025027204488,0.0,0.7,5068574016.960478,5068.574016960478,0.7885935887857118,0.3217347991603515
P_Q1,27,B,SPI12,444,-0.0008794053007159693,455.7745203430672,0.0,0.7,4586884948.1256,4586.8849481256,0.7513075034688869,0.367239477710179
P_Q1,27,B,SPI12,445,-0.0009395094236027941,158.16877369771024,0.0,0.7,3844233546.884231,3844.233546884231,0.702387305653396,0.39445689685843394
P_Q1,27,B,SPI12,446,0.0,320.00797000449677,-0.00026691871745317466,0.7,4317481630.7492075,4317.481630749207,0.7310634361546945,0.3799765183050486
P_Q1,27,B,SPI12,447,-0.07830612950746085,0.0,-0.5923552401152394,0.7033010410848165,822950952.0975252,822.9509520975253,0.6183157220621198,0.40954210694844706
P_Q1,27,B,SPI12,448,0.0,1100.4110798977495,0.0,0.7,5365922645.48075,5365.92264548075,0.80933575265948,0.27110684171202903
P_Q1,27,B,SPI12,449,-0.0007339267019226727,599.4326415901513,0.0,0.7000024481211048,4811743696.567371,4811.743696567371,0.7688476180310955,0.3498772547763902
P_Q1,27,B,SPI12,450,0.0,0.0,-0.632350614536884,0.700442547171043,797656375.3821603,797.6563753821603,0.6143309495855126,0.40954210694844706
P_Q1,27,B,SPI12,452,-0.0008702370378293659,1901.122187201116,-0.0024992477485242526,0.7,5936109080.402501,5936.109080402501,0.846266054719465,0.16358914149500126
P_Q1,27,B,SPI12,453,0.0,859.222017763926,-9.01130261974869e-06,0.7000000095187409,5130516896.905272,5130.516896905271,0.793574554381471,0.31284021773935317
P_Q1,27,B,SPI12,454,-6.183156913045527e-05,1484.0757482753836,0.0,0.7,5669506969.312268,5669.506969312269,0.8302913864873519,0.20606966236168922
P_Q1,27,B,SPI12,456,-2.4596528832235374e-05,1346.7920591199818,-0.002237854357908009,0.7000000001627533,5567110448.01374,5567.110448013739,0.8231045646991852,0.22691856121250933
P_Q1,27,B,SPI12,457,-0.0004697321036331791,177.58916151958124,0.0,0.7,3916681549.6218038,3916.6815496218037,0.7056960899420074,0.39278471555128613
P_Q1,27,B,SPI12,462,0.0,1139.9030968510979,0.0,0.7,5400580396.249263,5400.580396249263,0.8114704522005195,0.26473832141459425
P_Q1,27,B,SPI12,464,0.0,993.7596105362489,-5.775333798898209e-07,0.7,5267347223.496232,5267.347223496232,0.8024335574767852,0.28996335432454545
P_Q1,27,B,SPI12,465,0.0,1533.9533224717604,-0.0005440764740515159,0.7000000035463969,5704108794.864251,5704.108794864251,0.8326395559824955,0.19934535880741452
P_Q1,27,B,SPI12,466,0.0,271.94581838043274,-0.00033929163942889723,0.7000001416714399,4200784439.504162,4200.784439504162,0.7231650478528479,0.3848863272494396
P_Q1,27,B,SPI12,467,-0.009185659887869594,0.0,-0.7009911731904788,0.7136774005969572,706556866.977272,706.5568669772721,0.6031949336464227,0.40954210694844706
P_Q1,27,B,SPI12,468,-0.05063193587708886,0.0,-0.2792569952941566,0.7000038655022055,1054432469.1212468,1054.4324691212469,0.6484861422421461,0.40954210694844706
P_Q1,27,B,SPI12,471,-0.1683784256129314,0.0,-0.49559110787495086,0.7,904481251.5693281,904.481251569328,0.6291315330700537,0.40954210694844706
P_Q1,27,B,SPI12,472,-2.832403509084153,0.0,-0.7619029934954387,0.711659079830231,658370092.1120008,658.3700921120009,0.5970398833030918,0.40954210694844706
P_Q1,27,B,SPI12,475,0.0,495.019444197163,0.0,0.7,4653137439.057478,4653.137439057478,0.7562884690646458,0.36307681360515176
P_Q1,27,B,SPI12,479,-0.0008702370378293659,56.126116736040444,-7.117128572632463e-05,0.7,3277397866.086164,3277.397866086164,0.6836375280179313,0.40388515316469203
P_Q1,27,B,SPI12,480,-2.689421270959575,0.0,-0.5377262300694053,0.7000254109794702,876256456.8720604,876.2564568720604,0.6250044472907105,0.40954210694844706
P_Q1,27,B,SPI12,481,-0.03555073872414721,0.0,-2.5763662025743086,0.7096200792653433,15353280.393679848,15.353280393679848,0.5291564378980326,0.40954210694844706
P_Q1,27,B,SPI12,482,-8.302839853322753e-06,656.9385254750634,-0.00029794691272171754,0.7000021528095063,4890210173.362491,4890.21017336249,0.7747891984203222,0.3430817945707475
P_Q1,27,B,SPI12,483,-8.212168357621101e-08,414.01332377463643,0.0,0.7000032144529336,4511380850.884749,4511.38085088475,0.7456861280108158,0.37118867186110227
P_Q1,27,B,SPI12,484,0.0,1254.2845000048987,0.0,0.7000078031790645,5496080719.23514,5496.080719235139,0.8186928523143701,0.24321343437577825
P_Q1,27,B,SPI12,486,-0.0015149236072849292,1615.3516098590671,-0.0005677863026904686,0.7000018281748589,5759166265.036495,5759.166265036495,0.8361618102252107,0.18909880101042448
P_Q1,27,B,SPI12,487,-0.01693276778277153,0.0,-0.7049563856126286,0.702687965050348,730573890.5021012,730.5738905021012,0.6059700430497741,0.40954210694844706
P_Q1,27,B,SPI12,488,-0.0004873885629494845,928.2633440586148,0.0,0.7000912404563112,5202292370.860175,5202.292370860175,0.798057423417654,0.30184651510299937
P_Q1,27,B,SPI12,489,0.0,286.1368974087711,-1.3818901834138856e-07,0.7000000946448777,4236995080.319882,4236.995080319882,0.7256199523250436,0.38353435087344784
P_Q1,27,B,SPI12,490,-2.634734560268652e-05,198.144303458234,0.0,0.7,3987059388.9340687,3987.0593889340685,0.7096097057672464,0.39097022094140244
P_Q1,27,B,SPI12,492,-8.631764313121701e-06,377.57452897962855,0.0,0.7000336674517164,4440544622.733167,4440.544622733167,0.7403849574839009,0.3742128295442417
P_Q1,27,B,SPI12,493,-1.3755644522011496,0.0,-0.2369516973769607,0.7,1079806635.831567,1079.806635831567,0.6517949265307575,0.40954210694844706
P_Q1,27,B,SPI12,494,0.0,1065.083533155287,-3.9107879604036885e-07,0.7000000095747715,5334090766.266091,5334.090766266091,0.8069520048386523,0.277119578752624
P_Q1,27,B,SPI12,495,-0.24664757768997658,0.0,-0.7074840449753541,0.7921686590496589,509886165.183105,509.886165183105,0.5802469135802469,0.40954210694844706
P_Q1,27,B,SPI12,496,0.0,1990.4417903961712,-3.4321162147496085e-05,0.7001349173718943,5988440773.582816,5988.440773582816,0.8486498025402924,0.1590351158074501
P_Q1,27,B,SPI12,497,0.0,302.27059467554227,-1.0264833159192145e-06,0.7000001147986824,4276223574.0092144,4276.223574009215,0.7284306400540792,0.38186216956630026
P_Q1,27,B,SPI12,498,-0.1683784256129314,0.0,-0.01434660144484301,0.7,1222965355.3555853,1222.9653553555854,0.6714341623083219,0.40954210694844706
P_Q1,27,B,SPI12,502,0.0,86.38257018439066,-0.0006843331153233989,0.7,3496320552.66079,3496.32055266079,0.6886184936136907,0.4009321521329206
P_Q1,27,B,SPI12,503,-0.03136646725129533,0.0,-0.3954813485213174,0.700003683250506,977226574.7205496,977.2265747205496,0.6378126445369482,0.40954210694844706
P_Q1,27,B,SPI12,504,-1.5159246167402321e-05,0.0,-0.053224489079941144,0.7000412527268146,1198348686.702772,1198.3486867027718,0.6678407514142385,0.40954210694844706
P_Q1,27,B,SPI12,505,-0.3652220193515394,0.0,-0.40585711670938107,0.7049067881953257,954905025.9669555,954.9050259669556,0.6352510050877008,0.40954210694844706
P_Q1,27,B,SPI12,507,0.0,97.67194242685628,-0.0005491407264825546,0.7000350971830641,3562799262.1395364,3562.7992621395365,0.6907887714804141,0.39986480236240074
P_Q1,27,B,SPI12,508,0.0,436.5921184908827,-0.00028404288441314166,0.7000000722998097,4552819482.095626,4552.819482095626,0.7492795389048992,0.3690895506457466
P_Q1,27,B,SPI12,509,0.0,1442.7603213200523,0.0,0.7,5639929899.120726,5639.929899120726,0.8280855302949442,0.21158430284270827
P_Q1,27,B,SPI12,510,-0.00046318357611468616,68.42971793994465,0.0,0.7000000700458393,3375412874.317181,3375.412874317181,0.6854876009534991,0.4023908634859645
P_Q1,27,B,SPI12,511,-0.0003238852353679915,773.9220151686714,0.0,0.7000933711068775,5034736951.805473,5034.736951805473,0.7855694311025724,0.32635998149927065
P_Q1,27,B,SPI12,512,0.0,713.2127487961475,0.0,0.700019336106744,4962100422.543649,4962.100422543649,0.7804817305297613,0.33482762301206104
P_Q1,27,B,SPI12,513,-0.000933072314936232,1179.18044213297,0.0,0.700007932348205,5434168708.300224,5434.168708300224,0.8136407300672429,0.2573024513466396
P_Q1,27,B,SPI12,515,-0.018368031190117273,133.15828475453227,0.0,0.700000013957389,3740184936.1842456,3740.1849361842455,0.6972996050805849,0.3968050663535775
P_Q1,27,B,SPI12,516,-0.04864001589307082,0.0,-0.5221524081387718,0.7,887913805.3560331,887.9138053560331,0.6268900985519621,0.40954210694844706
P_Q1,27,B,SPI12,517,-0.0005011668791399062,895.6342881069598,-0.0005676444770740188,0.7,5168744992.7858515,5168.7449927858515,0.7958159888995624,0.3072188422812822
P_Q1,27,B,SPI12,518,0.0,1389.4396257156995,-5.275150942651548e-05,0.7000984730296504,5600361806.842469,5600.361806842469,0.8253104208915929,0.2197673177500266
P_Q1,27,B,SPI12,519,-6.212643788233782e-05,248.59737783412933,0.0,0.7000021552828456,4138748640.8298454,4138.7486408298455,0.7191446970505567,0.38670082185932336
P_Q1,27,B,SPI12,520,-2.478396885952487,0.0,-0.13128768705829294,0.7009909604578364,1140312580.636917,1140.3125806369171,0.6607250862774399,0.40954210694844706
P_Q1,27,B,SPI12,521,-0.015364202690239193,0.0,-0.632350614536884,0.8396796892363121,426960612.4779041,426.9606124779041,0.5711388622051446,0.40954210694844706
P_Q1,27,B,SPI12,523,-6.183156913045527e-05,1027.7452184217154,0.0,0.7000036039444542,5299544091.359585,5299.544091359585,0.8047817269719288,0.28331020742163876
P_Q1,27,B,SPI12,525,-0.00032546987044435743,2051.6888396048,0.0,0.7001223093495598,6022738199.904991,6022.738199904991,0.8504642971501761,0.1564734763582026
P_Q1,27,B,SPI12,526,-1.595808243656237,0.0,-0.6891294314653954,0.9076415178591857,231251260.7087384,231.25126070873839,0.5490447219553848,0.40954210694844706
P_Q1,27,B,SPI12,527,0.0,0.0,-0.6408268751145173,0.70000013295518,789128074.4672112,789.1280744672113,0.6125876116269967,0.40954210694844706
P_Q1,27,B,SPI12,529,0.0,213.10489864865718,-0.000522342304032423,0.7000095233136984,4034539563.297735,4034.539563297735,0.712740598427438,0.38983171451951465
P_Q1,27,B,SPI12,530,-1.6106483286927213,0.0,-1.09994979414981,0.745662290768526,373865021.40121067,373.86502140121064,0.563952040416978,0.40954210694844706
P_Q1,27,B,SPI12,531,-9.292447281721418e-06,0.0,-0.7071001732169087,0.8144781270098123,455364083.25962687,455.36408325962685,0.574269754865336,0.40954210694844706
P_Q1,27,B,SPI12,532,-0.4774462350983403,0.0,-1.1613547016322134,0.744058106523952,347475516.39833915,347.47551639833915,0.5615327142704665,0.40954210694844706
P_Q1,27,B,SPI12,534,0.0,629.0746075262471,-0.0005108379191784591,0.7,4852631092.642023,4852.631092642023,0.7719785106912869,0.34635500053367485
P_Q1,27,B,SPI12,535,0.0,573.3676281575641,-0.0005665132976294357,0.7,4773952665.948654,4773.952665948655,0.76568114704522,0.3531860390650017
P_Q1,27,B,SPI12,536,0.0,658.1659121008283,0.0,0.7,4891923079.913953,4891.923079913953,0.7750738250257944,0.34290390294232753
P_Q1,27,B,SPI12,542,0.0,806.612403345868,-0.00046628073881960284,0.7000001332693789,5072342741.218877,5072.342741218877,0.7889493720425518,0.3211655459494076
P_Q1,27,B,SPI12,543,0.0,456.2590861520062,-0.0007666046728083166,0.700013421461369,4587387805.748419,4587.387805748419,0.751343081794571,0.36720389938449505
P_Q1,27,B,SPI12,544,0.0,998.6066798701294,-0.0064828019428859116,0.7000000706362483,5267006862.256771,5267.0068622567715,0.8024335574767851,0.2889671612053937
P_Q1,27,B,SPI12,545,-0.00023681370174223615,319.9389436407688,-0.0013440896515098818,0.7001342057483767,4316132583.153344,4316.132583153344,0.7309211228519585,0.38001209663073254
P_Q1,27,B,SPI12,548,-0.0012945882521438867,2053.619305676151,-0.0005934562499079997,0.7,6024022624.64615,6024.02262464615,0.8504998754758603,0.15640231970683463
P_Q1,27,B,SPI12,549,-2.2711179252413842,0.0,-0.6919336038338734,0.9176274047163087,205583815.81155598,205.58381581155598,0.5464830825061373,0.40954210694844706
P_Q1,27,B,SPI12,550,0.0,1296.5914868282944,0.0,0.7000193312118795,5529712718.357893,5529.712718357893,0.8209342868324617,0.23471021453730387
P_Q1,27,B,SPI12,551,0.0,678.880465207489,-0.00042818995530418747,0.7,4918534868.474191,4918.53486847419,0.777030632938414,0.340235528516028
P_Q1,27,B,SPI12,552,-0.0012945882521438867,1179.4098429139974,-0.0008194533818271235,0.7000244449118067,5434008514.725147,5434.0085147251475,0.8136407300672429,0.25726687302095563
P_Q1,27,B,SPI12,553,-0.00035860006539714954,1440.9577754971842,-0.00026377692356014055,0.7006561828780336,5635832764.172027,5635.832764172027,0.8278009036894723,0.21176219447112826
P_Q1,27,B,SPI12,554,-2.071977106012736,0.0,-0.398737097819013,0.7052739094954636,957807567.0189242,957.8075670189243,0.6355712100188566,0.40954210694844706
P_Q1,27,B,SPI12,555,0.0,376.97494620379103,-0.0004977544164074727,0.7000095233136984,4439152442.546883,4439.152442546882,0.7402782225068489,0.3742484078699257
P_Q1,27,B,SPI12,557,0.0,437.06814840582604,-0.0014088729549882602,0.7004931751834993,4551000804.534946,4551.000804534947,0.7490660689507952,0.3690539723200626
P_Q1,27,B,SPI12,558,-0.00020329947997004168,414.3379469005438,-0.0013142432663013522,0.7001068048561611,4510846107.38577,4510.84610738577,0.7456149713594478,0.37115309353541825
P_Q1,27,B,SPI12,559,0.0,1220.8492426600237,-0.005596916522375546,0.7000000040836794,5464913861.887302,5464.913861887302,0.8161312128651225,0.2496886896502651
P_Q1,27,B,SPI12,561,-2.1995291725142654e-05,960.6251228991581,-1.3558672655917425e-06,0.7000094044395724,5234966147.74757,5234.96614774757,0.8004055929127977,0.2955135731312484
P_Q1,27,B,SPI12,562,-0.00023806163068735973,494.58424532862483,-9.784408798454904e-05,0.7000003198978615,4652345447.680812,4652.345447680812,0.7561817340875938,0.36314797025651974
P_Q1,27,B,SPI12,563,-4.275574749496939e-09,1707.587063731129,-2.539151573410721e-06,0.7001337500651342,5818912628.91238,5818.912628912381,0.8395061728395061,0.17917244814459035
P_Q1,27,B,SPI12,565,-0.001297352237876537,524.4923166965684,-0.0005952743566904307,0.7000027588212681,4700018523.473989,4700.018523473988,0.7598107233073612,0.3593055110826484
P_Q1,27,B,SPI12,566,-0.0018399693969607112,0.0,-0.0697221313336937,0.7019143519621028,1179549433.2632296,1179.5494332632295,0.6647810154054149,0.40954210694844706
P_Q1,27,B,SPI12,567,-0.0012796768862764916,743.5813390222866,-1.3558672655917425e-06,0.7000098410764304,4999114357.504326,4999.114357504326,0.7832212616074289,0.3310207421638738
P_Q1,27,B,SPI12,569,-1.7294984336398633,0.0,-0.6876855909800758,0.7187240385856406,704620449.1973386,704.6204491973385,0.6028747287152667,0.40954210694844706
P_Q1,27,B,SPI12,571,0.0,545.8298154015051,-0.0005268619623746602,0.7000095272104053,4732892206.60915,4732.89220660915,0.7623367844309248,0.35685060661045287
P_Q1,27,B,SPI12,574,0.0,68.26022036278115,-0.00034583641064247746,0.700010240608743,3373831259.087558,3373.831259087558,0.6854164443021311,0.4023908634859645
P_Q1,27,B,SPI12,575,0.0,129.48619236620834,0.0,0.7000197580828367,3723599810.772602,3723.5998107726023,0.696730351869641,0.3968406446792614
P_Q1,27,B,SPI12,576,-0.00036113242557443914,898.9002190052984,-0.0004657680808637113,0.7000001337100515,5172140933.764168,5172.140933764168,0.7959938805279821,0.3064716974419184
P_Q1,27,B,SPI12,577,-0.003447397975886012,54.97324289979859,-0.0003858457504492905,0.7000434339957874,3267017607.7681456,3267.0176077681454,0.6833173230867755,0.40395630981606
P_Q1,27,B,SPI12,578,-0.0009173913720512417,1384.6527599063986,-0.0009018871857661773,0.7000650155940836,5596416508.879121,5596.416508879121,0.8250613726118052,0.22040772761233857
P_Q1,27,B,SPI12,580,-1.6117809532635032,0.0,-0.14323315395274355,0.700265977508737,1133974596.7454066,1133.9745967454066,0.659728893158288,0.40954210694844706
P_Q1,27,B,SPI12,581,-1.0827426116568283e-05,473.86444967542405,-0.0005538042678739174,0.7000096508307918,4617610504.253172,4617.610504253172,0.7535845163126624,0.36546056142597927
P_Q1,27,B,SPI12,582,-7.768585853943393e-05,157.94453634430485,-0.0004812961955464757,0.7000066382678133,3843045476.1449423,3843.0454761449423,0.7022805706763441,0.3944924751841179
P_Q1,27,B,SPI12,584,-2.0678640550880663,0.0,-0.39786284856050896,0.7001873021663514,975122466.6627785,975.1224666627785,0.6374568612801083,0.40954210694844706
P_Q1,27,B,SPI12,585,-3.79564023935156e-08,1359.9600378560071,-0.0063675467887237824,0.700459046781012,5572185940.393922,5572.185940393922,0.8235315046073933,0.2246415483687338
P_Q1,27,B,SPI12,586,-2.874343975565084e-07,356.026950462786,-0.0002937803844105576,0.7000002279753571,4396306864.102341,4396.306864102341,0.7370761731952895,0.3769879389475932
P_Q1,27,B,SPI12,587,-2.4184951124706764,0.0,-0.18241123449176647,0.7222381241205702,1029115339.3501114,1029.1153393501113,0.6463870210267906,0.40954210694844706
P_Q1,27,B,SPI12,588,-0.0013644617941051865,1828.877519590053,-0.0004977544164074727,0.70005015241929,5894142659.543745,5894.142659543745,0.8437044152702173,0.1686056854164443
P_Q1,27,B,SPI12,589,-2.3936642934663213,0.0,-0.18241123449176647,0.7054175275276016,1091427969.4654787,1091.4279694654786,0.654463300957057,0.40954210694844706
P_Q1,27,B,SPI12,591,-1.6200362445099718e-05,288.5772577232781,-0.0008010918055372168,0.7000069938152198,4242719397.2979655,4242.719397297966,0.7260468922332516,0.3834276158963959
P_Q1,27,B,SPI12,592,-2.55472359800231,0.0,-0.5413121803696183,0.7000216454929996,874725653.3448042,874.7256533448042,0.6247553990109225,0.40954210694844706
P_Q1,27,B,SPI12,593,-0.0013088947986974787,1985.358433390028,-5.709313903294743e-06,0.7000592731122405,5985874197.354719,5985.874197354719,0.8485430675632405,0.15931974241292204
P_Q1,27,B,SPI12,595,-0.0782063216933635,0.0,-0.677130362293027,0.9298469532356859,177624810.0820993,177.6248100820993,0.5437791297541538,0.40954210694844706
P_Q1,27,B,SPI12,596,0.0,773.0209810202846,-0.0005537967316373283,0.700013421461369,5033732441.745848,5033.732441745848,0.7854982744512042,0.3264667164763227
P_Q1,27,B,SPI12,597,-0.031371374321536916,0.0,-1.642530267281412,0.8706123319823293,75511342.76534173,75.51134276534172,0.5337460419112677,0.40954210694844706
P_Q1,27,B,SPI12,598,-3.79564023935156e-08,114.39985331888079,-1.1111337608166259e-05,0.700006632862225,3651827253.7524357,3651.827253752436,0.6937061941865016,0.39840609100935703
P_Q1,27,B,SPI12,599,0.0,826.064594584998,-0.0005235633316083018,0.7000094712524085,5094037945.799467,5094.037945799467,0.7903725050699114,0.3179990749635322
P_Q1,27,B,SPI12,600,-0.030668889121749747,0.0,-1.8380295461597922,0.7000304511546713,118035722.81440265,118.03572281440266,0.5385846942042906,0.40954210694844706
P_Q1,27,B,SPI12,601,-9.87858053080724e-06,177.3384186781541,-0.0005028562039859826,0.7000578206567201,3915261542.163215,3915.2615421632154,0.7056605116163234,0.3928202938769701
P_Q1,27,B,SPI12,602,-0.00034518676680859626,924.1559015899884,-0.0004657680808637113,0.7000006314741211,5198192992.311485,5198.192992311485,0.797879531789234,0.3023446116625752
P_Q1,27,B,SPI12,604,-0.0012945882521438867,1140.7519083032264,-0.00046303066208525513,0.7000494089266758,5400826192.374243,5400.826192374243,0.8115771871775714,0.2645248514604903
P_Q1,27,B,SPI12,605,-0.00013268271735567935,84.12080672595619,0.0,0.7002587092274771,3481389333.430553,3481.389333430553,0.6879425054256947,0.40107446543565645
P_Q1,27,B,SPI12,606,-3.962224979290947e-09,1654.770518396847,-0.0005207436688349957,0.7001352471478429,5784590632.078635,5784.590632078635,0.8377272565553063,0.18433130536876932
P_Q1,27,B,SPI12,607,-0.0013339181298120603,1258.6392204415288,-0.0014586238025547935,0.7000369987656523,5498748017.184077,5498.748017184077,0.8187995872914221,0.2424662895364144
P_Q1,27,B,SPI12,608,-3.3035351396556904e-09,1903.165230212107,0.0,0.7000118433738175,5938744387.289148,5938.744387289148,0.846301633045149,0.16348240651794932
P_Q1,27,B,SPI12,610,-0.054951227709214456,0.0,-0.48626921494001196,0.7005773114327882,909730577.6370145,909.7305776370146,0.6298786779094177,0.40954210694844706
P_Q1,27,B,SPI12,611,-0.0013653410881217056,1542.1969869052436,-0.0005657862171200523,0.700226424731166,5708839964.691163,5708.839964691163,0.8328530259365995,0.19852705731668266
P_Q1,27,B,SPI12,613,-1.5621922878930359e-07,143.883489394689,-0.0007826722755322551,0.7000001708949746,3786213584.091769,3786.213584091769,0.6996121962500444,0.39559540328032167
P_Q1,27,B,SPI12,614,-0.0012266839254244217,251.3311566276471,-4.120303924248054e-05,0.7000098410764304,4146252961.2460694,4146.252961246069,0.7194649019817126,0.3865585085565874
P_Q1,27,B,SPI12,615,-0.0012945882521438867,1106.764847063861,-0.0008194533818271235,0.7000244449118067,5371179569.347037,5371.179569347038,0.8097271142420036,0.2701818052442452
P_Q1,27,B,SPI12,616,-1.7294984336398633,0.0,-0.657332468569098,0.8053852211283491,503889975.3245206,503.8899753245206,0.5799267086490909,0.40954210694844706
P_Q1,27,B,SPI12,617,-0.4785121824404391,0.0,-0.8095737867054016,0.872703650168307,272366324.8896703,272.3663248896703,0.5527092895008361,0.40954210694844706
P_Q1,27,B,SPI12,618,-0.05685212764045455,0.0,-0.6644469530596402,0.7455220610573993,653988357.704394,653.9883577043939,0.595901376881204,0.40954210694844706
P_Q1,27,B,SPI12,619,-1.5007523601190218,0.0,-0.16659031183460882,0.7000238803045551,1120936368.5241513,1120.9363685241512,0.6582346034795603,0.40954210694844706
P_Q1,27,B,SPI12,621,-3.4008587745359693e-12,302.4002193688192,-1.055392116143777e-05,0.7000111620917481,4276486603.233323,4276.486603233323,0.7285017967054471,0.38182659124061624
P_Q1,27,B,SPI12,622,-2.417542236645261,0.0,-0.5785705723517239,0.7001862316262423,842001594.5928773,842.0015945928773,0.6205215782545274,0.40954210694844706
P_Q1,27,B,SPI12,624,-0.0001238806174910824,35.669369315865865,-0.0003813128510012908,0.7000000245642127,3069730309.238398,3069.730309238398,0.6795104422385883,0.4059842743800477
P_Q1,27,B,SPI12,627,-0.0013653410881217056,1490.035664234704,-0.0005548351712831288,0.700014053411229,5673365602.794983,5673.365602794983,0.8305404347671399,0.20521578254527345
P_Q1,27,B,SPI12,630,-2.242914933402549,0.0,-0.5184940778833511,0.7005382563796999,889272893.9459116,889.2728939459116,0.627067990180382,0.40954210694844706
P_Q1,27,B,SPI12,632,0.0,495.904303261199,0.0,0.7,4654584786.8251915,4654.584786825191,0.7564307823673817,0.3630056569537838
P_Q1,27,B,SPI12,634,-2.553977797724241,0.0,-0.691957154885636,0.8381453765179369,403781543.2013898,403.7815432013898,0.5679723912192692,0.40954210694844706
P_Q1,27,B,SPI12,635,0.0,213.23299857630232,0.0,0.7,4035262924.1825237,4035.262924182524,0.7128473334044899,0.3897961361938307
P_Q1,27,B,SPI12,636,0.0,129.34322951579077,0.0,0.7,3723032318.4648495,3723.0323184648496,0.696694773543957,0.39687622300494535
P_Q1,27,B,SPI12,637,-2.7014896112264806,0.0,-0.6895079939355829,0.7963335558465898,509696661.6457451,509.6966616457451,0.5800334436261428,0.40954210694844706
P_Q1,27,B,SPI12,640,-3.568961938345625,0.0,-0.89455636438582,0.8823682686331971,228456106.27122396,228.45610627122397,0.5490091436297009,0.40954210694844706
P_Q1,27,B,SPI12,641,-1.960186090735978,0.0,-0.5726505883376273,0.8109176239502893,534599510.6911008,534.5995106911008,0.5848009392677981,0.40954210694844706
P_Q1,27,B,SPI12,643,0.0,657.5302272287086,0.0,0.7000006684260697,4891082386.521687,4891.082386521686,0.7750026683744264,0.3429750595936955
P_Q1,27,B,SPI12,644,0.0,232.81200131427715,-0.0007655786340763794,0.7,4093783940.968806,4093.783940968806,0.7160849610417332,0.3884085814921549
P_Q1,27,B,SPI12,646,-1.4952277015822004,0.0,-0.6909130413594327,0.9512083966809854,122057054.18277548,122.05705418277549,0.5387625858327107,0.40954210694844706
P_Q1,27,B,SPI12,647,0.0,1764.1888977191904,-0.0043598748322297,0.7,5852484983.104424,5852.484983104425,0.8413918241007579,0.1741914825488313
P_Q1,27,B,SPI12,649,0.0,1218.8817606732177,0.0,0.7,5467305994.038069,5467.305994038069,0.8161667911908066,0.25000889458142106
P_Q1,27,B,SPI12,650,0.0,199.80724333671003,0.0,0.7,3992503707.417261,3992.503707417261,0.7100366456754544,0.39082790763866654
P_Q1,27,B,SPI12,652,0.0,249.67780002452224,-4.231306418068834e-05,0.7000000383168282,4141738210.0037785,4141.7382100037785,0.7193225886789768,0.38670082185932336
P_Q1,27,B,SPI12,653,-1.2529340116059653,0.0,-0.6860518919561458,0.7099803144557492,727329657.025709,727.329657025709,0.6055786814672501,0.40954210694844706
P_Q1,27,B,SPI12,654,0.0,336.4474124706554,0.0,0.7,4354340288.160897,4354.340288160897,0.734158750489202,0.3787668552317928
P_Q1,27,B,SPI12,655,0.0,713.5369681150329,-0.0011133962728398384,0.7000640665877234,4961601356.422067,4961.601356422067,0.7804105738783934,0.3347920446863771
P_Q1,27,B,SPI12,657,-1.2529340116059653,0.0,-0.7128535739507396,0.7091904159087647,709531825.6308619,709.5318256308619,0.6036930302059986,0.40954210694844706
P_Q1,27,B,SPI12,658,0.0,2050.8735250162363,0.0,0.7000022998120552,6022782383.464381,6022.782383464381,0.8504642971501761,0.15650905468388657
P_Q1,27,B,SPI12,662,0.0,82.66496374087671,-2.0778116992258922e-05,0.7000059762994301,3473178012.694226,3473.178012694226,0.6878001921229587,0.4011456220870245
P_Q1,27,B,SPI12,663,-2.769714127140814,0.0,-0.7423767876201064,0.805028026308433,457830350.9368836,457.83035093688363,0.574554381470808,0.40954210694844706
P_Q1,27,B,SPI12,665,-2.866725775265483,0.0,-0.8361288625652833,0.8674726078200996,275402796.08572704,275.40279608572706,0.553385277688832,0.40954210694844706
P_Q1,27,B,SPI12,666,-7.573892136453928e-10,1441.8070127548285,-0.0006194259948684357,0.700002931744523,5638942273.259968,5638.942273259968,0.8280499519692603,0.2116554594940763
P_Q1,27,B,SPI12,668,-1.1243131876549655,0.0,-0.3548867867482746,0.7000095916890197,1005430683.654394,1005.430683654394,0.6420820436190273,0.40954210694844706
P_Q1,27,B,SPI12,669,-0.11491723946861923,0.0,-0.1206558744362014,0.7188479200198445,1079877372.6407897,1079.8773726407896,0.6529690112783293,0.40954210694844706
P_Q1,27,B,SPI12,672,0.0,1302.7318508816272,-0.012565913099910564,0.7000095602012875,5524641369.796174,5524.641369796174,0.8205429252499378,0.23385633472088804
P_Q1,27,B,SPI12,674,0.0,158.05790478017838,0.0,0.7,3843801000.0311728,3843.801000031173,0.7023161490020281,0.39445689685843394
P_Q1,27,B,SPI12,675,0.0,378.87438362431203,-0.003947747491054046,0.7000010285345901,4440768107.08223,4440.76810708223,0.7405984274380049,0.3740705162415057
P_Q1,27,B,SPI12,676,-0.001226189758129191,356.76134555344345,-0.00238725039228882,0.7000038980902045,4396433121.057716,4396.433121057717,0.7371473298466575,0.37688120397054126
P_Q1,27,B,SPI12,677,-0.0009669068988560139,1180.2054178859742,-0.0009805967870667284,0.7000004560709334,5434549193.011466,5434.549193011466,0.813711886718611,0.25708898139253566
P_Q1,27,B,SPI12,678,-1.0148929438296887e-05,773.8536976169812,0.0,0.7000152259390223,5034980280.202428,5034.980280202428,0.7856050094282563,0.32635998149927065
P_Q1,27,B,SPI12,679,-1.0062862945827142e-08,300.94452817770946,-0.0002449544582490186,0.700008702498768,4272943905.6792884,4272.943905679288,0.7281104351229233,0.38207563952040424
P_Q1,27,B,SPI12,680,0.0,827.7202765602519,0.0,0.7,5096196103.614179,5096.196103614178,0.7905148183726476,0.3177500266837442
P_Q1,27,B,SPI12,681,-0.0011937942905040425,34.83621910805156,-0.0009849570093963397,0.70000134970224,3059277148.866961,3059.277148866961,0.6793681289358522,0.40605543103141567
P_Q1,27,B,SPI12,682,0.0,97.40081775504046,0.0,0.7,3561700429.71761,3561.70042971761,0.6907531931547302,0.39986480236240074
P_Q1,27,B,SPI12,685,0.0,117.09217452004464,0.0,0.7,3665186691.004043,3665.186691004043,0.6940619774433414,0.3981926210552531
P_Q1,27,B,SPI12,688,-0.000994558623410077,1348.7432390336962,-0.00716292574656394,0.7,5564613622.821758,5564.613622821758,0.8229266730707653,0.2265271996299854
P_Q1,27,B,SPI12,689,0.0,1039.0920132096867,-0.01299015028275567,0.7000095602012875,5299714077.438319,5299.714077438319,0.8052086668801367,0.2812466645319671
P_Q1,27,B,SPI12,690,-2.718151799319178,0.0,-0.15376288751735928,0.9951095243206036,18530487.240916636,18.530487240916635,0.5297256911089764,0.40954210694844706
P_Q1,27,B,SPI12,691,-0.09936523588022306,0.0,-0.05179063042695742,0.7008174796768908,1196287259.2874966,1196.2872592874965,0.6676272814601345,0.40954210694844706
P_Q1,27,B,SPI12,692,-1.4723778017404206e-05,53.00036899018666,0.0,0.7000262241068375,3249896090.147871,3249.896090147871,0.6828548048528837,0.404205358095848
P_Q1,27,B,SPI12,693,-7.349560369161441e-05,1257.4369736452659,-0.012243400437349769,0.7000095602012875,5488934267.398207,5488.934267398206,0.8181947557547942,0.24275091614188635
P_Q1,27,B,SPI12,694,0.0,546.3805258335693,-0.0011580729374136194,0.70000004129867,4733334603.026603,4733.334603026603,0.7623723627566087,0.35685060661045287
P_Q1,27,B,SPI12,695,0.0,896.0026836406986,-0.00010350449401925815,0.7,5169335007.298824,5169.335007298824,0.7958515672252465,0.30707652897854626
P_Q1,27,B,SPI12,696,-0.18440403421046314,0.0,-0.14251579257990132,0.7000411550011091,1135411492.8581176,1135.4114928581175,0.6602625680435479,0.40954210694844706
P_Q1,27,B,SPI12,697,-9.748459119432104e-05,143.8323162377103,-2.0356504394401917e-05,0.7000000065151608,3786285290.18638,3786.28529018638,0.6996121962500444,0.3956309816060057
P_Q1,27,B,SPI12,699,-2.7447142434718867,0.0,-0.73470789483076,0.7205911544562379,662838729.8503145,662.8387298503145,0.5977514498167716,0.40954210694844706
P_Q1,27,B,SPI12,700,0.0,474.65892197547817,-0.0019354886819894696,0.7000256575329926,4617694225.332114,4617.694225332114,0.7536200946383464,0.3653538264489273
P_Q1,27,B,SPI12,701,-0.16760218302361918,0.0,-0.8367472564723012,0.8251907470328907,362927851.4764192,362.9278514764192,0.5628846906464582,0.40954210694844706
P_Q1,27,B,SPI12,703,-1.2990219462374886,0.0,-0.6579398513894006,0.702321485491212,770413627.5735402,770.4136275735402,0.6105952253886932,0.40954210694844706
P_Q1,27,B,SPI12,704,-0.18493848216721398,0.0,-0.16198176770335218,0.7,1124242173.96712,1124.24217396712,0.6585548084107161,0.40954210694844706
P_Q1,27,B,SPI12,705,-0.0009713602021259825,1140.2877747191555,-0.0009805967870667284,0.7001297487881326,5399863904.635754,5399.863904635754,0.8114704522005195,0.2645960081118583
P_Q1,27,B,SPI12,706,-0.025731265547346505,2050.8735250162363,0.0,0.7000022998120552,6022645337.44779,6022.645337447791,0.8492190557512364,0.16045824883480983
P_Q1,27,B,SPI12,708,-0.11767668922942565,0.0,-0.15028481522812384,0.7188479200198445,1060075937.2083213,1060.0759372083214,0.6505496851318177,0.40954210694844706
P_Q1,27,B,SPI12,709,-0.0009588905900593248,574.5253913583591,-0.0018561271654644468,0.7000832468875909,4774301050.622941,4774.301050622941,0.765787882022272,0.3530793040879497
P_Q1,27,B,SPI12,710,0.0,600.5163954404591,-0.0005320500102530675,0.7000032500240997,4812984621.388208,4812.984621388208,0.7688831963567795,0.3498416764507062
P_Q1,27,B,SPI12,712,-1.3084980381573292,0.0,-0.6920460227796694,0.9299740998139623,174724279.46436936,174.72427946436935,0.5435300814743658,0.40954210694844706
P_Q1,27,B,SPI12,713,0.0,1536.725529299322,-0.0006862476753594724,0.7001107848977943,5705565330.967852,5705.565330967852,0.8327107126338634,0.1989539972248906
P_Q1,27,B,SPI12,714,-0.09539507592479701,0.0,-0.4632684210162441,0.7000012647187995,931901342.4545546,931.9013424545545,0.6320845341018251,0.40954210694844706
P_Q1,27,B,SPI12,715,0.0,630.4039250153743,-2.1108225321680193e-06,0.700000431862591,4854725583.021987,4854.725583021987,0.7720496673426551,0.3462482655566228
P_Q1,27,B,SPI12,716,-0.20426898671326987,99.18344800613426,0.0,0.7,3571627068.1455936,3571.6270681455935,0.6892589034760023,0.40086099548155263
P_Q1,27,B,SPI12,717,0.0,413.5530685091732,0.0,0.7000013471565539,4510525387.810455,4510.525387810455,0.7455793930337639,0.37118867186110227
P_Q1,27,B,SPI12,720,-0.0004673114399969803,680.5870752321993,-0.0010647908503574168,0.7000000112276702,4920300564.585254,4920.300564585254,0.7771017895897819,0.33991532358487214
P_Q1,27,B,SPI12,721,0.0,270.21721083828857,-0.00045757265078214676,0.7000004429336599,4196320992.2535853,4196.320992253585,0.722951577898744,0.38502864055217567
P_Q1,27,B,SPI12,722,-9.593944105630518e-09,992.5175677045381,-3.6509714067649996e-06,0.7000003908774507,5266151747.122255,5266.151747122255,0.8022912441740492,0.29017682427864944
P_Q1,27,B,SPI12,723,-4.863760400424817e-08,69.894151753519,0.0,0.7000002825323458,3386149743.100689,3386.1497431006887,0.685772227558971,0.4022841285089125
P_Q1,27,B,SPI12,724,0.0,433.7360852433321,-0.0007831728191815849,0.7000033251206104,4547435518.379729,4547.435518379729,0.7487814423453235,0.3692674422741665
P_Q1,27,B,SPI12,725,-1.1442450718220019,0.0,-0.5214155964714451,0.700038791309975,888155715.3562104,888.1557153562104,0.626996833529014,0.40954210694844706
P_Q1,27,B,SPI12,727,-1.108768860225911,0.0,-0.07101993557262977,0.7,1186638403.758498,1186.638403758498,0.6659195218273027,0.40954210694844706
P_Q1,27,B,SPI12,730,-0.0013763415635137744,1486.692708586806,-0.00021458554894248944,0.7,5671279318.128346,5671.279318128347,0.830398121464404,0.20557156580211333
P_Q1,27,B,SPI12,731,0.0,0.0,-0.7952887589351562,0.8512077412010056,325005034.47594005,325.00503447594,0.5587220265414309,0.40954210694844706
P_Q1,27,B,SPI12,732,0.0,1063.7639843783788,-0.001098584494828588,0.7000014113199725,5332162275.073405,5332.162275073405,0.8068808481872842,0.27726189205535995
P_Q1,27,B,SPI12,735,0.0,289.1961518210942,0.0,0.7005053180057819,4242472019.1181965,4242.472019118197,0.7259045789305156,0.3833208809193439
P_Q1,27,B,SPI12,736,0.0,1387.987945325685,-0.0011502650892442285,0.7000012420586788,5598966299.040559,5598.966299040559,0.8252748425659088,0.2200519443554986
P_Q1,27,B,SRI3,5,0.0,774.615363566963,0.0,0.7,5369153276.671484,5369.153276671484,0.8264845056391648,0.30661401074465433
P_Q1,27,B,SRI3,6,0.0,109.34775686109153,0.0,0.7,3957945092.1569753,3957.945092156975,0.7324154125306863,0.3960223431885295
P_Q1,27,B,SRI3,11,0.0,287.4765449224905,0.0,0.7,4572595477.313239,4572.595477313239,0.7674600633294196,0.37663215569075315
P_Q1,27,B,SRI3,14,-3.4584002476471336,0.0,-0.33207329225971455,0.8023669332760717,952632841.4071065,952.6328414071065,0.6377414878855802,0.40954210694844706
P_Q1,27,B,SRI3,15,-3.0232131287586443,0.0,-1.5672877850989821,0.7927976177889178,467030097.9944695,467.03009799446954,0.5839114811256982,0.40954210694844706
P_Q1,27,B,SRI3,17,-0.0007022105910364229,1967.7384196610433,-0.5728889156480188,0.7694216741802528,5774052745.335588,5774.052745335588,0.8639129042587257,0.07297114597787029
P_Q1,27,B,SRI3,19,0.0,1820.9142562550264,0.0,0.7005711012985282,6221498360.553114,6221.498360553114,0.8853666346461737,0.09236133347564664
P_Q1,27,B,SRI3,20,-0.000550349605708017,2089.203592460593,-1.0488755674111514,0.7055076321019026,5865912507.440596,5865.912507440596,0.8692852314370084,0.061728395061728406
P_Q1,27,B,SRI3,26,0.0,1878.3522686404997,0.0,0.7,6258929951.925672,6258.929951925672,0.8877503824670012,0.08389369196285622
P_Q1,27,B,SRI3,29,-1.478316999921114,0.0,-1.6240616090651745,0.8554630697135495,301032912.5814459,301.0329125814459,0.5610346177108905,0.40954210694844706
P_Q1,27,B,SRI3,31,0.0,2015.6810645981054,-0.19768522405011701,0.8829897717067482,5353547670.588174,5353.547670588174,0.840680257587078,0.06763439712527129
P_Q1,27,B,SRI3,35,0.0,2100.0,-0.22163772691582295,0.845194792435972,5584596899.033784,5584.596899033784,0.8550539011634112,0.06115914185078451
P_Q1,27,B,SRI3,38,0.0,2067.763631555649,-0.06518382419801183,0.9382530435264351,5115198465.631134,5115.198465631134,0.8292596150425162,0.06311594976340412
P_Q1,27,B,SRI3,40,0.0,1922.3292611642,-0.32041380784762885,0.9188139457472405,5107905558.007256,5107.905558007255,0.8254883125200129,0.07845020813320526
P_Q1,27,B,SRI3,42,-0.004780717638249422,720.498998744474,0.0,0.7000014786767281,5304266858.5955,5304.2668585955,0.8215391183690897,0.3162557370050165
P_Q1,27,B,SRI3,47,-3.492279478931358,0.0,-0.29249420374371854,0.7032721205401217,1442532644.534731,1442.532644534731,0.6974774967090048,0.40954210694844706
P_Q1,27,B,SRI3,48,-3.253500847020749,0.0,-0.7762154035214834,0.7304275391597645,1107824964.385487,1107.8249643854872,0.6580211335254563,0.40954210694844706
P_Q1,27,B,SRI3,49,0.0,603.4149594348266,0.0,0.7000000016022786,5150296186.617016,5150.296186617016,0.8100828974988438,0.3356815028284768
P_Q1,27,B,SRI3,50,-3.2533385409157067,0.0,-0.20339631430991637,0.7343904020293319,1323373066.7377646,1323.3730667377647,0.6828903831785677,0.40954210694844706
P_Q1,27,B,SRI3,53,0.0,1077.0000012309292,0.0,0.7,5678564823.711444,5678.564823711444,0.8489700074714484,0.2416479880456826
P_Q1,27,B,SRI3,58,-0.13638271280848513,0.0,-1.2421173074380767,0.8981603489122935,315023868.0707561,315.02386807075607,0.5614971359447823,0.40954210694844706
P_Q1,27,B,SRI3,60,0.0,259.1717680101806,0.0,0.7,4499717335.3380995,4499.7173353380995,0.7620521578254527,0.3794072650941047
P_Q1,27,B,SRI3,61,-4.4216190539736466e-05,464.32893007661437,0.0,0.7,4934334862.765773,4934.334862765772,0.7942149642437827,0.3557832568399331
P_Q1,27,B,SRI3,65,0.0,1846.9932434642562,-0.00045222901819540196,0.9382530435264351,4992393311.254154,4992.3933112541545,0.8172341409613266,0.0887679225815633
P_Q1,27,B,SRI3,66,0.0,1999.7421040414094,-0.3764058576553402,0.8794112460556682,5334300236.609272,5334.300236609272,0.8395061728395061,0.06948447006083892
P_Q1,27,B,SRI3,69,0.0,2100.0,-0.910864177708504,0.73712110624113,5833447141.205365,5833.447141205365,0.8686803999003807,0.06115914185078451
P_Q1,27,B,SRI3,70,0.0,34.62929238791776,0.0,0.7,3388646701.696646,3388.6467016966462,0.7170811541608851,0.4053438645177358
P_Q1,27,B,SRI3,71,0.0,1023.7351380809978,0.0,0.7,5629390182.111564,5629.390182111563,0.8456612231828369,0.2538513537552923
P_Q1,27,B,SRI3,76,-0.004780717638249422,728.9854902630799,0.0,0.70000148079246,5314669931.411779,5314.6699314117795,0.8222151065570855,0.31490376062902475
P_Q1,27,B,SRI3,78,0.0,1522.8524567163468,0.0,0.7000000016411589,6030997844.87729,6030.99784487729,0.873945992101612,0.14295371259828513
P_Q1,27,B,SRI3,79,-2.043242541481535e-06,197.9827554182001,0.0,0.7,4318573558.550317,4318.573558550317,0.749848792115843,0.3856690504144875
P_Q1,27,B,SRI3,83,0.0,2015.3792651588906,-1.4011071205937475,0.8127802499753141,5263977160.316155,5263.977160316155,0.8367666417618387,0.06763439712527129
P_Q1,27,B,SRI3,84,0.0,393.6838911439712,0.0,0.7003483566882418,4803259748.246901,4803.259748246901,0.7846443946347884,0.3637172234674636
P_Q1,27,B,SRI3,85,-3.4155416515226342,0.0,-1.660688497506992,0.9037271172204657,192496016.41995737,192.49601641995736,0.547657167253709,0.40954210694844706
P_Q1,27,B,SRI3,86,0.0,1859.8854179167854,-0.3131430705887924,0.899113182423416,5167583978.51974,5167.58397851974,0.8277653253637884,0.0865620663891557
P_Q1,27,B,SRI3,87,-0.08370271477189409,677.4320404032821,0.0,0.7,5249892077.964663,5249.892077964662,0.8164514177962785,0.3253993667058029
P_Q1,27,B,SRI3,91,-0.08366689469785935,563.947939163424,0.0,0.7,5093127283.25515,5093.127283255149,0.8043903653894049,0.3419432881488597
P_Q1,27,B,SRI3,92,-0.0017529990938483292,1826.630851087338,-2.3873839324273214,0.7016802816448472,4850363377.169588,4850.363377169588,0.8062048599992885,0.09157861031059877
P_Q1,27,B,SRI3,93,0.0,1941.1417060060278,0.0,0.7002471206636576,6294333785.0337715,6294.333785033771,0.8895648770768849,0.07656455687195363
P_Q1,27,B,SRI3,94,-3.1961055290578884,0.0,-0.43393019594005483,0.7293861116531782,1265877453.9538062,1265.8774539538063,0.6766997545095529,0.40954210694844706
P_Q1,27,B,SRI3,95,-1.0587356275119113,186.47548111475413,0.0,0.7,4279276336.9343486,4279.276336934348,0.7365069199843454,0.39360301704201806
P_Q1,27,B,SRI3,96,-0.0015915254954905582,160.28334358496022,-0.007172553698759301,0.7,4182484783.89559,4182.48478389559,0.7427331269790444,0.38997402782225066
P_Q1,27,B,SRI3,98,0.0,1810.1537367686137,-0.06270706264773622,0.9800616972383619,4749545226.327993,4749.545226327993,0.801757569288789,0.09417582808553032
P_Q1,27,B,SRI3,100,0.0,344.898793786238,0.0,0.7000277790132313,4704975420.236623,4704.975420236623,0.7775287294979898,0.36976553883374247
P_Q1,27,B,SRI3,103,0.0,379.29780694440456,0.0,0.7000720421928522,4776220626.663053,4776.220626663053,0.782509695093749,0.36528266979755936
P_Q1,27,B,SRI3,105,0.0,432.7993122399036,0.0,0.7000581306896795,4878303949.028597,4878.303949028596,0.7905503966983317,0.3595901376881204
P_Q1,27,B,SRI3,108,0.0,2018.6497476085533,-0.00045222901819540196,0.937825800491667,5094496009.012365,5094.496009012365,0.8270893371757927,0.06745650549685132
P_Q1,27,B,SRI3,109,-0.0019741525545124983,753.524894819877,-1.8711010966942074e-05,0.7000000237609846,5344281978.218957,5344.281978218957,0.824883480983385,0.3101362649873696
P_Q1,27,B,SRI3,110,-0.0010574472093954918,280.8314026509379,0.0,0.7007769432966361,4551923803.298091,4551.923803298091,0.7658234603479562,0.37730814387874906
P_Q1,27,B,SRI3,111,-0.03715893479344933,139.29552874857964,-0.009474307104772949,0.7,4096191978.5944357,4096.191978594436,0.7384281495712812,0.3926068239228662
P_Q1,27,B,SRI3,113,-0.00023363575146737037,571.1505639097838,0.0,0.7,5103833601.820336,5103.833601820336,0.8063115949763405,0.34027110684171213
P_Q1,27,B,SRI3,114,-8.418452506738698e-05,951.6490895262053,0.0,0.7,5559584416.088275,5559.584416088275,0.840680257587078,0.271000106734977
P_Q1,27,B,SRI3,115,-0.9864845694064035,248.61365198647067,0.0,0.7008483904551309,4465841954.403699,4465.841954403699,0.7463621161988117,0.38847973814352305
P_Q1,27,B,SRI3,116,-3.2533385409157067,0.0,-0.1940794888409303,0.7017190953815771,1489487280.9682932,1489.4872809682931,0.7022094140249762,0.40954210694844706
P_Q1,27,B,SRI3,120,-3.492279478931358,0.0,-0.7851351929243,0.7034005991197951,1214597790.9670265,1214.5977909670264,0.670011029280962,0.40954210694844706
P_Q1,27,B,SRI3,123,0.0,1051.8522581650122,0.0,0.7002452214566279,5654276169.945698,5654.276169945698,0.8473689828156686,0.2471270502010175
P_Q1,27,B,SRI3,124,0.0,2014.4572424875855,-1.7813102067612163,0.8811568902646557,4966787224.179633,4966.787224179633,0.8194399971537338,0.06784786707937525
P_Q1,27,B,SRI3,125,-0.14204468707543352,0.0,-0.4648908309631677,0.7053091457407149,1365864296.9089594,1365.8642969089594,0.6874799871918027,0.40954210694844706
P_Q1,27,B,SRI3,127,0.0,935.8490421117397,0.0,0.7000011832691442,5543739177.619907,5543.739177619907,0.8396129078165581,0.2746290959547444
P_Q1,27,B,SRI3,128,-0.0042481290850119174,1449.3408285946737,0.0,0.7000480323939356,5978614963.803071,5978.614963803071,0.8704237378588964,0.1575052478030384
P_Q1,27,B,SRI3,130,-0.0014550855062817124,640.858092083061,-1.3816250068489832e-05,0.7000971498342853,5201335751.499837,5201.335751499837,0.8141388266268189,0.33023801899882593
P_Q1,27,B,SRI3,131,-0.012285625888132985,1.7490011936070484,0.0,0.7,2465924821.2558994,2465.9248212558996,0.7099299106984026,0.40943537197139507
P_Q1,27,B,SRI3,132,0.0,1164.3205695729168,-0.0038340527455053702,0.7,5754169200.430396,5754.169200430396,0.8543779129754154,0.22289821041021812
P_Q1,27,B,SRI3,133,0.0,1857.2734331845477,0.0,0.8823402602276147,5291702466.078547,5291.702466078546,0.8347030988721669,0.08698900629736363
P_Q1,27,B,SRI3,135,0.0,402.40711120186563,0.0,0.7000720421928522,4821580253.663951,4821.580253663951,0.7861742626392003,0.3630056569537838
P_Q1,27,B,SRI3,136,-0.011299001018400978,98.16025512268118,0.0,0.7000118935851832,3897625868.14697,3897.62586814697,0.7305297612694347,0.3972320062617853
P_Q1,27,B,SRI3,139,0.0,222.208298412702,0.0,0.7000157916960988,4394686685.625468,4394.686685625468,0.754829757711602,0.3834631942220798
P_Q1,27,B,SRI3,141,-0.0019741525545124983,805.7579213169417,-0.004373762776000434,0.7,5403659970.868506,5403.659970868506,0.829401928345252,0.30088590030953144
P_Q1,27,B,SRI3,142,0.0,1927.7528807051644,-0.27705937516180523,0.9750744528347487,4838763760.35633,4838.76376035633,0.8107233073611555,0.07795211157362936
P_Q1,27,B,SRI3,144,0.0,2079.3520477937973,-2.381729226066285,0.8996513734333959,4868221056.137011,4868.22105613701,0.8157398512825984,0.06240438324972427
P_Q1,27,B,SRI3,145,-6.713722868196279e-06,1114.1717735952934,-0.0008784462770629309,0.7012134218646783,5705376017.32697,5705.37601732697,0.8512114419895401,0.23371402141815206
P_Q1,27,B,SRI3,146,-0.02831709771827466,11.485570432998358,0.0,0.7,2970173940.579706,2970.173940579706,0.7119934535880743,0.40829686554950717
P_Q1,27,B,SRI3,148,0.0,1822.5192014441575,-0.0611674959244346,0.893755207139476,5204034587.63745,5204.03458763745,0.8286192051802042,0.09225459849859466
P_Q1,27,B,SRI3,149,-3.5397206265953742,0.0,-0.14254595807408008,0.7011377600145046,1511800224.474989,1511.800224474989,0.7047354751485395,0.40954210694844706
P_Q1,27,B,SRI3,151,-1.5202581763174647,332.5051916227569,-0.0186430312349255,0.7,4670887046.00557,4670.8870460055705,0.7421638737681003,0.3906500160102465
P_Q1,27,B,SRI3,153,-0.003195891650947247,344.898793786238,-0.02841044455913391,0.7000004824890861,4695734375.14096,4695.73437514096,0.7762834880990501,0.36976553883374247
P_Q1,27,B,SRI3,154,0.0,911.5940989759788,0.0,0.7000011470101151,5519003380.007795,5519.003380007795,0.8375493649268866,0.2799658448073434
P_Q1,27,B,SRI3,156,-0.08691613861540004,43.64138177445966,-0.0017731036302091096,0.7000709597778239,3490539895.270953,3490.5398952709534,0.7189312270964529,0.40441882804995194
P_Q1,27,B,SRI3,159,0.0,1821.7000190330784,-0.5880155694720677,0.7504035076588157,5767461456.282188,5767.461456282188,0.8621339879745262,0.09232575514996265
P_Q1,27,B,SRI3,163,-1.876260107625665,210.51312309677473,-0.008624520379195363,0.7,4354981487.712923,4354.981487712923,0.7241256626463157,0.4010388871099727
P_Q1,27,B,SRI3,165,0.0,2062.110669518546,-2.9981794530548114,0.9013024649120174,4814355269.805877,4814.355269805877,0.8125733802967232,0.06347173302024407
P_Q1,27,B,SRI3,167,-0.0012311992968700482,1768.2373897650443,0.0,0.7000138622874119,6192123155.831844,6192.123155831844,0.883623296687658,0.10075781833706905
P_Q1,27,B,SRI3,168,0.0,1857.2734331845477,-0.007499646327159881,0.8907414361795511,5246971868.727757,5246.971868727757,0.8320703027715517,0.08698900629736363
P_Q1,27,B,SRI3,169,-0.003740739787142809,2098.6166526918187,-0.0034907726354661828,0.8483662759103776,5606873792.673241,5606.873792673241,0.8565126125164549,0.06133703347920449
P_Q1,27,B,SRI3,171,0.0,1223.2457110032165,0.0,0.7,5804733175.074795,5804.733175074794,0.8583271071263389,0.2090226633934607
P_Q1,27,B,SRI3,172,0.0,206.87533456734582,-0.00113086760006487,0.7000084351129593,4347190412.752155,4347.190412752156,0.7515921300743587,0.3848863272494396
P_Q1,27,B,SRI3,178,0.0,1926.043586677285,0.0,0.9658783342923968,4894458799.844898,4894.458799844898,0.813640730067243,0.07813000320204934
P_Q1,27,B,SRI3,179,-1.188997458895106,0.0,-0.5125484550456706,0.704046439073671,1351947739.0804658,1351.9477390804657,0.6856654925819191,0.40954210694844706
P_Q1,27,B,SRI3,180,0.0,86.28018537224195,-2.115890294072595e-05,0.7000156033769904,3827544623.6516886,3827.5446236516887,0.7274700252606112,0.398619560963461
P_Q1,27,B,SRI3,183,0.0,68.8553127854197,-6.713657784914267e-08,0.7000011047630089,3710122067.8491755,3710.1220678491754,0.7245881808802077,0.4007542605045006
P_Q1,27,B,SRI3,184,-0.0005917596663047864,82.0452594871345,0.0,0.7,3800869542.5768847,3800.8695425768847,0.7266517237698794,0.399046500871669
P_Q1,27,B,SRI3,185,0.0,834.4778854713024,0.0,0.700000246640628,5436915283.921685,5436.915283921685,0.8318212544917636,0.2954068381541965
P_Q1,27,B,SRI3,187,0.0,660.5553331498877,0.0,0.700001196072695,5228039053.402013,5228.0390534020125,0.8163446828192265,0.3267513430817946
P_Q1,27,B,SRI3,189,-1.0218752087726408,209.86960234071222,0.0,0.7001793482035132,4355259045.706307,4355.259045706307,0.740313800832533,0.3918241007578183
P_Q1,27,B,SRI3,190,-5.187796818701459e-05,677.7797263982168,0.0,0.7000000307289614,5250424782.964538,5250.424782964537,0.8178389724979543,0.32422528195823097
P_Q1,27,B,SRI3,194,0.0,1500.7428813974593,-0.0070112045901935165,0.7,6013648500.954615,6013.648500954615,0.8726651723769879,0.1474721599601523
P_Q1,27,B,SRI3,195,-0.0014550855062817124,55.40163957250479,-1.3816250068489832e-05,0.7000971498342853,3602223593.5828257,3602.2235935828257,0.7217063364998042,0.40253317678870026
P_Q1,27,B,SRI3,196,-0.0003065713996500309,448.363914218751,-1.767996867269262e-06,0.7000364508441412,4906303780.418627,4906.303780418627,0.7924360479595832,0.3576689081011846
P_Q1,27,B,SRI3,197,-0.0019746466888976855,617.3592010680744,0.0,0.7,5169760135.386944,5169.760135386944,0.8116483438289395,0.3341516348240652
P_Q1,27,B,SRI3,198,-0.0026551219991744553,2064.252859201436,-2.247433831758705,0.7068009805996734,5031408253.464493,5031.408253464493,0.8222506848827693,0.0633649980431921
P_Q1,27,B,SRI3,200,-0.0007022105910364229,2061.1402929910732,-0.5728889156480188,0.7694216741802528,5826633603.395567,5826.633603395567,0.8677909417582809,0.06354288967161205
P_Q1,27,B,SRI3,201,-0.0018183788978138882,190.52397110490784,0.0,0.7,4293655810.7923775,4293.655810792377,0.7483900807627992,0.3866296652079553
P_Q1,27,B,SRI3,204,-3.025150215916437,0.0,-1.0960366360397114,0.8914019471532025,375683585.21209174,375.68358521209177,0.5683281744761093,0.40954210694844706
P_Q1,27,B,SRI3,205,-1.5012095208710707,0.0,-0.2878057412500873,0.7001186692554686,1459440357.9940298,1459.4403579940297,0.6992564129932047,0.40954210694844706
P_Q1,27,B,SRI3,206,-4.846894610367286e-06,586.6270067433455,0.0,0.7,5126395708.737025,5126.395708737025,0.8082328245632759,0.3380652506493045
P_Q1,27,B,SRI3,207,-0.002047897664183885,2005.0131462357226,-0.06551236776007913,0.9750777325768092,4889810313.057782,4889.810313057782,0.8156686946312307,0.06887963852421107
P_Q1,27,B,SRI3,208,0.0,144.3290537962663,0.0,0.7,4120224921.4187584,4120.224921418759,0.739886860924325,0.3916817874550823
P_Q1,27,B,SRI3,209,0.0,534.8883521798002,0.0,0.7,5049247262.829182,5049.247262829182,0.8017931476144733,0.34596363895115095
P_Q1,27,B,SRI3,212,0.0,231.1643688198858,0.0,0.7000157916960988,4421264606.110122,4421.264606110121,0.7565019390187498,0.3823602661258761
P_Q1,27,B,SRI3,213,0.0,2021.4182533122428,-0.13835333896355206,0.8930790041059666,5313995884.367676,5313.995884367676,0.8382609314405663,0.06713630056569538
P_Q1,27,B,SRI3,214,0.0,1827.0930106546398,-1.4011071205937475,0.8134564530081183,5152087247.662927,5152.0872476629265,0.8269470238730564,0.09154303198491479
P_Q1,27,B,SRI3,217,-0.05315359286844079,248.61365198647067,-3.0439161572069347e-05,0.7000339460705932,4470770838.820892,4470.770838820892,0.7597751449816771,0.3804390365389405
P_Q1,27,B,SRI3,218,-0.0020639793183752086,887.7554327069639,-0.0014238962413289508,0.7005990989832455,5491002219.451692,5491.002219451691,0.8357704486426869,0.2853025936599423
P_Q1,27,B,SRI3,219,-0.00014696486043554646,1921.416072979794,-0.21508089319227852,0.8831493853501524,5296066595.620136,5296.0665956201365,0.835628135339951,0.07855694311025722
P_Q1,27,B,SRI3,220,0.0,1890.5236592201202,-2.3167963369815316,0.9412734229217999,4737274248.071136,4737.274248071137,0.8034297505959371,0.08218593233002454
P_Q1,27,B,SRI3,221,0.0,324.3167325776537,0.0,0.700022148643763,4659589509.692498,4659.589509692498,0.7736862703241185,0.3720069733518341
P_Q1,27,B,SRI3,223,-0.014455741529289712,1269.3775689858035,0.0,0.7010568546826687,5836627693.479164,5836.627693479164,0.8607108549471663,0.19866937061941867
P_Q1,27,B,SRI3,225,0.0,1811.636366224898,-0.0005857399109684108,0.893755207139476,5204202168.868127,5204.202168868127,0.8285124702031523,0.09399793645711033
P_Q1,27,B,SRI3,227,-0.0015915254954905582,1323.1431532266758,-0.0073858926425093285,0.7000000034772343,5882626627.824838,5882.626627824838,0.8636994343046217,0.18621695663002097
P_Q1,27,B,SRI3,230,-0.0007160748807352527,0.0,-0.324216596580629,0.7024896973408682,1437535753.6645324,1437.5357536645324,0.6964457252641691,0.40954210694844706
P_Q1,27,B,SRI3,232,-0.06277038125156731,169.47303058647393,-6.001867668420889e-06,0.7000044279451559,4219071805.476455,4219.071805476456,0.7438360550752482,0.3890845696801508
P_Q1,27,B,SRI3,236,0.0,870.134476219908,0.0,0.7000159198536733,5475466533.040247,5475.466533040247,0.834987725477639,0.2890027395310777
P_Q1,27,B,SRI3,237,0.0,317.19796269153983,-0.0003712970000995337,0.7,4643427583.497621,4643.427583497621,0.7723342939481268,0.37282527484256595
P_Q1,27,B,SRI3,238,-0.035509140533430406,20.332057263643264,0.0,0.7,3173088009.968294,3173.088009968294,0.7139858398263779,0.40719393745330346
P_Q1,27,B,SRI3,239,0.0,1828.104315055009,0.0,0.9697666323285821,4815839176.516096,4815.839176516096,0.8063471733020243,0.09136514035649483
P_Q1,27,B,SRI3,244,0.0,908.8740704368972,0.0,0.7,5516206486.837953,5516.206486837953,0.8373358949727826,0.28064183299533924
P_Q1,27,B,SRI3,245,-0.0006060634923509465,2031.5871923304132,-0.0035699673297642067,0.9468792187624795,5054153778.595116,5054.153778595116,0.8250613726118049,0.0661045291208596
P_Q1,27,B,SRI3,246,-0.06760555760267657,0.0,-1.237082677802468,0.8867879546740594,351545178.0982675,351.5451780982675,0.5659800049809656,0.40954210694844706
P_Q1,27,B,SRI3,247,-0.0018682434681766905,1885.2615486308155,-2.5078395863605487,0.8203983647220234,4787023689.605126,4787.0236896051265,0.8054221368342405,0.0829686554950724
P_Q1,27,B,SRI3,248,-4.0,0.0,-1.1727104389668956,0.8197809694148089,591276269.3704683,591.2762693704683,0.595972533532572,0.40954210694844706
P_Q1,27,B,SRI3,250,-0.0005264699345673418,446.95632428930844,0.0,0.7,4903985927.099926,4903.985927099926,0.7924004696338991,0.35798911303234066
P_Q1,27,B,SRI3,256,-0.059618996976831595,399.3627848337453,0.0,0.7,4816080920.964939,4816.080920964939,0.7845732379834205,0.36371722346746366
P_Q1,27,B,SRI3,259,0.0,1957.8394544283456,-0.8743392631584639,0.9443416798823641,4954028024.163838,4954.028024163838,0.8191909488739461,0.07432312235386203
P_Q1,27,B,SRI3,260,-0.00032310121015003204,1788.0381575524896,-0.012287073620952604,0.7952163408499249,5703803444.743908,5703.803444743908,0.8576866972640268,0.09752019069982569
P_Q1,27,B,SRI3,263,0.0,935.7192876419099,-0.0011094771107093143,0.70078206486454,5539454708.552194,5539.454708552194,0.8393282812110862,0.2746290959547444
P_Q1,27,B,SRI3,264,-0.0005264699345673418,1977.63039530044,0.0,0.9507419758934512,5003639137.798309,5003.639137798309,0.8212189134379336,0.07190379620735048
P_Q1,27,B,SRI3,265,0.0,2067.4846413906666,-0.20168359887914278,0.867127238346324,5461191554.705891,5461.191554705891,0.8482584409577686,0.06311594976340412
P_Q1,27,B,SRI3,266,0.0,1423.027152640628,-0.17218292045532801,0.7188743110295881,5803731778.285272,5803.7317782852715,0.8595367701995943,0.1628419966556374
P_Q1,27,B,SRI3,267,-1.1487763395619628,0.0,-0.9829954410377759,0.7015763115901779,1111372134.1549025,1111.3721341549024,0.659800049809656,0.40954210694844706
P_Q1,27,B,SRI3,268,0.0,1317.6667367392558,0.0,0.7,5880258364.848112,5880.258364848112,0.8635926993275698,0.18717757142348876
P_Q1,27,B,SRI3,269,0.0,883.0242108514122,0.0,0.7000983598720528,5488708329.044914,5488.7083290449145,0.8356992919913189,0.286512256733198
P_Q1,27,B,SRI3,274,-1.745325162214468e-05,565.0942177645286,-0.00018002176860376206,0.7,5094844964.577345,5094.844964577345,0.8056000284626607,0.34105383000676
P_Q1,27,B,SRI3,276,0.0,1837.3999149614588,-0.0605275971529331,0.8305872222126014,5540044960.92837,5540.0449609283705,0.8491478990998682,0.0899064290034511
P_Q1,27,B,SRI3,277,-0.2600627174688812,0.0,-1.1727104389668956,0.7005436289914273,982390250.5612317,982.3902505612317,0.6468851175863664,0.40954210694844706
P_Q1,27,B,SRI3,279,-0.0032772351485787915,731.4089304495733,-0.007198222871915405,0.7000069584059446,5315718414.289939,5315.718414289939,0.8225353114882415,0.3146902906749208
P_Q1,27,B,SRI3,283,-1.745325162214468e-05,489.89345646888273,-0.0011801107578291795,0.7,4977320130.750063,4977.320130750063,0.7973458569039742,0.3522254242715338
P_Q1,27,B,SRI3,284,-3.05948993628686e-05,536.8622935173371,-0.016560506421446144,0.7,5048270087.83776,5048.27008783776,0.8015440993346855,0.345750168997047
P_Q1,27,B,SRI3,285,0.0,1957.312609652826,-0.6230824187828008,0.9779809165453525,4830948865.10949,4830.948865109491,0.8111858255950475,0.07435870067954602
P_Q1,27,B,SRI3,287,-0.0019234050526851674,1720.3538161029642,-0.024396296578331256,0.8014055910122642,5625513152.401699,5625.513152401699,0.8522787917600598,0.10741096523997581
P_Q1,27,B,SRI3,289,-0.0009960043096733668,434.4599968922198,-0.0035735878108047853,0.7,4880380051.300237,4880.380051300237,0.7906927100010674,0.35937666773401655
P_Q1,27,B,SRI3,292,-0.0026298153600697594,953.4842236018939,0.0,0.7,5561410343.412071,5561.410343412072,0.840715835912762,0.27046643184971714
P_Q1,27,B,SRI3,293,-0.003803988077996628,1414.5856583380964,-0.17502973296384045,0.7227772582782162,5777553313.215402,5777.553313215401,0.8581492154979187,0.16486996121962502
P_Q1,27,B,SRI3,294,-0.053894208201657134,20.12365226158704,0.0,0.7,3169179626.36383,3169.1796263638303,0.713950261500694,0.40722951577898747
P_Q1,27,B,SRI3,295,-0.054677540759834026,0.0,-0.1569390231767523,0.9707530794182669,147501200.77691436,147.50120077691435,0.542213683424058,0.40954210694844706
P_Q1,27,B,SRI3,296,0.0,133.58198507507632,0.0,0.7000376806457077,4073698395.996756,4073.698395996756,0.7377521613832853,0.39303376383107413
P_Q1,27,B,SRI3,297,0.0,655.9992202718176,-0.0021306283651337105,0.7000407664289908,5221623646.352919,5221.6236463529185,0.8156331163055468,0.32753406624684245
P_Q1,27,B,SRI3,299,0.0,1946.3253907715582,-0.20039935741959009,0.9470168501842356,4993075469.063689,4993.0754690636895,0.8197246237592059,0.07574625538122176
P_Q1,27,B,SRI3,300,-0.13728666080029875,0.0,-0.1160266285183369,0.9915974452976088,42857861.43758969,42.85786143758969,0.5321094389298039,0.40954210694844706
P_Q1,27,B,SRI3,301,-0.0025862559791075546,0.0,-0.395039309223079,0.7001349729269184,1418715852.989174,1418.715852989174,0.6943821823744974,0.40954210694844706
P_Q1,27,B,SRI3,302,-0.013084308217489855,169.7135695988396,0.0,0.7,4219995891.8280416,4219.995891828042,0.74447646493756,0.3888355214003629
P_Q1,27,B,SRI3,303,0.0,0.0,-0.904260731320656,0.7,1162486126.664228,1162.4861266642279,0.6657772085245669,0.40954210694844706
P_Q1,27,B,SRI3,304,-3.6297013111774215,0.0,-0.4708466068154089,0.7044972657109526,1366724067.692477,1366.724067692477,0.6876223004945388,0.40954210694844706
P_Q1,27,B,SRI3,305,-0.008072104201514774,0.0,-0.7914384927758451,0.7286246790533324,1108658904.9705877,1108.6589049705876,0.6583769167822963,0.40954210694844706
P_Q1,27,B,SRI3,308,-0.0006060634923509465,2031.4084763246142,-2.687361330289746,0.9384130704771758,4800168856.363547,4800.168856363547,0.8111858255950474,0.0661045291208596
P_Q1,27,B,SRI3,311,-0.0030361982807318223,0.0,-1.0445091201820047,0.7,1077065164.8148785,1077.0651648148785,0.6570249404063045,0.40954210694844706
P_Q1,27,B,SRI3,312,-0.015031589198632123,1133.1034187430923,-0.0005556983305771684,0.7016161510058214,5719911701.862945,5719.911701862945,0.8516739602234319,0.22987156224428085
P_Q1,27,B,SRI3,314,-0.0033059775504045152,0.0,-1.1997178518338885,0.7426529035010604,824094670.1544055,824.0946701544054,0.627815135019746,0.40954210694844706
P_Q1,27,B,SRI3,315,-2.1333191095019358e-07,1958.3911187263604,-0.006577074991926557,0.9670842137809573,4906725334.840569,4906.725334840568,0.8149927064432348,0.07432312235386203
P_Q1,27,B,SRI3,316,-4.786095421591554e-07,1933.0170014188307,-0.9481695895728895,0.77570876443147,5575690121.212711,5575.690121212711,0.854449069626783,0.07748959333973744
P_Q1,27,B,SRI3,317,-0.5825813535946145,0.0,-0.7999212866757301,0.7000941330701052,1221033313.6715777,1221.0333136715776,0.670864909097378,0.40954210694844706
P_Q1,27,B,SRI3,318,0.0,602.5600849306533,-0.0057046529664804835,0.7,5147664037.072627,5147.664037072627,0.8098338492190557,0.33582381613121276
P_Q1,27,B,SRI3,319,-0.010840496543197416,0.0,-0.16293444154389913,0.7,1508427767.907008,1508.4277679070078,0.7044152702173837,0.40954210694844706
P_Q1,27,B,SRI3,321,-0.04827448366378506,0.0,-1.0992383436561441,0.7,1035635139.2479235,1035.6351392479235,0.6522930230903333,0.40954210694844706
P_Q1,27,B,SRI3,323,-0.003576700256712627,1865.1244165492672,-0.20002588022653905,0.9542318507067163,4909043825.86491,4909.04382586491,0.8131070551819832,0.08581492154979185
P_Q1,27,B,SRI3,326,0.0,1855.622616694744,-0.0010723434300179413,0.9689505304542574,4836670449.663454,4836.670449663454,0.8088376560999039,0.08730921122851959
P_Q1,27,B,SRI3,328,0.0,365.72829573361,-0.009395377312526366,0.7000415709351143,4746130907.7764845,4746.1309077764845,0.7801971039242894,0.367168321058811
P_Q1,27,B,SRI3,330,0.0,1965.4086973515348,-0.03219222482251783,0.9290535081792656,5107650690.411543,5107.650690411543,0.8263066140107447,0.0733980858860782
P_Q1,27,B,SRI3,332,-0.00514825434898325,0.0,-0.9331091233484907,0.9918335768375158,31374716.879362985,31.374716879362985,0.5306507275767602,0.40954210694844706
P_Q1,27,B,SRI3,333,0.0,2053.1828671957683,-0.03426887790273539,0.9301668918625476,5151396890.333912,5151.396890333912,0.830682748069876,0.06429003451097591
P_Q1,27,B,SRI3,334,0.0,182.61797247009338,-0.0029652751716291482,0.7,4265256499.5952015,4265.256499595202,0.7468602127583875,0.3876970149784751
P_Q1,27,B,SRI3,336,0.0,1957.8394544283456,-0.013526767346495383,0.9401832649045769,5046903900.669614,5046.903900669614,0.8229622513964492,0.07432312235386203
P_Q1,27,B,SRI3,337,-3.538652682289319e-05,1890.6725421429283,-0.0007273053281549487,0.8061172279266456,5710781473.941829,5710.781473941829,0.8597502401536985,0.08218593233002454
P_Q1,27,B,SRI3,339,-0.003174177754704111,2090.7760570823652,-0.03426887790273539,0.9301668918625476,5172103577.511678,5172.103577511678,0.8320347244458678,0.06158608175899244
P_Q1,27,B,SRI3,340,-0.0009271057718934633,271.883886952221,0.0,0.7000506721363096,4532900675.955613,4532.900675955613,0.7646137972747001,0.378126445369481
P_Q1,27,B,SRI3,341,0.0,1199.5367917742067,0.0,0.7001791598845708,5784181138.895591,5784.181138895591,0.8565481908421388,0.21414594229195577
P_Q1,27,B,SRI3,342,0.0,1255.3388378603793,0.0,0.7003528131428576,5829049741.505389,5829.04974150539,0.8606041199701143,0.20169352830255813
P_Q1,27,B,SRI3,343,-0.002705711301236942,2010.8518587276576,-0.8755378586684256,0.8076880558875832,5523683137.999756,5523.683137999756,0.8533817198562635,0.06816807201053117
P_Q1,27,B,SRI3,344,0.0,54.50030852970525,0.0,0.7001172582618924,3594236797.9866633,3594.2367979866635,0.7214217098943323,0.40263991176575226
P_Q1,27,B,SRI3,347,-1.7394470390674332e-05,616.7422426385322,-0.00040671806062199167,0.7000000788654853,5168848972.420455,5168.848972420455,0.8115416088518873,0.33418721314974914
P_Q1,27,B,SRI3,349,0.0,298.69127740313263,0.0,0.7,4599974182.43361,4599.97418243361,0.7691678229622515,0.3752090226633935
P_Q1,27,B,SRI3,350,0.0,1854.5797055458856,-1.2064990848647734,0.9471720576349679,4842213014.270141,4842.213014270141,0.8094424876365317,0.08748710285693954
P_Q1,27,B,SRI3,351,-0.07885281350192098,420.2314271831112,-7.063255167290587e-05,0.7000073959285507,4855478700.306701,4855.4787003067,0.7877397089692961,0.3617248372291601
P_Q1,27,B,SRI3,352,-9.62307724825895e-07,2025.7445674591268,-2.50898420563518,0.7008775714874101,4931046246.907905,4931.046246907905,0.8165581527733303,0.06674493898317146
P_Q1,27,B,SRI3,358,-0.0004553675009638658,1788.0381575524896,-0.023468878706247254,0.8193651160968851,5574455161.68738,5574.45516168738,0.850464297150176,0.09752019069982569
P_Q1,27,B,SRI3,359,-0.8007095095471821,0.0,-1.117224359235058,0.7036341020138576,1011562989.6590723,1011.5629896590723,0.6499448535951899,0.40954210694844706
P_Q1,27,B,SRI3,361,-0.006463447511681347,1865.7310005803488,-1.2151237777258008,0.9348501928899221,4886833253.19686,4886.83325319686,0.8127868502508271,0.0856726082470559
P_Q1,27,B,SRI3,363,0.0,323.7858332536175,0.0,0.7000844866687925,4658063051.512407,4658.063051512408,0.7734728003700146,0.37214928665457
P_Q1,27,B,SRI3,365,-1.480932605544776e-05,1865.444223135115,-0.0015452122863390948,0.9425453143115614,4980960404.314704,4980.960404314704,0.8170562493329065,0.08574376489842388
P_Q1,27,B,SRI3,367,-1.8988388211313087e-05,110.85939047001538,-0.0011617349519268737,0.7000899906431944,3965196057.4810863,3965.1960574810864,0.7325933041591063,0.3958088732344256
P_Q1,27,B,SRI3,368,0.0,1075.6321969259754,0.0,0.7,5677317823.13051,5677.31782313051,0.8488276941687124,0.24193261465115454
P_Q1,27,B,SRI3,371,-0.00010780366978638007,0.0,-0.21581122038957987,0.7011923837981909,1483662954.7088885,1483.6629547088885,0.7015690041626643,0.40954210694844706
P_Q1,27,B,SRI3,373,0.0,1765.8123604898276,-0.003198296242711507,0.7000778883939214,6189087611.342683,6189.087611342683,0.8834098267335541,0.10118475824527697
P_Q1,27,B,SRI3,374,-0.014103702064181003,158.02451423630077,-0.0012577304944637463,0.7000023068704283,4175504097.905734,4175.504097905734,0.7424129220478884,0.39029423275340663
P_Q1,27,B,SRI3,375,0.0,981.7420417675077,0.0,0.7001008338404718,5588715772.780131,5588.715772780131,0.8428505354538016,0.2641334898779663
P_Q1,27,B,SRI3,377,-0.00016971315455527672,1936.8687698261476,-1.0056027003168735,0.7378380669398799,5689824854.700621,5689.824854700621,0.8597502401536984,0.07713381008289752
P_Q1,27,B,SRI3,378,0.0,1883.7557757111267,-1.000602143092663,0.796989953483764,5441707788.533924,5441.707788533924,0.8466929946276728,0.08311096879780838
P_Q1,27,B,SRI3,379,-1.7394470390674332e-05,585.1539831449704,-0.000459921952163327,0.7000000788654853,5124197867.729933,5124.197867729933,0.8080905112605401,0.3384566122318283
P_Q1,27,B,SRI3,380,0.0,1936.559470206791,-1.551349528580259e-07,0.895658925873148,5268606373.610573,5268.6063736105725,0.834240580638275,0.07713381008289752
P_Q1,27,B,SRI3,383,-1.745325162214468e-05,1996.2128278988432,-0.04120356065365316,0.9278611074258198,5130946261.664746,5130.946261664746,0.8285480485288362,0.07001814494609884
P_Q1,27,B,SRI3,384,-0.04775827473682317,0.0,-0.4249440155341691,0.7216756866361869,1306524283.3344371,1306.524283334437,0.6810047319173159,0.40954210694844706
P_Q1,27,B,SRI3,387,-0.0027397948579542582,2026.1154656501212,-0.209260256150685,0.8760604703080836,5392354873.3864975,5392.354873386497,0.8432418970363256,0.06670936065748746
P_Q1,27,B,SRI3,389,-1.3469757325501914e-05,1860.7610430959298,-0.21581122038957987,0.7011923837981909,6166889093.101127,6166.8890931011265,0.8822357419859821,0.08631301810936777
P_Q1,27,B,SRI3,390,0.0,1424.9425502529546,-0.00040472203493380036,0.7009591202564697,5956086478.724419,5956.086478724419,0.8688582915288007,0.16248621339879749
P_Q1,27,B,SRI3,391,-0.018057011874592868,0.0,-0.31057292468792896,0.7,1453909447.7144365,1453.9094477144365,0.6987583164336287,0.40954210694844706
P_Q1,27,B,SRI3,395,0.0,308.30202906458936,0.0,0.7,4622810941.411433,4622.810941411433,0.7710178958978191,0.37431956452129367
P_Q1,27,B,SRI3,396,-9.43789727546533e-05,1922.6832110283633,-0.18694305877119902,0.9709419373159196,4859718545.823205,4859.718545823205,0.8115771871775713,0.07845020813320526
P_Q1,27,B,SRI3,398,0.0,1776.3558793204265,-0.02302335471694172,0.9361566146831267,4958518028.402537,4958.518028402537,0.8133205251360872,0.0994769986124453
P_Q1,27,B,SRI3,399,-0.0020044136548061503,1812.6265432113,-0.20002588022653905,0.951194514959317,4892527401.845235,4892.527401845235,0.8107944640125234,0.09392677980574235
P_Q1,27,B,SRI3,401,-1.8249034662741486,0.0,-0.8877361715649461,0.8102289368415412,742811394.9578288,742.8113949578287,0.6142953712598285,0.40954210694844706
P_Q1,27,B,SRI3,402,-4.074521528751615e-05,1838.681615409589,-2.0924279701225803,0.9988591740673411,4664917114.884177,4664.917114884177,0.7977016401608139,0.0898352723520831
P_Q1,27,B,SRI3,403,-1.745325162214468e-05,1899.3394498378511,-0.04056525330556307,0.9278611074258198,5075031536.3010235,5075.031536301023,0.8229978297221332,0.08111858255950476
P_Q1,27,B,SRI3,404,0.0,1818.5586393883389,0.0,0.7,6223055718.870226,6223.055718870226,0.8853666346461737,0.09285943003522254
P_Q1,27,B,SRI3,408,-0.37461662518460725,130.97373379970057,-0.000830222411231183,0.7,4062084816.12631,4062.0848161263098,0.7349770519799338,0.3945636318354858
P_Q1,27,B,SRI3,410,-0.0005973016529325743,840.5198355014471,-0.007316356711957055,0.7000000318646816,5441678037.547612,5441.678037547612,0.8323193510513397,0.29412601842957276
P_Q1,27,B,SRI3,412,0.0,2078.8719477312225,-0.07137719920921093,0.9745178020728911,4933897860.116741,4933.897860116741,0.8199025153876259,0.06240438324972427
P_Q1,27,B,SRI3,414,-0.019190203443093277,208.1811849145019,0.0,0.7,4351422682.222747,4351.4226822227465,0.7516632867257267,0.38492190557512357
P_Q1,27,B,SRI3,415,-0.005746859630867532,0.0,-0.1991997622238726,0.7009891997269763,1491292825.1909535,1491.2928251909534,0.702671932258868,0.40954210694844706
P_Q1,27,B,SRI3,418,0.0,2080.091284848927,-1.2129260600859495,0.7454341540274328,5611505728.448014,5611.505728448014,0.8572597573558189,0.06240438324972427
P_Q1,27,B,SRI3,419,0.0,1139.9147315272128,0.0,0.7,5734371927.840167,5734.371927840167,0.8531326715764755,0.22859074251965708
P_Q1,27,B,SRI3,422,-0.004045227126631072,81.66445710596345,0.0,0.7,3798413015.3398647,3798.4130153398646,0.7265805671185113,0.39911765752303696
P_Q1,27,B,SRI3,423,-4.0,0.0,-1.3189804655666644,0.92957672111659,202681443.4476122,202.6814434476122,0.5487245170242288,0.40954210694844706
P_Q1,27,B,SRI3,424,0.0,1858.0221329465926,0.0,0.9145076446361634,5123532929.3249655,5123.532929324965,0.824776746006333,0.08681111466894367
P_Q1,27,B,SRI3,427,-0.0005494740811211075,31.32607384390269,-0.0009586633927113368,0.7000001425708915,3345893618.703579,3345.893618703579,0.7162628526701534,0.40577080442594377
P_Q1,27,B,SRI3,428,-0.00022577615353163864,1037.5204736740857,-0.014829325763963834,0.7,5638805213.222044,5638.805213222044,0.8461237414167289,0.2505069911409969
P_Q1,27,B,SRI3,429,-1.9330995945110097,421.65005919797113,0.0,0.7000073982143651,4855534153.413583,4855.534153413583,0.7359732450990856,0.3946703668125378
P_Q1,27,B,SRI3,430,0.0,1943.6109165688817,0.0,0.7,6297051223.230339,6297.051223230339,0.8896716120539369,0.0761376169637457
P_Q1,27,B,SRI3,434,-0.0024022717035318292,1350.2893338580739,0.0,0.7000237945229633,5905258848.478293,5905.258848478294,0.8652648806347172,0.17999074963532222
P_Q1,27,B,SRI3,436,-0.005211801376264477,780.9494591501032,0.0,0.7000049835279081,5376480712.987487,5376.480712987487,0.8270537588501085,0.3054755043227666
P_Q1,27,B,SRI3,438,-3.1294454914693876e-05,123.13311297317702,0.0,0.7000861407978489,4025609011.221827,4025.609011221827,0.7350837869569858,0.3944924751841179
P_Q1,27,B,SRI3,440,-0.06811578838476914,0.0,-1.3086262260301944,0.887771462196751,326037451.2653034,326.0374512653034,0.5630625822748782,0.40954210694844706
P_Q1,27,B,SRI3,442,-0.007249348457478266,0.0,-0.42155266019877385,0.7004997180963808,1407982034.7183125,1407.9820347183124,0.6929946276728218,0.40954210694844706
P_Q1,27,B,SRI3,443,-0.04555722986075739,14.454049059975148,0.0,0.7,3048575193.9513273,3048.5751939513275,0.7126694417760701,0.4080122389440352
P_Q1,27,B,SRI3,445,-2.7887636774302137e-06,348.51217095512516,-5.0069474677938474e-05,0.7001518503204222,4712081818.7676115,4712.081818767611,0.7779912477318817,0.3693030205998506
P_Q1,27,B,SRI3,447,-1.745325162214468e-05,1886.4868990340683,-0.06312056127393129,0.9278611074258198,5065772238.7517805,5065.772238751781,0.8221795282314014,0.08293307716938841
P_Q1,27,B,SRI3,448,-2.1986323926728637e-06,796.1704109621048,-0.0009429485546287167,0.7001994776455244,5392884052.206507,5392.884052206507,0.8286192051802043,0.30298502152488704
P_Q1,27,B,SRI3,449,0.0,1800.7336923953962,-1.3934519963137562,0.7566532293777384,5291574056.765914,5291.574056765914,0.8342761589639591,0.09556338278720607
P_Q1,27,B,SRI3,452,-0.005083117814334342,1958.3911187263604,-0.01430019030700058,0.9584050104690602,4951976014.084227,4951.976014084226,0.8174120325897465,0.07432312235386203
P_Q1,27,B,SRI3,454,-0.0007689478750508918,691.7055722911504,0.0,0.7000073049855473,5268222831.807653,5268.222831807653,0.818977478919842,0.32152132920624754
P_Q1,27,B,SRI3,458,0.0,387.90451813324756,0.0,0.7000002797188193,4793708692.504345,4793.708692504345,0.7838972497954247,0.3645711032838794
P_Q1,27,B,SRI3,459,-0.00118803007984002,260.84328137502445,-8.170903330198325e-05,0.700320608594286,4502450115.374662,4502.450115374662,0.7621588928025046,0.3793005301170527
P_Q1,27,B,SRI3,460,-0.5679043445506509,124.25349215430765,-0.005807458276061177,0.7000532654097738,4029449522.738599,4029.4495227385987,0.7321663642508985,0.39620023481694955
P_Q1,27,B,SRI3,464,0.0,1175.7794991528424,0.0,0.7001784807124254,5764201204.592443,5764.201204592444,0.8551606361404632,0.2203365709609706
P_Q1,27,B,SRI3,465,0.0,42.37898714265509,0.0,0.7,3477738841.598948,3477.738841598948,0.7188956487707687,0.404383249724268
P_Q1,27,B,SRI3,466,-4.0,0.0,-0.20354298308968166,0.92957672111659,350857787.7558103,350.8577877558103,0.5637741487885578,0.40954210694844706
P_Q1,27,B,SRI3,467,0.0,1844.5235188765073,-1.4710076962926057,0.7040111324578153,5399338994.600031,5399.338994600031,0.8392215462340343,0.08905254918703522
P_Q1,27,B,SRI3,468,0.0,2098.648967932618,-0.20168359887914278,0.867127238346324,5478287644.760613,5478.287644760613,0.8496815739851284,0.06133703347920449
P_Q1,27,B,SRI3,469,-0.002826145975079543,1844.1675085539378,-0.20867066071417756,0.8760604703080836,5286829788.633218,5286.8297886332175,0.8340271106841711,0.08919486248977118
P_Q1,27,B,SRI3,470,-0.0034547144825653646,643.3083240972853,-0.0010698011784396055,0.7011280810266152,5199170904.324018,5199.170904324017,0.8138542000213472,0.3296331874621981
P_Q1,27,B,SRI3,471,-0.001081169203309356,1634.0779457620874,0.0,0.7012624647390258,6099682486.993825,6099.682486993825,0.8784644394634789,0.12246059700430496
P_Q1,27,B,SRI3,472,0.0,1052.2484825541928,0.0,0.7,5655922860.140913,5655.922860140913,0.8474757177927207,0.24705589354964952
P_Q1,27,B,SRI3,474,0.0,861.8262517765552,0.0,0.7,5466652145.653512,5466.652145653512,0.8344540505923791,0.2900700893015975
P_Q1,27,B,SRI3,475,0.0,600.6210551643838,-0.0003415506698478607,0.7,5146298567.408699,5146.2985674086995,0.8097271142420038,0.33607286441100076
P_Q1,27,B,SRI3,477,0.0,1058.7706185082836,0.0,0.7123825295391452,5597111094.02158,5597.111094021579,0.8435976802931654,0.24577507382502578
P_Q1,27,B,SRI3,479,-1.1070137231394215,0.0,-0.5947693513228485,0.9431340719673629,252187778.96389747,252.18777896389747,0.5532073860604121,0.40954210694844706
P_Q1,27,B,SRI3,481,-0.0043166748883859,1116.3250436914489,-0.0015711863250881593,0.7016143114414601,5705180723.279207,5705.180723279207,0.8512114419895401,0.23325150318426016
P_Q1,27,B,SRI3,482,-0.12559822060384795,0.0,-0.9626347272549023,0.7,1130824628.7971563,1130.8246287971563,0.6623261109332194,0.40954210694844706
P_Q1,27,B,SRI3,483,0.0,954.7309303939586,0.0,0.7,5562649219.877393,5562.649219877393,0.8408937275411821,0.27003949194150917
P_Q1,27,B,SRI3,485,0.0,1196.4762142702923,0.0,0.7,5782564412.2390585,5782.564412239059,0.856370299213719,0.21475077382858357
P_Q1,27,B,SRI3,489,-0.0017646848489468406,122.00014561464013,-0.00011660207317014566,0.7000358818845057,4020442856.361503,4020.4428563615033,0.734870317002882,0.39459921016116983
P_Q1,27,B,SRI3,492,-0.012915996896603943,569.1273769496748,0.0,0.7,5100853951.709376,5100.853951709376,0.8059913900451845,0.34055573344718404
P_Q1,27,B,SRI3,493,-0.9437192116726705,0.0,-0.7290171539159251,0.8062142128845811,812839420.174478,812.839420174478,0.6208417831856834,0.40954210694844706
P_Q1,27,B,SRI3,495,0.0,1420.9886394432137,0.0,0.7,5958257537.967659,5958.257537967659,0.8688582915288007,0.1633756715408973
P_Q1,27,B,SRI3,499,0.0,1922.008581894309,-0.8277156094153679,0.7988012653307061,5525042474.270055,5525.042474270055,0.8516383818977477,0.07852136478457324
P_Q1,27,B,SRI3,500,-0.42312691091166954,157.55836767087655,-0.00027373868234459395,0.7,4173555945.9765615,4173.555945976562,0.739317607713381,0.3919664140605543
P_Q1,27,B,SRI3,501,0.0,1934.7565150202151,-2.7568208153259057,0.8300243674148862,4780480283.406612,4780.480283406612,0.8062404383249723,0.07738285836268546
P_Q1,27,B,SRI3,504,0.0,795.9108202574287,-0.0005292286647018843,0.7,5393632849.030999,5393.632849030999,0.8286903618315724,0.303056178176255
P_Q1,27,B,SRI3,505,-7.361103933928349e-11,0.0,-0.8407621561870606,0.7005708471431484,1195451537.0843472,1195.4515370843471,0.6689792578361262,0.40954210694844706
P_Q1,27,B,SRI3,506,-3.3678890052196984,0.0,-1.9589432790625714,0.9050492590881688,124122911.89122246,124.12291189122246,0.5409684420251184,0.40954210694844706
P_Q1,27,B,SRI3,508,-3.4077258559668264,0.0,-1.9942426674863076,0.954378978030729,56582198.61467389,56.58219861467389,0.5326075354893797,0.40954210694844706
P_Q1,27,B,SRI3,510,0.0,1823.732538955958,-1.4815050561640237,0.7965299777273085,5154213950.469459,5154.213950469459,0.8255950474970647,0.09211228519585869
P_Q1,27,B,SRI3,511,0.0,841.8031546541315,0.0,0.7000195972821968,5444843490.335502,5444.843490335502,0.8326395559824955,0.2940904401038888
P_Q1,27,B,SRI3,512,-2.0388278480471516,0.0,-1.0729425323561863,0.7,1054434865.0805755,1054.4348650805755,0.654570035934109,0.40954210694844706
P_Q1,27,B,SRI3,514,0.0,433.28392991060747,0.0,0.7,4879489456.733313,4879.489456733312,0.7906571316753835,0.35948340271106843
P_Q1,27,B,SRI3,515,0.0,1357.5437544850465,0.0,0.7,5910908139.304883,5910.908139304883,0.8656918205429252,0.17821183335112248
P_Q1,27,B,SRI3,516,-0.016371670026109647,157.55836767087655,-0.00027373868234459395,0.7,4173689244.194587,4173.689244194587,0.7423773437222045,0.39036538940477455
P_Q1,27,B,SRI3,520,-0.0010360985791067565,2018.2013681138092,-1.6138319584335559,0.9221061603738901,4933101678.89101,4933.10167889101,0.8186216956630019,0.06745650549685132
P_Q1,27,B,SRI3,522,0.0,1907.8675916414054,-0.10913870187598716,0.9559710046081165,4930386819.433504,4930.386819433504,0.8150994414202869,0.07980218450919702
P_Q1,27,B,SRI3,523,0.0,336.555117322101,0.0,0.7004911143401038,4684373983.016058,4684.3739830160575,0.7757498132137903,0.3708328886042621
P_Q1,27,B,SRI3,525,0.0,1823.919556927844,-0.21880396086729836,0.7965299777273085,5668897634.689995,5668.897634689994,0.8556587327000391,0.09211228519585869
P_Q1,27,B,SRI3,526,-1.2885707170673577,0.0,-0.17203886252600498,0.7323432747321171,1342126907.1314468,1342.1269071314468,0.6853808659764472,0.40954210694844706
P_Q1,27,B,SRI3,527,0.0,509.6281170518215,-0.002522060788426552,0.7,5008928044.048033,5008.9280440480325,0.7991959298395417,0.3493080015654463
P_Q1,27,B,SRI3,529,-0.02275209266156993,0.0,-0.5428786908506311,0.7,1357200101.2546022,1357.2001012546023,0.686199167467179,0.40954210694844706
P_Q1,27,B,SRI3,530,-1.9992400614627763,0.0,-0.178908691293534,0.7029774533819153,1488244800.2020636,1488.2448002020635,0.702173835699292,0.40954210694844706
P_Q1,27,B,SRI3,531,0.0,1169.355379917428,0.0,0.7,5759695279.726182,5759.695279726182,0.8548048528836233,0.22165296901127832
P_Q1,27,B,SRI3,534,-3.5219100904881953,0.0,-0.06193095203094914,0.7,1545107714.1234052,1545.1077141234052,0.7071548012950509,0.40954210694844706
P_Q1,27,B,SRI3,535,0.0,2072.813997078872,-0.0020008507639622877,0.867832388033703,5491306017.648987,5491.306017648987,0.8502508271960721,0.06261785320382823
P_Q1,27,B,SRI3,536,0.0,254.17959386255706,-4.77988058965602e-06,0.7,4486241376.182847,4486.241376182847,0.760878073077881,0.37986978332799665
P_Q1,27,B,SRI3,538,0.0,670.0624007743315,-0.00028808366425160344,0.7000429809575412,5240152038.38675,5240.15203838675,0.8170918276585903,0.32515031842601483
P_Q1,27,B,SRI3,539,-0.011220302871550798,623.8670809003589,0.0,0.7,5178736186.625566,5178.736186625565,0.8122887536912514,0.3327996584480735
P_Q1,27,B,SRI3,540,-0.10954112071898008,463.3851734555783,0.0,0.7,4932587343.201354,4932.587343201354,0.7929341445191589,0.35660155833066504
P_Q1,27,B,SRI3,542,0.0,1381.1983912851504,0.0,0.7,5928721560.994909,5928.721560994909,0.8669370619418649,0.17251930124168358
P_Q1,27,B,SRI3,543,0.0,387.5694316420754,0.0,0.7,4793049390.545131,4793.04939054513,0.7838616714697407,0.3646066816095634
P_Q1,27,B,SRI3,544,0.0,276.92136032701256,0.0,0.7000121608716189,4546024706.725263,4546.024706725263,0.7655032554168002,0.37766392713558894
P_Q1,27,B,SRI3,545,0.0,1914.6207193059029,-0.11074140904900509,0.9031285890919508,5204582671.485915,5204.582671485915,0.8308606396982957,0.0792329312982531
P_Q1,27,B,SRI3,546,0.0,729.2076372909819,-1.2456103965557074e-07,0.7000013611909146,5314943506.706011,5314.943506706011,0.8224641548368735,0.31490376062902475
P_Q1,27,B,SRI3,547,-0.07128969288973963,0.0,-0.016779407946146352,0.9828891152788977,89126023.10803635,89.12602310803635,0.5367346212687232,0.40954210694844706
P_Q1,27,B,SRI3,548,-0.0002488753591814979,1894.8612764477189,-0.004409645890778635,0.9219512252560812,5106119928.339168,5106.119928339168,0.8244209627494931,0.08165225744476466
P_Q1,27,B,SRI3,549,-0.0024101504234161028,1866.1827308071117,-0.012411823650937959,0.9207911993999562,5094633335.414684,5094.633335414685,0.8231757213505532,0.0856370299213719
P_Q1,27,B,SRI3,550,0.0,1998.3447308440816,-0.9140712962811659,0.8837237649010488,5207669310.493713,5207.669310493713,0.8346319422207992,0.0695912050378909
P_Q1,27,B,SRI3,551,0.0,2100.0,-1.2219767861295925,0.7493556037893596,5602619346.085979,5602.6193460859795,0.8572241790301348,0.06115914185078451
P_Q1,27,B,SRI3,552,0.0,752.6653264466731,0.0,0.7,5343261037.996533,5343.261037996534,0.8247411676806489,0.3102785782901056
P_Q1,27,B,SRI3,553,0.0,290.53549175181854,-0.007802420133913868,0.7,4578031311.290068,4578.031311290068,0.7678158465862597,0.37627637243391326
P_Q1,27,B,SRI3,554,0.0,2080.4517885457844,-0.8959172885973408,0.8613621601378755,5344891589.315196,5344.891589315196,0.8441313551784254,0.06236880492404028
P_Q1,27,B,SRI3,555,0.0,1231.752646227932,0.0,0.7009187473986953,5806901236.984435,5806.901236984435,0.8587896253602307,0.2072081687835771
P_Q1,27,B,SRI3,557,0.0,374.5095684586621,0.0,0.7,4766952845.137248,4766.952845137248,0.7817625502543852,0.3657807663571353
P_Q1,27,B,SRI3,558,-0.7420992961958622,248.9767092161292,0.0,0.7,4471350719.886016,4471.350719886016,0.7507738285836267,0.3861315686483795
P_Q1,27,B,SRI3,559,0.0,2043.2940997620483,-1.1728090259601698,0.713478307670887,5725112370.83827,5725.11237083827,0.8620628313231579,0.06525064930444373
P_Q1,27,B,SRI3,560,-0.0010088466180130234,1631.4811603072162,-0.0014061022943025283,0.7000798060948985,6104099700.2607765,6104.099700260776,0.8789269576973708,0.12292311523819688
P_Q1,27,B,SRI3,562,0.0,2060.3438035958316,-3.8386595256215763,0.9766350093767783,4792483187.093255,4792.483187093255,0.8117550788059914,0.06364962464866403
P_Q1,27,B,SRI3,563,0.0,1896.5708060850868,-0.1677243251155523,0.7914716258626464,5750048210.507647,5750.048210507646,0.861849361369054,0.08140320916497672
P_Q1,27,B,SRI3,564,0.0,1820.5317102268139,0.0,0.7001562558760936,6223435947.641148,6223.435947641147,0.8854377912975416,0.09243249012701461
P_Q1,27,B,SRI3,565,-1.0988195516015624,0.0,-0.5262860553206763,0.9525617504258646,215837329.9855846,215.83732998558457,0.5491158786067527,0.40954210694844706
P_Q1,27,B,SRI3,566,0.0,2060.3438035958316,0.0,0.9318081734798087,5149330543.661621,5149.330543661621,0.8307539047212438,0.06364962464866403
P_Q1,27,B,SRI3,567,-3.8580904306728756e-05,1281.2859244561043,0.0,0.7000472155628314,5851412660.173409,5851.41266017341,0.8621695663002099,0.1957163695876472
P_Q1,27,B,SRI3,569,0.0,1250.5216413268172,0.0,0.7,5826994962.428717,5826.9949624287165,0.8603906500160102,0.20283203472444586
P_Q1,27,B,SRI3,572,0.0,1142.3408574014416,0.0,0.7001095447790154,5735896221.014123,5735.896221014123,0.8533817198562637,0.22795033265734513
P_Q1,27,B,SRI3,573,0.0,2024.4508183715975,-0.006843178173750355,0.9635969264480008,4962608278.227556,4962.608278227556,0.8200092503646776,0.06699398726295941
P_Q1,27,B,SRI3,577,0.0,478.9052404158594,-0.0038377460194457536,0.7,4957837729.592304,4957.837729592305,0.7958159888995624,0.35396876223004947
P_Q1,27,B,SRI3,578,0.0,1947.3012251843204,0.0,0.7,6299178419.013324,6299.178419013324,0.8897071903796209,0.07560394207848577
P_Q1,27,B,SRI3,579,0.0,2014.280745978005,-1.0199731498057774,0.7336990495664472,5740975898.077454,5740.975898077453,0.8632369160707297,0.06788344540505925
P_Q1,27,B,SRI3,580,0.0,1713.6285320976122,-0.0001057505577519895,0.7,6157725556.464135,6157.7255564641355,0.8818088020777742,0.10840715835912762
P_Q1,27,B,SRI3,582,0.0,1876.0011456049504,0.0,0.7,6257533526.554197,6257.533526554197,0.8876436474899492,0.08414274024264418
P_Q1,27,B,SRI3,585,0.0,1899.775980641417,-0.8163899112316516,0.7669580840852364,5645664254.254979,5645.664254254979,0.8575799622869748,0.08104742590813678
P_Q1,27,B,SRI3,586,0.0,403.4198510465042,-0.002337063228764258,0.7,4823698051.609749,4823.698051609749,0.7863521542676202,0.36282776532536376
P_Q1,27,B,SRI3,587,0.0,2035.971312192287,0.0,1.0,4778346758.052007,4778.346758052006,0.8102607891272634,0.06578432418970365
P_Q1,27,B,SRI3,588,0.0,545.3614825872443,-0.0019055076848671984,0.7000240853841735,5064968932.788787,5064.968932788787,0.8030383890134131,0.3445049275981073
P_Q1,27,B,SRI3,590,-0.015561128600298058,78.9680321356749,0.0,0.7,3780748465.7729716,3780.7484657729715,0.7262247838616714,0.3994734407798769
P_Q1,27,B,SRI3,592,-0.00041814543442669566,245.8045810630034,-0.00012623815433493316,0.7000011428643154,4463097692.857796,4463.097692857796,0.7595260967018892,0.3806169281673605
P_Q1,27,B,SRI3,593,0.0,636.4429553885263,-0.0002129998418519477,0.7000023787882165,5195816203.12522,5195.81620312522,0.8135695734158751,0.3307005372327179
P_Q1,27,B,SRI3,594,0.0,2068.215682829233,0.0,0.9469244299243954,5074445597.959121,5074.445597959121,0.8274095421069484,0.06304479311203615
P_Q1,27,B,SRI3,597,-0.020033950264890202,43.131660522365735,-0.0014314471527218636,0.7,3485651986.310029,3485.651986310029,0.7190735403991888,0.4043476713985839
P_Q1,27,B,SRI3,600,-1.9465570876369833,401.2468066572573,0.0,0.7,4817236373.38907,4817.23637338907,0.734656847048778,0.39520404169779766
P_Q1,27,B,SRI3,602,0.0,360.6713684093903,0.0,0.7,4738522509.730046,4738.522509730046,0.7797345856903974,0.36798662254954284
P_Q1,27,B,SRI3,606,0.0,345.2444906506764,0.0,0.7,4705865789.115823,4705.865789115823,0.7775643078236738,0.36969438218237444
P_Q1,27,B,SRI3,607,0.0,166.1330393038561,0.0,0.7,4206652764.726198,4206.652764726198,0.7437648984238799,0.38936919628562267
P_Q1,27,B,SRI3,608,-8.580144760728624e-05,237.0655579687527,-0.0035110628820547384,0.7000030294786074,4437182039.574306,4437.182039574305,0.7577116020920057,0.3818977478919842
P_Q1,27,B,SRI3,609,0.0,2099.203864596609,-1.0196106833142802,0.736469558662212,5777991239.840156,5777.991239840156,0.8656206638915571,0.06133703347920449
P_Q1,27,B,SRI3,615,-0.005279389200926719,113.21243823764314,-0.007851927801595774,0.7001512636757903,3974780868.1061687,3974.780868106169,0.7329846657416302,0.39552424662895364
P_Q1,27,B,SRI3,616,0.0,584.9348616764586,0.0,0.7,5123939105.831679,5123.93910583168,0.8080549329348563,0.33856334720888026
P_Q1,27,B,SRI3,617,0.0,692.4885125187952,0.0,0.7,5269255074.03255,5269.25507403255,0.8190486355712101,0.32127228092645954
P_Q1,27,B,SRI3,619,-0.0020428388540347127,1893.4644274177263,-1.4958393627747109,0.7107897626228563,5397026215.030974,5397.0262150309745,0.8394705945138221,0.0818657273988686
P_Q1,27,B,SRI3,620,0.0,57.0085439071836,0.0,0.7,3616544090.3018217,3616.5440903018216,0.72202654143096,0.40242644181164827
P_Q1,27,B,SRI3,621,0.0,85.80437197690787,0.0,0.7,3824671456.429822,3824.671456429822,0.7273988686092432,0.398690717614829
P_Q1,27,B,SRI3,624,0.0,1856.249806574966,-1.5828109236116856,0.7031773317890608,5331937127.577517,5331.937127577517,0.834774255523535,0.0871313196000996
P_Q1,27,B,SRI3,625,0.0,2083.5807506537176,0.0,0.9901369069148754,4856515151.762161,4856.515151762162,0.8162023695164907,0.062190913295620306
P_Q1,27,B,SRI3,633,0.0,1856.249806574966,-2.858828094522196,0.7031773317890608,4758181864.836232,4758.181864836232,0.8017931476144732,0.0871313196000996
P_Q1,27,B,SRI3,635,0.0,1823.732538955958,-1.4815050561640237,0.769363841942829,5220870631.147816,5220.870631147815,0.8295086633223038,0.09211228519585869
P_Q1,27,B,SRI3,637,0.0,977.0014935119547,0.0,0.7,5584561365.159168,5584.561365159168,0.8423524388942257,0.2652008396484862
P_Q1,27,B,SRI3,639,0.0,530.8429711802962,0.0,0.7,5042956898.153307,5042.956898153307,0.8014373643576335,0.3466752054648308
P_Q1,27,B,SRI3,640,0.0,2074.81951765186,-2.8592749915223745,0.7,4884718206.967089,4884.718206967089,0.8149571281175508,0.06247553990109225
P_Q1,27,B,SRI3,641,0.0,1932.480587433002,-0.8468593488480677,0.7172445250086897,5850419929.824212,5850.419929824212,0.8681111466894367,0.07752517166542143
P_Q1,27,B,SRI3,645,0.0,2070.6596470545464,-0.8468593488480677,0.7172445250086897,5928494725.943638,5928.494725943638,0.8725940157256199,0.0627601665065642
P_Q1,27,B,SRI3,648,0.0,1939.2537322481942,-0.07499800878499092,0.9669499820095765,4893978335.081013,4893.978335081013,0.8139965133240828,0.07681360515174156
P_Q1,27,B,SRI3,650,0.0,2060.3438035958316,-0.0019376767557469131,0.9730144184485576,4933410969.748981,4933.410969748981,0.8193332621766817,0.06364962464866403
P_Q1,27,B,SRI3,651,0.0,2079.6548364614946,-0.8250919205630437,0.8632619906338257,5355095976.662909,5355.0959766629085,0.8445938734123172,0.06240438324972427
P_Q1,27,B,SRI3,653,0.0,0.0,-0.4167181855050186,0.7,1411763893.2931013,1411.7638932931013,0.6935638808837656,0.40954210694844706
P_Q1,27,B,SRI3,654,-0.12537417348651492,0.0,-1.2878861009462168,0.7003803862854455,889204861.3689135,889.2048613689135,0.6347529085281247,0.40954210694844706
P_Q1,27,B,SRI3,655,-0.05143902791103442,1880.544993256803,0.0,0.7,6260170809.774776,6260.170809774777,0.8854733696232258,0.08499662005906003
P_Q1,27,B,SRI3,657,0.0,1943.8030588129998,-0.1341780966543058,0.9158787414620456,5153919381.767314,5153.919381767314,0.8286903618315722,0.0761020386380617
P_Q1,27,B,SRI3,660,0.0,100.49572896720998,0.0,0.7,3910688998.623719,3910.6889986237193,0.7309922795033266,0.39687622300494535
P_Q1,27,B,SRI3,661,0.0,1024.5686496519618,0.0,0.7,5630174736.264874,5630.174736264875,0.8457679581598889,0.25360230547550433
P_Q1,27,B,SRI3,662,-6.9919177222252e-07,1918.8356417814093,-1.1613505038756309,0.733350544164449,5596050060.923406,5596.050060923406,0.8545558046038352,0.0787704130643612
P_Q1,27,B,SRI3,663,-0.0014261464649800656,1979.8572108679598,-0.09688858721230945,0.9489144082989128,5008823672.61645,5008.8236726164505,0.8215746966947735,0.07165474792756253
P_Q1,27,B,SRI3,668,-0.0947135208401606,12.192357417770715,0.0,0.7,2990132937.211712,2990.132937211712,0.7122069235421782,0.4082968655495073
P_Q1,27,B,SRI3,669,-0.00011904114020044876,220.0329815082906,0.0,0.7,4388170476.458568,4388.1704764585675,0.7544028178033941,0.38371224250186775
P_Q1,27,B,SRI3,670,-9.215651890580881e-05,196.6218433703292,-0.0033261303725278155,0.7000946050360997,4312412448.972773,4312.412448972773,0.749457430533319,0.3858469420429075
P_Q1,27,B,SRI3,671,0.0,1932.7690804308297,-0.80330042451776,0.7172445250086897,5873216348.852495,5873.216348852495,0.8690717614829045,0.07752517166542143
P_Q1,27,B,SRI3,673,0.0,134.12679238094628,0.0,0.7,4076309436.2477956,4076.3094362477955,0.7379300530117051,0.39303376383107413
P_Q1,27,B,SRI3,674,0.0,0.0,-0.4710090999197579,0.7,1387522240.004404,1387.522240004404,0.6898993133383143,0.40954210694844706
P_Q1,27,B,SRI3,675,0.0,211.89004491898837,-0.009970293938579428,0.7,4360214028.984441,4360.214028984441,0.7524104315650905,0.3842814957128117
P_Q1,27,B,SRI3,676,-0.003508127676346527,490.5687704215717,0.0,0.7,4978498514.635942,4978.498514635942,0.797417013555342,0.3521542676201658
P_Q1,27,B,SRI3,677,0.0,1973.7107110769757,-0.010329820828194851,0.9601754061801562,4951537698.31236,4951.53769831236,0.8180168641263742,0.0723663144412424
P_Q1,27,B,SRI3,678,-3.8685454584741485e-05,1770.1821205354272,-0.0013215151963965645,0.7007687884773244,6189295243.081608,6189.295243081608,0.8835521400362901,0.10040203508022912
P_Q1,27,B,SRI3,679,0.0,2062.694103260218,-0.6147670087248616,0.7453860783466352,5919779595.404878,5919.779595404878,0.8715622442807841,0.06343615469456008
P_Q1,27,B,SRI3,680,-0.009535724710641895,1446.6165647148268,-7.150693054643227e-05,0.7,5976888995.984811,5976.888995984811,0.8695342797167966,0.15814565766535027
P_Q1,27,B,SRI3,681,0.0,462.2539258836594,0.0,0.7018573307228793,4921015524.315163,4921.015524315163,0.793147614473263,0.356174618422457
P_Q1,27,B,SRI3,682,-0.056045338841747894,22.818000195486775,0.0,0.7000486841982391,3217246128.3221064,3217.2461283221064,0.7144839363859539,0.4069448891735155
P_Q1,27,B,SRI3,683,-0.10081447098788532,0.0,-0.02789961965969186,0.7000351755591923,1555461491.5578566,1555.4614915578566,0.7081865727398869,0.40954210694844706
P_Q1,27,B,SRI3,684,0.0,1856.249806574966,-1.5588309214948721,0.7032284961308932,5350090372.144374,5350.090372144374,0.8360194969224749,0.0871313196000996
P_Q1,27,B,SRI3,685,-9.816934081008756e-05,914.581704776413,-0.001757053087841262,0.7,5522029151.883711,5522.029151883711,0.8376205215782546,0.27936101327071544
P_Q1,27,B,SRI3,687,0.0,1876.2305963686983,-0.12064760542513829,0.9653823916499645,4862981448.648369,4862.981448648369,0.8108656206638915,0.08410716191696019
P_Q1,27,B,SRI3,688,0.0,311.8315632908889,-0.0016112758587434198,0.7000002058274638,4631000935.01838,4631.00093501838,0.7717294624114991,0.37382146796171783
P_Q1,27,B,SRI3,689,0.0,773.618035473271,0.0,0.7,5367992733.946312,5367.992733946312,0.8264133489877968,0.3067563240473903
P_Q1,27,B,SRI3,690,-2.0388278480471516,0.0,-1.0919917819190554,0.7000287922696973,1039898227.4235333,1039.8982274235334,0.6532180595581173,0.40954210694844706
P_Q1,27,B,SRI3,691,-2.312756884965732,0.0,-1.489038968045569,0.8885393089370887,270862263.2913044,270.86226329130443,0.5565161703490233,0.40954210694844706
P_Q1,27,B,SRI3,692,-0.0004056915715409488,1854.5533252541331,-1.5897912250181225e-05,0.8832682017113668,5285221868.520249,5285.22186852025,0.834382893941011,0.08748710285693954
P_Q1,27,B,SRI3,695,-1.8157007391892355,0.0,-0.44488070444369576,0.713191144089331,1337774230.4676685,1337.7742304676685,0.6844202511829797,0.40954210694844706
P_Q1,27,B,SRI3,696,-0.039772490694409135,183.28435974622477,0.0,0.7,4268739341.5761566,4268.739341576156,0.7467534777813355,0.3877325933041591
P_Q1,27,B,SRI3,697,-2.0656181774340308,0.0,-1.5249793059893628,0.9840065294477185,37762919.58994237,37.76291958994237,0.5318959689756999,0.40954210694844706
P_Q1,27,B,SRI3,700,0.0,462.610069212263,0.0,0.7,4931371273.869606,4931.371273869606,0.7940370726153626,0.3561034617710891
P_Q1,27,B,SRI3,701,0.0,1829.2612846776053,-0.8310323303637634,0.7,5865512797.503056,5865.5127975030555,0.8676486284555449,0.09122282705375886
P_Q1,27,B,SRI3,702,0.0,194.67358970890604,0.0,0.7,4307604297.847315,4307.604297847315,0.7491016472764791,0.38606041199701147
P_Q1,27,B,SRI3,704,0.0,230.93636208835113,0.0,0.7,4420680430.426373,4420.680430426372,0.7564663606930657,0.3823602661258761
P_Q1,27,B,SRI3,705,-0.07151306463549778,32.25539094588146,0.0,0.7,3358289919.06914,3358.28991906914,0.7164763226242572,0.40584196107731174
P_Q1,27,B,SRI3,706,-2.1759724891660794,0.0,-1.5517947841673592,0.9139171261187787,196985707.63380954,196.98570763380954,0.547728323905077,0.40954210694844706
P_Q1,27,B,SRI3,707,0.0,689.1662549734165,0.0,0.7,5265032218.173131,5265.032218173131,0.8186216956630021,0.32205500409150745
P_Q1,27,B,SRI3,709,0.0,832.3065590781111,0.0,0.7,5434515896.784155,5434.515896784155,0.8316789411890277,0.2958693563880884
P_Q1,27,B,SRI3,711,0.0,731.2450586956159,0.0,0.7,5317433572.252441,5317.433572252441,0.8227132031166614,0.3147258690006048
P_Q1,27,B,SRI3,715,0.0,272.92437503423685,0.0,0.7,4535850498.865554,4535.850498865554,0.7647561105774362,0.37805528871811295
P_Q1,27,B,SRI3,717,0.0,1252.5023009943636,0.0,0.7,5828607670.476982,5828.607670476982,0.8605329633187462,0.20226278151350197
P_Q1,27,B,SRI3,719,-0.004795251436153402,1946.207406092717,-1.2355756442263433,0.7,5662664541.832935,5662.664541832935,0.8579357455438145,0.07578183370690575
P_Q1,27,B,SRI3,720,0.0,1368.6408902721078,0.0,0.7026959252982575,5905184464.7786455,5905.184464778646,0.8653716156117695,0.17543672394777102
P_Q1,27,B,SRI3,722,0.0,285.41163510768945,0.0,0.7,4567467926.230117,4567.467926230117,0.7671398583982637,0.37673889066780514
P_Q1,27,B,SRI3,723,0.0,1905.9085273896133,-0.1681878995541921,0.8088981932049846,5667766089.384309,5667.7660893843085,0.8576511189383429,0.08005123278898496
P_Q1,27,B,SRI3,724,0.0,1878.3804245009974,0.0,0.7005139304559012,6256255669.951928,6256.255669951928,0.8875724908385813,0.08389369196285622
P_Q1,27,B,SRI3,726,0.0,325.72551400326836,0.0,0.7,4662882819.523858,4662.882819523858,0.7738997402782225,0.3719002383747821
P_Q1,27,B,SRI3,728,0.0,857.4019586744726,0.0,0.7,5461892189.882762,5461.892189882762,0.8341338456612233,0.29106628242074933
P_Q1,27,B,SRI3,732,0.0,1875.36071331425,-4.0,1.0,4685706642.59741,4685.70664259741,0.8001565446330093,0.08414274024264418
P_Q1,27,B,SRI3,733,-0.06778934160509904,208.56754421844175,-8.459130388435753e-05,0.7,4352569628.150444,4352.569628150444,0.7511296118404668,0.3850642188778596
P_Q1,27,B,SRI3,735,0.0,307.60745543799396,0.0,0.700011573955686,4621118218.270588,4621.118218270588,0.7709111609207672,0.3743907211726616
P_Q1,27,B,SRI3,737,0.0,76.57043450868343,0.0,0.7,3764658377.641455,3764.658377641455,0.7259757355818836,0.39986480236240074
P_Q1,27,B,SRI3,739,0.0,334.0996007832474,0.0,0.7,4681537948.736848,4681.537948736848,0.7756786565624222,0.37104635855836615
P_Q1,27,B,SRI3,740,0.0,656.5684081198582,0.0,0.7,5222788178.341679,5222.788178341679,0.8157754296082826,0.3274984879211584
P_Q1,27,B,SRI3,741,0.0,87.19469490456268,-0.003320951932266546,0.7,3832110304.6840568,3832.1103046840567,0.7277546518660832,0.398512825986409
P_Q1,27,B,SRI3,743,-0.003453055294890323,1718.9697907232755,0.0,0.7,6161242266.422857,6161.242266422857,0.8818088020777743,0.10758885686839577
P_Q1,27,B,SRI3,744,-0.03521375798842302,0.0,-0.02535718655183189,0.7007403985778966,1551990192.352328,1551.990192352328,0.707724054505995,0.40954210694844706
P_Q1,27,B,SRI3,745,0.0,2033.9589901987963,-1.02283885879999,0.7378276953222254,5735216412.19306,5735.21641219306,0.8629522894652578,0.06603337246949159
P_Q1,27,B,SRI3,746,-1.0053483642661032,0.0,-0.9511952054605841,0.7026211744796789,1128709378.031156,1128.7093780311561,0.6621482193047995,0.40954210694844706
P_Q1,27,B,SRI3,747,0.0,1463.4013920417237,0.0,0.7,5988984952.271707,5988.984952271707,0.8709218344184725,0.15483687337673888
P_Q1,27,B,SRI3,748,-1.7113869688118535,0.0,-1.4126247375637442,0.9108659784614948,233560322.75048283,233.56032275048284,0.5517842530330525,0.40954210694844706
P_Q1,27,B,SRI3,750,0.0,979.3658426793252,0.0,0.7,5586903658.39409,5586.90365839409,0.8426014871740136,0.26473832141459425
P_Q1,27,B,SRI3,753,-2.3731512411602926,0.0,-0.5535202717818397,0.8460757337152203,692608896.52511,692.60889652511,0.6034439819262104,0.40954210694844706
P_Q1,27,B,SRI3,754,-4.7696288722404775e-06,1938.5618509660462,-1.52683450521919,0.8724672685546025,5022999394.225568,5022.999394225568,0.8213256484149855,0.07688476180310955
P_Q1,27,B,SRI3,757,0.0,2057.412022365586,-2.860375935877761,0.9084118992109811,4816189320.828319,4816.189320828318,0.8124310669939873,0.06393425125413597
P_Q1,27,B,SRI3,758,0.0,2098.179623475254,-2.976601271651825,0.8956056933141326,4836287186.231578,4836.287186231578,0.8147792364891308,0.061372611804888476
P_Q1,27,B,SRI3,765,0.0,709.892987728884,0.0,0.7,5291147108.111978,5291.147108111978,0.8209342868324617,0.3177856050094282
P_Q1,27,B,SRI3,766,-2.2196701090485464,0.0,-0.840322177858908,0.7,1198020434.310922,1198.020434310922,0.6693706194186503,0.40954210694844706
P_Q1,27,B,SRI3,767,0.0,1321.3771243020187,0.0,0.7,5883122632.840455,5883.1226328404555,0.8637705909559897,0.1865371615611769
P_Q1,27,B,SRI3,768,-0.965696520320682,194.12325909720425,0.0,0.7,4305230869.855597,4305.230869855596,0.739566655993169,0.3919308357348703
P_Q1,27,B,SRI3,769,0.0,1050.874817371915,-5.481910792595435e-05,0.7,5654656390.875578,5654.656390875578,0.8474045611413525,0.24730494182943746
P_Q1,27,B,SRI3,770,-1.9901386157377396,220.9624504675255,0.0,0.7,4389739566.352924,4389.739566352924,0.7234140961326361,0.4013590920411285
P_Q1,27,B,SRI3,771,-0.002679072047105824,360.829768041342,0.0,0.7001932342306756,4737841084.564281,4737.841084564281,0.7795922723876615,0.36798662254954284
P_Q1,27,B,SRI3,772,0.0,600.51317261137,0.0,0.7,5146202971.045211,5146.202971045211,0.8096915359163198,0.33607286441100076
P_Q1,27,B,SRI3,773,0.0,2030.5832093148497,-2.528504974213323,0.9435955108633287,4804014011.708277,4804.0140117082765,0.8115060305262033,0.06617568577222757
P_Q1,27,B,SRI3,774,0.0,1173.3489695127585,0.0,0.7005117800025218,5760391962.106223,5760.391962106223,0.8549115878606751,0.22079908919486246
P_Q1,27,B,SRI3,775,-0.014436719966741007,0.0,-0.5535202717818397,0.7037463787279984,1332920191.7609532,1332.9201917609532,0.6836019496922475,0.40954210694844706
P_Q1,27,B,SRI3,776,-0.002690499542248509,135.48678689094277,0.0,0.7,4082301540.251319,4082.301540251319,0.738214679617177,0.39282029387697015
P_Q1,27,B,SRI3,778,0.0,1996.482030158033,-0.1681878995541921,0.9431114312712509,5043150233.5061655,5043.150233506166,0.8236026612587612,0.06991140996904686
P_Q1,27,B,SRI3,779,-1.0076751273245446,0.0,-0.9088318387455253,0.7005353100849828,1158736145.8747792,1158.7361458747791,0.665172376987939,0.40954210694844706
P_Q1,27,B,SRI3,780,0.0,98.7926855913045,0.0,0.7000083114403135,3901188411.866714,3901.188411866714,0.7307432312235386,0.3971608496104173
P_Q1,27,B,SRI3,784,0.0,476.06846820035486,0.0,0.7,4954292201.96057,4954.29220196057,0.7956025189454585,0.3543601238125734
P_Q1,27,B,SRI3,785,-3.845823038548348,0.0,-1.1233324912068303,0.8123376296974062,638386213.2266358,638.3862132266358,0.6024122104813747,0.40954210694844706
P_Q1,27,B,SRI3,786,0.0,156.82677178314702,0.0,0.7,4170881008.619935,4170.881008619935,0.7421638737681006,0.39047212438182655
P_Q1,27,B,SRI3,788,-0.0028758648122663155,1905.205416982954,0.0,0.8972668108093528,5241917573.570943,5241.917573570943,0.8327462909595474,0.08019354609172093
P_Q1,27,B,SRI3,790,-4.7696288722404775e-06,1916.6680667563862,-2.770108021509393,0.704802671844462,4810626626.920903,4810.626626920904,0.8061337033479202,0.07898388301846514
P_Q1,27,B,SRI3,791,0.0,1905.9085273896133,-0.1681878995541921,0.9101129060950751,5157376539.075043,5157.376539075042,0.8282990002490481,0.08005123278898496
P_Q1,27,B,SRI3,792,0.0,1075.9647641012768,0.0,0.7000000334857542,5677619216.355758,5677.619216355758,0.8488988508200804,0.2418258796741026
P_Q1,27,B,SRI3,793,-0.41940764912682926,0.0,-0.8963725422434665,0.82163057009247,694339837.108097,694.339837108097,0.6070018144946099,0.40954210694844706
P_Q1,27,B,SRI3,795,-0.002690499542248509,297.39024466761055,0.0,0.7,4596838159.953856,4596.838159953856,0.7689543530081474,0.3753157576404455
P_Q1,27,B,SRI3,796,-0.0034847018778034755,570.5136586795879,-0.007591023840852723,0.7003136950494507,5099395598.396864,5099.3955983968635,0.8059558117195005,0.3403778418187641
P_Q1,27,B,SRI3,799,0.0,1905.5530532206853,-0.1681878995541921,0.9476863004816254,4967580294.20404,4967.58029420404,0.8175187675667983,0.08012238944035294
P_Q1,27,B,SRI3,800,0.0,1790.5330551425186,0.0,0.9755619687109895,4762441979.674905,4762.441979674905,0.8020421958942613,0.09687978083751378
P_Q1,27,B,SRI3,801,0.0,0.0,-0.4577187365393819,0.7,1394373688.9096646,1394.3736889096647,0.6911801330629381,0.40954210694844706
P_Q1,27,B,SRI3,803,0.0,1907.0062116591375,-1.3186547344855861,0.7131589552859673,5531864034.558672,5531.864034558672,0.8511047070124879,0.079873341160565
P_Q1,27,B,SRI3,804,-0.002690499542248509,1387.886264824282,0.0,0.7000008039770262,5933731140.473205,5933.7311404732045,0.8672928451987049,0.1712740598427438
P_Q1,27,B,SRI3,806,-1.602198686046852e-07,147.86511112773508,-0.0058236674491861295,0.7000153424540598,4133375553.064027,4133.3755530640265,0.7402426441811649,0.3913971608496103
P_Q1,27,B,SRI3,808,-1.5729865189641917e-07,2022.5840810347681,-1.300805875403063,0.7024859068363186,5643396770.004646,5643.396770004646,0.8572597573558186,0.06710072224001139
P_Q1,27,B,SRI3,810,0.0,1569.1210004210302,0.0,0.7,6062839387.615594,6062.839387615594,0.8761162699683354,0.1345572277368627
P_Q1,27,B,SRI3,814,-2.6469163400759435,0.0,-0.04439058399807794,0.7022170765726568,1538810176.3732667,1538.8101763732666,0.7062653431529514,0.40954210694844706
P_Q1,27,B,SRI3,815,0.0,1970.3482865675908,-0.16026709390879865,0.8408586298526549,5545793004.4302,5545.793004430199,0.8517451168747999,0.07275767602376633
P_Q1,27,B,SRI3,816,-0.0024401571531702942,388.4536904528826,-3.5520985643198826e-06,0.7000343670305127,4794605782.911916,4794.605782911915,0.7839684064467927,0.3644287899811435
P_Q1,27,B,SRI3,818,-0.04732372901748394,656.5684081198582,0.0,0.7,5222761286.444446,5222.761286444445,0.8150994414202866,0.32778311452663034
P_Q1,27,B,SRI3,819,-1.0076751273245446,0.0,-0.41812061245529275,0.7005315158371247,1408672867.1996763,1408.6728671996764,0.6931369409755578,0.40954210694844706
P_Q1,27,B,SRI3,823,0.0,1279.9089415062842,0.0,0.7000041539757708,5850544549.273064,5850.544549273063,0.8621339879745258,0.19607215284448715
P_Q1,27,B,SRI3,824,0.0,2100.0,-0.853987070346468,0.700210026744026,6008498691.033275,6008.498691033275,0.8760806916426511,0.06115914185078451
P_Q1,27,B,SRI3,825,0.0,641.6863050594194,0.0,0.7,5202959294.154278,5202.959294154278,0.8142811399295551,0.3299533923933541
P_Q1,27,B,SRI3,826,0.0,1974.7528893001047,0.0,0.9189369862740947,5168594267.7256775,5168.594267725677,0.829864446579144,0.0723307361155584
P_Q1,27,B,SRI3,827,-0.00022506088512852475,2000.0190348836977,-0.2556324652144907,0.8739420819170801,5380229889.076435,5380.229889076435,0.8419966556373857,0.06948447006083892
P_Q1,27,B,SRI3,828,0.0,11.890211850737614,0.0,0.7000407627568507,2981498757.96592,2981.49875796592,0.7121357668908102,0.40822570889813925
P_Q1,27,B,SRI3,831,0.0,66.06110734526345,0.0,0.7,3689231322.654445,3689.231322654445,0.7240545059949478,0.40121677873839245
P_Q1,27,B,SRI3,833,0.0,2077.1962532731422,-0.02510149760159941,0.8404138215890798,5632680285.932985,5632.6802859329855,0.8575088056356068,0.06240438324972427
P_Q1,27,B,SRI3,837,-0.00013198483926587937,1418.7256542732277,-0.001107201866580079,0.7,5956539702.921002,5956.539702921003,0.8688227132031167,0.16405165972889313
P_Q1,27,B,SRI3,839,-1.5764143525449907,0.0,-0.38539938560501175,0.7004772099496697,1420866915.268266,1420.866915268266,0.6946668089799695,0.40954210694844706
P_Q1,27,B,SRI3,840,0.0,21.442815401031282,0.0,0.7,3193418857.3929677,3193.4188573929678,0.7141281531291137,0.4070516241505675
P_Q1,27,B,SRI3,841,-0.0004691572072808847,757.3897721238733,0.0,0.7000001035388153,5348870353.681608,5348.870353681608,0.825025794286121,0.3093535418223219
P_Q1,27,B,SRI3,842,-0.002777502935369696,2074.060781205313,-0.0006307100801122324,0.7000137691415538,6370437379.692849,6370.437379692849,0.8937631195075959,0.06251111822677624
P_Q1,27,B,SRI3,847,-0.000828269392124957,545.7676180946758,-8.459130388435753e-05,0.7,5065854615.979361,5065.8546159793605,0.803145123990465,0.34436261429537135
P_Q1,27,B,SRI3,848,0.0,1973.9206603652542,-0.00476632142929545,0.8961683892849409,5286974309.826745,5286.974309826745,0.8358416052940548,0.0723663144412424
P_Q1,27,B,SRI3,852,0.0,243.31013311859704,0.0,0.7000002516589311,4456173157.1572075,4456.173157157207,0.7591347351193654,0.38097271142420036
P_Q1,27,B,SRI3,853,-0.002102213751906383,2082.1167635243087,-2.2883025459105,0.7201540393551189,5017362603.879604,5017.362603879605,0.8221083715800334,0.0622976482726723
P_Q1,27,B,SRI3,858,-0.00012391307518689774,796.3287524578761,0.0,0.7000008120709378,5394162393.963043,5394.1623939630435,0.8287970968086242,0.30291386487351907
P_Q1,27,B,SRI3,859,0.0,1974.4181154360965,-0.17230323022135613,0.9189369862740947,5151982586.942711,5151.98258694271,0.82911730173978,0.0723307361155584
P_Q1,27,B,SRI3,861,0.0,2081.8950212218224,-0.8423686185156267,0.7661591070939469,5740559931.487731,5740.559931487731,0.8645177357953534,0.06233322659835629
P_Q1,27,B,SRI3,866,0.0,1889.766798043216,0.0,0.9208013526103863,5109454451.106896,5109.454451106896,0.824456541075177,0.08239940228412851
P_Q1,27,B,SRI3,867,0.0,1875.1376640513224,-0.17951677537039928,0.9476863004816254,4949017953.445463,4949.017953445463,0.8153840680257587,0.08417831856832816
P_Q1,27,B,SRI3,868,-0.0005204662317337505,1846.761864943764,-0.23625815789893817,0.8037864385647202,5641623335.415632,5641.623335415632,0.8545558046038353,0.08880350090724728
P_Q1,27,B,SRI3,869,-3.845823038548348,0.0,-1.1233324912068303,0.7011404083085954,1016575119.2097906,1016.5751192097906,0.6504429501547657,0.40954210694844706
P_Q1,27,B,SRI3,870,0.0,1992.6845264668286,-1.02283885879999,0.7378276953222254,5711991064.908595,5711.991064908595,0.8614224214608461,0.07030277155157078
P_Q1,27,B,SRI3,871,-0.00025992837016436344,491.7142114403812,0.0,0.7,4980388042.109221,4980.388042109222,0.7976304835094459,0.35204753264311384
P_Q1,27,B,SRI3,872,-0.0009488359343889474,122.86664213228494,-0.002465848741602392,0.7000000048754232,4024537729.426068,4024.537729426068,0.7350482086313019,0.39452805350980186
P_Q1,27,B,SRI3,874,-0.0004028981104474466,1726.0347757141371,0.0,0.7093402904463388,6116823882.227116,6116.823882227116,0.8802433557476786,0.10648592877219201
P_Q1,27,B,SRI3,875,0.0,1973.7127655531383,-0.1675736670862092,0.9714234402062645,4887301948.345155,4887.301948345154,0.814565766535027,0.0723663144412424
P_Q1,27,B,SRI3,876,0.0,773.2586985738841,0.0,0.7,5367573657.060416,5367.573657060416,0.8263421923364286,0.30682748069875826
P_Q1,27,B,SRI3,877,-0.00575013216834983,114.87274181769448,-0.006666063365499749,0.7000003840383842,3984416114.7470226,3984.4161147470227,0.7334116056498382,0.3954886683032696
P_Q1,27,B,SRI3,880,0.0,1630.7655116980197,0.0,0.7,6104101774.169805,6104.101774169804,0.8789269576973708,0.12310100686661686
P_Q1,27,B,SRI3,881,-0.0002506440006361378,2010.871228783074,0.0,0.7001479518692371,6334647309.22649,6334.64730922649,0.8916995766179243,0.06816807201053117
P_Q1,27,B,SRI3,882,-0.002102213751906383,2098.3173211062112,-0.1524142267254941,0.9696800212950132,4966547530.765876,4966.547530765876,0.8220727932543492,0.06133703347920449
P_Q1,27,B,SRI3,883,-9.391608439705628e-05,2078.755772094379,-2.25775439498891,0.7019376501295882,5039416466.165607,5039.416466165608,0.8229978297221332,0.06240438324972427
P_Q1,27,B,SRI3,884,0.0,0.0,-0.48355607596756406,0.7,1383311230.6643157,1383.3112306643156,0.6892589034760024,0.40954210694844706
P_Q1,27,B,SRI3,888,0.0,0.0,-0.2066761258588805,0.7,1492670063.8662999,1492.6700638662999,0.7027075105845519,0.40954210694844706
P_Q1,27,B,SRI3,890,-2.6190348363316375e-06,257.76209297004584,-1.5147441986757672e-06,0.7002594669644508,4494572778.498653,4494.572778498654,0.7615540612658768,0.37954957839684067
P_Q1,27,B,SRI3,894,-0.0009745147250970754,1917.7496485314402,-0.018755308996591613,0.9436938724582302,5004889727.949632,5004.889727949631,0.819475575479418,0.07884156971572917
P_Q1,27,B,SRI3,895,0.0,1917.1406880759496,-1.3044245820439615,0.9436938724582302,4875084454.769503,4875.084454769502,0.8130358985306151,0.07887714804141316
P_Q1,27,B,SRI3,896,0.0,670.1643708012124,0.0,0.7000119985720308,5240503959.567232,5240.503959567232,0.8171274059842744,0.32515031842601483
P_Q1,27,B,SRI3,897,0.0,419.52387992770355,0.0,0.7000007386479162,4854261823.865795,4854.261823865795,0.7885224321343439,0.36122674066958416
P_Q1,27,B,SRI3,898,0.0,1485.1681027604625,0.0,0.7000001810793052,6004490787.944772,6004.490787944772,0.8721314974917281,0.1505674742946597
P_Q1,27,B,SRI3,899,-1.400165956892236e-08,1847.0736618729015,-1.46019369550177,0.7005783133255726,5416703166.559906,5416.703166559906,0.8404667876329739,0.0887679225815633
P_Q1,27,B,SRI3,901,0.0,406.6098330557835,0.0,0.7000230606271148,4829856347.290382,4829.8563472903825,0.786672359198776,0.36250756039420784
P_Q1,27,B,SRI3,902,0.0,814.2153282554289,0.0,0.7,5414415162.436723,5414.415162436722,0.8301846515102999,0.2991781406766998
P_Q1,27,B,SRI3,903,0.0,508.0114980492466,0.0,0.7,5006890135.657663,5006.890135657663,0.7991247731881737,0.34945031486818223
P_Q1,27,B,SRI3,904,0.0,881.7260245509785,-0.0006486870312693991,0.7000001822507974,5487810764.979767,5487.810764979767,0.8356637136656349,0.2866901483616181
P_Q1,27,B,SRI3,905,-0.01657370668868763,42.53777455993198,-0.00016601149099524683,0.7,3479371583.6680937,3479.3715836680935,0.7189312270964529,0.404383249724268
P_Q1,27,B,SRI3,907,-0.0028758648122663155,1905.2290999236666,-1.6564026887932533,0.8972668108093528,4910216760.684133,4910.216760684132,0.8139965133240827,0.08019354609172093
P_Q1,27,B,SRI3,910,0.0,1898.8945885446453,-1.2910460628324867,0.9275044482517726,4914917111.842206,4914.917111842206,0.8150282847689186,0.08115416088518874
P_Q1,27,B,SRI3,911,-0.003453055294890323,1024.1643462065133,0.0,0.7,5629794237.547951,5629.794237547951,0.8457323798342048,0.2537446187782403
P_Q1,27,B,SRI3,912,-0.0026476444776777964,1197.4421890339568,0.0,0.7,5783369766.65504,5783.36976665504,0.8564414558650869,0.2145017255487956
P_Q1,27,B,SRI3,913,-0.003617583307088539,1147.4550824619755,0.0,0.7,5740908495.354439,5740.908495354439,0.8536663464617354,0.22691856121250933
P_Q1,27,B,SRI3,916,0.0,1898.8945885446453,-0.08870393901230855,0.9265904326603167,5077523959.012592,5077.523959012592,0.8229266730707652,0.08115416088518874
P_Q1,27,B,SRI3,917,-0.0038388779856073337,1224.294540929036,0.0,0.7000350510445276,5805411058.54907,5805.411058549071,0.8583982637777068,0.20888035009072473
P_Q1,27,B,SRI3,918,0.0,2100.0,-0.9471282291507014,0.7684095907086652,5698251388.6070385,5698.251388607038,0.8622763012772618,0.06115914185078451
P_Q1,27,B,SRI3,919,0.0,1829.2612846776053,-0.062322340130057,0.9758770448510428,4782940872.681223,4782.940872681223,0.8044971003664569,0.09122282705375886
P_Q1,27,B,SRI3,920,0.0,1845.3334967434384,-1.708101887118448,0.9471091074047399,4766932632.609465,4766.932632609464,0.8041413171096167,0.08898139253566724
P_Q1,27,B,SRI3,923,-0.00012482175998410104,1972.1761364961994,-9.994292500547976e-05,0.8891844130302116,5322998491.542786,5322.998491542786,0.8381541964635143,0.07250862774397836
P_Q1,27,B,SRI3,924,0.0,531.8962169652564,-1.1418922306626435e-05,0.7008165597884163,5040306632.282685,5040.306632282685,0.8012594727292134,0.3464617355107269
P_Q1,27,B,SRI3,928,0.0,981.4311075988493,0.0,0.7,5588941509.127482,5588.941509127482,0.8428505354538016,0.2642046465293343
P_Q1,27,B,SRI3,929,0.0,1897.5199953387018,-0.14822357166069855,0.9101160988022987,5154993643.73138,5154.993643731381,0.8276941687124202,0.08126089586224072
P_Q1,27,B,SRI3,930,-0.030142787776431573,25.198486461631084,-0.0066723696300367025,0.7,3255120086.0296345,3255.1200860296344,0.7147685629914257,0.4066602625680435
P_Q1,27,B,SRI3,931,0.0,2100.0,0.0,0.9471299618046086,5090833075.30553,5090.83307530553,0.8288682534599924,0.06115914185078451
P_Q1,27,B,SRI3,933,-1.2279650394869885,0.0,-1.770619278254597,0.8293809807745421,292036729.91812396,292.03672991812397,0.5609278827338386,0.40954210694844706
P_Q1,27,B,SRI3,934,-2.4377035010693833,0.0,-0.4031159869402452,0.7995827824496763,946350762.6604136,946.3507626604136,0.6366741381150604,0.40954210694844706
P_Q1,27,B,SRI3,936,0.0,1825.21865561726,-0.6065639389228457,0.910717178301587,5051852767.859713,5051.852767859713,0.8213612267406696,0.09189881524175474
P_Q1,27,B,SRI3,937,-0.002604204336885234,1284.186713238287,0.0,0.7,5853968613.086812,5853.968613086812,0.8622407229515779,0.1946134414914434
P_Q1,27,B,SRI3,938,-1.6015184086067624,0.0,-0.4484901802219223,0.7,1397534580.8488653,1397.5345808488653,0.691713807948198,0.40954210694844706
P_Q1,27,B,SRI3,939,0.0,1698.740645428376,0.0,0.7027362747100974,6133942780.853828,6133.9427808538285,0.8806702956558864,0.1111466894367951
P_Q1,27,B,SRI3,940,0.0,1876.8634745796899,-2.6434239456133253,1.0,4686601114.769289,4686.601114769289,0.8002277012843775,0.08407158359127619
P_Q1,27,B,SRI3,941,0.0,0.0,-0.24836533802784855,0.7091819628161109,1430502956.310497,1430.502956310497,0.6960187853559611,0.40954210694844706
P_Q1,27,B,SRI3,942,-4.0,0.0,0.0,0.9831878274390033,87809183.31274863,87.80918331274863,0.536663464617355,0.40954210694844706
P_Q1,27,B,SRI3,944,0.0,730.5252831199872,0.0,0.7,5316557046.256612,5316.557046256612,0.8226064681396095,0.3147258690006048
P_Q1,27,B,SRI3,945,-0.5750414869635039,0.0,-0.33861138436235727,0.7,1443957594.955777,1443.957594955777,0.697655388337425,0.40954210694844706
P_Q1,27,B,SRI3,946,-0.29682403963270587,0.0,-0.48876989386020253,0.7056095016557494,1355024008.8423975,1355.0240088423975,0.686128010815811,0.40954210694844706
P_Q1,27,B,SRI3,947,0.0,2026.1786898891858,-0.5472741821987417,0.8368771326814026,5512032527.132477,5512.032527132476,0.850962393709752,0.06670936065748746
P_Q1,27,B,SRI3,948,0.0,2100.0,-1.3155684639065308,0.721877866429714,5617296151.080439,5617.296151080439,0.8573664923328708,0.06115914185078451
P_Q1,27,B,SRI3,950,0.0,362.16167373987446,0.0,0.7,4741622650.411118,4741.622650411117,0.7800192122958692,0.36787988757249085
P_Q1,27,B,SRI3,953,0.0,2035.5509135225013,-0.45310401127613303,1.0,4778111589.632665,4778.111589632665,0.8102252108015796,0.06581990251538765
P_Q1,27,B,SRI3,954,0.0,1948.261750479951,0.0,0.9810024153773996,4828056058.252296,4828.056058252297,0.8107588856868395,0.0754616287757498
P_Q1,27,B,SRI3,956,-0.005961513739659801,301.2907988355013,-0.008636986557401524,0.7,4603541260.619419,4603.5412606194195,0.7694880278934074,0.3749599743836056
P_Q1,27,B,SRI3,957,0.0,816.5464652449928,0.0,0.7,5417029704.196409,5417.0297041964095,0.8302913864873519,0.2987156224428079
P_Q1,27,B,SRI3,958,-2.4377035010693833,0.0,-0.4031159869402452,0.7311811438696306,1269290824.538741,1269.2908245387412,0.6768420678122886,0.40954210694844706
P_Q1,27,B,SRI3,959,-0.007253656604141162,528.527502705986,0.0,0.7000678236471019,5038993206.920587,5038.993206920587,0.8011527377521614,0.34692425374461877
P_Q1,27,B,SRI3,962,0.0,2019.0244320765642,-0.004449993761373257,0.9432529019991058,5066054817.177712,5066.054817177713,0.8255594691713808,0.06742092717116732
P_Q1,27,B,SRI3,964,0.0,2049.134540402405,-0.7469936452682582,0.7882883350104765,5671325794.897406,5671.325794897406,0.8603194933646423,0.06468139609349983
P_Q1,27,B,SRI3,965,0.0,333.022314131498,0.0,0.7,4679172395.88338,4679.17239588338,0.7756430782367381,0.3711175152097341
P_Q1,27,B,SRI3,967,0.0,657.1593183225857,-0.030613632862107276,0.7,5213459475.81117,5213.45947581117,0.8146725015120787,0.32742733126979034
P_Q1,27,B,SRI3,969,0.0,1921.4756381425432,-2.64566666311495,0.8145263485178645,4790691986.586583,4790.691986586583,0.8060981250222362,0.07855694311025722
P_Q1,27,B,SRI3,971,-0.01886896363874957,11.685644111230232,0.0,0.7,2975916864.678616,2975.916864678616,0.7120290319137582,0.4082612872238232
P_Q1,27,B,SRI3,972,-0.0165897680729288,280.9350987386273,-0.014286227465312273,0.7,4552751151.38951,4552.751151389511,0.766001351976376,0.37730814387874906
P_Q1,27,B,SRI3,974,0.0,1801.2199873653767,0.0,0.965177972512678,4823561581.840276,4823.561581840276,0.8058490767424487,0.09552780446152205
P_Q1,27,B,SRI3,976,-0.059813863546591906,0.0,-0.24159051397662806,0.7025666560951506,1464600720.0845745,1464.6007200845745,0.6998968228555164,0.40954210694844706
P_Q1,27,B,SRI3,977,0.0,223.25562863788622,0.0,0.7,4397918690.23082,4397.918690230819,0.7550432276657061,0.38324972426797593
P_Q1,27,B,SRI3,980,-0.31420132306319465,0.0,-0.030971914489891318,0.7,1554337162.196506,1554.337162196506,0.708008681111467,0.40954210694844706
P_Q1,27,B,SRI3,982,0.0,673.5588381593166,0.0,0.7,5244969598.314001,5244.969598314001,0.8174476109154304,0.32483011349485885
P_Q1,27,B,SRI3,983,0.0,1024.868010872748,0.0,0.7,5630456398.217965,5630.456398217965,0.8458035364855729,0.25349557049845234
P_Q1,27,B,SRI3,984,0.0,1489.7715849655244,0.0,0.7,6007752317.987522,6007.7523179875225,0.872344967445832,0.1495357028498239
P_Q1,27,B,SRI3,986,-0.06866861392426316,418.94895157727876,-0.013630982553955596,0.7000716079369116,4849323635.338122,4849.323635338123,0.7871348774326682,0.361795993880528
P_Q1,27,B,SRI3,987,0.0,1936.3087876271456,-0.06149612176553554,0.9007032589205004,5235608047.373698,5235.608047373698,0.8328174476109154,0.07716938840858151
P_Q1,27,B,SRI3,988,-0.0015224067408728774,259.63102135938993,-0.004070718512867959,0.7,4499711720.189292,4499.711720189292,0.7620165794997688,0.37937168676842076
P_Q1,27,B,SRI3,991,0.0,2060.2041071973226,-3.061761237354351,0.9822397642346934,4795292602.4570265,4795.292602457026,0.8118262354573593,0.06368520297434804
P_Q1,27,B,SRI3,992,0.0,1958.4525972275187,-0.8230543405992391,0.8150358607986506,5482458724.32378,5482.45872432378,0.849895043939232,0.07432312235386203
P_Q1,27,B,SRI3,994,-0.052859403159867216,1886.5730364935512,0.0,0.7,6263738891.0694275,6263.738891069427,0.8856512612516455,0.08442736684811612
P_Q1,27,B,SRI3,997,0.0,1871.7120225661224,-1.4432358104231535,0.7571974965934846,5300991680.964489,5300.991680964489,0.8352367737574268,0.08460525847653609
P_Q1,27,B,SRI3,998,0.0,66.75614784959494,0.0,0.7,3694491286.8748746,3694.4912868748747,0.7240900843206319,0.4010744654356565
P_Q1,27,B,SRI3,1000,0.0,2039.1372589061998,0.0,0.9231496454363295,5182924840.632374,5182.924840632374,0.8316789411890276,0.06549969758423169
P_Q1,27,B,SRI3,1003,-4.0,0.0,-0.8355654397671611,0.7,1200435125.4167697,1200.4351254167698,0.6697619810011742,0.40954210694844706
P_Q1,27,B,SRI3,1004,-4.0,0.0,-0.9847127536230748,0.7,1115525816.8000863,1115.5258168000862,0.660262568043548,0.40954210694844706
P_Q1,27,B,SRI3,1006,0.0,2037.8734641107055,-0.814161358298165,0.760974466221568,5749477583.656445,5749.477583656445,0.8642331091898815,0.06557085423559966
P_Q1,27,B,SRI3,1007,-0.0033323793891960884,1001.1306297803018,0.0,0.7,5607970156.841468,5607.9701568414675,0.8443092468068453,0.2595083075390472
P_Q1,27,B,SRI3,1009,-0.5305053703189072,117.77470106769789,0.0,0.7,4000151817.31918,4000.15181731918,0.7313124844344826,0.3968406446792614
P_Q1,27,B,SRI3,1011,0.0,110.06372178181499,0.0,0.7,3961639691.94464,3961.63969194464,0.7325221475077384,0.39591560821147764
P_Q1,27,B,SRI3,1012,0.0,1888.4670454882546,-0.03816435750041447,0.8336381134335539,5558587435.722936,5558.587435722936,0.8509623937097521,0.08254171558686449
P_Q1,27,B,SRI3,1013,0.0,571.4405413702933,-0.004430278223224879,0.7000001595263022,5103031342.692436,5103.031342692436,0.8063115949763403,0.3401999501903442
P_Q1,27,B,SRI3,1015,0.0,124.88155238300651,0.0,0.7,4034265732.955291,4034.265732955291,0.7356530401679295,0.394207848578646
P_Q1,27,B,SRI3,1018,-1.6015184086067624,0.0,-0.4491937190370576,0.7104938428407753,1348422385.5051813,1348.4223855051814,0.6856299142562352,0.40954210694844706
P_Q1,27,B,SRI3,1019,-0.0032250283488948414,1862.6911847385993,-0.06722916523294234,0.9565283879678034,4902894150.968578,4902.894150968578,0.8122887536912514,0.08599281317821184
P_Q1,27,B,SRI3,1020,-3.2826036158475653,0.0,-1.1436068142686175,0.8159851950714544,616876026.6582364,616.8760266582364,0.5995659444266551,0.40954210694844706
P_Q1,27,B,SRI3,1026,-3.3927354709073856,0.0,-1.180098980281789,0.8223224907077207,578476058.3166465,578.4760583166465,0.5943003522254243,0.40954210694844706
P_Q1,27,B,SRI3,1027,-2.2620955117145654,0.0,-0.12338976570817356,0.7,1523029183.050821,1523.029183050821,0.7057316682676913,0.40954210694844706
P_Q1,27,B,SRI3,1028,-0.07077862719945305,656.9625804200928,-1.4986810530959876e-05,0.7,5223224186.588866,5223.224186588866,0.8145657665350269,0.3285302593659942
P_Q1,27,B,SRI3,1029,-0.00328659476969095,1054.3459963407936,-0.003172122549028461,0.7,5656695999.41932,5656.69599941932,0.8475112961184048,0.2467001102928096
P_Q1,27,B,SRI3,1030,-0.00011448447862845912,54.564461824803686,0.0,0.7,3595414485.0492854,3595.4144850492853,0.7215284448713842,0.4026043334400682
P_Q1,27,B,SRI3,1031,0.0,489.62079686680005,0.0,0.7,4976926824.309568,4976.9268243095685,0.7972747002526063,0.3523321592485857
P_Q1,27,B,SRI3,1032,-0.007688581823039886,1229.3171724141469,-0.0006277851551495187,0.7000715601155255,5809284045.812916,5809.284045812916,0.8585405770804427,0.20774184366883694
P_Q1,27,B,SRI3,1033,-0.007120177682699902,470.2607710118128,0.0,0.7,4944446748.259407,4944.446748259407,0.7949621090831466,0.35507169032625324
P_Q1,27,B,SRI3,1034,0.0,1929.6405657480793,-1.308742750187075,0.9742467451391298,4792762428.809065,4792.762428809065,0.808161667911908,0.07777421994520939
P_Q1,27,B,SRI3,1035,-0.048663794562837426,487.11890497232775,0.0,0.7000678236471019,4972414449.442213,4972.4144494422135,0.7966698687159783,0.3529725691108976
P_Q1,27,B,SRI3,1036,-0.008772085047139147,76.33662127211545,0.0,0.7,3763069364.9562774,3763.0693649562772,0.7259045789305154,0.39993595901376877
P_Q1,27,B,SRI3,1037,0.0,167.4494876638207,0.0,0.7,4211587736.3283176,4211.587736328318,0.744191838332088,0.3890134130287828
P_Q1,27,B,SRI3,1038,0.0,2005.0394235314354,0.0,0.7,6332097101.908809,6332.097101908808,0.8915928416408725,0.06887963852421107
P_Q1,27,B,SRI3,1039,0.0,1834.0248225249593,-0.10631471509230368,0.9132226255150361,5105414733.995872,5105.414733995872,0.8234247696303412,0.09054683886576297
P_Q1,27,B,SRI3,1041,-3.3927354709073856,0.0,-1.2620560559402652,0.8223224907077207,539801690.069927,539.801690069927,0.5894261216067171,0.40954210694844706
P_Q1,27,B,SRI3,1042,-4.5614308506066316e-05,2044.9678209706085,-1.4267406639536255,0.8468217665438591,5179706675.787794,5179.706675787794,0.8317856761660797,0.06517949265307575
P_Q1,27,B,SRI3,1044,0.0,1927.44657906274,0.0,0.8111905558526752,5705816144.762431,5705.816144762432,0.8598569751307505,0.07798768989931336
P_Q1,27,B,SRI3,1046,-0.005071942885087187,1735.6080503542391,-0.0003260046461670842,0.7,6171692359.058288,6171.692359058287,0.8821290070089302,0.10538300067598819
P_Q1,27,B,SRI3,1047,0.0,1313.0493462564295,0.0,0.7,5876652642.483375,5876.652642483375,0.8634503860248338,0.18828049951969256
P_Q1,27,B,SRI3,1048,0.0,1869.7394150711516,-0.08833897007800932,0.9247878968341547,5069508704.265183,5069.508704265183,0.8218949016259294,0.084961041733376
P_Q1,27,B,SRI3,1049,-0.0010154572077300094,2100.0,-1.571241498300856,0.8581227454524124,5132910644.665783,5132.910644665783,0.8301846515102999,0.06115914185078451
P_Q1,27,B,SRI3,1050,-3.689340286985357,0.0,-0.7682874893195215,0.7001509001243749,1237613845.2165055,1237.6138452165055,0.6720389938449498,0.40954210694844706
P_Q1,27,B,SRI3,1052,0.0,0.0,-1.329521718547782,0.8665818757296438,380176718.573673,380.176718573673,0.5696445725264169,0.40954210694844706
P_Q1,27,B,SRI3,1053,0.0,1422.9970963674991,-0.0005417919255757747,0.7000956903387122,5959172268.706215,5959.172268706215,0.8689650265058526,0.1628775749813214
P_Q1,27,B,SRI3,1054,-0.003017695874458339,2039.9462600636512,-0.7922869072821411,0.8528591179296965,5383755037.936474,5383.755037936474,0.845234283274629,0.06542854093286368
P_Q1,27,B,SRI3,1055,0.0,2041.0575166644194,0.0,0.9683840933711224,4946974371.876877,4946.974371876877,0.8196178887821539,0.0653573842814957
P_Q1,27,B,SRI3,1057,-0.002677540736037482,954.2675065444697,0.0,0.7000000033066385,5562188823.133068,5562.188823133068,0.8407514142384459,0.27025296189561315
P_Q1,27,B,SRI3,1058,0.0,1821.078033300293,-0.24886617796929814,0.7914574659050936,5683390345.5681715,5683.390345568171,0.8567616607962429,0.09236133347564664
P_Q1,27,B,SRI3,1059,0.0,2090.6576765592768,-2.209739519245744,0.7559851601120565,5019357908.242227,5019.357908242227,0.8223929981855053,0.061621660084676434
P_Q1,27,B,SRI3,1061,-0.003525556603344814,2026.6230403393843,-0.04374423553887577,0.8305214029237569,5653025911.559446,5653.025911559446,0.8580780588465509,0.06667378233180347
P_Q1,27,B,SRI3,1063,0.0,2100.0,-2.3567105984849768,0.8287298674664701,4929909897.209714,4929.909897209714,0.819084213896894,0.06115914185078451
P_Q1,27,B,SRI3,1065,-0.004533086097115689,2045.1979346971439,-1.590824780424783,0.7615884263791491,5304963952.561071,5304.963952561071,0.8371935816700465,0.06517949265307575
P_Q1,27,B,SRI3,1067,0.0,1167.5301056582484,0.0,0.7003526995594448,5756293708.296665,5756.2937082966655,0.8546981179065712,0.22211548724517025
P_Q1,27,B,SRI3,1069,-0.0020837179143360536,250.2009325547751,-0.007577377584667958,0.7,4473481040.77468,4473.48104077468,0.7601309282385172,0.3802611449105205
P_Q1,27,B,SRI3,1070,-1.5170299701137786,330.5786400830118,0.0,0.7,4672011684.951808,4672.011684951808,0.7428042836304123,0.3906500160102465
P_Q1,27,B,SRI3,1071,0.0,1820.7668387100562,0.0,0.9761654517608391,4777765197.9349165,4777.765197934917,0.8040345821325648,0.09236133347564664
P_Q1,27,B,SRI3,1072,-0.00045120352727137745,2.357877662182716,0.0,0.7,2531782763.315455,2531.7827633154548,0.7101078023268227,0.4093642153200271
P_Q1,27,B,SRI3,1074,0.0,0.0,-0.3885855004736424,0.7,1422148976.3377562,1422.1489763377563,0.6950225922368093,0.40954210694844706
P_Q1,27,B,SRI3,1076,0.0,751.7698406381219,-0.0004854193535539066,0.7,5342141605.257116,5342.141605257117,0.824634432703597,0.3105987832212616
P_Q1,27,B,SRI3,1077,0.0,2100.0,0.0,0.8495988614555436,5601803090.6467,5601.8030906467,0.8564414558650869,0.06115914185078451
P_Q1,27,B,SRI3,1079,0.0,1105.9772988141547,0.0,0.7,5704557818.426137,5704.557818426137,0.851175863663856,0.23588429928487564
P_Q1,27,B,SRI3,1080,0.0,1584.7241384679874,0.0,0.7,6073378086.178803,6073.378086178804,0.8770413064361192,0.13160422670509125
P_Q1,27,B,SRI3,1081,0.0,2079.2823328597224,-0.0015343796934995358,0.7,6373379234.150122,6373.379234150122,0.8939765894616999,0.06240438324972427
P_Q1,27,B,SRI3,1082,0.0,1794.0660901993458,-0.03422965405939151,0.9816269152400081,4732156835.952203,4732.1568359522025,0.8006190628669013,0.0963816842779379
P_Q1,27,B,SRI3,1083,-0.0006211166951177738,434.9324911311814,-0.003813983926474876,0.7,4881234574.379255,4881.234574379256,0.7908350233038035,0.35937666773401655
P_Q1,27,B,SRI3,1084,0.0,1917.0703406705588,-0.034305759786602885,0.9648513581788569,4893301055.329286,4893.301055329285,0.813427260113139,0.07887714804141316
P_Q1,27,B,SRI3,1090,-0.06792923764247549,0.0,-0.4118043275213357,0.7391049207609788,1229245582.7622037,1229.2455827622036,0.6711495357028497,0.40954210694844706
P_Q1,27,B,SRI3,1092,-0.0034687016070751517,384.93560493537154,0.0,0.7,4787845018.169483,4787.845018169483,0.7835770448642688,0.36474899491229934
P_Q1,27,B,SRI3,1093,0.0,1969.9065987400397,-0.09301747060486018,0.886595096179284,5323356351.355542,5323.356351355542,0.8380474614864625,0.07282883267513432
P_Q1,27,B,SRI3,1095,0.0,195.668392232732,-0.00023126356241172895,0.7,4310857657.515852,4310.857657515852,0.7492439605792152,0.3859180986942754
P_Q1,27,B,SRI3,1097,-0.007225085084772563,780.1114263695574,-0.00043745943108334726,0.7000743199199595,5375090167.160316,5375.090167160316,0.8269470238730565,0.30558223929981854
P_Q1,27,B,SRI3,1098,-0.007457613534360849,547.0512777253106,-0.001688869023561722,0.7000392664499183,5067597501.08657,5067.5975010865695,0.8032518589675169,0.3441847226669513
P_Q1,27,B,SRI3,1099,0.0,599.4620108547529,-0.00024875020458971914,0.7000453428527625,5144422386.659895,5144.422386659895,0.8095848009392678,0.3361084427366847
P_Q1,27,B,SRI3,1100,0.0,1933.0050126966594,-1.3669691156991872,0.7082092058145617,5521109076.473947,5521.1090764739465,0.8496459956594443,0.07752517166542143
P_Q1,27,B,SRI3,1102,0.0,1875.9316403804287,0.0,0.7000735492842178,6257104959.027705,6257.104959027705,0.887608069164265,0.08414274024264418
P_Q1,27,B,SRI3,1103,0.0,2035.5509135225013,-0.2696976533603619,0.9673212589276989,4938857945.421647,4938.857945421647,0.8190486355712101,0.06581990251538765
P_Q1,27,B,SRI3,1104,0.0,1902.867642147239,-0.28000612526655794,0.9307501692922229,5041421023.69318,5041.42102369318,0.8213968050663536,0.08062048599992885
P_Q1,27,B,SRI3,1106,0.0,505.86205102479244,0.0,0.7,5003424097.127962,5003.424097127962,0.7990180382111218,0.34991283310207416
P_Q1,27,B,SRI3,1107,-0.2752835883549247,0.0,-0.03871505403049508,0.7031557605028783,1536222642.8576448,1536.2226428576448,0.7060162948731635,0.40954210694844706
P_Q1,27,B,SRI3,1109,0.0,1917.3749388046015,-0.03323057290025816,0.9704669976186073,4864245277.0189905,4864.24527701899,0.8116127655032552,0.07884156971572917
P_Q1,27,B,SRI3,1114,0.0,712.6210885444357,0.0,0.7003210896478583,5292848778.895313,5292.848778895313,0.8210054434838298,0.31732308677553633
P_Q1,27,B,SRI3,1115,0.0,2100.0,-0.008281655402789738,0.9247878968341547,5207285717.573297,5207.285717573296,0.8341694239869073,0.06115914185078451
P_Q1,27,B,SRI3,1117,0.0,881.9980950539767,0.0,0.7001923238934046,5487148125.7387705,5487.14812573877,0.8356637136656349,0.28665457003593403
P_Q1,27,B,SRI3,1119,-0.18589121666514952,0.0,-0.7364295768314121,0.7,1254141131.010062,1254.141131010062,0.6736044401750453,0.40954210694844706
P_Q1,27,B,SRI3,1122,0.0,1355.8196433014687,0.0,0.7,5909593344.858663,5909.593344858663,0.8656206638915572,0.17860319493364646
P_Q1,27,B,SRI3,1124,-0.007243243040947415,231.46090958898085,0.0,0.7000721018700256,4421836328.141626,4421.836328141626,0.7565730956701179,0.3823602661258761
P_Q1,27,B,SRI3,1125,0.0,679.2182476211382,-0.049095273291582565,0.7000937767422998,5236028018.858438,5236.0280188584375,0.8164514177962785,0.3239050770270751
P_Q1,27,B,SRI3,1127,-0.003683960597824555,31.452278870087355,0.0,0.7,3347643542.954046,3347.6435429540456,0.7162984309958375,0.40577080442594377
P_Q1,27,B,SRI3,1128,-0.0012150545193881923,1873.6799369326302,-1.3516801316552203,0.7076630858800537,5501764618.646496,5501.764618646495,0.8483651759348203,0.08439178852243213
P_Q1,27,B,SRI3,1129,0.0,1208.2244062944494,-0.01852196733872143,0.7,5786933187.658016,5786.933187658016,0.8567616607962428,0.2120468210766001
P_Q1,27,B,SRI3,1133,-0.008326420420179781,0.0,-1.2650075664581224,0.8658292189881578,406789766.1543197,406.7897661543197,0.5725619952325044,0.40954210694844706
P_Q1,27,B,SRI3,1135,0.0,1869.5678996952222,-0.8213398861689363,0.8195306143287966,5412616149.862541,5412.6161498625415,0.844949656669157,0.08499662005906002
P_Q1,27,B,SRI3,1136,-0.00605883694975926,290.8840459653638,-0.0017033162472829288,0.7000391077539312,4580734206.65642,4580.73420665642,0.7679581598889956,0.37616963745686127
P_Q1,27,B,SRI3,1139,-0.022233859988946558,327.43637586854373,-0.0031272615536560543,0.7000000000608861,4665542992.277862,4665.542992277861,0.7739708969295904,0.3720069733518341
P_Q1,27,B,SRI3,1140,-0.0001182210869466831,45.71420964935976,0.0,0.7,3512289364.659838,3512.289364659838,0.7198206852385527,0.4038495748390081
P_Q1,27,B,SRI3,1141,0.0,1827.1830181258265,-0.5383984143494495,0.7533785189501326,5778272654.278918,5778.272654278919,0.8627032411854699,0.0915074536592308
P_Q1,27,B,SRI3,1142,0.0,1875.731303004256,-2.6434239456133253,0.7004498324360424,4811753310.602701,4811.753310602701,0.8053865585085566,0.08414274024264418
P_Q1,27,B,SRI3,1143,0.0,1821.7946249144961,-1.4237395436716695,0.8538916385016936,5032513934.972191,5032.513934972191,0.8195467321307858,0.09232575514996265
P_Q1,27,B,SRI3,1144,-1.98288089573597,0.0,-1.6991857286404843,0.9747762465932613,47955989.686591186,47.95598968659119,0.532287330558224,0.40954210694844706
P_Q1,27,B,SRI3,1145,0.0,96.71359945619145,0.0,0.7,3889516438.150876,3889.516438150876,0.7301028213612265,0.39740989789020525
P_Q1,27,B,SRI3,1146,0.0,1972.1621845405298,0.0,0.704927107788489,6287655876.9798765,6287.655876979877,0.8894225637741487,0.07250862774397836
P_Q1,27,B,SRI3,1147,0.0,181.44807534745632,0.0,0.7,4262327250.3764687,4262.327250376468,0.7467178994556517,0.3878393282812111
P_Q1,27,B,SRI3,1149,-3.472775849313161,0.0,-0.8318888625144607,0.952535906391111,190368327.61324403,190.36832761324402,0.5466253958088733,0.40954210694844706
P_Q1,27,B,SRI3,1153,0.0,1828.9133149352074,-0.4496829224259189,0.9469628196608828,4905963625.893046,4905.963625893047,0.8121108620628312,0.09122282705375886
P_Q1,27,B,SRI3,1154,-0.00761793004284623,156.10296925747002,0.0,0.7000015097700705,4168024218.174648,4168.024218174648,0.7420571387910483,0.3905788593588785
P_Q1,27,B,SRI3,1155,0.0,1934.1167162951695,-1.4679631672133888,0.8347285195089067,5130090202.036704,5130.090202036704,0.8273028071298965,0.07741843668836947
P_Q1,27,B,SRI3,1158,0.0,1867.9465504665113,-0.14736028011016145,0.9857392920582881,4753667944.391807,4753.6679443918065,0.8040701604582488,0.08521009001316397
P_Q1,27,B,SRI3,1159,-4.0,0.0,-0.14199302457947194,0.7008613594344029,1513255298.273111,1513.255298273111,0.7048777884512755,0.40954210694844706
P_Q1,27,B,SRI3,1160,0.0,905.8911308876443,0.0,0.7,5513133312.728545,5513.133312728545,0.8371224250186786,0.28124666453196706
P_Q1,27,B,SRI3,1161,-0.005159095878958695,1107.3471984684631,-0.0009769332112402607,0.7002664260330438,5704320856.761047,5704.320856761047,0.8508556587327001,0.23556409435371975
P_Q1,27,B,SRI3,1164,0.0,2040.9334310891418,-2.8412124660893374,0.9710689700734398,4789486868.068044,4789.486868068044,0.8106521507097875,0.0653573842814957
P_Q1,27,B,SRI3,1166,-0.9878884491016828,251.84644196736895,0.0,0.7002664260330438,4477766159.414991,4477.766159414991,0.7473583093179637,0.38830184651510297
P_Q1,27,B,SRI3,1169,0.0,599.6602246506158,0.0,0.7,5144997706.01023,5144.99770601023,0.8096203792649518,0.3361084427366847
P_Q1,27,B,SRI3,1170,-1.228342468063067,0.0,-1.4838044928680052,0.8053699873134944,476178086.7949843,476.17808679498427,0.5840537944284342,0.40954210694844706
P_Q1,27,B,SRI3,1171,-4.0,0.0,-0.8935724184750792,0.8133991154774596,727032401.8604684,727.0324018604684,0.611947201764685,0.40954210694844706
P_Q1,27,B,SRI3,1174,-0.002345954066826722,0.0,-1.6194257823795608,0.8791545284630624,252949520.3876875,252.9495203876875,0.5543458924822998,0.40954210694844706
P_Q1,27,B,SRI3,1175,0.0,1867.9465504665113,-0.14736028011016145,0.8040423579756268,5675609882.875798,5675.609882875799,0.8571886007044509,0.08521009001316397
P_Q1,27,B,SRI3,1176,0.0,1760.4350026837633,0.0,0.8038632230143675,5643584492.492739,5643.584492492739,0.8544846479524673,0.10210979471306081
P_Q1,27,B,SRI3,1178,-1.267214047086242,211.48311759146932,0.0,0.7,4361027389.090255,4361.0273890902545,0.7369338598925533,0.3943145835556979
P_Q1,27,B,SRI3,1180,-0.005136311381337244,584.7724157370633,0.0,0.7,5123693965.442083,5123.693965442083,0.8080193546091722,0.33856334720888026
P_Q1,27,B,SRI3,1182,-0.139794573530848,0.0,-0.9014493727354171,0.8632898368854096,530724674.38042665,530.7246743804267,0.5858682890383178,0.40954210694844706
P_Q1,27,B,SRI3,1183,-0.0051654158341430945,87.99477449367336,0.0,0.7002664260330438,3836778638.266092,3836.778638266092,0.7278613868431351,0.39847724766072506
P_Q1,27,B,SRI3,1184,-0.002345954066826722,0.0,-0.052167043872515695,0.7011856280523647,1542453893.9238558,1542.4538939238557,0.7067634397125272,0.40954210694844706
P_Q1,27,B,SRI3,1186,0.0,796.0145922593456,0.0,0.7002682134066218,5392410755.639115,5392.410755639115,0.8285836268545205,0.30298502152488704
P_Q1,27,B,SRI3,1187,0.0,465.7879254691389,0.0,0.7,4936830350.836651,4936.830350836651,0.7944640125235706,0.35571210018856514
P_Q1,27,B,SRI3,1188,0.0,0.0,-0.2854327508378668,0.7,1460902788.7822025,1460.9027887822024,0.6995410395986766,0.40954210694844706
P_Q1,27,B,SRI3,1190,0.0,530.1091540594712,0.0,0.7,5041816835.750636,5041.8168357506365,0.8012950510548973,0.3467107837905148
P_Q1,27,B,SRI3,1191,0.0,1844.252461102316,-0.029180069264611364,0.7966323496561197,5726279664.938922,5726.279664938922,0.8593233002454903,0.08919486248977118
P_Q1,27,B,SRI3,1193,0.0,836.2963711333866,0.0,0.7,5438908802.380108,5438.908802380108,0.8319991461201836,0.29501547657167254
P_Q1,27,B,SRI3,1194,0.0,1054.152956736652,0.0,0.7,5657683698.22439,5657.68369822439,0.8476536094211407,0.2467001102928096
P_Q1,27,B,SRI3,1195,-0.03521295238517219,455.56791995406735,0.0,0.7,4919124529.232589,4919.124529232588,0.7927206745650551,0.3570284982388728
P_Q1,27,B,SRI3,1197,-0.0012594164946005681,377.5791606596084,0.0,0.7003564747347611,4771280747.693788,4771.280747693788,0.782011598534173,0.3654605614259793
P_Q1,27,B,SRI3,1198,0.0,1286.3184978697789,0.0,0.7003673584974967,5853734749.448907,5853.734749448907,0.8622407229515779,0.1941153449318675
P_Q1,27,B,SRI3,1200,-0.0034267931068112656,2048.194006868831,-0.09104940968930286,0.9402588605558202,5092322492.279317,5092.322492279317,0.8278720603408405,0.0648237093962358
P_Q1,27,B,SRI3,1201,-1.880325171277667e-05,1817.5442138283129,-1.3438484891964424,0.7007819514238529,5494443526.481188,5494.443526481188,0.8471199345358807,0.09307289998932652
P_Q1,27,B,SRI3,1202,-3.149770860008772e-05,1077.503197665016,-0.0009502723172513155,0.7002795636811162,5677492817.088179,5677.4928170881785,0.8489344291457643,0.2414700964172626
P_Q1,27,B,SRI3,1203,-0.024159148920038252,370.3604343323718,-0.005297350242737036,0.7000224272840769,4756948811.83105,4756.94881183105,0.7806596221581814,0.36652791119649913
P_Q1,27,B,SRI3,1204,-0.6826641456967499,0.0,-1.5233570213374181,0.8784372291900988,286778982.5699306,286.77898256993063,0.5582239299818549,0.40954210694844706
P_Q1,27,B,SRI3,1205,0.0,1760.0854970050134,0.0,0.8111678322799961,5605105829.691219,5605.10582969122,0.8522076351086918,0.1021809513644288
P_Q1,27,B,SRI3,1209,0.0,2008.5052305852307,-0.00017776569522970527,0.7000053223988335,6334005289.6205225,6334.0052896205225,0.8916639982922404,0.06838154196463515
P_Q1,27,B,SRI3,1213,0.0,1844.252461102316,-2.3568692613292646,0.7055806635144364,4866686748.211838,4866.686748211838,0.8073789447468603,0.08919486248977118
P_Q1,27,B,SRI3,1214,0.0,1900.606896934297,-1.2971252921927183,0.9609366494605636,4815813033.909329,4815.8130339093295,0.80880207777422,0.0809051126054008
P_Q1,27,B,SRI3,1215,0.0,170.38432412556938,0.0,0.7,4222473402.0290294,4222.47340202903,0.744725513217348,0.3887999430746789
P_Q1,27,B,SRI3,1216,0.0,1240.0456979265543,0.0,0.7,5818501858.105683,5818.501858105683,0.8595011918739104,0.2051090475682214
P_Q1,27,B,SRI3,1217,0.0,1945.8022663307484,-0.004992502758991463,0.9628154783423095,4921847891.18869,4921.8478911886905,0.8155619596541785,0.07581741203258974
P_Q1,27,B,SRI3,1218,-0.28072557031143575,0.0,-0.757287466073556,0.7767319060109397,925462266.6164254,925.4622666164254,0.6351086917849644,0.40954210694844706
P_Q1,27,B,SRI3,1221,-0.19765911923443924,0.0,-0.8027569260254509,0.7002437004859321,1219306428.390891,1219.3064283908911,0.670722595794642,0.40954210694844706
P_Q1,27,B,SRI3,1223,-0.02511817752477863,250.6892741772383,-0.005986492499624537,0.7,4475245555.793694,4475.245555793694,0.7598463016330453,0.3803323015618885
P_Q1,27,B,SRI3,1224,0.0,1874.0666574129011,0.0,0.8992027307696516,5213343640.533558,5213.343640533558,0.830504856441456,0.08435621019674813
P_Q1,27,B,SRI3,1225,-0.00024793766911525815,2100.0,-2.301978933741617,0.7031608036405582,5035126857.017637,5035.126857017637,0.8233891913046572,0.06115914185078451
P_Q1,27,B,SRI3,1226,-0.005194240027082208,1918.5366862962342,-0.8632715681715104,0.7023324384498115,5892102446.376479,5892.102446376479,0.8693563880883766,0.0787704130643612
P_Q1,27,B,SRI3,1227,-0.00011581733137405433,1138.086076392605,0.0,0.7000006867116904,5732780571.320835,5732.780571320835,0.8529547799480556,0.22883979079944497
P_Q1,27,B,SRI3,1230,-0.0018564700411812553,221.91780109193945,-0.005896883160105873,0.7,4392463801.006915,4392.463801006915,0.754687444408866,0.3834987725477639
P_Q1,27,B,SRI3,1232,0.0,858.4041065774786,0.0,0.7000900512692043,5462492257.66621,5462.49225766621,0.8342050023125912,0.2908172341409614
P_Q1,27,B,SRI3,1233,0.0,1541.2854675766428,0.0,0.700000360679087,6043763156.48041,6043.76315648041,0.8746931369409757,0.1395026150069378
P_Q1,27,B,SRI3,1234,-0.5909806725362814,0.0,-0.864921252801141,0.7002759308462745,1184059004.548332,1184.059004548332,0.6680542213683424,0.40954210694844706
P_Q1,27,B,SRI3,1235,-0.02732310067794308,0.0,-0.8203011655829976,0.9078246704090495,371821361.1713794,371.8213611713794,0.5672608247055894,0.40954210694844706
P_Q1,27,B,SRI3,1238,0.0,32.105279247379315,0.0,0.7,3356317372.9715796,3356.3173729715795,0.7164763226242572,0.4056996477745757
P_Q1,27,B,SRI3,1239,-0.04991413164712177,0.0,-2.5421744525763614,0.7970257040945705,100184466.91986889,100.18446691986888,0.5400789838830183,0.40954210694844706
P_Q1,27,B,SRI3,1240,0.0,1923.0710901014556,-0.7535011248220667,0.7737527446107917,5656733892.19291,5656.73389219291,0.8576511189383427,0.07841462980752126
P_Q1,27,B,SRI3,1243,0.0,671.8505481275662,0.0,0.7000236669057722,5242633823.5481825,5242.633823548183,0.8172341409613263,0.32497242679759486
P_Q1,27,B,SRI3,1244,-0.007727541399906279,278.41042871084306,0.0,0.7002671734180745,4548475437.859867,4548.475437859867,0.765645568719536,0.377521613832853
P_Q1,27,B,SRI3,1245,0.0,393.5263265843864,-0.005086991052580221,0.7000118335004741,4803283642.01578,4803.28364201578,0.7846443946347885,0.3637172234674636
P_Q1,27,B,SRI3,1247,-0.5840015181844546,0.0,-0.034417493261451715,0.7000029552529179,1553656686.740065,1553.6566867400652,0.7079375244600989,0.40954210694844706
P_Q1,27,B,SRI3,1248,0.0,731.8232171861232,0.0,0.7,5318122312.132457,5318.1223121324565,0.8227487814423454,0.3146547123492368
P_Q1,27,B,SRI3,1253,0.0,402.5084426013136,0.0,0.7,4822152119.663642,4822.152119663642,0.7862454192905682,0.3629700786280998
P_Q1,27,B,SRI3,1256,-3.650541673476227,0.0,-0.8616688763495897,0.804105154216314,774997169.2575132,774.9971692575132,0.6189205535987476,0.40954210694844706
P_Q1,27,B,SRI3,1258,-0.37899580279598855,185.68784619242456,0.0,0.700027491038462,4276803976.3441663,4276.803976344167,0.7442985733091402,0.38908456968015087
P_Q1,27,B,SRI3,1259,0.0,1815.9656463561698,-0.8391156727328768,0.9311972460782149,4925872080.110797,4925.872080110797,0.814032091649767,0.0931796349663785
P_Q1,27,B,SRI3,1262,-0.05134579139421375,0.0,-2.2846538058545445,0.794031610429611,157926270.57409668,157.9262705740967,0.5461984559006653,0.40954210694844706
P_Q1,27,B,SRI3,1263,-0.5831142740715947,0.0,-0.3160431299646208,0.7037630001296079,1433898809.3086772,1433.8988093086773,0.6964457252641689,0.40954210694844706
P_Q1,27,B,SRI3,1264,-3.2703712646030883e-07,1859.9901236172032,-0.17639473523934956,0.9628154783423095,4863866534.552357,4863.866534552357,0.8102607891272636,0.0865620663891557
P_Q1,27,B,SRI3,1266,-0.005553164194875872,336.7876644843675,0.0,0.7000090178546722,4687411276.349671,4687.411276349671,0.775998861493578,0.37079731027857815
P_Q1,27,B,SRI3,1268,-0.11742423329284057,0.0,-0.4643388584634658,0.7003259911638866,1389252911.6551712,1389.2529116551711,0.6899704699896824,0.40954210694844706
P_Q1,27,B,SRI3,1272,-0.005200230528510867,1918.5366862962342,-0.851692267774139,0.8926261851426401,5140100426.171987,5140.100426171986,0.8285836268545201,0.0787704130643612
P_Q1,27,B,SRI3,1274,0.0,1976.9443982925602,-0.17447793981204168,0.8684497227971442,5407508895.071973,5407.508895071973,0.8434197886647454,0.07204610951008644
P_Q1,27,B,SRI3,1275,-0.5212355013857933,0.0,-0.2566696203287562,0.7,1473474064.140772,1473.474064140772,0.7011064859287722,0.40954210694844706
P_Q1,27,B,SRI3,1276,-0.0727610150299895,203.256305118169,0.0,0.7,4335682650.265821,4335.682650265821,0.7502757320240511,0.38563347208880344
P_Q1,27,B,SRI3,1280,-2.9392369727349497,0.0,-0.5017702268901796,0.7004652492180006,1372821780.5944264,1372.8217805944264,0.6878713487743267,0.40954210694844706
P_Q1,27,B,SRI3,1281,-3.8977338832227346,0.0,-0.6039859321943323,0.7173301468517239,1250116635.4659238,1250.1166354659238,0.6733553918952574,0.40954210694844706
P_Q1,27,B,SRI3,1285,-0.07926085976566158,330.2762251705851,0.0,0.7002726360287356,4671594785.05413,4671.59478505413,0.7741487885580102,0.3719002383747821
P_Q1,27,B,SRI3,1286,0.0,1934.9808041489578,-0.06221618014771346,0.8155261517453554,5675364487.939454,5675.364487939454,0.8579713238694987,0.07734728003700148
P_Q1,27,B,SRI3,1288,-7.730324120157633e-05,749.9983116480287,-6.013945531049966e-05,0.7,5340085194.984817,5340.085194984817,0.8244209627494931,0.3109901448037854
P_Q1,27,B,SRI3,1290,-1.5539718726239726e-05,256.7030866858819,0.0,0.7000000001166329,4493078323.946053,4493.0783239460525,0.7614829046145087,0.37958515672252474
P_Q1,27,B,SRI3,1292,0.0,44.28882774526596,0.0,0.7002692687336447,3496352855.4529853,3496.3528554529853,0.7191091187248728,0.40413420144448003
P_Q1,27,B,SRI3,1293,-4.263971634528574e-05,1936.8187243491893,-0.004992502758991463,0.9556388674108272,4954222094.702699,4954.222094702699,0.8173408759383783,0.07713381008289752
P_Q1,27,B,SRI3,1294,-0.03577089145100398,0.0,-0.8941455663367778,0.7047284729719304,1150355536.0445907,1150.3555360445907,0.6641761838687871,0.40954210694844706
P_Q1,27,B,SRI3,1296,-2.288716159892105e-07,1999.623063283296,-0.009331744211455661,0.9232204886965516,5159659304.64801,5159.65930464801,0.829864446579144,0.06952004838652293
P_Q1,27,B,SRI3,1297,-2.9694509458981457,0.0,-0.328179326225817,0.803925743046795,946616983.2737552,946.6169832737552,0.6367452947664283,0.40954210694844706
P_Q1,27,B,SRI3,1298,-0.004063861925496754,300.9164041992239,0.0,0.7,4605309936.68264,4605.30993668264,0.7698438111502474,0.3750311310349735
P_Q1,27,B,SRI3,1300,0.0,1891.442375325468,-0.8941064415812366,0.7784350336479104,5561572411.843545,5561.572411843545,0.8535596114846835,0.08207919735297255
P_Q1,27,B,SRI3,1301,-0.005377918661985825,327.7625970652799,0.0,0.7002722549760884,4666031501.814512,4666.031501814512,0.7741132102323263,0.37186466004909813
P_Q1,27,B,SRI3,1304,-1.0114684712634117,319.7922040987276,-0.016733059604316966,0.7001869902610903,4643200155.783053,4643.200155783054,0.7551143843170741,0.3827516277084
P_Q1,27,B,SRI3,1307,-0.05178828007667905,352.90609489820497,-2.527351181916607e-06,0.7000001216389594,4722205376.798637,4722.205376798637,0.7782402960116696,0.3689828156686947
P_Q1,27,B,SRI3,1309,0.0,419.9286146135834,0.0,0.7000009897339521,4855012301.778322,4855.012301778323,0.7885580104600278,0.36119116234390003
P_Q1,27,B,SRI3,1310,-0.0026285516679003425,1034.9870150495676,-3.90597748681061e-05,0.7011367213605647,5633983196.67722,5633.98319667722,0.845945849788309,0.2510762443519408
P_Q1,27,B,SRI3,1311,-4.5884762373780065e-06,1904.2032629251512,-1.354168386196319,0.7000070108358795,5538898145.576384,5538.898145576383,0.8504998754758601,0.0804070160458249
P_Q1,27,B,SRI3,1316,0.0,1945.8022663307484,-0.005603532249917276,0.9700301107527739,4884035859.82113,4884.03585982113,0.813533995090191,0.07581741203258974
P_Q1,27,B,SRI3,1317,-4.40829457764295e-06,690.8686569966595,-0.004826899382159446,0.7000070108358795,5265731225.3225565,5265.731225322556,0.8186928523143701,0.3216992208346675
P_Q1,27,B,SRI3,1319,-0.007350707569048487,1817.121578787613,0.0,0.7000825904411387,6221748907.06418,6221.7489070641805,0.8849396947379657,0.09307289998932652
P_Q1,27,B,SRI3,1320,0.0,1874.0666574129011,-0.561363997856389,0.8992027307696516,5139426321.505934,5139.426321505934,0.8274095421069484,0.08435621019674813
P_Q1,27,B,SRI3,1321,0.0,1253.690042707129,0.0,0.7000005100655632,5829564235.569124,5829.564235569124,0.8606041199701143,0.20204931155939804
P_Q1,27,B,SRI3,1322,0.0,286.74060263020704,0.0,0.7,4570771246.644234,4570.7712466442335,0.7673533283523677,0.37666773401643716
P_Q1,27,B,SRI3,1324,-0.00026396047341275056,1726.1972331366321,0.0,0.7002664260330438,6164426289.072608,6164.426289072608,0.8819866937061943,0.10645035044650802
P_Q1,27,B,SRI3,1326,-0.0005776782834812227,1577.1655641441814,-0.000105330324692882,0.7007688908996745,6064234975.272618,6064.234975272619,0.8761874266197034,0.13327640801223892
P_Q1,27,B,SRI3,1327,0.0,1867.9465504665113,-0.011397475729956863,0.9426225647895183,4981501849.873351,4981.501849873351,0.8172341409613265,0.08521009001316397
P_Q1,27,B,SRI3,1328,-0.004747790195015724,620.7463314969259,0.0,0.7,5174428571.944619,5174.428571944619,0.8118973921087275,0.3333689116590173
P_Q1,27,B,SRI3,1330,-4.967834018908095e-05,2076.796930392341,-0.0019213015131258212,0.7,6371872742.633387,6371.872742633386,0.89379869783328,0.06240438324972427
P_Q1,27,B,SRI3,1332,-0.006611182342069087,1923.0710901014556,-0.8915864056394881,0.7752984740438325,5593882471.584431,5593.88247158443,0.8551962144661471,0.07841462980752126
P_Q1,27,B,SRI3,1333,0.0,951.7707833063041,-2.5444677342574074e-06,0.7000776485861298,5559298923.039405,5559.298923039405,0.8406446792613941,0.271000106734977
P_Q1,27,B,SRI3,1337,0.0,1387.6357608964527,0.0,0.7,5933548275.860314,5933.548275860315,0.8672572668730208,0.17130963816842779
P_Q1,27,B,SRI3,1340,-0.0019481546734723965,1904.2032629251512,-1.3450361181929136,0.7000000097559552,5547366408.68044,5547.36640868044,0.8512114419895401,0.0804070160458249
P_Q1,27,B,SRI3,1342,0.0,1938.6957185929982,-0.005603532249917276,0.9731421159722057,4863620167.940374,4863.620167940375,0.812146440388515,0.07684918347742555
P_Q1,27,B,SRI3,1343,0.0,1828.2954220482877,-0.022345054220566762,0.9393692005415546,4973660147.497329,4973.660147497329,0.8155975379798628,0.09136514035649483
P_Q1,27,B,SRI3,1344,-0.03160454019907433,482.4815927310197,0.0,0.7,4965041832.778841,4965.041832778841,0.7959938805279825,0.35368413562457746
P_Q1,27,B,SRI3,1345,-0.0007184083247369789,147.5844783621563,-0.006014188615257114,0.7002146565148207,4131179546.5873594,4131.179546587359,0.7401359092041129,0.3914327391752944
P_Q1,27,B,SRI3,1346,0.0,1353.3244540782473,0.0,0.7,5907696594.573591,5907.696594573591,0.8654783505888212,0.1794214964243783
P_Q1,27,B,SRI3,1348,0.0,55.456062764713884,-2.255617512741804e-05,0.7,3603204613.785835,3603.2046137858347,0.7217419148254882,0.40253317678870026
P_Q1,27,B,SRI3,1349,-0.003509778331832747,565.3724434266444,0.0,0.7000000174234906,5095313726.085655,5095.313726085656,0.8056356067883447,0.34105383000676
P_Q1,27,B,SRI3,1350,-0.025397762445285466,0.0,-8.814481155987573e-08,0.9870199593591785,67824777.528096,67.824777528096,0.5344576084249475,0.40954210694844706
P_Q1,27,B,SRI3,1352,0.0,139.1109995982397,0.0,0.7,4098065292.298717,4098.065292298717,0.7390685594335932,0.3925356672714982
P_Q1,27,B,SRI3,1354,0.0,1862.6902953599886,-3.017741624968532,0.7000255952166389,4741597194.884549,4741.597194884549,0.8014729426833171,0.08599281317821184
P_Q1,27,B,SRI3,1355,0.0,1939.6040296032063,-0.005603532249917276,0.8975778507140982,5259859741.66738,5259.85974166738,0.8339203757071191,0.07677802682605757
P_Q1,27,B,SRI3,1356,0.0,1844.7330535001079,-0.0018877710841433356,0.9549792602400818,4903382569.533916,4903.3825695339165,0.8117906571316753,0.08901697086135123
P_Q1,27,B,SRI3,1357,-0.007078360657269884,637.1459600040344,0.0,0.7,5196834407.934718,5196.834407934718,0.8136051517415592,0.3305938022556659
P_Q1,27,B,SRI3,1359,0.0,817.8655377249602,0.0,0.700285743930707,5417008007.240765,5417.0080072407645,0.8302913864873519,0.29850215248870393
P_Q1,27,B,SRI3,1360,-4.0,0.0,-1.6482991561406055,0.7961136335859261,413023775.82429844,413.02377582429847,0.5765111893834277,0.40954210694844706
P_Q1,27,B,SRI3,1361,-3.0241616160733766,0.0,-0.6023207309556705,0.8432911286243837,693188465.8322952,693.1884658322952,0.6038709218344184,0.40954210694844706
P_Q1,27,B,SRI3,1362,0.0,905.8911308876443,0.0,0.7049926844833939,5486994638.527472,5486.994638527472,0.8355925570142668,0.28124666453196706
P_Q1,27,B,SRI3,1363,0.0,0.0,-0.11609602101767381,0.7,1525507877.0905576,1525.5078770905575,0.7058384032447432,0.40954210694844706
P_Q1,27,B,SRI3,1365,0.0,1890.718872044,-0.9149863656994277,0.7965636537409858,5482690634.355383,5482.690634355383,0.8495748390080763,0.08215035400434055
P_Q1,27,B,SRI3,1368,0.0,1632.4994547656015,-0.0059036761258127735,0.7006421822578799,6100456780.346802,6100.456780346802,0.8784288611377948,0.12270964528409294
P_Q1,27,B,SRI3,1370,-0.005713124647768785,548.3380047374656,-6.562165941663514e-07,0.7000348956464726,5069627423.085537,5069.627423085537,0.8033941722702529,0.3440779876898994
P_Q1,27,B,SRI3,1371,0.0,1455.5757285468674,0.0,0.7,5983361008.895049,5983.361008895049,0.8707083644643683,0.1564023197068346
P_Q1,27,B,SRI3,1373,-0.0010051424055252506,490.33344549155197,0.0,0.7002717820814109,4976679066.958641,4976.679066958641,0.7972391219269221,0.35218984594584973
P_Q1,27,B,SRI3,1374,-0.0002720037689602664,0.0,-0.2964321626127442,0.7033312248787673,1441338163.0395696,1441.3381630395695,0.6974063400576368,0.40954210694844706
P_Q1,27,B,SRI3,1376,-0.0005467809629041975,232.80827822355195,-1.6687285270997937e-05,0.7,4426140825.518905,4426.140825518904,0.7569644572526418,0.3822535311488241
P_Q1,27,B,SRI3,1379,-0.009932353495490043,97.481287827192,-2.4047487775144313e-05,0.7000888118475111,3893399476.673795,3893.399476673795,0.7302095563382786,0.3973743195645213
P_Q1,27,B,SRI3,1380,-0.0002488830288825039,1422.0739622809137,0.0,0.7,5959053465.399898,5959.0534653998975,0.8689294481801687,0.16305546660974135
P_Q1,27,B,SRI3,1383,0.0,1867.9465504665113,-1.318227340774198,0.7111330521840439,5514825188.829369,5514.825188829369,0.8496104173337604,0.08521009001316397
P_Q1,27,B,SRI3,1385,0.0,375.33541889163035,0.0,0.7,4768623463.240326,4768.623463240326,0.7818337069057532,0.36567403138008325
P_Q1,27,B,SRI3,1386,0.0,297.872999938641,0.0,0.7,4598002425.063706,4598.002425063706,0.7690966663108836,0.3752446009890776
P_Q1,27,B,SRI3,1387,0.0,1250.0876502250524,0.0,0.7071944150075876,5788934250.864837,5788.934250864837,0.8573664923328707,0.20300992635286583
P_Q1,27,B,SRI3,1390,-0.33617137760812543,0.0,-0.3580444478550694,0.7956980091740842,977334026.6569034,977.3340266569033,0.6405877539402995,0.40954210694844706
P_Q1,27,B,SRI3,1392,0.0,657.0300680922625,0.0,0.7,5223398146.141303,5223.398146141303,0.8158465862596506,0.32742733126979034
P_Q1,27,B,SRI3,1393,0.0,2042.3845800898357,-0.9578014243951034,0.8801587866151546,5236559557.668255,5236.5595576682545,0.8369089550645746,0.06532180595581172
P_Q1,27,B,SRI3,1394,0.0,600.9946957387272,0.0,0.7,5146883786.098076,5146.883786098076,0.8097626925676877,0.33603728608531674
P_Q1,27,B,SRI3,1395,-0.0034395792046012044,1487.6607141532659,0.0,0.7,6006258031.233032,6006.258031233032,0.8722738107944641,0.1498914861066638
P_Q1,27,B,SRI3,1397,0.0,1866.3168212786125,0.0,0.8079897392094111,5686551232.899897,5686.551232899897,0.8579357455438148,0.0856370299213719
P_Q1,27,B,SRI3,1398,-0.0020187968728780786,242.85316917646054,0.0,0.7,4454883252.82603,4454.88325282603,0.7590991567936812,0.38107944640125235
P_Q1,27,B,SRI3,1399,-3.5498904514520766,0.0,-0.04454773692068274,0.7012962795945628,1543568031.4413605,1543.5680314413605,0.7069057530152633,0.40954210694844706
P_Q1,27,B,SRI3,1400,-0.005176769577356971,2042.1491710637429,-1.6934095504961704,0.7788630054765585,5204980440.7588625,5204.980440758863,0.8318568328174476,0.06532180595581172
P_Q1,27,B,SRI3,1402,0.0,345.66766104976904,0.0,0.7,4706776859.210358,4706.7768592103575,0.7776710428007256,0.36969438218237444
P_Q1,27,B,SRI3,1403,0.0,1525.0410339017508,0.0,0.7,6032513252.43384,6032.51325243384,0.8739815704272957,0.14266908599281317
P_Q1,27,B,SRI3,1404,0.0,1903.8792397283967,0.0,0.8020103203735426,5740097217.177941,5740.097217177941,0.8614579997865301,0.0804425943715089
P_Q1,27,B,SRI3,1407,0.0,732.4756771388553,0.0,0.7,5318915898.587177,5318.915898587177,0.8228199380937133,0.3145479773721849
P_Q1,27,B,SRI3,1408,-1.8411085835155845,0.0,0.0,0.9965920198111775,17906887.36860788,17.90688736860788,0.5293343295264525,0.40954210694844706
P_Q1,27,B,SRI3,1413,-3.9327168802945707,0.0,-0.4834198023920554,0.7005023936069265,1380994900.0327027,1380.9949000327026,0.6889031202191624,0.40954210694844706
P_Q1,27,B,SRI3,1415,0.0,755.6836361363005,0.0,0.7,5346847399.640408,5346.847399640407,0.8249546376347531,0.3097093250791617
P_Q1,27,B,SRI3,1416,-0.18823922245611713,0.0,-1.1731978280024393,0.8465212555049183,503535474.66884387,503.53547466884385,0.5847297826164302,0.40954210694844706
P_Q1,27,B,SRI3,1417,0.0,1950.8261861716808,-0.46401311138492607,0.8439936826085739,5456399201.022486,5456.399201022486,0.8469776212331448,0.07517700217027787
P_Q1,27,B,SRI3,1419,0.0,32.286832921273685,0.0,0.7000071869935208,3358667427.1125007,3358.6674271125007,0.7165119009499412,0.4056640694488917
P_Q1,27,B,SRI3,1420,0.0,85.85659443219794,0.0,0.7,3824996366.015326,3824.996366015326,0.7274344469349272,0.398690717614829
P_Q1,27,B,SRI3,1422,0.0,2006.9429372849638,0.0,0.7002538897812025,6331841721.786788,6331.841721786788,0.8915928416408725,0.0686305902444231
P_Q1,27,B,SRI3,1425,0.0,1909.509694168318,-1.541186052733377,0.7292659786132317,5333974633.010017,5333.974633010017,0.8367310634361547,0.07955313622940904
P_Q1,27,B,SRI3,1426,0.0,1689.848117155453,-0.16800207773944104,0.7774669522599938,5693427829.543443,5693.427829543442,0.8561212509339309,0.11271213576689082
P_Q1,27,B,SRI3,1428,-0.06710369917298842,0.0,-0.7107879119697801,0.9879960374413048,50979392.33259387,50.979392332593875,0.5325008005123278,0.40954210694844706
P_Q1,27,B,SRI3,1430,-0.00016919298549512157,838.0449696998216,0.0,0.700450284378975,5438469801.385754,5438.469801385753,0.8319991461201836,0.29465969331483266
P_Q1,27,B,SRI3,1432,0.0,1712.7357817051782,0.0,0.7,6157214843.932225,6157.214843932225,0.8817732237520904,0.10858504998754757
P_Q1,27,B,SRI3,1433,0.0,1812.1290855233708,0.0,0.9993261666501234,4651114710.639158,4651.114710639158,0.7959938805279824,0.09396235813142634
P_Q1,27,B,SRI3,1434,-0.8814836712664361,0.0,-1.6412927959210455,0.8519556191773139,302313042.85482335,302.3130428548233,0.5613904009677305,0.40954210694844706
P_Q1,27,B,SRI3,1436,-4.0,0.0,-0.7301253531822511,0.8285395035586645,718840066.0102378,718.8400660102378,0.6073575977514497,0.40954210694844706
P_Q1,27,B,SRI3,1437,0.0,2100.0,0.0,0.91982489701536,5233940426.846235,5233.940426846235,0.8354858220372151,0.06115914185078451
P_Q1,27,B,SRI3,1438,0.0,925.4518582195795,0.0,0.7,5533188520.839703,5533.1885208397025,0.8387234496744584,0.27719073540399186
P_Q1,27,B,SRI3,1440,0.0,2100.0,-0.8070590239063624,0.74408574388624,5855153417.186024,5855.153417186024,0.8691429181342726,0.06115914185078451
P_Q1,27,B,SRI3,1441,-4.371148981239647e-06,687.758687236775,0.0,0.7,5263220917.212954,5263.220917212953,0.8185149606859502,0.3221261607428754
P_Q1,27,B,SRI3,1442,0.0,1684.6677947954145,0.0,0.8632853883079689,5284189584.759727,5284.189584759726,0.8308606396982958,0.11349485893193867
P_Q1,27,B,SRI3,1443,-0.05358744571030388,135.30968006465483,0.0,0.7,4081519890.123412,4081.519890123412,0.738001209663073,0.3928914505283381
P_Q1,27,B,SRI3,1446,0.0,1991.283947240201,0.0,0.9515028578081137,5007437722.607423,5007.437722607423,0.8217170099975097,0.07040950652862275
P_Q1,27,B,SRI3,1449,0.0,1166.2255159945275,0.0,0.7000165116886857,5756942127.81637,5756.94212781637,0.8546981179065712,0.2225424271533782
P_Q1,27,B,SRI3,1451,0.0,389.8269584980307,0.0,0.7003217602912323,4795807685.460838,4795.807685460838,0.7840751414238447,0.3642508983527235
P_Q1,27,B,SRI3,1452,-0.7464796455452403,116.4892634271165,0.0,0.7,3993756481.784176,3993.756481784176,0.729640303127335,0.3981570427295691
P_Q1,27,B,SRI3,1453,-0.31012558561920606,0.0,-0.34775061410870856,0.7446329290431477,1225996448.8461332,1225.9964488461333,0.6709716440744299,0.40954210694844706
P_Q1,27,B,SRI3,1456,0.0,1139.921473729056,0.0,0.7,5734377779.491919,5734.377779491919,0.8531682499021597,0.22859074251965708
P_Q1,27,B,SRI3,1457,0.0,419.0474084722321,0.0,0.7,4853377831.3465,4853.3778313465,0.7884512754829758,0.36122674066958416
P_Q1,27,B,SRI3,1459,0.0,2069.7687178217366,-0.8589583832045086,0.820774381763912,5509291121.345742,5509.291121345742,0.8534172981819476,0.06283132315793218
P_Q1,27,B,SRI3,1460,0.0,2100.0,-2.3631750846044883,0.8269724974844878,4929706780.772094,4929.706780772094,0.8190842138968939,0.06115914185078451
P_Q1,27,B,SRI3,1462,-0.0020177406268411255,1892.2696768454693,-1.3159313017134406,0.7048286562583737,5548350146.242832,5548.350146242832,0.8517806952004838,0.08200804070160457
P_Q1,27,B,SRI3,1463,-4.3806646843215676e-05,1423.8567708348523,0.0,0.7007317116529127,5956538514.312422,5956.538514312422,0.8688582915288007,0.16273526167858546
P_Q1,27,B,SRI3,1464,0.0,2006.2061330368697,0.0,0.8947694563911539,5313126710.896558,5313.126710896558,0.8381186181378304,0.0686661685701071
P_Q1,27,B,SRI3,1466,0.0,156.9584287499593,0.0,0.7,4171398128.753488,4171.398128753488,0.7422706087451525,0.39047212438182655
P_Q1,27,B,SRI3,1470,0.0,1899.4899256520464,-0.9076420355757949,0.8099647436584179,5438220163.745514,5438.220163745514,0.8469420429074608,0.08108300423382077
P_Q1,27,B,SRI3,1471,0.0,2100.0,-1.5242059053558386,0.810313858801556,5261996801.424681,5261.996801424681,0.8371935816700465,0.06115914185078451
P_Q1,27,B,SRI3,1472,0.0,583.7424807567581,0.0,0.7,5122213926.890748,5122.213926890748,0.8079837762834883,0.3387056605116162
P_Q1,27,B,SRI3,1473,-0.003420627472247896,1386.2078711350466,0.0,0.7047858779734891,5907446017.66584,5907.44601766584,0.8656918205429253,0.17155868644821576
P_Q1,27,B,SRI3,1476,-0.06057726289645402,0.0,-0.312783471839901,0.7,1453246444.4444366,1453.2464444444365,0.6987227381079448,0.40954210694844706
P_Q1,27,B,SRI3,1477,0.0,435.93545696575535,0.0,0.7,4884285268.562221,4884.28526856222,0.7910484932579074,0.35923435443128043
P_Q1,27,B,SRI3,1479,0.0,1110.6886265887365,0.0,0.7,5708707364.035968,5708.707364035968,0.8515316469206959,0.23463905788593586
P_Q1,27,B,SRI3,1480,0.0,312.10503809924825,0.0,0.7,4631695354.843963,4631.695354843962,0.7717650407371829,0.3737147329846658
P_Q1,27,B,SRI3,1482,0.0,1950.8261861716808,-0.47295946807003647,0.9443513096180631,4988540868.883164,4988.540868883164,0.8201871419930976,0.07517700217027787
P_Q1,27,B,SRI3,1484,0.0,1844.2425372017685,-0.9045159323654894,0.9096149186447705,5018727247.425593,5018.727247425593,0.8207563952040416,0.08919486248977118
P_Q1,27,B,SRI3,1485,0.0,1837.8467376950098,-1.0198820054800553,0.7897038650497062,5433238430.73222,5433.23843073222,0.8451275482975772,0.0899064290034511
P_Q1,27,B,SRI3,1486,0.0,1392.545378661111,0.0,0.7,5937210237.895485,5937.210237895485,0.8676130501298609,0.17017113174653997
P_Q1,27,B,SRI3,1487,0.0,2100.0,0.0,0.9130438944707651,5269483641.363329,5269.483641363329,0.8374782082755184,0.06115914185078451
P_Q1,27,B,SRI3,1488,0.0,1077.3276474861286,0.0,0.7,5678861710.795968,5678.861710795968,0.8490055857971325,0.24161240971999856
P_Q1,27,B,SRI3,1489,0.0,121.44305469538035,0.0,0.7,4018032175.8600483,4018.0321758600485,0.7347991603515139,0.39470594513822177
P_Q1,27,B,SRI3,1492,0.0,1254.6419628043154,0.0,0.7008036127052595,5826114142.234644,5826.114142234644,0.8604262283416942,0.2018002632796101
P_Q1,27,B,SRI3,1498,0.0,1896.8425447350705,-3.0547800458773815,0.8420744968304492,4729652400.3229,4729.6524003229,0.8024335574767849,0.08136763083929273
P_Q1,27,B,SRI3,1499,-3.649607243439542,0.0,-0.3899892295085584,0.7003656983301291,1419617968.615381,1419.617968615381,0.6945244956772335,0.40954210694844706
P_Q1,27,B,SRI3,1500,0.0,2074.204208392052,-1.3625180360864135,0.75525086207934,5475875452.888392,5475.875452888393,0.8493969473796563,0.06251111822677624
P_Q1,27,B,SRI3,1502,-3.396722292400576,0.0,-1.3639254678733126,0.8593127980317163,387122421.8952712,387.1224218952712,0.5707475006226206,0.40954210694844706
P_Q1,27,B,SRI3,1506,-0.01307543594758572,143.13882716073164,0.0,0.7,4115225905.7029753,4115.225905702975,0.7397801259472728,0.3918596790835022
P_Q1,27,B,SRI3,1508,0.0,1790.7551472382995,0.0,0.7029391071111193,6190765251.287535,6190.765251287535,0.8835877183619741,0.09684420251182979
P_Q1,27,B,SRI3,1509,0.0,255.13589987389824,-0.0012020179821206354,0.7,4488780780.337083,4488.780780337082,0.7611626996833529,0.37979862667662867
P_Q1,27,B,SRI3,1513,0.0,1866.3168212786125,-0.051507855357180055,0.8303437591073997,5560318116.666424,5560.3181166664235,0.8509268153840681,0.0856370299213719
P_Q1,27,B,SRI3,1516,-0.007620231488373118,1888.4899657229598,-1.4138812365843036,0.8102939012339028,5191258986.915804,5191.258986915804,0.829722133276408,0.08254171558686449
P_Q1,27,B,SRI3,1517,0.0,890.2461547773,0.0,0.7,5496812842.258015,5496.812842258015,0.8360906535738428,0.28487565375173435
P_Q1,27,B,SRI3,1521,0.0,68.08671243500066,0.0,0.7,3704446153.1504474,3704.4461531504476,0.7244458675774716,0.40082541715586856
P_Q1,27,B,SRI3,1523,-4.0,0.0,-0.400143133689416,0.7390898272656803,1233126460.4482455,1233.1264604482456,0.6716120539367416,0.40954210694844706
P_Q1,27,B,SRI3,1526,0.0,406.62460195754306,-0.0028831985749227964,0.7003537358325495,4827484191.723898,4827.484191723898,0.7864944675703562,0.36250756039420784
P_Q1,27,B,SRI3,1528,-0.001489894338641693,1866.3654961751843,-0.018125208865351863,0.8370299466878554,5531802589.459315,5531.802589459316,0.8491478990998684,0.0856370299213719
P_Q1,27,B,SRI3,1530,0.0,110.57571988015933,0.0,0.7,3964270470.1671786,3964.2704701671787,0.7325577258334223,0.39591560821147764
P_Q1,27,B,SRI3,1531,0.0,1848.9935118777046,-1.3447541478782306,0.7025561901381694,5507517380.828383,5507.5173808283835,0.8483651759348205,0.08841213932472335
P_Q1,27,B,SRI3,1534,0.0,468.5612278705593,0.0,0.7005627682223533,4938628460.567704,4938.628460567704,0.7945707475006225,0.35539189525740916
P_Q1,27,B,SRI3,1535,0.0,2043.9078711717912,-0.22570339590013772,0.8262129194377644,5646426235.813074,5646.4262358130745,0.8578290105667629,0.06525064930444373
P_Q1,27,B,SRI3,1536,0.0,2047.6643116764403,-2.43581702501005,0.8492952444674722,4874563396.827709,4874.563396827709,0.8146013448607108,0.06485928772191979
P_Q1,27,B,SRI3,1537,-4.0,0.0,-0.20010693680067534,0.7,1496225936.272492,1496.225936272492,0.7032411854698118,0.40954210694844706
P_Q1,27,B,SRI3,1538,-4.0,0.0,-0.24392054571600724,0.7,1476851607.284869,1476.851607284869,0.7014622691856123,0.40954210694844706
P_Q1,27,B,SRI3,1539,0.0,1888.3317617236232,-1.3746772084180048,0.8085361999621336,5215320296.061257,5215.320296061257,0.8321058810972356,0.08254171558686449
P_Q1,27,B,SRI3,1542,0.0,1777.4068392404279,-0.9209318593225272,0.9223198518935646,4926591011.121449,4926.59101112145,0.813284946810403,0.09933468530970933
P_Q1,27,B,SRI3,1543,-4.988748852072537e-05,285.1515766425772,0.0,0.7001481004530651,4566047586.321788,4566.047586321788,0.7670331234212117,0.37673889066780514
P_Q1,27,B,SRI3,1546,0.0,1848.9935118777046,-1.4371793825556258,0.702571188957185,5431297518.01148,5431.29751801148,0.8412495107980218,0.08841213932472335
P_Q1,27,B,SRI3,1547,-0.0001538286388878638,1895.2443809820672,0.0,0.8967424678395226,5238798639.50409,5238.798639504091,0.8323193510513396,0.08161667911908067
P_Q1,27,B,SRI3,1548,0.0,1669.0312040288584,0.0,0.7,6129144047.952637,6129.144047952636,0.8805279823531504,0.11626996833529013
P_Q1,27,B,SRI3,1549,0.0,1971.7520174303058,-3.3114054071045027,0.7010044098798176,4776385311.536818,4776.385311536817,0.8073433664211761,0.07261536272103034
P_Q1,27,B,SRI3,1550,0.0,510.6871349392819,0.0,0.7,5011173274.855806,5011.173274855806,0.7993382431422775,0.34927242323976226
P_Q1,27,B,SRI3,1551,-2.071969853946648,0.0,-0.4233259249523407,0.7,1408916947.980966,1408.9169479809661,0.6931725193012417,0.40954210694844706
P_Q1,27,B,SRI3,1553,0.0,713.5776752359902,0.0,0.7003334044964535,5293968794.05754,5293.9687940575395,0.8211121784608818,0.3171096168214323
P_Q1,27,B,SRI3,1554,0.0,0.0,-0.7694249590703517,0.7,1237647164.8383718,1237.6471648383717,0.6722524637990537,0.40954210694844706
P_Q1,27,B,SRI3,1557,0.0,2026.8259074902687,-0.02877385272888694,0.9778210973720277,4888857146.699886,4888.8571466998865,0.8162023695164905,0.06667378233180347
P_Q1,27,B,SRI3,1558,0.0,1876.7756119454102,-0.005760763633168298,0.7001594110565186,6255726733.963173,6255.726733963173,0.8873590208844773,0.08407158359127619
P_Q1,27,B,SRI3,1559,-6.9420718089958314e-06,1823.25116325373,-1.3447541478782306,0.709656458002156,5471972966.797545,5471.972966797545,0.8459458497883089,0.09211228519585869
P_Q1,27,B,SRI3,1561,0.0,2074.8016039315394,-1.3322763596682625,0.8129514877420841,5332771022.881053,5332.771022881053,0.8427082221510657,0.06247553990109225
P_Q1,27,B,SRI3,1562,0.0,1956.8964088472048,-0.9342888884233529,0.8018304699937082,5494225333.554241,5494.225333554241,0.8509268153840681,0.07439427900523003
P_Q1,27,B,SRI3,1563,-0.005031036075854589,184.50677759669173,-0.03279847026798007,0.7001213592807686,4261340997.2421436,4261.340997242143,0.7457572846621838,0.38737681004731916
P_Q1,27,B,SRI3,1566,0.0,13.213764216832487,0.0,0.7,3017471068.5577693,3017.4710685577693,0.712562706799018,0.40811897392108726
P_Q1,27,B,SRI3,1568,0.0,322.01970053236414,0.0,0.7,4654492911.542736,4654.492911542736,0.7732593304159106,0.372362756608674
P_Q1,27,B,SRI3,1569,0.0,1988.985550179734,-0.9528179741253207,0.7936630417824152,5537237730.600947,5537.2377306009475,0.8530259365994234,0.07065855480841071
P_Q1,27,B,SRI3,1571,0.0,451.1897101388513,-6.619027874221837e-05,0.7005769429441138,4908450205.209306,4908.450205209306,0.7925072046109511,0.3574198598213968
P_Q1,27,B,SRI3,1572,0.0,272.5074176147459,-0.0011595061506856981,0.700004508686415,4534695111.669327,4534.695111669327,0.7647205322517522,0.37805528871811295
P_Q1,27,B,SRI3,1573,0.0,1242.3640256333183,0.0,0.7028942673212042,5805208604.5390625,5805.208604539062,0.8586828903831786,0.2047176859856975
P_Q1,27,B,SRI3,1575,0.0,58.0410646835129,0.0,0.7,3625263025.2523785,3625.2630252523786,0.7221332764080122,0.4022485501832283
P_Q1,27,B,SRI3,1578,0.0,77.45390418113391,0.0,0.7,3770635334.5226645,3770.6353345226644,0.7260113139075673,0.3996513324082968
P_Q1,27,B,SRI3,1579,0.0,1915.657297332518,-0.0017264934660308575,0.8099647436584179,5705304558.060198,5705.304558060197,0.8596435051766463,0.0791261963212011
P_Q1,27,B,SRI3,1580,-2.073006865893515,0.0,-0.4597825821344254,0.7,1392509982.7169328,1392.5099827169329,0.6904685665492581,0.40954210694844706
P_Q1,27,B,SRI3,1581,-0.0038888904714186696,1451.8830339090978,0.0,0.7001921164136526,5979694960.190401,5979.694960190401,0.8704948945102643,0.15707830789483046
P_Q1,27,B,SRI3,1582,0.0,2091.683900782023,-1.016417041772541,0.702281956953332,5900851874.03734,5900.85187403734,0.8706727861386843,0.06158608175899244
P_Q1,27,B,SRI3,1583,0.0,1867.2113397999663,-0.22570339590013772,0.8262129194377644,5544676811.105495,5544.676811105495,0.8500729355676524,0.08545913829295193
P_Q1,27,B,SRI3,1584,-6.760508136964246e-05,22.23477829525322,0.0,0.7002551329429996,3206092304.573267,3206.092304573267,0.7141637314547978,0.40698046749919947
P_Q1,27,B,SRI3,1585,0.0,477.70170515008874,-6.619027874221837e-05,0.7005492692988381,4954165998.981035,4954.165998981035,0.7955313622940905,0.35421781050983747
P_Q1,27,B,SRI3,1586,-5.5430508605864e-05,570.3524700892215,-0.0004736284216728011,0.7,5102604055.910648,5102.604055910649,0.8060981250222364,0.3403778418187641
P_Q1,27,B,SRI3,1588,0.0,639.3163494076897,-0.0049619844512039935,0.7,5198340405.862644,5198.340405862644,0.8138186216956631,0.3303803323015619
P_Q1,27,B,SRI3,1592,0.0,1856.8026556081813,-1.6703190500309955,0.7,5267704715.33694,5267.704715336939,0.8308606396982958,0.08702458462304763
P_Q1,27,B,SRI3,1593,0.0,999.2400457817686,-0.0012683619668598656,0.7,5606102166.772034,5606.102166772033,0.8441313551784253,0.2601131390756751
P_Q1,27,B,SRI3,1594,0.0,235.60233369521154,0.0,0.7000277633754863,4434080610.822083,4434.080610822083,0.7574625538122177,0.38204006119472006
P_Q1,27,B,SRI3,1596,0.0,193.9315010999359,0.0,0.7,4305128002.856589,4305.128002856589,0.7488881773223752,0.38616714697406346
P_Q1,27,B,SRI3,1597,0.0,1866.7503088955903,-0.001852149806520681,0.7071378495325905,6214480964.929304,6214.480964929304,0.8852243213434376,0.0855302949443199
P_Q1,27,B,SRI3,1600,0.0,1627.3786343869954,0.0,0.7,6101864605.988662,6101.864605988661,0.8785711744405309,0.12367026007756074
P_Q1,27,B,SRI3,1602,0.0,617.1957794658574,0.0,0.7,5169533855.270116,5169.533855270116,0.8116127655032556,0.3341516348240652
P_Q1,27,B,SRI3,1603,0.0,191.39737977023026,-0.020356437368608125,0.7,4290101299.3869014,4290.101299386902,0.7476073575977513,0.3864517735795353
P_Q1,27,B,SRI3,1609,-0.002676813507771429,2035.645032830263,-0.8102941932050766,0.7789002168912647,5676844248.992741,5676.84424899274,0.8607820115985341,0.06578432418970365
P_Q1,27,B,SRI3,1611,-0.9965534705140194,252.8699986536932,0.0,0.7,4481954789.313353,4481.954789313352,0.7476429359234354,0.388337424840787
P_Q1,27,B,SRI3,1614,0.0,2024.2012322691571,-0.0038035494321368296,0.998078665821633,4781809742.866319,4781.809742866319,0.8101896324758955,0.06699398726295941
P_Q1,27,B,SRI3,1615,0.0,1371.8519014434642,0.0,0.7000002328171119,5921692103.426585,5921.692103426585,0.8664389653822892,0.17483189241114314
P_Q1,27,B,SRI3,1617,0.0,1580.2071427521055,0.0,0.7,6070376815.823578,6070.376815823578,0.8768278364820153,0.13267157647561106
P_Q1,27,B,SRI3,1618,0.0,1814.7923537348643,-0.4634915390407882,0.9443513096180631,4908451296.774345,4908.451296774346,0.8120041270857795,0.09349983989753442
P_Q1,27,B,SRI3,1619,0.0,208.40480271266665,0.0,0.7,4352143148.183217,4352.143148183217,0.7518411783541467,0.3847795922723876
P_Q1,27,B,SRI3,1620,-0.001144539566289862,2011.1202839708815,-1.3098358553717513,0.7506285927670595,5489356174.3289995,5489.356174328999,0.8502508271960719,0.0680969153591632
P_Q1,27,B,SRI3,1621,-1.9151645070326345e-06,1873.6855798674078,-2.931821497138893,0.9474897695466442,4697626701.847861,4697.626701847861,0.8007613761696375,0.08439178852243213
P_Q1,27,B,SRI3,1622,0.0,1936.90102268745,-0.00030912706628071754,0.7000277633754863,6292973999.262892,6292.973999262892,0.8894937204255169,0.07713381008289752
P_Q1,27,B,SRI3,1623,-0.026489694072370427,1879.0408294848087,-0.008083551186993214,0.7015480614636704,6248847650.506629,6248.847650506629,0.8854733696232256,0.08528124666453198
P_Q1,27,B,SRI3,1625,-4.296398315491961e-07,1313.3450932347898,0.0,0.700004826659174,5876857730.915583,5876.857730915583,0.8634859643505178,0.18820934286832458
P_Q1,27,B,SRI3,1626,-0.6347094856893223,0.0,-0.3704587655977436,0.7000045369983694,1430361289.2679408,1430.3612892679407,0.6956274237734371,0.40954210694844706
P_Q1,27,B,SRI3,1628,0.0,1023.9077346665613,0.0,0.7000015266854752,5629544682.650547,5629.544682650547,0.8456968015085209,0.2537801971039243
P_Q1,27,B,SRI3,1629,-0.006547161157649053,822.5904410757569,0.0,0.7004165622338274,5421608563.040026,5421.608563040026,0.8304336997900879,0.29779058597502406
P_Q1,27,B,SRI6,0,0.0,942.2381508066575,0.0,0.7,5569136089.394084,5569.136089394084,0.8420322339630698,0.27178282990002495
P_Q1,27,B,SRI6,1,0.0,574.4782511864397,0.0,0.7,5127241124.794588,5127.241124794588,0.8077347280037003,0.3383854555804604
P_Q1,27,B,SRI6,2,-2.88085608715474,0.0,-0.7691898012462048,0.8243038421096642,738787898.7894142,738.7878987894142,0.6082470558935497,0.40954210694844706
P_Q1,27,B,SRI6,3,-1.5113629418838932,346.8389165470043,0.0,0.7,4725401420.888955,4725.401420888955,0.7427331269790441,0.39143273917529436
P_Q1,27,B,SRI6,4,0.0,491.7673020302659,0.0,0.7,4998825645.863863,4998.825645863863,0.7985910983029137,0.3508378695698581
P_Q1,27,B,SRI6,7,-0.003249520674072208,2076.545711913956,-0.7633480825566387,0.766887824920277,5791179149.915263,5791.179149915263,0.8680399900380688,0.06695840893727541
P_Q1,27,B,SRI6,9,0.0,842.3847848165549,0.0,0.7,5464446968.397065,5464.446968397066,0.8343473156153272,0.292596150425161
P_Q1,27,B,SRI6,11,0.0,1204.0624884964438,0.0,0.7012152482101597,5801717274.973464,5801.717274973464,0.8588607820115987,0.21268723093891204
P_Q1,27,B,SRI6,14,0.0,337.06766961447795,0.0,0.7,4706103854.470429,4706.10385447043,0.776354644750418,0.3698011171594265
P_Q1,27,B,SRI6,15,0.0,0.0,-0.9788247060830808,0.7003601460734244,1142856456.4231763,1142.8564564231763,0.6590173266446081,0.40954210694844706
P_Q1,27,B,SRI6,16,-1.0926626587968,272.13209280095344,0.0,0.7,4550759177.564515,4550.759177564515,0.7485679723912193,0.388657629771943
P_Q1,27,B,SRI6,20,0.0,1458.1046688470283,-0.47195805713452976,0.7,5839074647.098405,5839.074647098405,0.8621339879745262,0.1576119827800904
P_Q1,27,B,SRI6,21,-3.300832555205315,0.0,0.0,0.706690554332868,1546661323.261936,1546.6613232619359,0.7058739815704274,0.40954210694844706
P_Q1,27,B,SRI6,22,-2.5963137155855804,730.6879908108046,0.0,0.7,5329146747.084371,5329.146747084371,0.723876614366528,0.4050948162379479
P_Q1,27,B,SRI6,23,0.0,1072.9524973011366,0.0,0.7000991609394548,5693518211.76751,5693.51821176751,0.850784502081332,0.24150567474294662
P_Q1,27,B,SRI6,26,-0.8977338169473656,0.0,-0.5986888386837446,0.9508436248822534,222457112.2241274,222.4571122241274,0.5498630234461166,0.40954210694844706
P_Q1,27,B,SRI6,27,0.0,2005.4993830866879,0.0,0.7001768882638402,6351106853.34051,6351.1068533405105,0.8940121677873839,0.07268651937239834
P_Q1,27,B,SRI6,28,-0.23247480306826196,0.0,-0.008376087440601143,0.7452030957503075,1341319804.1807923,1341.3198041807923,0.6821076600135199,0.40954210694844706
P_Q1,27,B,SRI6,29,0.0,869.7497087527574,-1.4497294948538155e-08,0.7,5494055723.417988,5494.055723417988,0.8366599067847866,0.28772191980645395
P_Q1,27,B,SRI6,31,-1.6741364248445474,432.1386304057311,0.0,0.7000022247554352,4892659393.235081,4892.659393235081,0.7419504038139965,0.3923221973173942
P_Q1,27,B,SRI6,32,-0.005168124519358219,370.011771223492,0.0,0.7000598688484327,4775575248.49984,4775.57524849984,0.7815490803002811,0.36531824812324337
P_Q1,27,B,SRI6,33,0.0,821.0008458283266,-4.489442559959793e-06,0.7,5440850512.199897,5440.850512199897,0.8322126160742875,0.2965809229017683
P_Q1,27,B,SRI6,34,-0.35766511476658086,0.0,-1.0116365383019936,0.8806108021365038,447793314.06791854,447.7933140679185,0.574554381470808,0.40954210694844706
P_Q1,27,B,SRI6,36,0.0,2036.4446208816885,-2.192074736159312,0.9829329585383956,4797001878.596903,4797.001878596903,0.818835165617106,0.06962678336357492
P_Q1,27,B,SRI6,38,0.0,1385.5340083104022,0.0,0.7,5951435745.769283,5951.435745769283,0.8697121713452165,0.1725548795673675
P_Q1,27,B,SRI6,39,0.0,1899.7049722681622,-2.0296529921304147,0.7124766608852013,5064907336.408268,5064.907336408268,0.825488312520013,0.08485430675632405
P_Q1,27,B,SRI6,40,0.0,1888.1800596461653,-0.7574991490200587,0.8040610950805173,5529247258.791947,5529.247258791947,0.8538798164158394,0.08627743978368378
P_Q1,27,B,SRI6,41,0.0,2100.0,-1.8616062404582272,0.7359085304143712,5246225358.943116,5246.225358943117,0.8420678122887538,0.06525064930444374
P_Q1,27,B,SRI6,42,-0.655081126596623,474.1370928859267,0.0,0.7000153217981273,4967900701.2898245,4967.900701289825,0.7821894901625931,0.3652470914718754
P_Q1,27,B,SRI6,43,0.0,1858.1029569843172,-0.7926604145203342,0.7000694259667944,5933059065.379779,5933.059065379779,0.8712776176753122,0.09051126054007898
P_Q1,27,B,SRI6,46,-0.03219115594433419,26.222372496396872,-8.925884887980764e-05,0.7000991609394548,3289661361.565012,3289.661361565012,0.7159070694133134,0.4064467926139396
P_Q1,27,B,SRI6,48,-1.4168566962863614,0.0,-0.9565709189022484,0.9508402839958041,190258444.27951083,190.25844427951083,0.5465898174831894,0.40954210694844706
P_Q1,27,B,SRI6,50,-0.7090772608346774,0.0,-1.0003429299850344,0.7569165125826649,916573988.0059069,916.5739880059069,0.632618208987085,0.40954210694844706
P_Q1,27,B,SRI6,51,0.0,805.4768564333748,0.0,0.7,5423403660.345575,5423.403660345575,0.8310029530010318,0.2995695022592237
P_Q1,27,B,SRI6,52,0.0,166.74263304354693,0.0,0.7,4226727970.598471,4226.727970598471,0.7439427900523,0.38847973814352305
P_Q1,27,B,SRI6,54,-0.6996716313166573,0.0,0.0,0.9508449461268009,259313294.48578426,259.31329448578424,0.5543814708079838,0.40954210694844706
P_Q1,27,B,SRI6,55,0.0,925.6626842137573,-0.0050145078806836385,0.7,5551425870.146735,5551.425870146735,0.8404667876329739,0.2757320240509482
P_Q1,27,B,SRI6,56,-1.4894447431274065,0.0,-0.9483097481696399,0.8256344275445379,677415026.0026697,677.4150260026697,0.6018429572704308,0.40954210694844706
P_Q1,27,B,SRI6,57,-1.2611380459754478,0.0,-0.9265624636973508,0.8589771877935314,553464505.1119822,553.4645051119822,0.5867577471804176,0.40954210694844706
P_Q1,27,B,SRI6,60,-1.8123485272411128,421.5512309819003,0.0,0.7000298312488881,4873017721.845388,4873.017721845388,0.7368627032411853,0.3952751983491658
P_Q1,27,B,SRI6,61,-1.24181962868336,0.0,-0.6406092130703873,0.8318802188691967,748440613.462138,748.440613462138,0.6082470558935498,0.40954210694844706
P_Q1,27,B,SRI6,63,0.0,119.23071176125362,0.0,0.7000657760734275,4024778739.5216146,4024.7787395216146,0.73458569039741,0.39449247518411784
P_Q1,27,B,SRI6,66,-0.00015736786981185693,2048.8103798589086,-1.9112390060140791,0.7006435273101199,5240093132.958998,5240.093132958998,0.8384388230689865,0.06870174689579109
P_Q1,27,B,SRI6,68,0.0,1835.1735937320777,-1.5605907363923124,0.7431703159840606,5273169235.46792,5273.16923546792,0.836268545202263,0.09382004482869037
P_Q1,27,B,SRI6,69,0.0,1554.3157012348574,0.0,0.7,6072240574.6321,6072.2405746321,0.8779663429039029,0.1386843135162059
P_Q1,27,B,SRI6,70,0.0,2050.002323793632,-2.0161743782190547,0.8661159771844148,4962105826.773506,4962.105826773506,0.8271604938271605,0.06855943359305512
P_Q1,27,B,SRI6,73,-0.0031320436708278526,2076.719624376162,-1.5423767518888372,0.7654102836665883,5372664229.107357,5372.664229107357,0.8470843562101968,0.06695840893727541
P_Q1,27,B,SRI6,74,-0.00018138087165484214,2036.4446208816885,-1.0552635527318874,0.7244597120495393,5794726496.348519,5794.7264963485195,0.867968833386701,0.06962678336357492
P_Q1,27,B,SRI6,75,-2.7942793731806406,0.0,0.0,0.7286051845062013,1431112486.5291154,1431.1124865291154,0.6934215675810298,0.40954210694844706
P_Q1,27,B,SRI6,77,0.0,14.109381732200887,-0.0005543893994748038,0.7000148932010785,3057526846.034467,3057.5268460344673,0.7132742733126981,0.4079410822926673
P_Q1,27,B,SRI6,78,-0.6885456511966288,322.83888724022717,-1.1834855160784664e-05,0.7001007428787188,4672972133.814878,4672.972133814878,0.7625858327107127,0.37986978332799665
P_Q1,27,B,SRI6,79,0.0,2033.2008136143027,-1.0246432064193436,0.8051668202140205,5508303318.189658,5508.303318189658,0.8551606361404632,0.06991140996904688
P_Q1,27,B,SRI6,80,0.0,2005.046547426183,-0.1114198282364005,0.8339958970514116,5627013432.929038,5627.013432929038,0.8619560963461061,0.07272209769808234
P_Q1,27,B,SRI6,81,0.0,61.931439372606405,-0.0002511801226888384,0.7,3674670651.7906275,3674.6706517906273,0.72362756608674,0.4013946703668125
P_Q1,27,B,SRI6,82,-0.0006537164440663101,2077.230919980842,-0.776746484715584,0.7945220368272832,5669400896.816187,5669.400896816187,0.8636282776532537,0.0664247340520155
P_Q1,27,B,SRI6,83,0.0,37.03256086584417,0.0,0.7,3435374706.0385466,3435.3747060385467,0.7181129256057212,0.404810189632476
P_Q1,27,B,SRI6,86,-0.3831144622959438,0.0,-1.0867886172785188,0.7009692546144297,1076588803.7338731,1076.5888037338732,0.6523286014160172,0.40954210694844706
P_Q1,27,B,SRI6,87,-1.47417459993091,0.0,-0.9271978239256905,0.8868600930327726,443912751.31074286,443.91275131074286,0.5743053331910202,0.40954210694844706
P_Q1,27,B,SRI6,88,0.0,1764.098891774405,-1.223911788441847,0.700242498007911,5607600627.869763,5607.600627869763,0.8536307681360518,0.1048137474650443
P_Q1,27,B,SRI6,91,-0.003622479009235152,0.0,-1.0677126395796783,0.7000431952686912,1091687205.715951,1091.687205715951,0.6537517344433772,0.40954210694844706
P_Q1,27,B,SRI6,93,0.0,387.45029362723574,-0.0004688557490924363,0.7012550224028229,4804254772.395919,4804.254772395919,0.7836837798413205,0.36332586188493965
P_Q1,27,B,SRI6,94,0.0,320.63152935035157,0.0,0.7004027097597613,4667187827.804858,4667.187827804858,0.7728679688333868,0.3713309851638383
P_Q1,27,B,SRI6,97,-0.006365429524411608,1806.5327055069035,-0.005144375614537134,0.7,6234420988.879121,6234.420988879121,0.8871099726046893,0.09933468530970933
P_Q1,27,B,SRI6,98,0.0,970.5178844056536,0.0,0.7,5597219240.6218405,5597.21924062184,0.8438467285729533,0.26559220123101
P_Q1,27,B,SRI6,99,0.0,476.7168746587108,-3.396471184522141e-11,0.7003039980249448,4972099316.824853,4972.099316824853,0.7967410253673463,0.3529725691108975
P_Q1,27,B,SRI6,100,0.0,682.8465543256373,-1.9103803678479676e-09,0.7,5275638636.886947,5275.638636886947,0.819546732130786,0.32177037748603543
P_Q1,27,B,SRI6,101,0.0,445.48995850199276,-0.0001257650591257823,0.7,4919581939.002987,4919.5819390029865,0.7932543494503148,0.356565980004981
P_Q1,27,B,SRI6,103,0.0,1101.0952052424332,-2.8161185156640734e-06,0.700109878952951,5718835976.825684,5718.835976825683,0.8529903582737397,0.23563525100508767
P_Q1,27,B,SRI6,104,0.0,1021.2668524356012,0.0,0.7,5646135262.45906,5646.13526245906,0.8474757177927205,0.25353114882413635
P_Q1,27,B,SRI6,105,-0.1663834904407231,0.0,0.0,0.7027717235253612,1567324064.8906443,1567.3240648906444,0.7081865727398868,0.40954210694844706
P_Q1,27,B,SRI6,107,-0.0029034038929944828,630.1822012229504,-0.0004338409996359118,0.7001566642458414,5205052985.246656,5205.052985246656,0.813889778347031,0.33066495890703385
P_Q1,27,B,SRI6,112,-1.48113089887264,0.0,-0.9839966801702097,0.8017735031998695,754788164.0783693,754.7881640783693,0.6137972747002527,0.40954210694844706
P_Q1,27,B,SRI6,113,-0.0005657330631829941,779.4671219916756,0.0,0.7000000750957792,5393607418.493122,5393.607418493122,0.8284413135517843,0.3043369979008787
P_Q1,27,B,SRI6,114,0.0,1750.4898038642298,0.0,0.7,6200683588.833238,6200.683588833238,0.8857935745543815,0.10669939872629594
P_Q1,27,B,SRI6,115,0.0,646.1692225908316,0.0,0.7,5227574224.995013,5227.5742249950135,0.8160600562137548,0.32788984950368233
P_Q1,27,B,SRI6,116,-0.08569133151579877,0.0,-0.00865250556973933,0.712283117451745,1514602105.3887894,1514.6021053887894,0.701995944070872,0.40954210694844706
P_Q1,27,B,SRI6,117,-1.5354623572576664,0.0,-1.0140296683590981,0.7036093637777769,1110643972.943366,1110.643972943366,0.6557441206816806,0.40954210694844706
P_Q1,27,B,SRI6,118,-6.427059805551825e-07,1052.4291291749037,-1.134040667224816e-06,0.7,5675206898.727433,5675.206898727433,0.8496104173337604,0.2458818088020778
P_Q1,27,B,SRI6,120,0.0,515.8809782042822,0.0,0.700029606644241,5037678299.84242,5037.67829984242,0.8010815811007933,0.3474935069555627
P_Q1,27,B,SRI6,122,-0.00017965394906774464,1424.1491382311365,-0.0004900854885429781,0.7,5980029059.226928,5980.0290592269275,0.871597822606468,0.1638737681004732
P_Q1,27,B,SRI6,123,-0.00010426771802748958,2076.719624376162,-1.5485069731004046,0.7433818843086305,5422099102.795038,5422.099102795039,0.8499306222649162,0.06646031237769952
P_Q1,27,B,SRI6,125,-0.003563845746274774,214.47718276404933,0.0,0.7,4388976924.553111,4388.9769245531115,0.7534066246842426,0.38339203757071194
P_Q1,27,B,SRI6,130,0.0,1892.4691991624063,-2.0906612773950894,0.7255290055758641,5010991148.724954,5010.991148724954,0.8224641548368736,0.08577934322410787
P_Q1,27,B,SRI6,131,-0.0007260318262396794,1863.4555149979512,-1.2238219282904477,0.7000005004231642,5669201639.645604,5669.201639645604,0.8587184687088626,0.08965738072366312
P_Q1,27,B,SRI6,133,-0.0028379433171365656,1887.0849831746384,-1.5484878204331565,0.7429039417469662,5314809894.065996,5314.809894065997,0.8397196427936102,0.08652648806347173
P_Q1,27,B,SRI6,134,-0.5168427989224185,361.0427516908979,-0.005586972872331687,0.7001364922135478,4754577519.192098,4754.5775191920975,0.7718361973885509,0.37396378126445373
P_Q1,27,B,SRI6,136,0.0,1654.4628508118813,-1.202393219821921,0.7,5554410611.456395,5554.410611456396,0.8489344291457646,0.1213932472337852
P_Q1,27,B,SRI6,138,0.0,252.0762637337706,0.0,0.7,4498372975.308745,4498.3729753087455,0.760522289821041,0.37901590351158065
P_Q1,27,B,SRI6,139,0.0,83.42863167273941,0.0,0.7000657761424173,3827046451.0348086,3827.046451034809,0.7274700252606112,0.39854840431209326
P_Q1,27,B,SRI6,140,-0.7023977411442481,0.0,0.0,0.9289402863171067,374809560.67960256,374.80956067960255,0.5665492581919095,0.40954210694844706
P_Q1,27,B,SRI6,141,0.0,223.87056071581756,0.0,0.7,4417604369.341298,4417.6043693412985,0.7551855409684417,0.38225353114882415
P_Q1,27,B,SRI6,143,0.0,1315.5622274112725,0.0,0.7000000556791928,5898008535.809993,5898.008535809993,0.8660120254740812,0.18778240296011667
P_Q1,27,B,SRI6,144,0.0,201.0803583485532,0.0,0.7,4346480007.65558,4346.480007655579,0.7507026719322589,0.38445938734123175
P_Q1,27,B,SRI6,146,-4.796249294094536e-05,1901.9343167420798,-0.626177020119427,0.7423096811170147,5863366862.771253,5863.366862771252,0.8703525812075283,0.08456968015085212
P_Q1,27,B,SRI6,147,0.0,536.623153401099,0.0,0.7,5070344558.8174305,5070.344558817431,0.8033941722702528,0.34461166257515924
P_Q1,27,B,SRI6,148,-0.5068400747864136,391.70365319082714,0.0,0.7006415447940316,4815160914.764619,4815.160914764619,0.7764258014017861,0.37015690041626637
P_Q1,27,B,SRI6,149,-2.58018870870934,0.0,-0.6342180605159802,0.7000279236638018,1339004619.9050534,1339.0046199050535,0.6788700323762763,0.40954210694844706
P_Q1,27,B,SRI6,151,0.0,754.7156002871343,0.0,0.7001696971234356,5363607776.175556,5363.607776175556,0.8262354573593766,0.308464083680222
P_Q1,27,B,SRI6,153,0.0,105.97239127694638,0.0,0.7,3957993301.2509227,3957.9933012509227,0.7321663642508982,0.3959867648628456
P_Q1,27,B,SRI6,155,0.0,1514.993942977003,0.0,0.7,6045071870.335607,6045.071870335607,0.8760806916426511,0.14572882200163662
P_Q1,27,B,SRI6,157,-0.0010240810487892292,2098.0088299502368,-1.8441888450853063,0.7,5313744810.208413,5313.744810208413,0.8437755719215856,0.06542854093286372
P_Q1,27,B,SRI6,159,-0.03917332461929213,0.0,-0.9328879439475205,0.8504003170128116,585590619.5853801,585.5906195853801,0.5911694595652329,0.40954210694844706
P_Q1,27,B,SRI6,160,-0.0068932109360808624,728.8128186160994,0.0,0.7,5333162090.305839,5333.162090305838,0.8234959262817092,0.313943145835557
P_Q1,27,B,SRI6,161,-1.0524951022176823,0.0,-0.04236497515707738,0.7157624473656085,1489909136.8738406,1489.9091368738407,0.6988650514106807,0.40954210694844706
P_Q1,27,B,SRI6,163,-0.9522348952310765,0.0,-0.1604535041902131,0.7129073079881105,1473881585.3291066,1473.8815853291067,0.696623616892589,0.40954210694844706
P_Q1,27,B,SRI6,165,0.0,1165.6734131790001,0.0,0.7,5775786818.235106,5775.786818235107,0.8570462874017151,0.2219731739424343
P_Q1,27,B,SRI6,167,-0.03414139901094915,0.0,-0.8700699800439757,0.7000016032805244,1207956706.0050836,1207.9567060050836,0.6660618351300387,0.40954210694844706
P_Q1,27,B,SRI6,168,-1.9813604069502053,194.46523126412677,0.0,0.7,4323486402.133664,4323.486402133664,0.7206034084036004,0.4044188280499521
P_Q1,27,B,SRI6,169,0.0,557.9946451446193,-0.00504059816868457,0.7001206670263033,5101233936.753875,5101.233936753874,0.8057423417653965,0.34101825168107597
P_Q1,27,B,SRI6,172,0.0,93.59897709101085,-1.6476336202803955e-06,0.7,3889298680.7548633,3889.298680754863,0.7300316647098588,0.39737431956452124
P_Q1,27,B,SRI6,173,-0.0026281919003068505,1352.1081259617988,0.0,0.7,5926177127.931929,5926.177127931928,0.8679688333867007,0.18013306293805814
P_Q1,27,B,SRI6,174,-1.5362960559184735,0.0,-0.9542759244773631,0.7000164341526325,1161759086.431088,1161.759086431088,0.6609741345572279,0.40954210694844706
P_Q1,27,B,SRI6,176,-0.705946409654646,351.60372408334166,0.0,0.7,4736543296.428602,4736.543296428602,0.7669975450955276,0.3776283488099051
P_Q1,27,B,SRI6,177,0.0,417.4744589862313,0.0,0.7003341743969501,4866857401.220681,4866.857401220681,0.7889493720425518,0.3599814992706443
P_Q1,27,B,SRI6,178,-0.029112466091391044,305.65426349452116,-0.000469657208391579,0.7009852699673392,4629222452.276793,4629.222452276793,0.7700217027786672,0.37371473298466573
P_Q1,27,B,SRI6,179,0.0,1939.3645582526456,-0.0033052362715219486,0.8434337240279265,5554572857.496124,5554.572857496124,0.8578290105667628,0.08069164265129683
P_Q1,27,B,SRI6,180,-0.005120143711197955,131.5183539087047,0.0,0.7,4082423472.377194,4082.423472377194,0.7374319564521293,0.39282029387697015
P_Q1,27,B,SRI6,183,-0.6160014884778765,0.0,-0.0008157422122865784,0.9882280594051843,62199245.80308407,62.19924580308407,0.5340306685167395,0.40954210694844706
P_Q1,27,B,SRI6,184,-0.6824543495654241,103.45609728604101,-0.0009219770505265517,0.7,3944204796.113113,3944.204796113113,0.728572953356815,0.39904650087166893
P_Q1,27,B,SRI6,186,0.0,56.80649958725087,-0.0005543893994748038,0.7000176058072577,3632320061.090189,3632.320061090189,0.7225957946419042,0.4021062368804923
P_Q1,27,B,SRI6,189,-0.5503328422327861,252.8632241754353,0.0,0.7,4500052853.388928,4500.052853388928,0.7544383961290783,0.3840680257587079
P_Q1,27,B,SRI6,191,0.0,1228.474537558348,-0.0016343362896277286,0.7003006018995521,5826281417.00641,5826.281417006409,0.8612089515067421,0.207528373714733
P_Q1,27,B,SRI6,192,0.0,1910.7352249554376,-1.3305199186781982,0.7,5616431852.753587,5616.431852753587,0.857259757355819,0.08332443875191234
P_Q1,27,B,SRI6,194,-3.8478823416577574,0.0,-0.9575400011503739,0.8000290713155604,773333022.0076718,773.3330220076718,0.6155406126587684,0.40954210694844706
P_Q1,27,B,SRI6,196,-1.6762051397524944,393.5933078891977,-1.0643401268745512e-05,0.7,4820388937.102047,4820.388937102047,0.739388764364749,0.39353186039064997
P_Q1,27,B,SRI6,198,-0.6056012714793997,359.5463294796567,-0.00526103528416867,0.7000194089303229,4752369381.7754965,4752.369381775497,0.7701995944070872,0.3751022876863414
P_Q1,27,B,SRI6,199,-0.00015717787369506778,2005.037752704022,-1.015234416561876,0.8339958970514116,5387413266.608329,5387.413266608329,0.8486853808659767,0.07272209769808234
P_Q1,27,B,SRI6,200,-0.5105044552703365,373.20467860298766,-0.0005524906253703069,0.7001531095262049,4780777669.706542,4780.777669706542,0.7735439570213827,0.37197139502615
P_Q1,27,B,SRI6,201,-0.002830433814245276,1258.1634987782159,-0.0140624773108452,0.7000390799885582,5848889300.278399,5848.8893002784,0.8629878677909418,0.20098196178887817
P_Q1,27,B,SRI6,203,-0.5800651278380755,0.0,-1.4333858116251808,0.9873579503951412,34623732.347460255,34.623732347460255,0.5311844024620203,0.40954210694844706
P_Q1,27,B,SRI6,204,0.0,270.87586033663064,0.0,0.7000724781198374,4548101477.117852,4548.1014771178525,0.7645070622976483,0.37702351727327704
P_Q1,27,B,SRI6,209,0.0,590.7272329519748,0.0,0.7,5150804316.85235,5150.80431685235,0.8095136442878998,0.3358593944568969
P_Q1,27,B,SRI6,214,-0.00018138087165484214,1999.0367923828571,-1.0552635527318874,0.7248990675859973,5772069733.482933,5772.069733482933,0.8664033870566052,0.07332692923471022
P_Q1,27,B,SRI6,215,-0.0022408355603170046,243.24057342517986,-5.618500443354548e-07,0.7001200927705665,4473234981.3431225,4473.234981343123,0.7589924218166291,0.38001209663073254
P_Q1,27,B,SRI6,216,0.0,144.9755555252803,0.0,0.7,4140679225.852766,4140.679225852766,0.7399580175756929,0.3910769559184545
P_Q1,27,B,SRI6,217,0.0,185.82123317720175,0.0,0.7000707615895395,4294972379.652874,4294.972379652874,0.7473938876436473,0.3863806169281673
P_Q1,27,B,SRI6,218,0.0,1919.3421963246026,-1.5491949296588803,0.7030941022490681,5428364341.142192,5428.364341142192,0.8457679581598891,0.08261287223823247
P_Q1,27,B,SRI6,219,0.0,1901.0629089331583,-0.7749214880551687,0.8140561756111329,5486988259.967613,5486.988259967613,0.8520653218059558,0.08471199345358808
P_Q1,27,B,SRI6,223,-0.6824280718624198,252.3150976301439,-0.025010855164784185,0.700069500826362,4492916195.696501,4492.916195696501,0.7515565517486748,0.38588252036859144
P_Q1,27,B,SRI6,224,0.0,707.7782229705676,0.0,0.7000000706109883,5307236112.18222,5307.2361121822205,0.8219660582772976,0.3168605685416444
P_Q1,27,B,SRI6,227,-2.8909078823580994,0.0,-0.790296754902275,0.7042826874195104,1233968435.1137104,1233.9684351137105,0.6690148361618102,0.40954210694844706
P_Q1,27,B,SRI6,228,0.0,1285.955355593132,-0.001648955611416651,0.7,5874301417.267279,5874.301417267278,0.8647667840751415,0.1943288148859715
P_Q1,27,B,SRI6,229,0.0,1936.0089801538575,0.0,0.7,6312332458.994628,6312.332458994628,0.8920197815490802,0.08101184758245276
P_Q1,27,B,SRI6,230,0.0,1950.2432790324522,-0.01893674341625692,0.8127050968992715,5721761838.4810295,5721.761838481029,0.8658697121713452,0.0792329312982531
P_Q1,27,B,SRI6,231,-3.445520610941694,0.0,-0.7966478843624142,0.7103997684793124,1206101835.1059515,1206.1018351059515,0.665172376987939,0.40954210694844706
P_Q1,27,B,SRI6,232,-0.10644277243900291,0.0,-0.011953154149480782,0.9836391047121937,86232762.85782097,86.23276285782097,0.536948091222827,0.40954210694844706
P_Q1,27,B,SRI6,238,0.0,509.58245720471774,0.0,0.7,5027770558.515135,5027.770558515135,0.8004411712384816,0.3481339168178745
P_Q1,27,B,SRI6,240,-0.6338360432148531,0.0,-0.15390915427215157,0.9816996335707837,94215143.01871525,94.21514301871525,0.537481766108087,0.40954210694844706
P_Q1,27,B,SRI6,242,0.0,1759.371967345789,-1.1627366762058249,0.7019485915796996,5641658044.752504,5641.658044752505,0.8558366243284591,0.10566762728146013
P_Q1,27,B,SRI6,243,0.0,1929.4440606309959,-0.483747255328701,0.7534238749570886,5885746312.403728,5885.746312403728,0.8718824492119402,0.08175899242181665
P_Q1,27,B,SRI6,244,-0.15791545280609917,0.0,-0.8684735278902445,0.7,1208921834.6142151,1208.9218346142152,0.6662041484327746,0.40954210694844706
P_Q1,27,B,SRI6,245,0.0,1074.3731475341312,0.0,0.7,5695335442.446745,5695.335442446745,0.850962393709752,0.24125662646315865
P_Q1,27,B,SRI6,246,0.0,1873.4373354413378,-0.5472920818662521,0.7702254901130634,5750444613.262415,5750.444613262415,0.8644465791439855,0.08826982602198738
P_Q1,27,B,SRI6,247,-4.0,0.0,-0.7376832546855446,0.9602259124070931,169960536.3150757,169.9605363150757,0.5437079731027856,0.40954210694844706
P_Q1,27,B,SRI6,248,-5.552337794487486e-05,1858.9939066003526,-0.0010996622902290643,0.7000368790790624,6266397647.975024,6266.3976479750245,0.8895648770768846,0.090368947237343
P_Q1,27,B,SRI6,249,-0.9289541034682227,0.0,0.0,0.9772721893908625,119970892.03294952,119.97089203294952,0.5399366705802825,0.40954210694844706
P_Q1,27,B,SRI6,251,0.0,2077.492853199517,-1.9640834041203963,0.7,5222938226.472482,5222.938226472482,0.8382609314405665,0.0664247340520155
P_Q1,27,B,SRI6,252,-0.03818742586474122,0.0,-0.0049674526769630245,0.7090562514511902,1533293618.8366253,1533.2936188366252,0.7042373785889635,0.40954210694844706
P_Q1,27,B,SRI6,254,-2.787638372459365,0.0,-0.8001794165000735,0.9941519365166668,24456080.837639995,24.456080837639995,0.5299391610630803,0.40954210694844706
P_Q1,27,B,SRI6,257,-0.0449381207363206,36.99464151565792,0.0,0.7,3434924760.0610104,3434.92476006101,0.7180417689543532,0.40484576795815996
P_Q1,27,B,SRI6,259,0.0,1759.371967345789,-1.5847415210643647,0.7019485915796996,5306688503.587774,5306.688503587774,0.8348098338492193,0.10566762728146013
P_Q1,27,B,SRI6,260,0.0,105.85273325113876,0.0,0.7,3957358919.4745617,3957.358919474562,0.7321307859252144,0.3959867648628456
P_Q1,27,B,SRI6,262,0.0,710.4021364156692,0.0,0.7,5310511360.503923,5310.511360503923,0.8222862632084534,0.3163624719820685
P_Q1,27,B,SRI6,263,0.0,754.9937953237688,0.0,0.7,5364838363.753497,5364.838363753497,0.8263066140107447,0.30842850535453803
P_Q1,27,B,SRI6,264,0.0,895.0182526364957,0.0,0.7,5520773735.7694645,5520.773735769464,0.8382253531148824,0.2823140143024868
P_Q1,27,B,SRI6,265,0.0,2063.820845788303,-0.5543294259347071,0.8168442346180949,5640882414.1748495,5640.882414174849,0.862560927882734,0.06738534884548335
P_Q1,27,B,SRI6,267,-1.9117338702921352,0.0,-0.6993894323525148,0.7899331895207526,912165268.5306284,912.1652685306284,0.6309104493542534,0.40954210694844706
P_Q1,27,B,SRI6,273,0.0,73.22607751501229,0.0,0.7000679418026523,3758872857.7526402,3758.8728577526404,0.7257622656277796,0.39993595901376877
P_Q1,27,B,SRI6,274,-0.0011275873317772613,1326.3724667382296,-0.0034461717901194955,0.7005831649467219,5902355219.009527,5902.355219009527,0.8665101220336568,0.18554096844202514
P_Q1,27,B,SRI6,276,0.0,1811.2837268859548,-0.846034013275391,0.7,5872320919.161406,5872.320919161406,0.8675418934784931,0.09766250400256166
P_Q1,27,B,SRI6,277,-0.004371424113117417,1918.1644072519011,-1.150308306600905,0.7089093169732377,5721408000.2031975,5721.408000203198,0.8622051446258939,0.08321770377486036
P_Q1,27,B,SRI6,278,-0.7450817480623598,302.04466352714053,-2.9794086926681544e-06,0.7000593764608125,4624795781.814494,4624.795781814494,0.7591347351193655,0.3827872060340841
P_Q1,27,B,SRI6,279,-0.014972311280711432,419.4214713170351,0.0,0.7000807901628722,4871800776.207821,4871.8007762078205,0.7889493720425516,0.3601593908990643
P_Q1,27,B,SRI6,280,-0.0744498116237553,0.0,-0.025122182518767744,0.7,1576839807.0676332,1576.839807067633,0.7092183441847226,0.40954210694844706
P_Q1,27,B,SRI6,281,-0.19079974873098787,0.0,-0.780869532481575,0.929222219944235,296604055.9151356,296.60405591513563,0.558152773330487,0.40954210694844706
P_Q1,27,B,SRI6,282,0.0,437.723903546996,-0.008710323827764183,0.7,4903045262.191242,4903.045262191242,0.7917600597715874,0.3576689081011847
P_Q1,27,B,SRI6,283,-5.400063474494413e-05,2050.9540799485535,-2.211956131170277,0.7046272340429744,5061726600.345971,5061.726600345971,0.8305404347671399,0.06841712029031914
P_Q1,27,B,SRI6,284,-0.16827422631647027,0.0,-1.229410913698246,0.8369988869793683,533092487.64938056,533.0924876493806,0.5854057708044259,0.40954210694844706
P_Q1,27,B,SRI6,287,-1.8345252653558246e-06,1146.815681216944,-0.0011004765110947659,0.7000004056429827,5759130773.849534,5759.130773849534,0.856014515956879,0.22649162130430137
P_Q1,27,B,SRI6,288,0.0,1895.3577375500822,-1.9640834041203963,0.7,5119013222.645667,5119.013222645667,0.8279432169922084,0.08535240331589995
P_Q1,27,B,SRI6,289,0.0,1715.4542839708931,-0.00022947299526582515,0.7007889527983877,6174344253.141573,6174.344253141573,0.8845839114811258,0.11128900273953109
P_Q1,27,B,SRI6,290,0.0,50.6523711238284,0.0,0.7000552474527992,3577389470.5185876,3577.3894705185876,0.7212793965915966,0.40292453837122416
P_Q1,27,B,SRI6,291,0.0,1396.5932975531505,-0.0007534134800053572,0.7,5959602092.533368,5959.602092533368,0.8705660511616323,0.16999324011812006
P_Q1,27,B,SRI6,292,0.0,593.5300249365272,0.0,0.7009823160892077,5149611808.041508,5149.611808041508,0.8095136442878998,0.3353968762230049
P_Q1,27,B,SRI6,294,0.0,1904.2928960403178,-2.0525819348816134,0.7002287854172938,5069762310.796785,5069.762310796786,0.8258796741025368,0.08424947521969618
P_Q1,27,B,SRI6,297,-2.6099547044522664,0.0,0.0,0.7332749790380848,1406490153.3356006,1406.4901533356006,0.6904329882235744,0.40954210694844706
P_Q1,27,B,SRI6,299,-0.528460387263554,0.0,-0.9631669467770969,0.9848284850929906,58617962.14441034,58.61796214441034,0.5337816202369515,0.40954210694844706
P_Q1,27,B,SRI6,301,0.0,225.57953966453223,0.0,0.700050177860849,4422451024.251066,4422.451024251066,0.7552922759454938,0.38211121784608815
P_Q1,27,B,SRI6,304,-2.8883594318568386e-05,809.9594592170284,0.0,0.7,5428468833.726092,5428.468833726092,0.8312520012808198,0.2988579357455438
P_Q1,27,B,SRI6,305,0.0,1748.4845299386616,-1.3715817397593502,0.7,5485664167.869898,5485.664167869898,0.8471555128615649,0.1069484470060839
P_Q1,27,B,SRI6,306,0.0,1756.4694469012313,-1.7019156834343607,0.701322509009784,5211596788.441217,5211.5967884412175,0.8296509766250402,0.1059166755612481
P_Q1,27,B,SRI6,307,-0.0002503730678627919,284.5548099429668,0.0,0.7001266343025818,4582609481.775591,4582.609481775591,0.7669975450955278,0.3756359625716014
P_Q1,27,B,SRI6,308,-1.7255092665274216,255.50007017343077,-3.387003350020443e-05,0.7,4506134995.0197735,4506.134995019774,0.7298181947557549,0.3998648023624007
P_Q1,27,B,SRI6,309,0.0,1960.1921690920608,-1.934674010875077,0.7043646396719483,5171093181.897059,5171.093181897059,0.8335645924502794,0.0781300032020493
P_Q1,27,B,SRI6,310,0.0,1378.2159061783793,-0.0007364612392300846,0.7047289536138563,5920797697.719303,5920.797697719303,0.8679688333867007,0.1739780125947273
P_Q1,27,B,SRI6,311,-0.0011004606667850076,1966.791986982874,0.0,0.7034896968081296,6311582321.971339,6311.582321971339,0.8921620948518162,0.07727612338563346
P_Q1,27,B,SRI6,312,-0.00048324700670716435,1616.7552867011996,0.0,0.700088677667991,6113929090.330334,6113.929090330334,0.8807058739815704,0.12786850250827198
P_Q1,27,B,SRI6,314,0.0,2100.0,-1.156574334737902,0.7024891869010458,5842168513.807609,5842.168513807608,0.8701746895791087,0.06525064930444374
P_Q1,27,B,SRI6,316,-0.011703432091826869,0.0,-0.802748807020058,0.7,1246995997.544515,1246.995997544515,0.6702244992350662,0.40954210694844706
P_Q1,27,B,SRI6,317,-0.4783701336187368,0.0,-0.7613818203777557,0.7005563226093047,1265482964.0543592,1265.4829640543592,0.6718966805422136,0.40954210694844706
P_Q1,27,B,SRI6,320,0.0,2100.0,-0.6479978996474748,0.8306379452124033,5570568570.5294485,5570.568570529448,0.8602127583875903,0.06525064930444374
P_Q1,27,B,SRI6,322,0.0,2100.0,-2.140288250146673,0.7,5128489486.858522,5128.4894868585225,0.834916568826271,0.06525064930444374
P_Q1,27,B,SRI6,323,-0.004882939553151777,1834.0331154161327,-1.1286843132992939,0.7000390257972953,5716415857.237764,5716.415857237765,0.8607108549471663,0.09456718966805422
P_Q1,27,B,SRI6,324,-1.033437401456158e-08,93.79577331566153,-0.0020203996428796722,0.7,3890002720.3374667,3890.0027203374666,0.7301383996869107,0.3973387412388373
P_Q1,27,B,SRI6,325,0.0,728.5624399859995,0.0,0.7000009905598652,5332918283.703827,5332.918283703827,0.8237449745614972,0.313694097555769
P_Q1,27,B,SRI6,326,0.0,398.9941807645421,-0.000962763470359649,0.7,4833113402.248741,4833.113402248741,0.7861031059878322,0.36204504216031586
P_Q1,27,B,SRI6,327,-1.2389084291145773,419.4214713170351,0.0,0.7004522671306391,4867875130.395529,4867.875130395529,0.760522289821041,0.38079481979578034
P_Q1,27,B,SRI6,329,0.0,1974.2789955060655,-1.1473391127878885,0.7004904330618982,5784750378.315153,5784.750378315153,0.8659764471483974,0.07638666524353363
P_Q1,27,B,SRI6,330,0.0,995.689216435187,0.0,0.7,5621744318.163588,5621.744318163587,0.8455900665314692,0.26000640409862313
P_Q1,27,B,SRI6,332,-0.4870703272600939,0.0,-0.7071235363360985,0.7000284059532458,1298454142.4594126,1298.4541424594127,0.6750631515280892,0.40954210694844706
P_Q1,27,B,SRI6,334,-2.2992438106809296,0.0,-1.0258274243832637,0.7012001815530639,1113683093.7036173,1113.6830937036173,0.6559931689614686,0.40954210694844706
P_Q1,27,B,SRI6,336,-0.005437973002641393,1228.0427700892722,-0.0010996622902290643,0.7,5827512238.835718,5827.512238835719,0.8608887465755861,0.2081332052513609
P_Q1,27,B,SRI6,340,-0.0061952589987067375,2056.9369198465724,-0.5733900919654937,0.7,6166199662.007976,6166.199662007975,0.883694453339026,0.06905753015263102
P_Q1,27,B,SRI6,342,-0.0864020603975339,0.0,-0.6079682524608838,0.8928929585297901,483510946.3817694,483.51094638176943,0.5773294908741595,0.40954210694844706
P_Q1,27,B,SRI6,343,-3.74615977649939,0.0,-0.7372676669734004,0.9461215065835398,230250784.62792486,230.25078462792487,0.5503255416800085,0.40954210694844706
P_Q1,27,B,SRI6,345,-0.004242132048612574,1864.1938654607643,-0.5732249009428373,0.7524805608496034,5815450648.473988,5815.450648473988,0.867150531895969,0.09008432063187105
P_Q1,27,B,SRI6,346,0.0,1675.1589538344233,0.0,0.7024565778167798,6139698043.562003,6139.6980435620035,0.883089621802398,0.11772867968833386
P_Q1,27,B,SRI6,347,0.0,1873.4373354413378,-0.563757516629106,0.8168442346180949,5529744486.050323,5529.744486050323,0.8540221297185755,0.08826982602198738
P_Q1,27,B,SRI6,348,0.0,328.20278724868376,-0.005440223434104564,0.7,4685342301.391397,4685.342301391397,0.7746824634432703,0.37065499697584237
P_Q1,27,B,SRI6,349,-0.00012339537047887045,2063.307173899914,-1.7717572418400218,0.7293393476708433,5292400211.743918,5292.400211743919,0.8427082221510658,0.06738534884548335
P_Q1,27,B,SRI6,350,-9.010282426843031e-06,357.8306738383649,-0.0011775606780368673,0.7001309731719004,4749515060.32268,4749.51506032268,0.7796634290390294,0.36713274273312685
P_Q1,27,B,SRI6,351,0.0,1806.5119794031016,-3.533475945959776e-06,0.700802694055241,6231168337.709371,6231.1683377093705,0.887536912512897,0.0983740705162415
P_Q1,27,B,SRI6,352,0.0,1043.5909997901122,0.0,0.7,5667068078.236638,5667.068078236638,0.8491123207741844,0.24794535169174944
P_Q1,27,B,SRI6,353,-0.020580910739638303,0.0,-1.1690105490536822,0.8829151213774195,399391507.462262,399.391507462262,0.569359945920945,0.40954210694844706
P_Q1,27,B,SRI6,354,0.0,272.44351788576716,0.0,0.7000457360868558,4552298394.226279,4552.298394226279,0.7647561105774362,0.376916782296225
P_Q1,27,B,SRI6,355,0.0,2037.6717351258387,-1.2609517017228804,0.747395630494112,5589399296.326753,5589.399296326753,0.8581847938236028,0.06952004838652293
P_Q1,27,B,SRI6,356,0.0,1755.3495236611293,-1.1981882585518713,0.7,5621536687.528435,5621.536687528434,0.8542000213469956,0.10602341053830007
P_Q1,27,B,SRI6,357,0.0,1641.1749804124652,-0.5003319788511307,0.700000976292585,5951348894.777612,5951.348894777611,0.8707795211157365,0.12356352510050878
P_Q1,27,B,SRI6,359,-3.975129841798887e-05,605.0488524206025,0.0,0.700088677667991,5170661662.69412,5170.66166269412,0.8111858255950475,0.3340093215213293
P_Q1,27,B,SRI6,360,-0.006916150815662995,1585.9480615552625,-0.001970804791180284,0.7000410414430165,6093028720.290048,6093.028720290047,0.8791404276514747,0.1351264809478066
P_Q1,27,B,SRI6,361,-1.3152891953263188,352.1009500356566,0.0,0.7,4736870539.638844,4736.870539638843,0.7518767566798306,0.38691429181342724
P_Q1,27,B,SRI6,363,-2.957015466509981e-05,877.1009540172524,-0.0012941923936957145,0.7,5501479774.5270405,5501.479774527041,0.8371580033443626,0.28633436510477817
P_Q1,27,B,SRI6,364,0.0,945.0024351259377,0.0,0.7000009794085457,5571900831.65125,5571.90083165125,0.8421389689401217,0.271320311666133
P_Q1,27,B,SRI6,365,-0.0002751683591846101,1772.4715535878113,-1.8237466055397191,0.7035811748365121,5131585035.096705,5131.585035096706,0.8261643007080087,0.10335503611200056
P_Q1,27,B,SRI6,367,-0.001170441338175232,296.3790714817054,0.0,0.7,4612348356.918996,4612.348356918996,0.7688831963567794,0.3742839861956096
P_Q1,27,B,SRI6,371,0.0,932.5758122970892,-0.022371122136455514,0.7,5555064563.320214,5555.064563320214,0.840929305866866,0.2740242644181165
P_Q1,27,B,SRI6,372,-0.020580910739638303,0.0,-1.1690105490536822,0.7,1023128410.1578355,1023.1284101578354,0.6465649126552105,0.40954210694844706
P_Q1,27,B,SRI6,373,-2.695790933571474,0.0,-1.0929891178839666,0.7011396434494196,1071448787.2802557,1071.4487872802556,0.6520795531362295,0.40954210694844706
P_Q1,27,B,SRI6,375,0.0,1863.7301790371257,-0.5472920818662521,0.7702254901130634,5744642535.351957,5744.642535351957,0.8639840609100936,0.08962180239797914
P_Q1,27,B,SRI6,376,-0.0008479117190676386,0.0,-0.7927824014260618,0.9077384760155665,384702644.388186,384.702644388186,0.5679723912192692,0.40954210694844706
P_Q1,27,B,SRI6,377,0.0,1019.6969145890519,0.0,0.7001447077535193,5643887321.171824,5643.887321171825,0.8473689828156686,0.25395808873234427
P_Q1,27,B,SRI6,381,-0.006916150815662995,121.07069766290795,-2.579582987158682e-05,0.7000410414430165,4033753464.6670694,4033.7534646670692,0.7349414736542498,0.39449247518411784
P_Q1,27,B,SRI6,382,-1.0044508679444983,0.0,-0.9161114240169138,0.7001331296192719,1181983039.4994273,1181.9830394994274,0.6631799907496355,0.40954210694844706
P_Q1,27,B,SRI6,384,-1.4900433584274173,235.85644279958387,0.0,0.7,4451643000.80689,4451.643000806889,0.73369623225531,0.3971252712847334
P_Q1,27,B,SRI6,387,-0.004379305228430726,681.9463842988855,0.0,0.7,5274492328.576787,5274.492328576787,0.8192976838509979,0.32205500409150745
P_Q1,27,B,SRI6,389,0.0,1752.2796976865243,-0.0005336018402448406,0.7000650062097757,6201393223.035976,6201.393223035976,0.8858647312057495,0.10637919379513999
P_Q1,27,B,SRI6,392,-0.00717246415211331,574.2419451817732,-0.0019011780938141363,0.7000410414430165,5126180061.119376,5126.180061119376,0.8074856797239123,0.33867008218593236
P_Q1,27,B,SRI6,393,-2.837063021401791e-05,1933.3775717763292,-2.1532661448182204,0.7544803325731609,4971974587.793098,4971.974587793098,0.8228910947450813,0.08136763083929272
P_Q1,27,B,SRI6,397,-0.6851062912148678,125.89445318987794,0.0,0.700088677667991,4055988318.2977533,4055.9883182977533,0.7317750026683741,0.39698295798199734
P_Q1,27,B,SRI6,400,-1.720112264095505,313.5933856641989,0.0,0.7,4651122411.326467,4651.122411326466,0.7336962322553101,0.3975877895186252
P_Q1,27,B,SRI6,404,-0.0010143167933802425,1169.6359127644605,0.0,0.7000212119622257,5779054414.954047,5779.054414954047,0.857259757355819,0.22101255914896642
P_Q1,27,B,SRI6,405,-0.003456763473838386,253.25447638533706,0.0,0.7,4501591096.112602,4501.591096112602,0.760557868146725,0.37908706016294863
P_Q1,27,B,SRI6,408,-0.004074219907550496,384.79033347375093,-0.000962763470359649,0.7,4805261438.676916,4805.261438676916,0.7837549364926885,0.3636460668160955
P_Q1,27,B,SRI6,412,0.0,0.0,-0.0007099866359288436,0.7144956055663503,1505390223.5297148,1505.3902235297148,0.7010353292774042,0.40954210694844706
P_Q1,27,B,SRI6,413,-8.510546245043757e-05,66.54752175077681,-0.003150638586238874,0.7,3709664149.6686544,3709.6641496686543,0.7245170242288398,0.4007186821788167
P_Q1,27,B,SRI6,415,-4.071334250137649e-05,187.99295923549977,0.0,0.7000313638551852,4302648194.075353,4302.648194075353,0.7478208275518554,0.38609599032269526
P_Q1,27,B,SRI6,416,0.0,135.80463529355083,0.0,0.7,4101447807.0393424,4101.4478070393425,0.7384637278969653,0.3921798840146583
P_Q1,27,B,SRI6,417,0.0,1424.6650647895096,-0.00046308629643351015,0.7002133662424247,5979277803.521364,5979.277803521364,0.8715622442807841,0.16376703312342122
P_Q1,27,B,SRI6,419,0.0,1873.4373354413378,-0.7354829000501583,0.7702254901130634,5672785055.332406,5672.785055332406,0.8603550716903263,0.08826982602198738
P_Q1,27,B,SRI6,420,-0.0012715933728606327,0.0,-0.6359944960778099,0.7000926539500358,1337668429.049522,1337.6684290495218,0.6786565624221723,0.40954210694844706
P_Q1,27,B,SRI6,424,0.0,202.6340964870767,-2.4886007426689592e-06,0.7000617798234917,4351191810.999569,4351.191810999569,0.7509872985377309,0.38442380901554773
P_Q1,27,B,SRI6,429,-0.00010755936142953275,216.81502057975922,-2.803900638995159e-06,0.7000480456843046,4395928799.673231,4395.928799673231,0.7537979862667663,0.38303625431387195
P_Q1,27,B,SRI6,430,-1.462810761142672,292.1522517420958,0.0,0.7000003784531296,4600525008.972432,4600.525008972432,0.7404561141352688,0.39342512541359803
P_Q1,27,B,SRI6,432,-0.000296964034153485,1103.037467924591,0.0,0.7,5721149681.861095,5721.149681861096,0.8532038282278437,0.23535062439961574
P_Q1,27,B,SRI6,434,-0.0553557710754613,25.772840385522155,0.0,0.7000107848189862,3283231870.374118,3283.231870374118,0.7157647561105774,0.40648237093962364
P_Q1,27,B,SRI6,437,-0.7203794860792341,0.0,-0.7378434864875815,0.7281364916539966,1160928488.8294125,1160.9284888294126,0.6607250862774399,0.40954210694844706
P_Q1,27,B,SRI6,438,-0.0004886127318519582,1203.2160217733456,-0.006112503724950825,0.7000000135672184,5805668398.036979,5805.668398036979,0.8592165652684385,0.21290070089301597
P_Q1,27,B,SRI6,439,0.0,1262.4540485123648,-0.0016511377429469926,0.7000689819353108,5855142072.228644,5855.142072228645,0.8635926993275697,0.19998576866972634
P_Q1,27,B,SRI6,441,-0.0010143167933802425,340.92762263188445,0.0,0.7000224821751323,4714424025.147859,4714.424025147859,0.7772085245668339,0.3692674422741665
P_Q1,27,B,SRI6,442,0.0,1771.5419378126744,-0.8949547495864192,0.7599480099124949,5583734097.797213,5583.734097797213,0.8538086597644716,0.10339061443768455
P_Q1,27,B,SRI6,445,0.0,371.2951030651244,0.0,0.7,4778525134.584214,4778.525134584214,0.7818337069057532,0.3651047781691394
P_Q1,27,B,SRI6,446,0.0,847.6271825905003,0.0,0.7000134013066485,5470154154.594049,5470.154154594049,0.834916568826271,0.2917066922830612
P_Q1,27,B,SRI6,447,-0.017223417714981926,481.3788478244107,0.0,0.7,4981518910.570372,4981.518910570371,0.79713238694987,0.3526167858540576
P_Q1,27,B,SRI6,450,0.0,553.676029836461,-0.001970804791180284,0.7000410414430165,5095653020.5104,5095.6530205104,0.8056711851140285,0.3418365531718077
P_Q1,27,B,SRI6,451,-1.9612103872511049,225.57953966453223,0.0,0.7000410194489051,4421056252.90039,4421.05625290039,0.7223823246878003,0.40338705660511615
P_Q1,27,B,SRI6,452,-0.15415184619941918,0.0,-0.6733072141190504,0.9429240983220831,250705126.16012478,250.7051261601248,0.5526381328494682,0.40954210694844706
P_Q1,27,B,SRI6,454,0.0,969.1240730845252,0.0,0.7000024289043001,5595837323.399818,5595.837323399818,0.8437399935959013,0.26584124951079796
P_Q1,27,B,SRI6,455,-0.0010722241077660939,1460.6616973984237,-5.685472737559933e-05,0.7000556813351367,6006195922.653132,6006.195922653133,0.8736257871704558,0.15693599459209454
P_Q1,27,B,SRI6,456,-0.0007454779157707167,1831.0442944348977,-0.8094951969879275,0.7,5908956327.471831,5908.956327471831,0.8696054363681647,0.09456718966805422
P_Q1,27,B,SRI6,458,-0.057690495726719554,0.13993586638579814,0.0,0.7000002323950926,2078508305.7416642,2078.508305741664,0.7101433806525065,0.40954210694844706
P_Q1,27,B,SRI6,459,0.0,160.07634722925368,0.0,0.7,4201314377.0089803,4201.31437700898,0.7427687053047284,0.3893336179599388
P_Q1,27,B,SRI6,461,-2.0960211225630725e-05,1301.1457666104634,-0.01165053079237155,0.7001781358619279,5882728112.979254,5882.728112979254,0.8650869890062972,0.19080656064325618
P_Q1,27,B,SRI6,462,-0.11539076628517744,336.71812149776474,-0.00010435207505449022,0.7013585751709057,4697930012.017262,4697.930012017262,0.7747536200946384,0.3710463585583663
P_Q1,27,B,SRI6,463,-0.000296964034153485,2006.8686792559263,0.0,0.7,6352814379.113872,6352.814379113872,0.8940833244387519,0.07250862774397836
P_Q1,27,B,SRI6,467,-1.4695247815618115,385.1812027785978,0.0,0.7,4804310681.805752,4804.310681805752,0.7490304906251112,0.388088376560999
P_Q1,27,B,SRI6,468,0.0,493.0932284572091,-0.0021634019535779255,0.7000103323079591,5000515959.719359,5000.51595971936,0.7988401465827016,0.350695556267122
P_Q1,27,B,SRI6,469,0.0,2008.6109921821885,0.0,0.7,6353800900.760961,6353.800900760961,0.8941544810901199,0.07222400113850644
P_Q1,27,B,SRI6,470,-3.894938830588955,0.0,-0.006687636501638505,0.9833927629942523,87591836.62528063,87.59183662528064,0.5369836695485111,0.40954210694844706
P_Q1,27,B,SRI6,472,0.0,2008.6109921821885,-1.9193499139322316,0.7341260830252725,5162790599.031037,5162.790599031037,0.8350233038033229,0.07222400113850644
P_Q1,27,B,SRI6,474,-0.6966360303028967,327.3921301161837,0.0,0.7,4683772169.839571,4683.772169839571,0.7635464475041805,0.37954957839684067
P_Q1,27,B,SRI6,475,0.0,605.7857532195443,0.0,0.7,5172167183.679455,5172.167183679455,0.8112925605720995,0.3339381648699612
P_Q1,27,B,SRI6,476,0.0,252.42944483763893,0.0,0.7,4499339517.928647,4499.339517928647,0.7605934464724089,0.37901590351158065
P_Q1,27,B,SRI6,477,0.0,754.0390606761893,-1.1166618182213489e-05,0.700318168272426,5362015185.353892,5362.015185353893,0.8261287223823246,0.308641975308642
P_Q1,27,B,SRI6,478,0.0,622.920037474314,0.0,0.7,5196004005.787365,5196.004005787365,0.813284946810403,0.33166115202618557
P_Q1,27,B,SRI6,479,-1.2760657425866928,130.09955697762166,0.0,0.7,4075537800.7726474,4075.537800772647,0.7269363503753515,0.4000782723165048
P_Q1,27,B,SRI6,480,-0.7347241817380342,285.02864301720996,0.0,0.7,4583653984.798199,4583.6539847981985,0.7566442523214858,0.3839968691073398
P_Q1,27,B,SRI6,482,0.0,1137.3183968617923,0.0,0.7,5751345737.252001,5751.345737252001,0.8552673711175153,0.22819938093713307
P_Q1,27,B,SRI6,483,0.0,447.39511611781387,0.0,0.7,4923028751.650573,4923.028751650573,0.7934322410787348,0.356459245027929
P_Q1,27,B,SRI6,484,0.0,1223.284161902126,0.0,0.7,5824049507.80379,5824.04950780379,0.8608531682499022,0.20870245846230479
P_Q1,27,B,SRI6,485,0.0,1872.1040414496308,-0.6444534017885251,0.8147311974817586,5512548750.18265,5512.548750182649,0.8530970932507917,0.08841213932472335
P_Q1,27,B,SRI6,486,-0.8175203861269676,0.0,-0.5294549928358215,0.9421781182824159,268043988.8984842,268.0439888984842,0.5546660974134557,0.40954210694844706
P_Q1,27,B,SRI6,487,0.0,213.67664272284057,0.0,0.7007360201250445,4382595583.373791,4382.595583373791,0.7526239015191946,0.3833208809193439
P_Q1,27,B,SRI6,488,0.0,284.58463426090134,0.0,0.7,4583354957.86588,4583.35495786588,0.7671042800725796,0.37560038424591735
P_Q1,27,B,SRI6,489,0.0,1458.9908158530905,0.0,0.7,6005355745.450745,6005.3557454507445,0.8735546305190878,0.1574340911516704
P_Q1,27,B,SRI6,490,0.0,1172.4105793599083,0.0,0.7,5781518577.43665,5781.51857743665,0.8574732273099229,0.22037214928665455
P_Q1,27,B,SRI6,491,0.0,479.80699888309834,0.0,0.7,4978919958.798989,4978.91995879899,0.797239121926922,0.35251005087700565
P_Q1,27,B,SRI6,492,-0.2898169710044325,0.0,-0.6485055751745836,0.9438485475591962,249219661.47910488,249.21966147910487,0.5526025545237842,0.40954210694844706
P_Q1,27,B,SRI6,493,-1.0167133130637729,252.42944483763893,0.0,0.7,4498544581.44463,4498.544581444629,0.7466111644785998,0.38929803963425486
P_Q1,27,B,SRI6,494,-2.015504573009793,0.0,-1.1150556348997762,0.991120139484089,31502493.825389,31.502493825389003,0.5308286192051802,0.40954210694844706
P_Q1,27,B,SRI6,495,0.0,2011.1978144830414,-0.7728759449084264,0.8445564015872209,5422304400.8951025,5422.304400895103,0.8510335503611202,0.07193937453303448
P_Q1,27,B,SRI6,496,0.0,2100.0,-0.6652564678027426,0.8006889348851258,5696861778.022438,5696.861778022438,0.8655139289145054,0.06525064930444374
P_Q1,27,B,SRI6,497,0.0,132.427015232953,0.0,0.7,4086494957.8628073,4086.4949578628075,0.7376810047319174,0.3926779805742342
P_Q1,27,B,SRI6,500,0.0,844.7327524993411,0.0,0.7,5467020822.624785,5467.020822624785,0.8346675205464832,0.29220478884263706
P_Q1,27,B,SRI6,501,0.0,954.4906534847082,0.0,0.7,5581396807.507904,5581.396807507904,0.8427793788024337,0.2691144554737255
P_Q1,27,B,SRI6,503,-3.154089723195516,0.0,-0.7247414000773834,0.701338540212104,1283531656.895817,1283.5316568958172,0.6734977051979932,0.40954210694844706
P_Q1,27,B,SRI6,504,-1.928105109432088,481.9547288661826,0.0,0.7,4978891927.329172,4978.891927329172,0.7361511367275055,0.39598676486284556
P_Q1,27,B,SRI6,506,-1.928105109432088,433.56929614475894,0.0,0.7000013012827546,4895039112.363483,4895.039112363484,0.73440779876899,0.3975522111929414
P_Q1,27,B,SRI6,508,-0.7831801161278514,0.0,-1.0352332841932288,0.7449682411208881,946521510.1117475,946.5215101117475,0.6370299213719002,0.40954210694844706
P_Q1,27,B,SRI6,509,0.0,1936.6448930054305,-0.6471761786107821,0.794548519508586,5639548303.620172,5639.548303620171,0.8606041199701141,0.08101184758245276
P_Q1,27,B,SRI6,510,-0.0017975406672660933,714.4134317398846,-0.008314658611778554,0.7,5312792666.702977,5312.792666702977,0.8224285765111893,0.3157220621197567
P_Q1,27,B,SRI6,513,0.0,1910.9494523399335,-1.2130800423833787,0.7228359211630218,5629898368.834425,5629.898368834425,0.8578290105667628,0.08332443875191234
P_Q1,27,B,SRI6,515,0.0,1031.3138764962332,0.0,0.7,5655565458.459263,5655.565458459263,0.8481517059807165,0.25096950937488877
P_Q1,27,B,SRI6,516,0.0,1257.3104000024791,0.0,0.7,5851807033.836144,5851.807033836144,0.8632369160707298,0.20108869676593014
P_Q1,27,B,SRI6,517,-1.6869435831914064,435.66155124464376,0.0,0.7001750650185411,4898098605.494627,4898.098605494627,0.7417369338598925,0.3926424022485502
P_Q1,27,B,SRI6,520,0.0,576.7533262472565,0.0,0.7,5130566714.989834,5130.566714989834,0.8082328245632762,0.33817198562635653
P_Q1,27,B,SRI6,521,0.0,176.1390518051636,0.0,0.7,4261236512.238249,4261.236512238249,0.7456505496851317,0.38748354502437116
P_Q1,27,B,SRI6,522,0.0,819.5284248459362,0.0,0.7,5439205684.372491,5439.205684372491,0.8320703027715517,0.2966876578788203
P_Q1,27,B,SRI6,523,-2.4114630483626733,0.0,-0.7992305918296527,0.9066994198636107,388409063.644706,388.409063644706,0.5683281744761092,0.40954210694844706
P_Q1,27,B,SRI6,524,0.0,1859.4265935416038,-1.1657811658160933,0.7580951425730927,5507507854.561743,5507.5078545617425,0.8523855267371117,0.09033336891165898
P_Q1,27,B,SRI6,525,0.0,1087.8674975917024,0.0,0.7000470733509325,5707308137.824608,5707.308137824608,0.8520653218059557,0.23862383036254314
P_Q1,27,B,SRI6,526,-1.3254219360667105,0.0,-0.8102116311839505,0.7028560191821764,1230963690.676182,1230.963690676182,0.6683032696481304,0.40954210694844706
P_Q1,27,B,SRI6,527,0.0,994.9974193843993,0.0,0.7,5621088285.92663,5621.08828592663,0.845554488205785,0.26029103070409504
P_Q1,27,B,SRI6,528,0.0,107.24781112285633,0.0,0.7,3964721442.9876347,3964.721442987635,0.7324154125306863,0.3958088732344257
P_Q1,27,B,SRI6,529,-0.0017975406672660933,1291.0929850676096,-0.008314658611778554,0.7,5876131391.377782,5876.131391377782,0.8648379407265092,0.19258547692745578
P_Q1,27,B,SRI6,530,-2.9043051105697306,0.0,-0.6870749305426693,0.7,1309642671.0888393,1309.6426710888393,0.6763439712527128,0.40954210694844706
P_Q1,27,B,SRI6,532,-0.007328470666277062,50.45089289333361,0.0,0.7,3575801506.0682073,3575.8015060682073,0.7212438182659127,0.4030312733482762
P_Q1,27,B,SRI6,534,0.0,418.37555012157566,0.0,0.7,4870312993.920622,4870.312993920622,0.7891272636709716,0.3599459209449604
P_Q1,27,B,SRI6,535,0.0,1953.6115267976793,-0.3432913937896961,0.8235354509255889,5605509600.203914,5605.509600203914,0.8593588785711745,0.07884156971572918
P_Q1,27,B,SRI6,537,0.0,1935.0889318525444,-1.3227023381861507,0.7983293115190329,5336128868.416986,5336.128868416987,0.8451987049489451,0.08115416088518873
P_Q1,27,B,SRI6,539,0.0,2063.222965465945,-1.9549122357168274,0.7506582732240313,5148372830.718688,5148.372830718688,0.835343508734479,0.06742092717116734
P_Q1,27,B,SRI6,540,0.0,1986.311993162686,-0.05569604536549255,0.785374754737656,5879901244.32539,5879.90124432539,0.8737681004731916,0.07482121891343795
P_Q1,27,B,SRI6,542,0.0,870.9133666148551,0.0,0.7,5495297444.615473,5495.297444615473,0.8368022200875228,0.287579606503718
P_Q1,27,B,SRI6,543,0.0,1622.1114045117786,0.0,0.7,6117949271.29527,6117.94927129527,0.8809905005870425,0.1272280926459601
P_Q1,27,B,SRI6,544,0.0,900.1228533061962,0.0,0.7000604522932163,5525754757.070665,5525.754757070666,0.8383676664176185,0.2811755078805991
P_Q1,27,B,SRI6,545,0.0,529.3518860473363,0.0,0.7,5059046049.207547,5059.046049207547,0.8026470274308891,0.34560785569431113
P_Q1,27,B,SRI6,546,-0.008772227798059862,1936.6448930054305,-0.6422717136921742,0.794548519508586,5641534297.742187,5641.534297742187,0.8601771800619062,0.08271960721528443
P_Q1,27,B,SRI6,547,0.0,1531.1777593877086,-0.007592841466895539,0.7006838610266006,6050437648.192783,6050.437648192783,0.8764364748994913,0.1430604475753371
P_Q1,27,B,SRI6,549,0.0,2100.0,-0.5674230776491148,0.7,6193783520.843499,6193.783520843499,0.8856868395773296,0.06525064930444374
P_Q1,27,B,SRI6,550,0.0,1935.0889318525444,-1.4832633031063895,0.7983293115190329,5246774635.819725,5246.774635819725,0.8381541964635145,0.08115416088518873
P_Q1,27,B,SRI6,554,0.0,397.1272986713979,0.0,0.7,4829930590.006224,4829.930590006224,0.7858896360337282,0.3621161988116839
P_Q1,27,B,SRI6,556,-0.13212686926115325,0.0,-3.338256433540312e-06,0.7330789979389056,1407523498.9979563,1407.5234989979563,0.6906464581776783,0.40954210694844706
P_Q1,27,B,SRI6,558,0.0,1703.6790723184565,0.0,0.7,6171017830.1529,6171.0178301528995,0.8844415981783899,0.1134237022805707
P_Q1,27,B,SRI6,559,0.0,2008.6109921821885,-1.7540359843427646,0.7327810332690202,5265256442.47312,5265.25644247312,0.8408581492154981,0.07222400113850644
P_Q1,27,B,SRI6,560,-0.10061912366517263,64.64684061810352,0.0,0.7,3696045385.3024487,3696.0453853024487,0.7240900843206319,0.4012523570640765
P_Q1,27,B,SRI6,563,-0.30908281735821674,0.0,-0.8064124199195086,0.9131228876796371,360727573.61794543,360.72757361794544,0.5651617034902338,0.40954210694844706
P_Q1,27,B,SRI6,564,0.0,1404.0868111250493,-0.35863721949201066,0.7044627951842676,5828500670.183724,5828.500670183725,0.8614935781122143,0.1681787455082364
P_Q1,27,B,SRI6,565,0.0,2008.5326059965196,-1.0905965578162804,0.8456439755096143,5321517510.329414,5321.517510329414,0.8450563916462093,0.07222400113850644
P_Q1,27,B,SRI6,566,0.0,2026.5742228922818,-0.7043166877855442,0.7965560895579149,5660692838.729773,5660.692838729772,0.8624186145799979,0.07058739815704274
P_Q1,27,B,SRI6,567,-0.004655796471635165,2040.2952704423292,-0.018370867492824017,0.9997820941561563,4784010435.135462,4784.010435135462,0.8174476109154304,0.06987583164336286
P_Q1,27,B,SRI6,568,-0.037521838666432994,0.04453805541447764,0.0,0.7,1960905950.4109888,1960.905950410989,0.7101078023268225,0.40954210694844706
P_Q1,27,B,SRI6,570,0.0,1812.8536838026828,-0.6717501475394446,0.7,5973468302.179004,5973.468302179003,0.8731988472622478,0.0974490340484577
P_Q1,27,B,SRI6,571,0.0,1545.5681939794144,-0.48306586249251054,0.7,5895769426.835718,5895.769426835718,0.8664745437079732,0.14049880812608959
P_Q1,27,B,SRI6,572,-0.05602539045154588,38.17633815789185,0.0,0.7,3448733599.975997,3448.733599975997,0.7182196605827732,0.404632298004056
P_Q1,27,B,SRI6,574,0.0,92.97070808079343,0.0,0.700048017710491,3885374793.4720335,3885.3747934720336,0.7298181947557546,0.3974098978902053
P_Q1,27,B,SRI6,576,0.0,1996.2902990110833,-1.3237873041044232,0.7411711612999254,5544515696.505048,5544.515696505047,0.8559077809798272,0.07382502579428613
P_Q1,27,B,SRI6,577,-0.8480166496428776,0.0,-0.8060673166389852,0.72098825150906,1158470080.1702573,1158.4700801702572,0.6605471946490197,0.40954210694844706
P_Q1,27,B,SRI6,578,0.0,1910.9494523399335,-1.275529502910464,0.7156221722150737,5607580925.125268,5607.580925125268,0.856690504144875,0.08332443875191234
P_Q1,27,B,SRI6,581,0.0,1577.6681505393904,-0.6516349153188337,0.7030242106341874,5820732586.249053,5820.732586249053,0.8629878677909419,0.13530437257622657
P_Q1,27,B,SRI6,582,-1.6869435831914064,427.6610892345175,0.0,0.7001750650185411,4883602131.196626,4883.602131196626,0.7411321023232647,0.39282029387697015
P_Q1,27,B,SRI6,584,0.0,929.4423483528993,0.0,0.7,5556211426.573155,5556.211426573155,0.8408937275411819,0.27484256590884837
P_Q1,27,B,SRI6,585,0.0,1925.0981878841862,-1.237473405034191,0.7795613727077342,5436651949.183979,5436.651949183979,0.8496815739851283,0.08207919735297257
P_Q1,27,B,SRI6,591,0.0,2047.5281991231286,-2.0929044081546975,0.7803583293259192,5036368811.786831,5036.3688117868305,0.8294730849966204,0.06880848187284307
P_Q1,27,B,SRI6,592,-0.004643974074431812,2047.5281991231286,-1.3226558623305373,0.7779918253649117,5461882185.506712,5461.882185506712,0.8529903582737397,0.06930657843241897
P_Q1,27,B,SRI6,595,0.0,2100.0,-0.715328530502699,0.7380901490198671,5950769750.481336,5950.769750481336,0.8752268118262356,0.06525064930444374
P_Q1,27,B,SRI6,598,0.0,157.52863168688134,0.0,0.7007360201250445,4187502732.3182445,4187.502732318245,0.7418436688369445,0.3896894012167788
P_Q1,27,B,SRI6,599,-2.010060028573702,246.2408417707889,0.0,0.7,4480630743.724225,4480.630743724225,0.722987156224428,0.4037072615362722
P_Q1,27,B,SRI6,600,0.0,1561.7008991097864,0.0,0.7,6077313814.419966,6077.313814419966,0.8785355961148468,0.1376525420713701
P_Q1,27,B,SRI6,602,-0.7917848413957377,0.0,-1.3511413157401067,0.9203451236226935,235805286.27452257,235.8052862745226,0.5517130963816844,0.40954210694844706
P_Q1,27,B,SRI6,603,-1.9286298356628981,0.0,-1.1150556348997762,0.9213921302513667,277816463.74998033,277.81646374998036,0.5558401821610276,0.40954210694844706
P_Q1,27,B,SRI6,607,0.0,327.0043591798759,0.0,0.7000604522932163,4683435093.640054,4683.435093640053,0.7743622585121143,0.37076173195289436
P_Q1,27,B,SRI6,609,0.0,2024.1430458335433,-2.5157206520707627,0.7673768235760221,4902122442.104695,4902.122442104695,0.823282456327605,0.07090760308819867
P_Q1,27,B,SRI6,610,-0.3592712572680954,0.0,-0.5362829838501173,0.895476139685017,483835123.9518788,483.8351239518788,0.5779343224107873,0.40954210694844706
P_Q1,27,B,SRI6,611,0.0,1953.8620942863313,0.0,0.7,6322623086.382929,6322.623086382929,0.8924822997829721,0.0788059913900452
P_Q1,27,B,SRI6,615,-2.8396906591576694,0.0,-0.9278456431179878,0.7,1176131580.0268223,1176.1315800268223,0.6624684242359555,0.40954210694844706
P_Q1,27,B,SRI6,617,0.0,1935.0889318525444,-1.3227023381861507,0.7841710034255336,5379156137.625389,5379.156137625389,0.8472622478386168,0.08115416088518873
P_Q1,27,B,SRI6,621,-0.022529208797556863,63.02375702338543,0.0,0.7,3683396414.1641593,3683.3964141641595,0.7237698793894759,0.40143024869249644
P_Q1,27,B,SRI6,623,0.0,86.78100676770951,0.0,0.7,3848410993.2485714,3848.4109932485712,0.728252748425659,0.39815704272956925
P_Q1,27,B,SRI6,624,-0.6966360303028967,140.16968398990196,0.0,0.7,4120057169.916742,4120.057169916742,0.7346568470487779,0.39570213825737366
P_Q1,27,B,SRI6,626,0.0,381.8588546349014,0.0,0.7000349585099196,4799679277.116997,4799.679277116997,0.7835058882129007,0.3637883801188316
P_Q1,27,B,SRI6,627,-0.008833376802060826,272.14715155989495,0.0,0.7,4551743096.1170435,4551.743096117044,0.7646137972747004,0.37720140890169707
P_Q1,27,B,SRI6,628,0.0,777.6464263275335,0.0,0.700006083543203,5391463652.631159,5391.463652631159,0.8281211086206283,0.3047283594834027
P_Q1,27,B,SRI6,629,-1.5838313411055693,284.58463426090134,0.0,0.7,4581712623.752589,4581.712623752589,0.7354039918881418,0.39612907816558157
P_Q1,27,B,SRI6,630,-2.18980953824712,0.0,-0.9421097240364393,0.7001585255818757,1168002774.7370458,1168.0027747370457,0.6614366527911196,0.40954210694844706
P_Q1,27,B,SRI6,631,0.0,370.5345627281984,0.0,0.7,4776969800.8678,4776.9698008678,0.7817625502543852,0.36514035649482346
P_Q1,27,B,SRI6,632,0.0,1859.4265935416038,-1.1657811658160933,0.7015990946502224,5700967439.316502,5700.967439316501,0.8608531682499021,0.09033336891165898
P_Q1,27,B,SRI6,633,0.0,354.66006349334873,0.0,0.7,4743966920.632423,4743.966920632423,0.7792009108051374,0.3674885259899669
P_Q1,27,B,SRI6,634,0.0,588.453212336547,0.0,0.7,5147539664.237924,5147.539664237924,0.8093357526594799,0.3364642259935248
P_Q1,27,B,SRI6,635,0.0,1873.885983286661,0.0,0.7,6275929508.807904,6275.929508807904,0.8901697086135125,0.08816309104493542
P_Q1,27,B,SRI6,636,0.0,2008.6109921821885,-1.9403718367612732,0.7351377941907149,5150746845.306434,5150.746845306434,0.8341694239869073,0.07222400113850644
P_Q1,27,B,SRI6,637,0.0,201.8913133186715,0.0,0.7,4349113719.9216385,4349.113719921638,0.7509161418863629,0.38442380901554773
P_Q1,27,B,SRI6,638,-2.225325334808226,0.0,-0.9882875072288231,0.7041763691841567,1124445258.576299,1124.445258576299,0.6572739886860924,0.40954210694844706
P_Q1,27,B,SRI6,639,-0.001470267036564817,1317.8335793117576,-0.002385409892924898,0.7000344909224191,5898909217.001435,5898.9092170014355,0.8661187604511331,0.18724872807485682
P_Q1,27,B,SRI6,640,-0.11768484042245925,0.0,0.0,0.7142527106901093,1506788491.1237903,1506.7884911237902,0.7011776425801401,0.40954210694844706
P_Q1,27,B,SRI6,641,-1.974885081050351,276.5622745261127,0.0,0.7,4561240672.169249,4561.240672169249,0.7252641690682036,0.40256875511438434
P_Q1,27,B,SRI6,642,-0.008666590304884425,2008.6109921821885,-2.089704195414634,0.7346033489600678,5068308002.170981,5068.308002170981,0.8293307716938841,0.0739673390970221
P_Q1,27,B,SRI6,643,0.0,1938.1808242677437,-1.193988402700618,0.7391002859634286,5603370035.055054,5603.370035055053,0.857259757355819,0.08076279930266482
P_Q1,27,B,SRI6,647,0.0,2031.456288902009,-0.5138797068918222,0.8016122630851144,5706536277.130171,5706.536277130171,0.8650158323549293,0.06998256662041485
P_Q1,27,B,SRI6,650,0.0,1804.0086187353877,0.0,0.7,6233876522.532057,6233.876522532057,0.8875724908385811,0.09855196214466146
P_Q1,27,B,SRI6,651,0.0,1115.368107511298,0.0,0.7,5732091945.521135,5732.091945521135,0.8539509730672075,0.23261109332194826
P_Q1,27,B,SRI6,653,0.0,2063.0165721216094,-1.8684349461075258,0.7351377941907149,5223247421.408409,5223.2474214084095,0.8394350161881383,0.06742092717116734
P_Q1,27,B,SRI6,654,0.0,807.671590907094,0.0,0.7008134473819991,5421584301.868535,5421.5843018685355,0.8308250613726117,0.2992492973280677
P_Q1,27,B,SRI6,655,0.0,1859.4265935416038,-1.1657811658160933,0.798235389978748,5369924525.432613,5369.924525432613,0.8449852349948413,0.09033336891165898
P_Q1,27,B,SRI6,656,-0.763644253466585,0.0,-0.040390374661423124,0.9880262456806437,62902845.94494966,62.902845944949654,0.5342441384708436,0.40954210694844706
P_Q1,27,B,SRI6,658,-2.3951727584145717,0.0,-0.9976771470063751,0.733376545148351,1006121025.3139116,1006.1210253139116,0.644038851531647,0.40954210694844706
P_Q1,27,B,SRI6,659,0.0,1995.109419377091,-0.019853090094578474,0.8258597193863972,5677774576.780352,5677.774576780352,0.8645533141210374,0.0738961824456541
P_Q1,27,B,SRI6,660,0.0,1048.8559306304226,0.0,0.7000340058985133,5671737905.986257,5671.737905986257,0.8494681040310245,0.24641548368733768
P_Q1,27,B,SRI6,665,0.0,2100.0,-2.2075943594510736,0.7151426705737138,5080896984.8869705,5080.89698488697,0.8331376525420715,0.06525064930444374
P_Q1,27,B,SRI6,666,-0.0353244155609056,73.77174238810719,-0.0015314553625953246,0.7000293853355352,3762454141.9517393,3762.4541419517395,0.7258690006048314,0.39997153733945284
P_Q1,27,B,SRI6,670,-0.6532627968441114,237.71183730156267,-0.00983763254545164,0.7,4454764246.145587,4454.764246145587,0.750026683744263,0.38680755683637524
P_Q1,27,B,SRI6,671,-0.004180193835950943,1906.5429344103663,-1.991698122145522,0.7331157844028084,5064644276.363294,5064.644276363294,0.8256306258227489,0.08424947521969618
P_Q1,27,B,SRI6,672,-7.386628467070206e-05,2063.222965465945,-0.6407893433679288,0.7506582732240313,5910133152.073812,5910.133152073811,0.8740883054043477,0.06742092717116734
P_Q1,27,B,SRI6,673,0.0,1603.4676830873811,-0.6888752128773004,0.7282388204035345,5706492200.838527,5706.4922008385265,0.857081865727399,0.13010993702636353
P_Q1,27,B,SRI6,674,0.0,313.8156188295621,0.0,0.7000003491978778,4653647482.557676,4653.647482557676,0.7722275589710748,0.37239833493435803
P_Q1,27,B,SRI6,675,-0.009926647424013477,0.0,-0.9252210215175355,0.8843078618461931,454299480.77915114,454.29948077915117,0.5751592130074359,0.40954210694844706
P_Q1,27,B,SRI6,676,-0.7032894918760556,123.75078828803362,0.0,0.7,4046428500.558613,4046.428500558613,0.7314192194115344,0.39737431956452124
P_Q1,27,B,SRI6,677,-1.589280970161176,447.6432991014452,0.0,0.7,4920555974.554891,4920.555974554891,0.7472515743409116,0.3887643647489948
P_Q1,27,B,SRI6,678,0.0,435.34983723744756,0.0,0.7001513053913493,4900663353.974345,4900.663353974345,0.7916533247945353,0.35802469135802467
P_Q1,27,B,SRI6,679,-0.74016387474114,0.0,-0.01124482510740421,0.7013664306804024,1571735191.0090387,1571.7351910090388,0.7085779343224107,0.40954210694844706
P_Q1,27,B,SRI6,680,0.0,303.623592097463,0.0,0.7007953557626246,4625514055.895399,4625.514055895399,0.7699149678016153,0.3736079980076137
P_Q1,27,B,SRI6,681,0.0,1350.8606614422729,0.0,0.7,5925225673.180042,5925.225673180043,0.8679332550610168,0.18031095456647808
P_Q1,27,B,SRI6,683,0.0,2048.4320341743414,-1.312230039107877,0.808299072638706,5375465624.441769,5375.465624441768,0.8493257907282883,0.06877290354715908
P_Q1,27,B,SRI6,684,-3.3051655841323897,0.0,-1.0262154529062426,0.7,1117346979.3856692,1117.3469793856693,0.6564556871953605,0.40954210694844706
P_Q1,27,B,SRI6,687,0.0,2024.1430458335433,-1.9899545551669742,0.8258597193863972,5008122965.680656,5008.122965680656,0.8285836268545202,0.07090760308819867
P_Q1,27,B,SRI6,688,0.0,2015.9050526073263,-1.1564250489763543,0.7042815355115931,5789602639.088078,5789.602639088078,0.8667235919877612,0.07151243462482654
P_Q1,27,B,SRI6,694,0.0,1768.4614305311025,0.0,0.7000076454190991,6211881103.797199,6211.881103797199,0.8863272494396414,0.1040666026256804
P_Q1,27,B,SRI6,696,0.0,2077.1812539986454,-3.533056074460635e-06,0.7,6391944513.047832,6391.944513047832,0.8963247589568434,0.0664247340520155
P_Q1,27,B,SRI6,698,0.0,141.20085454619993,0.0,0.7,4124770804.5728297,4124.77080457283,0.739637812644537,0.3915750524780304
P_Q1,27,B,SRI6,699,0.0,2050.95810482249,-1.8243004368059783,0.7283856511562143,5252857383.911083,5252.857383911083,0.8406446792613941,0.06841712029031914
P_Q1,27,B,SRI6,701,0.0,0.0,-0.48439042803875126,0.8869802912688657,532238199.16826636,532.2381991682663,0.5835201195431743,0.40954210694844706
P_Q1,27,B,SRI6,702,0.0,688.4350654912126,0.0,0.7,5282807155.3793955,5282.807155379395,0.8198313587362581,0.3207030277155158
P_Q1,27,B,SRI6,705,0.0,340.01604331954593,0.0,0.7000604522932163,4712236932.343527,4712.236932343527,0.7769238979613619,0.36944533390258655
P_Q1,27,B,SRI6,706,-0.31191313506568297,0.0,-0.6096312172764287,0.9689859176814436,140003137.52880824,140.00313752880822,0.5411107553278542,0.40954210694844706
P_Q1,27,B,SRI6,709,0.0,1213.9608450125852,0.0,0.7028791821456022,5801068388.178422,5801.068388178422,0.8590742519657026,0.21080157967766036
P_Q1,27,B,SRI6,712,-0.5155765479831231,335.2740671037403,0.0,0.7,4701478560.463159,4701.478560463159,0.7683850997972035,0.3765965773650692
P_Q1,27,B,SRI6,713,0.0,1615.596104578771,0.0,0.7,6113625452.154295,6113.625452154295,0.8806702956558865,0.1281531291137439
P_Q1,27,B,SRI6,714,0.0,64.62387037281233,0.0,0.7,3695883827.268948,3695.883827268948,0.7243035542747358,0.4011456220870246
P_Q1,27,B,SRI6,715,0.0,1143.0666742105734,0.0,0.7,5756345872.417184,5756.345872417184,0.855836624328459,0.22713203116661324
P_Q1,27,B,SRI6,716,-2.777172890092442,0.0,-0.5296414426124049,0.9769199300824243,107072679.72694337,107.07267972694338,0.5387981641583947,0.40954210694844706
P_Q1,27,B,SRI6,717,0.0,1176.435203143363,0.0,0.7001410564842863,5784209270.885533,5784.209270885533,0.8576866972640267,0.2195538477959227
P_Q1,27,B,SRI6,718,0.0,692.8637295711934,0.0,0.7,5288458117.262678,5288.458117262679,0.8204361902728856,0.31984914789909985
P_Q1,27,B,SRI6,720,0.0,2067.680813461685,-0.6909787861376486,0.7376181903299516,5946121955.483855,5946.121955483855,0.8748354502437117,0.06713630056569539
P_Q1,27,B,SRI6,722,0.0,1661.4396141488737,0.0,0.7,6143795620.159932,6143.795620159932,0.8831607784537661,0.12011242750916139
P_Q1,27,B,SRI6,723,0.0,1792.302579769391,-0.009586771250790521,0.7013833759375958,6216608501.656004,6216.608501656004,0.8866830326964814,0.10008183014907322
P_Q1,27,B,SRI6,724,-2.6163822241631296,0.0,-0.5296414426124049,0.9296598829398071,326045475.4996151,326.04547549961507,0.5611413526879424,0.40954210694844706
P_Q1,27,B,SRI6,725,-1.8036197269809477,138.25201709714065,0.0,0.7,4111338660.3372226,4111.338660337223,0.7199985768669726,0.40424093642153214
P_Q1,27,B,SRI6,727,-0.48730526037684285,0.0,-0.619850358995056,0.9437497894614353,252983298.33711326,252.98329833711327,0.552887181129256,0.40954210694844706
P_Q1,27,B,SRI6,728,-0.48730526037684285,0.0,-0.619850358995056,0.7038334904480338,1331424920.8678303,1331.4249208678302,0.6779094175828086,0.40954210694844706
P_Q1,27,B,SRI6,730,0.0,131.71667777089684,0.0,0.7,4083314681.2945423,4083.3146812945424,0.7375031131034975,0.3926779805742342
P_Q1,27,B,SRI6,731,-2.221050463835496,0.0,-0.002528297068590861,0.7306819175162395,1419548456.8343587,1419.5484568343586,0.6921763261820898,0.40954210694844706
P_Q1,27,B,SRI6,735,-2.611623114183107,0.0,-0.3559638337121702,0.7,1468968663.4236467,1468.9686634236466,0.6960543636816452,0.40954210694844706
P_Q1,27,B,SRI6,736,0.0,2067.680813461685,-0.6909787861376486,0.7890121853002535,5721404561.99956,5721.40456199956,0.8658697121713453,0.06713630056569539
P_Q1,27,B,SRI6,737,-1.4195200822702727,0.0,-0.06961925633237848,0.712412567616417,1500303884.2335434,1500.3038842335434,0.7001458711353045,0.40954210694844706
P_Q1,27,B,SRI6,738,0.0,735.7388954750691,0.0,0.7,5341654125.346204,5341.654125346204,0.824349806098125,0.31291137439072114
P_Q1,27,B,SRI6,741,-0.009108728514438138,796.8174294727274,0.0,0.7,5413491601.723113,5413.4916017231135,0.8299356032305121,0.30159746682321126
P_Q1,27,B,SRI6,743,0.0,1872.8119867052887,-0.4514955003256207,0.7732029264944297,5769494783.869295,5769.494783869295,0.8654071939374534,0.08834098267335537
P_Q1,27,B,SRI6,745,-4.0,0.0,-0.8036658141770552,0.906293322415001,389488444.9205594,389.4884449205594,0.5683637528017932,0.40954210694844706
P_Q1,27,B,SRI6,746,-2.9008072276834413,0.0,-1.0364724069773315,0.7469385467113318,938989090.5742121,938.9890905742121,0.6360693065784325,0.40954210694844706
P_Q1,27,B,SRI6,749,0.0,1980.4936076275646,-2.630207377167001,0.7,4883600131.754231,4883.600131754231,0.8206140819013059,0.07556836375280179
P_Q1,27,B,SRI6,751,-0.5772484858933016,249.95219522933672,-0.0019384944436440232,0.700007926694059,4491556886.338059,4491.5568863380595,0.7535845163126624,0.3845661223182837
P_Q1,27,B,SRI6,752,0.0,1209.969031175457,-0.013252285857231094,0.7005861616473833,5806803999.591599,5806.8039995916,0.8593944568968583,0.21144198953997223
P_Q1,27,B,SRI6,754,-3.620016386853598,0.0,-1.0268017879169666,0.9462527449200673,200242776.02552712,200.24277602552712,0.547408118973921,0.40954210694844706
P_Q1,27,B,SRI6,755,-0.6800471072415675,154.41009645498852,0.0,0.7,4178759507.829553,4178.7595078295535,0.7370405948696054,0.3942790052300139
P_Q1,27,B,SRI6,756,0.0,203.10090437058994,-0.0038270633867806894,0.7,4352100448.024677,4352.1004480246775,0.751022876863415,0.38442380901554773
P_Q1,27,B,SRI6,757,0.0,843.210311703468,0.0,0.7,5465349903.54701,5465.34990354701,0.8344184722666951,0.292489415448109
P_Q1,27,B,SRI6,758,-3.848876694848572,0.0,-1.0517232936995458,0.7,1102873454.7108228,1102.873454710823,0.6546411925854768,0.40954210694844706
P_Q1,27,B,SRI6,759,0.0,393.60062043707626,-0.01005730215256863,0.7,4820218768.071293,4820.218768071293,0.7852492261714163,0.3624008254171558
P_Q1,27,B,SRI6,760,0.0,1422.3405604581421,0.0,0.7,5978777449.456367,5978.777449456366,0.8714910876294162,0.16422955135731315
P_Q1,27,B,SRI6,761,0.0,1553.388242363953,0.0,0.7,6071604322.237983,6071.604322237983,0.8778951862525349,0.1388266268189419
P_Q1,27,B,SRI6,763,0.0,1071.7966737266927,0.0,0.7,5692992243.068559,5692.992243068558,0.8506066104529121,0.2418258796741026
P_Q1,27,B,SRI6,768,0.0,158.67978722869236,0.0,0.7,4195892449.7767754,4195.892449776776,0.7425908136763082,0.38947593126267477
P_Q1,27,B,SRI6,769,0.0,1819.3328721311964,-0.021846964513049415,0.7001424017638752,6238055509.840667,6238.055509840667,0.8877503824670012,0.09634610595225387
P_Q1,27,B,SRI6,771,-0.0530919454681078,52.90927159952326,0.0,0.7,3598332352.2871227,3598.332352287123,0.7215996015227525,0.4026754900914363
P_Q1,27,B,SRI6,774,0.0,1856.9496650415808,0.0,0.7,6265812364.948682,6265.8123649486815,0.8894581420998328,0.09072473049418293
P_Q1,27,B,SRI6,776,0.0,662.0810839408261,0.0,0.7,5248675502.004363,5248.675502004363,0.8177322375209023,0.32522147507738286
P_Q1,27,B,SRI6,777,0.0,1911.4906910100194,-1.940634566811061,0.7329068073548666,5098058991.217263,5098.058991217264,0.8280499519692602,0.08328886042622835
P_Q1,27,B,SRI6,778,-0.015741513283095088,13.44178750870475,0.0,0.7,3040877944.31562,3040.87794431562,0.7132031166613301,0.40804781726971934
P_Q1,27,B,SRI6,780,-1.4806157202680665,171.02422222895296,0.0,0.7,4241824570.1882725,4241.824570188272,0.7279325434945031,0.3996869107339808
P_Q1,27,B,SRI6,782,-1.2118628945682401,248.47820800547643,0.0,0.7,4487537119.622339,4487.53711962234,0.7421282954424165,0.3918952574091864
P_Q1,27,B,SRI6,783,-0.046336383224570565,113.05058544673369,0.0,0.7,3994578033.9945307,3994.578033994531,0.7333404489984702,0.39531077667484976
P_Q1,27,B,SRI6,784,0.0,397.7724436479998,0.0,0.7,4831181630.370244,4831.181630370244,0.7859963710107803,0.36208062048599987
P_Q1,27,B,SRI6,786,0.0,1890.7390405386827,-1.1677750071404571,0.804524126716827,5366179068.627086,5366.179068627086,0.8453765965773653,0.08588607820115984
P_Q1,27,B,SRI6,787,0.0,800.6206208665557,0.0,0.7,5417891882.031335,5417.891882031335,0.8306115914185078,0.30067243035542746
P_Q1,27,B,SRI6,788,0.0,1965.5871357494698,-1.7089144599490476,0.7000004528534028,5333542754.382046,5333.542754382046,0.8422812822428578,0.07741843668836944
P_Q1,27,B,SRI6,789,0.0,1899.824818260481,-0.48578284792854065,0.7630590079379043,5822427499.160156,5822.427499160156,0.8687515565517487,0.08485430675632405
P_Q1,27,B,SRI6,790,0.0,1879.0837041671195,-0.4799909001155243,0.7062465544932045,6081337110.472832,6081.337110472832,0.878962536023055,0.08748710285693957
P_Q1,27,B,SRI6,793,0.0,116.74283965662492,0.0,0.7,4012983021.4322624,4012.9830214322624,0.7341587504892019,0.3948838367666418
P_Q1,27,B,SRI6,795,0.0,1841.9783599623047,-0.4670176786363761,0.7732029264944297,5746187925.180023,5746.187925180023,0.8640196392357777,0.0930373216636425
P_Q1,27,B,SRI6,799,-2.9946933742091866,0.0,-0.7627586787811881,0.7,1266984814.3183947,1266.9848143183947,0.6722524637990538,0.40954210694844706
P_Q1,27,B,SRI6,800,0.0,1393.8387626505923,0.0,0.7,5957669628.441901,5957.669628441901,0.8703525812075283,0.17063364998043193
P_Q1,27,B,SRI6,802,0.0,1231.2478551170695,0.0,0.7012487306824923,5823973453.066329,5823.973453066329,0.8610310598783221,0.20685238552673713
P_Q1,27,B,SRI6,804,0.0,2051.48802063515,-1.8297622155620505,0.7021557349930563,5293039621.9927635,5293.039621992763,0.841569715729178,0.06834596363895117
P_Q1,27,B,SRI6,806,-3.6027548844321866,0.0,-0.9954045216085268,0.7643019684521991,891464264.1986067,891.4642641986068,0.6296296296296297,0.40954210694844706
P_Q1,27,B,SRI6,807,-1.240166783421693,326.61671268694454,0.0,0.7,4681448884.67812,4681.44888467812,0.7505959369552069,0.3870921834418472
P_Q1,27,B,SRI6,808,-2.6097730773865777,0.0,-0.38498032791388914,0.7007269026862116,1453088237.8023427,1453.0882378023427,0.6937061941865016,0.40954210694844706
P_Q1,27,B,SRI6,811,0.0,1848.4293790435777,-1.387595479699689,0.7000377381825079,5533305921.164691,5533.3059211646905,0.8519230085032198,0.09214786352154265
P_Q1,27,B,SRI6,812,0.0,473.811045576859,-0.00035450892950098824,0.702039583180679,4957916040.939973,4957.916040939973,0.7955669406197745,0.35322161739068547
P_Q1,27,B,SRI6,813,-1.2382303236332515,347.93396847820543,0.0,0.7,4728111003.371479,4728.1110033714795,0.7535133596612943,0.38574020706585543
P_Q1,27,B,SRI6,815,-2.0797868241685307,0.0,-1.192087867373377,0.9461844510244117,180958754.59116104,180.95875459116104,0.5453089977585655,0.40954210694844706
P_Q1,27,B,SRI6,817,-1.0919644339205465,327.5753483938927,0.0,0.7,4683818706.993441,4683.81870699344,0.7555769025509661,0.3844949656669157
P_Q1,27,B,SRI6,818,0.0,168.78467862542652,0.0,0.7,4234355861.575164,4234.3558615751635,0.744512043263244,0.388159533212367
P_Q1,27,B,SRI6,821,-3.515805601744306,0.0,-0.9813785328171601,0.7004562823794039,1141282734.8675258,1141.2827348675257,0.6588038566905041,0.40954210694844706
P_Q1,27,B,SRI6,822,0.0,500.4940826606861,0.0,0.7,5013098201.106167,5013.098201106167,0.7995872914220656,0.3496282064966022
P_Q1,27,B,SRI6,823,0.0,1763.009698522064,-0.9732789426647879,0.77162934933929,5497112658.1060095,5497.11265810601,0.8492902124026043,0.10502721741914825
P_Q1,27,B,SRI6,824,0.0,1773.8485944879599,-1.1949661402855611,0.7012820553381762,5631303903.207225,5631.303903207225,0.8549827445120435,0.1031415661578966
P_Q1,27,B,SRI6,826,0.0,2051.48802063515,-1.1612903609524805,0.7021557349930563,5814429463.859258,5814.429463859257,0.868182303340805,0.06834596363895117
P_Q1,27,B,SRI6,827,0.0,1860.0427072358814,-1.8178314520026957,0.7,5194911487.197218,5194.911487197218,0.8321058810972355,0.090262212260291
P_Q1,27,B,SRI6,829,-0.0003577276934708857,183.39132325079834,-0.0004770772751475916,0.7,4286844883.9204564,4286.844883920457,0.7471448393638596,0.3868075568363753
P_Q1,27,B,SRI6,831,0.0,287.7586607990127,0.0,0.7,4591245745.304347,4591.245745304347,0.7676379549578397,0.3754580709431814
P_Q1,27,B,SRI6,832,0.0,569.2556689782555,0.0,0.7,5119560513.232176,5119.560513232176,0.8071654747927566,0.33920375707119227
P_Q1,27,B,SRI6,835,0.0,2095.482683889412,-1.8167494070353332,0.7083665998807793,5315639132.1262045,5315.6391321262045,0.8440246202013734,0.06546411925854771
P_Q1,27,B,SRI6,836,-1.7396723770953724,344.2384999865071,0.0,0.7,4719441703.6708975,4719.441703670897,0.7352261002597217,0.39676948802789336
P_Q1,27,B,SRI6,838,-1.3685999394310817,240.59468759812017,0.0,0.7,4465265229.707771,4465.265229707771,0.7369694382182373,0.3948482584409579
P_Q1,27,B,SRI6,840,0.0,1925.6899040043188,-2.0130668308869235,0.7508025152675659,5041725671.478853,5041.725671478854,0.8257373607998008,0.08200804070160458
P_Q1,27,B,SRI6,842,0.0,608.6110461318308,0.0,0.7,5176134516.866266,5176.1345168662665,0.8116483438289394,0.3335468032874373
P_Q1,27,B,SRI6,845,-0.008560246873162147,326.61671268694454,0.0,0.7,4682854890.409247,4682.854890409248,0.7742199452093783,0.37101078023268236
P_Q1,27,B,SRI6,846,-0.8924283517035403,0.0,-0.9398686156585627,0.9848922528065459,59037432.2524088,59.037432252408806,0.5338171985626355,0.40954210694844706
P_Q1,27,B,SRI6,847,-4.563615652419459e-05,1028.6913316065193,-0.001810090276240628,0.7,5652661049.253461,5652.661049253461,0.8480449710036645,0.25139644928309673
P_Q1,27,B,SRI6,850,-3.39301947390549,0.0,-0.00011748063302441847,0.7144087422674087,1505902385.8250728,1505.9023858250728,0.7011064859287722,0.40954210694844706
P_Q1,27,B,SRI6,855,0.0,37.371414450936456,0.0,0.7,3439366211.5364904,3439.3662115364905,0.7181485039314053,0.40477461130679193
P_Q1,27,B,SRI6,857,-4.0,0.0,-1.1725012585875583,0.8923123159123831,366460528.06324005,366.4605280632401,0.5660867399580176,0.40954210694844706
P_Q1,27,B,SRI6,859,0.0,432.99762673672353,0.0,0.700323633940012,4895490753.583719,4895.490753583719,0.7912619632120113,0.35823816131212854
P_Q1,27,B,SRI6,860,-2.8682513547400514,0.0,-0.7474206745285384,0.7183769751531742,1197468514.5046678,1197.4685145046678,0.6642117621944711,0.40954210694844706
P_Q1,27,B,SRI6,861,-1.24814227544783,0.0,-1.0999292052847232,0.700837523173717,1067878610.3969934,1067.8786103969935,0.6517237698793894,0.40954210694844706
P_Q1,27,B,SRI6,862,0.0,1891.236045821002,-1.1709126237868497,0.832337114436853,5270405105.194519,5270.405105194519,0.840395630981606,0.08585049987547586
P_Q1,27,B,SRI6,865,0.0,2034.0778860632,-1.9979588635179524,0.7201669650327416,5152851382.398628,5152.851382398629,0.8343117372896433,0.06987583164336286
P_Q1,27,B,SRI6,867,-3.580581855169655,0.0,-0.9728006961965796,0.7470581717919791,968951251.1737077,968.9512511737078,0.6389867292845197,0.40954210694844706
P_Q1,27,B,SRI6,868,0.0,1940.706028732295,-1.1146647221709856,0.7,5790172044.365477,5790.172044365477,0.8655495072401893,0.08058490767424484
P_Q1,27,B,SRI6,870,-0.008560246873162147,93.35470541691285,0.0,0.7,3887869736.924142,3887.8697369241418,0.7299605080584907,0.3975166328672573
P_Q1,27,B,SRI6,872,0.0,24.153960696300373,0.0,0.7,3257423848.6994386,3257.4238486994386,0.7155868644821572,0.4066246842423596
P_Q1,27,B,SRI6,874,0.0,268.6757553671982,0.0,0.7,4542766076.565924,4542.766076565924,0.7640445440637563,0.377272565553065
P_Q1,27,B,SRI6,877,-0.004681940402030438,353.1971870141879,-0.0005554333930711947,0.7,4740834297.03841,4740.83429703841,0.7790585975024015,0.3678443092468069
P_Q1,27,B,SRI6,878,0.0,549.0421925217167,0.0,0.7002928037188023,5087759498.316518,5087.759498316518,0.8049951969260328,0.3427615896395916
P_Q1,27,B,SRI6,882,-3.515805601744306,0.0,-0.9935606835971288,0.7064520083830476,1111437582.8979535,1111.4375828979535,0.6558508556587327,0.40954210694844706
P_Q1,27,B,SRI6,883,0.0,2076.193267396461,-1.9856303764760441,0.7,5209163344.109982,5209.163344109981,0.8374426299498346,0.06646031237769952
P_Q1,27,B,SRI6,884,0.0,1861.6897484616306,-1.696186298184629,0.7094309924024067,5263580082.231971,5263.580082231971,0.8356992919913191,0.0898352723520831
P_Q1,27,B,SRI6,885,-0.0002465096080485306,74.84436394805506,0.0,0.7,3770507076.251243,3770.5070762512432,0.7261892055359874,0.39972248905966484
P_Q1,27,B,SRI6,888,-4.932184109510212e-05,242.14208802442397,-0.001810090276240628,0.7,4470332848.903309,4470.332848903309,0.7588856868395771,0.3801544099334685
P_Q1,27,B,SRI6,889,0.0,918.6576892301973,0.0,0.7,5545211351.117548,5545.211351117548,0.840004269399082,0.276834952147152
P_Q1,27,B,SRI6,890,0.0,1101.2381387076616,0.0,0.7,5719545152.841572,5719.5451528415715,0.8530259365994236,0.23563525100508767
P_Q1,27,B,SRI6,891,0.0,1775.1377735573842,-0.8211275396831341,0.7787265096278922,5542735022.596117,5542.735022596117,0.8514249119436441,0.10303483118084464
P_Q1,27,B,SRI6,895,-0.0050387797747217565,625.9928206894915,0.0,0.7,5200216639.520501,5200.216639520501,0.813605151741559,0.3312697904436617
P_Q1,27,B,SRI6,896,0.0,1728.850904715463,-1.3228501715648966,0.7074474072113773,5487138572.488279,5487.138572488279,0.8473334044899848,0.10918988152417551
P_Q1,27,B,SRI6,897,0.0,0.0,-0.71150469973947,0.8861833044684101,491958642.60293686,491.9586426029369,0.5788237805528872,0.40954210694844706
P_Q1,27,B,SRI6,898,0.0,1819.0689642110956,-1.0757307730532755,0.7001424017638752,5742610598.4794855,5742.610598479486,0.8621339879745261,0.09634610595225387
P_Q1,27,B,SRI6,899,0.0,1997.076370854478,-0.6463927758499963,0.7499322356247854,5873136798.1640215,5873.1367981640215,0.8718112925605722,0.07361155584018216
P_Q1,27,B,SRI6,903,0.0,912.4872297540063,-0.005528714243216315,0.700354363486307,5535890888.9694805,5535.89088896948,0.8390792329312983,0.27854271177998363
P_Q1,27,B,SRI6,905,-1.4806157202680665,389.39419212537507,0.0,0.7,4812603383.158635,4812.603383158636,0.7486035507169032,0.38826626818941895
P_Q1,27,B,SRI6,908,0.0,533.9136741337283,0.0,0.7000117703540668,5066084423.672375,5066.084423672375,0.803073967339097,0.34493186750631516
P_Q1,27,B,SRI6,913,-1.8351028248194328,454.98444502307984,0.0,0.7001410564842863,4932285557.815976,4932.285557815976,0.7375031131034974,0.39499057174369373
P_Q1,27,B,SRI6,916,-2.4872226347712867,0.0,-0.667079383868297,0.7090033989039305,1280075343.5318563,1280.0753435318563,0.6726438253815776,0.40954210694844706
P_Q1,27,B,SRI6,918,0.0,340.3681902795606,0.0,0.700072872950158,4712938895.976781,4712.938895976781,0.7770306329384139,0.3694097555769024
P_Q1,27,B,SRI6,920,0.0,756.5192499488168,0.0,0.7,5366651583.863139,5366.651583863139,0.8263777706621126,0.30814387874906607
P_Q1,27,B,SRI6,921,0.0,1726.7243878826307,-1.7089144599490476,0.7000004528534028,5189473954.303643,5189.473954303643,0.8277653253637887,0.10951008645533145
P_Q1,27,B,SRI6,922,0.0,2003.8837441113246,0.0,0.7,6351130899.485283,6351.1308994852825,0.8939765894616999,0.07293556765218631
P_Q1,27,B,SRI6,923,0.0,1981.5967975558658,-0.8211275396831341,0.7795905125163399,5661909903.739531,5661.909903739531,0.8611022165296901,0.0754972071014338
P_Q1,27,B,SRI6,927,-0.5063109920607674,0.0,-1.3141282206144373,0.8175410137086969,556415974.6956618,556.4159746956618,0.5894972782580853,0.40954210694844706
P_Q1,27,B,SRI6,928,0.0,1301.3692540119796,-0.013252285857231094,0.7005861616473833,5880646323.251119,5880.646323251119,0.8650514106806133,0.19073540399188815
P_Q1,27,B,SRI6,931,-1.8830426153454565,0.0,-0.9728006961965796,0.8204030685407117,688025904.3165889,688.0259043165889,0.6037286085316824,0.40954210694844706
P_Q1,27,B,SRI6,934,0.0,590.4544100689131,-0.002218111418704094,0.7,5149972875.838942,5149.972875838942,0.8094424876365318,0.3359661294339489
P_Q1,27,B,SRI6,938,0.0,1360.2654610202335,0.0,0.7,5932378665.553571,5932.3786655535705,0.8684669299462766,0.17806952004838653
P_Q1,27,B,SRI6,943,0.0,0.0,0.0,0.7097649561017162,1530450985.9105914,1530.4509859105913,0.7037748603550718,0.40954210694844706
P_Q1,27,B,SRI6,945,0.0,1989.8777401753152,-1.9953734615709158,0.7503921209265866,5088736760.002294,5088.7367600022935,0.8303625431387199,0.074536592307966
P_Q1,27,B,SRI6,946,-0.00010480461347177816,2097.6937171056793,-2.231557407264917,0.7,5082855142.453267,5082.855142453267,0.8328530259365995,0.06542854093286372
P_Q1,27,B,SRI6,947,-0.0002465096080485306,216.93717502948556,0.0,0.7,4396558257.317625,4396.558257317625,0.7538335645924504,0.38303625431387195
P_Q1,27,B,SRI6,948,0.0,82.52863110659348,0.0,0.7,3821647158.9378977,3821.6471589378975,0.7273632902835593,0.39861956096346124
P_Q1,27,B,SRI6,949,0.0,890.5816216298415,-0.005528714243216315,0.700354363486307,5513164035.658236,5513.164035658236,0.8375849432525705,0.2835236773757427
P_Q1,27,B,SRI6,950,0.0,2058.5066584279316,-3.1434848017859003,0.7,4834183123.282308,4834.183123282308,0.8203650336215181,0.06788344540505925
P_Q1,27,B,SRI6,951,0.0,2057.769293825237,-1.9659220036074394,0.7319611231789424,5166466510.035087,5166.466510035087,0.8357704486426869,0.06791902373074324
P_Q1,27,B,SRI6,954,-0.020728756102612444,150.88197777412933,0.0,0.7,4164932613.48331,4164.93261348331,0.7408830540434764,0.39061443768456267
P_Q1,27,B,SRI6,955,0.0,1829.5477975402282,-1.1302179198603421,0.7,5712469897.164054,5712.469897164054,0.8606752766214824,0.09478065962215816
P_Q1,27,B,SRI6,956,-0.004487760184374684,377.6645585253499,-0.0005554333930711947,0.7,4791366383.141865,4791.366383141864,0.7826875867221688,0.3643932116554595
P_Q1,27,B,SRI6,957,-3.983730359449236,0.0,-1.1046142336908966,0.9607357203661822,139737694.79728207,139.73769479728207,0.5409684420251183,0.40954210694844706
P_Q1,27,B,SRI6,958,-2.8588469196883604,0.0,-0.8198340265637487,0.8366898037581955,673509763.0718341,673.5097630718341,0.600668872522859,0.40954210694844706
P_Q1,27,B,SRI6,959,-1.683735590820139,0.0,-0.9719511673254777,0.9242248987947784,290549066.75774413,290.54906675774413,0.5574412068168073,0.40954210694844706
P_Q1,27,B,SRI6,960,-0.004901325136409479,1458.8160636506082,0.0,0.7,6005216234.319764,6005.216234319764,0.8731632689365638,0.15793218771124629
P_Q1,27,B,SRI6,962,-0.1908426938634884,0.0,-1.136849072773836,0.7365862454474013,916640079.4122978,916.6400794122978,0.6338990287117089,0.40954210694844706
P_Q1,27,B,SRI6,968,-0.16170327938435358,0.0,-0.6887566871581747,0.7001794069422724,1307776802.4740887,1307.7768024740888,0.6760237663215568,0.40954210694844706
P_Q1,27,B,SRI6,969,0.0,61.30524994583692,0.0,0.7,3669729442.1552143,3669.729442155214,0.723556409435372,0.40143024869249644
P_Q1,27,B,SRI6,970,0.0,872.9773257350543,-4.951641850574291e-06,0.7000725229299626,5497126179.6332445,5497.126179633245,0.8369801117159427,0.2870103532927741
P_Q1,27,B,SRI6,971,-2.9909699370597886,0.0,-1.100737692771428,0.7693329767972311,822604318.861484,822.6043188614841,0.6224428078414631,0.40954210694844706
P_Q1,27,B,SRI6,973,-0.00018650852458050013,1970.940058192171,-0.7189694103479635,0.8045265229633295,5589712710.536508,5589.712710536508,0.8585405770804426,0.07677802682605755
P_Q1,27,B,SRI6,974,0.0,1619.7679567431976,0.0,0.7,6116397245.182443,6116.397245182443,0.8808837656099906,0.127512719251432
P_Q1,27,B,SRI6,976,0.0,252.73231279584155,0.0,0.7,4500167480.143009,4500.167480143009,0.7606290247980928,0.37901590351158065
P_Q1,27,B,SRI6,977,-4.443412220445737e-06,1783.4177483235976,-0.6291008144443517,0.7862656807183419,5592250976.763976,5592.250976763976,0.8552317927918313,0.10200305973600884
P_Q1,27,B,SRI6,978,-0.477823638468474,296.85804312098486,0.0,0.7,4612985213.3010645,4612.9852133010645,0.7630839292702887,0.3798697833279966
P_Q1,27,B,SRI6,979,-1.2917525352192465,103.5796314486255,0.0,0.7,3944808650.1194224,3944.8086501194225,0.7233785178069518,0.40214181520617637
P_Q1,27,B,SRI6,980,0.0,1787.6685168519464,-0.7294466217963577,0.8095384202221265,5455034800.58632,5455.03480058632,0.8485430675632406,0.10122033657096098
P_Q1,27,B,SRI6,982,0.0,1983.499866613834,-1.2087151202057238,0.7235361716299169,5673110805.44435,5673.11080544435,0.8613156864837942,0.07528373714732985
P_Q1,27,B,SRI6,984,-4.0,0.0,0.0,0.97284994032246,143287997.16112587,143.28799716112587,0.5422136834240581,0.40954210694844706
P_Q1,27,B,SRI6,987,-1.440434164567181,0.0,-0.43589014255080016,0.9287526429063337,340612704.69302434,340.61270469302434,0.5625289073896182,0.40954210694844706
P_Q1,27,B,SRI6,990,-2.6282125610881807e-05,2083.4064775430834,-0.0013189486121101268,0.7005163805151643,6392188790.191536,6392.188790191536,0.8963959156082114,0.06621126409791156
P_Q1,27,B,SRI6,991,0.0,356.85044467208775,-0.005855205770165582,0.7,4747247131.475942,4747.247131475941,0.7794143807592415,0.3673106343615469
P_Q1,27,B,SRI6,994,-0.0021505582353049772,1145.7086987247171,-0.0023408470086276733,0.7008503476246652,5753430294.221737,5753.430294221737,0.855765467677091,0.22674066958408934
P_Q1,27,B,SRI6,995,0.0,532.4600793929563,0.0,0.7,5063893551.177398,5063.893551177398,0.8029316540363609,0.3452164941117871
P_Q1,27,B,SRI6,1000,-0.004901325136409479,1933.7264436925016,0.0,0.7000012473353423,6310990944.142675,6310.990944142675,0.8915572633151884,0.08179457074750061
P_Q1,27,B,SRI6,1001,0.0,1983.499866613834,-1.2087151202057238,0.7841808455112247,5470870846.644691,5470.8708466446915,0.8527057316682678,0.07528373714732985
P_Q1,27,B,SRI6,1002,-3.1055156698230455,0.0,-0.010523105186451776,0.712355901518527,1513962475.0949583,1513.9624750949583,0.70188920909382,0.40954210694844706
P_Q1,27,B,SRI6,1003,0.0,1787.6685168519464,-0.7443941658960946,0.7858826347312784,5549828768.968699,5549.8287689686995,0.8529192016223717,0.10122033657096098
P_Q1,27,B,SRI6,1007,0.0,199.5412265711551,0.0,0.7,4341490941.888261,4341.490941888261,0.750382467001103,0.38460170064396765
P_Q1,27,B,SRI6,1009,-1.118415080012485,356.3216565590658,-2.5402588054473062e-05,0.7,4746119460.696571,4746.119460696571,0.7582808553029494,0.383000675988188
P_Q1,27,B,SRI6,1010,-2.7084959169477063,0.0,-0.0008503322178645325,0.7373424560810514,1384935494.5785754,1384.9354945785753,0.6873020955633827,0.40954210694844706
P_Q1,27,B,SRI6,1011,0.0,1732.391324687661,-0.6748641813184696,0.7,5922069077.692359,5922.069077692359,0.8697833279965844,0.10897641157007149
P_Q1,27,B,SRI6,1012,-0.4196449265965707,77.05659242035495,-0.0024679678175867866,0.700021863310672,3784725105.1562953,3784.7251051562953,0.7251574340911516,0.4008609954815526
P_Q1,27,B,SRI6,1015,-1.7899024143975573,322.48992506994443,0.0,0.7,4671432240.48514,4671.43224048514,0.7319528942967943,0.3978012594727292
P_Q1,27,B,SRI6,1016,-1.4204334186251857,0.0,-1.124097127955967,0.818212232042582,638024649.0223813,638.0246490223813,0.5985341729818194,0.40954210694844706
P_Q1,27,B,SRI6,1017,-2.334204491667987,0.0,-0.7889047607857591,0.8881897478673016,466906874.87602663,466.9068748760266,0.5767602376632156,0.40954210694844706
P_Q1,27,B,SRI6,1019,-2.375430427623926e-06,1807.2975105616022,0.0,0.7000132692243181,6235826704.1607485,6235.826704160749,0.8876436474899491,0.09830291386487353
P_Q1,27,B,SRI6,1020,0.0,2051.6885514841597,-1.2452460635217077,0.7943311381810643,5457119576.812001,5457.1195768120015,0.8530970932507917,0.06834596363895117
P_Q1,27,B,SRI6,1021,-0.01143767943319926,0.0,-0.030508146655242707,0.7056911116294482,1545623672.9709291,1545.6236729709292,0.7058384032447435,0.40954210694844706
P_Q1,27,B,SRI6,1022,-0.012812839243658603,15.04552862408434,0.0,0.7,3080227057.24927,3080.22705724927,0.7133810082897499,0.4077276123385634
P_Q1,27,B,SRI6,1023,-2.0331070085007097,0.0,0.0,0.7312563449584775,1417133765.2899387,1417.1337652899388,0.69182054292525,0.40954210694844706
P_Q1,27,B,SRI6,1024,0.0,1164.870475571287,0.0,0.7,5775100811.497184,5775.100811497184,0.8569751307503469,0.22218664389653822
P_Q1,27,B,SRI6,1025,0.0,916.9906195088074,0.0,0.7,5543498979.422253,5543.498979422253,0.8398975344220302,0.2774397836837798
P_Q1,27,B,SRI6,1026,-0.00020863810518407817,447.9731860823124,-0.0008239683966663035,0.7,4923943060.6801,4923.943060680101,0.7935033977301029,0.35635251005087704
P_Q1,27,B,SRI6,1027,0.0,759.4252764103235,0.0,0.7,5370103040.370028,5370.103040370028,0.8265200839648484,0.30775251716654217
P_Q1,27,B,SRI6,1029,-0.3545536368444029,123.56244585726085,-0.0004860934317237322,0.7,4045621490.595295,4045.6214905952947,0.7338741238837301,0.39538193332621774
P_Q1,27,B,SRI6,1030,0.0,2100.0,-1.2653017209986333,0.7,5772763600.951039,5772.76360095104,0.8664389653822893,0.06525064930444374
P_Q1,27,B,SRI6,1033,0.0,1871.7922723450142,-0.0036803311117229744,0.9043590045271468,5192300226.416721,5192.300226416722,0.8369089550645747,0.08841213932472335
P_Q1,27,B,SRI6,1034,-1.6709841955950626,387.29902985060073,-0.00010420926639685907,0.7000010051028843,4808003880.466096,4808.003880466096,0.7389618244565411,0.39378090867043797
P_Q1,27,B,SRI6,1035,-0.005965584184669415,550.3916254617254,0.0,0.7,5091350720.156501,5091.350720156501,0.8051375102287687,0.3426904329882236
P_Q1,27,B,SRI6,1036,-0.002795315367416249,2012.2258472070932,0.0,0.7000012055916297,6355828361.436495,6355.828361436495,0.8942256377414879,0.0718326395559825
P_Q1,27,B,SRI6,1038,0.0,1505.4946723139667,-0.0008162850754203019,0.700000712641742,6038310476.439961,6038.310476439961,0.8756893300601272,0.14772120823994023
P_Q1,27,B,SRI6,1040,-0.007272159037059437,1391.6923039453939,0.0,0.7,5955988723.440992,5955.9887234409925,0.8697833279965844,0.17259045789305155
P_Q1,27,B,SRI6,1041,-1.6668039260899343,0.0,-0.8274876353098406,0.7158637698078211,1167183557.0756257,1167.1835570756257,0.6612587611626998,0.40954210694844706
P_Q1,27,B,SRI6,1043,-4.0,0.0,-1.117350623334073,0.9487008137291871,180991889.66623744,180.99188966623746,0.5456647810154054,0.40954210694844706
P_Q1,27,B,SRI6,1044,0.0,2100.0,-2.04927690090118,0.7344244244692896,5140272698.898341,5140.272698898341,0.8360194969224748,0.06525064930444374
P_Q1,27,B,SRI6,1045,0.0,1926.501535631823,-2.205301762610017,0.7133626019673974,4985886272.325776,4985.886272325776,0.8229622513964493,0.08200804070160458
P_Q1,27,B,SRI6,1046,0.0,2041.6826381838566,-2.1665172979971725,0.7157530124537971,5065990893.538859,5065.990893538859,0.8304336997900879,0.06930657843241897
P_Q1,27,B,SRI6,1048,-1.6796039744986073,0.0,-0.04465169721841519,0.7210947034690336,1461548327.1014068,1461.5483271014068,0.6958408937275412,0.40954210694844706
P_Q1,27,B,SRI6,1049,0.0,310.500595053297,0.0,0.7,4645934124.46293,4645.9341244629295,0.771693884085815,0.3729320098196179
P_Q1,27,B,SRI6,1050,0.0,1567.7531759049284,-0.0009011062677011222,0.7009426363904374,6076329340.885619,6076.329340885619,0.8785711744405307,0.13683424058063828
P_Q1,27,B,SRI6,1053,-0.00020085877521822462,2071.14129350263,-1.972907669370274,0.7013190355157793,5212859814.235679,5212.859814235679,0.8378695698580425,0.06678051730885545
P_Q1,27,B,SRI6,1054,-2.7988149102458766,0.0,-0.744036940038969,0.9318993616305586,289954373.01424307,289.95437301424306,0.5572988935140712,0.40954210694844706
P_Q1,27,B,SRI6,1055,0.0,467.9655747628402,0.0,0.700037540336733,4958652657.388513,4958.652657388513,0.7958871455509305,0.35403991888141734
P_Q1,27,B,SRI6,1058,-8.07700896260392e-05,29.247757837599238,-0.002703345741959206,0.7006704456165351,3330648263.7181673,3330.6482637181675,0.7161205393674174,0.4058419610773118
P_Q1,27,B,SRI6,1059,-3.1313130386345455e-06,211.16319576365925,-0.0003496585920432497,0.7000011949234289,4378579538.216143,4378.579538216142,0.7525883231935105,0.38367666417618373
P_Q1,27,B,SRI6,1060,0.0,1845.5140075110717,-1.1694392559622961,0.7,5696295768.876678,5696.295768876678,0.8602839150389584,0.09243249012701461
P_Q1,27,B,SRI6,1061,0.0,490.59470807858213,0.0,0.7,4996889766.996617,4996.889766996617,0.79837762834881,0.35094460454691
P_Q1,27,B,SRI6,1064,0.0,661.2890019689894,0.0,0.700001457034915,5247625978.248626,5247.625978248626,0.8176255025438502,0.3253282100544348
P_Q1,27,B,SRI6,1067,0.0,238.13123327604717,0.0,0.7,4459349932.6116295,4459.34993261163,0.7579962286974774,0.3808659764471483
P_Q1,27,B,SRI6,1068,-2.6824768170366807e-05,574.5228278271936,-0.005394575133647437,0.7,5126204606.302716,5126.2046063027165,0.8074856797239124,0.3383854555804604
P_Q1,27,B,SRI6,1069,-0.1198426876496157,0.0,-1.0624613750851428,0.8103095155742717,692357471.4492898,692.3574714492898,0.6057921514213541,0.40954210694844706
P_Q1,27,B,SRI6,1071,0.0,731.1822775088152,0.0,0.7,5336121087.120575,5336.121087120575,0.8241007578183371,0.3134094709502971
P_Q1,27,B,SRI6,1072,-0.0028240752854033872,717.4784406021781,-0.0015379564868527756,0.7,5318847353.491374,5318.847353491374,0.8228910947450813,0.3152951222115487
P_Q1,27,B,SRI6,1074,0.0,150.43594890709468,-0.002432465391251948,0.7002552423065248,4161097101.92295,4161.09710192295,0.7406340057636888,0.3904365460561427
P_Q1,27,B,SRI6,1076,0.0,1761.0141381996252,0.0,0.7,6207261369.263473,6207.261369263472,0.8861137794855374,0.10541857900167219
P_Q1,27,B,SRI6,1077,-1.8090618769182991,427.7695770672917,-0.002321157636085574,0.7,4883899577.630956,4883.899577630956,0.7372540648237093,0.3950617283950617
P_Q1,27,B,SRI6,1078,-1.5947775611641766,387.29902985060073,-0.00010420926639685907,0.7000010051028843,4808136390.323784,4808.136390323784,0.7426263920019922,0.3917173657807665
P_Q1,27,B,SRI6,1080,0.0,1863.564641381214,-0.6775366777269021,0.7028465313859652,5989119667.321832,5989.119667321832,0.8746931369409757,0.08962180239797914
P_Q1,27,B,SRI6,1081,0.0,1314.140245298422,0.0,0.7000000170308459,5896888645.802253,5896.8886458022525,0.8659764471483972,0.18817376454264062
P_Q1,27,B,SRI6,1083,-0.0011539349974411628,1885.415257215367,-2.006910427009433,0.7,5089153532.820022,5089.153532820022,0.8261287223823248,0.0867043796918917
P_Q1,27,B,SRI6,1084,0.0,1885.5328255703348,-1.1775808013359021,0.7484019190185708,5549776660.40387,5549.77666040387,0.8543067563240473,0.0867043796918917
P_Q1,27,B,SRI6,1086,0.0,286.74680229433505,0.0,0.7,4588736689.791806,4588.736689791806,0.7674244850037355,0.37549364926886536
P_Q1,27,B,SRI6,1093,0.0,2034.2603294744365,-3.2565266874306364,0.8046951490177109,4799769546.390777,4799.769546390777,0.8179812858006904,0.06984025331767887
P_Q1,27,B,SRI6,1094,-0.5908975997230281,95.05948831269023,0.0,0.7,3897583252.1759715,3897.5832521759717,0.7277546518660832,0.3994734407798769
P_Q1,27,B,SRI6,1095,-0.0011684880220612674,1867.781600128204,-2.015754778554495,0.7,5072597894.713566,5072.597894713565,0.8248479026577011,0.08898139253566724
P_Q1,27,B,SRI6,1096,-8.074617926729737e-06,50.99271330733046,0.0,0.7000125964787363,3580774595.4457955,3580.7745954457955,0.7213861315686486,0.40288896004554026
P_Q1,27,B,SRI6,1097,-0.0015826542200874094,1104.7766867877112,0.0,0.7000109120677706,5722639646.715711,5722.639646715711,0.8532394065535277,0.2351015761198278
P_Q1,27,B,SRI6,1098,0.0,1985.3397337349243,-0.7663542932175691,0.786354019077075,5655704490.002077,5655.704490002077,0.8613512648094779,0.0749991105418579
P_Q1,27,B,SRI6,1099,-0.13376706774219316,0.0,-0.12034497741206462,0.9435253743713349,292070867.3439206,292.0708673439206,0.5574767851424913,0.40954210694844706
P_Q1,27,B,SRI6,1100,0.0,337.56742065369536,-1.3117887029690141e-05,0.7000267249056706,4707058992.747335,4707.058992747336,0.7765325363788379,0.36962322553100646
P_Q1,27,B,SRI6,1102,-0.004649842068630771,1927.705877498318,-0.5501371362596137,0.7855840646861083,5709309773.501287,5709.309773501287,0.862774397836838,0.08236382395844453
P_Q1,27,B,SRI6,1103,0.0,191.14143968867916,-1.835286076203764e-08,0.7000015962280378,4313535652.068444,4313.5356520684445,0.7487102856939551,0.3857046287401715
P_Q1,27,B,SRI6,1106,-0.48853782516819844,331.2022791957015,-5.0279801514994204e-06,0.7000748649511904,4692123558.34536,4692.12355834536,0.7684206781228875,0.37652542071370126
P_Q1,27,B,SRI6,1107,0.0,400.2925009748884,0.0,0.7000700303388367,4835688778.857717,4835.688778857717,0.7864233109189882,0.361867150531896
P_Q1,27,B,SRI6,1108,-1.7993540715269551,140.37930059968357,-1.9472128390042507e-07,0.700122829273091,4119825686.866377,4119.825686866377,0.7202476251467606,0.4039918881417442
P_Q1,27,B,SRI6,1109,0.0,1455.2057484143115,-0.04721655751375031,0.7,5992055222.555937,5992.055222555937,0.8725940157256199,0.15786103105987834
P_Q1,27,B,SRI6,1111,0.0,1856.6622614114985,-0.7093466196538887,0.8018675526693269,5537348243.563536,5537.348243563536,0.8534884548333154,0.09079588714555092
P_Q1,27,B,SRI6,1114,-0.00044797736590344774,1658.4219054839205,0.0,0.7000012135896537,6141808933.937917,6141.808933937917,0.8830184651510301,0.1207528373714733
P_Q1,27,B,SRI6,1116,0.0,1827.1331193583965,-0.7093466196538887,0.7062868766496712,5934316049.594718,5934.316049594718,0.8713487743266802,0.09510086455331411
P_Q1,27,B,SRI6,1117,-2.3027618002515293,0.0,-0.1092459904284322,0.901196515209062,512157844.9093318,512.1578449093317,0.5814921549791867,0.40954210694844706
P_Q1,27,B,SRI6,1120,0.0,977.8308430744814,0.0,0.700037540336733,5604218024.731124,5604.2180247311235,0.8442025118297932,0.26399117657523036
P_Q1,27,B,SRI6,1121,-0.7736554398408249,335.8094220629589,-0.0026592371148302296,0.7,4701633587.114289,4701.633587114289,0.7628704593161845,0.3800120966307326
P_Q1,27,B,SRI6,1123,-0.002594532415903029,993.8419864212447,-5.2415758557847495e-05,0.7000001535039595,5619891555.025706,5619.891555025706,0.845483331554417,0.260611235635251
P_Q1,27,B,SRI6,1125,-1.6668039260899343,0.0,-1.108761553038201,0.7350694740205986,939762241.4211107,939.7622414211107,0.6366029814636924,0.40954210694844706
P_Q1,27,B,SRI6,1126,-0.0019292668445920359,2001.1286049013252,-1.9495903879651852,0.7012408748921773,5188073677.368304,5188.073677368304,0.8350233038033231,0.07318461593197424
P_Q1,27,B,SRI6,1128,-0.5777185715846898,191.82093727112488,0.0,0.7,4315454704.60402,4315.45470460402,0.7436937417725121,0.38972497954246277
P_Q1,27,B,SRI6,1129,-3.5626098391332e-05,783.4887999769973,0.0,0.7007942506124479,5394069292.507265,5394.069292507265,0.8286192051802042,0.3037321663642509
P_Q1,27,B,SRI6,1130,-2.551576758148035,0.0,-0.8488106823918602,0.7000158318251857,1217750279.7043915,1217.7502797043915,0.6668445582950866,0.40954210694844706
P_Q1,27,B,SRI6,1131,-0.5714721029995632,154.6591446019133,-0.00011853104439166814,0.700028195115856,4179598024.908624,4179.598024908624,0.7377877397089692,0.393389547087914
P_Q1,27,B,SRI6,1132,-0.05444078351836468,0.0,-0.00466229331222039,0.7023433324106815,1568668063.7713907,1568.6680637713907,0.7082577293912549,0.40954210694844706
P_Q1,27,B,SRI6,1134,-0.6063141495351018,483.43391831254525,-0.00106151362132903,0.7007423178893903,4979363295.32808,4979.36329532808,0.7847155512861563,0.3625431387198919
P_Q1,27,B,SRI6,1135,-1.6226931904785449,0.0,-1.00675613822042,0.7037570414264417,1114094462.083032,1114.0944620830319,0.6561354822642047,0.40954210694844706
P_Q1,27,B,SRI6,1136,-0.07704933320536955,166.6181700270846,0.0,0.7,4226232434.124509,4226.2324341245085,0.7433023801899881,0.3887643647489949
P_Q1,27,B,SRI6,1138,0.0,823.9251607813364,-0.0018453452056629276,0.7002237164893449,5442500545.241741,5442.500545241741,0.8322837727256556,0.2960116696908243
P_Q1,27,B,SRI6,1142,-1.2987078629193329e-05,1253.230498786892,0.0,0.7,5848503460.305642,5848.503460305642,0.8629522894652579,0.20180026327960998
P_Q1,27,B,SRI6,1149,0.0,1983.499866613834,-1.2328836078369467,0.7908180328585741,5435807888.754695,5435.807888754695,0.8507489237556483,0.07528373714732985
P_Q1,27,B,SRI6,1150,-2.0331070085007097,0.0,-0.9580509575382519,0.9938879691827429,23766918.62449417,23.76691862449417,0.5298324260860282,0.40954210694844706
P_Q1,27,B,SRI6,1151,-0.09261241364141859,0.0,-1.0068810435616453,0.7388307438086058,982207097.2382787,982.2070972382787,0.6404454406375635,0.40954210694844706
P_Q1,27,B,SRI6,1152,-7.928012593082755e-06,1198.2502626618918,0.0,0.7000048294838497,5803275061.745726,5803.275061745726,0.8589319386629666,0.2137901590351158
P_Q1,27,B,SRI6,1155,-0.35701898783634145,97.68959415760632,-0.004705450822979903,0.7,3911708691.399285,3911.708691399285,0.7293200981961788,0.3984772476607251
P_Q1,27,B,SRI6,1159,0.0,514.2904448178958,-0.0057448465834576724,0.7000267249056706,5033825508.955031,5033.825508955031,0.8006546411925854,0.3476358202582986
P_Q1,27,B,SRI6,1160,0.0,271.57584809905325,0.0,0.7000015494001911,4550290070.889959,4550.29007088996,0.7646849539260683,0.37702351727327704
P_Q1,27,B,SRI6,1162,-0.00013460410766022706,417.32107636544777,0.0,0.7,4868343240.204996,4868.343240204996,0.7890916853452877,0.3600170775963283
P_Q1,27,B,SRI6,1163,0.0,118.13654094388039,0.0,0.7,4019808260.8114405,4019.8082608114405,0.7343722204433059,0.3946703668125378
P_Q1,27,B,SRI6,1164,-0.0052497164017227815,1885.415257215367,-1.6484357020096108,0.7021037054908335,5330844058.201717,5330.844058201717,0.8395773294908744,0.0872024762514676
P_Q1,27,B,SRI6,1166,0.0,386.61873303042233,0.0,0.7002380469831068,4808066722.860194,4808.066722860194,0.7841107197495285,0.36332586188493965
P_Q1,27,B,SRI6,1167,-3.9327066764704517,0.0,-1.0334317233515158,0.705654447940422,1093593858.4593456,1093.5938584593455,0.6538940477461131,0.40954210694844706
P_Q1,27,B,SRI6,1168,0.0,1227.7712604405913,0.0,0.7,5827738302.788078,5827.738302788079,0.861244529832426,0.20781300032020497
P_Q1,27,B,SRI6,1169,-0.0017479588323808387,110.63704156291,-0.005413439612229757,0.7,3981209134.8044853,3981.2091348044855,0.7327356174618421,0.3954530899775857
P_Q1,27,B,SRI6,1172,0.0,373.75488383061565,-0.005446128223461244,0.7,4782429275.544437,4782.429275544438,0.7820471768598571,0.3646422599352474
P_Q1,27,B,SRI6,1173,0.0,2100.0,-1.7921503725537085,0.7,5351416976.186247,5351.416976186247,0.8459102714626249,0.06525064930444374
P_Q1,27,B,SRI6,1175,-2.5000782098467746e-05,804.0747734717153,-0.00533162001570404,0.7000011949234289,5420700032.254692,5420.700032254692,0.830647169744192,0.2997473938876436
P_Q1,27,B,SRI6,1177,0.0,1078.5890707044532,0.0,0.7011032032342879,5693317833.275274,5693.317833275274,0.8508556587327001,0.24022485501832286
P_Q1,27,B,SRI6,1179,0.0,39.69430768215727,0.0,0.7,3466010194.3985524,3466.0101943985524,0.718682178816665,0.404383249724268
P_Q1,27,B,SRI6,1180,0.0,173.3083573168832,-0.0008162850754203019,0.7000007262876163,4250862634.9896827,4250.862634989683,0.7452947664282918,0.3876258583271071
P_Q1,27,B,SRI6,1181,0.0,2009.8052386462634,-2.051208426722141,0.8078124071693722,4999888019.492376,4999.888019492377,0.8276941687124205,0.07211726616145445
P_Q1,27,B,SRI6,1182,-0.012487680064271839,72.31295677598584,0.0,0.7,3752783181.878466,3752.783181878466,0.7257266873020954,0.4000782723165048
P_Q1,27,B,SRI6,1185,-3.5626098391332e-05,86.63835191783045,0.0,0.7007942506124479,3843313013.7667017,3843.3130137667017,0.7276479168890312,0.39819262105525327
P_Q1,27,B,SRI6,1186,-0.0039098732503618505,784.6402135620297,-0.0015034664755671162,0.7000072544059951,5399101229.653695,5399.101229653696,0.8287259401572561,0.3037677446899349
P_Q1,27,B,SRI6,1187,0.0,1885.5328255703348,-0.8501299556777362,0.7,5915774279.773188,5915.774279773188,0.8704237378588963,0.0867043796918917
P_Q1,27,B,SRI6,1188,-0.3934958037476477,0.4623163371816003,-0.0002667258503757379,0.7000016233021688,2240294766.0312977,2240.2947660312975,0.7101789589781904,0.40950652862276304
P_Q1,27,B,SRI6,1189,-0.00020867731652340535,1020.3182864060309,-0.0008167001011455506,0.7,5645117632.551646,5645.117632551646,0.8474045611413525,0.2538513537552922
P_Q1,27,B,SRI6,1191,-0.5777185715846898,186.30623896563924,0.0,0.7008266810186884,4292274956.1103244,4292.274956110325,0.7419859821396805,0.39029423275340663
P_Q1,27,B,SRI6,1192,-0.00020652265423828898,1745.8377672049348,-0.787138241808081,0.7009965531385424,5862681738.993168,5862.6817389931675,0.8669014836161811,0.10730423026292381
P_Q1,27,B,SRI6,1193,-0.001137876967785001,137.93323659128544,-0.005241803654985419,0.7,4109803716.819827,4109.803716819827,0.7387483545024373,0.39200199238623834
P_Q1,27,B,SRI6,1196,-0.005745779639727645,857.6607197554965,-0.0071117133178626515,0.7006722401701612,5475450627.564175,5475.450627564174,0.8349877254776392,0.2897498843704416
P_Q1,27,B,SRI6,1197,0.0,1367.7113179998448,-0.022142353721392227,0.700220080367206,5932523665.063222,5932.523665063222,0.8685380865976446,0.1761482904614509
P_Q1,27,B,SRI6,1198,-0.005532883108950504,106.2082035051535,0.0,0.7,3959241586.63641,3959.2415866364104,0.7322019425765822,0.39602234318852964
P_Q1,27,B,SRI6,1200,0.0,534.4129481673119,0.0,0.7,5066919295.553275,5066.919295553275,0.8031451239904648,0.34489628918063125
P_Q1,27,B,SRI6,1201,-0.004802717331654787,1959.3600759886579,-2.503086221987169,0.7036903464104302,4904472731.640059,4904.4727316400595,0.8210410218095137,0.07880599139004517
P_Q1,27,B,SRI6,1202,0.0,224.51083106559489,0.0,0.7,4419526283.8628645,4419.526283862864,0.7552566976198098,0.3821823744974562
P_Q1,27,B,SRI6,1203,0.0,2100.0,0.0,0.7588613271850304,6093126470.27729,6093.1264702772905,0.8847618031095456,0.06525064930444374
P_Q1,27,B,SRI6,1204,0.0,610.0233152764904,0.0,0.7,5178104390.231615,5178.104390231615,0.8117195004803074,0.3332977550076493
P_Q1,27,B,SRI6,1206,-1.4463953022753915,0.0,-0.970408465007881,0.8229005955212984,679323378.3180641,679.3233783180641,0.6023410538300069,0.40954210694844706
P_Q1,27,B,SRI6,1207,-0.0036662682573619936,1513.2527468412684,-0.47782577212849286,0.7029057984837942,5862202310.8441515,5862.202310844152,0.8639129042587258,0.14651154516668446
P_Q1,27,B,SRI6,1208,0.0,0.0,0.0,0.7144453661114486,1505772680.697147,1505.7726806971468,0.7010709076030882,0.40954210694844706
P_Q1,27,B,SRI6,1210,0.0,1072.845554281159,0.0,0.7,5693946140.653743,5693.946140653743,0.850820080407016,0.24150567474294662
P_Q1,27,B,SRI6,1211,0.0,1893.9750952601958,-1.20871227449009,0.8704178004689556,5131213457.3083315,5131.213457308331,0.8327818692852317,0.08556587327000391
P_Q1,27,B,SRI6,1213,0.0,800.8970705328735,0.0,0.7098702825393408,5365922811.645115,5365.922811645115,0.8264133489877965,0.30056569537837546
P_Q1,27,B,SRI6,1216,0.0,253.101450613025,0.0,0.7,4501175122.464334,4501.175122464334,0.7606646031237768,0.37901590351158065
P_Q1,27,B,SRI6,1217,0.0,1927.8644590730173,-1.2010812967086868,0.8407821998327929,5252804284.733217,5252.804284733217,0.8402888960045541,0.08186572739886862
P_Q1,27,B,SRI6,1221,-0.5643309164041551,0.0,-0.35831248638098157,0.9579506178450521,205926701.20690826,205.92670120690826,0.547941793859181,0.40954210694844706
P_Q1,27,B,SRI6,1222,0.0,1682.815734857011,-0.5882711767388782,0.723109590873906,5832017985.101231,5832.017985101231,0.8653360372860853,0.11673248656918205
P_Q1,27,B,SRI6,1223,0.0,60.9166591030075,0.0,0.7,3666596301.848638,3666.596301848638,0.723485252784004,0.40143024869249644
P_Q1,27,B,SRI6,1224,0.0,1999.9825481990417,-0.7154228083259202,0.8382800726802264,5461312598.335049,5461.312598335048,0.8526701533425837,0.07325577258334225
P_Q1,27,B,SRI6,1225,0.0,311.4809779521572,0.0,0.7,4648222164.734763,4648.222164734763,0.771907354039919,0.37275411819119786
P_Q1,27,B,SRI6,1226,-0.0001510758225502797,1137.1574854970556,0.0,0.7,5751205700.105113,5751.2057001051135,0.8552317927918311,0.22819938093713307
P_Q1,27,B,SRI6,1227,0.0,1976.5910398575688,-1.1065746358343467,0.8993244746942167,5105934013.819365,5105.934013819365,0.8336001707759635,0.07606646031237768
P_Q1,27,B,SRI6,1228,-0.0002810287848948969,71.35635432416007,-1.528181801257306e-05,0.7000016727282914,3745957437.804122,3745.957437804122,0.7254064823709396,0.40007827231650483
P_Q1,27,B,SRI6,1229,0.0,2100.0,-0.5707456676689225,0.7,6192407929.301654,6192.407929301654,0.8856156829259615,0.06525064930444374
P_Q1,27,B,SRI6,1230,0.0,897.720420189804,0.0,0.7,5523580370.769636,5523.580370769636,0.8382965097662505,0.28170918276585893
P_Q1,27,B,SRI6,1231,-2.0220363565242403,0.0,-0.953073040642471,0.7902065481840573,813081682.8438067,813.0816828438068,0.6208062048599993,0.40954210694844706
P_Q1,27,B,SRI6,1233,-0.7405990231920838,344.89823748328786,0.0,0.700284360677156,4720637197.266056,4720.637197266056,0.7648984238801723,0.37880243355747684
P_Q1,27,B,SRI6,1234,0.0,2051.665722910533,-1.3948199220415896,0.7684207116645809,5449539573.205366,5449.539573205366,0.852563418365532,0.06834596363895117
P_Q1,27,B,SRI6,1235,0.0,2031.490888139268,-1.957889324960019,0.7501555910645344,5129054674.386848,5129.054674386848,0.8336357491016476,0.06998256662041485
P_Q1,27,B,SRI6,1236,0.0,430.9824962262896,0.0,0.7,4893542654.9405775,4893.542654940577,0.7911552282349592,0.3583804746148645
P_Q1,27,B,SRI6,1237,0.0,947.2206311455204,0.0,0.7,5574135591.752132,5574.135591752132,0.8423168605685417,0.2710356850606611
P_Q1,27,B,SRI6,1238,-0.000789385376721794,1709.032478169633,-1.3727216991789946,0.7015193894727327,5455308272.150093,5455.308272150093,0.8447361867150532,0.11256982246415485
P_Q1,27,B,SRI6,1239,-1.4463953022753915,0.0,-0.6496917757025716,0.7032502183474505,1316445921.4533138,1316.4459214533138,0.6767709111609208,0.40954210694844706
P_Q1,27,B,SRI6,1240,0.0,1966.6685367730931,-1.0853577417929812,0.8453521491911365,5300875232.069947,5300.875232069947,0.8432418970363256,0.07731170171131746
P_Q1,27,B,SRI6,1241,0.0,2098.822852658671,-1.38800250347738,0.8660518732048051,5200054043.631934,5200.054043631934,0.841427402426442,0.06539296260717971
P_Q1,27,B,SRI6,1245,-0.32961717958504605,0.0,-1.3618362266401305,0.7994353872611404,588534610.1183738,588.5346101183737,0.5945494005052121,0.40954210694844706
P_Q1,27,B,SRI6,1246,-0.0009605160802377463,385.32663233054177,0.0,0.7001689785774805,4805873719.399049,4805.873719399049,0.7839328281211085,0.3634681751876756
P_Q1,27,B,SRI6,1247,-0.7961228920996615,279.16284007480897,0.0,0.7,4568912112.648756,4568.912112648756,0.7549009143629699,0.38492190557512357
P_Q1,27,B,SRI6,1248,0.0,0.0,-0.016082706941603894,0.9828068918508494,90573117.3092365,90.5731173092365,0.537161561176931,0.40954210694844706
P_Q1,27,B,SRI6,1250,-0.7961228920996615,272.0214971561165,0.0,0.7,4550664206.619485,4550.6642066194845,0.7537979862667663,0.38542000213469946
P_Q1,27,B,SRI6,1251,0.0,2064.2673690881043,-2.4394916289228714,0.7,4988282343.105389,4988.2823431053885,0.8282990002490486,0.06738534884548335
P_Q1,27,B,SRI6,1252,0.0,1392.5315853031875,0.0,0.7,5956695496.055664,5956.695496055664,0.8703170028818445,0.17102501156295588
P_Q1,27,B,SRI6,1253,-0.004702389645103352,852.3086876894643,-0.00040372345452326444,0.7,5475233209.324184,5475.233209324185,0.834952147151955,0.29095954744369734
P_Q1,27,B,SRI6,1254,-0.30535722913621915,0.0,0.0,0.7204770067294098,1473969768.6021929,1473.969768602193,0.697726544988793,0.40954210694844706
P_Q1,27,B,SRI6,1255,-9.687453520046407e-05,1663.0633231166432,-0.0018060038519236432,0.7005354944421361,6141579786.915685,6141.579786915685,0.8830540434767139,0.11979222257800547
P_Q1,27,B,SRI6,1256,0.0,167.24238053384443,0.0,0.7,4228600236.459417,4228.600236459417,0.7441206816807201,0.3883374248407869
P_Q1,27,B,SRI6,1257,0.0,2080.336706686416,-0.002030293935141456,0.700002802184064,6393221490.183028,6393.221490183028,0.8963603372825274,0.06638915572633151
P_Q1,27,B,SRI6,1258,0.0,1196.7959778605848,0.0,0.7,5802085704.030983,5802.085704030983,0.8587896253602307,0.21418152061763976
P_Q1,27,B,SRI6,1259,0.0,199.14995073641353,0.0,0.7,4340205871.61943,4340.20587161943,0.7502401536983669,0.38463727896965166
P_Q1,27,B,SRI6,1262,0.0,0.0,0.0,0.7030597138066438,1565805584.2350514,1565.8055842350514,0.7080442594371509,0.40954210694844706
P_Q1,27,B,SRI6,1264,-1.1784764327882867e-05,1938.9772441693267,-0.7137031525075356,0.7,6025522117.336193,6025.522117336193,0.8760451133169675,0.08069164265129683
P_Q1,27,B,SRI6,1265,0.0,1464.8519825722294,0.0,0.7,6009552543.127222,6009.552543127222,0.8736969438218237,0.1560109581243107
P_Q1,27,B,SRI6,1266,-0.00019467451052137662,870.9667795086827,-0.0009609510981584675,0.7000244915194223,5494788675.290834,5494.788675290834,0.8368022200875228,0.287544028178034
P_Q1,27,B,SRI6,1267,-1.4416750025625413,0.0,-0.6285517870589922,0.8324470600183543,749807355.4088311,749.8073554088311,0.6083893691962857,0.40954210694844706
P_Q1,27,B,SRI6,1268,0.0,327.2274482831115,-0.001577677211844878,0.7,4683814747.593494,4683.814747593495,0.7745757284662182,0.37076173195289436
P_Q1,27,B,SRI6,1269,0.0,1827.1623708451102,-1.0110911154001179,0.8118250423003537,5367674469.436669,5367.674469436669,0.8440246202013734,0.09510086455331411
P_Q1,27,B,SRI6,1270,0.0,0.0,0.0,0.9596142494649361,213075562.35595843,213.07556235595843,0.548582203721493,0.40954210694844706
P_Q1,27,B,SRI6,1272,0.0,1742.4093610390419,-0.5965654121059425,0.7103139428818951,5922727411.046009,5922.727411046009,0.8706016294873165,0.10769559184544777
P_Q1,27,B,SRI6,1273,0.0,994.641756774575,0.0,0.7,5620745708.811251,5620.745708811251,0.8455189098801011,0.26036218735546296
P_Q1,27,B,SRI6,1274,-0.0009605160802377463,1946.3667671927278,0.0,0.7001689785774805,6317426479.676973,6317.426479676973,0.8922332515031842,0.07965987120646102
P_Q1,27,B,SRI6,1276,0.0,833.6321985826401,0.0,0.7027497194002583,5440294425.206264,5440.294425206263,0.8321058810972356,0.29416159675525666
P_Q1,27,B,SRI6,1277,-0.000789385376721794,744.4555022457683,-0.001590575516938933,0.7015193894727327,5343683700.442943,5343.683700442943,0.8244209627494931,0.3107410965239976
P_Q1,27,B,SRI6,1278,0.0,1887.9421655330855,-2.1263348190095503,0.7019364978886881,5012965894.402336,5012.965894402336,0.8227487814423455,0.08634859643505176
P_Q1,27,B,SRI6,1280,-0.006065203368613383,2011.8767561372506,-1.8975014943837498,0.7378303207856107,5172834434.337324,5172.834434337324,0.835307930408795,0.0728999893265023
P_Q1,27,B,SRI6,1282,-1.2664840325462819e-05,1862.8293834625297,0.0,0.7,6269342860.118701,6269.342860118701,0.8897071903796208,0.08969295904934711
P_Q1,27,B,SRI6,1283,-0.7019948940990729,315.93009272327305,0.0,0.7,4657707123.013243,4657.707123013242,0.7618031095456649,0.3806169281673604
P_Q1,27,B,SRI6,1284,-1.6509788528239828,0.0,-0.9617480514061514,0.7,1157386711.7909632,1157.386711790963,0.6602981463692318,0.40954210694844706
P_Q1,27,B,SRI6,1288,-0.20618299899969708,0.0,-0.9820537045149476,0.8027038940115969,751552302.7324181,751.5523027324181,0.6132991781406767,0.40954210694844706
P_Q1,27,B,SRI6,1289,0.0,0.0,0.0,0.7065597386028561,1547351072.7721767,1547.3510727721768,0.7060162948731633,0.40954210694844706
P_Q1,27,B,SRI6,1291,0.0,0.0,0.0,0.7444562291484916,1347534997.2021224,1347.5349972021224,0.6831038531326714,0.40954210694844706
P_Q1,27,B,SRI6,1292,0.0,1893.9750952601958,-1.065641681303874,0.7176524657098698,5730999755.75228,5730.99975575228,0.8628455544882058,0.08556587327000391
P_Q1,27,B,SRI6,1293,-0.000789385376721794,1181.4644116632323,-0.001590575516938933,0.7015193894727327,5780710536.308154,5780.710536308154,0.8574732273099229,0.218237449745615
P_Q1,27,B,SRI6,1295,0.0,0.0,-0.7435870600732946,0.9596142494649361,172053962.52241504,172.05396252241505,0.5439214430568896,0.40954210694844706
P_Q1,27,B,SRI6,1296,0.0,1611.5712468772128,0.0,0.7,6110946483.927576,6110.946483927576,0.8805991390045185,0.12858006902195185
P_Q1,27,B,SRI6,1297,0.0,2005.327600311797,0.0,0.7,6351945432.1568365,6351.945432156836,0.8940477461130678,0.07272209769808234
P_Q1,27,B,SRI6,1298,0.0,0.0,-0.0750427739869437,0.9773175686321562,118382554.792611,118.382554792611,0.5397232006261784,0.40954210694844706
P_Q1,27,B,SRI6,1300,-0.019791410359414372,0.0,-1.0327876259183482,0.891917413680795,401758783.17508864,401.75878317508864,0.5698580424805209,0.40954210694844706
P_Q1,27,B,SRI6,1301,-1.7090075878736741,414.8108426025333,0.0,0.7,4860786068.497651,4860.786068497651,0.7402070658554806,0.39388764364748996
P_Q1,27,B,SRI6,1304,0.0,446.4228510176513,0.0,0.7,4921304929.924794,4921.304929924794,0.7933610844273667,0.356565980004981
P_Q1,27,B,SRI6,1307,0.0,1887.712716447001,-0.6708352417942377,0.7354651122780062,5862233697.056066,5862.2336970560655,0.8695698580424805,0.08641975308641975
P_Q1,27,B,SRI6,1308,-0.6470396641285716,407.2611137775846,0.0,0.7007525272767364,4844290496.195501,4844.290496195501,0.7746824634432704,0.37115309353541825
P_Q1,27,B,SRI6,1310,0.0,1234.8111527015756,-0.022201735567113124,0.7,5829179979.338833,5829.179979338833,0.861386843135162,0.2061408190130573
P_Q1,27,B,SRI6,1313,0.0,0.0,-0.016082706941603894,0.9880726135378917,62874516.65906901,62.87451665906901,0.5342441384708435,0.40954210694844706
P_Q1,27,B,SRI6,1317,-0.02752294701939101,0.0,-0.38785924542634337,0.7001733639848184,1454889830.0780153,1454.8898300780154,0.6937061941865017,0.40954210694844706
P_Q1,27,B,SRI6,1318,0.0,1315.8427249061992,0.0,0.7,5898227060.928321,5898.2270609283205,0.8660476037997652,0.1877112463087487
P_Q1,27,B,SRI6,1323,-0.005562270765888471,337.3455382958594,0.0,0.7,4706712173.966642,4706.712173966643,0.776354644750418,0.36983669548511044
P_Q1,27,B,SRI6,1325,-0.6280510222138957,0.0,-1.14422648913892,0.8230308044854303,613404075.7134387,613.4040757134387,0.5950474970647881,0.40954210694844706
P_Q1,27,B,SRI6,1327,-1.2273315962923938e-05,1876.9290522726933,-0.6296816624250277,0.8166644724139337,5512286650.660661,5512.286650660661,0.8532749848792116,0.08787846443946348
P_Q1,27,B,SRI6,1328,-0.005618980303019532,158.00250688394055,0.0,0.7004843065786037,4190688793.6628213,4190.688793662821,0.7421638737681002,0.38972497954246266
P_Q1,27,B,SRI6,1329,-0.30535722913621915,0.0,0.0,0.7283154910039591,1432639947.7241418,1432.6399477241418,0.6935283025580817,0.40954210694844706
P_Q1,27,B,SRI6,1331,-0.7596112625033878,0.0,-0.00970900481965522,0.9957388907878066,22561781.476029903,22.561781476029903,0.5297612694346605,0.40954210694844706
P_Q1,27,B,SRI6,1332,0.0,1100.7211497649967,0.0,0.7,5719075971.154314,5719.075971154314,0.8529903582737397,0.23574198598213966
P_Q1,27,B,SRI6,1333,-0.014089337440356564,500.9966926657472,-1.0642962652767414e-06,0.7,5013871888.693163,5013.871888693163,0.7993738214679617,0.34984167645070624
P_Q1,27,B,SRI6,1335,-0.7645576681288324,0.0,-0.49587954184014216,0.7198898680990032,1314118282.6507647,1314.1182826507647,0.6765218628811331,0.40954210694844706
P_Q1,27,B,SRI6,1336,0.0,575.0559130371709,0.0,0.7,5128086367.066117,5128.086367066117,0.8078058846550683,0.33834987725477644
P_Q1,27,B,SRI6,1338,0.0,2002.3158070438249,-2.0368742705901877,0.7271329596698495,5101203711.268463,5101.203711268463,0.8313231579321878,0.07311345928060627
P_Q1,27,B,SRI6,1339,0.0,1876.6515542453255,-1.0485573381904438,0.8455644099167886,5259319801.1523,5259.3198011523,0.8390792329312983,0.08787846443946348
P_Q1,27,B,SRI6,1341,-0.7170586046359513,364.65190392754346,0.0,0.7,4763859668.296091,4763.8596682960915,0.7686697264026755,0.37648984238801725
P_Q1,27,B,SRI6,1348,0.0,1280.6391432082764,-0.00013060136255668795,0.7,5870448100.043767,5870.448100043767,0.8645888924467215,0.1958231045646992
P_Q1,27,B,SRI6,1350,-1.4559762623115877,352.8082593729797,0.0,0.7001062814132064,4737569273.530706,4737.569273530707,0.7464332728501797,0.3898672928451988
P_Q1,27,B,SRI6,1352,-0.0013413219802004808,718.8163354220636,-0.006020664841031191,0.7007720067940693,5315344728.335699,5315.344728335699,0.8225353114882414,0.31515280890881275
P_Q1,27,B,SRI6,1353,-9.816104299381688e-06,625.0522258070143,-0.0034271851058674044,0.700025022509789,5197867759.497294,5197.867759497294,0.8134628384388229,0.33137652542071366
P_Q1,27,B,SRI6,1355,-0.29369636044370107,0.0,-1.06630278626243,0.7294560511196356,985223713.9132979,985.2237139132978,0.6420108869676592,0.40954210694844706
P_Q1,27,B,SRI6,1356,-0.2534439623455361,0.0,-0.3251812428329602,0.7,1483923222.243471,1483.923222243471,0.6977977016401609,0.40954210694844706
P_Q1,27,B,SRI6,1357,-1.4463953022753915,0.0,-1.0115328296944723,0.7046691238292057,1107755101.8885908,1107.7551018885908,0.6555306507275768,0.40954210694844706
P_Q1,27,B,SRI6,1358,-0.008387681329611901,14.84302545313818,-8.7968426045415e-05,0.700133100016223,3074670768.7373996,3074.6707687373996,0.713309851638382,0.40779876898993134
P_Q1,27,B,SRI6,1360,0.0,1051.8602255028106,-9.641994647295756e-05,0.7014485313262682,5666961082.768403,5666.961082768403,0.8490767424485003,0.2459885437791298
P_Q1,27,B,SRI6,1361,0.0,2047.8114758678698,-1.9457860542600594,0.7276616594307405,5179620255.539926,5179.620255539926,0.835912761945423,0.06880848187284307
P_Q1,27,B,SRI6,1362,0.0,1365.22413917397,-0.011009691646525765,0.7,5933103904.612733,5933.103904612733,0.8685380865976446,0.17664638702102678
P_Q1,27,B,SRI6,1363,0.0,0.802963753179597,0.0,0.7000229632220043,2331907163.856275,2331.907163856275,0.7102856939552424,0.40950652862276304
P_Q1,27,B,SRI6,1364,0.0,982.0861434625203,0.0,0.7004067389505781,5606411719.792309,5606.411719792309,0.8445938734123173,0.26313729675881453
P_Q1,27,B,SRI6,1365,-0.7128975020518755,95.0307768292331,-0.0036223310399692956,0.7,3896449592.436066,3896.4495924360663,0.7267940370726153,0.39997153733945284
P_Q1,27,B,SRI6,1366,-3.0258567173062323,0.0,-0.953073040642471,0.8654194161179615,521632664.9126427,521.6326649126427,0.5832710712633863,0.40954210694844706
P_Q1,27,B,SRI6,1368,-0.0007364696994183817,285.184464495181,0.0,0.7,4584848447.095417,4584.848447095417,0.7671398583982636,0.3755648059202334
P_Q1,27,B,SRI6,1370,0.0,793.8056171101242,-0.009642413360103212,0.7,5407342622.98577,5407.3426229857705,0.8298288682534599,0.30181093677731524
P_Q1,27,B,SRI6,1371,0.0,1957.6833912637965,-0.7154228083259202,0.8382800726802264,5437116723.864009,5437.116723864009,0.8507845020813322,0.07837905148183727
P_Q1,27,B,SRI6,1373,-0.00019467451052137662,686.5422944429113,-4.6398287013040896e-05,0.7000257216168012,5280186986.51437,5280.18698651437,0.819689045433522,0.3210232326466716
P_Q1,27,B,SRI6,1375,-0.0066277338550445675,1872.469674648262,-1.055231637927742,0.7778148928280992,5503698872.348116,5503.698872348116,0.8517451168747999,0.09001316398050305
P_Q1,27,B,SRI6,1376,0.0,1827.1623708451102,-0.5019978907015696,0.8082388767978862,5559667227.037494,5559.667227037494,0.8549115878606753,0.09510086455331411
P_Q1,27,B,SRI6,1378,0.0,133.29939162525343,0.0,0.7000155305191526,4090303585.9771852,4090.3035859771853,0.7379656313373893,0.3925356672714983
P_Q1,27,B,SRI6,1379,-1.4106511698965358,291.169207461754,0.0,0.7000089132175357,4598125575.257768,4598.125575257768,0.7412744156260008,0.39257124559718226
P_Q1,27,B,SRI6,1380,-1.5984689321066214,0.0,-0.9713697268778725,0.7030537735513451,1138714158.236648,1138.714158236648,0.6586259650620844,0.40954210694844706
P_Q1,27,B,SRI6,1383,0.0,1481.7059267804943,-0.5309214684789788,0.7,5827788631.8474045,5827.788631847405,0.8618849396947382,0.1526665955100153
P_Q1,27,B,SRI6,1389,-1.8696754712703223,166.05350099644937,-7.760062594488679e-05,0.7000676732062492,4222732308.5083413,4222.732308508342,0.7205322517522325,0.4039918881417442
P_Q1,27,B,SRI6,1390,0.0,2007.2291995495202,-1.1535663893446335,0.791186745874361,5486275030.247167,5486.275030247167,0.8539153947415236,0.0723663144412424
P_Q1,27,B,SRI6,1391,-1.2092352727072238,0.0,0.0,0.7328686338864429,1408632681.3733914,1408.6326813733913,0.6908955064574662,0.40954210694844706
P_Q1,27,B,SRI6,1392,-0.0002810287848948969,142.52548084364253,-1.528181801257306e-05,0.7000015514055835,4130379514.553834,4130.379514553834,0.7397801259472729,0.3914327391752944
P_Q1,27,B,SRI6,1394,0.0,1559.9111634984465,-1.190303718408281e-05,0.7,6076090607.774115,6076.090607774115,0.8783932828121108,0.13793716867684208
P_Q1,27,B,SRI6,1395,0.0,1516.8892189709238,0.0,0.7000004908937364,6046393646.854334,6046.393646854334,0.8761874266197033,0.14555093037321665
P_Q1,27,B,SRI6,1398,0.0,369.34840735850116,0.0,0.7000244344140621,4774407027.794499,4774.407027794499,0.781549080300281,0.36531824812324337
P_Q1,27,B,SRI6,1399,0.0,218.88098163902714,-0.005532015115767117,0.7,4401403283.884198,4401.403283884199,0.7539402995695023,0.382822784359768
P_Q1,27,B,SRI6,1401,0.0,590.5666431973973,0.0,0.7,5150574131.983498,5150.574131983498,0.8094780659622158,0.33589497278258085
P_Q1,27,B,SRI6,1402,0.0,35.326432868432676,0.0,0.7,3414842786.236332,3414.842786236332,0.7177215640231971,0.4049880812608959
P_Q1,27,B,SRI6,1403,0.0,1911.464490993675,-1.9379813010489402,0.7209435052872414,5116632893.183358,5116.632893183359,0.8286903618315722,0.08328886042622835
P_Q1,27,B,SRI6,1407,0.0,1845.0633553519046,-1.2024758326473577,0.7000095901343344,5673841665.975315,5673.841665975315,0.8588252036859148,0.0925392251040666
P_Q1,27,B,SRI6,1408,0.0,546.6794457129374,0.0,0.7,5085733770.97796,5085.7337709779595,0.8047461486462447,0.3431529512221155
P_Q1,27,B,SRI6,1409,0.0,1801.2985099632026,0.0,0.7000126055552017,6232151835.610113,6232.151835610113,0.887536912512897,0.0990856370299214
P_Q1,27,B,SRI6,1414,0.0,2049.1461709838472,-0.6725408045150039,0.8359928196385455,5511308286.938777,5511.308286938777,0.8561924075852991,0.06863059024442311
P_Q1,27,B,SRI6,1416,-0.706143001002546,293.44191362964744,0.0,0.7,4604436414.195667,4604.436414195668,0.7585654819084213,0.382822784359768
P_Q1,27,B,SRI6,1421,-0.006084142552185408,2011.8767561372506,-1.8975014943837498,0.7008059153166943,5230142372.5422125,5230.142372542213,0.8373003166470988,0.0728999893265023
P_Q1,27,B,SRI6,1422,-0.006065203368613383,1929.5464437851324,-1.1910464536044345,0.7378303207856107,5604265445.431426,5604.265445431426,0.8566193474935072,0.08279076386665245
P_Q1,27,B,SRI6,1424,0.0,1768.7250619115098,-1.2739509777193057,0.7,5572428787.6706915,5572.428787670691,0.8521720567830078,0.10399544597431243
P_Q1,27,B,SRI6,1426,0.0,2051.665722910533,-1.5670214747803355,0.7685065646231045,5335739903.61327,5335.73990361327,0.8451631266232611,0.06834596363895117
P_Q1,27,B,SRI6,1429,-7.773266468007992e-05,1853.5083750476233,-0.7025995519921028,0.8476015710271455,5338460125.560252,5338.460125560252,0.8428861137794856,0.0912939837051268
P_Q1,27,B,SRI6,1430,-1.4372805663925365,267.2123425240863,0.0,0.7,4537589685.726372,4537.5896857263715,0.7383214145942292,0.39417227025296203
P_Q1,27,B,SRI6,1431,0.0,487.8369012314738,-0.025377400318385743,0.7,4987086410.272636,4987.086410272636,0.797594905183762,0.35151385775785376
P_Q1,27,B,SRI6,1432,-0.005532883108950504,126.05509868739215,0.0,0.7000120527776921,4057407828.748944,4057.4078287489438,0.7360799800761375,0.39346070373928205
P_Q1,27,B,SRI6,1433,0.0,86.35052016543473,-0.006479174804084573,0.7,3843993848.5307865,3843.9938485307866,0.7278258085174513,0.39822819938093723
P_Q1,27,B,SRI6,1435,-1.7162335305021532,510.7002750209258,-0.005256563980436835,0.7,5024980873.961755,5024.980873961755,0.7448678265200841,0.3901163411249866
P_Q1,27,B,SRI6,1436,0.0,1887.9421655330855,-2.011813503048229,0.7019364978886881,5084439335.575316,5084.439335575316,0.8259864090795891,0.08634859643505176
P_Q1,27,B,SRI6,1437,-1.3297625716614296e-07,464.7522332672213,-0.0013471517668334765,0.7,4952909857.164513,4952.909857164513,0.7954957839684066,0.35428896716120534
P_Q1,27,B,SRI6,1438,0.0,1430.0328368537498,-0.006972160810317707,0.7,5982409640.1647625,5982.409640164762,0.871740135909204,0.16287757498132135
P_Q1,27,B,SRI6,1440,0.0,24.090096966188085,0.0,0.7,3256376639.4823394,3256.376639482339,0.7155512861564733,0.4066246842423596
P_Q1,27,B,SRI6,1442,0.0,2100.0,-0.21797775773215067,0.990576441487133,4864015847.740825,4864.015847740825,0.8245988543779132,0.06525064930444374
P_Q1,27,B,SRI6,1443,-1.8063397020581968,0.0,0.0,0.7440289360853128,1349787976.8784306,1349.7879768784305,0.6832817447610915,0.40954210694844706
P_Q1,27,B,SRI6,1444,0.0,1858.4068995803611,0.0,0.7,6266683749.40414,6266.68374940414,0.8895292987512007,0.09047568221439499
P_Q1,27,B,SRI6,1445,0.0,328.7814639370445,0.0,0.7,4687738817.653484,4687.738817653484,0.7750382467001102,0.37061941865015835
P_Q1,27,B,SRI6,1446,-1.7070477316423789,316.2988866132654,0.0,0.7,4657357593.307976,4657.357593307976,0.734123172163518,0.3972320062617853
P_Q1,27,B,SRI6,1450,0.0,870.244685013718,0.0,0.7,5494584060.869842,5494.584060869842,0.8366954851104708,0.28768634148077
P_Q1,27,B,SRI6,1451,0.0,299.13151762126734,0.0,0.7,4618989201.652311,4618.989201652312,0.7692745579393033,0.3740705162415056
P_Q1,27,B,SRI6,1453,0.0,309.44301701594236,0.0,0.7,4643459690.092153,4643.459690092152,0.771409257480343,0.37310990144803785
P_Q1,27,B,SRI6,1454,0.0,169.51117658640845,0.0,0.7,4237053025.193954,4237.0530251939535,0.7446543565659799,0.38808837656099904
P_Q1,27,B,SRI6,1456,-1.2800268654897873,0.0,-0.9968453584358623,0.8665861977652148,503908647.5915382,503.90864759153817,0.5811007933966627,0.40954210694844706
P_Q1,27,B,SRI6,1457,0.0,1939.00544437091,0.0,0.7003438945559675,6312248817.108751,6312.248817108752,0.8920553598747643,0.08069164265129683
P_Q1,27,B,SRI6,1458,-3.732066709485852,0.0,-0.4465638232525819,0.9958191277216699,20034056.6824166,20.034056682416598,0.5294410645035045,0.40954210694844706
P_Q1,27,B,SRI6,1461,0.0,461.7980238891332,0.0,0.7,4948252434.84946,4948.25243484946,0.7951044223858827,0.35475148539509727
P_Q1,27,B,SRI6,1462,0.0,55.68765385427912,0.0,0.7000101769154978,3622812428.658687,3622.812428658687,0.7223823246878001,0.4022129718575443
P_Q1,27,B,SRI6,1463,0.0,1639.9448421614916,-0.48557940532203925,0.7127383220560283,5898293237.817335,5898.2932378173355,0.868146725015121,0.12388373003166471
P_Q1,27,B,SRI6,1464,-2.0063426182270403,281.40513617259,0.0,0.7,4573477703.9464445,4573.477703946444,0.7249795424627317,0.4030312733482763
P_Q1,27,B,SRI6,1465,0.0,2100.0,-0.025091874607524822,0.8943162955002265,5374111883.033247,5374.111883033247,0.850820080407016,0.06525064930444374
P_Q1,27,B,SRI6,1466,0.0,270.1377567780547,0.0,0.7,4546576472.85063,4546.57647285063,0.7644003273205963,0.37713025225032903
P_Q1,27,B,SRI6,1467,-3.7101840190669866,0.0,-0.4124967909714321,0.9513487671233571,234267987.81386018,234.26798781386017,0.5513217347991604,0.40954210694844706
P_Q1,27,B,SRI6,1468,0.0,1510.0860846811247,0.0,0.7000352303100044,6041472255.287826,6041.472255287826,0.8759383783399152,0.14679617177215643
P_Q1,27,B,SRI6,1470,-2.2786585464873395,0.0,-1.0949073167633272,0.8623429788544197,492767687.9037189,492.76768790371887,0.5800334436261431,0.40954210694844706
P_Q1,27,B,SRI6,1471,0.0,183.79387041182167,0.0,0.7,4288314738.3954487,4288.314738395448,0.7472515743409113,0.38666524353363935
P_Q1,27,B,SRI6,1472,-0.3267763387290259,71.25006050814636,0.0,0.7,3745142849.8605247,3745.1428498605246,0.7244102892517879,0.40093215213292055
P_Q1,27,B,SRI6,1473,0.0,1707.6852130615098,0.0,0.7003286589308565,6171837605.605901,6171.8376056059005,0.8844771765040739,0.11281887074394283
P_Q1,27,B,SRI6,1474,0.0,1776.424353336242,-0.8458547226945842,0.7619141142085575,5598820560.842473,5598.820560842473,0.8546981179065716,0.10292809620379265
P_Q1,27,B,SRI6,1476,0.0,1910.651579990669,-2.1092978581109314,0.7335273752755401,4999957657.522778,4999.9576575227775,0.8231045646991854,0.08336001707759634
P_Q1,27,B,SRI6,1477,0.0,352.994746004953,0.0,0.7,4740473963.079134,4740.473963079134,0.7790941758280854,0.36777315259543886
P_Q1,27,B,SRI6,1478,-1.9754703694466103,0.0,-0.10690984784320712,0.7001722646475874,1554129375.5470946,1554.1293755470947,0.7062297648272673,0.40954210694844706
P_Q1,27,B,SRI6,1479,0.0,436.9674833194765,0.0,0.7,4904397485.619978,4904.397485619978,0.7919735297256912,0.35781122140392074
P_Q1,27,B,SRI6,1480,0.0,107.49524040773323,0.0,0.7,3966019610.1787667,3966.019610178767,0.7324509908563702,0.39577329490874164
P_Q1,27,B,SRI6,1481,-1.2053923926328758,265.40675614155055,0.0,0.7,4533173145.421688,4533.173145421688,0.7444764649375601,0.3909702209414025
P_Q1,27,B,SRI6,1482,-2.932131669888604,0.0,-1.120994692117796,0.7032690391883414,1043295805.0046641,1043.295805004664,0.649090973778774,0.40954210694844706
P_Q1,27,B,SRI6,1483,0.0,821.4209453485489,0.0,0.7,5441319135.85818,5441.31913585818,0.8322481943999714,0.2965097662504003
P_Q1,27,B,SRI6,1486,0.0,650.0617977115469,0.0,0.7,5232781357.3311405,5232.7813573311405,0.8164869961219625,0.3272494396413705
P_Q1,27,B,SRI6,1487,-3.732066709485852,0.0,-0.4465638232525819,0.8181217561052464,865817855.6639442,865.8178556639442,0.6230476393780907,0.40954210694844706
P_Q1,27,B,SRI6,1488,0.0,2100.0,-1.546200516993692,0.8139569623265792,5265733569.835203,5265.7335698352035,0.8439534635500053,0.06525064930444374
P_Q1,27,B,SRI6,1489,0.0,753.0507617211347,0.0,0.7,5362524599.197058,5362.524599197058,0.8261643007080086,0.308819866937062
P_Q1,27,B,SRI6,1490,0.0,667.6098286958394,0.0,0.7,5255942201.258028,5255.942201258028,0.8181947557547942,0.324403173586651
P_Q1,27,B,SRI6,1493,-0.5163285719501325,15.840050337586263,0.0,0.7,3098531503.764573,3098.5315037645732,0.713238694987014,0.40797666061835125
P_Q1,27,B,SRI6,1496,-2.458083880706244,0.0,-0.6612093636442928,0.7000203907708544,1323023594.914264,1323.0235949142639,0.6773757426975486,0.40954210694844706
P_Q1,27,B,SRI6,1497,0.0,1823.4496766334141,-0.9024226230190937,0.7497250970231041,5653274016.11772,5653.27401611772,0.8584694204290747,0.09570569608994202
P_Q1,27,B,SRI6,1500,-1.8517879619859408,472.381085978892,-0.00033010041017255266,0.7,4962809372.157797,4962.809372157797,0.7381791012914932,0.3947059451382219
P_Q1,27,B,SRI6,1501,-0.4891637421906999,316.2988866132654,0.0,0.7000855550628453,4658352975.762559,4658.352975762559,0.765894616999324,0.377663927135589
P_Q1,27,B,SRI6,1502,-2.352047675802969,0.0,-0.2516626471810997,0.9801226771904221,100321770.60699771,100.32177060699772,0.5380154409933469,0.40954210694844706
P_Q1,27,B,SRI6,1505,0.0,157.96406074472307,-0.0007584293732737224,0.7,4192977445.421795,4192.977445421795,0.7424129220478883,0.38965382289109474
P_Q1,27,B,SRI6,1506,0.0,382.2884146385605,0.0,0.7,4800721896.282904,4800.721896282904,0.7836126231899527,0.3637528017931476
P_Q1,27,B,SRI6,1507,0.0,681.1086766529622,0.0,0.7,5273416622.142413,5273.416622142413,0.819475575479418,0.3220550040915074
P_Q1,27,B,SRI6,1509,-2.8596867324554363,0.0,-0.869514353069655,0.7,1208678781.1773684,1208.6787811773684,0.6661685701070907,0.40954210694844706
P_Q1,27,B,SRI6,1510,-0.08046243545316423,0.0,-1.092002304276956,0.7027494222872793,1066382775.9724666,1066.3827759724666,0.6516170349023375,0.40954210694844706
P_Q1,27,B,SRI6,1511,0.0,1617.7005768413935,0.0,0.7,6115026912.205746,6115.026912205745,0.8807770306329386,0.127832924182588
P_Q1,27,B,SRI6,1512,-3.7266041641689474,0.0,-0.8422703013279261,0.9565805522736474,176793563.55392107,176.79356355392108,0.5449532145017255,0.40954210694844706
P_Q1,27,B,SRI6,1513,0.0,1960.37470999613,-0.4528033296967413,0.8166487936388834,5613270945.8779955,5613.2709458779955,0.8594300352225425,0.0781300032020493
P_Q1,27,B,SRI6,1514,0.0,283.5514022262828,0.0,0.7000042631826217,4580747213.566262,4580.747213566262,0.7669619667698439,0.37584943252570535
P_Q1,27,B,SRI6,1515,0.0,2100.0,-1.1328648118292377,0.7161076531796904,5809971741.595508,5809.971741595507,0.8687159782260646,0.06525064930444374
P_Q1,27,B,SRI6,1516,0.0,338.9328176944826,0.0,0.7000255405507108,4710054802.94757,4710.054802947569,0.776674849681574,0.3695520688796385
P_Q1,27,B,SRI6,1517,-2.6215378813425945,0.0,-1.0291743869505043,0.8823933781824869,437835587.53262913,437.8355875326291,0.5733447183975523,0.40954210694844706
P_Q1,27,B,SRI6,1518,-0.003992266112237125,202.2229247904462,0.0,0.7,4350187212.375834,4350.187212375835,0.7509161418863629,0.3845305439925997
P_Q1,27,B,SRI6,1521,-1.0868144590444075,0.0,-0.6754280358780015,0.9688309653500001,136901993.66360325,136.90199366360324,0.5409328636994343,0.40954210694844706
P_Q1,27,B,SRI6,1523,-3.7332306135948786e-05,912.0053609984459,0.0,0.7000000989144622,5538376274.994313,5538.3762749943135,0.8393994378624542,0.27857829010566765
P_Q1,27,B,SRI6,1525,-1.6497755786495563,363.7466703298238,0.0,0.7,4760636950.687966,4760.636950687966,0.7388195111538053,0.394101113601594
P_Q1,27,B,SRI6,1527,-0.0009316326823065046,588.58388827307,-3.4342706731901006e-06,0.7000011995427914,5147721175.680551,5147.721175680551,0.8093713309851638,0.33642864766784086
P_Q1,27,B,SRI6,1528,-0.005167809535762557,707.8823926644126,-2.278419859154399e-06,0.7000020860519679,5307348992.476688,5307.348992476688,0.8217170099975095,0.3169673035186964
P_Q1,27,B,SRI6,1530,0.0,2100.0,-1.146270361453112,0.990576441487133,4848683591.501192,4848.6835915011925,0.8236382395844453,0.06525064930444374
P_Q1,27,B,SRI6,1531,0.0,803.3550452481826,0.0,0.7,5420995637.09181,5420.99563709181,0.8306827480698759,0.29988970719037955
P_Q1,27,B,SRI6,1532,-2.089361968630378,0.0,-0.7743573364821938,0.7011133870492241,1255158254.4654143,1255.1582544654143,0.6711851140285339,0.40954210694844706
P_Q1,27,B,SRI6,1533,-0.0018766706537651778,25.051487725566403,-0.0005042317707701777,0.7000187072329176,3271758266.2930684,3271.7582662930686,0.7156580211335254,0.40651794926530765
P_Q1,27,B,SRI6,1534,-1.8044296315539765,0.0,-0.003482549666784297,0.7364086430807648,1389157265.3820887,1389.1572653820886,0.6878001921229588,0.40954210694844706
P_Q1,27,B,SRI6,1535,0.0,729.420669136523,0.0,0.7,5333971030.379212,5333.971030379213,0.8239228661899172,0.31355178425303304
P_Q1,27,B,SRI6,1536,-0.4836465611066204,296.6500703156074,0.0,0.7000075759333653,4612419678.02205,4612.41967802205,0.7630483509446045,0.3798697833279966
P_Q1,27,B,SRI6,1537,-9.862026184279376e-05,1199.8131325186375,0.0,0.7,5804581719.9468775,5804.5817199468775,0.8591098302913865,0.21368342405806384
P_Q1,27,B,SRI6,1538,0.0,843.8846069625602,-0.0003993338537927535,0.7000443268756841,5465797290.800066,5465.797290800066,0.8344896289180631,0.2923471021453731
P_Q1,27,B,SRI6,1539,0.0,1071.2175559441666,0.0,0.7,5692463532.2214365,5692.463532221436,0.850535453801544,0.24193261465115456
P_Q1,27,B,SRI6,1540,0.0,1662.1490378932483,0.0,0.7004979145075652,6141622778.595924,6141.6227785959245,0.8830540434767139,0.11997011420642543
P_Q1,27,B,SRI6,1541,-9.840997306415207e-05,480.1537841831344,0.0,0.7,4979502115.070464,4979.502115070464,0.79731027857829,0.35251005087700565
P_Q1,27,B,SRI6,1542,0.0,2075.422690640276,-0.0027184834098165633,0.7,6390296726.590515,6390.296726590515,0.8962536023054755,0.06646031237769952
P_Q1,27,B,SRI6,1543,0.0,414.5820276849828,0.0,0.7,4863213110.853348,4863.213110853348,0.7886291671113956,0.3603728608531682
P_Q1,27,B,SRI6,1544,0.0,36.5447892434341,0.0,0.7,3429579787.2336454,3429.579787233645,0.7179706123029852,0.40484576795815996
P_Q1,27,B,SRI6,1546,0.0,142.7711835678781,0.0,0.7,4131425737.9215646,4131.425737921564,0.739815704272957,0.39136158252392644
P_Q1,27,B,SRI6,1547,-1.4950056737729107,0.0,-1.0639251116348383,0.7021829555362656,1085624810.7122593,1085.6248107122592,0.6531469029067493,0.40954210694844706
P_Q1,27,B,SRI6,1548,-0.577043185733685,283.4730837732835,-0.0021301537704887467,0.7,4579522767.884723,4579.522767884722,0.7593482050734692,0.3817910129149323
P_Q1,27,B,SRI6,1552,0.0,79.30633525948065,0.0,0.7,3800667997.9182224,3800.667997918222,0.7267940370726153,0.39908207919735306
P_Q1,27,B,SRI6,1555,-1.0410417382641306,0.0,-0.013955104580493982,0.7008522203044295,1574078634.899493,1574.078634899493,0.7090760308819867,0.40954210694844706
P_Q1,27,B,SRI6,1557,0.0,1830.5403410993845,-1.4645910026470774,0.7,5454547981.415136,5454.547981415137,0.8458391148112573,0.09460276799373821
P_Q1,27,B,SRI6,1558,-1.5086387581321896,189.2034784114419,-0.003538280112361329,0.7,4305117751.733703,4305.117751733703,0.7286441100081831,0.39922439250008884
P_Q1,27,B,SRI6,1561,0.0,1279.817334134276,0.0,0.7000025601441284,5869847904.303309,5869.847904303309,0.8645533141210376,0.19603657451880316
P_Q1,27,B,SRI6,1565,-0.006553448940960898,1224.048184619343,0.0,0.7000013877054306,5824595744.043758,5824.595744043759,0.8604262283416944,0.2096986515814566
P_Q1,27,B,SRI6,1568,0.0,2100.0,-0.5201825769108719,0.8501741693007168,5515696019.778309,5515.696019778309,0.8570818657273989,0.06525064930444374
P_Q1,27,B,SRI6,1569,-1.2800268654897873,0.0,-0.9968453584358623,0.701125694786644,1128692114.7475646,1128.6921147475646,0.6576653502686162,0.40954210694844706
P_Q1,27,B,SRI6,1570,-0.008399505232060678,0.0,-0.7675025712941888,0.8734244535384326,532984532.0237045,532.9845320237046,0.5835201195431744,0.40954210694844706
P_Q1,27,B,SRI6,1573,-2.0037793301046807,0.0,-0.6686037739998112,0.9228193870823139,339463148.1406655,339.46314814066545,0.5623154374355142,0.40954210694844706
P_Q1,27,B,SRI6,1575,0.0,2030.48915186343,-0.0027512519628505195,0.7017057158219191,6356374104.949275,6356.374104949275,0.8944391076955919,0.07005372327178284
P_Q1,27,B,SRI6,1576,0.0,948.1105666516996,-0.08749295074732866,0.7002555293524697,5551879713.633691,5551.879713633691,0.840680257587078,0.27075105845518915
P_Q1,27,B,SRI6,1577,-3.8332162922803583,0.0,-1.0639251116348383,0.7399366012748603,948019456.6282976,948.0194566282976,0.6371010780232682,0.40954210694844706
P_Q1,27,B,SRI6,1578,-0.00020361895981535483,241.2128371513426,0.0,0.7000029553042837,4468131403.886442,4468.131403886442,0.7587789518625251,0.3801899882591525
P_Q1,27,B,SRI6,1580,0.0,1786.4054625059898,-0.8233670296348727,0.7000924902698302,5873774720.222431,5873.774720222431,0.867079375244601,0.10132707154801296
P_Q1,27,B,SRI6,1581,0.0,231.04996461100976,0.0,0.7,4438868087.896868,4438.868087896868,0.7563952040416979,0.38143522965809235
P_Q1,27,B,SRI6,1582,-0.0018536174459501558,622.3238453188869,0.0,0.7000013489937956,5195175688.096833,5195.175688096833,0.8132493684847191,0.33176788700323767
P_Q1,27,B,SRI6,1583,0.0,930.438142417758,0.0,0.7003438945559675,5555404809.770439,5555.404809770439,0.8407869925641299,0.27452236097769245
P_Q1,27,B,SRI6,1586,-0.0018666622654138964,1754.0756424908786,0.0,0.7000136803927369,6202854211.564986,6202.854211564986,0.8859003095314335,0.10616572384103604
P_Q1,27,B,SRI6,1588,-2.113409526868627,0.0,-0.16773395724794327,0.991478612113817,43809889.843983315,43.80988984398331,0.5322161739068559,0.40954210694844706
P_Q1,27,B,SRI6,1590,-0.6445949011452711,228.84102876945374,0.0,0.7,4431857994.000624,4431.857994000624,0.7488881773223751,0.3873412317216352
P_Q1,27,B,SRI6,1591,0.0,256.9666422395193,0.0,0.7,4511667048.498191,4511.6670484981905,0.7614829046145088,0.3785533852776887
P_Q1,27,B,SRI6,1594,0.0,1108.6850270204627,0.0,0.7,5726152091.464684,5726.1520914646835,0.8535596114846835,0.23428327462909596
P_Q1,27,B,SRI6,1596,-0.7092169771612864,283.4730837732835,-0.0021301537704887467,0.7,4579385552.043577,4579.385552043577,0.7573558188351657,0.38367666417618385
P_Q1,27,B,SRI6,1597,-0.4891637421906999,360.59600010616157,0.0,0.7000864926492889,4755278764.253643,4755.278764253643,0.7725477639022309,0.3736435763332978
P_Q1,27,B,SRI6,1599,-0.49335348240555066,332.15790643402283,0.0,0.7000855550628453,4694188866.478611,4694.188866478611,0.7685629914256233,0.37652542071370126
P_Q1,27,B,SRI6,1605,0.0,1021.4644019987034,0.0,0.7003439492421607,5644500285.523393,5644.500285523392,0.8474045611413525,0.25353114882413635
P_Q1,27,B,SRI6,1607,-0.49778084660084193,103.7438534842481,0.0,0.7,3945930585.177056,3945.930585177056,0.7294979898245987,0.39808588607820117
P_Q1,27,B,SRI6,1610,-0.00529321537044319,779.726969240127,-5.576866203324503e-10,0.7000020860519679,5393890179.166689,5393.8901791666885,0.8282278435976802,0.3044081545522467
P_Q1,27,B,SRI6,1612,0.0,98.17281524707674,0.0,0.7,3915461718.111603,3915.4617181116027,0.7309567011776428,0.3968406446792614
P_Q1,27,B,SRI6,1613,-0.5334365348697551,473.31206788907883,0.0,0.7,4966859292.708031,4966.859292708031,0.7853915394741522,0.3624008254171559
P_Q1,27,B,SRI6,1615,0.0,1262.9510725296454,0.0,0.7000012434695468,5856358129.482567,5856.358129482567,0.8636994343046217,0.19987903369267437
P_Q1,27,B,SRI6,1620,0.0,1767.0958194375291,-0.4284181802107476,0.7620013792913525,5767326594.122454,5767.326594122454,0.8642686875155655,0.10435122923115238
P_Q1,27,B,SRI6,1621,0.0,2048.0188090201596,-1.5542194128133318,0.8605260798701341,5121872299.904536,5121.872299904536,0.8348809905005872,0.06880848187284307
P_Q1,27,B,SRI6,1622,0.0,1932.9417268867214,-0.4528033296967413,0.7659692135321255,5839242941.703715,5839.242941703716,0.8698189063222687,0.0814032091649767
P_Q1,27,B,SRI6,1624,0.0,1357.586080964832,0.0,0.7,5930343668.141808,5930.343668141808,0.8683601949692246,0.17860319493364643
P_Q1,27,B,SRI6,1625,0.0,131.1860395348204,0.0,0.7,4080928729.914026,4080.928729914026,0.7374319564521294,0.3927491372256022
P_Q1,27,B,SRI6,1627,-8.467112570690547e-06,508.19117310429726,0.0,0.7000418023081381,5025319190.64156,5025.3191906415595,0.8003344362614295,0.34827623012061043
P_Q1,27,B,SRI6,1628,-1.7781753565562766,143.7530682758624,0.0,0.7000006433510588,4134749504.179346,4134.749504179346,0.7207101433806525,0.40363610488490426
P_Q1,27,B,SRI6,1629,0.0,546.7878233023707,0.0,0.7,5085890957.872525,5085.890957872525,0.8047817269719288,0.34308179457074756
P_Q1,27,B,SRI6,1630,-5.889924574220472e-05,1427.8506711181928,-0.0046532571377449795,0.7000108485390131,5981828150.795872,5981.828150795872,0.8716689792578362,0.16312662326110933
P_Q1,27,B,SRI6,1637,0.0,997.5695202523353,-1.7752687593019254e-06,0.7,5623557959.91825,5623.55795991825,0.845732379834205,0.2596150425160992
P_Q1,27,B,SRI6,1638,-0.005925631475119332,213.55383009365462,-0.002754386546744869,0.7001334659246276,4384715593.433806,4384.715593433806,0.7530152631017186,0.3834276158963959
P_Q1,27,B,SRI6,1639,-0.0002933266223673356,570.7039976506749,0.0,0.7,5121681159.540898,5121.681159540898,0.8072722097698084,0.33895470879140427
P_Q1,27,B,SRI6,1640,-2.622969039208297,0.0,-1.1079811307226497,0.7320736309853092,951104364.7010154,951.1043647010154,0.6386665243533639,0.40954210694844706
P_Q1,27,B,SRI6,1646,-1.4180614868220272,265.40675614155055,0.0,0.7,4532862643.742078,4532.862643742078,0.7387839328281213,0.39413669192727785
P_Q1,27,B,SRI6,1648,-0.6916903750964365,169.29626307613046,0.0,0.7,4235861509.525236,4235.861509525236,0.7387483545024371,0.39296260717970627
P_Q1,27,B,SRI6,1649,0.0,1925.9063776951612,-2.397297597876763,0.7,4922280970.452077,4922.280970452077,0.8209342868324618,0.08200804070160458
P_Q1,27,B,SRI6,1651,0.0,0.0,0.0,0.7109434136071736,1524237356.3481646,1524.2373563481647,0.7030277155157078,0.40954210694844706
P_Q1,27,B,SRI6,1652,-2.295569371819097,0.0,-1.0893432176058262,0.7548950724636444,880684829.7520968,880.6848297520968,0.6289892197673177,0.40954210694844706
P_Q1,27,B,SRI6,1656,-6.484592183974083e-05,944.7016399394884,0.0,0.7,5571604399.289018,5571.604399289017,0.8421033906144378,0.271391468317501
P_Q1,27,B,SRI6,1657,0.0,1137.7658671637657,0.0,0.7,5751735097.394581,5751.73509739458,0.8553385277688832,0.2281282242857651
P_Q1,27,B,SRI6,1658,0.0,1773.1702702535486,-0.3208055105300356,0.7965781068188553,5637907973.156049,5637.907973156049,0.8581492154979188,0.10321272280926459
P_Q1,27,B,SRI6,1661,-0.0011088972622511654,1396.4354630654575,0.0,0.7000034957464923,5959589694.435844,5959.589694435845,0.8705304728359482,0.16999324011812006
P_Q1,27,B,SRI6,1662,-3.9376678621017907,0.0,-1.193521049211613,0.9228386173260922,259233321.929812,259.233321929812,0.553741060945672,0.40954210694844706
P_Q1,27,B,SRI6,1663,-3.6110125329590894e-06,1834.9209459050956,-1.7043854035136676,0.7,5261449726.774768,5261.449726774767,0.8349877254776393,0.09392677980574235
P_Q1,27,B,SRI6,1664,0.0,607.4196357161251,-0.00031902807744535813,0.7,5174394828.4456835,5174.394828445684,0.8115416088518873,0.33383142989290926
P_Q1,27,B,SRI6,1666,0.0,1832.914701143186,-0.4528033296967413,0.7616078965477516,5800711786.362608,5800.711786362608,0.8665457003593412,0.09417582808553028
P_Q1,27,B,SRI6,1668,0.0,1908.9895847446276,-1.53135112575046,0.8605260798701341,5050615836.3964405,5050.6158363964405,0.8275162770840006,0.08343117372896432
P_Q1,27,B,SRI6,1669,0.0,1805.531735974976,-0.8233670296348727,0.7000924902698302,5885525380.21593,5885.5253802159295,0.8680755683637529,0.09844522716760949
P_Q1,27,B,SRI6,1670,0.0,1776.9369743405157,-1.5542194128133318,0.7049601022277898,5335481416.213323,5335.4814162133225,0.8370512683673107,0.10285693955242466
P_Q1,27,B,SRI12,0,0.0,210.42164188865073,0.0,0.7,4415147185.44615,4415.14718544615,0.7575692887892698,0.38303625431387195
P_Q1,27,B,SRI12,2,0.0,1875.9306229186197,-1.896198140441729,0.7118796691653498,5196306361.570357,5196.306361570358,0.8502508271960721,0.09033336891165901
P_Q1,27,B,SRI12,3,0.0,287.28550605950034,0.0,0.7,4628941317.154604,4628.941317154604,0.7737218486498024,0.3745330344753975
P_Q1,27,B,SRI12,4,0.0,360.49225602005623,0.0,0.7,4795148599.530062,4795.148599530062,0.7874195040381401,0.36581634468281915
P_Q1,27,B,SRI12,5,0.0,847.1256629485267,0.0,0.7,5509020745.395628,5509.020745395628,0.8456612231828369,0.28989219767317753
P_Q1,27,B,SRI12,6,-4.0,0.0,0.0,0.7304777710899678,1455529356.4929874,1455.5293564929873,0.6948447006083893,0.40954210694844706
P_Q1,27,B,SRI12,7,0.0,1109.8891080749975,0.0,0.7,5766788971.278797,5766.788971278797,0.8660120254740812,0.23300245490447213
P_Q1,27,B,SRI12,8,-1.5634357481222008,0.0,-0.5102386242966723,0.9603774646204843,190480689.0514104,190.4806890514104,0.5461984559006653,0.40954210694844706
P_Q1,27,B,SRI12,10,-0.6502466920414585,0.0,-0.801968019642394,0.9594923000921245,175160784.21485335,175.16078421485335,0.5448464795246737,0.40954210694844706
P_Q1,27,B,SRI12,11,0.0,1566.524605724617,-0.7384478330468869,0.7,5831524236.085812,5831.524236085812,0.8796029458853667,0.1377236987227381
P_Q1,27,B,SRI12,12,-0.36616821688743517,340.8370598780077,0.0,0.7,4753093752.691463,4753.093752691463,0.7787383925712457,0.37250506991141
P_Q1,27,B,SRI12,13,0.0,1782.265254664762,-2.1191955940144127,0.7,5016091290.832311,5016.091290832311,0.8370156900416267,0.10399544597431248
P_Q1,27,B,SRI12,14,0.0,1565.6558601571378,-1.3654069922318235,0.7088652989312227,5402032999.403322,5402.032999403322,0.8539865513928914,0.1377592770484221
P_Q1,27,B,SRI12,16,0.0,200.66091953649612,0.0,0.7,4383929887.831841,4383.929887831841,0.7556124808766502,0.3837478208275518
P_Q1,27,B,SRI12,17,0.0,1835.6233076411131,-0.9416093984311042,0.7,5889387689.50319,5889.38768950319,0.8846550681324936,0.09591916604404599
P_Q1,27,B,SRI12,18,0.0,992.357337211925,-8.103147967259208e-05,0.7,5658102198.221203,5658.102198221203,0.8569039740989788,0.2595794641904152
P_Q1,27,B,SRI12,21,0.0,1941.5560642509536,-0.6083838035120841,0.7,6127182835.04889,6127.18283504889,0.8978190486355713,0.08328886042622834
P_Q1,27,B,SRI12,22,-0.015100557034490258,1440.6827062230284,0.0,0.7,6032170325.668767,6032.170325668767,0.8875013341872132,0.16060056213754587
P_Q1,27,B,SRI12,23,-0.00731877040016198,0.0,-1.3502893022611477,0.7846784661441062,679452293.7099938,679.4522937099938,0.6063258263066141,0.40954210694844706
P_Q1,27,B,SRI12,24,-0.046764125244702415,193.07083794685798,-0.0001811000754062906,0.7004408935408357,4356417393.226376,4356.417393226376,0.7534777813356103,0.38509979720354365
P_Q1,27,B,SRI12,29,0.0,539.500478903263,0.0,0.7,5113776316.601324,5113.776316601324,0.812929163553563,0.34254811968548776
P_Q1,27,B,SRI12,31,-0.15721066392893235,339.69841967586706,0.0,0.7,4750716731.733839,4750.716731733839,0.781762550254385,0.3700857437648984
P_Q1,27,B,SRI12,34,0.0,1011.6765745343884,0.0,0.7,5676662334.8722105,5676.6623348722105,0.8583982637777068,0.2545984985946561
P_Q1,27,B,SRI12,35,0.0,29.34373750491129,0.0,0.7,3374758734.0163755,3374.7587340163755,0.7199274202156047,0.40587753940299576
P_Q1,27,B,SRI12,36,-0.0011937400490663963,1812.3726449680464,-1.7069776875061144,0.7059753753338953,5308849526.354852,5308.849526354852,0.856299142562351,0.09940584196107732
P_Q1,27,B,SRI12,37,0.0,1995.3523185810277,-0.000501020328999454,0.7,6387080088.992987,6387.080088992987,0.9097377877397088,0.07684918347742553
P_Q1,27,B,SRI12,38,0.0,1546.846717972264,-1.4376247955713846,0.7,5361486062.62107,5361.48606262107,0.8514604902693279,0.14071227808019351
P_Q1,27,B,SRI12,39,0.0,2086.3084839443063,-2.1195464200576186,0.7045776220607519,5187598752.660042,5187.598752660042,0.8551962144661471,0.06873732522147508
P_Q1,27,B,SRI12,42,-0.052073142504182934,99.0259864419316,0.0,0.7,3958856120.987163,3958.856120987163,0.7354751485395096,0.39659159639947345
P_Q1,27,B,SRI12,43,-4.0,0.0,-0.23385869642409507,0.9960526579742844,20596583.87268054,20.59658387268054,0.5294766428291885,0.40954210694844706
P_Q1,27,B,SRI12,44,-0.044061191108133,0.0,-1.3090090773277896,0.7052237726898822,960431596.9143736,960.4315969143736,0.6397694524495678,0.40954210694844706
P_Q1,27,B,SRI12,46,0.0,1471.5864615199937,0.0,0.7,6054515657.520777,6054.515657520777,0.8888888888888891,0.1547657167253709
P_Q1,27,B,SRI12,47,-0.044325531414036695,168.15024748701936,0.0,0.7,4270723064.0570674,4270.723064057067,0.7488170206710073,0.3878749066068951
P_Q1,27,B,SRI12,48,0.0,961.4826118870674,-0.002137794649074598,0.7,5627282509.934382,5627.282509934383,0.8544134913010994,0.26566335788237805
P_Q1,27,B,SRI12,49,-0.05864994180449363,1898.1169462325322,-2.1196980245450145,0.7107196175333227,5071990994.451204,5071.990994451205,0.8407158359127619,0.09335752659479846
P_Q1,27,B,SRI12,51,-0.01234755124355218,2100.0,-0.004950511078868441,0.7435415284311566,6208286723.509375,6208.2867235093745,0.9033692674422741,0.06895079517557905
P_Q1,27,B,SRI12,55,0.0,731.9581729846872,-0.002126276076850987,0.7,5375714930.440865,5375.714930440865,0.8343117372896433,0.3110968797808375
P_Q1,27,B,SRI12,56,0.0,750.0064241529653,0.0,0.7,5398094786.464222,5398.094786464222,0.8362329668765788,0.30732557725833415
P_Q1,27,B,SRI12,57,-0.0017104014733070796,41.89649105878354,-0.009627911808567813,0.7,3526406382.7727776,3526.4063827727778,0.722773686270324,0.4039918881417441
P_Q1,27,B,SRI12,58,-1.639293506580149,0.0,-1.1210278058776044,0.7060195492837591,1091718361.5040646,1091.7183615040647,0.6549258191909488,0.40954210694844706
P_Q1,27,B,SRI12,59,-0.00424135707113404,2082.064420477134,-1.6164054669491799,0.750104325655583,5424664826.811488,5424.664826811488,0.8679688333867008,0.06912868680399899
P_Q1,27,B,SRI12,60,0.0,1586.5242140666685,-1.1619601318079482,0.7454638380835029,5430594952.860511,5430.594952860511,0.8550539011634112,0.13416586615433876
P_Q1,27,B,SRI12,62,-0.004918738802433903,1932.5644018566884,0.0,0.7,6351154382.348329,6351.154382348329,0.9078521364784572,0.08424947521969615
P_Q1,27,B,SRI12,63,-0.0004180920312920689,1658.416577049147,-2.113200078302427,0.7,4941222051.000871,4941.222051000871,0.8278364820151561,0.12189134379336108
P_Q1,27,B,SRI12,64,0.0,1630.5711370554873,-0.5729375343241117,0.7,5952395690.169313,5952.395690169314,0.8849752730636495,0.1265876827836482
P_Q1,27,B,SRI12,65,-0.04532858550649238,429.7553243626885,0.0,0.7,4930175642.390922,4930.175642390922,0.7977372184864981,0.35752659479844884
P_Q1,27,B,SRI12,66,-0.009512242690404765,620.0475729056903,0.0,0.7,5231106621.561632,5231.106621561632,0.8225708898139251,0.33038033230156183
P_Q1,27,B,SRI12,67,-0.0042145782527037825,1694.5829713885155,-1.6076408907672504,0.7,5324920765.028449,5324.920765028449,0.8533461415305795,0.11580745010139824
P_Q1,27,B,SRI12,68,-0.13049528701744287,250.59944870301803,0.0,0.7,4533142055.56616,4533.14205556616,0.7647561105774362,0.37951400007115665
P_Q1,27,B,SRI12,69,0.0,1602.4578569402036,-0.5729375343241117,0.7001419388956813,5932993146.187755,5932.993146187755,0.8834098267335538,0.13110613014551534
P_Q1,27,B,SRI12,70,-2.8559939148086224,0.0,-0.7759513151174566,0.7032215611114538,1297793152.489715,1297.793152489715,0.6775536343259687,0.40954210694844706
P_Q1,27,B,SRI12,71,-0.5029532459097114,0.0,-1.126168370407451,0.8485903836157598,560198540.7940739,560.1985407940739,0.5888924467214572,0.40954210694844706
P_Q1,27,B,SRI12,72,-0.00048065938281095175,1919.0071451651854,-1.1938649067360299,0.7,5778435422.544737,5778.435422544737,0.8806347173302024,0.08538798164158393
P_Q1,27,B,SRI12,73,-0.0024516661037589545,479.92026503847615,-0.007124964940148193,0.7,5016246594.624651,5016.246594624651,0.8055288718112926,0.35083786956985796
P_Q1,27,B,SRI12,74,-0.004747451433327877,1871.8200922121302,-1.4334448880334307,0.7172189287752568,5523074977.816079,5523.074977816079,0.8678620984096488,0.09068915216849892
P_Q1,27,B,SRI12,75,0.0,1836.7548510723716,-1.2304744001405405,0.7012015930316423,5698008405.863082,5698.008405863082,0.8746575586152915,0.09581243106699401
P_Q1,27,B,SRI12,77,-5.111496425695304e-05,2100.0,-1.3925821076290106,0.7,5734152802.593071,5734.152802593071,0.8814530188209344,0.0680613370334792
P_Q1,27,B,SRI12,78,-0.016760140679115826,2069.252261024425,-1.4495468643051552,0.7119510282769969,5641124986.3316965,5641.124986331696,0.8768634148076992,0.07065855480841073
P_Q1,27,B,SRI12,79,0.0,0.0,-1.3335014784971635,0.7304097891387819,861667454.1697454,861.6674541697455,0.6286690148361619,0.40954210694844706
P_Q1,27,B,SRI12,80,-7.015037046245644e-05,1913.5514963139885,-1.3800650700747399,0.7082263305842295,5613191570.948061,5613.191570948061,0.8733767388906677,0.08585049987547586
P_Q1,27,B,SRI12,81,-0.0033165305328421045,1278.8497176204924,0.0,0.7,5908907423.08897,5908.90742308897,0.8785000177891626,0.1955740562849112
P_Q1,27,B,SRI12,82,-0.0014324130678053956,1853.4925258222743,-1.2473626988556985,0.7152798232037182,5649841619.539363,5649.841619539363,0.872807485679724,0.09339310492048244
P_Q1,27,B,SRI12,83,-0.011558487492516922,1934.5577438674864,-1.8803229161460222,0.7,5261179453.673301,5261.1794536733005,0.8558010460027752,0.08467641512790408
P_Q1,27,B,SRI12,84,0.0,417.0344750463712,-0.0013331810970873548,0.7005447980686049,4903636665.008156,4903.636665008155,0.7964563987618741,0.35873625787170454
P_Q1,27,B,SRI12,85,0.0,1864.9175300181184,-0.004508109764314483,0.7,6310108468.973452,6310.108468973452,0.9055039669833137,0.09172092361333473
P_Q1,27,B,SRI12,87,-0.6502466920414585,0.0,-1.1136154907554423,0.8762610115986925,461375320.85471654,461.37532085471656,0.5764044544063757,0.40954210694844706
P_Q1,27,B,SRI12,88,-0.0017104014733070796,380.6613695297067,-0.009627911808567813,0.7,4834062197.593894,4834.062197593894,0.7904792400469633,0.3628633436510477
P_Q1,27,B,SRI12,89,-0.0022351019909420677,1186.710471144577,0.0,0.7004732358342858,5830777283.254231,5830.777283254231,0.8711708826982603,0.21588928025047138
P_Q1,27,B,SRI12,92,-1.9347547399659537,0.0,-1.0681290666265713,0.9845408013287328,59152638.234810784,59.15263823481079,0.5342441384708435,0.40954210694844706
P_Q1,27,B,SRI12,93,-0.7189185453390046,0.0,-1.422618008549935,0.830357684621205,503783233.5706487,503.78323357064875,0.5816344682819227,0.40954210694844706
P_Q1,27,B,SRI12,94,-0.005370316655100977,1689.0970741838908,-0.8913189525500211,0.7048220968456067,5805757909.130278,5805.757909130278,0.8799587291422065,0.11683922154623404
P_Q1,27,B,SRI12,95,0.0,1079.392231833048,0.0,0.7,5739490543.741807,5739.490543741807,0.8633436510477817,0.23919308357348704
P_Q1,27,B,SRI12,96,-0.004747451433327877,1872.8502759016003,-1.4334448880334307,0.7809065577296788,5335363475.514174,5335.363475514175,0.8589319386629667,0.09061799551713093
P_Q1,27,B,SRI12,97,-0.02306246650576514,1898.8804999503493,-2.0570211527070548,0.7001894023690782,5124200616.127436,5124.200616127436,0.8465506813249367,0.08819866937061942
P_Q1,27,B,SRI12,102,-0.007220649295020623,156.33459792756275,0.0,0.7002081898585059,4224331029.9016504,4224.33102990165,0.7466467428042836,0.3895115095883589
P_Q1,27,B,SRI12,103,0.0,1616.1456701215482,-0.954932126883472,0.7209194996697509,5657721914.572859,5657.721914572859,0.8697121713452164,0.12904258725584375
P_Q1,27,B,SRI12,104,0.0,1999.9260283504684,-2.0972495999483143,0.7,5158212749.063525,5158.212749063525,0.8518874301775358,0.07620877361511366
P_Q1,27,B,SRI12,105,0.0,558.8411036084501,-0.003738789713197913,0.7,5142127213.363109,5142.127213363108,0.8152773330487066,0.33902586544277225
P_Q1,27,B,SRI12,106,-0.005370316655100977,1689.0970741838908,-0.9421035636841536,0.7048220968456067,5778106166.750973,5778.106166750973,0.8777172946241149,0.11683922154623404
P_Q1,27,B,SRI12,107,0.0,1656.160203496869,-1.6788822898650424,0.7000548155602951,5242148407.73001,5242.14840773001,0.8479738143522966,0.12228270537588502
P_Q1,27,B,SRI12,108,0.0,1938.2426756358957,-1.990647512681447,0.7001368156150567,5193692964.983251,5193.692964983251,0.8524566833884797,0.0835379087060163
P_Q1,27,B,SRI12,109,-3.114256525812489,0.0,-0.036803560966787566,0.7005494780854313,1607617766.2095773,1607.6177662095772,0.7118867186110222,0.40954210694844706
P_Q1,27,B,SRI12,110,-1.682216390427718,0.0,-1.3090090773277896,0.78242000114374,708948221.467604,708.9482214676041,0.6097413455722774,0.40954210694844706
P_Q1,27,B,SRI12,111,-0.007723316272399222,0.0,-1.285494746196223,0.7,997168592.3191656,997.1685923191656,0.6441811648343828,0.40954210694844706
P_Q1,27,B,SRI12,112,0.0,1499.1496372978886,-1.4714494491946586,0.7,5308040746.876149,5308.04074687615,0.8467641512790408,0.14939338954708795
P_Q1,27,B,SRI12,113,-0.0018864370945782885,1153.406292247284,0.0,0.7013868725031358,5797411053.646079,5797.411053646079,0.8683601949692247,0.22353862027253
P_Q1,27,B,SRI12,114,-0.007220649295020623,136.31525783645225,-0.01219971730423186,0.7,4139212296.867756,4139.212296867756,0.7429465969331482,0.3918596790835024
P_Q1,27,B,SRI12,115,-0.046764125244702415,602.4367741731978,-0.00018093181570040932,0.700015124770976,5206327253.071813,5206.327253071812,0.8194044188280499,0.3336179599388052
P_Q1,27,B,SRI12,116,0.0,0.0,-0.6980857122284829,0.702767583066067,1342457379.5611057,1342.4573795611057,0.6823922866189918,0.40954210694844706
P_Q1,27,B,SRI12,117,-0.004896847417201526,1043.98287522137,-0.0021039353655217807,0.7000256822608125,5706331042.661493,5706.3310426614935,0.8608531682499021,0.24684242359554553
P_Q1,27,B,SRI12,118,-3.0749936970699866e-05,1870.1687468580865,-1.4334448880334307,0.7049840777878362,5558199033.6907215,5558.199033690721,0.8694275447397446,0.0909026221226029
P_Q1,27,B,SRI12,120,0.0,907.678714288495,0.0,0.700154872002752,5572531951.952208,5572.531951952207,0.8501085138933362,0.2777599886149358
P_Q1,27,B,SRI12,121,-0.004747451433327877,1870.1687468580865,-1.4334448880334307,0.7870770338120283,5315514574.795323,5315.514574795324,0.8577222755897108,0.0909026221226029
P_Q1,27,B,SRI12,122,-0.38872707762514014,23.129104505654993,-0.0039320258510250755,0.7,3277682373.9799986,3277.6823739799984,0.718041768954353,0.4068737325221476
P_Q1,27,B,SRI12,123,0.0,1978.9770946045305,-1.7816825636371814,0.7119073756617981,5340732400.89872,5340.73240089872,0.8611733731810581,0.07880599139004517
P_Q1,27,B,SRI12,124,0.0,2100.0,-0.8329991931938957,0.7,6103846237.994481,6103.846237994481,0.898317145195147,0.0680613370334792
P_Q1,27,B,SRI12,125,0.0,2083.9300995552658,-1.1784398937578782,0.7326611993920279,5766699094.989014,5766.699094989013,0.8833386700821859,0.06895079517557902
P_Q1,27,B,SRI12,126,-1.0526324173617034,0.0,-0.07252655811628106,0.7037121624411004,1582702524.2367177,1582.7025242367176,0.7090048742306189,0.40954210694844706
P_Q1,27,B,SRI12,127,0.0,2086.0082895430774,-0.882765165693731,0.7045776220607519,6046494103.292662,6046.494103292662,0.8954353008147435,0.06880848187284305
P_Q1,27,B,SRI12,128,-0.0011607951638516094,1785.7399398193365,-1.4286661754422025,0.7151180623399374,5479431507.295922,5479.4315072959225,0.8641975308641975,0.10328387946063258
P_Q1,27,B,SRI12,129,0.0,1586.5242140666685,-0.0009507248454981541,0.7013573726160744,6127035377.516999,6127.035377517,0.8940477461130679,0.13416586615433876
P_Q1,27,B,SRI12,130,0.0,1978.9770946045305,-2.158322146355282,0.7204864641781741,5086252271.932342,5086.2522719323415,0.8480093926779806,0.07880599139004517
P_Q1,27,B,SRI12,131,-0.005364044940401401,1459.0993835850245,-0.48436249035138645,0.7,5876625564.148621,5876.6255641486205,0.8777528729497989,0.15725619952325046
P_Q1,27,B,SRI12,132,-0.007404729091533146,1589.0160002360146,-1.403753799965051,0.719017797376353,5357793501.178081,5357.793501178081,0.852065321805956,0.13363219126907888
P_Q1,27,B,SRI12,135,-0.39816012072849755,265.74161532387575,0.0,0.7,4573780941.308712,4573.780941308712,0.7643291706692283,0.38043903653894057
P_Q1,27,B,SRI12,137,-0.012307563439384946,51.49751476745529,-0.00014778793635240178,0.7,3624074654.699063,3624.0746546990626,0.7251930124168356,0.4028178033941722
P_Q1,27,B,SRI12,138,-0.02306246650576514,1783.6241019906386,-2.0570211527070548,0.700186577993854,5054483852.382145,5054.4838523821445,0.8390436546056144,0.10413775927704841
P_Q1,27,B,SRI12,139,-0.03179353620986003,0.0,-0.6395372651274774,0.7005515028423953,1375119288.5791118,1375.1192885791118,0.685701070907603,0.40954210694844706
P_Q1,27,B,SRI12,140,-0.6293857583378872,0.0,-1.1798566450017498,0.7124969976203769,1024678111.8725282,1024.6781118725282,0.6471341658661544,0.40954210694844706
P_Q1,27,B,SRI12,141,-0.0016927466215029205,83.7349898641329,-8.365519662985094e-05,0.7001499225430441,3867151718.4633203,3867.1517184633203,0.7318105809940584,0.3982281993809372
P_Q1,27,B,SRI12,142,0.0,1661.4337812236313,-0.9609977956104008,0.7494412066338036,5568975482.715714,5568.975482715715,0.8663678087309212,0.12117977727968123
P_Q1,27,B,SRI12,144,-0.014618372693859736,1916.9865722952702,-1.2151842403420767,0.7000041217965203,5761366463.724696,5761.366463724697,0.8801366207706265,0.08613512648094777
P_Q1,27,B,SRI12,148,0.0,0.0,-0.5919958983020932,0.7,1401339166.0304732,1401.3391660304733,0.6886184936136905,0.40954210694844706
P_Q1,27,B,SRI12,150,0.0,1641.5570173579526,0.0,0.7,6171239839.08105,6171.2398390810495,0.8972497954246273,0.12452413989397658
P_Q1,27,B,SRI12,151,-0.0004180920312920689,1966.763808340515,-2.113200078302427,0.7,5130534044.568126,5130.534044568126,0.8493613690539722,0.0802647027430889
P_Q1,27,B,SRI12,152,0.0,73.81822124688999,0.0,0.7,3801985349.518518,3801.985349518518,0.7301739780125948,0.3997224890596648
P_Q1,27,B,SRI12,153,0.0,1916.6687461348063,-0.8790543627861191,0.7,5972788843.989122,5972.788843989122,0.8906678051730884,0.08560145159568791
P_Q1,27,B,SRI12,157,-0.0030000806222049772,490.8329057020212,0.0,0.7000709207126955,5035886431.063393,5035.886431063393,0.8070231614900203,0.3490589532856583
P_Q1,27,B,SRI12,159,0.0,1548.549748697532,-1.1803946414440571,0.7,5552854316.31486,5552.854316314861,0.8606396982957983,0.14056996477745756
P_Q1,27,B,SRI12,160,-0.38170246154691617,178.97274130263673,0.0,0.7,4310039608.108821,4310.039608108821,0.7477496709004874,0.3889778347030988
P_Q1,27,B,SRI12,161,0.0,1944.8353916904275,-0.6990148369363064,0.7528442888751244,5851227558.541972,5851.227558541972,0.8861493578112213,0.08279076386665242
P_Q1,27,B,SRI12,162,-0.023315617729079353,1685.9631980754552,-2.0570211527070548,0.7002261799794024,4992396986.145791,4992.396986145791,0.8316789411890276,0.11779983633970185
P_Q1,27,B,SRI12,163,-0.00027259001736235815,1978.7901211634526,-0.9597632895131714,0.719960681546639,5882261795.353926,5882.261795353926,0.8864339844166933,0.07887714804141314
P_Q1,27,B,SRI12,164,-0.00387478526766908,1777.051859873109,-0.867717407398841,0.7,5894571065.227767,5894.571065227767,0.8851531646920695,0.10452912085957237
P_Q1,27,B,SRI12,165,-0.005621509560169765,1694.5829713885155,-1.5400935545604255,0.7,5381733708.90709,5381.73370890709,0.8569039740989791,0.11580745010139824
P_Q1,27,B,SRI12,166,-0.00010023276619839944,1554.238463718148,-1.1910962177992634,0.7147681202793237,5496493366.757124,5496.493366757124,0.8579713238694986,0.13932472337851778
P_Q1,27,B,SRI12,167,-0.00958491761299053,1854.2198378177904,-1.1966874457149457,0.7028572292726565,5726255730.290874,5726.2557302908735,0.876827836482015,0.09328636994343044
P_Q1,27,B,SRI12,168,0.0,786.9245284409678,0.0,0.7,5441496268.72788,5441.496268727879,0.8399686910733981,0.30102821361226734
P_Q1,27,B,SRI12,169,0.0,1743.839868179237,-1.713072552778851,0.719801639409082,5229128636.425325,5229.128636425326,0.8496815739851281,0.10897641157007151
P_Q1,27,B,SRI12,170,-0.000534810303164171,1835.9908854207004,-1.3426611992579713,0.7007439661600963,5619440676.516117,5619.4406765161175,0.8715978226064682,0.09591916604404599
P_Q1,27,B,SRI12,171,-0.07385974582672254,1665.4160811794673,0.0,0.7,6186569071.196663,6186.569071196663,0.8959689757000036,0.12616074287544027
P_Q1,27,B,SRI12,172,-0.009450775220634786,1577.0778182258164,-1.3502893022611477,0.7002157219198945,5448850435.289092,5448.850435289092,0.8571886007044507,0.13601593908990642
P_Q1,27,B,SRI12,173,-0.0013848003155219751,1679.4876607190618,-2.221154280811097,0.8270362582773757,4754085969.257585,4754.085969257585,0.8177322375209023,0.11822677624790977
P_Q1,27,B,SRI12,174,-1.5067517063176346e-05,1834.7003898491696,-2.146211101353371,0.7000390885996794,5033053333.6704445,5033.053333670445,0.840395630981606,0.09616821432383392
P_Q1,27,B,SRI12,175,-3.9981349635369217,0.0,-0.7373283575211642,0.7041459621275665,1315698330.8993814,1315.6983308993813,0.6784786707937526,0.40954210694844706
P_Q1,27,B,SRI12,176,-0.013322639134120389,1779.1809009742253,-1.3333382453538891,0.70135335347246,5588965743.235424,5588.965743235424,0.8687515565517486,0.10467143416230834
P_Q1,27,B,SRI12,177,-0.0005804329776885088,1901.032020131356,-2.1456019383655507,0.7000245494554879,5073011619.37786,5073.01161937786,0.844451560109581,0.08734478955420358
P_Q1,27,B,SRI12,178,0.0,1528.7548487594656,-0.9476288009583864,0.7209194996697509,5601733534.842546,5601.733534842547,0.8642331091898813,0.14387874906606893
P_Q1,27,B,SRI12,179,-0.0009693308808124939,462.7177678578625,-0.0021296605485350614,0.7003799261614796,4986169449.373905,4986.169449373905,0.803109545664781,0.3529369907852136
P_Q1,27,B,SRI12,182,-0.005370316655100977,1538.0682998334635,-0.8913189525500211,0.7048220968456067,5704844207.208704,5704.844207208704,0.8707795211157362,0.14238445938734123
P_Q1,27,B,SRI12,183,-0.0015650253693193497,1736.9026416039453,-1.3071047807531628,0.7306849034524582,5486462645.86678,5486.46264586678,0.8626320845341019,0.10986586971217134
P_Q1,27,B,SRI12,184,-1.1551046703189193e-06,1641.5570173579526,-1.3110992877741985,0.7,5522742221.8659525,5522.742221865952,0.862311879602946,0.12452413989397658
P_Q1,27,B,SRI12,187,-1.526773974596643e-05,2046.716091935849,-2.1224713838240623,0.7000446553737264,5169107883.699111,5169.107883699111,0.8532038282278437,0.07172590457893051
P_Q1,27,B,SRI12,192,-0.0004180920312920689,1860.0753540792396,-2.115427398977565,0.7,5066366705.243502,5066.366705243502,0.8426370654996974,0.0923613334756466
P_Q1,27,B,SRI12,196,-4.0,0.0,-0.03529055400203723,0.7302292689998506,1448579607.853187,1448.579607853187,0.6944177607001814,0.40954210694844706
P_Q1,27,B,SRI12,197,-0.05599241470854588,664.9455732282443,0.0,0.7002997102252413,5289831696.104362,5289.831696104362,0.8259864090795888,0.3241541253068631
P_Q1,27,B,SRI12,198,-0.46501267426461446,0.0,-1.3714706535474854,0.8184561319497556,562933352.3854698,562.9333523854698,0.5896395915608211,0.40954210694844706
P_Q1,27,B,SRI12,199,-0.029627727045387915,1665.2218770823026,-2.022161301952456,0.7081406381065933,4992607144.113522,4992.607144113522,0.8306115914185078,0.12093072899989324
P_Q1,27,B,SRI12,201,0.0,1579.140283071149,-0.8002124933526416,0.7001010721974463,5802973250.14103,5802.97325014103,0.878001921229587,0.13576689081011847
P_Q1,27,B,SRI12,202,-0.00012712605755865747,1576.2843692713197,-1.0682763729854767,0.7093061819673044,5613487152.256282,5613.487152256282,0.8661899171025012,0.1361938307183264
P_Q1,27,B,SRI12,204,0.0,1982.1844255696176,-1.6603903155770798,0.7823926328352454,5264253197.982766,5264.253197982766,0.8587184687088625,0.07852136478457324
P_Q1,27,B,SRI12,205,-0.0011607951638516094,1786.0645313736102,-1.4286661754422025,0.7008733073019102,5521831202.158619,5521.831202158619,0.8657985555199772,0.1032127228092646
P_Q1,27,B,SRI12,206,-0.004361298692266815,2044.9727658692573,-0.867717407398841,0.7488439916900711,5846162235.875091,5846.162235875091,0.8872167075817411,0.07201053118440247
P_Q1,27,B,SRI12,207,-1.6909784685699945e-06,1661.4337812236313,-0.9609977956104008,0.701619967469189,5762240026.688963,5762.240026688963,0.8762230049453871,0.12117977727968123
P_Q1,27,B,SRI12,209,-3.8771300523815615,0.0,-0.8741118736907967,0.7048013151455543,1235480721.6170738,1235.4807216170739,0.670046607606646,0.40954210694844706
P_Q1,27,B,SRI12,210,-0.08776996713658122,719.17894083063,-0.00053483775682806,0.7001403955352126,5359515851.705174,5359.515851705174,0.8312875796065037,0.31497491728039284
P_Q1,27,B,SRI12,211,-0.0005082554008364604,929.7779712921067,0.0,0.7000087955987051,5595975571.014108,5595.975571014108,0.8520297434802716,0.27313480627601666
P_Q1,27,B,SRI12,214,-4.0,0.0,-2.0615443051935975,0.705196159703668,409889413.64068496,409.88941364068495,0.5723129469527165,0.40954210694844706
P_Q1,27,B,SRI12,216,-5.028562490041083e-06,1974.3326741200099,-1.1496722108202535,0.7,5846012164.831214,5846.012164831214,0.8845483331554418,0.07941082292667305
P_Q1,27,B,SRI12,217,0.0,1478.5572404234094,-0.9290201050228886,0.7,5663052800.026026,5663.052800026026,0.8669726402675488,0.15334258369801115
P_Q1,27,B,SRI12,218,-0.0004180920312920689,1620.412491757318,-2.113200078302427,0.7,4916063882.272688,4916.063882272688,0.8252036859145411,0.12843775571921587
P_Q1,27,B,SRI12,219,0.0,1791.706313606667,-0.9410216995649713,0.7,5863527880.024988,5863.527880024988,0.8830540434767141,0.10186074643327282
P_Q1,27,B,SRI12,220,-0.028937225642927014,1679.491778622979,-2.1541144355103534,0.7900705661539981,4821056517.250368,4821.056517250368,0.8214323833920376,0.1186537161561177
P_Q1,27,B,SRI12,221,0.0,0.0,-1.4011683158155523,0.7190553837829334,849084108.0428962,849.0841080428961,0.6261073753869143,0.40954210694844706
P_Q1,27,B,SRI12,222,0.0,1643.1903178639811,-1.1265353921321466,0.7389064378971693,5512928379.20796,5512.9283792079605,0.861315686483794,0.12434624826555662
P_Q1,27,B,SRI12,224,-0.015477026220506613,838.0489703410024,0.0,0.703088068444504,5482283504.148563,5482.283504148563,0.8430640054079055,0.2914932223289572
P_Q1,27,B,SRI12,225,-0.0066950407726982,1921.8631449440202,-0.6766233038698832,0.7021261743717117,6075910495.519365,6075.910495519365,0.8955420357917957,0.08521009001316396
P_Q1,27,B,SRI12,226,0.0,2067.3298294027163,-1.4136323265408974,0.7015281525644006,5695928130.508889,5695.928130508889,0.8791048493257908,0.06998256662041485
P_Q1,27,B,SRI12,227,-3.14949812058804e-05,1707.3646489175744,-1.9373618824295953,0.7003286924809867,5084710478.17357,5084.71047817357,0.8380830398121463,0.11413526879425052
P_Q1,27,B,SRI12,228,-0.0036976324450826853,339.2593500435218,0.0,0.7,4749835390.825866,4749.835390825866,0.7837905148183727,0.36852029743480264
P_Q1,27,B,SRI12,229,-2.295972468220687e-06,1499.1084379437543,-1.4160475761398135,0.7024863803094825,5336749665.076258,5336.749665076258,0.8479026577009287,0.1494289678727719
P_Q1,27,B,SRI12,230,-0.2842063723383425,91.06008123260986,-1.07581391920568e-06,0.7,3912919680.8385463,3912.9196808385464,0.7323086775536344,0.39812146440388524
P_Q1,27,B,SRI12,231,-0.032924996000299245,0.0,-1.0185021925808497,0.7,1175349403.6889157,1175.3494036889158,0.6646742804283631,0.40954210694844706
P_Q1,27,B,SRI12,232,0.0,1785.1774589668187,-0.8178138667281779,0.7,5928577708.950114,5928.577708950114,0.8867541893478493,0.10349734941473654
P_Q1,27,B,SRI12,233,-0.04695035129201819,0.0,-0.9636400696364564,0.7047407084242319,1186439489.0461094,1186.4394890461094,0.6657060518731988,0.40954210694844706
P_Q1,27,B,SRI12,234,0.0,1643.1903178639811,-1.1335469667235079,0.7095334439490613,5618211465.122224,5618.211465122224,0.8673640018500729,0.12434624826555662
P_Q1,27,B,SRI12,236,-0.012448692218997434,314.88501924834355,0.0,0.7,4695030651.877431,4695.0306518774305,0.7788807058739815,0.37108193688405017
P_Q1,27,B,SRI12,238,-0.00039269539568553987,1658.416577049147,-0.7981668144113898,0.7,5857562478.950287,5857.562478950287,0.8821290070089302,0.12189134379336108
P_Q1,27,B,SRI12,239,0.0,1762.4962700198066,-2.15174654027522,0.7084170867092252,4975065161.010874,4975.065161010873,0.8342050023125912,0.10673497705197993
P_Q1,27,B,SRI12,240,-3.8429004596686944e-05,1621.8778717184891,-1.3417896939428406,0.714306931547895,5441148395.316357,5441.148395316357,0.8577578539153947,0.12825986409079587
P_Q1,27,B,SRI12,241,0.0,1210.0686764826366,-0.0020645951627791094,0.7002703101420569,5850873293.322488,5850.873293322488,0.873020955633828,0.21051695307218843
P_Q1,27,B,SRI12,242,0.0,1886.5831216505683,-1.404095213240643,0.7005026769999573,5602296885.332244,5602.296885332244,0.8718112925605721,0.08908812751271923
P_Q1,27,B,SRI12,244,-4.0905088343183614e-05,1714.4577017818056,-1.163900111418652,0.7,5677451301.412844,5677.451301412843,0.8718824492119401,0.1127832924182588
P_Q1,27,B,SRI12,245,-0.0037105679762274085,1919.2138368664416,-0.7706908954387091,0.7049521465262545,6014493400.115454,6014.493400115453,0.893229444622336,0.08535240331589994
P_Q1,27,B,SRI12,246,-0.00012016721033618685,1936.4494281807138,-0.8398078207019268,0.7000986222052851,6006159475.04344,6006.15947504344,0.892838083039812,0.08378695698580427
P_Q1,27,B,SRI12,248,-0.001635556269831529,1737.7991423809858,-2.113200078302427,0.7,4992391636.6922245,4992.391636692225,0.8337424840786993,0.10972355640943537
P_Q1,27,B,SRI12,249,0.0,1583.7854477257295,-0.6083838035120841,0.701089107391408,5898361301.761401,5898.361301761402,0.8818443804034581,0.13480627601665068
P_Q1,27,B,SRI12,251,-6.042142728530215e-05,2090.3853479051927,-1.717340269839923,0.7,5474454762.768672,5474.454762768672,0.8695698580424805,0.06848827694168712
P_Q1,27,B,SRI12,252,-0.028827626779053324,2052.4660140291153,-0.8801644831994474,0.7,6048652847.197429,6048.652847197429,0.8946169993240117,0.07208168783577043
P_Q1,27,B,SRI12,253,-0.3844286999630546,233.8019144595521,0.0,0.7,4485580522.706889,4485.5805227068895,0.7582452769772655,0.38339203757071194
P_Q1,27,B,SRI12,254,-0.00045417219406843415,2080.9871273416325,-1.6146383396050805,0.7082357929984241,5528836852.000433,5528.836852000433,0.871989184188992,0.06916426512968299
P_Q1,27,B,SRI12,255,-0.0005082554008364604,2073.870009874796,-1.8369039142875851,0.7000087955987051,5370791474.216429,5370.7914742164285,0.8646600490980895,0.06937773508378695
P_Q1,27,B,SRI12,256,-0.00967118904446923,119.57272888178562,-4.636788651175535e-06,0.7000059323076107,4065423593.014582,4065.4235930145824,0.7394954993418009,0.39424342690432995
P_Q1,27,B,SRI12,257,0.0,1782.0368517920226,-1.990647512681447,0.7001389111999676,5099855901.553319,5099.855901553319,0.8422457039171737,0.10403102429999647
P_Q1,27,B,SRI12,258,-0.00872237697509342,255.5416232199475,0.0,0.7007424153509946,4542663039.086226,4542.6630390862265,0.7665350268616359,0.37791297541537694
P_Q1,27,B,SRI12,260,-2.7470396008613142e-05,1307.182742811274,-0.003750577076000322,0.7,5930332812.020587,5930.332812020587,0.8799943074678906,0.18913437933610844
P_Q1,27,B,SRI12,261,0.0,4.593254649135346,0.0,0.7,2752550602.614237,2752.550602614237,0.7142348881061656,0.4089016970861351
P_Q1,27,B,SRI12,263,0.0,1978.9770946045305,-1.7123284212563783,0.7124408696529738,5387470819.795744,5387.470819795744,0.8638773259330416,0.07880599139004517
P_Q1,27,B,SRI12,264,-2.95257859110697,0.0,-0.012434828081916927,0.7004388656921302,1614261616.9572172,1614.2616169572173,0.712527128473334,0.40954210694844706
P_Q1,27,B,SRI12,265,-3.804513674688899e-05,1818.7833360216632,-0.6474923796692829,0.7001957431359692,6035050051.256897,6035.050051256897,0.8921620948518163,0.09837407051624153
P_Q1,27,B,SRI12,266,-2.25037050174932,0.0,0.0,0.9552823412401528,241605608.66746363,241.60560866746363,0.5512505781477924,0.40954210694844706
P_Q1,27,B,SRI12,267,-1.9060811488894984,0.0,-1.1317871522930885,0.8439708977108753,575614461.3591968,575.6144613591968,0.590813676308393,0.40954210694844706
P_Q1,27,B,SRI12,268,0.0,576.7929560916319,0.0,0.7,5169667227.106073,5169.667227106073,0.8175899242181662,0.33642864766784064
P_Q1,27,B,SRI12,269,0.0,491.12551125356737,0.0,0.7,5036760522.132792,5036.760522132792,0.8070943181413883,0.3490589532856583
P_Q1,27,B,SRI12,270,0.0,1996.7326172154242,0.0,0.7,6387999419.284758,6387.999419284758,0.9097733660653929,0.07663571352332159
P_Q1,27,B,SRI12,271,-0.9093726576007796,0.0,-0.2930892757601413,0.7252118051889195,1402724998.5450943,1402.7249985450942,0.6888319635677946,0.40954210694844706
P_Q1,27,B,SRI12,273,0.0,1823.3821905651942,-1.1150997553880213,0.7,5779723180.646504,5779.723180646504,0.8794606325826305,0.09776923897961363
P_Q1,27,B,SRI12,275,0.0,512.6230912818382,0.0,0.7,5071676143.91737,5071.67614391737,0.8096915359163196,0.34603479560251893
P_Q1,27,B,SRI12,276,-0.10455800581210917,1803.2881043157108,0.0,0.7,6273665817.934156,6273.665817934157,0.9001672181307149,0.11015049631764329
P_Q1,27,B,SRI12,277,0.0,756.1752659258705,0.0,0.7,5405474800.467648,5405.474800467648,0.8368022200875228,0.30583128757960654
P_Q1,27,B,SRI12,279,0.0,169.51408522247658,0.0,0.7,4275836603.6602907,4275.836603660291,0.749457430533319,0.38755470167573913
P_Q1,27,B,SRI12,280,0.0,298.80432194257503,0.0,0.7016691144359648,4648031676.6229515,4648.031676622952,0.7743266801864306,0.3730743231223538
P_Q1,27,B,SRI12,281,0.0,195.87935630601817,0.0,0.7,4368211885.155896,4368.211885155896,0.7545451311061302,0.38435265236417976
P_Q1,27,B,SRI12,282,-0.741907446817939,0.0,-1.0570506409409108,0.9003894093913002,382993049.13323694,382.9930491332369,0.5680079695449533,0.40954210694844706
P_Q1,27,B,SRI12,283,-0.6744464032059643,0.0,-1.168936887096832,0.9921777340798121,28271653.49795745,28.27165349795745,0.5307218842281283,0.40954210694844706
P_Q1,27,B,SRI12,286,-2.0015199940354043,0.0,-1.2235845501983118,0.7,1036567627.0365212,1036.5676270365211,0.64905539545309,0.40954210694844706
P_Q1,27,B,SRI12,288,-2.4982176192877775e-09,1351.6491944400932,0.0,0.7,5965754194.667537,5965.7541946675365,0.8827694168712419,0.17981285800690217
P_Q1,27,B,SRI12,289,0.0,2033.1388928679849,-1.322076792566501,0.7,5751374420.265698,5751.374420265698,0.8804924040274665,0.07282883267513432
P_Q1,27,B,SRI12,290,0.0,328.51309551576304,-0.00015771190866850594,0.7,4726064849.619115,4726.064849619115,0.781798128580069,0.36958764720532244
P_Q1,27,B,SRI12,291,-2.6143227765906643,0.0,-1.1523659213335176,0.816012925266543,670674910.8695884,670.6749108695884,0.6035507169032626,0.40954210694844706
P_Q1,27,B,SRI12,292,-3.0756769346775656,0.0,-1.060448933270977,0.7033139250158953,1138121143.89783,1138.12114389783,0.660404881346284,0.40954210694844706
P_Q1,27,B,SRI12,293,-0.003072438331028788,0.0,-1.2791537103723574,0.7016505367861436,995919788.778762,995.9197887787619,0.6438965382289109,0.40954210694844706
P_Q1,27,B,SRI12,296,0.0,675.0406882065491,0.0,0.7,5304715271.516578,5304.715271516578,0.8285124702031523,0.3209520759953037
P_Q1,27,B,SRI12,297,0.0,1949.5128153277797,-1.27269968066541,0.7011403773821614,5738783574.156195,5738.783574156195,0.8787846443946348,0.08229266730707653
P_Q1,27,B,SRI12,298,-0.010576713579099728,884.7195088603454,-0.003294192240349318,0.7,5548649912.427014,5548.649912427014,0.8483651759348205,0.28281211086206276
P_Q1,27,B,SRI12,301,-0.0164633146674813,162.67574006119725,0.0,0.7000110307833097,4250028651.0806217,4250.028651080622,0.7481766108086954,0.3886576297719429
P_Q1,27,B,SRI12,302,0.0,1684.684352897044,-1.3102452104610633,0.7025482125187245,5543135128.429531,5543.1351284295315,0.8645533141210374,0.11758636638559788
P_Q1,27,B,SRI12,303,-2.4982176192877775e-09,1156.7991475621043,0.0,0.7,5807849042.431462,5807.849042431462,0.8690717614829045,0.22282705375885012
P_Q1,27,B,SRI12,304,-0.19032731758577756,242.41606254984276,0.0,0.7,4510371928.503565,4510.371928503565,0.7628348809905005,0.3807592414700964
P_Q1,27,B,SRI12,305,-8.336194843727002e-05,318.8605054982997,-0.0030580290273105847,0.7,4703439353.455989,4703.439353455989,0.7793788024335574,0.37033479204468633
P_Q1,27,B,SRI12,306,-0.0047210512981906184,2080.1786590088577,-1.2676058889524096,0.7012986521912805,5814201262.521053,5814.201262521054,0.8843704415270217,0.06919984345536698
P_Q1,27,B,SRI12,307,-0.10455800581210917,1942.7005161397858,0.0,0.7,6356656313.869978,6356.656313869978,0.9052904970292098,0.09296616501227452
P_Q1,27,B,SRI12,308,0.0,2033.1388928679849,-0.8926963044546303,0.7,6031784445.59251,6031.784445592511,0.8940121677873838,0.07282883267513432
P_Q1,27,B,SRI12,309,-6.575607811721917e-05,1706.3220317344433,-1.4674005139310378,0.7,5449698087.901765,5449.698087901765,0.8602839150389583,0.11434873874835452
P_Q1,27,B,SRI12,310,0.0,1684.295808950221,-2.449376864929073,0.7236479487790838,4763083498.930971,4763.0834989309715,0.819262105525314,0.11769310136264986
P_Q1,27,B,SRI12,311,0.0,1430.0666762578721,0.0,0.7,6024432983.929302,6024.432983929302,0.8869320809762691,0.1628419966556374
P_Q1,27,B,SRI12,312,0.0,1684.3816559937732,-1.7044264082108684,0.7351943955521186,5165023512.935022,5165.023512935022,0.8446650300636853,0.11769310136264986
P_Q1,27,B,SRI12,313,0.0,2013.7560897117055,-1.3418523993742877,0.7607040276699146,5533083495.001787,5533.083495001787,0.87188244921194,0.07467890561070195
P_Q1,27,B,SRI12,314,-0.021589292679196456,1444.2942246085345,-0.9456442168331806,0.7016252122405569,5621787576.471172,5621.7875764711725,0.8627388195111536,0.16003130892660192
P_Q1,27,B,SRI12,315,-3.215861138409756,0.0,-1.0083591267110898,0.7,1181540147.6789844,1181.5401476789843,0.6652791119649909,0.40954210694844706
P_Q1,27,B,SRI12,316,0.0,1862.3683156397456,-1.1193885538025312,0.7015804390429988,5795261595.264858,5795.261595264858,0.8805635606788343,0.09193439356743871
P_Q1,27,B,SRI12,317,-0.02306061323587988,1794.736896021045,-1.9652945027421593,0.7012491866431445,5120028074.752775,5120.028074752775,0.8428861137794855,0.1021097947130608
P_Q1,27,B,SRI12,318,0.0,2022.733586060037,-1.243214068030269,0.7,5802007470.435317,5802.007470435317,0.8827338385455582,0.07389618244565409
P_Q1,27,B,SRI12,320,0.0,631.6988538963577,-0.029346720768737844,0.7001223102801748,5237900146.65474,5237.900146654741,0.8229266730707655,0.3282456327605223
P_Q1,27,B,SRI12,321,0.0,302.1948573460499,0.0,0.7,4665222733.293305,4665.222733293305,0.7764969580531541,0.37264738321414587
P_Q1,27,B,SRI12,322,0.0,2100.0,-0.6785490081542604,0.744528527548611,5982566132.612637,5982.5661326126365,0.8937275411819121,0.0680613370334792
P_Q1,27,B,SRI12,325,-0.10691350566910557,1857.3191338352206,0.0,0.7,6306371319.290279,6306.37131929028,0.9022663393460704,0.10253673462126874
P_Q1,27,B,SRI12,326,-0.01293775663109653,478.3317896136684,-0.0032434734369375085,0.7000691329987465,5014292034.67012,5014.29203467012,0.8053154018571885,0.351015761198278
P_Q1,27,B,SRI12,327,-0.00011992094894781088,908.3047760981937,-7.229375927771798e-05,0.700000368153451,5574010261.056869,5574.010261056868,0.8502508271960721,0.27761767531219983
P_Q1,27,B,SRI12,329,-0.0007660631510268311,62.35350986286597,-3.394725294652255e-05,0.7000000735457973,3716698333.701929,3716.698333701929,0.7275056035862953,0.40121677873839257
P_Q1,27,B,SRI12,330,-0.031108887889082445,1675.3242447464652,-1.6771301153177098,0.7001124393120935,5255405900.1482725,5255.405900148273,0.8482584409577686,0.11925854769274559
P_Q1,27,B,SRI12,331,0.0,1852.0187704288787,-0.9820371352900185,0.7046080286892742,5857894954.804441,5857.894954804441,0.8835165617106057,0.09353541822321841
P_Q1,27,B,SRI12,334,-0.10321098482584394,281.874604501808,-0.005541165971755821,0.7,4613875805.847506,4613.875805847506,0.7715871491087631,0.37631195075959717
P_Q1,27,B,SRI12,335,0.0,1181.4895391625769,0.0,0.7000300227343673,5828800061.004838,5828.800061004838,0.8708862560927882,0.21706336499804313
P_Q1,27,B,SRI12,336,-0.003898569959973987,2076.1499017887168,-2.2114365044005577,0.7,5134813471.505003,5134.813471505003,0.8521364784573238,0.06927100010673495
P_Q1,27,B,SRI12,337,-5.868401974783448e-06,1595.589957784058,-0.9386219596009009,0.7005943735775666,5736470194.238185,5736.470194238185,0.8739104137759278,0.1323869498701391
P_Q1,27,B,SRI12,338,-0.12725821592046865,576.7929560916319,0.0,0.7,5169545330.453248,5169.545330453248,0.8155975379798627,0.3387768171629843
P_Q1,27,B,SRI12,339,-3.201853596009274,0.0,-0.0927142072965445,0.7057412831837523,1567447087.4466074,1567.4470874466074,0.7073682712491549,0.40954210694844706
P_Q1,27,B,SRI12,340,-0.008820471045362587,1310.8624228181234,-0.0023577929382411957,0.7,5933663520.122455,5933.663520122454,0.8802789340733624,0.18838723449674455
P_Q1,27,B,SRI12,341,-7.53410553652671e-05,1782.2472439739327,-1.1748153043320237,0.7426067756649265,5557268035.761467,5557.268035761467,0.8672216885473369,0.10403102429999647
P_Q1,27,B,SRI12,342,-3.0252892791818105,0.0,-1.4764132728140347,0.7082440361411821,832538346.9177302,832.5383469177302,0.6235457359376667,0.40954210694844706
P_Q1,27,B,SRI12,343,0.0,931.2673235344566,0.0,0.7000000172443093,5597534500.637687,5597.5345006376865,0.8521720567830076,0.2726722880421248
P_Q1,27,B,SRI12,344,-1.6851964822031315e-05,1747.6984056014408,-1.796109044881756,0.7024826434146043,5209379191.371421,5209.379191371421,0.8475112961184047,0.1085850499875476
P_Q1,27,B,SRI12,345,-0.05458841869405706,0.0,-1.0533123543361183,0.9244128425662436,290958495.415047,290.95849541504697,0.5585797132386952,0.40954210694844706
P_Q1,27,B,SRI12,346,-2.5166725024399535e-05,1888.190008605459,-1.512479543258001,0.7032039982577193,5518358869.188623,5518.358869188623,0.8678976767353327,0.0888035009072473
P_Q1,27,B,SRI12,347,-0.021903846941325966,0.0,-0.5709693678253023,0.7024897063933634,1398929928.4603765,1398.9299284603765,0.6879780837513786,0.40954210694844706
P_Q1,27,B,SRI12,348,-0.01192937489417567,344.48188505425134,0.0,0.7000000172443093,4761216131.160191,4761.21613116019,0.7848222862632083,0.36795104422385877
P_Q1,27,B,SRI12,349,0.0,242.87644495145966,0.0,0.7000000002456949,4511687914.4022255,4511.687914402226,0.7645782189490161,0.3793716867684207
P_Q1,27,B,SRI12,350,-0.0016552687505979307,1888.2991009977547,-1.3706928128728928,0.7659929235406198,5425141718.914954,5425.141718914954,0.8637705909559897,0.0888035009072473
P_Q1,27,B,SRI12,351,-0.12360837608383629,333.22514323373787,0.0,0.7,4736479859.765555,4736.479859765555,0.7814779236489131,0.3705482619987903
P_Q1,27,B,SRI12,352,-0.013091495734983605,2068.2132235836966,-0.6653144352139515,0.7363578438829282,6006095736.076338,6006.095736076338,0.8943679510442237,0.07087202476251468
P_Q1,27,B,SRI12,353,-0.0006909638656201339,4.304191166289542,0.0,0.7000000172443093,2735304599.218601,2735.304599218601,0.7141637314547977,0.4089372754118191
P_Q1,27,B,SRI12,355,0.0,775.3902211121024,0.0,0.7001202416965137,5427503199.197215,5427.5031991972155,0.8385099797203543,0.30291386487351907
P_Q1,27,B,SRI12,356,0.0,372.11222362159316,0.0,0.7,4819117030.82338,4819.11703082338,0.7893407336250758,0.3640730067243035
P_Q1,27,B,SRI12,360,-0.22935244844419211,493.657270513503,-5.278285894052344e-05,0.7,5040823467.538165,5040.8234675381655,0.8031095456647811,0.3524388942256377
P_Q1,27,B,SRI12,361,-0.1204406857347337,112.99820398381209,-0.001582764211281451,0.7,4032592189.941463,4032.592189941463,0.7378233180346532,0.3953819333262178
P_Q1,27,B,SRI12,362,-2.6816715430116966e-07,1756.8775004063223,-0.004597547274003966,0.7,6244154961.82557,6244.15496182557,0.9014124595296545,0.10744654356565979
P_Q1,27,B,SRI12,363,-0.00012240782306412266,1775.464922491974,-2.4200130817235244,0.7121363606342033,4839190535.264432,4839.190535264432,0.8278720603408403,0.10470701248799233
P_Q1,27,B,SRI12,364,-1.809813285443148,0.0,-1.252365440674211,0.7016494734101822,1013223899.2513617,1013.2238992513617,0.6463514427011066,0.40954210694844706
P_Q1,27,B,SRI12,365,-0.000520082065399538,640.9320692837977,0.0,0.7,5259652586.274281,5259.65258627428,0.8251681075888567,0.3268580780588466
P_Q1,27,B,SRI12,366,-0.002872878723421742,2091.747138948925,-1.4504679821500845,0.7042997251670221,5675547345.505207,5675.547345505207,0.8786423310918989,0.06845269861600313
P_Q1,27,B,SRI12,367,-3.388999136911552e-07,1413.4004099016104,0.0,0.7013153882071824,6005019467.98839,6005.01946798839,0.8856512612516455,0.16615078094424873
P_Q1,27,B,SRI12,369,-0.004036876824919669,849.5830453856511,0.0,0.7,5511701668.95411,5511.701668954111,0.8458746931369411,0.28932294446223367
P_Q1,27,B,SRI12,372,-1.8607002282772271,0.0,-1.220552262378491,0.7382208179643011,906276503.4797323,906.2765034797322,0.6332230405237128,0.40954210694844706
P_Q1,27,B,SRI12,373,0.0,1073.0577987898014,0.0,0.7,5733735427.448303,5733.735427448303,0.8627388195111538,0.24061621660084678
P_Q1,27,B,SRI12,374,-0.0011065398024811372,51.10981293658847,0.0,0.7000023220147141,3620488352.356545,3620.488352356545,0.7251218557654676,0.4028178033941722
P_Q1,27,B,SRI12,377,0.0,2077.212362841481,-1.3134280333261135,0.7001796760422133,5782087373.840919,5782.087373840918,0.882876151848294,0.06923542178105097
P_Q1,27,B,SRI12,378,-0.060403828032340526,1911.9188000925417,-2.194343328090451,0.7,5051523873.000456,5051.523873000456,0.8404312093072899,0.09172092361333478
P_Q1,27,B,SRI12,379,-0.001616127293158897,1686.640960521129,-0.6021243839795145,0.706363448904852,5944355094.423421,5944.355094423421,0.8859714661828014,0.11726616145444196
P_Q1,27,B,SRI12,381,-3.0252892791818105,0.0,-0.019789717577802346,0.7097725721367458,1560715763.5323138,1560.7157635323138,0.706372078130003,0.40954210694844706
P_Q1,27,B,SRI12,382,-0.002144381493516045,2100.0,-1.5320981130489275,0.7107463964281736,5601493315.007762,5601.493315007762,0.8757249083858114,0.0680613370334792
P_Q1,27,B,SRI12,383,0.0,1748.1797026893441,-1.3102452104610633,0.7025482125187245,5583751591.494562,5583.7515914945625,0.8676842067812289,0.10851389333617963
P_Q1,27,B,SRI12,384,-3.175772938443917e-08,1754.8976718046333,-1.487096167418157,0.7539140273139047,5314479999.808598,5314.479999808597,0.8545202262781514,0.10758885686839577
P_Q1,27,B,SRI12,385,-6.180412964580336e-08,1843.3203767747787,-1.0291411322865125,0.7,5843313987.537306,5843.313987537306,0.8827338385455581,0.09502970790194613
P_Q1,27,B,SRI12,386,-6.384839801807101e-07,1786.0149786691184,-1.006839832402382,0.7121363606342033,5774125076.3110485,5774.125076311048,0.8785711744405309,0.1032127228092646
P_Q1,27,B,SRI12,387,-2.4472952209413032e-09,1970.4832571834006,-2.115875895874422,0.7,5130648977.528943,5130.648977528943,0.8495392606823922,0.07980218450919699
P_Q1,27,B,SRI12,388,0.0,363.363798401061,0.0,0.7000000174911823,4801125396.852087,4801.125396852087,0.787882022272032,0.36546056142597927
P_Q1,27,B,SRI12,390,-0.003072438331028788,0.0,-1.2791537103723574,0.7555715638233971,815950401.5737424,815.9504015737424,0.6223716511900951,0.40954210694844706
P_Q1,27,B,SRI12,391,-3.1132222273188903,0.0,-0.043533960488288725,0.7240880289029815,1480410854.3788655,1480.4108543788655,0.6979755932685807,0.40954210694844706
P_Q1,27,B,SRI12,392,-0.001623362709236768,1654.730130045753,-0.002122445919163867,0.7,6179374573.629271,6179.37457362927,0.8979257836126231,0.12242501867862099
P_Q1,27,B,SRI12,393,-0.13272073775594517,495.8087258695141,-0.0005564395337105607,0.7,5044241285.911635,5044.241285911636,0.8054221368342408,0.350909026221226
P_Q1,27,B,SRI12,394,-2.778536887962704e-06,985.2832475418098,0.0,0.7002380637573458,5649967017.782552,5649.967017782552,0.856370299213719,0.260789127263671
P_Q1,27,B,SRI12,396,-7.561664477562379e-05,1999.6205978792723,-1.956578875436919,0.7016825429396264,5246506423.851628,5246.506423851628,0.856477034190771,0.07624435194079765
P_Q1,27,B,SRI12,397,-0.01887051144429935,1618.5460479990134,-1.599690373186565,0.7,5279224682.085554,5279.224682085554,0.8486142242146086,0.12907816558152777
P_Q1,27,B,SRI12,398,-0.01580777911916853,1729.6334064008786,-0.62023430812679,0.7559086511148407,5734237789.809267,5734.237789809267,0.8757604867114954,0.11096879780837512
P_Q1,27,B,SRI12,399,-0.0024857172424838855,1873.337045811057,-0.4940320109527458,0.7,6142595679.317763,6142.595679317763,0.8963603372825274,0.09054683886576295
P_Q1,27,B,SRI12,401,0.0,1757.0644098584085,-0.5633972532206589,0.7793510043235045,5661605284.603289,5661.605284603289,0.8723805457715159,0.1074109652399758
P_Q1,27,B,SRI12,402,-1.9060811488894984,0.0,-1.1317871522930885,0.838465340036539,595920535.928996,595.920535928996,0.5933753157576405,0.40954210694844706
P_Q1,27,B,SRI12,403,-0.001616127293158897,1882.541861474383,-0.6022658951303084,0.7006319346677529,6092301022.730041,6092.30102273004,0.8955776141174796,0.0894439107695592
P_Q1,27,B,SRI12,404,-0.0027939768356090066,1681.1351604256558,-1.8794955538998455,0.7024769877635909,5101704137.898108,5101.704137898108,0.8384388230689863,0.1180488846194898
P_Q1,27,B,SRI12,406,-0.0024387060076300716,1773.6859848894208,-0.5645187295203533,0.7001117563854482,6046523190.144745,6046.523190144745,0.8913793716867682,0.10484932579072834
P_Q1,27,B,SRI12,407,-0.00019608453791008715,458.806195951685,0.0,0.7001283211629465,4981275583.310082,4981.275583310083,0.8027893407336252,0.35336393069342154
P_Q1,27,B,SRI12,408,0.0,2000.8330199055697,-1.641994735609561,0.7019388658922755,5477541478.817313,5477.541478817313,0.8688582915288008,0.07613761696374567
P_Q1,27,B,SRI12,411,-0.00037139609117594653,1589.528527657523,-1.9711513927906903,0.7,4986071145.972665,4986.071145972664,0.8289038317856762,0.13356103461771088
P_Q1,27,B,SRI12,415,-0.018574617441586432,1878.0170655438103,-0.9116645887140854,0.7,5932523169.730558,5932.523169730558,0.8871811292560571,0.09068915216849895
P_Q1,27,B,SRI12,416,-1.9991929911091568,0.0,-1.1725636483630335,0.7,1075605824.8403583,1075.6058248403583,0.6534671078379053,0.40954210694844706
P_Q1,27,B,SRI12,417,-0.17788899813996822,384.7333715335295,-0.019657943518523235,0.7,4837596065.161149,4837.596065161149,0.788202227203188,0.3647134165866155
P_Q1,27,B,SRI12,418,0.0,1752.1330532250602,-1.9569141404088184,0.7,5101267601.144347,5101.267601144347,0.8408225708898138,0.10798021845091967
P_Q1,27,B,SRI12,419,0.0,598.6152897321165,0.0,0.7001202416965137,5200447716.037955,5200.447716037956,0.820187141993098,0.33308428505354537
P_Q1,27,B,SRI12,420,-3.4832124355945417,0.0,-1.122411671061834,0.7000521499924807,1112560234.6743662,1112.5602346743663,0.6571672537090403,0.40954210694844706
P_Q1,27,B,SRI12,422,-0.002814685217547295,807.0349671678441,0.0,0.7000973349149253,5463918508.748828,5463.918508748828,0.8419610773117019,0.2971857544383962
P_Q1,27,B,SRI12,423,0.0,715.414569330204,-0.0036330706887235387,0.7000171602453925,5354843258.8795185,5354.8432588795185,0.8327818692852313,0.31348062760166506
P_Q1,27,B,SRI12,424,-0.009941673443361075,1980.5825158675625,-0.8736067547768296,0.7039008335917957,5995302542.769337,5995.3025427693365,0.8922332515031842,0.07859252143594121
P_Q1,27,B,SRI12,425,-1.7938418786165427,0.0,-1.134647905781553,0.946960853858872,195347601.86797178,195.34760186797178,0.547159070694133,0.40954210694844706
P_Q1,27,B,SRI12,426,-0.012036980438389203,0.0,-0.8419639590539723,0.7000010841409572,1274689655.22475,1274.6896552247501,0.674778524922617,0.40954210694844706
P_Q1,27,B,SRI12,427,-3.3261674109115007,0.0,-1.4110588032922171,0.7,899367820.5776048,899.3678205776048,0.6315508592165652,0.40954210694844706
P_Q1,27,B,SRI12,430,-6.82431494000081e-08,1694.0001451415872,-1.7399120798644092,0.7,5220554327.518072,5220.554327518073,0.8471199345358807,0.11594976340413421
P_Q1,27,B,SRI12,431,-4.224537887008777e-07,1854.4291411349063,-1.3255937781548512,0.7024826434146043,5636974600.234471,5636.974600234471,0.8723449674458318,0.09328636994343044
P_Q1,27,B,SRI12,432,0.0,1578.3924859898148,0.0,0.7000001039736058,6129023804.597365,6129.023804597366,0.894190059415804,0.13594478243853844
P_Q1,27,B,SRI12,433,-0.00012816946893627387,1644.3766768668336,-1.0100770257209166,0.7424862707831166,5562179274.466162,5562.179274466162,0.8653360372860853,0.12413277831145268
P_Q1,27,B,SRI12,435,0.0,1661.5855191278115,-1.9311252458969708,0.7,5057463411.455561,5057.463411455561,0.834987725477639,0.12117977727968123
P_Q1,27,B,SRI12,436,-3.349262344284464e-05,120.74404328470965,0.0,0.7000000004766134,4071092949.022579,4071.092949022579,0.739637812644537,0.39406553527591004
P_Q1,27,B,SRI12,437,0.0,1750.9740871772083,-1.9421325233001823,0.7471578661301176,5031577680.926874,5031.577680926875,0.8373003166470985,0.10808695342797169
P_Q1,27,B,SRI12,439,-6.316978093484035e-07,2076.1499017887168,-1.0226906907286388,0.7000239358521209,5982570073.098006,5982.570073098006,0.8913793716867682,0.06927100010673495
P_Q1,27,B,SRI12,440,-0.009245210625365548,85.03595375488788,-0.006905538952343079,0.7000053933452238,3874277071.4823213,3874.2770714823214,0.7319884726224783,0.3980503077525172
P_Q1,27,B,SRI12,442,-0.016988456710153043,1874.1908004889187,-1.599690373186565,0.7000352073835802,5440515836.44616,5440.51583644616,0.8638061692816736,0.09104493542533885
P_Q1,27,B,SRI12,444,-1.0832247644172862e-05,1042.6520667570048,-0.00024412075649005854,0.7000616156083942,5705428125.912311,5705.428125912311,0.8607820115985341,0.24716262852670148
P_Q1,27,B,SRI12,445,-0.0027939768356090066,1649.6257106613075,-1.8794955538998455,0.7024769877635909,5081086620.565601,5081.086620565601,0.8358416052940549,0.1233500551464048
P_Q1,27,B,SRI12,446,0.0,441.7353609896954,0.0,0.7000001407469302,4951876917.488575,4951.876917488575,0.8007613761696375,0.355783256839933
P_Q1,27,B,SRI12,448,0.0,133.2307270732573,-0.005664605443709585,0.7,4127233373.1600275,4127.233373160027,0.7424129220478883,0.39217988401465825
P_Q1,27,B,SRI12,449,-0.0003308266335587059,2088.7400226625405,-0.596199608485349,0.7025573142614701,6204415014.2380295,6204.4150142380295,0.9027644359056463,0.0686305902444231
P_Q1,27,B,SRI12,450,-0.08718275608872017,555.3196930879897,-0.00011071304079444658,0.7000001292371629,5137739386.475848,5137.739386475848,0.8133561034617711,0.3414096132635998
P_Q1,27,B,SRI12,452,-0.0008284433276251535,1933.0418178631014,-1.5320987349493946,0.7018253969985819,5531451263.326636,5531.451263326637,0.8697833279965846,0.08417831856832816
P_Q1,27,B,SRI12,455,0.0,2034.9096762163006,-1.0978806214527213,0.7,5914199038.279998,5914.199038279998,0.8882484790265771,0.07272209769808233
P_Q1,27,B,SRI12,456,-0.015177241712052814,0.0,-1.8095408108296356,0.7,590265447.7067816,590.2654477067816,0.5930906891521684,0.40954210694844706
P_Q1,27,B,SRI12,457,-0.0027939768356090066,2057.0692835668556,-1.8794955538998455,0.7000800811116609,5331571946.771454,5331.571946771453,0.8618137830433699,0.0708008681111467
P_Q1,27,B,SRI12,458,-2.4149411689366166e-06,1667.444038970537,0.0,0.7025070824043369,6174598750.931724,6174.598750931724,0.8975344220300993,0.1200768491834774
P_Q1,27,B,SRI12,460,-7.561664477562379e-05,1838.3813312779898,-1.9320123155041131,0.7016825429396264,5165641560.370076,5165.641560370076,0.8480093926779806,0.09556338278720601
P_Q1,27,B,SRI12,461,0.0,2097.2499630522298,-1.4530541253864153,0.7238861277490778,5619864870.915651,5619.864870915651,0.8764720532251753,0.06827480698758316
P_Q1,27,B,SRI12,462,-0.0018585199440378937,1892.2769486393859,-0.5651212638765886,0.748468782512107,5889513374.68291,5889.51337468291,0.8864339844166933,0.08837656099903937
P_Q1,27,B,SRI12,463,-1.4214874094058612e-07,1611.3713556812622,-1.2357206828938576,0.7005439796470933,5552779048.745815,5552.779048745815,0.86216956630021,0.12957626214110365
P_Q1,27,B,SRI12,464,-0.004989465917892134,1865.4847550933105,-0.9290970927512718,0.7093500526820219,5876983063.958067,5876.983063958067,0.8847973814352295,0.09168534528765074
P_Q1,27,B,SRI12,465,0.0,564.036522709911,0.0,0.7000300830851164,5150686242.854533,5150.686242854533,0.8160244778880705,0.33813640730067246
P_Q1,27,B,SRI12,466,-0.00279680550466041,1869.4853454119088,-1.3706928128728928,0.7054150775090674,5602412752.979413,5602.412752979413,0.87188244921194,0.09100935709965487
P_Q1,27,B,SRI12,467,0.0,1496.152825863261,-1.2572167690997866,0.7021891330982631,5454520987.194935,5454.520987194935,0.8527057316682677,0.1500337994093998
P_Q1,27,B,SRI12,468,-0.003123921986295482,1978.4720929064017,-0.9446541584307603,0.7144939100103254,5913265935.897955,5913.265935897955,0.8876436474899492,0.07887714804141314
P_Q1,27,B,SRI12,470,-0.010017753045755211,394.4395668977499,-0.005398670452860292,0.7001982935059451,4860995037.152724,4860.995037152724,0.792791831216423,0.36112000569253205
P_Q1,27,B,SRI12,471,-0.00014460478240853683,1442.885759572067,-0.926663865690861,0.7006219893965204,5636054179.754502,5636.054179754502,0.8647312057494574,0.1599957306009179
P_Q1,27,B,SRI12,472,-0.0062241035286160935,1542.0740063763176,-0.0014099578094589355,0.7,6103813529.611363,6103.813529611363,0.8921620948518163,0.14170847119934535
P_Q1,27,B,SRI12,473,-0.012805338095095195,2079.4549343166973,-2.232470275818613,0.723299297572575,5100959888.037959,5100.959888037959,0.8506421887785961,0.0701248799231508
P_Q1,27,B,SRI12,474,-0.009714990823700967,228.90671386566444,-0.003034363278793551,0.7008406970909083,4466092089.252031,4466.092089252032,0.7610203863806168,0.38104386807556845
P_Q1,27,B,SRI12,476,-0.013864754877430552,423.99193464864607,0.0,0.7000001037179033,4919641290.656334,4919.641290656334,0.7975593268580781,0.3578112214039208
P_Q1,27,B,SRI12,477,-0.0033627942256115873,2072.8518081624015,0.0,0.7000888237888778,6430052306.05463,6430.05230605463,0.9124417404916924,0.06948447006083895
P_Q1,27,B,SRI12,478,0.0,1454.9879487709159,-1.0377743118954952,0.7,5583421094.206628,5583.4210942066275,0.861564734763582,0.15771871775714238
P_Q1,27,B,SRI12,479,-0.00013155657020907474,1758.425254205946,-0.933475792457438,0.7424862707831166,5673624644.051899,5673.624644051899,0.8736257871704557,0.10733980858860781
P_Q1,27,B,SRI12,480,-0.002109100530266708,1854.4291411349063,-1.7974190521391724,0.7024863745475718,5274404477.937287,5274.404477937287,0.8545913829295192,0.09328636994343044
P_Q1,27,B,SRI12,481,-3.204654750987569,0.0,-0.09873465536517001,0.7423406321863558,1371065509.264332,1371.0655092643321,0.6847404561141353,0.40954210694844706
P_Q1,27,B,SRI12,482,-0.005765206471867437,1527.6692135246838,-0.9277839096438317,0.7072758659280304,5668482924.247231,5668.482924247231,0.8683246166435408,0.14394990571743693
P_Q1,27,B,SRI12,483,-2.4982176192877775e-09,1107.3880153084333,0.0,0.7,5764588196.793895,5764.588196793895,0.8657629771942931,0.2334649731383641
P_Q1,27,B,SRI12,484,-0.02975486394327942,0.0,-0.5546855180829038,0.7,1417869410.628723,1417.869410628723,0.6901839399437861,0.40954210694844706
P_Q1,27,B,SRI12,485,0.0,961.37712254641,0.0,0.7,5627712255.642487,5627.7122556424865,0.8545202262781515,0.265698936208062
P_Q1,27,B,SRI12,486,-0.002109100530266708,1854.4291411349063,-0.8558552857464795,0.7024863745475718,5938000214.876955,5938.000214876955,0.888248479026577,0.09328636994343044
P_Q1,27,B,SRI12,487,-1.8904652278375143,0.0,-1.1367266465845296,0.9560894311253465,161534146.20363164,161.53414620363165,0.5438147080798378,0.40954210694844706
P_Q1,27,B,SRI12,488,-6.553899753221245e-06,1558.895600414542,-0.9386219596009009,0.7005815013499179,5711540813.571596,5711.540813571596,0.871597822606468,0.13868431351620591
P_Q1,27,B,SRI12,489,0.0,1569.640088380487,-2.0299278333923323,0.7008259877395846,4935290621.909771,4935.290621909771,0.8252392642402249,0.1373679154658982
P_Q1,27,B,SRI12,490,-0.00012816946893627387,1644.3766768668336,-0.9692760926757682,0.7424862707831166,5580910959.430259,5580.910959430259,0.8665101220336572,0.12413277831145268
P_Q1,27,B,SRI12,492,-0.05524618152128735,95.30846834684024,0.0,0.70000545048007,3937768686.5915856,3937.7686865915857,0.734336642117622,0.3970896929590494
P_Q1,27,B,SRI12,493,-0.017138400241520788,1937.59912907574,0.0,0.7,6354071105.824403,6354.071105824402,0.9079944497811933,0.08421389689401217
P_Q1,27,B,SRI12,494,0.0,1992.6744690494988,-1.142707076363511,0.7050644461839471,5843977966.908164,5843.977966908164,0.8845839114811256,0.0770982317572135
P_Q1,27,B,SRI12,495,-0.6524686136677837,0.0,-1.036494653110963,0.9436809360666967,218793304.64248642,218.79330464248642,0.5502188067029565,0.40954210694844706
P_Q1,27,B,SRI12,496,-0.11970824987921114,269.2127278026419,0.0,0.7000002473429496,4582985052.120202,4582.985052120202,0.7689543530081474,0.37745045718148507
P_Q1,27,B,SRI12,497,0.0,1590.065878401121,-1.3492237420836857,0.7000020231446957,5459328734.937805,5459.328734937805,0.8581136371722347,0.1334187213149749
P_Q1,27,B,SRI12,498,-0.10560660910275654,1754.7270818861862,-2.6736589384873666e-05,0.7,6243586812.351843,6243.586812351843,0.898566193474935,0.117088269826022
P_Q1,27,B,SRI12,499,-0.002109100530266708,1854.4291411349063,-0.002791960647210434,0.7001419698030833,6303531204.781061,6303.531204781061,0.9049702920980539,0.09328636994343044
P_Q1,27,B,SRI12,500,-2.1610653615153285e-07,1680.0738940759368,-0.632119132496476,0.7237114557557659,5845160416.116565,5845.160416116565,0.8810616572384103,0.11822677624790977
P_Q1,27,B,SRI12,501,-2.83773056183853e-06,1713.8380493333561,-2.3561404069764302,0.7003393416832627,4841735256.048626,4841.735256048626,0.8253815775429608,0.11289002739531077
P_Q1,27,B,SRI12,503,-0.006169829190636238,1541.4080814874642,-0.6359142440092881,0.7000131978915419,5860793777.641166,5860.793777641165,0.8790692710001066,0.14170847119934535
P_Q1,27,B,SRI12,504,0.0,1479.5956555508337,0.0,0.7010370939682484,6054617372.7918625,6054.617372791862,0.8890667805173088,0.15312911374390722
P_Q1,27,B,SRI12,505,0.0,1572.3110038329178,-1.5952595568361034,0.7023753912960743,5245876097.701728,5245.876097701728,0.846266054719465,0.13665634895221832
P_Q1,27,B,SRI12,506,-0.011856451510119605,413.174125684141,0.0,0.7,4899481943.044164,4899.481943044164,0.7960650371793505,0.35916319777991246
P_Q1,27,B,SRI12,507,-3.215861138409756,0.0,-0.6401942707199075,0.7,1377251353.4650335,1377.2513534650336,0.686128010815811,0.40954210694844706
P_Q1,27,B,SRI12,508,-2.8325202996407326e-07,1684.295808950221,-1.3207734222672511,0.7649654770853882,5332178682.84555,5332.17868284555,0.852349948411428,0.11769310136264986
P_Q1,27,B,SRI12,509,0.0,1271.5755299083914,0.0,0.7000001429669459,5903080272.437291,5903.080272437292,0.878037499555271,0.19735297256911088
P_Q1,27,B,SRI12,510,-2.780438326959632e-09,1694.268731495364,0.0,0.7000000208294732,6205589713.192952,6205.589713192952,0.8993133383142989,0.11587860675276623
P_Q1,27,B,SRI12,512,-0.03309184073392201,1967.3254969062996,-2.1167339733128254,0.7043059241070173,5122272215.8776655,5122.272215877665,0.8477247660725085,0.08175899242181663
P_Q1,27,B,SRI12,515,-0.10282716703048117,849.5830453856511,0.0,0.7,5511540680.413494,5511.540680413495,0.8437399935959015,0.29273846372789697
P_Q1,27,B,SRI12,516,-0.13909763494758692,302.3335930163703,-0.0015369680996448927,0.7,4665138017.031704,4665.138017031704,0.7748247767460065,0.3739637812644536
P_Q1,27,B,SRI12,517,-0.00028984933767470245,1640.4110253089443,-1.9567633500817718,0.7,5029289385.269027,5029.289385269027,0.8326395559824954,0.12487992315081653
P_Q1,27,B,SRI12,518,0.0,751.8744189229909,0.0,0.7,5400328121.396179,5400.328121396179,0.8364820151563668,0.30696979400149427
P_Q1,27,B,SRI12,519,0.0,933.5676330758785,0.0,0.7,5599878316.697267,5599.878316697266,0.8524211050627956,0.2720674565054969
P_Q1,27,B,SRI12,520,0.0,1073.4915661432076,0.0,0.7,5734130322.01867,5734.13032201867,0.8627743978368378,0.2405094816237948
P_Q1,27,B,SRI12,521,-0.007656037418505781,372.8458414272447,0.0,0.7,4820610962.605814,4820.610962605814,0.7894474686021278,0.3639306934215675
P_Q1,27,B,SRI12,522,0.0,774.2116157840418,0.0,0.7,5426783232.947918,5426.783232947918,0.8383676664176185,0.303056178176255
P_Q1,27,B,SRI12,523,0.0,1357.384782978611,-0.303620990757452,0.7,5878038644.100462,5878.038644100462,0.8762230049453871,0.17817625502543846
P_Q1,27,B,SRI12,525,0.0,1484.502619567937,-0.7469378537117605,0.7,5768948660.739686,5768.948660739686,0.8744796669868715,0.15231081225317536
P_Q1,27,B,SRI12,526,-0.007403131599572605,537.0868937198741,0.0,0.7000588493772947,5109769491.038497,5109.769491038497,0.8125733802967232,0.3428683246166436
P_Q1,27,B,SRI12,527,0.0,515.6671036769792,-0.0038189480438710413,0.7,5075394597.970839,5075.394597970839,0.8099405841961075,0.34567901234567905
P_Q1,27,B,SRI12,530,-0.021153558980302543,108.985230261178,-0.0025679347181184475,0.7,4011929575.4284415,4011.9295754284417,0.7371829081723412,0.3954530899775857
P_Q1,27,B,SRI12,532,-0.00039679122586568603,964.1767855237323,0.0,0.7001036435708099,5629932406.172428,5629.932406172428,0.8547336962322555,0.26516526132280216
P_Q1,27,B,SRI12,534,0.0,1886.1020127941642,-0.8222508826040503,0.7050949372538825,5965843980.611333,5965.843980611333,0.8898139253566727,0.08912370583840325
P_Q1,27,B,SRI12,536,0.0,1575.496699435075,-1.491206233643002,0.700101976078266,5346479235.142024,5346.479235142024,0.8513537552922761,0.1362649873696944
P_Q1,27,B,SRI12,537,-5.6681833344398094e-05,1747.4313935020493,-0.0002889609104189707,0.7,6239410164.487938,6239.410164487938,0.9010566762728146,0.1085850499875476
P_Q1,27,B,SRI12,539,-0.0021707492816159368,714.8696336213815,0.0,0.700928742843858,5350213225.513201,5350.213225513201,0.8323549293770234,0.31348062760166506
P_Q1,27,B,SRI12,540,-0.07375756442296318,1896.7842107271535,-5.979972827531779e-05,0.7,6329896883.966312,6329.896883966312,0.904080833955954,0.09399793645711033
P_Q1,27,B,SRI12,541,0.0,2057.591231716236,-0.4873526749404502,0.7001143507697358,6250943232.8701725,6250.943232870172,0.9030490625111183,0.07076528978546272
P_Q1,27,B,SRI12,542,0.0,339.51493137039125,0.0,0.7,4750393725.542951,4750.393725542951,0.7838260931440566,0.36852029743480264
P_Q1,27,B,SRI12,544,-0.0006367845948391788,1529.7434463525517,-1.8171599213539529,0.7,5050338147.348148,5050.338147348149,0.8305404347671398,0.14377201408901696
P_Q1,27,B,SRI12,545,-0.002148020626273048,1915.3364980880788,-1.3570486510251054,0.7,5657215474.946789,5657.215474946789,0.8751200768491836,0.0856726082470559
P_Q1,27,B,SRI12,546,-0.00011475508831619921,1820.863303076887,-1.6564927100848794,0.7039803643708322,5356343099.744344,5356.343099744344,0.8591454086170704,0.09801828725940158
P_Q1,27,B,SRI12,547,0.0,1553.2845148203367,-1.491206233643002,0.7000038738006804,5331537779.749572,5331.537779749572,0.8497883089621803,0.13943145835556978
P_Q1,27,B,SRI12,548,-2.240537554547316,0.0,-0.1747630106964798,0.703140148281161,1557728790.8595793,1557.7287908595792,0.7062297648272673,0.40954210694844706
P_Q1,27,B,SRI12,549,-2.0116809636332514e-05,1803.1286939985882,-2.3308747220066084,0.7,4910214244.845466,4910.214244845466,0.8328174476109155,0.1005799267086491
P_Q1,27,B,SRI12,550,0.0,2061.566899113549,-9.078012256985554e-07,0.7,6424295390.635187,6424.295390635187,0.9121215355605364,0.07037392820293878
P_Q1,27,B,SRI12,551,-0.016853641448246585,2100.0,-0.813871633833882,0.7,6113937251.898355,6113.937251898355,0.898637350126303,0.06895079517557905
P_Q1,27,B,SRI12,552,-0.016750289946132257,2047.0241578496123,-0.8087623387849905,0.7032068465665244,6072694357.857611,6072.694357857611,0.8962891806311594,0.07254420606966236
P_Q1,27,B,SRI12,553,0.0,642.1379615943182,0.0,0.7000001942510671,5261296353.203442,5261.296353203442,0.8252036859145407,0.32653787312769067
P_Q1,27,B,SRI12,557,-0.0013857742556286669,1871.8687966761483,-2.0333445573873594,0.700860031159426,5124200848.975427,5124.200848975427,0.8470487778845126,0.09068915216849892
P_Q1,27,B,SRI12,558,-0.005534666720929513,1521.3429987300287,-1.4585088517908817,0.7170850834641663,5281702265.005632,5281.702265005632,0.8456612231828369,0.1451951471163767
P_Q1,27,B,SRI12,559,-0.0022801543199733633,1829.5090177459556,-2.0333445573873594,0.7008457662998193,5098668693.31217,5098.66869331217,0.8445227167609493,0.09687978083751378
P_Q1,27,B,SRI12,561,0.0,329.555968546553,-0.0038189480438710413,0.7,4727264906.505212,4727.264906505212,0.7819760202084892,0.3694453339025865
P_Q1,27,B,SRI12,563,0.0,392.6133947209597,-0.0039576398801782,0.7000042640990964,4858904352.689655,4858.904352689656,0.7927206745650551,0.3612978973209521
P_Q1,27,B,SRI12,565,-0.007332048610813901,1666.8921171873315,-0.8695312995961726,0.700297235303234,5821944980.258407,5821.944980258407,0.8806702956558864,0.12011242750916139
P_Q1,27,B,SRI12,566,-0.0008582407738634574,856.080709387567,-0.0004232100161540766,0.7,5518698908.288027,5518.698908288026,0.8465862596506208,0.2879353897605579
P_Q1,27,B,SRI12,567,-0.0017901724427185112,2069.8422757337767,-1.4662962457088506,0.7003552333710982,5665381311.479689,5665.3813114796885,0.8775038246700112,0.0697690966663109
P_Q1,27,B,SRI12,569,0.0,1765.2362773113969,-0.8298292139267457,0.7043247132456542,5891888880.989696,5891.888880989695,0.8847973814352295,0.10630803714377203
P_Q1,27,B,SRI12,572,0.0,1799.9103278154298,-0.5385620790692205,0.7110887479711228,6023065639.716503,6023.065639716503,0.8903831785676165,0.10100686661685702
P_Q1,27,B,SRI12,574,-0.2901299738649407,0.0,-1.2259190960315804,0.9179604176706542,283283179.3633431,283.2831793633431,0.5575479417938594,0.40954210694844706
P_Q1,27,B,SRI12,575,-0.9294810070370048,0.0,-1.2493033402714189,0.7395891889910413,885756382.6813636,885.7563826813636,0.6312306542854094,0.40954210694844706
P_Q1,27,B,SRI12,576,-0.0022801543199733633,1829.5090177459556,-0.9802225960838196,0.7008457662998193,5859607928.256299,5859.607928256299,0.883267513430818,0.09687978083751378
P_Q1,27,B,SRI12,577,-2.8381410322240885,0.0,-0.04965846193693568,0.940438207294894,319275259.73216903,319.27525973216905,0.559682641334899,0.40954210694844706
P_Q1,27,B,SRI12,578,-0.1123517947533057,202.93523642391824,-0.00027590258675079873,0.7,4391272190.955334,4391.272190955334,0.7554345892482301,0.38449496566691577
P_Q1,27,B,SRI12,579,0.0,1732.5909273309146,-0.8222508826040503,0.7050949372538825,5871941554.241032,5871.941554241032,0.8833386700821857,0.11039954459743122
P_Q1,27,B,SRI12,580,-0.0017901724427185112,2076.887344303808,-1.4662962457088506,0.7401231042475883,5554677982.280888,5554.677982280888,0.8731632689365639,0.06923542178105097
P_Q1,27,B,SRI12,581,-0.007440750175223851,621.040714979414,-0.00031395228504732097,0.7001748754302543,5231529043.17337,5231.52904317337,0.8225708898139252,0.33009570569609
P_Q1,27,B,SRI12,582,0.0,1826.492441750039,-0.8222508826040503,0.7008549505828918,5948348717.93133,5948.34871793133,0.8883196356779449,0.09727114242003772
P_Q1,27,B,SRI12,583,-0.00222327209001522,1731.7306798458837,-0.9802225960838196,0.7050782392758311,5782152216.831898,5782.152216831898,0.8785000177891626,0.1105062795744832
P_Q1,27,B,SRI12,584,-0.0011488826087996994,1650.752809042635,-1.7188276186306908,0.7074355292345873,5192647689.990304,5192.647689990304,0.8444515601095813,0.12327889849503683
P_Q1,27,B,SRI12,585,-0.08720488634741796,0.0,-0.7634085940111914,0.7006444930342195,1316234361.9346604,1316.2343619346605,0.6791902373074323,0.40954210694844706
P_Q1,27,B,SRI12,586,-0.002120879282996867,1943.06908334932,-1.9558498165122038,0.7037055896298512,5210810151.680632,5210.810151680632,0.8535240331589995,0.0830042338207564
P_Q1,27,B,SRI12,587,0.0,1268.543201910329,0.0,0.7,5900652519.718897,5900.652519718897,0.8777172946241151,0.1979578041057388
P_Q1,27,B,SRI12,588,-0.15570140849239578,0.0,-1.282530049085236,0.7569495608408561,809487392.452967,809.487392452967,0.621766819653467,0.40954210694844706
P_Q1,27,B,SRI12,589,-0.0011329725821269954,1595.943225179424,-1.343958468960412,0.7,5468024444.005962,5468.024444005962,0.8585405770804426,0.1322802148930871
P_Q1,27,B,SRI12,590,0.0,424.4934577386339,0.0,0.7,4920570109.73405,4920.57010973405,0.797630483509446,0.3577044864268688
P_Q1,27,B,SRI12,591,-0.011301791646232517,72.6125881067433,-0.0002571005162475818,0.7,3793511062.757115,3793.511062757115,0.7298893514071229,0.3998648023624009
P_Q1,27,B,SRI12,592,-0.0018524762389914573,98.6408479772816,0.0,0.7,3956718960.4680424,3956.7189604680425,0.7355818835165616,0.3964492830967374
P_Q1,27,B,SRI12,593,-0.2901299738649407,0.0,-0.0510828296989565,0.703760901075192,1586784346.9183252,1586.7843469183251,0.7097875973956668,0.40954210694844706
P_Q1,27,B,SRI12,594,0.0,1444.3494289983878,-0.7384939525143044,0.7,5745469514.340523,5745.469514340522,0.8726651723769878,0.15967552566976195
P_Q1,27,B,SRI12,595,0.0,1969.8154791975671,-0.8676542891731563,0.7032370301659947,5995734848.850819,5995.734848850819,0.8924111431316043,0.07987334116056496
P_Q1,27,B,SRI12,596,0.0,1801.8028663326436,-1.214690169230782,0.7058460040963959,5672150232.9308605,5672.1502329308605,0.8737681004731919,0.10075781833706905
P_Q1,27,B,SRI12,599,-0.0021449508324582612,1521.41009231412,-1.7178723509119194,0.7000149162625261,5122303967.163517,5122.303967163517,0.836019496922475,0.14515956879069272
P_Q1,27,B,SRI12,600,-3.91397935150051,0.0,-0.03580766759956977,0.741490330112665,1387956973.141478,1387.956973141478,0.6866972640267549,0.40954210694844706
P_Q1,27,B,SRI12,601,0.0,1600.38050987949,-1.2959782034579583,0.7,5507275260.998027,5507.275260998027,0.8599281317821185,0.13163980503077524
P_Q1,27,B,SRI12,602,0.0,241.53398007169721,0.0,0.7,4507899629.351148,4507.899629351147,0.7643291706692282,0.37951400007115665
P_Q1,27,B,SRI12,603,-0.0024170232023187853,1625.0540723220904,-2.0125812616317904,0.7009411221234978,4985597153.032531,4985.5971530325305,0.8302202298359839,0.12754829757711603
P_Q1,27,B,SRI12,605,-0.00027322842656717604,2002.2270776675045,-1.5881585128940083,0.7199642322891417,5475556979.150054,5475.556979150054,0.8683601949692247,0.07606646031237768
P_Q1,27,B,SRI12,606,0.0,1517.9816797688368,-0.923254262467547,0.713790438636228,5637780195.163735,5637.780195163736,0.8663678087309212,0.14569324367595263
P_Q1,27,B,SRI12,608,-0.011025289383915192,134.50224840269493,0.0,0.7,4134417380.48379,4134.41738048379,0.7428398619560964,0.3921443056889743
P_Q1,27,B,SRI12,609,-0.006951924854399322,1941.8899644045073,-1.612724505198993,0.7000617161377203,5471612523.055627,5471.612523055627,0.8665812786850251,0.08318212544917636
P_Q1,27,B,SRI12,610,0.0,1239.4369228572632,0.0,0.700006179271788,5877023188.278526,5877.0231882785265,0.8755470167573913,0.20414843277475364
P_Q1,27,B,SRI12,611,0.0,1604.6029784796776,-1.491206233643002,0.7000977806600943,5366188377.89961,5366.18837789961,0.8531326715764757,0.1308215035400434
P_Q1,27,B,SRI12,613,-0.007337114334528141,2068.2470140027044,-0.8492665603846166,0.700294848661867,6074406192.282638,6074.406192282638,0.8971074821218912,0.06998256662041485
P_Q1,27,B,SRI12,614,0.0,1678.0287851752557,-1.626327824555156,0.7001172983165117,5298371085.83018,5298.37108583018,0.8521720567830079,0.11840466787632972
P_Q1,27,B,SRI12,617,-3.844150208750436,0.0,-1.1752135687800513,0.7001886573934791,1072909955.5231559,1072.909955523156,0.6529334329526452,0.40954210694844706
P_Q1,27,B,SRI12,618,0.0,1933.2716034595499,-1.4360108699334546,0.7,5608064598.114692,5608.064598114692,0.8729142206567758,0.08417831856832816
P_Q1,27,B,SRI12,619,-0.002202255441021086,1732.0301799047227,-0.9802225960838196,0.7170928449328394,5734257119.605842,5734.257119605842,0.8763653182481234,0.1105062795744832
P_Q1,27,B,SRI12,621,0.0,1444.3494289983878,0.0,0.7021017549269433,6023452908.664102,6023.452908664101,0.8868253459992175,0.15967552566976195
P_Q1,27,B,SRI12,622,-0.019130174635783925,1038.8097570593718,-0.0032581331381320577,0.7,5701381423.874462,5701.381423874462,0.8598213968050663,0.24830113494858932
P_Q1,27,B,SRI12,623,-0.0009176643699110639,440.42831985353996,0.0,0.7,4949535348.726749,4949.535348726749,0.8005834845412174,0.35592557014266907
P_Q1,27,B,SRI12,624,-4.814351861448461e-07,1179.6315319505286,-2.964715966278093e-06,0.7002867367433495,5825829018.175104,5825.8290181751045,0.8707083644643683,0.217703774860355
P_Q1,27,B,SRI12,625,-1.440682994667519e-07,2021.7174055647556,-0.5913170173451352,0.7122504598023953,6124113285.06753,6124.113285067529,0.8987440851033549,0.07396733909702208
P_Q1,27,B,SRI12,627,-0.1627599104481504,0.0,-1.0366786027742192,0.7078549841126297,1134332451.042119,1134.332451042119,0.6596577365069201,0.40954210694844706
P_Q1,27,B,SRI12,630,-0.0034404622411178167,1214.8118417153646,-0.0038731107444474715,0.7,5855610825.5122175,5855.610825512217,0.87348347386772,0.20969865158145654
P_Q1,27,B,SRI12,631,0.0,1844.0212806039312,-1.6481674055897395,0.7000012750295385,5384678270.997742,5384.6782709977415,0.8612445298324263,0.09492297292489413
P_Q1,27,B,SRI12,632,-7.691276315408669e-07,1801.870301390205,-0.0038731107444474715,0.7000008878967026,6272070091.34204,6272.07009134204,0.9029779058597505,0.10075781833706905
P_Q1,27,B,SRI12,633,0.0,920.9729555101562,0.0,0.7008484202518015,5582440867.745775,5582.440867745775,0.850962393709752,0.2746646742804284
P_Q1,27,B,SRI12,634,-0.0010367627953534798,0.0,-0.8121761598212657,0.7017896549957219,1283618852.4887846,1283.6188524887846,0.6754189347849291,0.40954210694844706
P_Q1,27,B,SRI12,635,-3.482238692271916e-07,358.46622717996735,-0.00026373471709584435,0.7000272682802473,4790746294.739631,4790.746294739631,0.7869214074785641,0.3661365496139751
P_Q1,27,B,SRI12,636,-0.002210482159442465,2051.4055175060407,-1.3528369812841965,0.700369731758286,5736592732.596985,5736.592732596985,0.8808837656099905,0.07122780801935462
P_Q1,27,B,SRI12,638,-0.004228117425947531,1145.3161233684668,-6.0492188557121187e-05,0.7,5797949056.823273,5797.949056823272,0.8684313516205927,0.22581563311630556
P_Q1,27,B,SRI12,639,-0.012895048052944773,1532.831443557935,-0.00045723202463603016,0.7002418588819026,6096332881.68235,6096.3328816823505,0.8916284199665563,0.143522965809229
P_Q1,27,B,SRI12,640,-0.003312405777931862,2050.8912149295656,-1.4074626547383489,0.7,5696262946.96858,5696.26294696858,0.8791404276514747,0.0712633863450386
P_Q1,27,B,SRI12,641,0.0,1876.724153791412,-0.9808288342848136,0.7,5891119420.718707,5891.119420718707,0.8854377912975415,0.09026221226029102
P_Q1,27,B,SRI12,642,-0.011597724826449354,1532.831443557935,-0.8582205082899658,0.700116506740884,5739241833.257739,5739.241833257739,0.8724517024228838,0.143522965809229
P_Q1,27,B,SRI12,643,-0.0021694453294995933,1706.6545659264043,0.0,0.7010059872388343,6208040525.947198,6208.040525947198,0.8994556516170349,0.11424200377130254
P_Q1,27,B,SRI12,644,-0.007692829781734628,1994.5231807693806,-2.1580717596246575,0.7040293443646057,5114962704.567768,5114.962704567768,0.849539260682392,0.07695591845447752
P_Q1,27,B,SRI12,646,-0.0016569760459782673,1638.6028996336995,-1.8420207166738187,0.700000017484169,5103921249.430909,5103.9212494309095,0.8373358949727825,0.12502223645355248
P_Q1,27,B,SRI12,647,-0.001129514690134923,65.72450216182585,-0.000443225670220234,0.7000024956123502,3742863076.100427,3742.863076100427,0.7283594834027112,0.4007542605045007
P_Q1,27,B,SRI12,648,0.0,157.05034211308885,0.0,0.7002481970509468,4226929832.2676,4226.9298322676,0.7468957910840717,0.3894403529369908
P_Q1,27,B,SRI12,649,-0.02477704746761534,1520.9084246265563,-1.1742805960088227,0.7001523542597458,5538419540.639828,5538.419540639828,0.8586828903831786,0.14555093037321662
P_Q1,27,B,SRI12,650,-0.004894796634067236,1739.6255355163776,-0.922604709813688,0.7483697578993395,5642879147.173909,5642.87914717391,0.8717401359092039,0.10940335147827941
P_Q1,27,B,SRI12,652,-0.0014949796303032892,0.0,-1.2259190960315804,0.7002638687631302,1034634016.3401047,1034.6340163401046,0.648806347173302,0.40954210694844706
P_Q1,27,B,SRI12,654,-0.004978278027969818,2088.2521672647795,-0.5388116476464014,0.713113133540727,6180194748.334813,6180.194748334813,0.9008432063187106,0.06866616857010709
P_Q1,27,B,SRI12,655,-0.004894796634067236,1740.3156430085442,-0.922604709813688,0.701110382341306,5837970981.245376,5837.970981245376,0.8813462838438824,0.10940335147827941
P_Q1,27,B,SRI12,656,-2.5535401158522774e-05,1698.9020753878665,-2.1741448170910926,0.7000030953465346,4931995118.505847,4931.995118505847,0.8290817234140961,0.11534493186750633
P_Q1,27,B,SRI12,657,-4.0,0.0,-0.9805574696695888,0.7009440939667929,1192406779.6508193,1192.4067796508193,0.6659195218273029,0.40954210694844706
P_Q1,27,B,SRI12,658,0.0,1706.2789979284257,-0.8797033798679664,0.7531743244174676,5620317995.536733,5620.317995536732,0.8701035329277402,0.11434873874835452
P_Q1,27,B,SRI12,659,-0.004956887082598869,1841.8368726555948,-0.5239467556876938,0.7001279923182129,6109799610.41284,6109.79961041284,0.8946169993240118,0.0951720212046821
P_Q1,27,B,SRI12,660,-0.00010724504764247304,85.66517400409953,-0.00041468077031137605,0.7,3880026842.25777,3880.02684225777,0.7322730992279503,0.39801472942683325
P_Q1,27,B,SRI12,661,0.0,409.65068825101724,0.0,0.7,4892815863.678489,4892.815863678488,0.7954602056427226,0.35955455936243647
P_Q1,27,B,SRI12,662,-0.00013494350681288354,1816.8212509848076,-1.4190844962981517,0.7007122592327375,5549072430.979296,5549.072430979296,0.8681467250151207,0.09865869712171348
P_Q1,27,B,SRI12,663,-0.0022304505130465394,1313.6500670027594,0.0,0.7000138187679897,5936307799.159286,5936.307799159285,0.8804568257017825,0.18785355961148464
P_Q1,27,B,SRI12,664,-0.001548580095437374,37.865396123640835,0.0,0.7000138187679897,3483602218.6173043,3483.6022186173045,0.7218486498025404,0.4045255630270039
P_Q1,27,B,SRI12,665,-7.60232187657713e-07,0.0,-1.0650285347508284,0.7211332553624694,1066789582.4375399,1066.78958243754,0.6523997580673855,0.40954210694844706
P_Q1,27,B,SRI12,667,-0.9294810070370048,0.0,-0.8580783044902756,0.7002766494605472,1264030030.9472435,1264.0300309472434,0.6730707652897855,0.40954210694844706
P_Q1,27,B,SRI12,668,0.0,680.6860543273089,0.0,0.7000010007711011,5312003375.822788,5312.003375822788,0.8291884583911481,0.3197068345963639
P_Q1,27,B,SRI12,671,0.0,1753.0531334025386,-1.5729593900053527,0.7002019265098738,5389658229.889068,5389.658229889068,0.8582559504749708,0.1078734834738677
P_Q1,27,B,SRI12,673,-0.007678696923781034,1721.1052784071535,-1.4341278817156022,0.7000589393676255,5479946158.699718,5479.946158699719,0.861956096346106,0.11182267762479096
P_Q1,27,B,SRI12,674,-0.00418407709443501,0.0,-1.282530049085236,0.702936813719738,989348732.5881873,989.3487325881873,0.6432917066922831,0.40954210694844706
P_Q1,27,B,SRI12,675,-0.17946227784247462,0.0,-1.637687770099772,0.7508952810609795,598926049.289585,598.926049289585,0.5936243640374284,0.40954210694844706
P_Q1,27,B,SRI12,676,0.0,1544.6858781855103,-1.0922535981620884,0.7001263965623981,5613904979.353449,5613.904979353449,0.8649090973778774,0.14117479631408547
P_Q1,27,B,SRI12,677,-1.3659982205559826,0.0,-1.6351730449888964,0.9444462027472972,134149684.80080509,134.1496848008051,0.5406838154196463,0.40954210694844706
P_Q1,27,B,SRI12,678,-0.000976420404897922,2090.1771610082683,-1.711874590874085,0.706911638308283,5462880444.535435,5462.880444535434,0.8693563880883766,0.06855943359305511
P_Q1,27,B,SRI12,679,-2.281235690811882e-05,1890.1609335422654,-2.1139111939782493,0.7001795941619996,5084590543.719751,5084.590543719752,0.8444871384352652,0.08855445262745933
P_Q1,27,B,SRI12,680,0.0,253.3882168433724,0.0,0.7,4540834140.608275,4540.834140608275,0.7665350268616358,0.37812644536948087
P_Q1,27,B,SRI12,681,-0.003726210747914349,1620.6482876983134,-1.468014430192323,0.7018387164464697,5387568690.10324,5387.56869010324,0.8552317927918313,0.12836659906784786
P_Q1,27,B,SRI12,682,-0.0032904751225328746,2043.0806268270946,-1.2180903384157808,0.7,5831258690.20746,5831.25869020746,0.8851175863663856,0.07211726616145445
P_Q1,27,B,SRI12,683,-0.0033588703712639986,2075.3273218638315,-1.092083094810294,0.7007296620448336,5938327695.902218,5938.327695902218,0.8899562386594084,0.06930657843241896
P_Q1,27,B,SRI12,684,-0.0002002434190853127,1713.2832403102043,-1.2658367742141046,0.7002638687631302,5600815643.69867,5600.81564369867,0.8671505318959688,0.11289002739531077
P_Q1,27,B,SRI12,685,-0.04377972801216545,0.0,-0.17850471990644085,0.7107832326011387,1515585512.4620981,1515.5855124620982,0.7011776425801403,0.40954210694844706
P_Q1,27,B,SRI12,686,-0.0011488826087996994,1629.6567136900246,-1.7188276186306908,0.7079086204053624,5177672178.038973,5177.672178038973,0.8433486320133775,0.12680115273775214
P_Q1,27,B,SRI12,687,0.0,53.39386173545245,-0.004195494289313428,0.7,3640107709.2927527,3640.1077092927526,0.7255487956736757,0.4024264418116483
P_Q1,27,B,SRI12,689,0.0,1719.2548852731488,-1.5882953730160763,0.7000789202983271,5356021876.524224,5356.021876524224,0.8550539011634113,0.11196499092752697
P_Q1,27,B,SRI12,691,-0.1619525161444965,0.0,-2.709174830506867,0.7523385770365985,102569778.10078388,102.56977810078388,0.5379798626676627,0.40954210694844706
P_Q1,27,B,SRI12,692,-0.011606947059751207,1854.6670229099034,-1.0444164398600215,0.7091366900356881,5806247462.461994,5806.2474624619945,0.8812395488668303,0.09385562315437433
P_Q1,27,B,SRI12,693,-3.9975943094493296,0.0,-0.9301142310621802,0.7000405969350891,1226163156.6517513,1226.1631566517513,0.6696552460241222,0.40954210694844706
P_Q1,27,B,SRI12,695,-0.00725858360325533,1994.5231807693806,-1.3387938971557485,0.7037307838486697,5706516798.350124,5706.516798350124,0.8784644394634789,0.07695591845447752
P_Q1,27,B,SRI12,697,-0.024662513767544098,212.24096722482926,0.0,0.7,4420839787.700856,4420.8397877008565,0.7578539153947417,0.3826093144056641
P_Q1,27,B,SRI12,700,-2.0034314081437336e-05,1595.943225179424,-1.3791867398271425,0.7,5439536693.89773,5439.5366938977295,0.8573309140071866,0.1322802148930871
P_Q1,27,B,SRI12,702,-0.3139673556000848,0.0,-0.023413725852017453,0.7161461056247693,1525691102.948763,1525.6911029487628,0.7028498238872879,0.40954210694844706
P_Q1,27,B,SRI12,704,-0.00012345717902347442,1704.222099417701,-1.3589339068260575,0.7011776627215278,5521973562.939039,5521.973562939039,0.8642331091898815,0.11452663037677448
P_Q1,27,B,SRI12,705,0.0,1578.3607978292703,-1.2959782034579583,0.718661504259726,5430660857.3835945,5430.660857383595,0.8546269612552032,0.13594478243853844
P_Q1,27,B,SRI12,706,0.0,172.54796322227048,0.0,0.7,4286996963.8020425,4286.996963802042,0.750204575372683,0.3870566051161632
P_Q1,27,B,SRI12,707,-0.01878905959056941,0.0,0.0,0.705114829434678,1592486879.9521458,1592.4868799521457,0.7100366456754545,0.40954210694844706
P_Q1,27,B,SRI12,708,-0.0016569760459782673,1605.7750514980287,-1.8420207166738187,0.7002167545797648,5081618366.968922,5081.618366968922,0.8350233038033229,0.13064361191162344
P_Q1,27,B,SRI12,709,0.0,1500.3072233455919,-0.8250147942358865,0.7038302206712455,5721421957.996399,5721.421957996399,0.8708862560927881,0.14921549791866795
P_Q1,27,B,SRI12,710,-0.00018601098619891606,1923.5563690997874,-1.6352478293895492,0.7050217533158748,5431926848.520766,5431.926848520766,0.8648023624008254,0.08499662005906002
P_Q1,27,B,SRI12,711,-0.2743616205930136,0.0,-1.2259190960315804,0.733801803561827,918882271.5011109,918.882271501111,0.6352510050877007,0.40954210694844706
P_Q1,27,B,SRI12,712,-0.0004619529975793549,1514.6155186556775,-1.0193262186535463,0.7002535279803291,5635574861.141953,5635.574861141953,0.8662254954281852,0.14604902693279254
P_Q1,27,B,SRI12,713,-0.31594748057330646,335.7845197481475,0.0,0.7,4742028158.121373,4742.028158121373,0.7782758743373537,0.372433913260042
P_Q1,27,B,SRI12,716,-0.00031426556833096843,1109.1344739743652,-6.0647187434402326e-05,0.7000017789838879,5766109092.096016,5766.109092096016,0.8658697121713451,0.23307361155584017
P_Q1,27,B,SRI12,717,0.0,1753.0531334025386,-1.4241812556757392,0.7002019265098738,5506761680.834992,5506.761680834992,0.8644110008183015,0.1078734834738677
P_Q1,27,B,SRI12,719,-0.0033131982041012644,2075.3273218638315,-1.3343272980487195,0.7001439950149418,5765533576.969518,5765.5335769695175,0.8820222720318782,0.06930657843241896
P_Q1,27,B,SRI12,720,-0.013186456830039432,0.0,-0.66981956359473,0.7009343119750979,1360821502.009897,1360.821502009897,0.6842423595545593,0.40954210694844706
P_Q1,27,B,SRI12,721,-0.11647976735254703,194.79924930124412,-0.00027590258675079873,0.7008575545442786,4359933166.116206,4359.933166116206,0.7530864197530865,0.3852065321805956
P_Q1,27,B,SRI12,723,-0.006874277284692663,143.95208851094048,0.0,0.7001251051649553,4174435024.0321527,4174.435024032153,0.74447646493756,0.3907567509872986
P_Q1,27,B,SRI12,724,-0.0029807898465336186,1867.876749536879,-1.441121349902565,0.7016288878809297,5560644417.776109,5560.644417776109,0.8696410146938485,0.09118724872807482
P_Q1,27,B,SRI12,725,-0.00217181634383889,1883.6936984451268,-1.9582963096395187,0.7000466477264782,5181146912.312997,5181.146912312997,0.8496815739851283,0.08930159746682323
P_Q1,27,B,SRI12,726,-0.00692952209831851,1890.7997587464952,-1.6594672505330859,0.7,5406239738.906896,5406.239738906896,0.8629167111395737,0.08844771765040736
P_Q1,27,B,SRI12,727,-0.0004115120206280693,565.9117407824258,-0.011618586091126648,0.7000617161377203,5150332029.888154,5150.3320298881545,0.8159177429110187,0.3377806240438325
P_Q1,27,B,SRI12,728,-0.24725805785718927,0.0,-0.8143348520658117,0.7045532629224242,1271000764.922826,1271.000764922826,0.6741381150603053,0.40954210694844706
P_Q1,27,B,SRI12,729,-0.0003351309992917918,1806.1673912561632,-2.034490990514432,0.7000120327325828,5085262803.121115,5085.262803121114,0.8427793788024336,0.10018856512612519
P_Q1,27,B,SRI12,730,-0.0022801543199733633,2073.679090600254,-2.051250630695449,0.7008448370274901,5227301690.674157,5227.301690674157,0.8574732273099228,0.06937773508378695
P_Q1,27,B,SRI12,731,-2.087193365399471e-05,299.6639265075912,0.0,0.7001152319348612,4658538643.129396,4658.538643129396,0.775607499911054,0.37300316647098586
P_Q1,27,B,SRI12,732,-1.614655680286963e-06,1861.9291229628382,-1.119825803899347,0.7002618768227845,5799463278.491752,5799.463278491751,0.8809193439356745,0.0919699718931227
P_Q1,27,B,SRI12,733,-8.482126715809264e-06,1743.013252487413,-2.0916250399729055,0.851855253341397,4804734387.8255,4804.7343878255,0.8230334080478173,0.10908314654712349
P_Q1,27,B,SRI12,734,-0.11877429459965871,0.0,-0.8761940432112592,0.9910248336143417,37672210.77410172,37.67221077410172,0.531646920695912,0.40954210694844706
P_Q1,27,B,SRI12,735,-7.109024110786373e-07,2013.2620400234803,-1.0658219247560472,0.7000007767503656,5921054717.036151,5921.054717036151,0.8881773223752092,0.07471448393638595
P_Q1,27,B,SRI12,736,-2.9903721668612184,0.0,-0.0071738410368538605,0.7011509706966659,1612039452.6184728,1612.0394526184728,0.7122780801935461,0.40954210694844706
P_Q1,27,B,SRI12,737,-0.0004529746019499097,1978.51749912829,-0.8082490922821315,0.7041985046446322,6030025771.697182,6030.025771697182,0.893905432810332,0.07887714804141314
P_Q1,27,B,SRI12,738,0.0,1765.2362773113969,-2.0135344601688887,0.7043247132456542,5070910813.985645,5070.910813985645,0.8402177393531862,0.10630803714377203
P_Q1,27,B,SRI12,739,-0.0033131982041012644,1835.550082340747,-1.3358272185617164,0.7000362790194284,5626785876.299288,5626.785876299288,0.871846870886256,0.09595474436972998
P_Q1,27,B,SRI12,740,0.0,1757.7768780422764,-0.7665929615071128,0.7,5940600022.614214,5940.600022614214,0.8879282740954211,0.1074109652399758
P_Q1,27,B,SRI12,742,-2.0116809636332514e-05,2019.3043011866168,-2.3308747220066084,0.7001055211644596,5037351898.537634,5037.351898537634,0.8464439463478847,0.07421638737681005
P_Q1,27,B,SRI12,743,-0.00039679122586568603,828.35636144262,0.0,0.700001066012698,5488367452.9802,5488.3674529802,0.8436332586188493,0.2931654036361049
P_Q1,27,B,SRI12,744,-0.00010344989429428818,1659.3374400789482,-1.196730226346749,0.7,5614129125.979091,5614.1291259790905,0.8676842067812288,0.12164229551357314
P_Q1,27,B,SRI12,745,-0.0003363406552026662,277.46744770032063,0.0,0.7000017575754597,4604269707.123365,4604.269707123365,0.7718717757142348,0.3756359625716012
P_Q1,27,B,SRI12,746,-0.0008931128643803283,2057.3146961798802,-2.1444299621859795,0.7003752565909348,5162938245.922222,5162.938245922222,0.8531682499021598,0.07076528978546272
P_Q1,27,B,SRI12,747,-1.6694458113879012e-05,1623.07744008248,-1.5874877684014903,0.7000025491502418,5294429038.860221,5294.429038860221,0.8501085138933363,0.12790408083395596
P_Q1,27,B,SRI12,748,-1.2196959375139423e-05,1908.45344716613,-1.8249352425381684,0.7038716934264118,5278716748.286116,5278.716748286116,0.8565126125164549,0.08613512648094782
P_Q1,27,B,SRI12,749,0.0,1457.9229394384615,-2.093290567171498,0.7,4813874736.350033,4813.874736350032,0.8116839221546234,0.15746966947735444
P_Q1,27,B,SRI12,750,-2.775481907599307,0.0,-1.067970379013385,0.9411330894138625,224903671.28228518,224.9036712822852,0.5508592165652684,0.40954210694844706
P_Q1,27,B,SRI12,752,-0.012457337627002796,9.226970363526334,0.0,0.7001259688658862,2954607753.9471245,2954.6077539471244,0.7150531895968975,0.4084747571779272
P_Q1,27,B,SRI12,753,-0.005512031365238332,1512.0690811654122,-1.3358272185617164,0.7000362790194284,5415928324.888923,5415.928324888922,0.8527413099939517,0.1467605934464724
P_Q1,27,B,SRI12,754,-4.106108868060171e-05,2043.0806268270946,-2.1588171919460946,0.7,5146991571.444521,5146.991571444521,0.8521720567830078,0.07211726616145445
P_Q1,27,B,SRI12,755,-0.00016086922753757006,1508.9860062418259,-0.9248769405974329,0.713790438636228,5630475605.115076,5630.475605115076,0.8656206638915571,0.14732984665741633
P_Q1,27,B,SRI12,756,-0.001129514690134923,18.446147124239985,-0.00043900947327743436,0.7000024956123502,3192482195.288061,3192.482195288061,0.7174013590920412,0.4073718290817234
P_Q1,27,B,SRI12,757,-0.00012296516860696807,1875.6713224049427,-1.1717560191335816,0.7057887922033326,5749241416.624541,5749.241416624542,0.8783221261607428,0.09033336891165901
P_Q1,27,B,SRI12,758,-0.31594748057330646,143.49261510249858,-0.00012580752488002694,0.7,4173113966.3377323,4173.113966337733,0.7424485003735724,0.39228661899171025
P_Q1,27,B,SRI12,759,-0.00192257729970546,1642.3420032817737,-2.2751783976040727,0.7001236360291112,4836132580.817686,4836.132580817686,0.8215035400434056,0.1244174049169246
P_Q1,27,B,SRI12,760,-0.0009342900620003795,1682.8211814418023,-0.8243947280150579,0.701797795398882,5853719530.948926,5853.719530948926,0.882057850357562,0.11790657131675385
P_Q1,27,B,SRI12,761,-0.16986392477923573,0.0,-1.4730986841959992,0.7052332810231295,843561453.8079673,843.5614538079673,0.6250400256163945,0.40954210694844706
P_Q1,27,B,SRI12,763,-0.015905161002362563,1752.2018061732822,-1.1276867764439835,0.7188593676399663,5657105261.4759,5657.1052614759,0.87223823246878,0.1083360017077596
P_Q1,27,B,SRI12,764,-1.477461129307964e-06,1703.8946388017312,-1.2021544710977463,0.700110361129577,5638435758.629609,5638.435758629609,0.8699612196250045,0.11459778702814247
P_Q1,27,B,SRI12,765,-0.3042597782271229,397.6977964613805,0.0,0.7000042093089701,4869731374.931221,4869.731374931221,0.7879531789234,0.36485572988935144
P_Q1,27,B,SRI12,766,-3.847529298956802e-06,1401.6488195861734,-0.00046191513298671704,0.7002462257719645,6002029665.716312,6002.029665716313,0.8855089479489094,0.16885473369623227
P_Q1,27,B,SRI12,767,0.0,1508.4942384282358,-1.0794412420926953,0.7,5595834230.2779255,5595.834230277926,0.8631301810936777,0.1474010033087843
P_Q1,27,B,SRI12,768,-0.013186456830039432,0.0,-1.2514454333291019,0.701088991987663,1015183856.0011991,1015.1838560011992,0.6466360693065784,0.40954210694844706
P_Q1,27,B,SRI12,769,-0.00012345717902347442,1687.307973938334,-1.605886571128833,0.7012197082165015,5318226974.170261,5318.226974170261,0.8530970932507917,0.11708826982602201
P_Q1,27,B,SRI12,770,-7.866636847624293e-06,0.0,-1.1001668190640737,0.7000221899370773,1126951000.2441576,1126.9510002441575,0.658732700039136,0.40954210694844706
P_Q1,27,B,SRI12,772,-1.6692245771261316e-05,2069.0232582563963,-1.1502466447565243,0.7005428879770549,5896736166.691638,5896.736166691638,0.8883907923293128,0.0697690966663109
P_Q1,27,B,SRI12,773,-0.0021613312356915113,1739.0934602522102,-2.027348613511017,0.7048338739227414,5042033682.521956,5042.0336825219565,0.8375493649268867,0.10951008645533139
P_Q1,27,B,SRI12,775,-5.6681833344398094e-05,1876.7981363359438,-1.298907375311368,0.7,5679948052.125754,5679.948052125755,0.8749777635464475,0.09026221226029102
P_Q1,27,B,SRI12,776,-0.0011562267307125185,1855.6976682487052,-1.5155436438540086,0.7037313309998988,5496007112.536033,5496.007112536033,0.8660120254740811,0.0930373216636425
P_Q1,27,B,SRI12,778,-0.020273528604059905,1063.285240262931,0.0,0.7000004833573183,5724731557.040202,5724.7315570402025,0.8614224214608461,0.24307112107304232
P_Q1,27,B,SRI12,779,0.0,1883.0182306159327,-1.336469515043544,0.7055624623916876,5637364145.152348,5637.364145152347,0.8730565339595118,0.0893727541181912
P_Q1,27,B,SRI12,780,-0.008231737614760343,1908.45344716613,-1.4159194748291946,0.7038716934264118,5596244296.963826,5596.244296963826,0.87188244921194,0.08613512648094782
P_Q1,27,B,SRI12,783,-1.0588584695062075e-05,1768.8572468670081,-0.7477180708437778,0.7000028934750727,5957502735.288917,5957.5027352889165,0.8888533105632049,0.10570320560714415
P_Q1,27,B,SRI12,784,0.0,596.6864763526892,0.0,0.7,5198355899.511896,5198.3558995118965,0.8199025153876258,0.33322659835628127
P_Q1,27,B,SRI12,785,-3.6522929676270204,0.0,-2.000466006544535,0.7,462349826.7105481,462.3498267105481,0.5794997687408829,0.40954210694844706
P_Q1,27,B,SRI12,786,0.0,775.704474787469,0.0,0.7,5428522576.324195,5428.522576324195,0.8385811363717224,0.30287828654783505
P_Q1,27,B,SRI12,787,0.0,727.3059817541282,0.0,0.7,5370571090.319131,5370.571090319131,0.8339915323584873,0.3117017113174654
P_Q1,27,B,SRI12,789,0.0,1835.3381177151412,-3.2423336057090975,0.9465799131451156,4672174236.238951,4672.1742362389505,0.8174831892411141,0.09599032269541397
P_Q1,27,B,SRI12,790,0.0,618.2642487329006,0.0,0.7,5228639159.216744,5228.639159216745,0.8223929981855052,0.3307005372327178
P_Q1,27,B,SRI12,791,0.0,802.5473892461852,0.0,0.7,5459348955.345915,5459.348955345915,0.8414629807521259,0.298181947557548
P_Q1,27,B,SRI12,792,-3.6522929676270204,0.0,-0.8945594739389047,0.7,1245855455.7449622,1245.8554557449622,0.6716476322624259,0.40954210694844706
P_Q1,27,B,SRI12,793,-0.001243204369480716,1435.1366040108353,0.0,0.7010348518672702,6022527994.534316,6022.527994534316,0.8867541893478493,0.16159675525669764
P_Q1,27,B,SRI12,794,0.0,459.7794282013136,0.0,0.7,4983665397.334645,4983.665397334646,0.8030383890134133,0.3533283523677376
P_Q1,27,B,SRI12,795,-2.165028827237719,0.0,-1.050554087409779,0.9937042549085219,24384309.61836229,24.384309618362288,0.5301882093428684,0.40954210694844706
P_Q1,27,B,SRI12,796,-0.0007168773479976544,1950.6303394203035,-2.1942756700772055,0.7,5074452249.297041,5074.452249297041,0.8461237414167287,0.08218593233002457
P_Q1,27,B,SRI12,799,0.0,1315.2741408272427,0.0,0.7,5937643730.05547,5937.643730055471,0.8804924040274664,0.18746219802896075
P_Q1,27,B,SRI12,801,-2.4455562663176096,0.0,-0.9950605611038804,0.8871453000769179,447368412.8466846,447.3684128466846,0.5755505745899598,0.40954210694844706
P_Q1,27,B,SRI12,803,0.0,1825.4482487275843,-2.037077162889083,0.7,5093891850.273226,5093.891850273226,0.8437399935959013,0.09748461237414167
P_Q1,27,B,SRI12,804,0.0,1397.0657911610476,0.0,0.7,6000021254.751561,6000.021254751561,0.8854377912975415,0.1697441918383321
P_Q1,27,B,SRI12,805,0.0,1146.8620183986757,0.0,0.7,5799286496.364545,5799.286496364545,0.8685380865976448,0.22545984985946566
P_Q1,27,B,SRI12,807,-2.250789009450514,0.0,-1.751303540089468,0.7373578578574965,555138000.9038522,555.1380009038522,0.5881453018820935,0.40954210694844706
P_Q1,27,B,SRI12,808,0.0,18.284741597641613,0.0,0.7,3189301904.1862493,3189.3019041862494,0.7173302024406732,0.4073718290817234
P_Q1,27,B,SRI12,809,0.0,1813.0041705241902,-1.3111236650973035,0.700269480841297,5630838371.399371,5630.838371399371,0.8714910876294162,0.09933468530970933
P_Q1,27,B,SRI12,810,0.0,534.3770620718565,0.0,0.7,5105902604.401328,5105.902604401328,0.8123243320169353,0.3432596861991675
P_Q1,27,B,SRI12,811,-2.9014334145202607,0.0,-2.1916639025996667,0.7159910257893305,323808950.2792695,323.80895027926954,0.5617461842245703,0.40954210694844706
P_Q1,27,B,SRI12,812,0.0,1701.2716972705182,-1.3505828260567423,0.7002309202656168,5530716686.048291,5530.716686048291,0.8644465791439854,0.1149535702849824
P_Q1,27,B,SRI12,813,0.0,421.797299755853,0.0,0.7,4915585785.686779,4915.585785686779,0.7972747002526062,0.35809584800939265
P_Q1,27,B,SRI12,814,0.0,823.7002999483723,-0.002847237509872258,0.7,5482427064.252863,5482.427064252863,0.8430640054079055,0.2940192834525207
P_Q1,27,B,SRI12,815,0.0,967.8221776168932,0.0,0.7,5634092185.241999,5634.092185241999,0.8550894794890953,0.26452485146049026
P_Q1,27,B,SRI12,816,-2.2619914288219305,0.0,-1.07777734095637,0.7136770450065353,1088112456.9630258,1088.1124569630258,0.6547123492368448,0.40954210694844706
P_Q1,27,B,SRI12,817,-2.0918764051716123,0.0,-1.2181168298527218,0.7384867957280535,907796883.9323298,907.7968839323298,0.6333297755007649,0.40954210694844706
P_Q1,27,B,SRI12,818,-0.005344141652554205,1881.1043263061265,-1.497445841114773,0.7002581481512061,5535287454.516683,5535.287454516682,0.8683601949692247,0.08958622407229516
P_Q1,27,B,SRI12,819,0.0,1574.9038352402324,-1.5548581091062732,0.7000631239949489,5287309532.0386095,5287.309532038609,0.8485786458889246,0.13637172234674638
P_Q1,27,B,SRI12,820,0.0,1355.09081478689,0.0,0.7000401374261387,5968178990.3810835,5968.178990381083,0.8828405735226098,0.17892339986480235
P_Q1,27,B,SRI12,821,0.0,1948.5620000948752,-1.1081497931577093,0.7790044934930624,5561183770.759679,5561.183770759679,0.8716689792578362,0.08239940228412851
P_Q1,27,B,SRI12,822,0.0,665.4938693108793,0.0,0.7,5292296540.320783,5292.296540320783,0.8276585903867364,0.3223752090226635
P_Q1,27,B,SRI12,824,-2.703658006618287,0.0,-1.0776689459554263,0.9239537818964673,289096979.8577987,289.0969798577987,0.5581883516561712,0.40954210694844706
P_Q1,27,B,SRI12,825,-0.011128257234910151,1800.7564164803393,-1.477321309046416,0.7213627226194731,5441536485.360942,5441.536485360942,0.8630946027679938,0.10139822819938095
P_Q1,27,B,SRI12,827,0.0,1803.7848371042326,-0.00665816793877266,0.7,6272521253.057597,6272.521253057597,0.9030134841854346,0.10043761340591313
P_Q1,27,B,SRI12,828,-0.04960910511426819,912.4683314634057,0.0,0.7,5578160064.238799,5578.160064238799,0.8489700074714484,0.2780090368947237
P_Q1,27,B,SRI12,829,0.0,1998.1091857638473,-1.6458268635081654,0.7,5477667367.02237,5477.66736702237,0.8690006048315368,0.07638666524353362
P_Q1,27,B,SRI12,830,0.0,1473.828078567476,0.0,0.7,6056136762.850871,6056.1367628508715,0.8891379371686767,0.154374355142847
P_Q1,27,B,SRI12,831,-1.2900771359116665,0.0,-1.4128575176906888,0.7517973227314179,743308173.5397003,743.3081735397003,0.612658768278365,0.40954210694844706
P_Q1,27,B,SRI12,832,0.0,1973.7261238981412,-1.107476920506072,0.7216425562995897,5791007072.458733,5791.007072458732,0.8826271035685059,0.07944640125235708
P_Q1,27,B,SRI12,833,-0.0005126484500091663,1699.1319372526766,-1.4501914430285352,0.7000030335136799,5455227400.801649,5455.227400801649,0.8606752766214822,0.11534493186750633
P_Q1,27,B,SRI12,835,0.0,710.01178341483,-0.006710850691442012,0.7,5347325359.444873,5347.325359444872,0.8319279894688153,0.31419219411534494
P_Q1,27,B,SRI12,836,0.0,1871.412540002847,-2.01733095362172,0.7,5138838992.6133585,5138.838992613359,0.8477603443981926,0.0907247304941829
P_Q1,27,B,SRI12,837,0.0,223.93443963266205,0.0,0.7,4456614217.029252,4456.614217029252,0.7608424947521968,0.38147080798377636
P_Q1,27,B,SRI12,838,-1.6141377052554304,219.10481809679922,0.0,0.7,4440835475.140086,4440.835475140087,0.7362222933788736,0.398939765894617
P_Q1,27,B,SRI12,840,0.0,1673.588491049918,-1.144945521129963,0.7378551053417636,5527686543.510864,5527.686543510864,0.8632013377450457,0.11904507773864165
P_Q1,27,B,SRI12,841,0.0,1948.7580006947414,-1.5451984463638015,0.7,5531232426.129737,5531.232426129737,0.8697477496709006,0.08239940228412851
P_Q1,27,B,SRI12,843,-0.0005126484500091663,1699.1319372526766,-1.3718836931776874,0.7000030335136799,5513477089.176286,5513.4770891762855,0.8638417476073575,0.11534493186750633
P_Q1,27,B,SRI12,844,-0.002414511415038803,1796.9863382527092,-1.3331351451584301,0.700269480841297,5603553857.080072,5603.553857080073,0.8698189063222684,0.10132707154801296
P_Q1,27,B,SRI12,845,-0.013035852309365279,1650.6007539110701,-1.1716662005352219,0.7,5629474188.184056,5629.474188184056,0.8681467250151207,0.12370583840324476
P_Q1,27,B,SRI12,846,0.0,272.4856116097208,0.0,0.7,4591512908.1558,4591.5129081558,0.7709467392464512,0.3760629024798093
P_Q1,27,B,SRI12,847,0.0,210.6185521055209,0.0,0.7,4415765701.612351,4415.765701612351,0.7576048671149537,0.383000675988188
P_Q1,27,B,SRI12,848,0.0,1896.4740817900843,-1.6065862432335203,0.7652871126003014,5287636354.875115,5287.636354875115,0.8572241790301349,0.08773615113672752
P_Q1,27,B,SRI12,849,0.0,1217.8262455123406,0.0,0.7,5859268270.310377,5859.268270310377,0.8738392571245599,0.20902266339346062
P_Q1,27,B,SRI12,851,-3.561532269543456,0.0,-1.0108814261254857,0.7,1180041677.9709287,1180.0416779709287,0.6652079553136228,0.40954210694844706
P_Q1,27,B,SRI12,852,0.0,1727.361504723275,-1.0947895972933561,0.7,5733767605.841388,5733.767605841388,0.8751912335005516,0.11079090617995518
P_Q1,27,B,SRI12,853,0.0,1787.5178960888156,-1.574073498655178,0.7423912699563067,5300815597.777037,5300.815597777037,0.8554808410716193,0.10292809620379265
P_Q1,27,B,SRI12,854,0.0,1800.5874335097965,-0.9866224340780763,0.7005493755326574,5839975062.473344,5839.975062473344,0.882057850357562,0.10090013163980505
P_Q1,27,B,SRI12,855,-2.2832010450289224,0.0,-0.9920419480002474,0.9860276036042467,55588127.956150785,55.588127956150785,0.5335681502828477,0.40954210694844706
P_Q1,27,B,SRI12,857,0.0,407.0002368464431,0.0,0.7,4887790797.175352,4887.790797175352,0.7951755790372508,0.35991034261927635
P_Q1,27,B,SRI12,858,-3.585958448075646e-05,29.2067711051291,0.0,0.7,3372821016.7820582,3372.8210167820585,0.7198918418899206,0.4059131177286798
P_Q1,27,B,SRI12,859,0.0,1711.4504622508261,-0.6163854742347287,0.7007852478367959,5981159878.146882,5981.159878146882,0.8882129007008929,0.11321023232646672
P_Q1,27,B,SRI12,860,0.0,393.7694822345842,-0.001192473120997085,0.7,4862151305.7864065,4862.151305786407,0.793040879496211,0.36119116234390014
P_Q1,27,B,SRI12,861,0.0,1818.1897330748166,-1.9350735932935808,0.7,5155062083.389467,5155.062083389467,0.8467641512790408,0.09858754047034549
P_Q1,27,B,SRI12,863,0.0,1890.3641723664025,-2.12462119945743,0.7060969287288672,5069693325.867464,5069.693325867464,0.8437399935959015,0.08855445262745933
P_Q1,27,B,SRI12,864,-2.5370631424544654,0.0,-0.7650535385895804,0.7,1318433090.0986989,1318.4330900986988,0.6795460205642722,0.40954210694844706
P_Q1,27,B,SRI12,865,0.0,0.0,-1.0989745831699607,0.7,1127833185.2391117,1127.8331852391116,0.65876827836482,0.40954210694844706
P_Q1,27,B,SRI12,866,-1.5181498962239988,0.0,-0.9927873340430843,0.9765695034832144,93078899.66696456,93.07889966696456,0.5376240794108229,0.40954210694844706
P_Q1,27,B,SRI12,867,-0.004057230772221513,2057.6819897405016,-0.9476538104865712,0.7319916087765149,5884361121.923848,5884.361121923848,0.8873590208844773,0.07076528978546272
P_Q1,27,B,SRI12,868,0.0,254.62001649865206,-0.002174721500926801,0.7,4543675598.869377,4543.675598869377,0.7668552317927919,0.37798413206674486
P_Q1,27,B,SRI12,869,-3.7204851114381428,0.0,-1.3086854548379978,0.7384538496154308,852279217.2961695,852.2792172961695,0.6268900985519622,0.40954210694844706
P_Q1,27,B,SRI12,870,-0.17118826582477253,0.0,-0.015607391625275635,0.7,1614753594.8305829,1614.7535948305829,0.712811755078806,0.40954210694844706
P_Q1,27,B,SRI12,873,0.0,168.80140188799388,0.0,0.7,4273190372.3455696,4273.19037234557,0.7493506955562673,0.3876258583271071
P_Q1,27,B,SRI12,874,-0.002792726887253181,1802.115519424123,-2.1656807360560535,0.7,5001485199.193928,5001.485199193928,0.8374070516241505,0.10072224001138506
P_Q1,27,B,SRI12,875,0.0,1574.5014096691452,-1.48992423115249,0.7006982367745705,5345115837.0290575,5345.115837029058,0.851247020315224,0.13644287899811436
P_Q1,27,B,SRI12,877,0.0,0.0,-0.00016582221137824427,0.7301363137642269,1457373194.259761,1457.373194259761,0.6950937488881771,0.40954210694844706
P_Q1,27,B,SRI12,878,-0.007232851870045912,483.14081302504735,0.0,0.7,5023476009.1416645,5023.476009141665,0.8061692816736044,0.3504465079873341
P_Q1,27,B,SRI12,879,-3.180052053770562e-07,2100.0,-0.766871117762842,0.7003730025716146,6138498956.5213995,6138.498956521399,0.9007008930159747,0.0680613370334792
P_Q1,27,B,SRI12,880,-0.011918872863949798,1805.9106516227262,-2.0247525137732216,0.7393022810967818,5034792972.578941,5034.792972578942,0.8402888960045541,0.10075781833706908
P_Q1,27,B,SRI12,881,0.0,1886.97803253477,-1.3624062426394605,0.7028964886440163,5627314205.898884,5627.314205898884,0.8734123172163518,0.08901697086135124
P_Q1,27,B,SRI12,882,0.0,1721.7956384481147,-0.9752235321765209,0.7039679247613427,5782451450.900111,5782.451450900111,0.8782509695093749,0.11178709929910698
P_Q1,27,B,SRI12,884,-2.8290474203175564,0.0,-0.8978355811275383,0.7,1244728651.1837323,1244.7286511837324,0.6715764756110579,0.40954210694844706
P_Q1,27,B,SRI12,885,-0.014606053002680877,1810.4068463099477,-0.9598333755796966,0.717093840787874,5794379779.543598,5794.3797795435985,0.8799943074678906,0.10011740847475717
P_Q1,27,B,SRI12,886,-0.01347179118795741,1650.9722826623342,0.0,0.7,6177443846.321034,6177.4438463210345,0.8977834703098871,0.12356352510050879
P_Q1,27,B,SRI12,887,0.0,1620.7063439288913,-1.1696685583787574,0.7059505673450447,5590089779.316816,5590.089779316816,0.8655850855658732,0.12836659906784786
P_Q1,27,B,SRI12,889,0.0,2100.0,-2.1415141861376865,0.7,5188999314.154509,5188.999314154508,0.855836624328459,0.0680613370334792
P_Q1,27,B,SRI12,890,0.0,1700.1715741486034,-2.3184288723876545,0.7007063338679866,4852275756.609145,4852.275756609145,0.8247767460063329,0.11520261856477036
P_Q1,27,B,SRI12,891,0.0,1570.8673860850383,-0.9752235321765209,0.7298518621176615,5579125849.913949,5579.125849913949,0.8650514106806132,0.13690539723200623
P_Q1,27,B,SRI12,894,-0.00021241477296521198,1429.0073894290003,-0.43873593609272454,0.7000067053844241,5877265919.12306,5877.2659191230605,0.876970149784751,0.16298430995837337
P_Q1,27,B,SRI12,895,0.0,1605.979531728805,-0.0006472245322423076,0.7,6147489546.251884,6147.489546251884,0.8953641441633756,0.13060803358593945
P_Q1,27,B,SRI12,898,0.0,643.8020919337412,0.0,0.7,5263537126.573311,5263.537126573311,0.8254171558686448,0.3260753548937987
P_Q1,27,B,SRI12,899,-0.000461168936604979,85.58687583673441,-0.009609272614146139,0.7,3877318030.625234,3877.3180306252343,0.7320596292738463,0.39801472942683325
P_Q1,27,B,SRI12,900,0.0,1698.4233664516098,0.0,0.7,6208254876.944239,6208.254876944238,0.899420073291351,0.1154160885188743
P_Q1,27,B,SRI12,901,-0.013356995457735537,1995.513950240423,-2.1351551602371455,0.7114188272462286,5120210432.784935,5120.210432784935,0.8501796705447041,0.0775251716654214
P_Q1,27,B,SRI12,902,0.0,1275.65287592538,0.0,0.7,5906342040.968988,5906.342040968989,0.8782153911836909,0.19625004447290711
P_Q1,27,B,SRI12,903,0.0,1875.6798743991767,-1.3897379680888151,0.7000150878219524,5608857423.760984,5608.857423760985,0.8723805457715159,0.09033336891165901
P_Q1,27,B,SRI12,904,-0.002098365718200235,1680.607324276329,-1.923360359643258,0.7140208324412985,5052706585.52851,5052.70658552851,0.8357348703170028,0.11819119792222577
P_Q1,27,B,SRI12,906,0.0,1645.1461164397472,-0.8846740516100486,0.7,5801196355.642102,5801.196355642102,0.8787490660689508,0.1240260433344007
P_Q1,27,B,SRI12,908,-0.000461168936604979,146.15267286024135,-5.3509402094088256e-05,0.7,4184301190.919597,4184.3011909195975,0.744867826520084,0.39061443768456255
P_Q1,27,B,SRI12,909,0.0,1800.665986678931,-1.1052882185108035,0.7070148959963717,5744540893.685792,5744.540893685792,0.8775038246700111,0.10090013163980505
P_Q1,27,B,SRI12,910,-4.0,0.0,-1.2751431717528783,0.7275707495832047,912642431.079052,912.642431079052,0.6344682819226528,0.40954210694844706
P_Q1,27,B,SRI12,911,-0.0020808013997774648,2024.0518243072909,-1.4801901975261522,0.7,5632212500.420361,5632.212500420361,0.8756181734087596,0.0738250257942861
P_Q1,27,B,SRI12,912,-0.004621901890782831,1919.0264280280305,-1.631672751582268,0.7328577826199902,5363953260.804372,5363.953260804372,0.8614935781122142,0.08538798164158393
P_Q1,27,B,SRI12,913,0.0,66.10603799720693,-0.00478666390303506,0.7004203705865241,3742360152.4422574,3742.3601524422575,0.7281815917742912,0.4007186821788167
P_Q1,27,B,SRI12,914,-0.13165679436409472,0.0,-1.2880408117909425,0.7,994972081.4492177,994.9720814492176,0.6436830682748068,0.40954210694844706
P_Q1,27,B,SRI12,915,-4.0,0.0,-1.0689311656308373,0.7302429573681913,1029928413.5304639,1029.928413530464,0.6485928772191981,0.40954210694844706
P_Q1,27,B,SRI12,916,0.0,1694.090157769176,-1.751010076077647,0.7041236463222962,5204597571.855117,5204.597571855117,0.845874693136941,0.11594976340413421
P_Q1,27,B,SRI12,917,0.0,1588.6731243274457,-1.4514746904316012,0.7,5382214752.828417,5382.214752828417,0.8542355996726796,0.13366776959476287
P_Q1,27,B,SRI12,920,0.0,1861.8222262243298,-0.969225741882945,0.7,5888296461.188813,5888.296461188813,0.8849752730636496,0.0919699718931227
P_Q1,27,B,SRI12,922,0.0,106.71116314009663,0.0,0.7,4000551984.034437,4000.5519840344373,0.7368982815668694,0.39555982495463776
P_Q1,27,B,SRI12,923,0.0,97.84675814648553,0.0,0.7,3952259579.625296,3952.2595796252963,0.7352261002597217,0.3966627530508414
P_Q1,27,B,SRI12,924,0.0,1896.4740817900843,-1.5955937222912149,0.7015509482247051,5453701383.588471,5453.701383588472,0.8646600490980895,0.08773615113672752
P_Q1,27,B,SRI12,925,0.0,240.07467819436317,0.0,0.7,4503739214.054687,4503.739214054686,0.7640089657380723,0.3798342050023127
P_Q1,27,B,SRI12,926,0.0,1525.3168083549845,0.0,0.7,6092484586.808227,6092.484586808227,0.8913437933610844,0.1446614722311168
P_Q1,27,B,SRI12,927,0.0,1563.357622093486,-1.3483262646605023,0.7117366165448451,5404659662.14884,5404.65966214884,0.8539153947415236,0.13811506030526205
P_Q1,27,B,SRI12,928,0.0,1111.3690726755058,0.0,0.7,5768103927.0085335,5768.103927008534,0.8661187604511332,0.2324332016935283
P_Q1,27,B,SRI12,930,0.0,1246.3647895350036,-0.0006092496913188278,0.7,5882587207.871522,5882.587207871522,0.8758672216885474,0.20272529974739387
P_Q1,27,B,SRI12,931,-0.005118128423799433,1928.031632625082,-1.1856416748579615,0.721462527715663,5712787842.2557335,5712.787842255733,0.877930764578219,0.08467641512790408
P_Q1,27,B,SRI12,933,-0.0020796389191742575,374.8320701833113,0.0,0.7,4824645929.775641,4824.645929775642,0.7898032518589676,0.36357491016472754
P_Q1,27,B,SRI12,934,0.0,1867.8325516485957,-0.6949093137336338,0.7,6047111911.99389,6047.111911993889,0.8940477461130679,0.09118724872807482
P_Q1,27,B,SRI12,935,0.0,1535.6982157347945,-0.47855700751776203,0.7001619544911277,5933753995.194441,5933.753995194441,0.8814885971466181,0.14266908599281317
P_Q1,27,B,SRI12,936,-0.0020718073128833535,1574.3897988498509,-1.568439569648989,0.7000650272622185,5277538728.104092,5277.538728104091,0.8481517059807168,0.13647845732379835
P_Q1,27,B,SRI12,937,-0.062281957880375945,0.0,-2.308905593729995,0.7,275955276.6608116,275.9552766608116,0.5564450136976553,0.40954210694844706
P_Q1,27,B,SRI12,938,-0.00014848023566314255,2085.610995169185,-1.3077205996093857,0.7173345605982356,5734670939.785612,5734.670939785612,0.8810972355640944,0.06884406019852705
P_Q1,27,B,SRI12,940,0.0,1703.1988384126757,-0.7323808702096809,0.7280950685841142,5799585411.191985,5799.585411191985,0.8799587291422064,0.11470452200519443
P_Q1,27,B,SRI12,941,0.0,2000.8735654388158,-1.1166239820888153,0.7790044934930624,5588330138.778843,5588.330138778843,0.8741238837300316,0.07613761696374567
P_Q1,27,B,SRI12,944,0.0,1605.6483551245472,-1.3536475234801197,0.7000878580103533,5465326087.4482565,5465.326087448257,0.8589319386629666,0.13064361191162344
P_Q1,27,B,SRI12,946,0.0,1901.7770976713512,-0.9649973535756795,0.7,5914475174.711312,5914.475174711312,0.8864339844166934,0.0872380545771516
P_Q1,27,B,SRI12,947,0.0,1757.3134506724282,-0.007430882192495658,0.7,6243700566.049822,6243.700566049822,0.9014124595296545,0.1074109652399758
P_Q1,27,B,SRI12,948,0.0,1981.0796338105874,-1.680127735427255,0.7003799496594614,5439558757.210689,5439.558757210689,0.8664745437079732,0.07855694311025722
P_Q1,27,B,SRI12,949,0.0,1911.0940643365027,-1.6919179567762335,0.7288729130426469,5327176831.833629,5327.176831833629,0.8597146618280147,0.08599281317821184
P_Q1,27,B,SRI12,950,-0.0020808013997774648,1818.6202674488834,-1.4701085026519207,0.7,5518075928.758862,5518.075928758862,0.8664389653822892,0.0984808054932935
P_Q1,27,B,SRI12,951,-0.0012839111183128634,1641.0256664471806,-1.782627945247307,0.7,5155816294.027306,5155.816294027306,0.8411071974952858,0.12466645319671255
P_Q1,27,B,SRI12,952,-0.02335481241692583,1818.1897330748166,-1.9009247948468462,0.7,5178387785.427275,5178.387785427275,0.8468353079304087,0.09912121535560539
P_Q1,27,B,SRI12,953,0.0,1810.931793143493,-2.0821668852860338,0.7,5053945752.155616,5053.945752155616,0.8403600526559218,0.0996193119151813
P_Q1,27,B,SRI12,954,-0.001152966710378828,519.730857275623,0.0,0.7004072656160899,5080763077.050065,5080.7630770500655,0.8104742590813674,0.34525207243747114
P_Q1,27,B,SRI12,955,0.0,1631.4448115240696,-1.9350735932935808,0.7,5036104430.633305,5036.104430633304,0.8328530259365995,0.12640979115522824
P_Q1,27,B,SRI12,956,-2.504247614315676,0.0,-0.17236288816303302,0.7,1575156406.3376608,1575.1564063376609,0.708257729391255,0.40954210694844706
P_Q1,27,B,SRI12,957,-0.020488736356230657,1598.0667395334854,-1.176328935452484,0.7181409069056702,5525475000.541694,5525.475000541694,0.8603194933646421,0.13228021489308714
P_Q1,27,B,SRI12,958,0.0,1839.3534112506036,-0.6272182178534096,0.751161535571767,5820352780.721394,5820.352780721393,0.8825203685914539,0.09534991283310205
P_Q1,27,B,SRI12,959,0.0,1901.7770976713512,-1.995821473146954,0.7,5170052163.741398,5170.052163741398,0.8499306222649161,0.0872380545771516
P_Q1,27,B,SRI12,960,0.0,200.04645870992232,-0.0005568657045321168,0.7001304989018994,4381084654.795607,4381.084654795606,0.7553990109225462,0.3838189774789199
P_Q1,27,B,SRI12,962,-3.9679050516572936,0.0,-1.2282207734953083,0.7001366885346874,1033120245.7014917,1033.1202457014917,0.64869961219625,0.40954210694844706
P_Q1,27,B,SRI12,963,-0.0020771955054296487,560.3864040071244,-0.0010005389924027663,0.7,5145272483.120055,5145.272483120055,0.8156686946312306,0.3385633472088803
P_Q1,27,B,SRI12,964,0.0,1589.9405790272085,-1.0027436323215597,0.7009178279568874,5693894550.804212,5693.894550804212,0.8715266659550999,0.1334898779663429
P_Q1,27,B,SRI12,966,-0.00019339443772707285,182.03863770634246,0.0,0.7,4320976332.423282,4320.976332423282,0.7518056000284626,0.3862383036254313
P_Q1,27,B,SRI12,967,-2.4174740206101236e-05,2081.3750250873027,-0.9841874906465573,0.7730340897206914,5715453306.274786,5715.453306274786,0.8810616572384101,0.06916426512968299
P_Q1,27,B,SRI12,968,0.0,1736.053903624741,-0.6961556168329782,0.7,5965076803.019484,5965.076803019483,0.8882129007008929,0.11000818301490731
P_Q1,27,B,SRI12,969,0.0,339.0333233873415,0.0,0.7,4749341326.577054,4749.341326577054,0.7837549364926886,0.36855587576048665
P_Q1,27,B,SRI12,970,0.0,1923.96681385219,0.0,0.7,6346150324.288031,6346.150324288031,0.9075675098729853,0.08492546340769201
P_Q1,27,B,SRI12,971,0.0,2100.0,-0.741567025424666,0.7449178367230175,5953918848.051385,5953.918848051385,0.8932294446223361,0.0680613370334792
P_Q1,27,B,SRI12,972,0.0,1676.3789806017955,-1.5713852847560086,0.7,5342870696.640538,5342.870696640538,0.8543067563240473,0.11872487280748568
P_Q1,27,B,SRI12,973,-2.9051428192304067,0.0,-1.085562617795515,0.9566905721455133,164329006.93257904,164.32900693257903,0.5443483829650977,0.40954210694844706
P_Q1,27,B,SRI12,974,0.0,678.1048326059887,0.0,0.7002329158458647,5307414987.395989,5307.41498739599,0.8286547835058882,0.3204184011100437
P_Q1,27,B,SRI12,975,0.0,0.0,-0.034224209048253185,0.7417199542625781,1386989191.7668753,1386.9891917668754,0.6865905290497031,0.40954210694844706
P_Q1,27,B,SRI12,976,-0.0005691811403321959,357.05332744608364,0.0,0.7,4787929203.271049,4787.929203271048,0.7866723591987762,0.36627886291671113
P_Q1,27,B,SRI12,977,0.0,2100.0,-0.5566998157736152,0.7114150344600149,6186126299.737279,6186.126299737279,0.9013768812039705,0.0680613370334792
P_Q1,27,B,SRI12,978,0.0,1077.2856754525676,0.0,0.7,5737580399.972759,5737.58039997276,0.8632724943964136,0.23969118013306295
P_Q1,27,B,SRI12,979,-0.003654711404819446,2003.31987405826,-0.004225525065070124,0.7007799215343224,6386345229.054084,6386.345229054084,0.9097733660653929,0.07599530366100969
P_Q1,27,B,SRI12,981,0.0,1757.7156592275246,-1.5757292919436656,0.7092615638481102,5366335911.683843,5366.335911683843,0.8575088056356067,0.1074109652399758
P_Q1,27,B,SRI12,982,-0.00010831505621677955,2050.218191378116,-2.235054412425154,0.7045956549603694,5103671907.370876,5103.671907370876,0.8498950439392322,0.07144127797345856
P_Q1,27,B,SRI12,983,0.0,1876.2845690059985,-1.0500411376244845,0.7315772576826658,5728595391.368358,5728.595391368358,0.878215391183691,0.09029779058597501
P_Q1,27,B,SRI12,984,-4.0,0.0,0.0,0.7051850528315443,1592107680.147395,1592.1076801473948,0.7099654890240866,0.40954210694844706
P_Q1,27,B,SRI12,985,-2.934110701168062,0.0,-0.9702424741357711,0.7,1201286045.6474483,1201.2860456474482,0.6674138115060306,0.40954210694844706
P_Q1,27,B,SRI12,986,-0.0063101026211318705,1638.8516763675934,-2.040103506238653,0.7010526170344736,4971645214.839283,4971.645214839283,0.829686554950724,0.12502223645355248
P_Q1,27,B,SRI12,987,0.0,1628.7381852426095,-1.436698073353512,0.7,5417711806.555724,5417.711806555724,0.8571886007044509,0.1269790443661721
P_Q1,27,B,SRI12,988,-0.023033236033315488,1617.967988138143,-1.9215621101546945,0.700269480841297,5036291321.526165,5036.291321526165,0.8316789411890277,0.12914932223289574
P_Q1,27,B,SRI12,989,-0.0900193957771775,317.807157802558,0.0,0.7,4701729885.27161,4701.72988527161,0.7782758743373536,0.3714732984665741
P_Q1,27,B,SRI12,990,0.0,2100.0,-2.2694846630624497,0.7,5115626509.763185,5115.626509763185,0.8521364784573239,0.0680613370334792
P_Q1,27,B,SRI12,991,-0.010204109765146144,2100.0,-1.3277914733433003,0.7452120931076944,5638123017.509523,5638.123017509523,0.8773615113672751,0.0680613370334792
P_Q1,27,B,SRI12,992,-2.053666247453804,0.0,-0.002465651178456929,0.7336338954103369,1438027537.1359293,1438.0275371359294,0.6926032660902979,0.40954210694844706
P_Q1,27,B,SRI12,993,0.0,1044.2736407035495,0.0,0.7,5707270909.341368,5707.270909341368,0.8610310598783221,0.24677126694417761
P_Q1,27,B,SRI12,994,0.0,157.35082658015858,0.0,0.7000746031863622,4229064754.328712,4229.064754328712,0.7470736827124914,0.38929803963425486
P_Q1,27,B,SRI12,995,-0.005197556323312416,1916.3624021427256,-1.1769337772247745,0.7001837793213894,5789196720.172805,5789.196720172805,0.8810972355640942,0.0856370299213719
P_Q1,27,B,SRI12,996,-0.004658606224714909,1605.6483551245472,-1.3043344932638519,0.7000878580103533,5502774817.385947,5502.774817385947,0.8601416017362223,0.13064361191162344
P_Q1,27,B,SRI12,997,0.0,332.7364438945147,0.0,0.700250340475927,4734114148.050808,4734.114148050808,0.782616430070801,0.36926744227416647
P_Q1,27,B,SRI12,998,0.0,1540.9134172677996,-0.9929426198822273,0.7551871027125501,5450112363.966187,5450.112363966186,0.8571886007044509,0.1418507845020813
P_Q1,27,B,SRI12,999,0.0,1554.3805369145873,-0.5835021390130788,0.7281107497794417,5763764799.447567,5763.764799447567,0.8738392571245596,0.1392891450528338
P_Q1,27,B,SRI12,1000,-4.783660998387471e-05,1850.75287705685,0.0,0.7000746031863622,6302389663.163871,6302.389663163871,0.9048279787953178,0.0937488881773224
P_Q1,27,B,SRI12,1001,-4.0,0.0,-1.2556243208575344,0.7,1016235845.7026618,1016.2358457026618,0.6467428042836304,0.40954210694844706
P_Q1,27,B,SRI12,1002,-2.9420675203995633e-05,1679.8030211612665,-1.1200840517462272,0.7,5686671863.846587,5686.671863846587,0.872309389120148,0.11822677624790977
P_Q1,27,B,SRI12,1003,0.0,1670.7438333668636,-1.751010076077647,0.7041236463222962,5189460130.262096,5189.460130262097,0.8444871384352653,0.11964990927526949
P_Q1,27,B,SRI12,1004,0.0,448.36179004279387,0.0,0.7,4963663297.666503,4963.663297666503,0.8014373643576332,0.35468032874372935
P_Q1,27,B,SRI12,1005,0.0,1492.2419750677568,-0.8311860778170398,0.7042964614822299,5709763145.617621,5709.763145617621,0.8701746895791083,0.15078094424876362
P_Q1,27,B,SRI12,1006,-0.0004292380904941434,2080.6568542628415,-0.821485306163437,0.7003530147791008,6097317810.701892,6097.317810701892,0.8978190486355709,0.06919984345536698
P_Q1,27,B,SRI12,1007,0.0,1659.404122857848,-1.8533149355780854,0.7214498822879614,5070018242.633516,5070.018242633516,0.8363041235279467,0.12164229551357314
P_Q1,27,B,SRI12,1008,0.0,1721.7956384481147,-2.015310707976485,0.7000441329146775,5047788127.133701,5047.788127133701,0.8369801117159426,0.11178709929910698
P_Q1,27,B,SRI12,1009,0.0,2062.1624299839705,-0.8355371479768957,0.7,6080532301.645717,6080.532301645717,0.8972497954246272,0.07033834987725479
P_Q1,27,B,SRI12,1010,0.0,6.555585327009112,0.0,0.7,2851769370.1316185,2851.7693701316184,0.7144483580602696,0.40868822713203123
P_Q1,27,B,SRI12,1012,0.0,883.4946794921295,0.0,0.7001019054181314,5547566039.624842,5547.566039624841,0.8483295976091363,0.28313231579321874
P_Q1,27,B,SRI12,1013,0.0,1922.585947143312,-0.9322077375082601,0.700074406363392,5947124892.042541,5947.1248920425405,0.888853310563205,0.08513893336179598
P_Q1,27,B,SRI12,1014,0.0,57.75176144770141,0.0,0.7,3679072906.9082813,3679.0729069082813,0.7263670971644073,0.4018216102750205
P_Q1,27,B,SRI12,1015,-3.47493516319481e-05,1694.62199599467,-1.1639413848441187,0.7062416514662494,5641942512.092328,5641.942512092328,0.8701035329277403,0.11580745010139824
P_Q1,27,B,SRI12,1016,0.0,2100.0,-1.6797189084017594,0.7021194577871963,5502270339.74867,5502.270339748669,0.8714555093037322,0.0680613370334792
P_Q1,27,B,SRI12,1017,-0.0021799714270678587,1802.8686219829856,-0.8456967000207034,0.7071255642142444,5894344608.899047,5894.344608899047,0.8858647312057493,0.10061550503433309
P_Q1,27,B,SRI12,1018,-0.0024236591245342023,1619.77883510568,-0.5120602651970753,0.7687987102083998,5643833731.297092,5643.8337312970925,0.8678620984096488,0.12854449069626783
P_Q1,27,B,SRI12,1019,0.0,75.8187255714488,0.0,0.7000268331748922,3815674206.736013,3815.674206736013,0.7305653395951187,0.3994734407798769
P_Q1,27,B,SRI12,1020,0.0,2044.110506788431,-1.6468882807879537,0.7018731948646713,5497583868.472381,5497.58386847238,0.8706016294873165,0.07208168783577046
P_Q1,27,B,SRI12,1021,-0.00024923472171665473,1521.0278725929702,-0.9555284208898148,0.7003846393865497,5675832907.4068775,5675.832907406878,0.8683601949692246,0.1451951471163767
P_Q1,27,B,SRI12,1023,-0.06317451835646719,44.609428668495056,0.0,0.7,3557238334.451211,3557.238334451211,0.7235208311096879,0.40367168321058805
P_Q1,27,B,SRI12,1024,0.0,1178.1265665017334,0.0,0.7001397744801022,5825373035.073525,5825.373035073525,0.870672786138684,0.21802397979151097
P_Q1,27,B,SRI12,1025,0.0,1903.5808434803391,-0.8683229502107009,0.7,5970180210.468571,5970.18021046857,0.8904187568933004,0.08691784964599565
P_Q1,27,B,SRI12,1026,-0.02703915728933185,1528.0866194152197,-0.5340882590894905,0.7,5900332420.664575,5900.332420664575,0.8792827409542104,0.14427011064859288
P_Q1,27,B,SRI12,1027,0.0,985.66782272818,0.0,0.7,5651633452.311973,5651.633452311972,0.856477034190771,0.26064681396093503
P_Q1,27,B,SRI12,1028,-0.627227428328466,0.0,-1.4183590463301674,0.7355273848482498,788556445.1155322,788.5564451155321,0.6178176255025437,0.40954210694844706
P_Q1,27,B,SRI12,1029,0.0,1314.436154909068,0.0,0.7012449492130346,5930245350.268903,5930.245350268903,0.8799943074678906,0.18760451133169667
P_Q1,27,B,SRI12,1031,-3.2423807455325453,0.0,-1.9987511918877137,0.7007988055005666,461836039.55339193,461.8360395533919,0.5793574554381471,0.40954210694844706
P_Q1,27,B,SRI12,1032,-0.7052058076265282,0.0,-1.2851937909808928,0.8052044643566953,647655756.1354462,647.6557561354462,0.6019496922474828,0.40954210694844706
P_Q1,27,B,SRI12,1033,-3.9702764078905517,0.0,-1.0387620444034136,0.843719956521811,606426389.7168845,606.4263897168845,0.5943359305511082,0.40954210694844706
P_Q1,27,B,SRI12,1034,-2.579005876833939,0.0,0.0,0.7514493295958001,1342284893.1703174,1342.2848931703174,0.6806489486604761,0.40954210694844706
P_Q1,27,B,SRI12,1036,0.0,710.9473084243251,0.0,0.7,5350343819.021781,5350.343819021781,0.8323549293770234,0.314049880812609
P_Q1,27,B,SRI12,1038,-1.0441562150625785,0.0,-0.5523809559083439,0.7,1419092491.2580051,1419.092491258005,0.6903618315722061,0.40954210694844706
P_Q1,27,B,SRI12,1039,-2.042189429149831,0.0,0.0,0.7302913608621685,1456535954.3669195,1456.5359543669194,0.6950225922368092,0.40954210694844706
P_Q1,27,B,SRI12,1040,-1.7881210672993215,0.0,0.0,0.7417780857498987,1394508709.4731104,1394.5087094731105,0.6871597822606468,0.40954210694844706
P_Q1,27,B,SRI12,1041,-0.0025999533865754265,121.68845823435743,0.0,0.7,4075611210.6742563,4075.611210674256,0.7398157042729571,0.39388764364749
P_Q1,27,B,SRI12,1045,-0.0003130759389629922,1670.9186112117986,-2.1032177196766564,0.7985281925704235,4825154459.1996355,4825.154459199635,0.8216814316718255,0.11964990927526949
P_Q1,27,B,SRI12,1046,-2.592208791717564,0.0,-1.9967999222894612,0.8288068118808821,264731060.57270873,264.7310605727087,0.5550574589959797,0.40954210694844706
P_Q1,27,B,SRI12,1047,-1.653665366036274,0.0,-2.481179660763866,0.9228229295748339,51274843.700475045,51.274843700475046,0.5324296438609599,0.40954210694844706
P_Q1,27,B,SRI12,1048,0.0,623.0157377251927,-0.004697058113950114,0.7,5234069177.000584,5234.069177000583,0.8228555164193971,0.329704344113566
P_Q1,27,B,SRI12,1049,-0.04836124715167933,1360.387078593575,0.0,0.7,5972176651.86545,5972.1766518654495,0.8814174404952501,0.17988401465827014
P_Q1,27,B,SRI12,1050,0.0,1776.456693065459,-1.4887155679726778,0.7044642328054489,5467269159.5178995,5467.269159517899,0.8624897712313659,0.10463585583662435
P_Q1,27,B,SRI12,1052,-0.009197582760851586,292.46042948040656,0.0,0.7008871396231409,4636875676.975187,4636.875676975187,0.7741132102323265,0.37375031131034975
P_Q1,27,B,SRI12,1054,-3.5575754553087093,0.0,-0.0013624307380311063,0.9513556111641365,262759663.58462185,262.7596635846218,0.5540968442025119,0.40954210694844706
P_Q1,27,B,SRI12,1055,-0.036192435828491604,1670.3993977211414,-2.144672608870072,0.7346642247481886,4887804047.6627035,4887.804047662704,0.8239228661899171,0.12110862062831323
P_Q1,27,B,SRI12,1058,-0.6697507485954751,0.0,-1.333351153457599,0.7012248896629382,954991433.6476481,954.9914336476481,0.6390934642615718,0.40954210694844706
P_Q1,27,B,SRI12,1060,0.0,1278.7181202626732,0.0,0.7009058268933599,5903867928.853999,5903.867928853999,0.878179812858007,0.1955740562849112
P_Q1,27,B,SRI12,1061,0.0,823.0779676841048,0.0,0.7,5482496129.827032,5482.496129827032,0.8431707403849574,0.29416159675525666
P_Q1,27,B,SRI12,1062,-0.05877073980863865,145.7325403924785,0.0,0.7,4182530628.2227874,4182.5306282227875,0.7443341516348241,0.39107695591845454
P_Q1,27,B,SRI12,1064,-8.318513164159167e-06,89.38189848344166,-0.009492562013465822,0.7005637558023193,3897552311.522867,3897.552311522867,0.7325933041591063,0.39762336784430935
P_Q1,27,B,SRI12,1065,-0.002603656739495713,1768.3753140768545,-1.341579879793275,0.7005115145572984,5579868929.4620285,5579.868929462028,0.8682890383178568,0.10580994058419613
P_Q1,27,B,SRI12,1066,-0.005221907874941297,908.079445334786,0.0,0.7,5573787878.698829,5573.7878786988285,0.850215248870388,0.2776888319635678
P_Q1,27,B,SRI12,1067,0.0,852.5937839005638,0.0,0.7,5514982084.245025,5514.982084245024,0.8462304763937809,0.2887892695769737
P_Q1,27,B,SRI12,1068,0.0,4.212707754980499,0.0,0.7000047783215173,2729636691.2290707,2729.6366912290705,0.7140569964777458,0.4089728537375031
P_Q1,27,B,SRI12,1069,0.0,1454.3485365843771,-0.8501502367601466,0.7,5689474727.834805,5689.474727834805,0.8686803999003807,0.15782545273419435
P_Q1,27,B,SRI12,1071,0.0,1647.9387822381084,-2.052900413750754,0.7005839890124821,4970595250.707122,4970.5952507071215,0.8295086633223041,0.12370583840324471
P_Q1,27,B,SRI12,1073,0.0,1810.3223089241524,0.0,0.7,6278342816.421177,6278.342816421177,0.9031913758138543,0.0996193119151813
P_Q1,27,B,SRI12,1075,0.0,345.86593550881787,0.0,0.7,4764176661.545671,4764.176661545672,0.7849645995659442,0.3677019959440708
P_Q1,27,B,SRI12,1076,0.0,171.29697934056097,0.0,0.7000740953403608,4282006249.759119,4282.006249759119,0.7498843704415272,0.3873056533959512
P_Q1,27,B,SRI12,1077,0.0,1373.9510520533545,-0.8610627858110385,0.7,5623086143.607746,5623.086143607746,0.8630234461166256,0.17461842245703915
P_Q1,27,B,SRI12,1078,-3.2423807455325453,0.0,-0.9478230953560729,0.7007988055005666,1211964871.9289927,1211.9648719289928,0.6677340164371864,0.40954210694844706
P_Q1,27,B,SRI12,1080,0.0,94.3681413527504,0.0,0.7,3932389054.8342495,3932.3890548342497,0.7344789554203578,0.39705411463336543
P_Q1,27,B,SRI12,1081,-0.7052058076265282,0.0,-1.2851937909808928,0.7005272755299413,995614006.2088066,995.6140062088066,0.6438609599032269,0.40954210694844706
P_Q1,27,B,SRI12,1082,-1.679627039860847,0.0,-2.190147278683749,0.8853638745344625,131249239.99538648,131.2492399953865,0.5400789838830184,0.40954210694844706
P_Q1,27,B,SRI12,1083,-1.1930204072499915,0.0,-0.7417959356460407,0.7,1330837864.5493062,1330.8378645493062,0.680613370334792,0.40954210694844706
P_Q1,27,B,SRI12,1084,-0.02275092282825896,1625.9638890917329,-1.2126853389625745,0.7013111843857402,5576668289.724547,5576.668289724547,0.8640907958871457,0.127690610879852
P_Q1,27,B,SRI12,1085,-0.008630717926447096,1630.947341688649,-0.6670276552129137,0.7,5907874036.171179,5907.874036171179,0.8837656099903939,0.12655210445796422
P_Q1,27,B,SRI12,1086,-0.013712281124993014,2062.689864567268,-1.1128036270687767,0.7043789366620907,5903607372.235139,5903.607372235139,0.888390792329313,0.0711922296936706
P_Q1,27,B,SRI12,1087,-0.006602111289272638,0.0,-1.0027093968822287,0.7068286272290886,1157233233.599793,1157.233233599793,0.6623972675845875,0.40954210694844706
P_Q1,27,B,SRI12,1088,-1.5509244360824728,0.0,-0.006259922579523361,0.7045028987628523,1594129634.1154616,1594.1296341154616,0.7102856939552424,0.40954210694844706
P_Q1,27,B,SRI12,1089,0.0,1964.101867085622,-1.3549112692574143,0.7004620707070569,5685612384.485885,5685.612384485885,0.8771836197388551,0.08062048599992885
P_Q1,27,B,SRI12,1094,-1.5509244360824728,0.0,-0.24678280303393235,0.9374357996011038,323548608.55424875,323.54860855424874,0.5602163162201587,0.40954210694844706
P_Q1,27,B,SRI12,1095,-4.0,0.0,0.0,0.9917061411128026,44920480.68312248,44.92048068312248,0.5323940655352759,0.40954210694844706
P_Q1,27,B,SRI12,1096,0.0,1897.2060127389188,-1.1000961139267935,0.700038241703445,5833581718.55432,5833.58171855432,0.883089621802398,0.08773615113672752
P_Q1,27,B,SRI12,1097,-4.0,0.0,-1.170972804951018,0.7,1077312689.9470797,1077.3126899470797,0.6536094211406412,0.40954210694844706
P_Q1,27,B,SRI12,1098,-0.0093748688683757,1879.368688253746,-1.123960774008509,0.7590753877684873,5587298884.123214,5587.298884123214,0.8713843526523641,0.08979969402639913
P_Q1,27,B,SRI12,1099,-1.7177876398115702e-05,1876.7661378019443,-0.751391702189977,0.7030684728178654,6008193986.202236,6008.193986202236,0.8925178781086563,0.09026221226029102
P_Q1,27,B,SRI12,1100,0.0,2060.3559286350733,-1.1432943250962972,0.7,5900092382.917567,5900.092382917567,0.888461948980681,0.07051624150567476
P_Q1,27,B,SRI12,1101,0.0,1075.573525042513,0.0,0.7000412640575335,5735800169.508604,5735.800169508604,0.8629522894652578,0.24004696338990292
P_Q1,27,B,SRI12,1104,0.0,1863.1221044783758,-1.4344625348560005,0.7493429590451587,5422111587.493134,5422.111587493134,0.8632369160707297,0.09186323691607072
P_Q1,27,B,SRI12,1105,0.0,1972.4965725344007,-1.477868621551925,0.701137483397263,5600997820.564514,5600.997820564514,0.8735190521934038,0.07955313622940904
P_Q1,27,B,SRI12,1106,0.0,492.5950845512706,-0.004697058113950114,0.7,5038049962.382208,5038.049962382208,0.8072722097698083,0.3489166399829223
P_Q1,27,B,SRI12,1107,-1.2389738581234062,0.0,-0.7518022865512087,0.7080726043805649,1289781494.2569659,1289.781494256966,0.6756324047390329,0.40954210694844706
P_Q1,27,B,SRI12,1108,-0.002402445030318976,2082.907627239844,-1.3408273524103962,0.7,5765567431.946021,5765.567431946021,0.88230689863735,0.069057530152631
P_Q1,27,B,SRI12,1110,-0.0010695151498928183,106.53062415416599,0.0,0.7000083584730188,3999554144.923775,3999.5541449237753,0.7368271249155014,0.39555982495463776
P_Q1,27,B,SRI12,1113,0.0,677.4069169833012,0.0,0.7000000455431055,5307777480.311707,5307.777480311706,0.8287615184829401,0.3205962927384637
P_Q1,27,B,SRI12,1115,-0.009107741291527674,1690.9933520052352,-1.6625629075244102,0.7421892038562454,5179575100.869781,5179.575100869781,0.845803536485573,0.11651901661507807
P_Q1,27,B,SRI12,1117,0.0,1032.10894829677,-0.029463115257743144,0.7,5687325607.405468,5687.325607405468,0.8592165652684386,0.2497242679759491
P_Q1,27,B,SRI12,1118,-0.005524161599087618,2062.490600589109,-1.6961924110190008,0.7143295442122164,5443715260.294832,5443.715260294833,0.8682534599921728,0.07033834987725479
P_Q1,27,B,SRI12,1119,-0.0007809677475331577,1750.033069436566,-0.7174956426477956,0.7,5960976332.361237,5960.976332361237,0.888533105632049,0.10822926673070764
P_Q1,27,B,SRI12,1121,0.0,576.124866389617,0.0,0.7000059455296321,5168658979.263141,5168.65897926314,0.8174120325897464,0.3365709609705767
P_Q1,27,B,SRI12,1125,-0.0005659416640727891,1522.2658362989932,0.0,0.7000074811344161,6090316853.758488,6090.316853758488,0.8912726367097163,0.14498167716227275
P_Q1,27,B,SRI12,1126,-0.00012970082998117229,1381.4731489043916,-0.4222167186447332,0.7000001951944156,5852653687.476362,5852.653687476362,0.8750489201978154,0.1730885544526275
P_Q1,27,B,SRI12,1128,-0.004152710869003146,1832.3206588681157,-1.679281538250044,0.7054536958795282,5340691932.937125,5340.691932937125,0.8587896253602307,0.09652399758067386
P_Q1,27,B,SRI12,1129,0.0,2066.611824456061,-1.4840430237022835,0.7469383968455415,5519857361.772642,5519.857361772642,0.8716334009321521,0.06998256662041485
P_Q1,27,B,SRI12,1130,-0.0009279099469564657,1746.274025452531,-1.9706897845675986,0.7,5088610311.87411,5088.61031187411,0.83989753442203,0.10869178496459958
P_Q1,27,B,SRI12,1132,-0.00842145640926532,1846.6814035252278,-1.1358764739934912,0.7005713079323795,5777505509.197185,5777.505509197184,0.8792471626285265,0.09453161134237023
P_Q1,27,B,SRI12,1134,-3.9623936376460582,0.0,-2.0474516353680405,0.7075638678459508,416437932.6956802,416.4379326956802,0.5729533568150282,0.40954210694844706
P_Q1,27,B,SRI12,1135,-0.006219118883860527,2008.0858825819303,-1.4244283275941148,0.8022946398524733,5354597232.66284,5354.59723266284,0.8632369160707297,0.07531931547301382
P_Q1,27,B,SRI12,1136,0.0,776.2924643181223,0.0,0.7,5429207897.513019,5429.207897513019,0.8386522930230903,0.302807129896467
P_Q1,27,B,SRI12,1137,-0.06360726778310433,0.0,-0.044504635502250145,0.7060934086361133,1576781895.0136871,1576.781895013687,0.7085779343224109,0.40954210694844706
P_Q1,27,B,SRI12,1138,-0.6697507485954751,0.0,-1.202530868430512,0.7012248896629382,1047081666.6361487,1047.0816666361486,0.6504429501547657,0.40954210694844706
P_Q1,27,B,SRI12,1139,0.0,1180.1076444092714,0.0,0.7,5827793376.434529,5827.793376434529,0.8708506777671042,0.21752588323193506
P_Q1,27,B,SRI12,1140,-0.007398611011919354,2068.4259370570794,0.0,0.700006402502704,6428060028.226379,6428.0600282263795,0.9122994271889563,0.06994698829473087
P_Q1,27,B,SRI12,1141,-0.039769620468817976,1653.1393770695192,-1.9087614178550034,0.7,5068923782.038938,5068.923782038937,0.8330664958907034,0.1244529832426086
P_Q1,27,B,SRI12,1144,-0.006606455879740699,0.0,-1.0288882015179361,0.7068218194099563,1142169613.5949137,1142.1696135949137,0.6607962429288079,0.40954210694844706
P_Q1,27,B,SRI12,1145,0.0,1970.5354802335555,-2.0314859739579383,0.7012467961455163,5184452187.147786,5184.452187147786,0.8530970932507915,0.07980218450919699
P_Q1,27,B,SRI12,1146,0.0,1963.9024235017587,-0.8757544409170517,0.7005319935081507,5999422528.046024,5999.422528046024,0.8923044081545523,0.08062048599992885
P_Q1,27,B,SRI12,1147,0.0,1590.8222198396588,-0.6700280215570391,0.7,5879929091.795453,5879.929091795453,0.8817376454264063,0.13331198633792293
P_Q1,27,B,SRI12,1148,-0.00034662948430561985,1830.1119608611177,-0.7519036722416024,0.7019781052386217,5984573789.348601,5984.573789348601,0.8908812751271925,0.09680862418614583
P_Q1,27,B,SRI12,1149,-0.0018460532018432889,203.28156446054302,-0.0016147311773834858,0.7001144230451866,4391434127.358495,4391.434127358495,0.7562173124132779,0.3837122425018679
P_Q1,27,B,SRI12,1150,0.0,877.8699104103388,0.0,0.7,5542162267.506028,5542.162267506028,0.8480805493293485,0.2841640872380546
P_Q1,27,B,SRI12,1151,0.0,513.2185843773948,0.0,0.7,5072626677.506816,5072.626677506816,0.8097626925676877,0.34596363895115095
P_Q1,27,B,SRI12,1152,-2.6045909687542994,0.0,-0.0039412030623757754,0.7252863386556145,1482506752.4443808,1482.5067524443807,0.698011171594265,0.40954210694844706
P_Q1,27,B,SRI12,1153,-0.014635924945808801,2063.1339302530278,-1.3535047879927222,0.7000095308745368,5743977811.932181,5743.977811932182,0.8812751271925144,0.07115665136798661
P_Q1,27,B,SRI12,1154,-0.09689563664624301,486.99894572081257,0.0,0.7,5029840628.017705,5029.840628017705,0.8053154018571885,0.3517984843633258
P_Q1,27,B,SRI12,1155,0.0,68.43510562955535,-0.009341284650745994,0.7,3761139714.8949804,3761.1397148949804,0.7287508449852351,0.40036289892197674
P_Q1,27,B,SRI12,1157,0.0,1796.706541826268,-2.141961894992667,0.7044642328054489,5007229438.244396,5007.229438244396,0.8375493649268867,0.10132707154801296
P_Q1,27,B,SRI12,1158,-5.372667736062292e-05,1997.363033605083,-1.452876004960559,0.7,5634003578.227153,5634.0035782271525,0.8753691251289714,0.07649340022058561
P_Q1,27,B,SRI12,1159,-0.00811205581242751,1213.530229443749,0.0,0.7000002562891161,5855730316.54193,5855.73031654193,0.87348347386772,0.20987654320987648
P_Q1,27,B,SRI12,1160,-0.008567312889188064,1931.8489693988768,-0.5750527854545829,0.7,6138516308.060441,6138.516308060441,0.897890205286939,0.08428505354538014
P_Q1,27,B,SRI12,1161,0.0,2057.6756651588553,-1.4327124886590683,0.7000031435105272,5681051627.089311,5681.05162708931,0.8782509695093751,0.07076528978546272
P_Q1,27,B,SRI12,1162,0.0,2092.292171017918,-2.1968091458773653,0.7,5152521278.595881,5152.521278595881,0.8533817198562637,0.06841712029031914
P_Q1,27,B,SRI12,1163,-0.006380000983241464,1664.5034027861639,-0.9731528056197732,0.7088180872408861,5727504974.351666,5727.5049743516665,0.8744796669868715,0.12064610239442129
P_Q1,27,B,SRI12,1164,-0.008567312889188064,2015.0720069496358,-0.5750527854545829,0.7009681320906859,6181558374.20449,6181.55837420449,0.9005941580389226,0.07453659230796597
P_Q1,27,B,SRI12,1165,-0.03334141578120639,1695.1143432203446,-1.7186257440421244,0.7,5238178698.817096,5238.178698817096,0.8472622478386169,0.11705269150033801
P_Q1,27,B,SRI12,1166,0.0,1730.9793376569176,-1.6054675224552288,0.7001697198887037,5349217326.342403,5349.217326342404,0.855267371117515,0.1105062795744832
P_Q1,27,B,SRI12,1167,-0.527327921340985,0.0,0.0,0.7154120716916301,1536882730.5148096,1536.8827305148095,0.7035613904009678,0.40954210694844706
P_Q1,27,B,SRI12,1168,0.0,1894.2407346613393,-0.9210719566541744,0.7612319195932385,5685295587.411749,5685.295587411749,0.876792258156331,0.08812751271925144
P_Q1,27,B,SRI12,1169,0.0,1393.0908014253462,0.0,0.7000981685430295,5996518762.966084,5996.518762966083,0.8850820080407014,0.1707403849574839
P_Q1,27,B,SRI12,1171,0.0,1662.944664956159,-1.1172916838427047,0.7,5677541844.439978,5677.5418444399775,0.8713843526523641,0.12089515067420926
P_Q1,27,B,SRI12,1172,-0.0684165919700559,335.9959223490828,-0.012179063196931768,0.7003834226732026,4737399072.930107,4737.399072930107,0.7816558152773331,0.36994343046216244
P_Q1,27,B,SRI12,1173,0.0,1761.2995460719133,-0.0028224239953390517,0.7018984223891422,6237046020.425519,6237.046020425519,0.9008787846443946,0.10698402533176787
P_Q1,27,B,SRI12,1174,0.0,1989.9401302196022,-1.2117086072516994,0.7,5805467460.874248,5805.467460874248,0.8830540434767141,0.07752517166542142
P_Q1,27,B,SRI12,1175,0.0,1549.517188728009,-0.8268919258279204,0.7000003143498345,5771133783.28722,5771.13378328722,0.8747287152666594,0.14032091649766962
P_Q1,27,B,SRI12,1177,0.0,1856.4889635324778,-0.9670676402862499,0.7000195088256138,5886390328.142027,5886.390328142027,0.8847262247838615,0.09289500836090653
P_Q1,27,B,SRI12,1179,0.0,2044.617047458483,-1.7017975459089616,0.7282281526216157,5398677189.278166,5398.677189278166,0.8660120254740811,0.07204610951008646
P_Q1,27,B,SRI12,1181,-1.2362389371984683,0.0,-0.754943645577593,0.7017056805992449,1316043320.4655035,1316.0433204655035,0.6790835023303804,0.40954210694844706
P_Q1,27,B,SRI12,1182,-1.3186729264522135e-05,1758.5619097006052,-0.9008748342979168,0.7000057103605537,5866890554.029834,5866.890554029834,0.8833030917565019,0.10733980858860781
P_Q1,27,B,SRI12,1184,-0.013411409591588042,1480.2315260927362,-0.8175453427443204,0.7,5726524662.830785,5726.524662830785,0.87099299106984,0.1533070053723272
P_Q1,27,B,SRI12,1185,-0.11000203049051724,417.97599748069337,0.0,0.7000018387315229,4908420908.525895,4908.420908525895,0.7953178923399866,0.3603372825274842
P_Q1,27,B,SRI12,1186,-0.000822061492453334,1750.033069436566,-2.140876571168401,0.7,4983780961.684499,4983.780961684499,0.8343473156153272,0.10822926673070764
P_Q1,27,B,SRI12,1187,-0.004199205487814162,1690.9933520052352,-1.6575025624930255,0.7045874098287126,5272685222.434997,5272.685222434997,0.8509268153840679,0.11651901661507807
P_Q1,27,B,SRI12,1188,-7.983296513310039e-11,1689.4233908760377,-0.8787191775768526,0.7000001455929961,5833508422.469407,5833.508422469407,0.8812039705411463,0.11683922154623404
P_Q1,27,B,SRI12,1189,-0.008674968592115036,1854.8823075088328,-0.9088397128582504,0.7009231251392649,5916511810.052339,5916.511810052339,0.8867186110221653,0.09328636994343044
P_Q1,27,B,SRI12,1191,0.0,29.169596216315956,0.0,0.7004088222436152,3370075201.1588144,3370.0752011588143,0.7196783719358166,0.40594869605436373
P_Q1,27,B,SRI12,1193,-0.7928927086531063,0.0,-1.3427261308962903,0.8022894928630823,627887667.5033231,627.8876675033231,0.599992884334863,0.40954210694844706
P_Q1,27,B,SRI12,1195,0.0,1618.5693506986568,-0.7810843768877753,0.7129212497282258,5786782508.251061,5786.782508251062,0.8772191980645389,0.12872238232468783
P_Q1,27,B,SRI12,1196,0.0,1828.82762321418,-0.5754954028034753,0.7023465296547635,6065980046.921073,6065.980046921073,0.893015974668232,0.09687978083751378
P_Q1,27,B,SRI12,1197,-4.570038428340515e-06,1729.9665266970655,-1.3549112692574143,0.7000227671450158,5545700554.150033,5545.700554150033,0.8657273988686092,0.11054185790016718
P_Q1,27,B,SRI12,1198,-1.8132759064608475e-07,1898.8722371775007,-1.432917445598895,0.7015484227874479,5585551914.457194,5585.5519144571945,0.8712420393496281,0.08755825950830752
P_Q1,27,B,SRI12,1199,-0.0009315494742641369,0.0,-1.1418637978101591,0.7000056805914582,1100844999.0040662,1100.8449990040663,0.6562777955669405,0.40954210694844706
P_Q1,27,B,SRI12,1200,0.0,1965.5760916965305,-1.3034635437876387,0.7001563435579808,5726807075.451868,5726.807075451868,0.8788202227203188,0.08037143772014088
P_Q1,27,B,SRI12,1201,-0.009149936525838363,1785.5313060740946,-1.010590687223911,0.7000014868732403,5819830730.528259,5819.83073052826,0.8805635606788345,0.10331945778631658
P_Q1,27,B,SRI12,1204,-0.007371885423161929,1785.5313060740946,-1.3062157319665966,0.7,5617525573.462224,5617.525573462224,0.8701035329277405,0.10331945778631658
P_Q1,27,B,SRI12,1205,0.0,1967.7367964886857,-1.7521188803128491,0.7170219044083384,5342802390.260793,5342.802390260793,0.8611733731810581,0.08001565446330096
P_Q1,27,B,SRI12,1206,-0.008290566817564158,1900.555265781899,-1.3482576313331704,0.7000030080381484,5656053887.223041,5656.053887223041,0.8745508236382398,0.08734478955420358
P_Q1,27,B,SRI12,1207,-0.014560147034102812,1854.6772308001089,0.0,0.7,6305145358.972211,6305.1453589722105,0.9050770270751058,0.09385562315437433
P_Q1,27,B,SRI12,1208,0.0,2018.0689649756143,-2.253099357403109,0.7377611687481161,5041840165.873866,5041.840165873866,0.8462304763937808,0.07425196570249405
P_Q1,27,B,SRI12,1209,0.0,2003.2819741983367,-0.005043088170648136,0.7000117570344039,6390422522.156384,6390.422522156385,0.9099868360194969,0.07599530366100969
P_Q1,27,B,SRI12,1210,0.0,1445.1822005332883,-0.0012749965792817064,0.7,6035314068.794114,6035.314068794114,0.887750382467001,0.15956879069271
P_Q1,27,B,SRI12,1212,0.0,1665.3208739396896,-0.9318386745189837,0.7003209761359696,5787863093.494371,5787.863093494371,0.878215391183691,0.1205037890916853
P_Q1,27,B,SRI12,1213,-9.245350011815711e-06,1778.4814086025606,-0.5813119033612915,0.7020029379808533,6033924755.969957,6033.924755969957,0.8909524317785605,0.10438680755683638
P_Q1,27,B,SRI12,1214,-1.7177876398115702e-05,1402.5328569980402,-0.751391702189977,0.7000938272394818,5707077136.912932,5707.0771369129325,0.8700679546020565,0.16864126374212832
P_Q1,27,B,SRI12,1215,-0.0036579421049057867,1759.040323793968,-1.5049543843741735,0.725917292794048,5383144643.638917,5383.144643638917,0.8584338421033908,0.10733980858860781
P_Q1,27,B,SRI12,1216,-0.008290566817564158,1934.7162522840724,-2.317715878474281,0.7002900936119085,4996797820.83999,4996.79782083999,0.8418899206603337,0.08407158359127619
P_Q1,27,B,SRI12,1217,-0.06800959686305616,236.45707020627503,-0.001673994716936821,0.7006460338509967,4489496248.188017,4489.496248188017,0.7619454228484009,0.38097271142420047
P_Q1,27,B,SRI12,1219,0.0,1677.8800981585728,-1.2041477571746537,0.7493658952017095,5447151444.030745,5447.151444030745,0.8588607820115987,0.11844024620201372
P_Q1,27,B,SRI12,1220,-0.0017796404514836377,1005.3523271905658,-0.00030145735245004635,0.7005836811531756,5667421270.959526,5667.421270959526,0.8576511189383427,0.25602163162201586
P_Q1,27,B,SRI12,1221,-1.2226235690234146,0.0,-0.8225608970950533,0.7045550089779198,1266893747.9647691,1266.893747964769,0.6737111751520973,0.40954210694844706
P_Q1,27,B,SRI12,1222,0.0,1650.0699796769163,0.0,0.7,6176855856.990055,6176.855856990055,0.8977478919842032,0.1233500551464048
P_Q1,27,B,SRI12,1224,-0.001939777285013316,1454.3485365843771,-0.8944165973196172,0.7001610279161611,5664235064.892531,5664.235064892531,0.8667235919877609,0.15782545273419435
P_Q1,27,B,SRI12,1225,-2.3506192668229503e-07,597.9177025820975,0.0,0.7000280224945716,5199957554.117393,5199.957554117393,0.8201159853417299,0.33311986337922933
P_Q1,27,B,SRI12,1227,-0.008290566817564158,1934.3116328001556,-1.361700276847666,0.7000030080381484,5664725392.018254,5664.725392018254,0.8757604867114954,0.08407158359127619
P_Q1,27,B,SRI12,1228,0.0,358.6823153390894,0.0,0.7,4791347254.573736,4791.347254573736,0.7870637207812999,0.3661365496139751
P_Q1,27,B,SRI12,1230,0.0,1760.0163319674284,-1.900406949265726,0.7003437694884904,5142133496.793394,5142.133496793394,0.8434553669904296,0.10716191696018786
P_Q1,27,B,SRI12,1231,-0.016651102402172463,1740.1476271266442,-1.0291100739048504,0.7,5779790256.295762,5779.790256295762,0.878250969509375,0.10979471306080334
P_Q1,27,B,SRI12,1233,0.0,1972.4965725344007,-0.8069028905673828,0.701137483397263,6040920218.738554,6040.920218738554,0.8945458426726438,0.07955313622940904
P_Q1,27,B,SRI12,1234,0.0,1631.457779650912,-0.6293197370331458,0.7,5924144261.361813,5924.144261361813,0.8845127548297577,0.12640979115522824
P_Q1,27,B,SRI12,1235,0.0,2005.1695622858874,-2.0811632416454864,0.7000022333858552,5168894941.332914,5168.894941332915,0.8527057316682677,0.07571067705553775
P_Q1,27,B,SRI12,1236,-0.7558618021071482,0.0,-0.9747409922202628,0.7,1198904045.995647,1198.904045995647,0.6668801366207707,0.40954210694844706
P_Q1,27,B,SRI12,1237,-0.0009279099469564657,2020.6927420664351,-1.9706897845675986,0.7043815636910001,5245095554.062067,5245.095554062067,0.8569039740989789,0.07403849574839007
P_Q1,27,B,SRI12,1238,0.0,557.5820611675961,-4.3487052357490643e-07,0.7000350592274138,5141044886.376143,5141.044886376143,0.8150638630946028,0.33931049204824426
P_Q1,27,B,SRI12,1239,-0.0026861021050804414,1768.3753140768545,-1.5488049244667585,0.7018960635780157,5414115866.732861,5414.115866732861,0.8599281317821182,0.10580994058419613
P_Q1,27,B,SRI12,1241,-0.0022826141357708604,275.7050094553804,-9.627840059398766e-05,0.7,4599781057.610406,4599.781057610406,0.7715159924573949,0.3758494325257053
P_Q1,27,B,SRI12,1242,0.0,2015.602512314653,-1.4118453819205499,0.7000015100891344,5672435335.851619,5672.435335851619,0.8771836197388553,0.074429857330914
P_Q1,27,B,SRI12,1243,0.0,476.02791777497276,0.0,0.7,5011523792.710599,5011.523792710599,0.8052442452058206,0.35122923115238197
P_Q1,27,B,SRI12,1244,-0.00044816755862424167,661.2962457937767,0.0,0.7001271268162012,5286094084.257729,5286.094084257728,0.8272316504785285,0.3230511972106593
P_Q1,27,B,SRI12,1246,-0.009542875319152282,1687.0580450326493,-1.4686770727344136,0.7373837505164594,5328724260.723177,5328.724260723177,0.8538086597644715,0.11708826982602201
P_Q1,27,B,SRI12,1247,-0.0001010101319913817,1675.3715668027357,-1.4269242387860814,0.7003821513424393,5455037336.737946,5455.037336737945,0.8601060234105383,0.11883160778453766
P_Q1,27,B,SRI12,1248,-0.007371885423161929,1590.5420927208688,-1.3062157319665966,0.7,5491357294.056586,5491.357294056586,0.8592521435941225,0.13331198633792293
P_Q1,27,B,SRI12,1249,0.0,1730.9793376569176,-1.6351626463856088,0.7119783480257015,5297728123.25214,5297.72812325214,0.8533105632048958,0.1105062795744832
P_Q1,27,B,SRI12,1251,-0.006602111289272638,0.0,-0.01371502866141465,0.9778387915300254,119520895.41879486,119.52089541879485,0.5396876223004946,0.40954210694844706
P_Q1,27,B,SRI12,1252,-0.000819237870838558,1588.8413093423935,-0.0064429772096975535,0.7,6134348402.675632,6134.348402675632,0.8945814209983276,0.13363219126907888
P_Q1,27,B,SRI12,1253,-0.0008445813375909161,1717.4693478156842,-1.369239476695805,0.7000755204995458,5526516285.083696,5526.516285083696,0.8645533141210376,0.11224961753299889
P_Q1,27,B,SRI12,1254,-3.3183112522024085e-05,1648.6869262900932,-1.9706897845675986,0.7043815636910001,5018666633.669999,5018.666633669999,0.8324260860283914,0.12352794677482476
P_Q1,27,B,SRI12,1255,-2.1885785109581593e-06,2094.682263853169,-2.147748885731259,0.7000060741273001,5182483942.69658,5182.48394269658,0.8550183228377272,0.06831038531326716
P_Q1,27,B,SRI12,1256,-0.002368559549498293,2045.2417522635915,-1.8469732102310703,0.7,5347862952.014429,5347.8629520144295,0.8629167111395737,0.07201053118440247
P_Q1,27,B,SRI12,1257,0.0,54.620079714782264,0.0,0.7000003273899492,3652129978.2643075,3652.1299782643073,0.7257622656277796,0.40214181520617637
P_Q1,27,B,SRI12,1258,-0.01883191315610143,1716.0117047988722,-1.1038823822598585,0.729001769819907,5609636086.821422,5609.6360868214215,0.8681467250151209,0.11289002739531077
P_Q1,27,B,SRI12,1259,-0.003892595754436144,2100.0,-1.418281960960825,0.7,5715040178.309334,5715.040178309334,0.8804212473760985,0.0680613370334792
P_Q1,27,B,SRI12,1260,-0.0010566613627809307,1590.382917712066,-1.2250568127786503,0.7021862179734054,5540604757.515763,5540.604757515764,0.8613868431351621,0.13331198633792293
P_Q1,27,B,SRI12,1261,0.0,1429.5674919630246,-0.891058974831671,0.7,5647813441.0976515,5647.813441097652,0.8653004589604012,0.16287757498132138
P_Q1,27,B,SRI12,1262,-0.008097667921761831,1021.2214624827631,0.0,0.7,5685712212.335643,5685.712212335643,0.8591809869427545,0.2523570640765646
P_Q1,27,B,SRI12,1263,-0.000654702817606151,1734.5669975412516,-0.024881303207593353,0.7000789864634139,6223043648.543578,6223.0436485435785,0.8996691215711389,0.11018607464332728
P_Q1,27,B,SRI12,1264,-0.0020897793299923416,1663.6877934152433,-0.9710112484657872,0.7159312384338593,5699558685.876477,5699.558685876477,0.8733055822392998,0.1207172590457893
P_Q1,27,B,SRI12,1266,-0.7609746695677635,0.0,-1.2776313555356107,0.8460995815205353,514384259.7623939,514.3842597623939,0.5835556978688582,0.40954210694844706
P_Q1,27,B,SRI12,1267,-2.2714444091533634e-05,1986.6330570959274,-2.140876571168401,0.7,5125543349.536228,5125.543349536229,0.8498594656135482,0.07780979827089335
P_Q1,27,B,SRI12,1268,-0.0008165392798355491,1734.832231077648,-2.0264658613931212,0.7,5047312314.097362,5047.312314097361,0.8376916782296225,0.11011491799195927
P_Q1,27,B,SRI12,1269,-0.008294907798008753,1813.9740153540024,-1.1467315570257033,0.7011200927535814,5749618623.164076,5749.618623164076,0.877574981321379,0.09922795033265736
P_Q1,27,B,SRI12,1270,-0.0013081234300164647,1653.1393770695192,-1.8988173171023535,0.7,5075229959.522467,5075.229959522467,0.8354502437115309,0.12281638026114489
P_Q1,27,B,SRI12,1271,-0.0017124607827088186,1974.469708409856,-1.1470541450102747,0.7,5848693868.490086,5848.693868490085,0.8848329597609137,0.07937524460098906
P_Q1,27,B,SRI12,1274,-0.01876427160974818,1716.0117047988722,-1.3655547109796113,0.729001769819907,5438506377.927704,5438.506377927704,0.8594656135482266,0.11289002739531077
P_Q1,27,B,SRI12,1275,0.0,1892.8725211470664,-2.0962376978701616,0.7000002138518331,5096490193.170452,5096.490193170452,0.8453765965773651,0.0882698260219874
P_Q1,27,B,SRI12,1276,0.0,728.5447607571297,-0.0026435280879347645,0.700044393625728,5371315065.701024,5371.315065701024,0.8340271106841713,0.3114170847119934
P_Q1,27,B,SRI12,1279,-0.0017482061653374644,1820.7110433659386,-1.971928128908717,0.7011381494822191,5132051015.01921,5132.051015019209,0.8451631266232611,0.09805386558508557
P_Q1,27,B,SRI12,1280,-0.05558063091141641,1552.7430647408457,-0.6073482568858535,0.7,5882261261.08538,5882.261261085379,0.8777884512754829,0.14298929092396914
P_Q1,27,B,SRI12,1281,-0.006616553758496315,0.0,-0.8415724348373645,0.8538300228197663,621142360.4176234,621.1423604176234,0.5947628704593162,0.40954210694844706
P_Q1,27,B,SRI12,1283,-1.701181991764212,0.0,-1.1231227177005365,0.902353004513441,362241847.65440595,362.24184765440594,0.5656598000498098,0.40954210694844706
P_Q1,27,B,SRI12,1284,-0.036754288067463614,0.0,-0.1497434870499279,0.7435936111052159,1352528529.29228,1352.52852929228,0.6826769132244637,0.40954210694844706
P_Q1,27,B,SRI12,1285,0.0,2060.0976747576688,0.0,0.7000080784898689,6423438603.733689,6423.438603733689,0.9120859572348524,0.07055181983135875
P_Q1,27,B,SRI12,1286,-1.3483919222371512e-06,118.2278288122775,-0.0009523674957246271,0.7,4058788640.325666,4058.788640325666,0.739317607713381,0.3944568968584339
P_Q1,27,B,SRI12,1288,0.0,1038.930749377378,-0.0424115371903222,0.7,5691908427.097888,5691.908427097888,0.8595723485252784,0.2480165083431174
P_Q1,27,B,SRI12,1289,-0.0014312407712733788,1441.164924844861,-1.1241335967733008,0.7000081678462265,5518966544.237201,5518.966544237201,0.856085672608247,0.1602092005550219
P_Q1,27,B,SRI12,1291,-3.950815840743571,0.0,-2.1993455383625986,0.7089952984060895,327416328.9832322,327.4163289832322,0.5620308108300424,0.40954210694844706
P_Q1,27,B,SRI12,1292,-0.007497203860815968,854.1246034098148,-3.13259567591216e-05,0.7,5516643854.832159,5516.643854832159,0.846408368022201,0.2884334863201338
P_Q1,27,B,SRI12,1293,0.0,0.0,-0.851838584256321,0.9580109163322511,177835607.65449384,177.83560765449383,0.5455224677126695,0.40954210694844706
P_Q1,27,B,SRI12,1294,0.0,2063.231761534555,-2.457734954184325,0.7,5004339056.752112,5004.339056752113,0.8454477532287329,0.07026719322588679
P_Q1,27,B,SRI12,1297,-0.7024511413013605,0.0,-1.3121573471725352,0.7015103587894157,969557163.8496689,969.5571638496689,0.6407300672430355,0.40954210694844706
P_Q1,27,B,SRI12,1298,-0.19142138285431984,331.4687982673824,0.0,0.7,4732576579.503008,4732.576579503007,0.7803394172270253,0.37118867186110216
P_Q1,27,B,SRI12,1300,-0.11042958956608984,162.32954028713763,-0.007377336932829306,0.7000002462557733,4246869386.3907375,4246.869386390737,0.7473227309922796,0.3893691962856227
P_Q1,27,B,SRI12,1301,-0.003666514729852603,1566.4927050606193,-1.2004653924268514,0.7018113664863167,5542527622.382046,5542.527622382046,0.8613512648094781,0.1377236987227381
P_Q1,27,B,SRI12,1302,-0.033365641078207595,290.78511093463976,-0.00038044605058841507,0.7000005347627368,4637496991.175531,4637.496991175532,0.7739353186039066,0.37407051624150567
P_Q1,27,B,SRI12,1303,0.0,801.4469437383912,0.0,0.7,5458097986.249726,5458.097986249726,0.841427402426442,0.2983598391859679
P_Q1,27,B,SRI12,1304,0.0,991.9639389631268,0.0,0.7,5657722048.197747,5657.722048197747,0.8568683957732949,0.25961504251609924
P_Q1,27,B,SRI12,1305,-0.027663065649732154,0.0,-0.025573215187612408,0.9922418842074093,41826560.959186524,41.82656095918652,0.532180595581172,0.40954210694844706
P_Q1,27,B,SRI12,1306,0.0,1475.413643288397,0.0,0.7,6057260691.084144,6057.260691084143,0.8892090938200446,0.15401857188600707
P_Q1,27,B,SRI12,1308,-0.001470624630732032,72.39253957239887,0.0,0.7000641048083274,3791606288.235455,3791.606288235455,0.7298181947557549,0.39982922403671683
P_Q1,27,B,SRI12,1309,0.0,1648.1952741853488,-1.096373312558599,0.711570093275105,5636715954.432698,5636.715954432698,0.8690717614829045,0.12370583840324471
P_Q1,27,B,SRI12,1310,-0.013043201526870463,0.0,-0.14694564473358945,0.9861825270815768,73030034.46614982,73.03003446614983,0.5352047532643114,0.40954210694844706
P_Q1,27,B,SRI12,1311,0.0,2100.0,-2.0783207556216157,0.7249801477183762,5190835972.423912,5190.835972423912,0.8564770341907711,0.0680613370334792
P_Q1,27,B,SRI12,1312,-0.003885288070057392,1659.3122805579846,-1.1907565234145916,0.7712386094432414,5366522439.162657,5366.522439162657,0.8531682499021594,0.12167787383925714
P_Q1,27,B,SRI12,1313,0.0,331.4687982673824,-0.0016421499341349177,0.7,4732285586.553447,4732.285586553447,0.782474116768065,0.36930302059985043
P_Q1,27,B,SRI12,1315,0.0,1670.1488280334243,-1.9480426174886531,0.7050893972757681,5045396242.057289,5045.396242057289,0.8352011954317429,0.11979222257800547
P_Q1,27,B,SRI12,1316,-0.0409835545112882,0.0,-0.8350036123724974,0.9092074276236535,387235289.1124701,387.23528911247007,0.5683281744761092,0.40954210694844706
P_Q1,27,B,SRI12,1317,-0.1721089248409644,0.0,-0.008038463317247224,0.7009536412933925,1612858235.7912817,1612.8582357912817,0.712455971821966,0.40954210694844706
P_Q1,27,B,SRI12,1318,-6.132884911471656e-07,1578.3964501882679,-0.8467882819638652,0.7138805153658734,5719664078.522138,5719.664078522138,0.8731276906108798,0.13594478243853844
P_Q1,27,B,SRI12,1320,-0.01695337081425022,358.1683385562333,0.0,0.7,4790266884.856785,4790.266884856785,0.7868858291528801,0.36617212793965914
P_Q1,27,B,SRI12,1321,0.0,1575.6828592170168,0.0,0.700117476408634,6126527611.866881,6126.527611866882,0.893905432810332,0.1362649873696944
P_Q1,27,B,SRI12,1322,-1.8413199626499668,0.0,-0.7807657422453085,0.8998817229181432,437276439.973185,437.276439973185,0.5733091400718681,0.40954210694844706
P_Q1,27,B,SRI12,1323,-0.025623775064142325,389.30965152179215,-0.020168268667420303,0.7,4846708477.521737,4846.708477521737,0.7910129149322233,0.36186715053189594
P_Q1,27,B,SRI12,1325,-0.027432641020844084,1570.678623429475,-1.4099151213834038,0.7,5399366407.164428,5399.366407164428,0.8535596114846835,0.1373323371402142
P_Q1,27,B,SRI12,1326,0.0,62.21202710584519,0.0,0.7,3715573851.563377,3715.573851563377,0.7274700252606112,0.40121677873839257
P_Q1,27,B,SRI12,1328,-0.0013863744559503548,172.7384684859882,0.0,0.7003019372943131,4286055823.5470586,4286.055823547059,0.7499555270928949,0.3870566051161632
P_Q1,27,B,SRI12,1330,0.0,1476.9690569868822,-0.8745938360127495,0.7030030576883934,5678048870.011242,5678.048870011242,0.8678265200839647,0.1536627886291671
P_Q1,27,B,SRI12,1331,-2.1472098766848026e-06,1048.9697739595942,0.0,0.7000676993636039,5711239400.054219,5711.239400054219,0.8612089515067421,0.24534813391681784
P_Q1,27,B,SRI12,1332,-0.43985197051424807,72.39253957239887,0.0,0.7000641048083274,3791560623.583032,3791.5606235830323,0.7279325434945032,0.40078983883018465
P_Q1,27,B,SRI12,1333,-0.0057496014694003224,1924.0487153701258,-1.777324632224004,0.7092978424455301,5318149127.780206,5318.149127780206,0.8584694204290747,0.08492546340769201
P_Q1,27,B,SRI12,1334,0.0,1867.3595816519482,-0.6446654146175517,0.7,6065839450.616737,6065.839450616737,0.8944035293699076,0.09129398370512683
P_Q1,27,B,SRI12,1336,0.0,51.28790774645468,-5.499108312698696e-05,0.7000000374204044,3622145168.090372,3622.145168090372,0.7251574340911516,0.4028178033941722
P_Q1,27,B,SRI12,1337,0.0,1401.7859738789932,-0.8866226004638298,0.7217022706268527,5539092821.838779,5539.09282183878,0.8586828903831785,0.1687835770448643
P_Q1,27,B,SRI12,1338,-1.0726030271697714e-05,2089.031841099118,-0.6166927368884658,0.7001456238719667,6206871125.845423,6206.871125845423,0.9029779058597502,0.0685950119187391
P_Q1,27,B,SRI12,1339,0.0,1536.5276296708098,-2.1151265969669306,0.7135839643440032,4840040791.542547,4840.040791542548,0.8170206710072224,0.14256235101576117
P_Q1,27,B,SRI12,1340,-1.7258258390422804e-05,1867.0766738697284,-2.1428908794519703,0.7000001267985513,5054777882.624804,5054.777882624803,0.8426014871740135,0.0914362970078628
P_Q1,27,B,SRI12,1341,-0.0007103310633975307,1991.4471321952174,-1.1636567363622388,0.7017302423005822,5838127494.02611,5838.12749402611,0.8842637065499699,0.07720496673426548
P_Q1,27,B,SRI12,1342,-0.08676084465444811,0.0,-0.0016251934341256,0.7217022706268527,1502571833.5907154,1502.5718335907154,0.7001458711353044,0.40954210694844706
P_Q1,27,B,SRI12,1343,-1.6784224233865115,0.0,-1.135281351757107,0.7437311542488877,942936418.6149744,942.9364186149744,0.637848222862632,0.40954210694844706
P_Q1,27,B,SRI12,1344,-1.784968048415593,0.0,-1.1281644189431803,0.7118006588100823,1065084688.3200907,1065.0846883200907,0.6514391432739178,0.40954210694844706
P_Q1,27,B,SRI12,1345,0.0,185.02396651817833,-0.005557481721026214,0.7000089382756901,4329796067.931728,4329.796067931728,0.7522325399366707,0.3858469420429075
P_Q1,27,B,SRI12,1346,0.0,1838.9067292367238,-1.1923586561442097,0.7,5731267829.712467,5731.267829712468,0.876970149784751,0.09549222613583802
P_Q1,27,B,SRI12,1347,-2.6718208247321615,0.0,-0.05401988975649186,0.7062845479150376,1572471045.9771287,1572.4710459771288,0.708115416088519,0.40954210694844706
P_Q1,27,B,SRI12,1348,-0.03503705898662749,0.0,-0.002568037587480143,0.7187062425051984,1518609747.3848772,1518.6097473848772,0.7019959440708722,0.40954210694844706
P_Q1,27,B,SRI12,1349,-0.001685169660836634,2057.9668919405144,-1.654496811353451,0.7532399098823224,5379206004.865859,5379.206004865859,0.8659052904970292,0.07076528978546272
P_Q1,27,B,SRI12,1351,0.0,1684.5421322380676,-1.5307547663495138,0.7000445211245468,5385215934.046509,5385.215934046509,0.8567616607962428,0.11765752303696587
P_Q1,27,B,SRI12,1353,0.0,1830.3330608815245,-2.1097911185340363,0.7215668232594955,5023027146.439785,5023.027146439785,0.8396484861422421,0.09680862418614583
P_Q1,27,B,SRI12,1354,-5.021760153888313e-06,1686.6570617477191,-0.9936336465981492,0.7001365524000487,5766671936.4286585,5766.671936428658,0.8770768847618031,0.11723058312875798
P_Q1,27,B,SRI12,1355,-3.48766314271446,0.0,-1.206370295439452,0.7027439539796467,1039919447.6840087,1039.9194476840087,0.6498381186181378,0.40954210694844706
P_Q1,27,B,SRI12,1356,0.0,0.0,0.0,0.7342395173095175,1435216277.1541061,1435.2162771541061,0.692247482833458,0.40954210694844706
P_Q1,27,B,SRI12,1357,-0.4455581224629559,0.0,-1.0948395746115664,0.7001235683743062,1130434501.8149326,1130.4345018149327,0.65894616999324,0.40954210694844706
P_Q1,27,B,SRI12,1358,-0.01695337081425022,1363.6673434132106,-0.00016437872429688263,0.7006269470111371,5971498762.024963,5971.498762024963,0.8831607784537658,0.17700217027786672
P_Q1,27,B,SRI12,1360,0.0,31.193674673902365,-5.499108312698696e-05,0.7000070453714556,3400244289.0801096,3400.2442890801094,0.7201764684953926,0.4055217561461557
P_Q1,27,B,SRI12,1361,0.0,1742.7583779501003,-0.934876943659934,0.7000496198284958,5836882813.462965,5836.882813462965,0.8812039705411464,0.10915430319849148
P_Q1,27,B,SRI12,1362,-0.026278284021244568,426.2634312084707,-0.03218992017964848,0.7,4914931646.226237,4914.931646226238,0.796527555413242,0.3576333297755008
P_Q1,27,B,SRI12,1363,-0.005349727461650078,1537.9137690134346,-3.679027698112172e-05,0.7000001848285519,6101241540.59068,6101.24154059068,0.8919130465720281,0.14238445938734123
P_Q1,27,B,SRI12,1364,-5.781543691039633e-05,1599.5999068639999,-2.0448855038715124,0.7010750314735622,4942539442.628298,4942.539442628297,0.8263777706621127,0.13171096168214322
P_Q1,27,B,SRI12,1365,-0.6618272259256588,0.0,-0.9878022847320596,0.7,1192574568.8791513,1192.5745688791515,0.6659551001529868,0.40954210694844706
P_Q1,27,B,SRI12,1368,-0.016731720940373777,622.3644283134092,0.0,0.7,5234306850.62784,5234.30685062784,0.8229266730707651,0.3299533923933539
P_Q1,27,B,SRI12,1369,0.0,1786.0231560351604,-2.1151265969669306,0.7135961300146262,5003815517.512702,5003.815517512702,0.8365175934820507,0.1032127228092646
P_Q1,27,B,SRI12,1370,-2.1472098766848026e-06,313.89922113539643,0.0,0.7000002077841749,4692747181.941503,4692.747181941502,0.7787028142455616,0.3712242501867862
P_Q1,27,B,SRI12,1371,-1.7258258390422804e-05,1897.9142416331936,-2.1428908794519703,0.700000113125203,5073178992.343973,5073.178992343973,0.8442736684811611,0.08759383783399152
P_Q1,27,B,SRI12,1372,-0.006581191490678197,2038.1253719331294,-0.8193832091747613,0.7116013108582128,6026168240.199607,6026.168240199607,0.8942967943928558,0.07240189276692639
P_Q1,27,B,SRI12,1373,-0.06649466474731922,481.1581840215534,0.0,0.7010898111359761,5014192246.313545,5014.192246313545,0.8039278471555129,0.35215426762016583
P_Q1,27,B,SRI12,1374,-2.5430728469495296,0.0,-0.8307576817100015,0.9719770393556741,119879582.46032274,119.87958246032274,0.5399722489059665,0.40954210694844706
P_Q1,27,B,SRI12,1375,-0.0005968331696310633,749.8348244427651,0.0,0.7,5397889450.001026,5397.8894500010265,0.8361973885508948,0.30732557725833415
P_Q1,27,B,SRI12,1376,0.0,1789.067641773772,-0.7549982507789508,0.7,5966413044.156768,5966.413044156768,0.8894581420998328,0.10242999964421674
P_Q1,27,B,SRI12,1377,0.0,1504.3907932760437,-0.7662009570500374,0.7,5772861863.766192,5772.861863766192,0.8747998719180273,0.14818372647383213
P_Q1,27,B,SRI12,1378,0.0,1476.021740555942,-0.9180167455643309,0.7116679432021853,5619941188.753595,5619.941188753595,0.8643398441669334,0.1538406802575871
P_Q1,27,B,SRI12,1380,-0.03462875520435632,1090.4909243819643,0.0,0.7000000879301999,5749360490.605006,5749.360490605006,0.8636994343046216,0.23730743231223533
P_Q1,27,B,SRI12,1382,-1.666558945706389e-08,1548.7003389716378,-0.8559720357680202,0.7138805153658734,5693230875.188513,5693.230875188513,0.8707439427900523,0.14053438645177357
P_Q1,27,B,SRI12,1383,-0.015557172394657308,0.0,-1.317275984640799,0.7454483518899194,824364740.5995393,824.3647405995392,0.6235101576119827,0.40954210694844706
P_Q1,27,B,SRI12,1384,0.0,20.31032084461424,0.0,0.7,3228727204.5942097,3228.7272045942095,0.7177927206745651,0.4071227808019355
P_Q1,27,B,SRI12,1386,-0.04825926966679019,0.0,-0.04495648887989237,0.7,1609057809.746374,1609.057809746374,0.7122425018678621,0.40954210694844706
P_Q1,27,B,SRI12,1388,-1.5288293919905145e-05,1848.1154267732902,-0.5523076206328366,0.7005522977628352,6095841597.747056,6095.841597747056,0.8944391076955919,0.09431814138826625
P_Q1,27,B,SRI12,1390,0.0,1765.5702962779553,-0.573094682794238,0.7002399068625931,6037970400.88232,6037.97040088232,0.8910591667556124,0.10627245881808804
P_Q1,27,B,SRI12,1391,-0.07684253254895898,667.1487053988168,-1.9816495878545557e-06,0.7001380102836158,5293579629.432961,5293.579629432961,0.8261287223823247,0.32397623367844314
P_Q1,27,B,SRI12,1392,-6.337308578184276e-06,1700.383818386815,-0.005773871024206678,0.700495692689664,6205131799.13961,6205.13179913961,0.8992066033372469,0.11520261856477036
P_Q1,27,B,SRI12,1394,-0.3452337937170038,95.64209188719782,0.0,0.7,3939678267.691235,3939.678267691235,0.7331269790443662,0.3979791511011491
P_Q1,27,B,SRI12,1395,-0.10743274951313049,554.0961077029937,0.0,0.7,5135879857.082058,5135.879857082058,0.812964741879247,0.34222791475433173
P_Q1,27,B,SRI12,1396,0.0,2100.0,-1.1743314824609792,0.7028134704507432,5885674817.045684,5885.674817045684,0.8881417440495248,0.0680613370334792
P_Q1,27,B,SRI12,1397,-0.7024511413013605,0.0,-0.8124158610540928,0.70618927169511,1264621012.6127708,1264.6210126127708,0.6732842352438894,0.40954210694844706
P_Q1,27,B,SRI12,1398,-4.450352887294039e-06,1105.7575588539187,0.0,0.7000169008507582,5763046791.143138,5763.046791143138,0.8655139289145053,0.23385633472088804
P_Q1,27,B,SRI12,1399,-0.0006157420892713757,1701.5152809381425,-1.9515644521434203,0.7000000373401248,5072470501.180476,5072.470501180476,0.8372647383214146,0.1149535702849824
P_Q1,27,B,SRI12,1401,-0.0013863744559503548,95.93334124691035,0.0,0.7000021082050284,3941385138.4474025,3941.3851384474024,0.7349058953285658,0.39673390970220945
P_Q1,27,B,SRI12,1402,0.0,1348.9774142707267,-0.5817640890692769,0.7183028353662931,5661972242.55454,5661.97224255454,0.8641975308641975,0.18020421958942615
P_Q1,27,B,SRI12,1403,-0.032020752780062264,1854.7386067438454,-0.867638885364334,0.7042088219238709,5924075296.0443735,5924.075296044373,0.8861849361369053,0.09389120148005833
P_Q1,27,B,SRI12,1404,-0.0014312407712733788,1686.6570617477191,-1.4349478651821372,0.7002447272082178,5456843481.291887,5456.843481291888,0.8605329633187464,0.11723058312875798
P_Q1,27,B,SRI12,1405,-0.03277555333539195,38.27191149283266,0.0,0.7,3488380844.6213017,3488.3808446213015,0.7218842281282243,0.4044899847013199
P_Q1,27,B,SRI12,1406,-0.051362202960333336,213.79532018588623,-0.004932981814119004,0.7,4424436721.3752,4424.4367213752,0.7582096986515815,0.3828227843597681
P_Q1,27,B,SRI12,1407,0.0,911.4037321849991,0.0,0.7,5577221119.466021,5577.22111946602,0.8504287188244922,0.27690610879851996
P_Q1,27,B,SRI12,1408,-0.04259199628487642,0.0,-0.8078131162736746,0.9949352074334148,21976149.708254736,21.976149708254734,0.5297256911089764,0.40954210694844706
P_Q1,27,B,SRI12,1409,-0.00014529701272053552,1889.4972019137076,-0.8436951374633246,0.711473315075923,5928037929.8302965,5928.037929830297,0.888568683957733,0.08869676593019532
P_Q1,27,B,SRI12,1410,0.0,1558.7912980892781,-0.5735293874727782,0.7000371572102116,5903611133.837787,5903.611133837787,0.8810972355640942,0.13868431351620591
P_Q1,27,B,SRI12,1411,-0.003992598573944875,1819.9646892872968,-0.9409189678520943,0.7005640097088704,5878486582.273067,5878.486582273067,0.8841925498986016,0.09823175721350552
P_Q1,27,B,SRI12,1412,0.0,1989.9846211306328,-1.2640107766110613,0.7181698214076303,5708042344.570049,5708.042344570049,0.878464439463479,0.07748959333973743
P_Q1,27,B,SRI12,1414,-0.0014362944450131056,230.90395484940439,-1.6534770754027348e-05,0.7000000607785595,4477272246.282783,4477.272246282782,0.7619454228484009,0.38075924147009643
P_Q1,27,B,SRI12,1415,0.0,2023.7118766739206,-2.1204521333749713,0.7014100204766115,5155823944.08852,5155.82394408852,0.8521720567830076,0.0738250257942861
P_Q1,27,B,SRI12,1416,0.0,1431.4162059781106,0.0,0.7,6025424478.653142,6025.424478653142,0.8870388159533212,0.16266410502721745
P_Q1,27,B,SRI12,1417,-5.443705222539833e-05,1648.0154784717238,-0.8804865074767299,0.7029470956443231,5792279431.850945,5792.279431850946,0.878001921229587,0.12370583840324471
P_Q1,27,B,SRI12,1418,-0.006392435169665795,2057.5455735632986,-1.6371264673004629,0.7378484822231914,5427496589.357571,5427.496589357571,0.8677197851069129,0.07076528978546272
P_Q1,27,B,SRI12,1419,-0.0008001947149222019,2018.4878399207587,-0.8989277864018388,0.7080744830848165,5988156191.292942,5988.156191292942,0.8920553598747643,0.07425196570249405
P_Q1,27,B,SRI12,1420,-0.002469350269103413,1857.9317181657625,-0.0021057010049405633,0.7007619836771496,6302449614.834821,6302.449614834821,0.9049347137723699,0.09257480342975061
P_Q1,27,B,SRI12,1422,-0.08537326265512515,276.2968220945189,-1.6534770754027348e-05,0.7000000607785595,4601257528.960199,4601.257528960199,0.7705909559896111,0.3765609990393852
P_Q1,27,B,SRI12,1423,0.0,1575.8405326560464,-2.0448855038715124,0.7002399068625931,4927623963.646313,4927.623963646312,0.8245632760522289,0.1362649873696944
P_Q1,27,B,SRI12,1424,0.0,1635.6542668036057,-1.818726799379839,0.7020761989666244,5116152305.311998,5116.152305311998,0.8381541964635142,0.12562706799018036
P_Q1,27,B,SRI12,1425,-0.003992598573944875,1833.938779644811,-0.9411008940884461,0.7005640097088704,5886713204.029381,5886.713204029381,0.8845483331554417,0.09627494930088591
P_Q1,27,B,SRI12,1426,-0.001691140285670285,1668.3736175996528,-1.1138261220081365,0.7000230413803262,5682930344.689173,5682.930344689173,0.8720247625146761,0.1200768491834774
P_Q1,27,B,SRI12,1427,-2.7562566474992312e-05,1708.327851116071,-1.1159503920125378,0.7001412805924451,5706922880.266567,5706.9228802665675,0.8738392571245599,0.11399295549151456
P_Q1,27,B,SRI12,1428,-5.980839989897153e-05,1772.1338254764955,-1.83902196059161,0.7015103587894157,5188863047.57664,5188.86304757664,0.8471910911872487,0.10506279574483228
P_Q1,27,B,SRI12,1430,-0.011796531685942793,1181.7192100970788,0.0,0.7000001024411647,5829145091.814519,5829.145091814519,0.8709218344184723,0.2172056783007791
P_Q1,27,B,SRI12,1431,-0.2608523900491888,331.4687982673824,0.0,0.7,4732513428.679067,4732.513428679066,0.7791653324794535,0.3716867684206781
P_Q1,27,B,SRI12,1432,0.0,111.78204857815803,0.0,0.7,4026821051.0253816,4026.8210510253816,0.7380012096630731,0.3950261500693778
P_Q1,27,B,SRI12,1435,-0.3201810561355478,144.17914725970775,-0.0005320885713123002,0.7,4175859175.423923,4175.859175423923,0.7425552353506243,0.3922510406660263
P_Q1,27,B,SRI12,1436,-0.0013863744559503548,86.65683039724662,0.0,0.7000021082050284,3886237273.68113,3886.23727368113,0.7325221475077383,0.39787241612409724
P_Q1,27,B,SRI12,1437,-0.004473572089120947,1924.0487153701258,-1.777324632224004,0.7319363274647214,5271454666.195013,5271.4546661950135,0.856014515956879,0.08492546340769201
P_Q1,27,B,SRI12,1438,-0.05687712237095732,1897.8974501564217,-1.5385053538072353,0.7251623594938353,5440815366.646888,5440.815366646888,0.861600313089266,0.09335752659479846
P_Q1,27,B,SRI12,1439,-0.007861287086092572,0.0,-0.8647481722019666,0.9282849789585077,301500666.34032035,301.5006663403203,0.5589710748212189,0.40954210694844706
P_Q1,27,B,SRI12,1440,-0.009710735199980145,1744.69123479204,-1.3079208403694238,0.7,5591002611.423133,5591.002611423133,0.8679688333867007,0.10890525491870352
P_Q1,27,B,SRI12,1441,-1.0726030271697714e-05,1876.4928868592722,-0.012908890603350431,0.7099431904990539,6260833940.295683,6260.833940295683,0.9029423275340662,0.09026221226029102
P_Q1,27,B,SRI12,1442,-0.7135501243374793,0.0,-1.2981253847730163,0.7015103587894157,982113587.42767,982.11358742767,0.6418685736649232,0.40954210694844706
P_Q1,27,B,SRI12,1443,-0.004832204701770504,1783.4802792839225,-1.6416307245170618,0.7090827614707473,5331788951.406404,5331.788951406404,0.856868395773295,0.10374639769452451
P_Q1,27,B,SRI12,1444,-2.374499253852396,0.0,-0.8578330434719649,0.7030043735299814,1252527562.1309063,1252.5275621309063,0.6718966805422139,0.40954210694844706
P_Q1,27,B,SRI12,1445,-0.012742201776689732,1019.8359995536534,0.0,0.7,5684397728.282815,5684.397728282815,0.8590742519657026,0.25296189561319243
P_Q1,27,B,SRI12,1447,-0.0003259453208897074,1811.0470687063996,-1.1123320233118401,0.7190707733879337,5702425248.030656,5702.425248030656,0.8757604867114952,0.09954815526381328
P_Q1,27,B,SRI12,1448,0.0,1667.7404156761709,-2.0191301273631703,0.7000678672066822,5009449396.534201,5009.449396534201,0.8331732308677552,0.1200768491834774
P_Q1,27,B,SRI12,1449,-6.0926969205048655e-05,2049.9232516074167,-2.045730118020867,0.7232923130190002,5185696097.669061,5185.696097669061,0.8550894794890953,0.07144127797345856
P_Q1,27,B,SRI12,1450,0.0,300.2398137212152,0.0,0.7,4660545892.660814,4660.545892660814,0.7758921265165261,0.3729320098196178
P_Q1,27,B,SRI12,1451,-0.0010716516592415445,1859.442496806903,-1.6053769093590458,0.7000051558307651,5428849210.809185,5428.849210809185,0.8627032411854698,0.09243249012701461
P_Q1,27,B,SRI12,1452,0.0,441.43114959632516,0.0,0.7,4951333016.470464,4951.333016470464,0.8006902195182696,0.355783256839933
P_Q1,27,B,SRI12,1453,-0.0006248122991531558,1701.5152809381425,-1.8502101736409162,0.7000019506991624,5139399953.766157,5139.3999537661575,0.8416764507062298,0.1149535702849824
P_Q1,27,B,SRI12,1455,-1.8726858764657102,0.0,-0.5539280134315144,0.7191332303885373,1327712110.6580274,1327.7121106580273,0.6796171772156404,0.40954210694844706
P_Q1,27,B,SRI12,1456,0.0,1938.0847614390755,-1.3352185589991246,0.750570696860219,5525975192.903814,5525.975192903814,0.8694987013911125,0.0835379087060163
P_Q1,27,B,SRI12,1457,-0.00252842099040848,1601.7908139248766,-1.8891911513339466,0.7004384283095747,5046891272.73626,5046.89127273626,0.8321414594229196,0.13124844344825132
P_Q1,27,B,SRI12,1459,-1.4978816732839906e-05,1552.7430647408457,-1.1865730472103717,0.7112270136292019,5510979849.736981,5510.979849736981,0.8587896253602305,0.13950261500693775
P_Q1,27,B,SRI12,1460,-1.0726030271697714e-05,1876.4928868592722,-1.2893278061130204,0.7099431904990539,5654214335.428903,5654.214335428903,0.8735190521934036,0.09026221226029102
P_Q1,27,B,SRI12,1461,0.0,1181.6695844652563,-0.06730330363323876,0.7,5812264065.128334,5812.264065128334,0.8695342797167966,0.21702778667235914
P_Q1,27,B,SRI12,1464,-0.0008242122025906139,1952.6586112571579,-1.1116029590043741,0.7196266323229827,5784560274.908955,5784.560274908955,0.8818443804034581,0.0819724623759206
P_Q1,27,B,SRI12,1465,-0.0005186339216753564,0.0,-1.1178843679227102,0.8328877913278329,621969687.6709906,621.9696876709905,0.5962571601380439,0.40954210694844706
P_Q1,27,B,SRI12,1466,-2.818696632901803e-05,342.03611855350914,0.0,0.7000078915864842,4755861752.584194,4755.861752584195,0.7843597680293165,0.3682356708293307
P_Q1,27,B,SRI12,1467,-0.003973315419466163,1807.853845050358,-1.4062557939249418,0.7005665714379207,5553159324.058712,5553.159324058712,0.8681823033408048,0.10008183014907318
P_Q1,27,B,SRI12,1468,-7.638426508565436e-05,1665.7564093022706,-1.380770609342123,0.7015103587894157,5480079509.225706,5480.079509225706,0.8613512648094781,0.12039705411463332
P_Q1,27,B,SRI12,1469,-0.01471938285512421,2100.0,-0.9204943317576757,0.7333866348743826,5916888870.434601,5916.888870434601,0.8899206603337247,0.06895079517557905
P_Q1,27,B,SRI12,1470,-0.10557861237401223,350.6410972996058,0.0,0.7,4774355949.32976,4774.35594932976,0.7845020813320523,0.3686270324118546
P_Q1,27,B,SRI12,1471,-0.015922302964816858,521.0575051612744,0.0,0.7,5085063303.46749,5085.06330346749,0.8109367773152594,0.34493186750631516
P_Q1,27,B,SRI12,1472,-5.065574531430288e-05,2020.9171979820148,-1.30219321658701,0.7020487673457295,5753394907.426022,5753.394907426022,0.8808481872843066,0.07403849574839007
P_Q1,27,B,SRI12,1473,-7.663815119237499e-08,1554.4723057012295,-1.599373605670502,0.7,5235876180.9957905,5235.8761809957905,0.8451987049489452,0.1392891450528338
P_Q1,27,B,SRI12,1474,-0.0010960069193111652,1629.96704037216,-1.6161732612596198,0.7000051558307651,5275428877.562972,5275.428877562972,0.8496815739851284,0.12680115273775214
P_Q1,27,B,SRI12,1476,-0.01287800266278456,605.0236541663297,0.0,0.7004902487031602,5207497408.234864,5207.497408234864,0.8206140819013057,0.3323015618884976
P_Q1,27,B,SRI12,1477,-0.011580835334626921,144.17914725970775,-0.0005320885713123002,0.7,4175926501.27619,4175.92650127619,0.7446187782402959,0.39075675098729856
P_Q1,27,B,SRI12,1478,0.0,1647.1651994689742,-0.0009441021124141566,0.700000011530655,6174808868.910701,6174.808868910701,0.8974988437044153,0.1237414167289287
P_Q1,27,B,SRI12,1479,-7.87746451479324e-06,1860.050703255394,-0.058224745439792946,0.7098939912893628,6239826625.88394,6239.826625883939,0.9016615078094425,0.0923613334756466
P_Q1,27,B,SRI12,1480,0.0,2032.6685352731495,-1.0807323421120059,0.7030381529843116,5911970816.031252,5911.970816031252,0.8878571174440532,0.07286441100081831
P_Q1,27,B,SRI12,1481,0.0,1931.3424354391711,-1.317663769789235,0.7002027284272601,5696515680.592103,5696.515680592103,0.8767922581563311,0.08439178852243213
P_Q1,27,B,SRI12,1482,-0.06866361001031754,1785.5620510856304,-0.0016718043598288566,0.7,6262446328.693559,6262.446328693559,0.8999893265022948,0.10876294161596753
P_Q1,27,B,SRI12,1483,0.0,1608.5966415559124,-1.4384757195188822,0.750570696860219,5254004739.241841,5254.004739241841,0.846870886256093,0.13003878037499556
P_Q1,27,B,SRI12,1484,-0.017526432348348695,1929.2180448221711,-1.344375470504974,0.7240747321093585,5599406843.08498,5599.40684308498,0.8725940157256199,0.08521009001316396
P_Q1,27,B,SRI12,1485,-0.0014362944450131056,5.689239929347721,-1.6534770754027348e-05,0.7000000607785595,2811233303.750305,2811.2333037503054,0.7143772014089016,0.4087949621090831
P_Q1,27,B,SRI12,1486,0.0,424.1571268687307,-0.0011302563227548479,0.7,4919812682.765724,4919.812682765724,0.7975949051837619,0.3577756430782368
P_Q1,27,B,SRI12,1487,-7.741627981359099e-08,1765.5702962779553,-2.045484778792493,0.7005572327376995,5050876793.082396,5050.876793082395,0.8390436546056143,0.10627245881808804
P_Q1,27,B,SRI12,1488,0.0,796.3065058190678,-0.02890761199946994,0.7,5443821867.710593,5443.821867710593,0.84007542605045,0.29928487565375167
P_Q1,27,B,SRI12,1489,-1.7258258390422804e-05,1867.0766738697284,-1.1309025032284312,0.7000001267985513,5795446473.317299,5795.446473317299,0.8807414523072545,0.0914362970078628
P_Q1,27,B,SRI12,1490,-0.01695337081425022,1939.2573733219965,-0.0017558094198783306,0.7000078915864842,6354558658.276669,6354.558658276668,0.9080300281068774,0.08414274024264419
P_Q1,27,B,SRI12,1491,-0.002958939726216852,1725.1489598113053,-0.8645528625084049,0.7286954682263014,5742180676.545374,5742.180676545374,0.8770413064361191,0.1111822677624791
P_Q1,27,B,SRI12,1492,0.0,1665.7724498458608,-1.5325181406785238,0.7069295944006277,5352612427.121046,5352.6124271210465,0.8545558046038354,0.12039705411463332
P_Q1,27,B,SRI12,1493,-0.001356329533249866,1856.6025803480418,-1.8539178948013126,0.7096166591193606,5215075263.679712,5215.075263679712,0.8510691286868038,0.09285943003522254
P_Q1,27,B,SRI12,1495,-0.00045106110732384013,0.0,-1.1993730083265535,0.8354215382225166,578266764.5543859,578.2667645543859,0.590955989611129,0.40954210694844706
P_Q1,27,B,SRI12,1496,-2.259473945780805e-05,1870.6666279239541,-1.271061402859543,0.7001690129273407,5696427650.637529,5696.427650637529,0.8754758601060232,0.09083146547123491
P_Q1,27,B,SRI12,1497,-0.01671358463894164,1829.205179592193,-1.4267507166238962,0.7018990954344113,5547297331.5064335,5547.297331506434,0.8683246166435408,0.09741345572277368
P_Q1,27,B,SRI12,1498,-0.005523502243898271,1856.6025803480418,-1.9327371548675112,0.7096166591193606,5162932587.521473,5162.932587521473,0.8483295976091365,0.09285943003522254
P_Q1,27,B,SRI12,1499,0.0,0.0,-0.0017159035248116416,0.7306682182335051,1454116536.9905512,1454.1165369905511,0.6948091222827053,0.40954210694844706
P_Q1,27,B,SRI12,1500,-0.0009098999255824497,579.6725727819219,0.0,0.7,5173863764.200103,5173.863764200103,0.8179101291493223,0.3359305511082648
P_Q1,27,B,SRI12,1502,-0.005119704913577328,1898.7418893905933,-1.5348905536405837,0.7251623594938353,5445684873.933821,5445.684873933821,0.8651225673319813,0.08755825950830752
P_Q1,27,B,SRI12,1503,0.0,970.4267804043017,-1.6649316335013396e-05,0.7000506095743576,5636405397.745195,5636.405397745196,0.8552317927918313,0.26409791155228235
P_Q1,27,B,SRI12,1504,-0.0003259453208897074,1842.6638843825529,-1.1433583167895376,0.7004903583229298,5772353906.772413,5772.353906772413,0.8791048493257908,0.09510086455331412
P_Q1,27,B,SRI12,1506,-0.00563477740634184,1925.6218619843366,-0.5569103269355018,0.7010900849790773,6136637984.407458,6136.637984407458,0.8976767353328353,0.08481872843064003
P_Q1,27,B,SRI12,1507,-3.13626515632474,0.0,-1.4424703948521533,0.7362112374339763,770919107.6844246,770.9191076844246,0.6157540826128723,0.40954210694844706
P_Q1,27,B,SRI12,1508,-0.002469350269103413,1889.4798490210521,-0.7726593003594351,0.7006039311271218,6015267784.286704,6015.267784286704,0.892802504714128,0.08869676593019532
P_Q1,27,B,SRI12,1509,0.0,1553.2837439695822,-1.1422229909402748,0.7009101983450589,5584854112.027175,5584.854112027175,0.8627388195111537,0.13943145835556978
P_Q1,27,B,SRI12,1510,-8.867825179024146e-06,1852.1876539078935,-0.7686916294647005,0.7052965859700292,5973839987.565527,5973.839987565527,0.8904899135446686,0.09353541822321841
P_Q1,27,B,SRI12,1511,-0.051362202960333336,217.26587517919825,-0.004932981814119004,0.7,4435147814.149992,4435.147814149992,0.7588145301882092,0.38253815775429606
P_Q1,27,B,SRI12,1512,-5.7519132908530335e-05,1804.6099278240388,-2.0448855038715124,0.701089725246707,5074615176.167289,5074.615176167289,0.8420322339630696,0.10033087842886115
P_Q1,27,B,SRI12,1513,0.0,1807.0107110549793,-1.3366596858556932,0.7,5609346293.957518,5609.346293957517,0.8704948945102644,0.1001529868004412
P_Q1,27,B,SRI12,1514,0.0,1476.021740555942,-0.9180167455643309,0.7199504772643344,5585749256.929584,5585.749256929584,0.8625609278827336,0.1538406802575871
P_Q1,27,B,SRI12,1515,-0.0005505878568882529,1682.9606725924393,-1.3774848239424404,0.7,5498664590.572783,5498.664590572784,0.8630234461166255,0.11790657131675385
P_Q1,27,B,SRI12,1516,0.0,1660.2464503303493,-1.1876224309757084,0.7006025268932294,5619706497.7539,5619.706497753899,0.8680399900380686,0.1214288255594692
P_Q1,27,B,SRI12,1517,0.0,1635.0265777739278,-1.9939657537795676,0.7138858883215026,4982359035.458137,4982.3590354581365,0.830220229835984,0.12580495961860033
P_Q1,27,B,SRI12,1518,0.0,1799.5154048400075,-0.6368257816245079,0.7360954369814305,5862055124.292519,5862.0551242925185,0.8836588750133421,0.10111360159390902
P_Q1,27,B,SRI12,1519,-0.00047201474809044006,1711.5359212782516,-0.9145847555062137,0.700140777851836,5828008251.016163,5828.008251016163,0.8807058739815704,0.11317465400078269
P_Q1,27,B,SRI12,1520,-0.015899469781735724,2067.413730229369,-1.440857441434013,0.7352089911339752,5577143774.811882,5577.143774811882,0.8745152453125556,0.07087202476251468
P_Q1,27,B,SRI12,1521,-0.0013096394520039183,2096.8262652772974,-2.427898155309868,0.7,5032675237.203359,5032.675237203359,0.8479738143522966,0.06827480698758316
P_Q1,27,B,SRI12,1522,-0.0015471742399105481,729.152957804416,0.0,0.7,5372831563.114419,5372.831563114419,0.8342761589639592,0.3113103497349414
P_Q1,27,B,SRI12,1523,-0.003988802177987839,1462.5870856708957,-0.5748487102404695,0.7,5835834878.350384,5835.834878350383,0.8755470167573912,0.15647347635820255
P_Q1,27,B,SRI12,1524,-0.016139254010065517,497.18109054179666,-0.0014400737002180919,0.7000133690793283,5046248287.177376,5046.2482871773755,0.8078414629807523,0.34831180844629445
P_Q1,27,B,SRI12,1525,0.0,1209.0628443074093,-0.0002322164278337601,0.7,5852031704.633472,5852.031704633472,0.8730565339595119,0.2107660013519764
P_Q1,27,B,SRI12,1526,-0.05177222306639573,0.0,-1.1287320327734722,0.7030386391934605,1096984070.2896414,1096.9840702896413,0.6557085423559967,0.40954210694844706
P_Q1,27,B,SRI12,1528,-0.06622710972461071,0.0,-0.784807594414069,0.7004367723187592,1305770405.705829,1305.7704057058288,0.6782296225139645,0.40954210694844706
P_Q1,27,B,SRI12,1529,0.0,2098.266205651515,-0.8860717490945276,0.7003619980530711,6069883135.408635,6069.883135408635,0.8964670722595796,0.06820365033621517
P_Q1,27,B,SRI12,1530,-0.056730186531183585,2021.733368216486,-0.0033957960211288968,0.7000971797211104,6400467005.668629,6400.467005668629,0.9081011847582452,0.07990891948624898
P_Q1,27,B,SRI12,1531,0.0,1597.5414668655621,-1.1566520631347696,0.7002544593371486,5605928832.456398,5605.928832456398,0.8657629771942931,0.1319600099619312
P_Q1,27,B,SRI12,1532,-0.011751221228267427,1631.934671849442,-1.882361157842866,0.7014640097033608,5069678683.799291,5069.67868379929,0.8344184722666952,0.12665883943501619
P_Q1,27,B,SRI12,1533,-0.007398202142948283,880.5517676264001,-3.13259567591216e-05,0.7000765765515644,5544590088.445101,5544.590088445101,0.8482228626320845,0.28377272565553063
P_Q1,27,B,SRI12,1534,-0.000179183098048704,1570.678623429475,-1.4099151213834038,0.7225089763916037,5331496085.955385,5331.496085955385,0.850001778916284,0.13697655388337424
P_Q1,27,B,SRI12,1535,0.0,389.52180289447153,0.0,0.7,4853988417.186196,4853.988417186196,0.792258156331163,0.361795993880528
P_Q1,27,B,SRI12,1536,0.0,2092.3854472327553,-0.5552733470682907,0.7000201380944976,6236861157.899061,6236.861157899061,0.90368947237343,0.06838154196463514
P_Q1,27,B,SRI12,1537,-0.17602744609490673,0.0,-1.028493489378247,0.7016884287565841,1162857641.3817055,1162.8576413817054,0.6631444124239514,0.40954210694844706
P_Q1,27,B,SRI12,1538,-2.1472098766848026e-06,133.36100570097932,0.0,0.7000002077841749,4129358061.5193195,4129.35806151932,0.7425196570249404,0.39217988401465825
P_Q1,27,B,SRI12,1539,-0.0006997225915499746,1833.054940983896,-1.388521865281136,0.7019371668608531,5578201046.023985,5578.201046023985,0.8702814245561603,0.09638168427793789
P_Q1,27,B,SRI12,1540,0.0,2082.4630433144707,-1.3020777953435918,0.750570696860219,5628441037.20547,5628.44103720547,0.8768634148076992,0.06912868680399899
P_Q1,27,B,SRI12,1542,0.0,1600.3854679844428,-1.4384757195188822,0.7006132321175887,5395370211.180249,5395.3702111802495,0.8551606361404634,0.13163980503077524
P_Q1,27,B,SRI12,1543,-2.4546620447929435,0.0,-1.0789742175718107,0.7,1139387140.4332902,1139.3871404332901,0.6606539296260718,0.40954210694844706
P_Q1,27,B,SRI12,1544,0.0,285.9131160325198,0.0,0.7,4625529269.949849,4625.52926994985,0.7734372220443305,0.37463976945244953
P_Q1,27,B,SRI12,1546,-0.0007430199374257075,1990.5842818297876,0.0,0.7,6384512600.500732,6384.512600500732,0.9095598961112891,0.07724054505994947
P_Q1,27,B,SRI12,1547,0.0,1435.7590510884597,0.0,0.7,6028618653.635308,6028.618653635308,0.8873234425587933,0.1613477069769097
P_Q1,27,B,SRI12,1548,-0.0007430199374257075,63.98810175990036,-0.000350190880985239,0.7,3729490105.356067,3729.490105356067,0.7279325434945031,0.4010033087842886
P_Q1,27,B,SRI12,1549,-2.023847625130752,0.0,-1.0789742175718107,0.8217667271433786,676976887.8471545,676.9768878471544,0.6035862952289464,0.40954210694844706
P_Q1,27,B,SRI12,1550,-2.2960493140606855,0.0,-1.0729497665539114,0.8067111703378216,736846404.5795456,736.8464045795456,0.6124808766499448,0.40954210694844706
P_Q1,27,B,SRI12,1551,-2.4546620447929435,0.0,-0.0831118543042807,0.7025817145720482,1586599947.7660174,1586.5999477660175,0.7093962358131427,0.40954210694844706
P_Q1,27,B,SRI12,1552,-2.5419669789475408,0.0,-1.220871719140566,0.8274341430811756,597326636.6496229,597.326636649623,0.5934108940833244,0.40954210694844706
P_Q1,27,B,SRI12,1553,0.0,1626.763155177879,-0.6232469819074606,0.7,5925794581.1570425,5925.794581157043,0.8841569715729177,0.1272280926459601
P_Q1,27,B,SRI12,1556,-2.4546620447929435,0.0,-1.0789742175718107,0.9581817782852291,158939491.7957848,158.9394917957848,0.5436012381257339,0.40954210694844706
P_Q1,27,B,SRI12,1558,-2.4546620447929435,0.0,-1.0789742175718107,0.8823132909327543,447050761.78727347,447.0507617872735,0.5748745864019639,0.40954210694844706
P_Q1,27,B,SRI12,1559,0.0,51.96791089487231,-0.003069746424902098,0.7,3627636842.6480975,3627.6368426480976,0.7252997473938877,0.40267549009143633
P_Q1,27,B,SRI12,1560,0.0,1921.977024977928,-0.9791299013838008,0.7,5918589562.5032835,5918.589562503284,0.8871099726046894,0.08521009001316396
P_Q1,27,B,SRI12,1562,0.0,470.9520675594721,-0.031029516234940602,0.7,4994080784.7648115,4994.080784764811,0.803536485572989,0.35190521934037794
P_Q1,27,B,SRI12,1563,0.0,1605.2791766519783,-1.0785988827744308,0.7387396509533831,5514926761.947728,5514.926761947728,0.8612089515067419,0.13067919023730742
P_Q1,27,B,SRI12,1564,0.0,930.8405702198361,0.0,0.7,5597104076.7348995,5597.1040767348995,0.8521364784573237,0.2727790230191767
P_Q1,27,B,SRI12,1565,-0.00036465987594169616,0.0,-0.0013284927435630728,0.7215919639891427,1503384692.292779,1503.384692292779,0.7001814494609883,0.40954210694844706
P_Q1,27,B,SRI12,1567,-0.09262178781973888,326.6765932397681,-0.01135468449440967,0.700282471408325,4717736125.911135,4717.736125911135,0.7795922723876614,0.3707261536272103
P_Q1,27,B,SRI12,1568,-2.265815866645167,0.0,-0.014923986776848253,0.7328273649739531,1438616093.2117372,1438.616093211737,0.6931725193012417,0.40954210694844706
P_Q1,27,B,SRI12,1569,0.0,1363.382076879723,-0.002001478574566562,0.700508043392613,5971406044.307129,5971.4060443071285,0.8831963567794497,0.17682427864944675
P_Q1,27,B,SRI12,1570,-0.005283923664375131,1673.151384604534,-0.831334806793774,0.7003073839204662,5849612411.230769,5849.612411230769,0.8819866937061941,0.11904507773864165
P_Q1,27,B,SRI12,1571,-0.0014360167246990144,2063.5787298352407,-1.4653578786602024,0.7549194584495665,5505606568.258373,5505.606568258373,0.871135304372576,0.0702316149002028
P_Q1,27,B,SRI12,1572,0.0,1721.6805269625881,-1.7609392548354665,0.7686134243310926,5080092801.64412,5080.09280164412,0.8397196427936101,0.11178709929910698
P_Q1,27,B,SRI12,1574,-2.559555474636395,0.0,-1.1229871784157557,0.7010606583196316,1108700602.9662213,1108.7006029662214,0.6566691571494644,0.40954210694844706
P_Q1,27,B,SRI12,1576,0.0,407.7577003205526,0.0,0.7007546076385032,4885157902.99218,4885.1579029921795,0.7948553741060947,0.3598747642935924
P_Q1,27,B,SRI12,1577,0.0,992.9104346010797,-0.0006889818716277005,0.7010587244248175,5652753152.291746,5652.753152291746,0.8565837691678231,0.25943715088767927
P_Q1,27,B,SRI12,1578,0.0,707.858876409315,-0.0031049078416314924,0.7,5345728251.889435,5345.728251889434,0.8318568328174474,0.3146547123492369
P_Q1,27,B,SRI12,1580,0.0,2088.0013032073925,-1.0785988827744308,0.7376509544192025,5811426067.915259,5811.426067915259,0.8851175863663856,0.06870174689579109
P_Q1,27,B,SRI12,1582,-2.4543022329365765,0.0,-0.8807685196829773,0.950553873558029,206490037.85946605,206.49003785946604,0.5486889386985447,0.40954210694844706
P_Q1,27,B,SRI12,1583,-1.5684423459620316,0.0,-1.2449242994572496,0.7043676016643701,1007949561.363161,1007.949561363161,0.6461023944213187,0.40954210694844706
P_Q1,27,B,SRI12,1584,-2.1646745943107817,0.0,-1.0057237198013973,0.7,1182516578.282557,1182.516578282557,0.6654570035934109,0.40954210694844706
P_Q1,27,B,SRI12,1585,-0.004893972705289212,1946.357661296965,-1.6670356439395788,0.7325944689245303,5354510138.353326,5354.510138353326,0.861884939694738,0.08261287223823247
P_Q1,27,B,SRI12,1586,-6.28970432737854e-05,1767.98014233637,-1.8218777947946234,0.7038622531165635,5195909208.627092,5195.909208627092,0.8476180310954567,0.1059166755612481
P_Q1,27,B,SRI12,1587,-2.7568741379113866e-05,0.0,-1.1699794851353322,0.7012020828692684,1073944271.4091053,1073.9442714091053,0.6530401679296973,0.40954210694844706
P_Q1,27,B,SRI12,1590,0.0,1676.4422453186573,-0.7174148838503691,0.700776884503833,5910581124.08014,5910.58112408014,0.8855801046002774,0.1186892944818017
P_Q1,27,B,SRI12,1591,-6.201093414342769e-05,1654.4055241811984,-2.0284233369549054,0.7003817198127494,4993520919.102247,4993.520919102247,0.8316077845376597,0.12249617532998897
P_Q1,27,B,SRI12,1593,-1.782929287987467e-05,1464.772876690753,-0.8728753616578774,0.700185012070394,5682633703.840037,5682.633703840037,0.8680044117123846,0.15601095812431065
P_Q1,27,B,SRI12,1594,0.0,241.78514368049377,0.0,0.7001837046908831,4507613133.155889,4507.613133155888,0.7642935923435443,0.3794784217454727
P_Q1,27,B,SRI12,1595,-9.748699836387219e-05,505.73372254744004,-0.0018628043324036177,0.7000000570657188,5060142498.70023,5060.142498700229,0.808837656099904,0.3468886754189348
P_Q1,27,B,SRI12,1597,0.0,1603.6886983563204,-2.0714551187286747,0.700008145702723,4927809225.322405,4927.809225322405,0.8253815775429608,0.1308926601914114
P_Q1,27,B,SRI12,1598,-2.200942481372841,0.0,-0.7876437149273523,0.7004378981929571,1302901420.1172316,1302.9014201172315,0.6778738392571246,0.40954210694844706
P_Q1,27,B,SRI12,1599,-3.0207556900780113e-05,1530.583572539343,0.0,0.7011961843295829,6089663732.898488,6089.663732898488,0.8910947450812965,0.14359412246059702
P_Q1,27,B,SRI12,1602,-0.00029181318588846275,1912.5339095374636,-1.3832136995615416,0.7044668039132485,5621839366.422529,5621.83936642253,0.8736613654961396,0.08592165652684385
P_Q1,27,B,SRI12,1604,0.0,1761.9776575159294,-2.074678237728933,0.7310814214010071,4986736944.325413,4986.736944325413,0.835130038780375,0.10691286868039988
P_Q1,27,B,SRI12,1605,-0.0016568415596937961,539.8933147261773,0.0,0.7005852348908592,5111204489.68242,5111.20448968242,0.8126801152737753,0.3424769630341197
P_Q1,27,B,SRI12,1606,-3.0114782855780557e-06,219.11591853838763,-2.122207158272195e-05,0.7,4442047832.780296,4442.047832780297,0.759775144981677,0.3820400611947202
P_Q1,27,B,SRI12,1607,0.0,1566.7949919511552,-1.902906910329588,0.7,5014048836.610945,5014.048836610945,0.82911730173978,0.1376525420713701
P_Q1,27,B,SRI12,1608,-0.11878899786362163,135.43151293760366,-0.0031049078416314924,0.7000200306502018,4137624042.4380107,4137.62404243801,0.7424129220478884,0.39246451062013016
P_Q1,27,B,SRI12,1609,-0.0024458247358403427,1726.7346936119293,-0.9091173484039703,0.7000074296077637,5841252258.620732,5841.252258620732,0.8814530188209342,0.11089764115700716
P_Q1,27,B,SRI12,1611,-0.08608642395988775,0.0,-0.63751998126717,0.7004357680665284,1376605927.2982,1376.6059272982,0.6858078058846551,0.40954210694844706
P_Q1,27,B,SRI12,1612,-0.013880886782509632,303.5193208337976,-0.0012311336508416867,0.7000374886505993,4668035699.382358,4668.035699382358,0.7767104280072581,0.372576226562778
P_Q1,27,B,SRI12,1613,-2.44419131555918,0.0,-0.7443001438587107,0.7,1328882531.8893645,1328.8825318893644,0.6805066353577401,0.40954210694844706
P_Q1,27,B,SRI12,1614,0.0,1724.0801055718953,-1.1153070020163551,0.7027084462688572,5707820859.027346,5707.820859027345,0.8740171487529799,0.11136015939089908
P_Q1,27,B,SRI12,1615,-0.0041891060697275065,1605.2791766519783,-1.0785988827744308,0.7128176018274102,5613839033.242468,5613.839033242468,0.8665812786850251,0.13067919023730742
P_Q1,27,B,SRI12,1616,-0.004503713703227628,2100.0,-0.6342646190417167,0.7,6203049720.417771,6203.049720417771,0.9032625324652221,0.0680613370334792
P_Q1,27,B,SRI12,1617,-3.954393104029587e-06,775.4671935032962,-0.0008236472076955104,0.7,5428108832.651994,5428.108832651994,0.8385455580460383,0.30291386487351907
P_Q1,27,B,SRI12,1618,-6.055599303007282e-05,313.55685261927783,0.0,0.700000079849831,4691949422.413103,4691.949422413103,0.7785960792685096,0.37125982851247025
P_Q1,27,B,SRI12,1619,-0.0034305827144884907,1819.0505786167641,-1.2635281642366722,0.7000587605633053,5668705417.326842,5668.7054173268425,0.8731988472622477,0.09837407051624153
P_Q1,27,B,SRI12,1620,-0.00828885521741975,769.7279556284482,-0.01214614566633208,0.7000285231623722,5418155343.832451,5418.155343832451,0.8371935816700465,0.3037321663642509
P_Q1,27,B,SRI12,1621,0.0,0.0,-1.304270308788651,0.737539470445045,857975933.8920332,857.9759338920333,0.627637243391326,0.40954210694844706
P_Q1,27,B,SRI12,1622,0.0,1743.8830670829689,-1.3753808760040083,0.7000347842963479,5538747717.519869,5538.747717519869,0.8662966520795534,0.10897641157007151
P_Q1,27,B,SRI12,1623,-2.530584947117637,0.0,-0.5185040365306555,0.7006995431455971,1434408832.0885563,1434.4088320885562,0.6921763261820899,0.40954210694844706
P_Q1,27,B,SRI12,1624,0.0,559.0540336728067,0.0,0.7,5143432616.320805,5143.432616320804,0.8154196463514425,0.3389902871170883
P_Q1,27,B,SRI12,1626,0.0,84.54771533832462,0.0,0.7,3873100988.8809724,3873.100988880972,0.7319884726224782,0.39808588607820117
P_Q1,27,B,SRI12,1627,-0.012981501875347313,2021.100719564829,-2.122680994921904,0.706561568162784,5146219581.102557,5146.219581102557,0.8515316469206958,0.07482121891343792
P_Q1,27,B,SRI12,1628,-0.0024168857358949428,1566.3881436613574,-0.31012930027770746,0.7421027158699446,5811547074.087095,5811.547074087095,0.8757604867114954,0.1377236987227381
P_Q1,27,B,SRI12,1630,-0.001423861199697632,196.2677142325549,-0.001424611603970385,0.7,4369127596.295262,4369.127596295262,0.7547230227345502,0.38435265236417976
P_Q1,27,B,SRI12,1631,-0.004485776681402062,1410.829997704282,-0.6342646190417167,0.7,5767763244.376438,5767.763244376438,0.8719536058633081,0.16661329917814063
P_Q1,27,B,SRI12,1632,-0.0009384183746828506,41.54050919887828,0.0,0.7000841096050537,3524449877.224459,3524.449877224459,0.7226313729675882,0.40406304479311206
P_Q1,27,B,SRI12,1633,-0.004725460542740004,1946.357661296965,-1.6013846169420356,0.7315237492291323,5403179256.184605,5403.179256184605,0.8636638559789377,0.08261287223823247
P_Q1,27,B,SRI12,1634,-0.001532864836120744,1853.9197459147858,-6.140169706426674e-05,0.7000562418515915,6304390366.653234,6304.390366653233,0.9049702920980539,0.09332194826911443
P_Q1,27,B,SRI12,1635,-0.009209513718831525,680.1537518686961,-7.235538481258465e-06,0.7002280618357257,5310083758.512352,5310.083758512352,0.8289394101113602,0.31995588287615184
P_Q1,27,B,SRI12,1636,0.0,1903.0218225540814,-1.138583488847237,0.7071705444178487,5785598209.966774,5785.5982099667735,0.8808481872843065,0.08713131960009962
P_Q1,27,B,SRI12,1637,0.0,1491.7720296888606,-0.6694404757722354,0.7,5812142999.475716,5812.142999475715,0.8759028000142314,0.1509232575514996
P_Q1,27,B,SRI12,1638,-4.525655798107611e-05,1903.811322746416,-1.1906169504287698,0.7004148752369304,5769786130.427113,5769.786130427113,0.8798875724908386,0.08691784964599565
P_Q1,27,B,SRI12,1639,-0.0012466855991063804,0.0,-0.8898952733878495,0.7019662848654588,1239273703.8282218,1239.2737038282219,0.670544704166222,0.40954210694844706
P_Q1,27,B,SRI12,1641,0.0,2048.2315303424875,-1.46886776063168,0.7,5653012481.294129,5653.012481294129,0.8768634148076992,0.07165474792756253
P_Q1,27,B,SRI12,1642,-0.08369576633359739,666.3471735733671,0.0,0.7,5293279357.240762,5293.279357240762,0.8260219874052728,0.3241541253068631
P_Q1,27,B,SRI12,1644,-0.0013897761567904987,2063.5787298352407,-0.000570549399292096,0.7,6425273006.437128,6425.273006437128,0.9121571138862203,0.0702316149002028
P_Q1,27,B,SRI12,1645,-0.10202975318148266,171.39975123689266,0.0,0.7000863478230599,4282285471.5274935,4282.285471527493,0.7492439605792149,0.38801721990963106
P_Q1,27,B,SRI12,1646,0.0,1957.1358509068198,-1.2647023799678783,0.7050097404102326,5733337353.503974,5733.337353503974,0.8787846443946348,0.08140320916497669
P_Q1,27,B,SRI12,1648,-9.748699836387219e-05,1201.6823195259417,-0.025420777946794648,0.7000000571279861,5838049778.367817,5838.0497783678165,0.8717757142348881,0.21211797772796814
P_Q1,27,B,SRI12,1649,-7.815318130652727e-05,157.7763287984081,-0.004181589036058364,0.7,4229981909.8389673,4229.981909838967,0.7471448393638596,0.38929803963425486
P_Q1,27,B,SRI12,1650,-0.0006883982066089246,1076.1261461764525,-6.0773800347849974e-05,0.7000586414383072,5736208269.661821,5736.208269661822,0.8630946027679938,0.23986907176148295
P_Q1,27,B,SRI12,1651,-0.00029203307690362943,1934.1933048937997,-2.1486847503839037,0.7000806490115123,5090892996.891576,5090.892996891575,0.8468353079304087,0.08407158359127619
P_Q1,27,B,SRI12,1652,-0.012272279024549082,1941.9275446665633,-1.3066159684646137,0.7003021795164572,5710137603.393943,5710.137603393943,0.8775038246700109,0.08382253531148826
P_Q1,27,B,SRI12,1653,-0.004440850789858446,0.0,-1.0981798262405649,0.7012148235648064,1123407914.1890914,1123.4079141890913,0.6581634468281921,0.40954210694844706
P_Q1,27,B,SRI12,1654,-0.024048904479903488,0.0,-1.279026924146845,0.9335838845191318,221808004.24104804,221.80800424104802,0.5503611200056924,0.40954210694844706
P_Q1,27,B,SRI12,1655,0.0,2076.933869326424,-0.5387226693630152,0.7001331278788101,6235899579.9867,6235.8995799867,0.9031913758138541,0.06923542178105097
P_Q1,27,B,SRI12,1656,-0.02262257990120846,0.0,0.0,0.7157444338513299,1535088005.797833,1535.088005797833,0.7035258120752838,0.40954210694844706
P_Q1,27,B,SRI12,1658,-0.004500307639492655,1745.9880560393608,-2.1786115691024306,0.7003896831858746,4960279594.135021,4960.279594135021,0.8327462909595474,0.10872736329028357
P_Q1,27,B,SRI12,1659,-0.00039678276345930796,1718.3794556228397,0.0,0.703118998243423,6204125886.379844,6204.125886379844,0.8992066033372471,0.11217846088163091
P_Q1,27,B,SRI12,1660,0.0,1881.1668453498849,-0.7632785153550812,0.7019270383702687,6009060999.130327,6009.060999130327,0.8926246130857081,0.08958622407229516
P_Q1,27,B,SRI12,1661,0.0,1491.7720296888606,-0.7076155688938917,0.700119540855602,5795954786.165188,5795.954786165188,0.8755114384317072,0.1509232575514996
P_Q1,27,B,SRI12,1662,0.0,1850.5629362199554,-0.9619531679891016,0.7,5886694306.859585,5886.694306859585,0.8844771765040738,0.09382004482869037
P_Q1,27,B,SRI12,1663,-0.01044460700177825,1937.039785148836,0.0,0.700000149550475,6353750395.894506,6353.750395894506,0.9079588714555092,0.08371580033443628
P_Q1,27,B,SRI12,1664,-0.03421506019869214,17.716027043753684,-6.644121977382716e-05,0.700009364855984,3177585922.309384,3177.585922309384,0.7172234674636213,0.4074074074074075
P_Q1,27,B,SRI12,1665,0.0,617.0866161045814,0.0,0.7,5227004326.824382,5227.004326824382,0.8223574198598212,0.33084285053545376
P_Q1,27,B,SRI12,1666,-0.08369576633359739,1215.9178289518552,-0.0005851692642897671,0.7000000652511309,5857299059.855393,5857.299059855393,0.8713487743266802,0.21350553242964382
P_Q1,27,B,SRI12,1668,-5.98616351676828e-05,2088.6770007613154,-0.8860079707843836,0.7014142410063551,6060516987.269814,6060.516987269813,0.8959689757000034,0.06866616857010709
P_Q1,27,B,SRI12,1669,-6.160998105492236e-05,186.58761530911704,-0.004181589036058364,0.7,4335638072.236195,4335.638072236195,0.7525883231935105,0.3855978937631195
P_Q1,27,B,SRI12,1670,-7.85541343950326e-05,1626.6479084886287,-2.0284233369549054,0.7003817198127494,4975172276.16795,4975.172276167949,0.8297577116020919,0.1272280926459601
P_Q1,27,B,SRI12,1671,0.0,1015.0438697878519,0.0,0.7,5679874459.279183,5679.874459279184,0.8585049987547586,0.2535667271498203
P_Q1,27,B,SRI12,1672,-0.0013961802322684969,372.971718868015,0.0,0.7,4820867082.077702,4820.8670820777015,0.7894830469278118,0.3638595367701995
P_Q1,27,B,SRI12,1674,-0.008908101013773064,1915.9581205928105,-2.1626120066644874,0.7001870641070382,5071686135.560823,5071.6861355608235,0.8451987049489451,0.0856370299213719
P_Q1,27,B,SRI12,1676,-0.0012788985205789225,1575.1831670007525,-0.9174694059621278,0.700142514068199,5736699095.990339,5736.69909599034,0.8736257871704559,0.1363361440210624
P_Q1,27,B,SRI12,1677,0.0,911.0944202821711,0.0,0.7,5576902050.070518,5576.902050070517,0.8503575621731242,0.276941687124204
P_Q1,27,B,SRI12,1678,-0.012981501875347313,2071.2271029761123,-2.1240988339396436,0.706561568162784,5173060401.143068,5173.060401143069,0.8541644430213116,0.07051624150567476
P_Q1,27,B,SRI12,1679,0.0,2048.2315303424875,-0.7723183974422636,0.7004051715801065,6107217168.90495,6107.21716890495,0.898566193474935,0.07165474792756253
P_Q1,27,B,SRI12,1680,-0.011200254899066293,1825.0821597483312,-0.9257869780175112,0.7108082192794684,5848287320.53117,5848.28732053117,0.8831607784537658,0.09808944391076956
P_Q1,27,B,SRI12,1682,0.0,1622.0162030107936,-0.18620233540698541,0.7359340089159574,5917874349.771477,5917.874349771477,0.882520368591454,0.12825986409079587
P_Q1,27,B,SRI12,1683,-2.539932928362092,0.0,-1.144610621447076,0.8623247697644428,504452717.27268904,504.45271727268903,0.5820614081901306,0.40954210694844706
P_Q1,27,B,SRI12,1684,-4.204265977657273e-06,1926.6796849107066,-0.8802621200872347,0.7,5977127896.463958,5977.127896463958,0.8908812751271925,0.08478315010495605
P_Q1,27,B,SRI12,1685,-0.00037242315300209123,1977.6808065532343,-1.9796374568005006,0.7078122706031484,5210085137.805016,5210.085137805016,0.8542711779983633,0.07891272636709713
P_Q1,27,B,SRI12,1686,0.0,1711.7276401126433,-1.304270308788651,0.737539470445045,5449422959.421179,5449.422959421179,0.8595011918739105,0.11317465400078269
P_Q1,27,B,SRI12,1687,-0.005283923664375131,341.91479721115695,0.0,0.7,4755641089.646401,4755.641089646401,0.7843241897036326,0.3682356708293307
P_Q1,27,B,SRI12,1688,0.0,1775.1232713890483,-1.0335674791458014,0.7021222996934808,5791600092.440507,5791.600092440507,0.8793183192798945,0.10474259081367633
P_Q1,27,B,SRI12,1689,0.0,1210.1885656310042,-0.004382548687785981,0.7,5851803376.263801,5851.803376263801,0.8731632689365639,0.21051695307218843
P_Q1,27,B,SRI12,1690,-2.9568368892836803e-06,75.35841481873945,0.0,0.7,3812660094.205772,3812.660094205772,0.7304941829437506,0.3995445974312449
P_Q1,27,B,SRI12,1691,0.0,1893.4543675584607,-1.3026523878199514,0.7,5686436005.268504,5686.436005268504,0.8757249083858115,0.08819866937061942
P_Q1,27,B,SRI12,1692,-0.0026981696998201674,846.9733354349851,-0.016970302925520486,0.7020829293157302,5491132437.337928,5491.1324373379275,0.8438111502472694,0.2899633543245455
P_Q1,27,B,SRI12,1693,-0.010518142817475675,1682.5845755014116,-1.4575089118004223,0.7000272129056712,5440028959.628437,5440.028959628437,0.8595011918739104,0.11794214964243784
P_Q1,27,B,SRI12,1694,-0.0025586357038032137,280.23962414311745,-0.012253339884558206,0.7000406966824425,4607941037.680418,4607.941037680418,0.7722631372967587,0.37538691429181337
P_Q1,27,B,SRI12,1695,0.0,1326.2478649405334,0.0,0.7,5946177934.10011,5946.17793410011,0.8812751271925142,0.18525634183655318
P_Q1,27,B,SRI12,1697,0.0,1554.9162308320815,-1.4554727827248701,0.7,5355560957.004054,5355.560957004054,0.8512825986409079,0.13921798840146582
P_Q1,27,B,SRI12,1698,-5.133274670783561e-08,2066.2651007423024,-1.3400278130462029,0.7,5757168915.159781,5757.168915159781,0.8818088020777742,0.07001814494609884
P_Q1,27,B,SRI12,1699,-0.07809880981659717,486.1724574573349,-3.2855061963591033e-05,0.70001137302182,5028405313.354756,5028.405313354757,0.8052442452058207,0.35158501440922185
P_Q1,27,B,SRI12,1700,-0.010994913690064716,962.7394271229974,-1.540088727581049e-05,0.7003212223989342,5627312768.398411,5627.312768398411,0.8544490696267836,0.26562777955669403
P_Q1,27,B,SRI12,1701,-0.005094172383531381,0.0,-1.0785785922990594,0.846110865954059,584568017.5034773,584.5680175034773,0.5919521827302807,0.40954210694844706
P_Q1,27,B,SRI12,1702,-0.004022367381045999,1731.3515187284577,-1.8203166365337433,0.703859138308763,5173648545.021116,5173.648545021117,0.8448785000177893,0.1105062795744832
P_Q1,27,B,SRI12,1703,0.0,1152.6428990435465,0.0,0.7,5804279410.694061,5804.279410694061,0.8688227132031167,0.22360977692389797
P_Q1,27,B,SRI12,1704,-0.0016419947429953327,0.0,-0.6826317899744887,0.7004523274406458,1358470507.523305,1358.4705075233048,0.6841000462518235,0.40954210694844706
P_Q1,27,B,SRI12,1705,-0.0015501997187669801,1456.2995951047465,-1.157515837522448,0.7,5507587811.882721,5507.587811882721,0.8555164193973032,0.1575764044544064
P_Q1,27,B,SRI12,1706,-0.009277918661033918,2061.438163612726,-1.4966667848931314,0.7126036920619885,5604499328.376458,5604.499328376458,0.8749066068950795,0.07040950652862277
P_Q1,27,B,SRI12,1707,-0.0014360167246990144,1516.2210000477328,-1.3591330865605868,0.7001674983120508,5399008532.23741,5399.00853223741,0.8523143700857438,0.14583555697868858
P_Q1,27,B,SRI12,1709,0.0,1911.9759345638947,-0.0391159337519601,0.7842178070871051,5874922746.230409,5874.922746230409,0.8858647312057494,0.08595723485252783
P_Q1,27,B,SRI12,1710,-0.014770092229112203,1566.7949919511552,-1.2405328819022776,0.7000479485952127,5520491202.334136,5520.491202334136,0.8592877219198065,0.13797274700252604
P_Q1,27,B,SRI12,1711,-0.00011876126325817951,1796.6357290752921,-1.4407714456806306,0.7000112393311869,5522477055.632025,5522.4770556320245,0.8664389653822892,0.10132707154801296
P_Q1,27,B,SRI12,1712,-0.001457172140906739,1801.2020717196822,-1.2739836511733618,0.7007749965097086,5651342368.500158,5651.342368500158,0.8718824492119401,0.10086455331412102
P_Q1,27,B,SRI12,1713,-6.977440784174571e-05,1892.2355305851054,-1.4808666391039687,0.7000295744217265,5555680061.334408,5555.680061334408,0.8694631230654285,0.08837656099903937
P_Q1,27,B,SRI12,1714,-0.0036072319572298265,1819.0505786167641,-1.5186224953520733,0.7000002830214641,5480924843.819432,5480.924843819433,0.8646600490980895,0.09837407051624153
P_Q1,27,B,SRI12,1715,-0.000566055917241258,1675.4407220920557,-1.9212449062291324,0.7064934689256193,5064221461.876124,5064.2214618761245,0.8362329668765787,0.11879602945885367
P_Q1,27,B,SRI12,1716,-7.732737013825194e-05,1910.9207611992147,-1.103828987738919,0.7071020778587211,5811301400.713865,5811.301400713865,0.8826271035685059,0.08602839150389584
P_Q1,27,B,SRI12,1717,-0.0052527983548904915,1767.4220219850067,-1.6826337858394893,0.7022358244687538,5305875422.284377,5305.875422284377,0.8548760095349911,0.10602341053830007
P_Q1,27,B,SRI12,1718,-2.281496398376861e-08,1798.732712810798,-0.8344915769936668,0.7002424192046361,5926920021.270594,5926.920021270594,0.8871455509303731,0.10125591489664497
P_Q1,27,B,SRI12,1719,0.0,1432.300523069757,-0.9101609352007896,0.7,5640638269.022717,5640.638269022717,0.8648379407265094,0.1623794784217455
P_Q1,27,B,SRI12,1720,-0.001684230168776682,1672.9927514740048,-0.954254853879306,0.7311786286253257,5654067778.232525,5654.067778232525,0.8707795211157362,0.11915181271569361
P_Q1,27,B,SRI12,1721,-0.04432134500976491,2090.1051584167426,0.0,0.7003703607494425,6437722620.544234,6437.722620544234,0.9108407158359128,0.07083644643683068
P_Q1,27,B,SRI12,1722,-0.0013746293301289325,1719.187102819451,-1.4989840375605505,0.7095661696606349,5407964282.678753,5407.964282678753,0.8583626854520227,0.11196499092752697
P_Q1,27,B,SRI12,1724,-0.0008489473587324139,1652.6885283785957,-1.4878134090199755,0.7865114975130693,5155878539.82503,5155.87853982503,0.8421745472658058,0.12292311523819688
P_Q1,27,B,SRI12,1725,0.0,1749.5041940856258,0.0,0.7000102118717237,6240655764.773833,6240.655764773834,0.9011278329241826,0.10826484505639164
P_Q1,27,B,SRI12,1726,-0.000548723274372295,1792.2426672761214,-1.5262493816657297,0.7009997206560253,5453351765.944611,5453.351765944611,0.8627743978368378,0.10182516810758883
P_Q1,27,B,SRI12,1727,-0.23868993783088255,238.1547203490693,-0.010411287678977052,0.7007221493288873,4491922761.196842,4491.922761196842,0.7606646031237768,0.38168427793788035
P_Q1,27,B,SRI12,1729,0.0,1596.4248852907115,-1.890740686130019,0.7000886439733192,5042832675.719808,5042.832675719807,0.8319991461201837,0.13217347991603515
P_Q1,27,B,SRI12,1730,0.0,333.5260708964852,-0.017732319152864846,0.7,4730543103.581103,4730.543103581103,0.7820471768598568,0.36916070729711453
P_Q1,27,B,SRI12,1731,-0.011240841822473441,26.795913833381178,0.0,0.7000093206917468,3337466711.8234873,3337.4667118234875,0.7195716369587646,0.40648237093962364
P_Q1,27,B,SRI12,1732,-0.0011012446904294186,1591.927740785563,-1.4174466991227221,0.7007818873486595,5405197097.923071,5405.197097923071,0.8552317927918313,0.133062938058135
P_Q1,27,B,SRI12,1733,-6.348151338385427e-05,1837.4383907868894,-2.0724363322705175,0.7000022107223565,5076712290.434555,5076.712290434555,0.8429216921051695,0.09567011776425802
P_Q1,27,B,SRI12,1735,-0.004560777246762414,1833.7147878959834,-1.4402159562696664,0.7002332222995976,5545207703.83711,5545.20770383711,0.8683246166435405,0.0963105276265699
P_Q1,27,B,SRI12,1736,0.0,1817.274797223415,-2.0564338669830726,0.7000080406284324,5076317382.584092,5076.317382584092,0.8423880172199095,0.09865869712171348
P_Q1,27,B,SRI12,1737,-0.004795077708869578,2089.352159552097,-2.1339810915155533,0.7000002479005732,5187524664.494817,5187.5246644948165,0.8552673711175152,0.0685950119187391
P_Q1,27,B,SRI12,1738,-0.012244587122094568,256.42492765058125,-0.002084157297324809,0.7003204203243184,4546827846.528642,4546.827846528642,0.7669263884441597,0.37784181876400896
P_Q1,27,B,SRI12,1740,-0.13145768312913658,305.50968701562226,0.0,0.7,4673054943.093247,4673.054943093248,0.7755363432596861,0.37367915465898177
P_Q1,27,B,SRI12,1741,-0.0014360167246990144,1507.2992020975116,-1.4293141902958926,0.7001819590746343,5339558128.525386,5339.558128525386,0.8485074892375566,0.1476144732628883
P_Q1,27,B,SRI12,1742,0.0,0.0,-1.285782682212303,0.7000959040081224,996631879.7001053,996.6318797001053,0.6439676948802789,0.40954210694844706
P_Q1,27,B,SRI12,1743,-0.0025903016299370953,1703.9270864166322,-1.5880239786924104,0.7094149963264662,5322644357.694509,5322.6443576945085,0.8536663464617357,0.11456220870245847
P_Q1,27,B,SRI12,1744,-0.0036072319572298265,1819.0505786167641,-1.3512575950325652,0.7000002932325312,5604480307.404188,5604.480307404188,0.8708506777671045,0.09837407051624153
P_Q1,27,B,SRI12,1745,-0.00013259392507069048,107.82274684535795,-0.0014637359101769285,0.7000490385464493,4005756569.2404065,4005.7565692404064,0.7370405948696053,0.3955242466289537
P_Q1,27,B,SRI12,1746,0.0,1672.53606121116,-0.9484131842887917,0.7094342528380516,5745018663.459349,5745.018663459348,0.8752623901519194,0.1192229693670616
P_Q1,27,B,SRI12,1747,-2.609163383826953e-08,1710.1223856323923,-1.3026947049799118,0.7025282805001852,5565396493.734477,5565.396493734477,0.8656918205429252,0.11353043725762264
P_Q1,27,B,SRI12,1749,-0.0024512723402157605,1706.47905924087,-0.8122029013185239,0.7020512394957501,5873093339.723638,5873.093339723638,0.8831252001280818,0.11427758209698655
P_Q1,27,B,SRI12,1751,-0.0002627839071720888,1959.6110455068265,-1.9961985807837341,0.7,5203870598.165544,5203.870598165544,0.8535240331589996,0.08129647418792471
P_Q1,27,B,SRI12,1752,-3.955173329952146e-05,0.0,-1.3514656861089618,0.7033170799789057,935197770.5569537,935.1977705569536,0.6369587647205323,0.40954210694844706
P_Q1,27,B,SRI12,1753,0.0,576.2379041525917,0.0,0.7,5168856458.526887,5168.856458526887,0.8174476109154304,0.3365353826448927
P_Q1,27,B,SRI12,1754,-7.529352529936085e-05,1801.2098198602384,-0.00029175550532312827,0.7000370319509979,6272640184.212648,6272.640184212649,0.9029779058597505,0.10086455331412102
P_Q1,27,B,SRI12,1755,-0.00021371404557509605,1838.1110232898657,-1.1831445996758951,0.7000004493478255,5737636684.781602,5737.636684781602,0.877219198064539,0.09563453943857401
P_Q1,27,B,SRI12,1756,-2.3586809748023762e-08,1816.9191895975216,-0.8081777260090521,0.7002444585944556,5951867102.721638,5951.867102721638,0.8885331056320488,0.09865869712171348
P_Q1,27,B,SRI12,1760,-0.005287238562016771,390.52807417830996,-0.00022272001594317737,0.7002093366336823,4854830808.696594,4854.830808696594,0.7922937346568472,0.361653680577792
P_Q1,27,B,SRI12,1761,-0.00442248353047089,1619.298813963579,-1.0914434147793406,0.7303365333524935,5550519974.694041,5550.519974694042,0.8632369160707296,0.12861564734763584
P_Q1,27,B,SRI12,1762,-2.637295011610372,0.0,-0.5709432412607822,0.7033184056949376,1395033657.0034466,1395.0336570034465,0.6875511438431707,0.40954210694844706
P_Q1,27,B,SRI12,1763,-0.0034305827144884907,2066.17758985016,-1.2614686180501153,0.7000587605633053,5813505844.40248,5813.50584440248,0.8843348632013376,0.07005372327178284
P_Q1,27,B,SRI12,1764,-0.002134378346762583,1405.4805901253887,-0.0066034058320168666,0.700002000180447,6004551364.877183,6004.551364877183,0.8855089479489096,0.16775180560002842
P_Q1,27,B,SRI12,1766,-3.388539357991388e-05,1721.0002535534557,-0.6342646190417167,0.7,5980213774.260899,5980.213774260898,0.8884975273063648,0.11182267762479096
P_Q1,27,B,SRI12,1767,-2.455254110308734,0.0,-0.04315775899234542,0.954361650564395,244985601.09718424,244.98560109718423,0.5519977229871562,0.40954210694844706
P_Q1,27,B,SRI12,1768,-1.782929287987467e-05,1434.456905097405,-0.8693259870705516,0.700185012070394,5662153949.051631,5662.153949051631,0.8662610737538692,0.1618102252108016
P_Q1,27,B,SRI12,1769,0.0,1626.763155177879,-0.558370511307241,0.7,5955810496.176528,5955.810496176528,0.8850820080407016,0.1272280926459601
P_Q1,27,B,SRI12,1770,0.0,1514.9514659588222,-1.2365449838432137,0.7024965698705282,5479762702.89351,5479.762702893509,0.8548048528836234,0.14601344860710855
P_Q1,27,B,SRI12,1771,0.0,433.44617936835175,-0.017732319152864846,0.7000210755715494,4930129168.872924,4930.129168872923,0.7983776283488098,0.356637136656349
P_Q1,27,B,SRI12,1772,-2.9058949572956374,0.0,-1.5391001041963968,0.7009024451856776,800198915.5543922,800.1989155543922,0.6188849752730635,0.40954210694844706
P_Q1,27,B,SRI12,1773,-0.004737292058111701,1896.1889117984092,-1.4402159562696664,0.7002332222995976,5582642117.113613,5582.6421171136135,0.871135304372576,0.0877717294624115
P_Q1,27,B,SRI12,1774,-0.015719587722272166,1050.6374863651342,-0.0029075355619486657,0.7000891646928137,5711903147.758954,5711.903147758954,0.8612089515067419,0.2454192905681858
P_Q1,27,B,SRI12,1775,-1.3944050296725552e-05,1689.041933876948,-1.327166854388432,0.7357230834046048,5425081225.279665,5425.081225279665,0.8578290105667628,0.11683922154623404
P_Q1,27,B,SRI12,1777,-0.00010038997466994004,1575.3062947389997,-2.057075670366795,0.7001061058188037,4919024645.222824,4919.024645222824,0.8238161312128651,0.13630056569537838
P_Q1,27,B,SRI12,1779,-0.00014182017118755916,2100.0,-1.2082949385997597,0.7438012788764534,5715979363.475688,5715.979363475688,0.8813462838438822,0.0680613370334792
P_Q1,27,B,SRI12,1780,0.0,1914.9033820295122,-1.9855521052821405,0.707523364545672,5171626184.528472,5171.626184528472,0.8504642971501761,0.08570818657273989
P_Q1,27,B,SRI12,1781,0.0,1270.3288260258835,0.0,0.7,5902083956.077936,5902.083956077936,0.8778951862525348,0.19760202084889886
P_Q1,27,B,SRI12,1782,0.0,1778.2991545086734,-0.8447435942514747,0.7,5909592014.2737465,5909.592014273747,0.8861137794855373,0.10438680755683638
P_Q1,27,B,SRI12,1783,-0.003697207633932293,1577.8600384615584,0.0,0.7,6128662739.347286,6128.662739347286,0.89415448109012,0.13594478243853844
P_Q1,27,B,SRI12,1784,0.0,2055.82259401632,-2.078071588410366,0.8124094124316097,5047779885.016201,5047.779885016201,0.8473689828156686,0.0708364464368307
P_Q1,27,B,SRI12,1785,0.0,1891.763794674891,-0.6713545430480683,0.7,6069295768.104633,6069.295768104634,0.8951506742092716,0.08837656099903937
P_Q1,27,B,SRI12,1786,-0.0035181050613293553,0.0,-0.04628499412391919,0.7000000070241869,1608213419.966768,1608.213419966768,0.7121357668908102,0.40954210694844706
P_Q1,27,B,SRI12,1787,-0.00092723714328765,1801.2098198602384,-2.1786115691024306,0.7002716933767147,4994935056.895474,4994.935056895474,0.8370512683673107,0.10086455331412102
P_Q1,27,B,SRI12,1789,0.0,1370.769553281488,-0.8508515131675853,0.7007785858462496,5623982514.797902,5623.982514797902,0.8633080727220976,0.17543672394777104
P_Q1,27,B,SRI12,1790,-0.0007973861270734431,513.8681151120456,-6.71026577755661e-05,0.7000498803542317,5073392143.073964,5073.392143073964,0.8097982708933715,0.345856903974099
P_Q1,27,B,SRI12,1791,-0.11114244519662808,151.25940878583208,0.0,0.7000297891178605,4205032162.3708324,4205.032162370832,0.7451168747998719,0.3906500160102465
P_Q1,27,B,SRI12,1792,-0.007967753442016045,1731.3690494934374,-1.7715539624435508,0.7394192114280431,5142162258.619501,5142.162258619501,0.8435621019674813,0.1105062795744832
P_Q1,27,B,SRI12,1794,-0.01763717538700798,1631.243957627453,-1.2454310819335053,0.7046711503555277,5546347858.633895,5546.347858633895,0.8617426263920022,0.12680115273775217
