climate_group,scenario_count,period,indicator,policy_index,contract_threshold,contract_action,demand_threshold,demand_action,mean_total_cost,mean_total_cost_million,mean_urban_reliability,mean_agricultural_reliability
S_Q1,27,B,SPI3,3,0.0,472.6681960678993,0.0,0.7,3945600283.2016573,3945.6002832016575,0.6608318212544918,0.33529014124595297
S_Q1,27,B,SPI3,5,-0.014600012133697327,407.1454753682011,-0.0038549708407188965,0.7,3845012020.3905497,3845.01202039055,0.6501583235492937,0.34041342014444803
S_Q1,27,B,SPI3,7,-3.524601858489868,0.0,-0.2699567765294412,0.7032469840934589,921209034.9345586,921.2090349345586,0.5516063614046324,0.3692318639484825
S_Q1,27,B,SPI3,8,0.0,1842.1461372030349,0.0,0.7,5025391545.770576,5025.391545770575,0.7650051588572241,0.17038460170064396
S_Q1,27,B,SPI3,9,-2.814934344318492,0.0,-0.07024859717991044,0.7004545935540696,1066681836.5872327,1066.6818365872327,0.5709253922510408,0.3692318639484825
S_Q1,27,B,SPI3,10,0.0,0.0,-1.3357669677745265,0.7369477437696901,207576429.18566763,207.57642918566762,0.4714483936385953,0.3692318639484825
S_Q1,27,B,SPI3,11,0.0,0.0,0.0,0.7037040045733879,1100681551.2378423,1100.6815512378423,0.5763332977550076,0.3692318639484825
S_Q1,27,B,SPI3,12,-3.9975933454263677,0.0,-0.4550682167816973,0.7349718643150132,704774619.4436134,704.7746194436135,0.5241398939765894,0.3692318639484825
S_Q1,27,B,SPI3,13,0.0,1032.4633977401,0.0,0.7,4522123471.114729,4522.123471114729,0.7208880350090725,0.2622122602910306
S_Q1,27,B,SPI3,14,-0.4264666241392503,0.0,-0.4191419789882169,0.7008507392764767,826351725.9356452,826.3517259356453,0.5402568755114384,0.3692318639484825
S_Q1,27,B,SPI3,19,0.0,756.5412970000642,-0.00034475321954741486,0.7,4279432060.183129,4279.432060183129,0.6943466040488134,0.3045504678549827
S_Q1,27,B,SPI3,20,-1.8883380976359474,0.0,-2.257636607218915,0.8507104804035741,15313576.119336868,15.313576119336867,0.4552958337780624,0.3692318639484825
S_Q1,27,B,SPI3,21,0.0,702.9650688916063,0.0,0.7,4224957466.8459067,4224.957466845906,0.6890098551962145,0.31106130145515354
S_Q1,27,B,SPI3,23,-6.168787486556513e-07,229.9277039757792,0.0,0.7001744130325498,3501011450.763221,3501.0114507632206,0.6210908314654712,0.3521898459458498
S_Q1,27,B,SPI3,24,0.0,944.0237667370352,0.0,0.7000000015158432,4450435789.769802,4450.435789769802,0.7133098516383818,0.277226313729676
S_Q1,27,B,SPI3,25,-3.8634843966107506,0.0,-0.8082522718098009,0.740585958645603,465643935.8400718,465.6439358400718,0.49702920980538656,0.3692318639484825
S_Q1,27,B,SPI3,27,0.0,77.40113993663081,0.0,0.7,2960124767.516521,2960.124767516521,0.5931974241292204,0.3632902835592557
S_Q1,27,B,SPI3,28,-1.0104496277292933e-07,913.7878679395842,-7.66365565469411e-06,0.7000418268570731,4424579570.456242,4424.5795704562415,0.7100722240011386,0.28195823104564705
S_Q1,27,B,SPI3,32,0.0,1001.0993357098212,0.0,0.7,4497239368.594566,4497.239368594566,0.718682178816665,0.26762016579499764
S_Q1,27,B,SPI3,36,0.0,613.4172989809033,0.0,0.7,4126033231.7651377,4126.033231765137,0.6786565624221725,0.3211299676237236
S_Q1,27,B,SPI3,37,-0.0002481035691919446,1654.4922481864114,-0.007886475198995432,0.7001678927808527,4920777984.259934,4920.777984259935,0.7574269754865336,0.17814067669975453
S_Q1,27,B,SPI3,39,-3.6396110503098105,0.0,-0.4984321025881179,0.8075608810545296,488083632.7230756,488.08363272307565,0.5001601024655778,0.3692318639484825
S_Q1,27,B,SPI3,41,-3.833196034013782e-06,1129.7312846007776,-1.7320272495689292e-05,0.7000000005263103,4595876929.383558,4595.8769293835585,0.7281815917742911,0.24687800192122952
S_Q1,27,B,SPI3,42,-6.063398189487133e-06,46.20783760108722,-7.346910642380295e-09,0.7000000000104972,2748400060.5913415,2748.4000605913416,0.5872914220656774,0.3657096097057672
S_Q1,27,B,SPI3,43,0.0,1897.5634346979418,-9.178514615233774e-06,0.7000326287860936,5053025896.693672,5053.025896693673,0.7672821717009995,0.16867684206781228
S_Q1,27,B,SPI3,44,0.0,1683.7932253160811,0.0,0.7,4942587780.296876,4942.587780296876,0.7586010602341055,0.1768598569751308
S_Q1,27,B,SPI3,46,-0.2736555984763458,0.0,-0.24848707165055034,0.7000269351135108,947648759.9352107,947.6487599352107,0.5549863023446115,0.3692318639484825
S_Q1,27,B,SPI3,48,-0.029277807367540737,0.0,-0.10370525124594936,0.7017393328641053,1040948940.2786145,1040.9489402786146,0.5677233429394812,0.3692318639484825
S_Q1,27,B,SPI3,49,-0.005561602872602905,0.0,-0.10452643196447567,0.7166565939993118,987707797.5768877,987.7077975768877,0.5605009428256305,0.3692318639484825
S_Q1,27,B,SPI3,50,0.0,494.19280930796276,0.0,0.7,3975647042.853141,3975.6470428531406,0.6635001956807912,0.33333333333333326
S_Q1,27,B,SPI3,51,-0.7585608415082741,0.0,-0.4642098858578695,0.7103819594577495,761414998.8158525,761.4149988158525,0.5317892339986481,0.3692318639484825
S_Q1,27,B,SPI3,53,-4.345463362082265e-06,886.414159497406,0.0,0.7000000807341566,4400906937.272271,4400.9069372722715,0.7077596328316789,0.2862276301277262
S_Q1,27,B,SPI3,55,0.0,1305.0323974283822,0.0,0.7,4717365513.864286,4717.365513864286,0.7401359092041131,0.2172768349521472
S_Q1,27,B,SPI3,56,0.0,782.975639064001,0.0,0.7000000000629928,4305519012.030803,4305.5190120308025,0.697050556800797,0.3012416835663714
S_Q1,27,B,SPI3,57,-0.004814311595961129,0.0,-0.3770887593842327,0.700064235441508,855450511.4826459,855.4505114826459,0.5437791297541538,0.3692318639484825
S_Q1,27,B,SPI3,58,-1.7241256197841414e-06,1551.5682995492944,0.0,0.7,4868783222.649102,4868.783222649102,0.7527662148219306,0.1867150531895969
S_Q1,27,B,SPI3,59,0.0,125.73550450394383,0.0,0.7,3184269118.5271993,3184.269118527199,0.6021631622015868,0.3596257160138044
S_Q1,27,B,SPI3,60,0.0,172.185755631145,0.0,0.7,3343913514.4566917,3343.9135144566917,0.6104884904116412,0.356352510050877
S_Q1,27,B,SPI3,62,-0.00010924915881988244,31.778742746637477,0.0,0.7000000045260231,2610147421.9932942,2610.1474219932943,0.5842672643825382,0.366741381150603
S_Q1,27,B,SPI3,63,-3.6213522735305823e-10,378.8802362590332,-3.6273569637103107e-10,0.7000007538644849,3801117007.1275992,3801.117007127599,0.6469562742377343,0.3420144448002277
S_Q1,27,B,SPI3,64,0.0,561.2810361289718,0.0,0.7000010336781948,4063287252.8717594,4063.2872528717594,0.6716120539367416,0.3266446081047426
S_Q1,27,B,SPI3,65,0.0,1060.0818074405724,0.0,0.7000133515378969,4543553183.591666,4543.553183591666,0.7232717828299,0.25808517451168744
S_Q1,27,B,SPI3,66,-2.6083942488595913e-08,630.7036021978721,0.0,0.7000023081875727,4145962939.97704,4145.96293997704,0.6804354787063722,0.31945778631657595
S_Q1,27,B,SPI3,69,-1.811426388519848e-05,141.7522520584048,0.0,0.7000000229723186,3243756474.3468814,3243.7564743468815,0.6052228982104103,0.3584160529405487
S_Q1,27,B,SPI3,74,-0.008043432989199288,0.0,-0.30998888254657786,0.7000713116169796,904462702.821115,904.462702821115,0.5502543850286405,0.3692318639484825
S_Q1,27,B,SPI3,75,0.0,15.388465557306901,0.0,0.7000006148339273,2374774949.8118014,2374.7749498118014,0.5812075283737148,0.3679510442238588
S_Q1,27,B,SPI3,76,0.0,2014.4274472991067,0.0,0.7000000015158432,5109493756.2650585,5109.493756265058,0.7710890525491869,0.16632867257266873
S_Q1,27,B,SPI3,78,-1.0794481457723378e-08,64.99845733340621,0.0,0.7,2885547580.474194,2885.547580474194,0.5910271462624969,0.36417974170135553
S_Q1,27,B,SPI3,80,-2.036626904382247,0.0,-1.8838439664590287,0.7008488705929796,71567453.45123623,71.56745345123623,0.46027679937382154,0.3692318639484825
S_Q1,27,B,SPI3,81,-0.07320716944060388,348.66777963882043,-2.2066051997683017e-05,0.7000474434504754,3748594767.529099,3748.594767529099,0.6409791155228235,0.34599921727683497
S_Q1,27,B,SPI3,82,-0.08857885570557777,2.406105414401628,0.0,0.7000158778144169,1927631788.7206888,1927.6317887206887,0.5787882022272034,0.3691251289714305
S_Q1,27,B,SPI3,84,0.0,261.7223945189622,0.0,0.7000006043421173,3575917564.612397,3575.917564612397,0.626996833529014,0.3501974597075463
S_Q1,27,B,SPI3,86,-0.11420346867050048,0.0,-0.2903138696619508,0.7156623457138596,869516546.9467468,869.5165469467469,0.5452734194328814,0.3692318639484825
S_Q1,27,B,SPI3,88,0.0,1461.0089873804268,0.0,0.7000000230039471,4815493551.775396,4815.493551775397,0.7485323940655354,0.19667698438111503
S_Q1,27,B,SPI3,89,0.0,1606.2476891239091,0.0,0.700000014625509,4899850305.428776,4899.850305428776,0.755505745899598,0.18141388266268188
S_Q1,27,B,SPI3,90,0.0,1416.0572698386086,0.0,0.7000135004541334,4788001605.555447,4788.001605555447,0.7460419112676558,0.20215604653644997
S_Q1,27,B,SPI3,92,0.0,193.6032824155387,0.0,0.7000000001821276,3406558103.851403,3406.5581038514033,0.6140463229800406,0.35468032874372935
S_Q1,27,B,SPI3,93,-7.328652846954868e-07,811.5758530212906,0.0,0.7000428439492138,4332617802.573443,4332.617802573443,0.6999324011812006,0.2970790194613442
S_Q1,27,B,SPI3,94,-9.19027141569615e-06,93.71937557833701,0.0,0.7000000807105845,3045446017.09838,3045.4460170983803,0.5964706300921478,0.36197388550894793
S_Q1,27,B,SPI3,96,-8.618837416541486e-05,0.0,-0.4652048475002549,0.7471472120953601,664130386.5500602,664.1303865500602,0.5198349165688264,0.3692318639484825
S_Q1,27,B,SPI3,98,-0.0006954086397462471,1342.525615785859,0.0,0.7,4741757231.761841,4741.757231761841,0.7420927171167325,0.21179777279681214
S_Q1,27,B,SPI3,99,0.0,1232.6644225069267,-0.0024058797617716454,0.700002252299342,4667353008.992995,4667.3530089929955,0.7360088234247694,0.2290532607535489
S_Q1,27,B,SPI3,100,-1.5984316011399578e-06,1741.912173210157,-0.00047281696335903315,0.7005750756266019,4971364294.509494,4971.364294509493,0.7602376632155691,0.1742270608745153
S_Q1,27,B,SPI3,101,-0.24841368816926052,0.0,-0.40088988924996355,0.8852432182358003,321477520.688273,321.477520688273,0.4824776746006333,0.3692318639484825
S_Q1,27,B,SPI3,102,-0.006982509476092247,0.0,-0.09355505686016463,0.7080701286250977,1023757244.5304404,1023.7572445304404,0.5650905468388658,0.3692318639484825
S_Q1,27,B,SPI3,103,-0.07679105086335669,0.0,-0.46467149568281274,0.7025900152129637,781507153.7190139,781.5071537190139,0.5344931867506316,0.3692318639484825
S_Q1,27,B,SPI3,104,-4.72804246658816e-09,245.98824862702952,0.0,0.7,3540098578.456736,3540.098578456736,0.6246486640338706,0.35108691784964596
S_Q1,27,B,SPI3,108,0.0,518.8813354771584,-9.276878129427663e-06,0.7000015885329459,4008852802.503613,4008.852802503613,0.6667378233180346,0.3307716938840858
S_Q1,27,B,SPI3,110,-8.603367177326777e-05,1195.41876221809,0.0,0.7000000158319555,4642961129.114784,4642.961129114784,0.7332337140214179,0.23506599779414378
S_Q1,27,B,SPI3,111,-0.14390185346869971,0.0,-0.20510472295287277,0.7000014114193502,975582830.2361094,975.5828302361094,0.558508556587327,0.3692318639484825
S_Q1,27,B,SPI3,112,-1.0104496277292933e-07,866.53680482587,-7.742137797816006e-06,0.7000447091641213,4383105630.46021,4383.10563046021,0.7059095598961113,0.2891094745081297
S_Q1,27,B,SPI3,113,-0.0003432114292485147,830.7971331882426,0.0,0.7000023341009447,4350727273.489291,4350.727273489291,0.7019247874195043,0.29433948838367663
S_Q1,27,B,SPI3,114,-3.6209324033883945,0.0,-0.43399587374909254,0.7551748643797915,667543731.1409813,667.5437311409813,0.5208311096879782,0.3692318639484825
S_Q1,27,B,SPI3,118,0.0,0.0,-1.8912233614323455,0.7,69501281.10201809,69.50128110201808,0.46009890774540163,0.3692318639484825
S_Q1,27,B,SPI3,120,-2.328504610326116,0.0,-0.18726527657323053,0.8872795801797693,371265149.37128454,371.26514937128456,0.48724517024228836,0.3692318639484825
S_Q1,27,B,SPI3,121,-2.5043965830998984,0.0,-0.08191073471468202,0.7062571544450693,1038946378.8759687,1038.9463788759688,0.5673319813569572,0.3692318639484825
S_Q1,27,B,SPI3,122,0.0,298.78889236776337,0.0,0.7,3654260730.1688194,3654.2607301688195,0.6336855587576049,0.3479560251894546
S_Q1,27,B,SPI3,123,-3.4164307906912925,0.0,-0.39419908689105176,0.7369955424647874,740953951.3822371,740.953951382237,0.5290497029209805,0.3692318639484825
S_Q1,27,B,SPI3,124,-3.5905945062859947,0.0,-0.6751841234491729,0.7003169750747378,630896347.7780927,630.8963477780927,0.5176290603764186,0.3692318639484825
S_Q1,27,B,SPI3,126,-2.1211428823821157,0.0,-0.030929807802863807,0.9547700198029099,165033904.17203104,165.03390417203104,0.46739246451062016,0.3692318639484825
S_Q1,27,B,SPI3,127,0.0,706.5332771447535,0.0,0.7002872523658932,4227619032.499931,4227.619032499931,0.6892944818016864,0.31056320489557765
S_Q1,27,B,SPI3,129,0.0,913.0300506172699,0.0,0.7,4424083548.1148815,4424.0835481148815,0.7100366456754545,0.282136122674067
S_Q1,27,B,SPI3,130,-2.985305623508805,0.0,-2.0115537361124596,0.7179866958253549,49099297.776875295,49.0992977768753,0.45860461806667385,0.3692318639484825
S_Q1,27,B,SPI3,132,0.0,395.7157588647175,0.0,0.700066351698424,3828632535.975027,3828.632535975027,0.6497669619667698,0.340626890098552
S_Q1,27,B,SPI3,135,-0.18193590406940954,0.0,-0.1792423995950732,0.7000408009784229,993735662.2384148,993.7356622384148,0.5610346177108906,0.3692318639484825
S_Q1,27,B,SPI3,136,0.0,1557.5964342102716,-1.6706595560780528e-05,0.700064473643843,4872018121.483812,4872.018121483812,0.7530152631017186,0.18600348667591707
S_Q1,27,B,SPI3,138,0.0,2066.3269204130816,0.0,0.700372652132365,5132337306.493574,5132.337306493574,0.7724410289251785,0.16583057601309287
S_Q1,27,B,SPI3,139,-3.874118943688744e-06,493.1331410976392,-1.055879736879921e-06,0.7000029309551428,3974177728.625268,3974.177728625268,0.6633934607037392,0.3334756466360692
S_Q1,27,B,SPI3,140,-0.0045190377133861055,227.61413132021028,0.0,0.7000426562607076,3495808414.2706904,3495.8084142706903,0.6206283132315794,0.35251005087700565
S_Q1,27,B,SPI3,141,0.0,831.4825946544515,0.0,0.7000046158311806,4351351762.926695,4351.351762926695,0.7020315223965561,0.29430391005799267
S_Q1,27,B,SPI3,142,0.0,1063.4282232342164,0.0,0.7,4546177106.088203,4546.177106088204,0.723485252784004,0.25765823460347953
S_Q1,27,B,SPI3,143,-2.1038698642607288,0.0,-0.39350695793692764,0.8797889816212824,338909662.98275024,338.90966298275026,0.4846479524673568,0.3692318639484825
S_Q1,27,B,SPI3,145,-1.1381431509211892e-05,1643.9630560448468,0.0,0.7001062222394548,4920444553.671609,4920.444553671609,0.7572135055324297,0.1788522432134344
S_Q1,27,B,SPI3,147,-2.2176732022762904,0.0,-1.2480206546713686,0.7010680857419207,275784686.4179521,275.7846864179521,0.4793467819404419,0.3692318639484825
S_Q1,27,B,SPI3,149,0.0,0.0,-1.3188832184751016,0.7447597061431872,208523954.57247508,208.52395457247508,0.4719109118724873,0.3692318639484825
S_Q1,27,B,SPI3,150,-2.959803683813523,0.0,-0.39347675059091625,0.7987710831559135,567231983.3566275,567.2319833566274,0.5093037321663642,0.3692318639484825
S_Q1,27,B,SPI3,151,0.0,125.93439383881464,0.0,0.7000024169949057,3185033328.413618,3185.033328413618,0.6022343188529548,0.3596257160138044
S_Q1,27,B,SPI3,152,-1.6388063066876652,0.0,-0.9453472724755647,0.706392745710855,445336060.9065497,445.3360609065497,0.4964599565944426,0.3692318639484825
S_Q1,27,B,SPI3,153,0.0,378.6227587272189,0.0,0.7000133762375269,3800637834.2029204,3800.6378342029207,0.6469206959120504,0.3420144448002277
S_Q1,27,B,SPI3,154,-1.6388063066876652,0.0,-1.3574478855895296,0.7004158984668902,230359948.73738575,230.35994873738574,0.4741879247162628,0.3692318639484825
S_Q1,27,B,SPI3,155,0.0,731.4337933280372,-1.9852128389101324e-05,0.7003724548537379,4252985080.502648,4252.985080502648,0.6923186394848259,0.30768136051517414
S_Q1,27,B,SPI3,158,-3.992935655826128,0.0,-0.4209796998194633,0.7013179634936595,824089273.2731446,824.0892732731446,0.5397943572775465,0.3692318639484825
S_Q1,27,B,SPI3,160,0.0,93.254908854865,-4.9323061016318505e-05,0.700000000961833,3043009991.469502,3043.009991469502,0.5961504251609919,0.3620450421603159
S_Q1,27,B,SPI3,161,0.0,314.3298952873633,0.0,0.7,3684915005.9732003,3684.9150059732,0.6371010780232683,0.3468175187675669
S_Q1,27,B,SPI3,162,-0.5710224380183551,0.0,-0.39419908689105176,0.8046176426356233,550478955.7371076,550.4789557371076,0.5073469242537446,0.3692318639484825
S_Q1,27,B,SPI3,164,0.0,1031.0553310843015,0.0,0.7000000832635506,4521022059.067299,4521.022059067299,0.7207813000320207,0.26224783861671463
S_Q1,27,B,SPI3,166,0.0,1164.1830830830972,0.0,0.7003418301148248,4619556231.578862,4619.556231578862,0.7308499662005903,0.24111431316042267
S_Q1,27,B,SPI3,167,0.0,943.6729292881819,0.0,0.7,4450141332.306777,4450.141332306777,0.713274273312698,0.2773330487067279
S_Q1,27,B,SPI3,168,-3.78941249842509,0.0,-1.600999445095891,0.70107955955009,140495937.84257293,140.4959378425729,0.4663606930657842,0.3692318639484825
S_Q1,27,B,SPI3,169,0.0,158.2914784752662,-1.8928356306468263e-09,0.7000699935433888,3299765508.327986,3299.7655083279856,0.6079980076137617,0.3575265947984488
S_Q1,27,B,SPI3,170,-1.1286288574900084e-05,1608.3543915939904,0.0,0.7004287376015738,4899433329.201677,4899.433329201677,0.7554701675739139,0.18127156935994593
S_Q1,27,B,SPI3,171,0.0,657.1960467916123,0.0,0.7002869569567657,4174612594.6267,4174.6125946267,0.6830326964813035,0.3163268936563845
S_Q1,27,B,SPI3,172,0.0,411.17367581724505,0.0,0.7000063721637123,3853664157.9876475,3853.6641579876477,0.6517593482050735,0.3395239620023482
S_Q1,27,B,SPI3,174,-3.452654373739826e-07,564.7049716835631,-9.225689872302567e-05,0.7000457977572575,4067207463.6183047,4067.2074636183047,0.6720745721706336,0.32625324652221876
S_Q1,27,B,SPI3,176,0.0,1198.6949320998415,0.0,0.7003279175126362,4644034793.730265,4644.034793730265,0.733376027324154,0.23446116625751592
S_Q1,27,B,SPI3,177,0.0,350.60300393611004,0.0,0.7000000539572608,3752236690.720214,3752.236690720214,0.642935923435443,0.3443981926210552
S_Q1,27,B,SPI3,179,-1.2212761652920436,0.0,-0.279894865288129,0.7,923382581.0367585,923.3825810367586,0.5522111929412601,0.3692318639484825
S_Q1,27,B,SPI3,180,-3.4164307906912925,0.0,-0.39419908689105176,0.7012798444659982,841556378.7483724,841.5563787483725,0.5422136834240581,0.3692318639484825
S_Q1,27,B,SPI3,182,0.0,1134.6742800284815,-0.004109086291463976,0.7003414715915495,4595916003.085468,4595.916003085468,0.728217170099975,0.24609527875618173
S_Q1,27,B,SPI3,184,-2.6230995617986914,0.0,-0.07123183883924472,0.7000000045801581,1067666050.1158048,1067.6660501158049,0.5712811755078807,0.3692318639484825
S_Q1,27,B,SPI3,185,0.0,434.6832538817571,-0.00016695753117203726,0.7000001894872888,3889833216.3623176,3889.8332163623177,0.6556373857046288,0.33785178069520044
S_Q1,27,B,SPI3,188,0.0,2011.403787391162,-0.0008378074250783296,0.700000000065891,5107879196.209792,5107.879196209792,0.7710178958978189,0.16632867257266873
S_Q1,27,B,SPI3,191,-2.0837869345797992,0.0,-0.38443380766948626,0.8286348883594933,486424241.8208656,486.4242418208656,0.49923506599779416,0.3692318639484825
S_Q1,27,B,SPI3,192,0.0,1001.3754515911861,0.0,0.700066351698424,4497213251.519966,4497.213251519966,0.718646600490981,0.26762016579499764
S_Q1,27,B,SPI3,194,0.0,636.2855314660885,0.0,0.7000628823424224,4152076325.2005095,4152.07632520051,0.6808979969402642,0.3184615931974241
S_Q1,27,B,SPI3,196,0.0,1345.973511516576,0.0,0.7000000000026809,4743958838.533809,4743.958838533808,0.7421638737681006,0.21147756786565622
S_Q1,27,B,SPI3,197,0.0,1955.3172381760937,-4.744790351925347e-05,0.7000712846250421,5080851418.29672,5080.851418296719,0.7690966663108831,0.16725370904045256
S_Q1,27,B,SPI3,200,-0.0017272533228636436,0.0,-0.12911338027262395,0.7000069777908965,1029145571.6001352,1029.145571600135,0.5663357882378056,0.3692318639484825
S_Q1,27,B,SPI3,201,0.0,794.1209992956942,0.0,0.7018935034912779,4309167066.111279,4309.1670661112785,0.697406340057637,0.2998185505390116
S_Q1,27,B,SPI3,202,-2.8281359120748664e-05,330.99994472832856,0.0,0.7000709695148476,3716291692.9390955,3716.2916929390954,0.6404098623118797,0.3456434340199951
S_Q1,27,B,SPI3,203,-4.5553430643128785e-06,172.55837908034903,-1.1666928833362638e-07,0.7000126168616145,3345013462.542069,3345.0134625420687,0.6106308037143772,0.35631693172519296
S_Q1,27,B,SPI3,204,0.0,209.71653133391322,-4.5924091199270035e-05,0.700013894394804,3450072569.5656586,3450.072569565659,0.616928167360444,0.35364855729889344
S_Q1,27,B,SPI3,205,-0.004195367973028961,193.90930786354227,0.0,0.7000718398600111,3407146518.9010825,3407.1465189010823,0.6139751663286726,0.3547514853950973
S_Q1,27,B,SPI3,206,-3.2091457357651425,0.0,-0.3075755388098498,0.7000400283866234,906084237.9931203,906.0842379931203,0.5506457466111644,0.3692318639484825
S_Q1,27,B,SPI3,207,-0.0006586112166265477,365.090290967698,0.0,0.7000151709261955,3777581584.9637737,3777.581584963774,0.6451062013021668,0.34311737289643146
S_Q1,27,B,SPI3,208,0.0,140.09759351028006,-0.00010695109964950315,0.700004977123699,3237665969.695456,3237.665969695456,0.6048671149535702,0.3586651012203366
S_Q1,27,B,SPI3,211,-5.22574668742215e-07,1685.44787859671,-0.0021836349959666766,0.7000089014401796,4942064168.949638,4942.064168949639,0.7585654819084214,0.1766819653467108
S_Q1,27,B,SPI3,214,0.0,1093.9482737179003,0.0,0.7000000014658582,4569320392.394639,4569.320392394639,0.7257266873020958,0.25235706407656466
S_Q1,27,B,SPI3,215,0.0,247.7650491918011,0.0,0.7000000002302352,3544229789.2772436,3544.2297892772435,0.6248977123136585,0.35090902622122605
S_Q1,27,B,SPI3,218,0.0,864.330228852185,-1.9852128389101324e-05,0.7003724548537379,4379884138.703635,4379.8841387036355,0.7054826199879033,0.2892162094851816
S_Q1,27,B,SPI3,219,-3.874118943688744e-06,522.4701697757631,-1.055879736879921e-06,0.7000029309551428,4013579055.0951357,4013.5790550951356,0.6671647632262426,0.3304514889529298
S_Q1,27,B,SPI3,220,-3.9378272688666285,0.0,-0.6931186925370989,0.7439492439470733,528426432.2167989,528.426432216799,0.5039669833137652,0.3692318639484825
S_Q1,27,B,SPI3,221,0.0,546.9937658512484,0.0,0.7000000079916453,4045283879.583634,4045.2838795836337,0.6695485110470701,0.3281033194577864
S_Q1,27,B,SPI3,223,0.0,1743.703835624195,-1.1981457075532317e-08,0.7004166552063256,4973069507.381682,4973.069507381682,0.7604511331696729,0.1742270608745153
S_Q1,27,B,SPI3,224,0.0,1462.800541000057,-3.691047433316412e-06,0.7004274698103568,4814974778.400247,4814.974778400247,0.7484968157398513,0.19639235777564307
S_Q1,27,B,SPI3,226,0.0,1841.8580062212068,0.0,0.700099673974652,5024873822.805264,5024.873822805264,0.7649340022058561,0.17038460170064396
S_Q1,27,B,SPI3,227,0.0,211.3013927516376,0.0,0.7,3454449455.229363,3454.449455229363,0.6174974205713879,0.3534706656704735
S_Q1,27,B,SPI3,229,-4.0,0.0,-0.955010401232259,0.7044310244672543,442051382.9146364,442.05138291463635,0.49621090831465464,0.3692318639484825
S_Q1,27,B,SPI3,230,0.0,0.0,-0.48191494200019,0.7644521861099377,608189812.2620792,608.1898122620793,0.5136798662254954,0.3692318639484825
S_Q1,27,B,SPI3,231,-3.6593102293281037,0.0,-0.04777359964611561,0.7333330108927149,962399002.623229,962.3990026232291,0.5568719536058634,0.3692318639484825
S_Q1,27,B,SPI3,232,0.0,314.7282539857711,0.0,0.7,3685685536.0654664,3685.6855360654663,0.6372078130003203,0.3468175187675669
S_Q1,27,B,SPI3,233,0.0,585.8121289138255,0.0,0.7,4093349913.842109,4093.3499138421093,0.6750275732024051,0.3240118120041271
S_Q1,27,B,SPI3,235,-7.964461363581775e-05,1431.432931015019,-0.0057206791846560676,0.7,4793990471.114402,4793.990471114402,0.7466823211299677,0.20016366029814636
S_Q1,27,B,SPI3,236,0.0,1132.525857393658,0.0,0.7,4597922805.217268,4597.922805217268,0.728252748425659,0.24645106201302164
S_Q1,27,B,SPI3,237,-1.2282453195815957,0.0,-2.080398844766855,0.8921394618044094,16169742.217569958,16.169742217569958,0.45540256875511437,0.3692318639484825
S_Q1,27,B,SPI3,238,0.0,860.1907715428545,0.0,0.7,4377547682.918217,4377.547682918217,0.7053047283594833,0.28978546269612554
S_Q1,27,B,SPI3,239,-3.5711338140812643,0.0,-0.2539764164140325,0.7,943091445.6799811,943.0914456799811,0.5547728323905076,0.3692318639484825
S_Q1,27,B,SPI3,240,0.0,433.8379733061914,0.0,0.7,3888703545.998999,3888.7035459989993,0.6555662290532608,0.33788735902088446
S_Q1,27,B,SPI3,243,0.0,280.6755978165485,0.0,0.7,3616954601.138726,3616.954601138726,0.6305902444230974,0.34923684491407836
S_Q1,27,B,SPI3,244,-4.0,0.0,-0.7272318180175305,0.7643765774164755,465820086.5292942,465.8200865292942,0.4975628846906464,0.3692318639484825
S_Q1,27,B,SPI3,245,0.0,98.12771772405928,0.0,0.7,3066528025.6909733,3066.528025690973,0.5972177749315117,0.36172483722916
S_Q1,27,B,SPI3,246,-4.0,0.0,-0.3108787206312752,0.7046928562908952,889779280.2498305,889.7792802498304,0.547977372184865,0.3692318639484825
S_Q1,27,B,SPI3,247,0.0,1303.326071569024,0.0,0.7,4716240834.633599,4716.2408346336,0.740029174227061,0.21756146155761916
S_Q1,27,B,SPI3,251,0.0,810.5142851570258,0.0,0.7,4331787686.295674,4331.787686295675,0.6998612445298326,0.29722133276408014
S_Q1,27,B,SPI3,253,-1.703308392058291,0.0,-1.5121253596224613,0.706472858396444,170002654.2081613,170.0026542081613,0.4688155975379798,0.3692318639484825
S_Q1,27,B,SPI3,254,0.0,783.609694322721,0.0,0.7,4306132048.779244,4306.1320487792445,0.6971928701035329,0.3011349485893194
S_Q1,27,B,SPI3,255,-0.00010315363153939056,1006.3009292472893,0.0,0.7,4501413722.968693,4501.413722968693,0.718931227096453,0.2664105027217418
S_Q1,27,B,SPI3,257,0.0,494.13049598270135,0.0,0.7,3975561602.420248,3975.561602420248,0.6634646173551071,0.33333333333333326
S_Q1,27,B,SPI3,258,0.0,301.7015994600652,0.0,0.7,3660096254.082217,3660.096254082217,0.6346105952253888,0.3477069769096667
S_Q1,27,B,SPI3,261,0.0,608.9295005797845,0.0,0.7,4120805606.227835,4120.805606227836,0.6781228875369125,0.3216280641832995
S_Q1,27,B,SPI3,262,-0.013956996047478576,128.37344350515878,0.0,0.7002402267271287,3193551900.310986,3193.551900310986,0.6021987405272706,0.35969687266517236
S_Q1,27,B,SPI3,263,0.0,1028.9083671828216,-0.00010286767897404599,0.7,4519163600.809672,4519.163600809672,0.7206034084036006,0.26256804354787056
S_Q1,27,B,SPI3,264,-3.880172644680938,0.0,-1.1081581509535008,0.7065938836005473,350026350.8089515,350.0263508089515,0.4858931938662966,0.3692318639484825
S_Q1,27,B,SPI3,265,-4.0,0.0,-0.3753303711292822,0.7,857283816.869503,857.283816869503,0.5438858647312057,0.3692318639484825
S_Q1,27,B,SPI3,266,0.0,565.9589144250718,0.0,0.7,4069103267.555973,4069.103267555973,0.6724659337531576,0.3259686199167468
S_Q1,27,B,SPI3,267,-3.0755288684861126,0.0,-0.5611318662023052,0.7914690373008196,497960469.9909627,497.9604699909627,0.5013697655388337,0.3692318639484825
S_Q1,27,B,SPI3,271,0.0,915.4142676480423,0.0,0.7001712634980551,4425494464.232973,4425.494464232973,0.7101789589781906,0.2816380261144911
S_Q1,27,B,SPI3,272,0.0,521.0124896747236,0.0,0.7,4011671481.974694,4011.671481974694,0.6670936065748746,0.33062938058134983
S_Q1,27,B,SPI3,273,0.0,228.059202402238,0.0,0.7,3497059444.2612967,3497.059444261297,0.6209129398370512,0.3523321592485857
S_Q1,27,B,SPI3,276,0.0,1166.0509745015518,0.0,0.7,4622168457.317479,4622.168457317479,0.7311701711317465,0.24072295157789877
S_Q1,27,B,SPI3,277,-0.3170353593475025,56.49034768001923,0.0,0.7,2827771907.6262774,2827.7719076262774,0.5872914220656775,0.3657451880314511
S_Q1,27,B,SPI3,278,-3.5312427319737374,0.0,-0.4636966154688199,0.7548729062213427,645225738.0991712,645.2257380991712,0.5178425303305226,0.3692318639484825
S_Q1,27,B,SPI3,279,-2.674407298733618,0.0,-0.6075842678177407,0.7,679312795.298499,679.3127952984989,0.5230369658803856,0.3692318639484825
S_Q1,27,B,SPI3,280,-2.140863060975235,0.0,-0.1682381305498089,0.7,1002427286.0726596,1002.4272860726596,0.5619596541786743,0.3692318639484825
S_Q1,27,B,SPI3,281,-0.4794572337459789,0.0,-1.3895082583839282,0.7,217506322.3866924,217.5063223866924,0.47351193652826695,0.3692318639484825
S_Q1,27,B,SPI3,282,0.0,1958.154878459395,0.0,0.7,5082654400.615457,5082.654400615456,0.7693101362649871,0.16718255238908458
S_Q1,27,B,SPI3,285,-3.0767618086426616,0.0,-0.4699959583497921,0.7,784816758.3904763,784.8167583904764,0.5350268616358915,0.3692318639484825
S_Q1,27,B,SPI3,286,-3.7563709096650717,0.0,-1.0770120162583445,0.7,378262213.63523185,378.26221363523183,0.4890952431778561,0.3692318639484825
S_Q1,27,B,SPI3,287,0.0,1688.9661134831983,0.0,0.7,4945401558.624824,4945.401558624823,0.7587077952111575,0.1766819653467108
S_Q1,27,B,SPI3,289,-0.2635782789385453,0.0,-0.4727450505018266,0.8041958638467727,510596072.385384,510.59607238538405,0.5026150069377736,0.3692318639484825
S_Q1,27,B,SPI3,290,-0.12479540064652572,0.0,-0.07358521360183662,0.7001265294995451,1066771654.5174383,1066.7716545174383,0.5710321272280927,0.3692318639484825
S_Q1,27,B,SPI3,292,0.0,110.83487015190539,0.0,0.7,3123502145.171935,3123.502145171935,0.5993880527982354,0.36058633080727215
S_Q1,27,B,SPI3,295,0.0,704.2463023053642,0.0,0.7,4226301327.2761264,4226.301327276126,0.6892233251503185,0.3108478315010496
S_Q1,27,B,SPI3,296,-1.700559326621628e-05,544.190873848343,0.0,0.7000020423764242,4041711082.1914845,4041.7110821914844,0.6691571494645464,0.3285658376916783
S_Q1,27,B,SPI3,297,-1.7869532638991248,0.0,-1.6303976581405184,0.7398317098507771,114358082.53839006,114.35808253839005,0.46333653538264497,0.3692318639484825
S_Q1,27,B,SPI3,298,0.0,1462.543867492624,0.0,0.7,4816428263.876576,4816.428263876576,0.7485679723912193,0.19653467107837905
S_Q1,27,B,SPI3,299,0.0,454.3963822434693,0.0,0.7,3919288568.87553,3919.2885688755296,0.6583057601309283,0.3366776959476287
S_Q1,27,B,SPI3,300,0.0,1388.7226703466017,0.0,0.7,4771045556.433056,4771.045556433056,0.7447610915430322,0.20560714412779732
S_Q1,27,B,SPI3,301,0.0,2006.0278920831076,0.0,0.7,5105511325.596317,5105.511325596317,0.770804425943715,0.16632867257266873
S_Q1,27,B,SPI3,302,0.0,889.1041661488449,0.0,0.7,4403272277.6234255,4403.272277623426,0.7081154160885189,0.2856227985910983
S_Q1,27,B,SPI3,303,0.0,1611.8644292541449,0.0,0.7,4903007163.997607,4903.007163997608,0.7557903725050699,0.18112925605720992
S_Q1,27,B,SPI3,305,0.0,1739.7251169431092,0.0,0.7,4972530922.699944,4972.530922699943,0.760415554843989,0.1742626392001993
S_Q1,27,B,SPI3,306,0.0,727.9942221167418,-1.1750142898574065e-05,0.7000316705721673,4250746007.7319236,4250.746007731924,0.6921051695307219,0.3080015654463301
S_Q1,27,B,SPI3,307,-1.5528848720417407,0.0,-1.077306484927877,0.7513590017263212,313527992.7439956,313.5279927439956,0.48148148148148157,0.3692318639484825
S_Q1,27,B,SPI3,309,0.0,1558.6415203531355,0.0,0.7,4872855206.274287,4872.855206274287,0.7531575764044546,0.18600348667591707
S_Q1,27,B,SPI3,310,0.0,143.89563947898796,0.0,0.7008456727026137,3248168961.3048983,3248.1689613048984,0.6052940548617782,0.3583093179634967
S_Q1,27,B,SPI3,312,0.0,1641.9883273406858,0.0,0.7,4919752499.386341,4919.752499386341,0.7572135055324296,0.17892339986480238
S_Q1,27,B,SPI3,314,0.0,1198.750190460211,0.0,0.7,4645298581.5333395,4645.2985815333395,0.7335183406268899,0.23446116625751592
S_Q1,27,B,SPI3,315,-4.0,0.0,-0.3666607747597265,0.7161465145882568,816484872.5786668,816.4848725786668,0.5388337424840787,0.3692318639484825
S_Q1,27,B,SPI3,316,0.0,944.5769163843324,0.0,0.7000058979556456,4450853744.447657,4450.853744447657,0.7133454299640657,0.27715515707830796
S_Q1,27,B,SPI3,318,0.0,1270.2356360427366,0.0,0.7,4694291542.9696045,4694.291542969604,0.7382146796171773,0.22261358380474616
S_Q1,27,B,SPI3,320,0.0,347.5588492687485,0.0,0.7,3746801647.111184,3746.801647111184,0.642722453481339,0.34443377094673927
S_Q1,27,B,SPI3,321,0.0,678.5103379728245,0.0,0.7,4198933891.0067616,4198.933891006762,0.6856299142562351,0.3140854591382929
S_Q1,27,B,SPI3,322,-0.004375973411142126,0.0,-0.07394788095193514,0.7044310244672543,1051460748.1455315,1051.4607481455316,0.5688974276870531,0.3692318639484825
S_Q1,27,B,SPI3,323,-0.014472122729420889,0.0,-0.5336282983720423,0.7110554693496612,707526784.3571327,707.5267843571327,0.5254207137012133,0.3692318639484825
S_Q1,27,B,SPI3,325,-0.0007628485215791306,193.69836878963318,0.0,0.7,3406824131.9648876,3406.824131964888,0.6140819013057246,0.35468032874372935
S_Q1,27,B,SPI3,327,0.0,262.88769267965347,0.0,0.7000058925374013,3578485062.1081586,3578.4850621081587,0.6271391468317501,0.3501974597075463
S_Q1,27,B,SPI3,329,0.0,0.0,-0.41824736651161704,0.8008081557556409,550424647.996699,550.4246479966989,0.5072757676023766,0.3692318639484825
S_Q1,27,B,SPI3,330,0.0,1353.009858321796,0.0,0.7,4748460646.383818,4748.460646383817,0.7425908136763084,0.21048137474650444
S_Q1,27,B,SPI3,331,0.0,1856.086299244207,0.0,0.7017096839540446,5026034924.342393,5026.0349243423925,0.7650051588572244,0.16995766179243607
S_Q1,27,B,SPI3,332,0.0,48.118984141723445,0.0,0.7004582135324421,2762407944.631185,2762.4079446311853,0.5873270003913615,0.36556729640303126
S_Q1,27,B,SPI3,333,-0.0047573334276589385,380.523497960673,0.0,0.7,3803859245.388005,3803.8592453880046,0.6470630092147863,0.3420144448002277
S_Q1,27,B,SPI3,334,0.0,1502.9866710350097,0.0,0.7,4840501875.576793,4840.501875576792,0.7506670936065748,0.19208738036787987
S_Q1,27,B,SPI3,335,-1.7283916839830706,0.0,-1.597346794283155,0.7,142235588.25232145,142.23558825232146,0.46660974134557215,0.3692318639484825
S_Q1,27,B,SPI3,336,0.0,62.398985333092654,0.0,0.7000000013566144,2868546568.562037,2868.546568562037,0.590351158074501,0.36428647667840747
S_Q1,27,B,SPI3,338,-8.473376160219627e-05,244.80806332633222,0.0,0.7,3537341921.5859613,3537.3419215859612,0.6242928807770306,0.35112249617533
S_Q1,27,B,SPI3,339,0.0,1902.6599574567986,0.0,0.7,5055657184.358043,5055.657184358042,0.7674600633294195,0.16857010709076028
S_Q1,27,B,SPI3,340,-2.6595990075259284,0.0,-0.4182769393785396,0.7010173817016272,826030162.2485819,826.0301622485819,0.5401857188600704,0.3692318639484825
S_Q1,27,B,SPI3,341,0.0,703.4417911906339,0.0,0.7,4225457722.1724133,4225.457722172413,0.6891165901732664,0.3110257231294695
S_Q1,27,B,SPI3,342,-0.10498902954482747,0.0,-1.011114029688602,0.7088246895432829,403482158.7878097,403.48215878780974,0.4913010993702638,0.3692318639484825
S_Q1,27,B,SPI3,343,0.0,1376.1830892608257,0.0,0.7,4763176740.297811,4763.17674029781,0.744227416657772,0.2072081687835771
S_Q1,27,B,SPI3,346,-0.0007045695340215374,0.0,-0.38476726216742296,0.7992882460951616,569458418.6118592,569.4584186118592,0.5095527804461523,0.3692318639484825
S_Q1,27,B,SPI3,351,-3.5306034661333427,0.0,-0.4639611141647302,0.7025376274987161,782291576.9278266,782.2915769278267,0.5345999217276836,0.3692318639484825
S_Q1,27,B,SPI3,352,0.0,395.0710989404704,0.0,0.7,3827832394.523701,3827.832394523701,0.6496958053154018,0.340662468424236
S_Q1,27,B,SPI3,354,0.0,109.89250955851708,0.0,0.7,3119458581.945029,3119.458581945029,0.5993168961468673,0.3606219091329561
S_Q1,27,B,SPI3,356,0.0,94.35252603779881,-0.00015504642759122788,0.7,3048348721.7355156,3048.3487217355155,0.5965062084178319,0.36197388550894793
S_Q1,27,B,SPI3,357,0.0,1601.7607562139829,0.0,0.7000547383679204,4897130433.014409,4897.130433014409,0.755292275945494,0.18176966591952184
S_Q1,27,B,SPI3,358,-3.599284305143935,0.0,-0.44980262425858925,0.8401716536237327,427395701.9692166,427.3957019692166,0.4927953890489914,0.3692318639484825
S_Q1,27,B,SPI3,359,-2.7441933567542307,0.0,-1.3501803665770755,0.7012839982406229,232611253.47424033,232.61125347424033,0.47450812964741873,0.3692318639484825
S_Q1,27,B,SPI3,360,-0.8926671495380916,0.0,-0.2058167108063991,0.7002215650410616,973852913.7491071,973.8529137491071,0.5581171950048031,0.3692318639484825
S_Q1,27,B,SPI3,361,-0.9562511514828043,0.0,-0.608238053302969,0.7002384345440654,678700295.7005079,678.7002957005079,0.5229302309033336,0.3692318639484825
S_Q1,27,B,SPI3,362,0.0,783.7972660622388,0.0,0.7,4306313331.990791,4306.313331990791,0.6972284484292169,0.3011349485893194
S_Q1,27,B,SPI3,367,0.0,1506.4200620029546,0.0,0.7,4842523041.422001,4842.5230414220005,0.7507382502579429,0.19151812715693597
S_Q1,27,B,SPI3,368,-1.1480072770580494,0.0,-0.4528078438764188,0.7361050348195665,703247170.9971812,703.2471709971812,0.5240687373252213,0.3692318639484825
S_Q1,27,B,SPI3,369,0.0,1900.773445789608,-0.00044022846047447797,0.7,5054557340.215846,5054.557340215846,0.7674244850037355,0.1686056854164443
S_Q1,27,B,SPI3,371,0.0,141.03399897949632,0.0,0.7,3241201738.0431433,3241.2017380431435,0.6051161632333583,0.35845163126623264
S_Q1,27,B,SPI3,374,0.0,541.2883965197266,0.0,0.7,4038014654.6504645,4038.0146546504643,0.6687657878820225,0.3288148859714663
S_Q1,27,B,SPI3,375,0.0,245.65873035064112,0.0,0.7000000007497601,3539329917.16661,3539.32991716661,0.6244351940797667,0.35108691784964596
S_Q1,27,B,SPI3,377,-0.15785299906035521,0.0,-0.3087768077879427,0.7001099652380454,905188194.889164,905.1881948891639,0.5505034333084284,0.3692318639484825
S_Q1,27,B,SPI3,379,-0.000702192575353287,0.0,-0.42377796911628035,0.7992882460951616,553019388.8258893,553.0193888258893,0.5074180809051126,0.3692318639484825
S_Q1,27,B,SPI3,380,0.0,156.46889328897078,0.0,0.7,3294052650.61846,3294.05265061846,0.6077845376596578,0.35766890810118473
S_Q1,27,B,SPI3,384,-3.618324108809563e-05,814.2319553722027,0.0,0.7001462759467103,4334731864.410982,4334.731864410982,0.7002170277866725,0.29668765787882023
S_Q1,27,B,SPI3,385,0.0,519.0359105722522,0.0,0.7000027631797335,4009052684.777424,4009.052684777424,0.6668089799694026,0.3307716938840858
S_Q1,27,B,SPI3,386,-0.0002681939867827471,1102.7811234135468,0.0,0.7005105010148217,4574026909.916981,4574.026909916981,0.7260468922332516,0.25104066602625685
S_Q1,27,B,SPI3,387,-0.0002681939867827471,1843.8809178406095,0.0,0.7005105010148217,5024359902.555694,5024.359902555693,0.7647561105774362,0.17038460170064396
S_Q1,27,B,SPI3,390,-0.48325111589290826,0.0,-0.1408969104703659,0.7075415086464973,996015025.588694,996.015025588694,0.5613548226420464,0.3692318639484825
S_Q1,27,B,SPI3,391,-0.0002681939867827471,1645.2520050346134,-1.3052665462524247e-06,0.7005105010148217,4919643336.462661,4919.643336462661,0.7571067705553779,0.17870992991069842
S_Q1,27,B,SPI3,392,-0.209122588070499,0.0,-1.6092281068422332,0.7000179685892276,138703881.15488404,138.70388115488404,0.4661828014373643,0.3692318639484825
S_Q1,27,B,SPI3,393,0.0,48.04330320523101,0.0,0.7000165468874664,2763438389.2172503,2763.4383892172505,0.5876116269968334,0.36556729640303126
S_Q1,27,B,SPI3,394,-0.00025506287159838073,970.9577556202461,-0.0003172691562645935,0.7000165123351131,4472525260.668758,4472.525260668758,0.7159782260646814,0.2724943964137048
S_Q1,27,B,SPI3,395,-0.11005260235866483,0.0,-0.017901356034114104,0.7000337996389979,1102360018.5717404,1102.3600185717403,0.5766890810118477,0.3692318639484825
S_Q1,27,B,SPI3,396,-2.9478509247332256e-05,1002.671887455227,-1.3550554677394812e-06,0.7,4498501544.48402,4498.50154448402,0.7187889137937171,0.2672999608638418
S_Q1,27,B,SPI3,397,0.0,195.82813917314533,0.0,0.7,3412760430.6536098,3412.7604306536095,0.6145444195396166,0.35453801544099334
S_Q1,27,B,SPI3,399,-0.9507018854682283,0.0,-1.1214568423981202,0.701867190356745,348599093.6675554,348.5990936675554,0.48582203721492856,0.3692318639484825
S_Q1,27,B,SPI3,400,0.0,0.0,-0.5004019934964186,0.7991479074283799,508570535.70554614,508.57053570554615,0.5026150069377735,0.3692318639484825
S_Q1,27,B,SPI3,402,0.0,61.67928666574116,0.0,0.7,2863746775.1935306,2863.7467751935305,0.590280001423133,0.36428647667840747
S_Q1,27,B,SPI3,403,0.0,678.3193108394664,0.0,0.7000448955468932,4198550187.2341714,4198.550187234171,0.6855943359305512,0.3140854591382929
S_Q1,27,B,SPI3,407,0.0,1060.9087972446878,0.0,0.7,4544238949.36964,4544.23894936964,0.723342939481268,0.2580495961860035
S_Q1,27,B,SPI3,409,-0.0013915080076073727,317.14241043464654,0.0,0.7,3690351096.417045,3690.351096417045,0.6377414878855802,0.346639627139147
S_Q1,27,B,SPI3,410,-0.10435930110304795,0.0,-0.09234031044854721,0.7102037067033566,1017693922.7700229,1017.6939227700228,0.5642722453481339,0.3692318639484825
S_Q1,27,B,SPI3,412,-6.439764739243651e-10,280.49794532612566,0.0,0.7000147943843483,3616524641.2062926,3616.5246412062925,0.6305190877717294,0.34923684491407836
S_Q1,27,B,SPI3,413,0.0,1417.288006907207,0.0,0.7000002833609111,4788809717.356456,4788.809717356456,0.7460774895933397,0.202084889885082
S_Q1,27,B,SPI3,415,-5.8267772618918404e-05,1357.3151100184848,-0.01655918500982788,0.7,4740220261.836814,4740.220261836814,0.7420215604653644,0.2095563382787206
S_Q1,27,B,SPI3,416,-0.0021001731518827844,0.0,-0.06996297614606606,0.7054271381965197,1048976825.7493324,1048.9768257493324,0.5683993311274771,0.3692318639484825
S_Q1,27,B,SPI3,417,-0.7518089877918992,0.0,-1.7418058807360488,0.7115908677703865,97392029.9396039,97.3920299396039,0.4628384388230689,0.3692318639484825
S_Q1,27,B,SPI3,419,-0.5877831551683563,0.0,-0.4642740268612168,0.7100013249344195,762415522.3731287,762.4155223731286,0.5319671256270679,0.3692318639484825
S_Q1,27,B,SPI3,420,0.0,299.4480282413173,-2.965226377600269e-07,0.700001325590998,3655580209.251947,3655.580209251947,0.6338634503860249,0.34792044686377066
S_Q1,27,B,SPI3,422,-9.578604891407258e-09,1958.7545941200565,0.0,0.700314711051957,5081768858.266395,5081.768858266395,0.7692389796136192,0.16718255238908458
S_Q1,27,B,SPI3,423,0.0,1746.778350403038,0.0,0.7000164050632136,4976157337.654479,4976.157337654479,0.7607357597751451,0.1742270608745153
S_Q1,27,B,SPI3,424,-0.00022937054819313662,331.10570951885177,0.0,0.7000001895538738,3716752158.457772,3716.7521584577717,0.6404454406375636,0.3456434340199951
S_Q1,27,B,SPI3,425,0.0,832.7083509679425,0.0,0.7003223987943782,4351297978.725914,4351.297978725914,0.7020671007222402,0.29412601842957264
S_Q1,27,B,SPI3,426,0.0,1271.9241299452522,-4.4325406747756987e-07,0.7000589620182527,4695209674.088273,4695.2096740882735,0.7382858362685453,0.22236453552495825
S_Q1,27,B,SPI3,427,-2.247651778439359,0.0,-1.1985832560649747,0.7052600384775738,298018231.85953975,298.01823185953975,0.4806276016650657,0.3692318639484825
S_Q1,27,B,SPI3,428,0.0,585.7160444402974,-0.000340330844929391,0.7000025639336531,4093053111.8341064,4093.0531118341064,0.6749208382253532,0.3240118120041271
S_Q1,27,B,SPI3,429,-0.15995633012171287,0.0,-0.25784121230145707,0.7029842212763665,931875662.7793868,931.8756627793867,0.5530294944319919,0.3692318639484825
S_Q1,27,B,SPI3,430,-9.574981263213371e-07,945.7675915569401,-1.9510791456478776e-07,0.7000589620182527,4451654043.363881,4451.654043363881,0.7134165866154338,0.27711957875262394
S_Q1,27,B,SPI3,431,-1.5933436078966322e-07,262.0240617651938,0.0,0.700009845805894,3576553686.4410405,3576.5536864410406,0.6270679901803822,0.3501974597075463
S_Q1,27,B,SPI3,432,-3.504647804627981e-06,631.0385167457869,0.0,0.7000000088657743,4146353129.110291,4146.353129110291,0.6804710570320561,0.31942220799089194
S_Q1,27,B,SPI3,433,-0.0031700108211402053,414.42022548994214,-0.00014846121444235842,0.7000008396571954,3858614510.679018,3858.614510679018,0.6520795531362295,0.3393460703739282
S_Q1,27,B,SPI3,435,-0.0012589655505938328,562.974275284378,0.0,0.7000247520635872,4065304265.651941,4065.304265651941,0.6718255238908456,0.32639555982495466
S_Q1,27,B,SPI3,436,-6.455481118773883e-10,1030.676354705077,0.0,0.7000097749534605,4520688248.120684,4520.688248120684,0.7207101433806528,0.26224783861671463
S_Q1,27,B,SPI3,437,0.0,80.02036162030203,0.0,0.7002198852392261,2973873364.0151105,2973.8733640151104,0.5934108940833244,0.3631479702565198
S_Q1,27,B,SPI3,439,0.0,230.70678070670482,-0.005126947778746805,0.7000000007497601,3500637963.976156,3500.6379639761562,0.6211975664425232,0.35211868929448176
S_Q1,27,B,SPI3,440,0.0,728.8158884339072,-0.00010950240576215048,0.7000026208981719,4251523998.1671844,4251.523998167185,0.6921763261820898,0.30789483046927807
S_Q1,27,B,SPI3,441,0.0,433.8271953750574,-0.00026596584826354963,0.7000014321526461,3888510459.0288806,3888.5104590288806,0.6554594940762087,0.33788735902088446
S_Q1,27,B,SPI3,442,0.0,347.3179938594584,0.0,0.7001143127090735,3745938632.7980895,3745.9386327980897,0.6426512968299711,0.3444693492724233
S_Q1,27,B,SPI3,445,0.0,1198.0923920522773,0.0,0.7000099217519816,4644800959.362186,4644.800959362186,0.733411605649838,0.2345679012345679
S_Q1,27,B,SPI3,446,0.0,886.41319563296,-4.4325406747756987e-07,0.7000589620182527,4400686229.038904,4400.6862290389045,0.7077240545059948,0.2862276301277262
S_Q1,27,B,SPI3,447,0.0,212.44767669412485,0.0,0.7,3457444288.3306646,3457.4442883306647,0.6176397338741239,0.3532927740420536
S_Q1,27,B,SPI3,449,-2.1427804987546732,0.0,-0.39832902682635324,0.7001133070005918,841272969.6484451,841.2729696484452,0.5421781050983739,0.3692318639484825
S_Q1,27,B,SPI3,450,0.0,1798.2024626244631,0.0,0.7,5002996661.714936,5002.996661714937,0.7629771942932364,0.17227025296189563
S_Q1,27,B,SPI3,451,0.0,755.9312899180113,-9.461973437390885e-08,0.7,4278997856.863947,4278.997856863947,0.6943110257231294,0.30458604618066665
S_Q1,27,B,SPI3,452,0.0,366.40136592174093,0.0,0.7000139591328399,3779857611.050269,3779.857611050269,0.6452840929305866,0.34301063791937947
S_Q1,27,B,SPI3,453,0.0,971.9301059776755,0.0,0.7,4473556965.973268,4473.556965973267,0.7160493827160493,0.27235208311096887
S_Q1,27,B,SPI3,455,0.0,280.580587936851,0.0,0.7,3616754158.2260437,3616.7541582260437,0.6305546660974135,0.34923684491407836
S_Q1,27,B,SPI3,456,0.0,587.1707139041207,0.0,0.7,4094985957.2305646,4094.9859572305645,0.6751343081794572,0.32376276372433915
S_Q1,27,B,SPI3,457,-3.286385521681152,0.0,-2.0249159570236186,0.7,50880870.22736562,50.88087022736562,0.4588536663464617,0.3692318639484825
S_Q1,27,B,SPI3,458,0.0,244.88208812501884,0.0,0.7,3537515124.7044535,3537.5151247044537,0.6243284591027147,0.35108691784964596
S_Q1,27,B,SPI3,459,0.0,396.0521111957406,0.0,0.7,3829425700.4188037,3829.425700418804,0.6499092752695058,0.340591311772868
S_Q1,27,B,SPI3,460,0.0,542.2728312022832,0.0,0.7,4039273546.1501637,4039.273546150164,0.6688013662077062,0.3286369943430463
S_Q1,27,B,SPI3,461,0.0,365.517427341998,0.0,0.7000017294575521,3778378878.1971807,3778.3788781971807,0.6451773579535347,0.34304621624506354
S_Q1,27,B,SPI3,463,0.0,784.1332404282642,0.0,0.7004539099938957,4304942895.682161,4304.942895682161,0.697014978475113,0.3010993702636354
S_Q1,27,B,SPI3,464,0.0,816.4167573406476,0.0,0.7000990796608104,4336958416.294968,4336.958416294968,0.7005016543921443,0.29636745294766426
S_Q1,27,B,SPI3,465,0.0,2100.0,-0.019026291121040456,0.7,5135777760.415277,5135.777760415276,0.7732949087415948,0.1656882627103569
S_Q1,27,B,SPI3,466,-0.0017451327107313543,157.7505325057578,0.0,0.7,3298258622.488236,3298.258622488236,0.6079624292880779,0.3575621731241328
S_Q1,27,B,SPI3,467,0.0,1643.270878985688,-4.834531726211457e-06,0.7,4920460268.891669,4920.460268891669,0.7572846621837976,0.1788522432134344
S_Q1,27,B,SPI3,470,0.0,1840.5197030462887,0.0,0.7000000679926249,5024570201.311818,5024.570201311818,0.764934002205856,0.17038460170064396
S_Q1,27,B,SPI3,472,-1.08960539993181,0.0,-0.5809862190305024,0.7674484162829113,543920832.3227034,543.9208323227034,0.5060305262034368,0.3692318639484825
S_Q1,27,B,SPI3,473,0.0,498.1992390618474,0.0,0.7003838497763751,3979681158.02164,3979.68115802164,0.663855978937631,0.3329419717508093
S_Q1,27,B,SPI3,474,0.0,79.27596505211362,0.0,0.7000806741025871,2970288353.0648046,2970.2883530648046,0.5933753157576405,0.36321912690788777
S_Q1,27,B,SPI3,477,-0.0012503617015624524,0.0,-0.09321297171421858,0.700010386936661,1052077339.4077338,1052.0773394077337,0.569324367595261,0.3692318639484825
S_Q1,27,B,SPI3,478,-2.599924732657466e-07,171.7541412630104,-0.0002724113977889705,0.7000379619371606,3342278558.090365,3342.278558090365,0.6102394421318531,0.35649482335361293
S_Q1,27,B,SPI3,479,-0.12821585733793694,0.0,-0.19063744767165314,0.7018337919591677,979876906.1464996,979.8769061464997,0.5585085565873271,0.3692318639484825
S_Q1,27,B,SPI3,480,-1.086776282309177,0.0,-0.12128553580967419,0.7013239790535187,1029427162.8588728,1029.4271628588729,0.5664425232148576,0.3692318639484825
S_Q1,27,B,SPI3,481,-8.522297311311556e-05,1095.4346660837643,-2.8075749869486944e-06,0.7000379619371606,4570294366.0379715,4570.2943660379715,0.7258334222791477,0.25203685914540863
S_Q1,27,B,SPI3,482,0.0,299.1908146997978,0.0,0.7,3655068606.4737344,3655.0686064737342,0.633827872060341,0.3479560251894546
S_Q1,27,B,SPI3,483,-2.5560315512191583e-07,664.8248753485271,-0.0002589071920216909,0.7000000599416244,4183897546.1685395,4183.8975461685395,0.6841356245775074,0.3155441704913367
S_Q1,27,B,SPI3,484,0.0,45.87484883281282,0.0,0.7000031297282628,2745599772.4692388,2745.599772469239,0.5872202654143094,0.3657096097057672
S_Q1,27,B,SPI3,485,-3.195546466928226,0.0,-1.3865373369686922,0.7112334353307125,210312619.76175496,210.31261976175497,0.47226669512932734,0.3692318639484825
S_Q1,27,B,SPI3,487,0.0,1001.6071256438454,-7.574166466546843e-05,0.7000103059978143,4497437216.481784,4497.437216481784,0.718717757142349,0.26751343081794565
S_Q1,27,B,SPI3,490,-1.75247664865543,0.0,-0.4927457314768348,0.7003822443915705,764546568.389958,764.546568389958,0.5331767887003237,0.3692318639484825
S_Q1,27,B,SPI3,491,-6.15155216263866e-05,2007.1733408947543,0.0,0.700000163831506,5106051942.851044,5106.051942851043,0.770946739246451,0.16632867257266873
S_Q1,27,B,SPI3,493,0.0,1791.6291984811392,0.0,0.7000000013512846,4999612702.513487,4999.6127025134865,0.7628704593161845,0.17248372291599956
S_Q1,27,B,SPI3,494,-2.4069214516644557,0.0,-0.17778756187982203,0.7,995552685.3286307,995.5526853286307,0.5611769310136265,0.3692318639484825
S_Q1,27,B,SPI3,495,-2.2254628104391716,0.0,-0.4376976829642796,0.729666603471497,734055685.0543973,734.0556850543974,0.5284092930586686,0.3692318639484825
S_Q1,27,B,SPI3,498,0.0,867.1537299525157,0.0,0.7000000128717698,4383824750.863348,4383.824750863348,0.7059451382217952,0.28907389618244567
S_Q1,27,B,SPI3,499,-0.0018909733820753945,198.47887223748495,-0.001582274683259804,0.7000268129312608,3419187668.7711387,3419.1876687711388,0.6148646244707726,0.35436012381257337
S_Q1,27,B,SPI3,501,-0.002391284923466388,379.87810729880636,0.0,0.700000001486764,3802779162.6620555,3802.7791626620556,0.6470630092147862,0.3419077098231757
S_Q1,27,B,SPI3,502,-0.00015571358065515311,1956.7089339233967,0.0,0.7000283301187474,5081852623.547696,5081.852623547697,0.7692745579393032,0.16725370904045256
S_Q1,27,B,SPI3,503,0.0,706.8841006901521,0.0,0.7000870120824643,4228733255.988095,4228.733255988095,0.6895435300814744,0.3104920482442097
S_Q1,27,B,SPI3,505,0.0,1378.325490418965,0.0,0.7000227429535781,4764442170.819085,4764.442170819085,0.744369729960508,0.20695912050378915
S_Q1,27,B,SPI3,507,-9.003900535984975e-05,126.38978711843305,0.0,0.7,3186809185.225823,3186.809185225823,0.6024122104813747,0.35959013768812037
S_Q1,27,B,SPI3,509,-1.290832234144876,0.0,-0.47140358239809654,0.7000000011729136,783238747.1540732,783.2387471540733,0.5349557049845234,0.3692318639484825
S_Q1,27,B,SPI3,510,-0.6295931962525797,0.0,-0.4001609862449014,0.7057915799051999,824529637.4918611,824.5296374918611,0.5399010922545985,0.3692318639484825
S_Q1,27,B,SPI3,511,-2.090722283496344,0.0,-0.3171491062279974,0.8131447734905178,559935532.5081025,559.9355325081025,0.5078805991390045,0.3692318639484825
S_Q1,27,B,SPI3,512,0.0,519.1771613002977,0.0,0.7000041510314863,4009234160.6186585,4009.2341606186587,0.6668445582950867,0.3307716938840858
S_Q1,27,B,SPI3,514,-3.524336636563194,0.0,-0.3081612719294846,0.7000237840050403,905773337.7369219,905.7733377369219,0.5505745899597964,0.3692318639484825
S_Q1,27,B,SPI3,515,-0.00015669496334178284,410.8707807240636,0.0,0.7,3853210116.039008,3853.210116039008,0.6517237698793894,0.33955954032803215
S_Q1,27,B,SPI3,516,-3.123157986620662,0.0,-1.5171083313174494,0.7001416179850151,172997837.17275757,172.99783717275756,0.46920695912050375,0.3692318639484825
S_Q1,27,B,SPI3,518,-0.00016701869427628127,1602.0010494300077,-1.401634681953577e-07,0.7000000848270957,4897469482.692974,4897.469482692974,0.755327854271178,0.18176966591952184
S_Q1,27,B,SPI3,519,-3.322400961524698,0.0,-0.9490702903498145,0.7352436189303712,399292612.1211621,399.2926121211621,0.49051837620521577,0.3692318639484825
S_Q1,27,B,SPI3,520,-1.1122739145745488e-06,208.13148985612509,0.0,0.7000000107165981,3446110262.659694,3446.1102626596944,0.6168570107090758,0.3537197139502615
S_Q1,27,B,SPI3,521,0.0,1127.9778834963165,0.0,0.7000148843165841,4594578039.970146,4594.578039970146,0.728074856797239,0.24716262852670154
S_Q1,27,B,SPI3,522,-2.2111072003316643,0.0,-0.9546771336748585,0.7016022753417592,446579268.9373237,446.57926893732366,0.4967801615255986,0.3692318639484825
S_Q1,27,B,SPI3,523,-3.020028823820444,0.0,-1.2605041499143668,0.7000311715176907,270903608.75305533,270.9036087530553,0.478990998683602,0.3692318639484825
S_Q1,27,B,SPI3,524,-2.8619499866539835,0.0,-0.841822568384613,0.7136076829889189,493767157.29038733,493.76715729038733,0.5006581990251537,0.3692318639484825
S_Q1,27,B,SPI3,525,0.0,1896.7837703788646,0.0,0.7000160387689651,5052703464.399678,5052.7034643996785,0.7672110150496316,0.16871242039349632
S_Q1,27,B,SPI3,526,0.0,434.1010155138659,0.0,0.7,3889121275.41428,3889.12127541428,0.6556373857046287,0.33785178069520044
S_Q1,27,B,SPI3,527,-1.1536513418814115e-06,1163.428129973036,0.0,0.7001618675403478,4619687842.785046,4619.687842785045,0.7308499662005903,0.24125662646315862
S_Q1,27,B,SPI3,528,-0.4073475839699088,0.0,-0.6292384822865005,0.7648939332213784,519783967.1726181,519.7839671726181,0.5037179350339773,0.3692318639484825
S_Q1,27,B,SPI3,529,-1.565729810901519,0.0,-1.8843941940504354,0.7057858634055093,70128554.8226629,70.1285548226629,0.4602056427224535,0.3692318639484825
S_Q1,27,B,SPI3,531,-2.471091836999535,0.0,-1.621396034171778,0.7362229969436822,118879824.44949457,118.87982444949456,0.4638346319422209,0.3692318639484825
S_Q1,27,B,SPI3,532,-1.1536513418814115e-06,1197.5159276503873,0.0,0.7001618675403478,4643829503.3054495,4643.829503305449,0.7332692923471019,0.23463905788593584
S_Q1,27,B,SPI3,533,-0.133152201802738,0.0,-0.39682215927094733,0.7000237840050403,842487450.1273679,842.4874501273679,0.5424271533781619,0.3692318639484825
S_Q1,27,B,SPI3,535,-1.4341171111460456,0.0,-0.5202194607046906,0.7562798285161837,604582521.9424317,604.5825219424316,0.5134308179457074,0.3692318639484825
S_Q1,27,B,SPI3,536,-0.024050209771953907,2.519883561122697,0.0,0.7,1936611341.3322453,1936.6113413322453,0.5788237805528873,0.3691251289714305
S_Q1,27,B,SPI3,537,-0.0004981181186146746,1307.6218142828739,-0.0005679483425439366,0.7001615699951594,4718310425.59312,4718.310425593119,0.7402070658554808,0.21692105169530726
S_Q1,27,B,SPI3,538,-1.286399488285916,0.0,-0.8275797795006379,0.7334774316231572,468449899.10806423,468.44989910806424,0.4977407763190663,0.3692318639484825
S_Q1,27,B,SPI3,540,-5.960189472290143e-06,142.0566526700951,0.0,0.7000227429535781,3244751636.8713098,3244.75163687131,0.6052584765360942,0.3583804746148647
S_Q1,27,B,SPI3,542,0.0,32.67942384049279,0.0,0.7,2620050739.9876595,2620.0507399876597,0.5844451560109581,0.36667022449923503
S_Q1,27,B,SPI3,543,0.0,1553.5722479209012,0.0,0.7002083499742652,4869157118.275373,4869.157118275373,0.7528373714732985,0.186466004909809
S_Q1,27,B,SPI3,544,0.0,731.3591447982718,-3.030095415291727e-05,0.7000024666192293,4254119142.4974675,4254.119142497468,0.6924609527875618,0.30768136051517414
S_Q1,27,B,SPI3,545,0.0,561.6515648170529,0.0,0.7,4063752319.6390142,4063.7523196390143,0.6716832105881095,0.3266090297790586
S_Q1,27,B,SPI3,547,-0.0004085960820661774,1266.4486264266186,-3.067207188636697e-06,0.7000367649237728,4691582409.650398,4691.582409650398,0.7380012096630735,0.22325399366705803
S_Q1,27,B,SPI3,548,-0.00682146095497016,15.639873574250032,-2.8075749869486944e-06,0.7000379619371606,2379467537.5620537,2379.4675375620536,0.5812786850250828,0.3679154658981748
S_Q1,27,B,SPI3,550,-0.04407290773918876,0.0,-0.35285033789846887,0.7000000012199594,874209086.4628489,874.2090864628489,0.5463051908777173,0.3692318639484825
S_Q1,27,B,SPI3,552,0.0,227.1086314137486,0.0,0.7000498070473261,3494530122.445114,3494.530122445114,0.6206283132315794,0.3524388942256377
S_Q1,27,B,SPI3,553,-0.32271497553852746,0.0,-0.6046472861053032,0.7016022753417592,678489982.1006137,678.4899821006137,0.5228590742519656,0.3692318639484825
S_Q1,27,B,SPI3,555,-1.9613560749898775e-07,1343.9962483896127,-2.807719223960925e-06,0.7000379619371606,4742559635.030525,4742.559635030525,0.7421282954424164,0.2116554594940762
S_Q1,27,B,SPI3,557,-7.944670565211748e-08,1033.892771230222,-2.705013647942067e-06,0.7001485135346441,4522689205.111327,4522.689205111327,0.7210303483118085,0.2619276336855587
S_Q1,27,B,SPI3,558,-1.304789097895341,0.0,-0.47211398889222433,0.729666603471497,705327328.66787,705.32732866787,0.5244245205820613,0.3692318639484825
S_Q1,27,B,SPI3,559,-0.01783795225802462,0.0,-0.018516605322414323,0.7000004001624544,1101740112.8226964,1101.7401128226963,0.5765823460347957,0.3692318639484825
S_Q1,27,B,SPI3,560,-0.0001424018014572398,915.1566906790074,-1.9736269508464665e-07,0.7001463998140642,4425366180.930296,4425.366180930296,0.7101433806525066,0.2817091827658591
S_Q1,27,B,SPI3,561,-2.9795357314110547,0.0,-1.215076699058817,0.7000021702305803,292984049.83335537,292.98404983335536,0.48059202333938167,0.3692318639484825
S_Q1,27,B,SPI3,562,0.0,263.9601508712832,-1.4519318691865487e-05,0.7000024084675324,3580871600.923813,3580.871600923813,0.6273881951115382,0.35012630305617826
S_Q1,27,B,SPI3,563,0.0,1465.3787031352572,0.0,0.700016580531125,4818072490.566539,4818.072490566538,0.7488525989966914,0.19600099619311917
S_Q1,27,B,SPI3,564,0.0,831.8589660413236,-2.7060161060396877e-05,0.7000398396225868,4351396510.309071,4351.39651030907,0.7020671007222402,0.29426833173230865
S_Q1,27,B,SPI3,565,0.0,314.2287507919196,0.0,0.7,3684719247.242407,3684.7192472424067,0.6370654996975843,0.3468175187675669
S_Q1,27,B,SPI3,566,0.0,943.3030523893037,0.0,0.7,4449830829.534941,4449.830829534941,0.7132031166613301,0.2774042053580959
S_Q1,27,B,SPI3,567,-0.8018355899354327,0.0,-1.3109724590944443,0.7981305937881724,166928290.8244097,166.9282908244097,0.468708862560928,0.3692318639484825
S_Q1,27,B,SPI3,568,0.0,226.70261839876434,0.0,0.7,3493708776.5569663,3493.7087765569663,0.6205571565802113,0.35251005087700565
S_Q1,27,B,SPI3,569,-0.6903176430357427,0.0,-0.5276209455051724,0.8016233021630028,488381703.258709,488.381703258709,0.5006226206994698,0.3692318639484825
S_Q1,27,B,SPI3,570,-0.8033283377612436,0.0,-1.2597658674371814,0.8350787757210139,149156091.19284558,149.1560911928456,0.46710783790514826,0.3692318639484825
S_Q1,27,B,SPI3,572,-1.3800041520312423,0.0,-0.6185006990834179,0.7408250914688329,580283707.2417324,580.2837072417324,0.50997972035436,0.3692318639484825
S_Q1,27,B,SPI3,573,-0.008293723599629044,0.0,-0.07416204641883192,0.7000185229054888,1067155829.4001013,1067.1558294001013,0.5712455971821967,0.3692318639484825
S_Q1,27,B,SPI3,574,0.0,140.5464416598775,0.0,0.7,3239461799.5049663,3239.461799504966,0.6050450065819902,0.35855836624328463
S_Q1,27,B,SPI3,576,-0.8503162033973068,0.0,-0.08511120362326308,0.7014181266773176,1053707638.9483232,1053.7076389483232,0.569431102572313,0.3692318639484825
S_Q1,27,B,SPI3,578,0.0,0.0,-0.5642101989210109,0.7,713949624.1987337,713.9496241987337,0.526523641797417,0.3692318639484825
S_Q1,27,B,SPI3,579,-3.18463545600127,0.0,-2.1821079747406094,0.8743149606085947,15444696.499578778,15.444696499578777,0.45529583377806254,0.3692318639484825
S_Q1,27,B,SPI3,581,0.0,126.75050870909172,0.0,0.7000052701031582,3188185649.30489,3188.1856493048904,0.6024833671327426,0.3595545593624364
S_Q1,27,B,SPI3,582,0.0,1003.0587891580265,-7.356284310588383e-05,0.7000006694517635,4498637844.734584,4498.637844734584,0.7188244921194011,0.26719322588678973
S_Q1,27,B,SPI3,586,-2.7062194575073345e-05,15.04034334974397,-1.853752699709809e-07,0.7000014183310241,2367981342.3505654,2367.9813423505652,0.5811363717223469,0.3679510442238588
S_Q1,27,B,SPI3,590,0.0,1071.2299786957328,0.0,0.7005129156552856,4550230707.406233,4550.230707406233,0.723734301063792,0.25644857153022377
S_Q1,27,B,SPI3,592,0.0,281.4119061972793,0.0,0.7000010543722905,3618502334.064802,3618.502334064802,0.6306614010744653,0.34923684491407836
S_Q1,27,B,SPI3,594,-0.0004808345922425295,0.0,-0.3712601453254021,0.7001028642986411,860143649.1843452,860.1436491843452,0.5445974312448855,0.3692318639484825
S_Q1,27,B,SPI3,598,0.0,364.93059754154734,-8.865848176988927e-06,0.7000618831514195,3777131801.6882424,3777.1318016882424,0.6449994663251147,0.34311737289643146
S_Q1,27,B,SPI3,599,0.0,1128.8977498988625,-1.929942777864413e-07,0.7000006498334299,4595265416.2900505,4595.265416290051,0.7281104351229231,0.24709147187533353
S_Q1,27,B,SPI3,601,0.0,1603.5577016370162,0.0,0.7001723780438269,4897699494.215227,4897.699494215227,0.7553634325968619,0.18159177429110185
S_Q1,27,B,SPI3,604,0.0,2067.6162690845017,0.0,0.7003477585286998,5133025195.178428,5133.025195178428,0.7725477639022307,0.16583057601309287
S_Q1,27,B,SPI3,606,-0.0002823717751223001,0.0,-0.22062163460012557,0.7079865944598195,939516002.5767988,939.5160025767988,0.553314121037464,0.3692318639484825
S_Q1,27,B,SPI3,608,0.0,208.89443588591902,0.0,0.7000015358345837,3448122237.603531,3448.1222376035307,0.6169281673604439,0.35368413562457746
S_Q1,27,B,SPI3,610,-0.11173449480125502,0.0,-1.3954161479382388,0.7004184162734577,215124833.88152656,215.12483388152657,0.4732984665741629,0.3692318639484825
S_Q1,27,B,SPI3,611,0.0,78.71554531610126,-4.934992334021491e-06,0.7001598332445349,2966885842.0055056,2966.8858420055058,0.5933041591062724,0.36321912690788777
S_Q1,27,B,SPI3,613,0.0,759.6815983205292,-7.186365935278319e-07,0.7000018038860464,4282708776.9303856,4282.708776930385,0.6947379656313373,0.30423026292382677
S_Q1,27,B,SPI3,615,0.0,263.3926422647497,-1.1734791604528523e-07,0.7000024544535892,3579616345.580553,3579.616345580553,0.627245881808802,0.3501974597075463
S_Q1,27,B,SPI3,617,-0.009220485558012477,0.0,-0.09332597254340003,0.7101808386669495,1016413655.4976565,1016.4136554976565,0.563987618742662,0.3692318639484825
S_Q1,27,B,SPI3,619,-6.089184353813971e-05,62.87393478254302,0.0,0.700003967967273,2871676023.0228424,2871.6760230228424,0.5906002063542889,0.3642508983527235
S_Q1,27,B,SPI3,621,-2.59540165504176,0.0,-1.7550192337413875,0.7104096680726597,93549126.01531023,93.54912601531022,0.46269612552033296,0.3692318639484825
S_Q1,27,B,SPI3,623,-0.007979407965554186,0.0,-1.2038250493825937,0.7001987077993311,300412119.9468486,300.4121199468486,0.48126801152737747,0.3692318639484825
S_Q1,27,B,SPI3,624,0.0,610.7063416571905,-8.318885230060957e-08,0.7001700287544503,4122252696.6487203,4122.25269664872,0.6782296225139646,0.32145017255487957
S_Q1,27,B,SPI3,625,0.0,411.8422457706437,-1.0697668220979895e-07,0.7000002361995876,3854740657.0093594,3854.7406570093594,0.6518305048564415,0.3394883836766642
S_Q1,27,B,SPI3,627,-0.0013707805511625928,0.0,-0.4895303717212877,0.7019798735869487,762720836.9570841,762.7208369570841,0.5326431138150638,0.3692318639484825
S_Q1,27,B,SPI3,628,0.0,564.6706271355478,-3.773400234428032e-08,0.7003616239742262,4066152559.4182715,4066.1525594182717,0.6719322588678976,0.32625324652221876
S_Q1,27,B,SPI3,629,0.0,2006.6954148967627,0.0,0.70005218399016,5105631988.815179,5105.631988815179,0.7708400042693989,0.16632867257266873
S_Q1,27,B,SPI3,632,0.0,1554.5451092922083,-0.00018722096231275735,0.7,4870322663.220729,4870.322663220729,0.7528729497989827,0.186323691607073
S_Q1,27,B,SPI3,634,0.0,915.0627330044921,0.0,0.70005218399016,4425637355.2696705,4425.6373552696705,0.7101789589781906,0.2817091827658591
S_Q1,27,B,SPI3,638,0.0,887.973387015115,0.0,0.7,4402278613.147791,4402.278613147791,0.7079019461344148,0.2858362685452023
S_Q1,27,B,SPI3,639,0.0,518.7914502100037,-1.3906605120907087e-08,0.7001151270280823,4008310536.4494147,4008.310536449415,0.6666666666666666,0.3307716938840858
S_Q1,27,B,SPI3,642,-0.06534141835003887,32.366310926714924,0.0,0.7,2616629604.6044455,2616.6296046044454,0.5841249510798021,0.36688369445333896
S_Q1,27,B,SPI3,643,0.0,972.6938403136328,0.0,0.7,4474185512.484094,4474.185512484094,0.7160849610417335,0.2722453481339168
S_Q1,27,B,SPI3,644,-2.276688945358849e-05,1029.897839932213,0.0,0.7000402180655668,4519962851.960625,4519.962851960625,0.7206389867292847,0.2624968868965026
S_Q1,27,B,SPI3,645,0.0,435.4505010782788,0.0,0.7000001232274702,3891164509.1329346,3891.1645091329347,0.6558152773330487,0.33785178069520044
S_Q1,27,B,SPI3,646,0.0,590.2737543670669,-3.765649689723099e-08,0.7003559034477262,4097378048.9207945,4097.378048920795,0.6751698865051412,0.3233714021418152
S_Q1,27,B,SPI3,647,0.0,171.82022408391333,0.0,0.7,3342793901.6369843,3342.793901636984,0.6104529120859572,0.3564592450279289
S_Q1,27,B,SPI3,648,0.0,786.1730174119749,-3.524103447418009e-08,0.7007314211681194,4305875333.389217,4305.875333389217,0.697121713452165,0.30092147863521534
S_Q1,27,B,SPI3,649,0.0,862.1150976646172,-8.82652614007422e-06,0.7000001209443071,4379286204.724038,4379.286204724038,0.7054470416622193,0.2894652577649696
S_Q1,27,B,SPI3,650,-0.08138632585098216,0.0,-0.5128341668048332,0.7103878467638357,723740547.9015166,723.7405479015166,0.5274842565908848,0.3692318639484825
S_Q1,27,B,SPI3,651,-0.11173449480125502,0.0,-1.120422500538881,0.7004184162734577,350409234.0073993,350.40923400739933,0.4861778204717686,0.3692318639484825
S_Q1,27,B,SPI3,652,-0.655693302083689,0.0,-0.5086797122954962,0.7311784937351892,674495925.6682848,674.4959256682848,0.5209734229907141,0.3692318639484825
S_Q1,27,B,SPI3,653,0.0,1301.479736366654,0.0,0.7,4715008880.805334,4715.008880805334,0.739958017575693,0.21791724481445907
S_Q1,27,B,SPI3,655,-2.980967018516028,0.0,-0.5122252384426951,0.7556123668467443,611002397.1570021,611.0023971570021,0.5142135411107553,0.3692318639484825
S_Q1,27,B,SPI3,656,-0.038450694679751485,0.0,-0.41522565987787596,0.7095815969796211,804648385.3364929,804.6483853364929,0.537303874479667,0.3692318639484825
S_Q1,27,B,SPI3,657,-2.47119074351577,0.0,-1.030799940795686,0.7015057589731922,404339561.4529557,404.3395614529557,0.4916213043014196,0.3692318639484825
S_Q1,27,B,SPI3,660,-2.2268700766002915e-05,676.2313642729621,-1.720691979332434e-05,0.7000000369916225,4196466477.2811513,4196.466477281151,0.6854876009534991,0.31437008574376485
S_Q1,27,B,SPI3,663,-0.06880431081637672,0.0,-0.3983250050165429,0.7002194158689204,840975349.7065337,840.9753497065336,0.5420713701213219,0.3692318639484825
S_Q1,27,B,SPI3,664,0.0,51.24142521656807,-0.0051130766623044555,0.7000005605609073,2785847771.1724567,2785.8477711724568,0.5880029885793575,0.3653182481232433
S_Q1,27,B,SPI3,667,-2.1984393335753465e-06,835.5865912411537,-0.0005136563729745139,0.7,4354977373.6665325,4354.977373666533,0.702529618956132,0.29355676521862883
S_Q1,27,B,SPI3,669,-0.0006864096190097261,1161.124195265619,0.0,0.7,4618648357.92283,4618.64835792283,0.7307432312235385,0.24154125306863058
S_Q1,27,B,SPI3,671,0.0,656.8512590746433,-9.464466669600596e-10,0.7000014889720553,4175302139.4104214,4175.302139410422,0.6831038531326716,0.3163624719820685
S_Q1,27,B,SPI3,672,-0.009290423404442971,95.24156887245277,-8.63473908150436e-06,0.7000000594040465,3052805445.8984776,3052.8054458984775,0.596648521720568,0.361938307183264
S_Q1,27,B,SPI3,673,0.0,472.0074966021724,0.0,0.7000288126445274,3944555095.192736,3944.555095192736,0.6606895079517559,0.335325719571637
S_Q1,27,B,SPI3,674,0.0,0.0,-1.2627437854068888,0.7000010256204293,269958893.44502735,269.95889344502734,0.47888426370655,0.3692318639484825
S_Q1,27,B,SPI3,677,-2.980967018516028,0.0,-0.5210732924799633,0.7938091392381603,511319534.7973647,511.3195347973647,0.5030775251716655,0.3692318639484825
S_Q1,27,B,SPI3,680,-1.3755799773993809,0.0,-0.4924712871505387,0.7008069961953457,763933512.6785116,763.9335126785116,0.5331056320489558,0.3692318639484825
S_Q1,27,B,SPI3,681,-3.02524170351845,0.0,-0.5103097921063432,0.7357809899651633,662532403.5381669,662.5324035381669,0.5195502899633543,0.3692318639484825
S_Q1,27,B,SPI3,682,-0.004135340810365151,0.0,-0.40801144399661704,0.7462821405759502,706403257.7643954,706.4032577643953,0.5251716654214252,0.3692318639484825
S_Q1,27,B,SPI3,683,-0.0075978126699153825,0.0,-1.6474353128039843,0.8150214181571432,78082306.67530234,78.08230667530235,0.46066816095634544,0.3692318639484825
S_Q1,27,B,SPI3,686,-0.0006221496266567947,2070.0429529623852,-1.487629662255067e-05,0.7000050474405675,5135423925.931141,5135.423925931141,0.7727256555306505,0.16579499768740888
S_Q1,27,B,SPI3,689,0.0,1230.7571896963836,0.0,0.7,4667478148.929119,4667.478148929119,0.7360799800761375,0.22940904401038884
S_Q1,27,B,SPI3,690,-0.6670008287624545,0.0,-0.5008321412603326,0.7523712808472374,626520604.9172659,626.5206049172659,0.515672252463799,0.3692318639484825
S_Q1,27,B,SPI3,692,-2.0134957412913086,0.0,-1.6212088945328451,0.7339465605411453,119904615.73066038,119.90461573066038,0.4640125235706407,0.3692318639484825
S_Q1,27,B,SPI3,693,-0.17426771852905554,85.93567870094034,0.0,0.7000986783295654,3005899174.4866796,3005.8991744866794,0.5930551108264845,0.3636104884904116
S_Q1,27,B,SPI3,694,0.0,708.8506930283355,-0.0008747017158513073,0.700032165670052,4230807616.6242805,4230.807616624281,0.6898637350126303,0.3104208915928417
S_Q1,27,B,SPI3,695,-0.8967635998383028,0.0,-0.07339586538068765,0.7000673313416129,1066982219.8590844,1066.9822198590844,0.5711744405308288,0.3692318639484825
S_Q1,27,B,SPI3,696,-0.09414395654915642,0.0,-1.3515878780444408,0.7017120345241569,231652393.17197528,231.6523931719753,0.47433023801899876,0.3692318639484825
S_Q1,27,B,SPI3,697,-3.528912610936705,0.0,-0.4211589854199901,0.8453912300143684,426522320.3093374,426.5223203093374,0.4925463407692033,0.3692318639484825
S_Q1,27,B,SPI3,698,0.0,1383.6665915291533,0.0,0.7,4767886583.809463,4767.8865838094625,0.74447646493756,0.20631871064147728
S_Q1,27,B,SPI3,699,-0.09427645196048856,207.9713856113499,-9.986936059046426e-06,0.7000022673088123,3445665929.67204,3445.66592967204,0.6151136727505604,0.3549293770235173
S_Q1,27,B,SPI3,700,-1.427599740439506e-06,1317.0059224402285,-0.0011918690380198647,0.7005758584929882,4722700292.612483,4722.700292612483,0.7404205358095849,0.21574696694773546
S_Q1,27,B,SPI3,702,-0.11241911589352016,0.0,-0.6187893358617892,0.7394254723356836,583360441.3495647,583.3604413495647,0.510442238588252,0.3692318639484825
S_Q1,27,B,SPI3,703,0.0,2004.1954516190876,0.0,0.7000001535243717,5104644654.426664,5104.644654426665,0.770768847618031,0.1663998292240367
S_Q1,27,B,SPI3,705,-1.6424238257208894,0.0,-0.3928048830459221,0.7444843916183158,720387107.232366,720.387107232366,0.526772690077205,0.3692318639484825
S_Q1,27,B,SPI3,707,-0.0013782832550459367,496.7314753405486,-6.62957394702079e-06,0.7000622538723168,3978874196.1712823,3978.874196171282,0.6638204006119471,0.33311986337922933
S_Q1,27,B,SPI3,708,-0.0021776929130288107,0.0,-1.909475427386731,0.8475323602350402,34171503.2095017,34.1715032095017,0.4569324367595261,0.3692318639484825
S_Q1,27,B,SPI3,709,-0.6683073333789116,0.0,-0.17075582315266757,0.7000115425385868,1001477315.8196497,1001.4773158196497,0.5618173408759385,0.3692318639484825
S_Q1,27,B,SPI3,711,0.0,31.302265185804174,0.0,0.7,2604821801.2114115,2604.8218012114116,0.5842316860568542,0.36677695947628697
S_Q1,27,B,SPI3,712,-0.7438394875275648,0.0,-0.3090759704461754,0.700067132290321,904959013.9635041,904.959013963504,0.5503966983313765,0.3692318639484825
S_Q1,27,B,SPI3,715,0.0,331.90846650449566,-0.0008601319669916394,0.700004985884925,3718054383.944711,3718.0543839447114,0.6404810189632476,0.34560785569431113
S_Q1,27,B,SPI3,718,-0.005909649617487217,209.6584055179476,-5.922061734245756e-07,0.7000593035890244,3449921904.4428782,3449.9219044428783,0.616857010709076,0.3537197139502615
S_Q1,27,B,SPI3,720,-3.234537483551421e-05,454.00119371753914,0.0,0.7000000004951488,3918709678.1102395,3918.7096781102396,0.6582701818052442,0.33671327427331266
S_Q1,27,B,SPI3,721,0.0,1267.616165981459,0.0,0.7,4692503572.250347,4692.503572250347,0.7380723663144415,0.22311168036432208
S_Q1,27,B,SPI3,727,-2.115633280509066,0.0,-0.018973379649343012,0.7000211152717497,1100979021.4175296,1100.9790214175296,0.5764756110577437,0.3692318639484825
S_Q1,27,B,SPI3,729,-0.18935173683300371,0.0,-0.09135816625724813,0.7001457225419437,1053784187.2676238,1053.7841872676238,0.5695022592236809,0.3692318639484825
S_Q1,27,B,SPI3,730,-3.5695991272798415e-07,610.39186237282,0.0,0.7000003768795446,4122518576.67974,4122.51857667974,0.6782652008396487,0.32145017255487957
S_Q1,27,B,SPI3,732,-2.4163424797058754e-05,1066.9971836424259,0.0,0.7002508205581404,4547975193.982319,4547.975193982319,0.7236987227381079,0.2571245597182197
S_Q1,27,B,SPI3,733,-1.9358110013099001,0.0,-0.35347776935250147,0.7000501103033787,873669785.5378876,873.6697855378876,0.5462696125520334,0.3692318639484825
S_Q1,27,B,SPI3,734,-6.340002755255737e-05,544.2307054971678,0.0,0.7000945808772402,4041416846.2962127,4041.4168462962125,0.6690504144874944,0.3285658376916783
S_Q1,27,B,SPI3,735,-0.6473063389764849,0.0,-0.38368811583713464,0.7011587242444506,848739270.7112085,848.7392707112085,0.5430675632404739,0.3692318639484825
S_Q1,27,B,SPI3,736,-7.875794440881015e-05,886.8395646972576,-0.00027844817337381144,0.7000001600823462,4401109531.472446,4401.109531472446,0.707795211157363,0.28612089515067424
S_Q1,27,B,SPI3,737,0.0,863.0359588286333,0.0,0.7000342056584106,4379986281.425773,4379.986281425773,0.7055537766392712,0.28932294446223356
S_Q1,27,B,SPI3,738,-1.1008173071959694e-06,411.5549003604824,-3.194074229914001e-06,0.7000091077213831,3854254915.7220073,3854.2549157220074,0.6517949265307575,0.3394883836766642
S_Q1,27,B,SPI3,739,0.0,1645.969939238856,0.0,0.7000240707651944,4921848922.27289,4921.84892227289,0.7573558188351657,0.17863877325933042
S_Q1,27,B,SPI3,741,-1.8913172894022555e-06,160.45208112475638,0.0,0.7006403911796653,3304656081.2421875,3304.6560812421876,0.6080335859394457,0.35731312484434485
S_Q1,27,B,SPI3,743,-0.6433084155576055,0.0,-0.2749504908839061,0.7011300846402624,923987651.2966826,923.9876512966825,0.5522823495926282,0.3692318639484825
S_Q1,27,B,SPI3,744,-7.875794440881015e-05,946.5253155480633,-0.0002833145153820351,0.7000002267415946,4452337047.260147,4452.337047260147,0.7135588999181698,0.27701284377557195
S_Q1,27,B,SPI3,746,-2.1553366764433604e-05,112.66324665201572,0.0,0.7000086768733967,3131251033.368371,3131.251033368371,0.5998149927064431,0.36051517415590423
S_Q1,27,B,SPI3,747,-1.5810563309386518,0.0,-0.6878911898681512,0.7575252260168901,503806939.72552997,503.80693972552996,0.5018322837727257,0.3692318639484825
S_Q1,27,B,SPI3,749,-0.0011030151264219427,197.0783380434869,0.0,0.700250339674285,3415293567.498706,3415.2935674987057,0.6147578894937206,0.35436012381257337
S_Q1,27,B,SPI3,750,0.0,1167.7559140836834,-0.0054855556871526885,0.7000157074806663,4620311056.649583,4620.3110566495825,0.7311345928060624,0.24026043334400687
S_Q1,27,B,SPI3,751,0.0,313.7308100929079,-2.7563998638756936e-06,0.7000006621193187,3683752312.129621,3683.752312129621,0.6369943430462164,0.3468886754189349
S_Q1,27,B,SPI3,752,-0.2574883374742649,332.74714202823105,-2.6457330082725687e-05,0.7000185382473308,3719327993.873825,3719.327993873825,0.632226847404561,0.3500195680791262
S_Q1,27,B,SPI3,753,-2.940317786710133e-10,1503.7940332365351,0.0,0.7000260501645862,4840880180.7541,4840.8801807540995,0.7507026719322589,0.1919806453908279
S_Q1,27,B,SPI3,754,-0.0004467837286007382,93.64971874563284,0.0,0.7000640268357071,3044868929.264447,3044.868929264447,0.596292738463728,0.36197388550894793
S_Q1,27,B,SPI3,756,0.0,396.1865155574175,0.0,0.7000704802129375,3829381166.2309294,3829.3811662309295,0.6498736969438218,0.340591311772868
S_Q1,27,B,SPI3,759,-5.204828203088234e-06,365.4666027611331,0.0,0.700321713018161,3777088827.6473756,3777.0888276473756,0.6449283096737467,0.34304621624506354
S_Q1,27,B,SPI3,761,0.0,1896.7409752806834,0.0,0.7000628702523309,5052506313.56434,5052.5063135643395,0.7671754367239477,0.16871242039349632
S_Q1,27,B,SPI3,762,-2.111391490022814e-08,916.3262898771346,-0.0008883808768264647,0.7000002553279798,4426745223.611028,4426.7452236110275,0.7103568506066105,0.2816024477888071
S_Q1,27,B,SPI3,763,-0.011705329755590656,0.0,-0.09309158636183501,0.7105280365568,1015669121.6852691,1015.6691216852691,0.5639164620912941,0.3692318639484825
S_Q1,27,B,SPI3,765,-4.615904178256492e-05,473.8888720225286,0.0,0.7000009092047743,3947327014.503013,3947.3270145030133,0.6609741345572276,0.33518340626890103
S_Q1,27,B,SPI3,766,-2.4744400518188345,0.0,-1.1218074845821897,0.7025961948113455,347392028.3137502,347.3920283137502,0.48553741060945654,0.3692318639484825
S_Q1,27,B,SPI3,768,-1.2080440599357384e-08,520.7674048512703,-1.0501845563498437e-07,0.7000000070254716,4011348422.723973,4011.348422723973,0.6670580282491906,0.33062938058134983
S_Q1,27,B,SPI3,769,-2.8987963350496667e-06,1747.4118433911037,0.0,0.7005193422099667,4974617186.5175905,4974.61718651759,0.7604867114953571,0.17419148254883132
S_Q1,27,B,SPI3,770,-2.5112165892096954e-05,1790.5038347476616,0.0,0.700005603111408,4999009936.270045,4999.009936270046,0.7628348809905006,0.1725548795673676
S_Q1,27,B,SPI3,772,-0.06605618234741199,0.0,-1.2053564102811207,0.7006860030923756,298644155.4682866,298.64415546828656,0.4811612765503255,0.3692318639484825
S_Q1,27,B,SPI3,774,-2.2937698295967057,0.0,-0.42028279060036877,0.7016258771391373,823668084.7787836,823.6680847787835,0.5397587789518625,0.3692318639484825
S_Q1,27,B,SPI3,778,-0.014315991643883752,0.0,-0.40754500570032726,0.8036713537858082,546782584.5746485,546.7825845746485,0.5070267193225887,0.3692318639484825
S_Q1,27,B,SPI3,779,-1.7732891452527796e-06,591.3488574491491,0.0,0.7000003495076655,4099986202.8159924,4099.986202815992,0.675667983064717,0.3232646671647632
S_Q1,27,B,SPI3,780,0.0,657.8320810431794,0.0,0.7,4176399361.5193205,4176.39936151932,0.6831750097840397,0.31622015867933256
S_Q1,27,B,SPI3,781,-2.081239191608483,0.0,-1.6212088945328451,0.7002948303779852,135053731.967301,135.05373196730102,0.4657558615291563,0.3692318639484825
S_Q1,27,B,SPI3,784,-1.30939688016941e-06,815.3828071176009,-0.0008315069142915129,0.7000050612538556,4336168844.223781,4336.168844223781,0.7004660760664604,0.29658092290176824
S_Q1,27,B,SPI3,785,0.0,1423.019268707601,-0.0009233226221568154,0.7,4792167756.631022,4792.167756631023,0.7462909595474437,0.2009463834631942
S_Q1,27,B,SPI3,786,0.0,78.03383035961656,-6.709131789061831e-06,0.7000596453486598,2963455388.8901753,2963.4553888901755,0.5932330024549045,0.3632902835592557
S_Q1,27,B,SPI3,787,0.0,1032.2908120781635,-6.045290005524432e-06,0.7000628702523309,4521757120.822896,4521.757120822896,0.7208168783577045,0.2622122602910306
S_Q1,27,B,SPI3,789,0.0,757.1954028278088,-1.5976805288279265e-08,0.7000135087036711,4280202066.010561,4280.202066010561,0.6944889173515494,0.3044793112036147
S_Q1,27,B,SPI3,790,-0.18192181049722253,0.0,-1.3325311671510387,0.7394254723356836,207423210.25865957,207.42321025865957,0.4713772369872274,0.3692318639484825
S_Q1,27,B,SPI3,791,-1.322503326309087e-08,1198.2322117991598,-0.0031895749531149513,0.7000319994862303,4643313977.53513,4643.313977535129,0.7333048706727859,0.2345679012345679
S_Q1,27,B,SPI3,792,0.0,62.1749228236813,0.0,0.7000496938253877,2866872030.2094383,2866.8720302094384,0.590315579748817,0.36428647667840747
S_Q1,27,B,SPI3,793,-2.4356281134878895e-05,347.29235844300456,-5.1298563720865025e-08,0.7000317565602854,3746200147.5181417,3746.200147518142,0.642686875155655,0.3444693492724233
S_Q1,27,B,SPI6,0,-0.08190427293292694,0.0,-0.4320825783567378,0.7,829944399.470001,829.944399470001,0.5481908421389691,0.3692318639484825
S_Q1,27,B,SPI6,3,-0.14779649153621785,0.0,-0.885543767268526,0.7782622633033432,384088294.98158926,384.0882949815893,0.48927313480627604,0.3692318639484825
S_Q1,27,B,SPI6,4,0.0,0.0,-0.6497342045858165,0.7129418251323532,651392986.2536924,651.3929862536924,0.5219696161098659,0.3692318639484825
S_Q1,27,B,SPI6,5,-0.0005479731633970045,428.95317700568336,0.0,0.7000005788866285,3916484939.5985255,3916.4849395985257,0.6841712029031913,0.3362151777137368
S_Q1,27,B,SPI6,8,0.0,2038.9041899323215,-0.011039481527108683,0.7000614254328992,5149510234.847599,5149.510234847599,0.8079126196321204,0.15811007933966628
S_Q1,27,B,SPI6,9,-1.4438817907074981,0.0,-0.7499707991041917,0.733032464431931,547664612.9774487,547.6646129774487,0.5085210090013165,0.3692318639484825
S_Q1,27,B,SPI6,10,0.0,872.0135424881984,0.0,0.7,4424185208.320993,4424.185208320993,0.7416657772085246,0.282491905930907
S_Q1,27,B,SPI6,13,0.0,1304.12873364482,-9.801536806930216e-06,0.7,4753429017.255157,4753.429017255157,0.7760344398192621,0.20411285444906963
S_Q1,27,B,SPI6,14,-0.6615278200111536,0.0,-0.5929255924628622,0.700184983825294,717871116.3065495,717.8711163065495,0.5311132458106521,0.3692318639484825
S_Q1,27,B,SPI6,15,0.0,37.71335271686223,0.0,0.700000255088687,2706680810.579163,2706.680810579163,0.6044757533710465,0.3659942363112392
S_Q1,27,B,SPI6,17,-0.069255976910425,0.0,-0.3372955629036717,0.7046191282364684,879817006.0336032,879.8170060336032,0.5549507240189276,0.3692318639484825
S_Q1,27,B,SPI6,18,0.0,258.27359913178924,0.0,0.7000000277496037,3603263061.5186625,3603.2630615186627,0.6506564201088698,0.35012630305617826
S_Q1,27,B,SPI6,19,0.0,298.12939096521774,0.0,0.7,3688018552.336854,3688.018552336854,0.6588038566905042,0.34720888035009073
S_Q1,27,B,SPI6,22,-0.0006542372430312558,53.55806906233636,-0.002458059217013162,0.7,2839844966.181121,2839.844966181121,0.6078201159853416,0.3649624648664034
S_Q1,27,B,SPI6,23,0.0,960.1418076048735,0.0,0.7,4500036481.650102,4500.036481650101,0.7503468886754189,0.2670509125840538
S_Q1,27,B,SPI6,24,0.0,1859.6184968388682,0.0,0.7002201057979729,5070556819.349321,5070.556819349322,0.8024691358024691,0.15946205571565797
S_Q1,27,B,SPI6,26,0.0,1468.943382788697,0.0,0.7000000020140396,4857227349.962471,4857.227349962471,0.7852492261714163,0.18194755754794179
S_Q1,27,B,SPI6,27,0.0,333.9582951956062,-0.0014338219916406655,0.7003094654679981,3755219792.624002,3755.219792624002,0.6668445582950868,0.3441491443412673
S_Q1,27,B,SPI6,28,0.0,1607.5226046702978,0.0,0.7000014495914506,4937626585.071046,4937.626585071046,0.7921869996797951,0.16817874550823642
S_Q1,27,B,SPI6,29,-0.11561394582674045,0.0,-1.628476021494838,0.7001746143768033,151619366.8501419,151.61936685014192,0.4659693314832604,0.3692318639484825
S_Q1,27,B,SPI6,34,-2.9683782195411923e-07,1119.7766295252993,0.0,0.7000045670801363,4625108784.683871,4625.108784683871,0.7636176041555482,0.23801899882591523
S_Q1,27,B,SPI6,36,-0.8054309818399008,0.0,-1.8336303099822047,0.8728789893847143,42007627.90718209,42.00762790718209,0.4567901234567902,0.3692318639484825
S_Q1,27,B,SPI6,38,-0.0005321785015578054,851.8428751116728,0.0,0.7000076598141874,4405985424.977091,4405.985424977091,0.739495499341801,0.2856227985910983
S_Q1,27,B,SPI6,39,-4.985005845098867e-07,98.59781919615519,0.0,0.7000108420948267,3103544914.4122963,3103.5449144122963,0.6182445654107518,0.3615469456007401
S_Q1,27,B,SPI6,40,-1.3964072998001809,0.0,-1.4466492873454913,0.7009700266270484,206849640.07059446,206.84964007059446,0.47141281531291135,0.3692318639484825
S_Q1,27,B,SPI6,43,-3.475645490799948,0.0,-0.04889715346211376,0.7431048699858611,953718397.3660738,953.7183973660739,0.5661578966093855,0.3692318639484825
S_Q1,27,B,SPI6,44,0.0,1157.8074948051376,0.0,0.7,4652921255.170931,4652.921255170931,0.76621482193048,0.2317216351798485
S_Q1,27,B,SPI6,45,0.0,990.7890544213171,-0.003033062785537999,0.7000074392663085,4523502527.288566,4523.502527288566,0.7526239015191943,0.2612872238232469
S_Q1,27,B,SPI6,46,-1.4438817907074981,0.0,-0.7573685619181004,0.7616208329211218,485755991.11377877,485.75599111377875,0.5007649340022059,0.3692318639484825
S_Q1,27,B,SPI6,50,0.0,613.2315982550907,-0.00017738907998562665,0.7002735178877334,4159973748.0702295,4159.97374807023,0.7106058988863985,0.31863948482584403
S_Q1,27,B,SPI6,55,-5.054038377036412e-07,1518.9914863984995,0.0,0.7,4886883017.488863,4886.883017488863,0.7881666488775038,0.17636176041555485
S_Q1,27,B,SPI6,56,-0.08665085005109197,0.0,-0.9056485302874052,0.7990887127322479,339242386.67438763,339.24238667438766,0.48518162735261683,0.3692318639484825
S_Q1,27,B,SPI6,57,-2.9039662502092568e-06,903.1151134911823,0.0,0.7002377331270199,4450692285.030628,4450.692285030628,0.7444053082861921,0.2772263137296758
S_Q1,27,B,SPI6,58,-2.822601448809899e-06,1917.001333256323,0.0,0.7002622602856677,5098860170.868103,5098.860170868103,0.8047105703205608,0.15878606752766214
S_Q1,27,B,SPI6,60,-1.3946011914956995,430.08704773311376,-0.0014007423035668836,0.700001491571613,3915524286.8737097,3915.5242868737096,0.6128366599067847,0.3644287899811435
S_Q1,27,B,SPI6,61,0.0,0.0,-0.00957578970366274,0.7000007933426196,1141362823.345483,1141.362823345483,0.5947984487850001,0.3692318639484825
S_Q1,27,B,SPI6,62,-5.701089381076137e-08,767.915954124682,-6.444657306046415e-07,0.7002657204320818,4325580266.141386,4325.580266141386,0.7295335681502828,0.29885793574554387
S_Q1,27,B,SPI6,63,-1.2100694877552765e-05,81.54359752371069,0.0,0.7000000455247426,3017849123.192236,3017.8491231922358,0.6140463229800405,0.3630056569537838
S_Q1,27,B,SPI6,65,-0.45749874423665426,0.0,-0.8625718608644259,0.7488793916410419,447884678.4806077,447.8846784806077,0.4961397516632868,0.3692318639484825
S_Q1,27,B,SPI6,67,0.0,1042.5740212475048,0.0,0.7,4566528294.592082,4566.528294592082,0.7572490838581136,0.2512541359803607
S_Q1,27,B,SPI6,68,-0.0006163472120499239,169.1281257770294,0.0,0.700160620564043,3368821566.5506597,3368.8215665506596,0.633400932152133,0.35606788344540513
S_Q1,27,B,SPI6,70,0.0,118.02732028415721,0.0,0.7000071268454243,3188432128.006684,3188.432128006684,0.622193759561675,0.3600170775963284
S_Q1,27,B,SPI6,72,-2.8567570169328063,0.0,-0.05729577928661622,0.7478225411393384,932212057.5926484,932.2120575926484,0.5629202689721421,0.3692318639484825
S_Q1,27,B,SPI6,73,-1.2452104473314432e-07,1651.4176744359597,-0.0026973985113647805,0.7000307121268088,4960204123.5456295,4960.20412354563,0.7941793859180988,0.16522574447646493
S_Q1,27,B,SPI6,75,0.0,370.83316846757475,-2.543635820440945e-07,0.7000000520822083,3822653640.818255,3822.653640818255,0.6742804283630411,0.3410894083324439
S_Q1,27,B,SPI6,76,-0.006635697201928248,0.0,-0.6401794214441375,0.7447678213159048,584197619.5513297,584.1976195513297,0.5130038780374995,0.3692318639484825
S_Q1,27,B,SPI6,77,-0.0005821427385620348,353.2166260868013,-2.9323482233152977e-05,0.7001201209414575,3791370397.649845,3791.370397649845,0.6702956558864339,0.3429750595936955
S_Q1,27,B,SPI6,78,-5.022405456666756e-06,820.8624162591257,0.0,0.7001102126060365,4377001212.376074,4377.001212376073,0.7355463051908778,0.29071049916390934
S_Q1,27,B,SPI6,79,0.0,152.79637911428915,0.0,0.7000121182502486,3316711424.1730127,3316.711424173013,0.6296296296296297,0.35734870317002887
S_Q1,27,B,SPI6,80,0.0,1868.8534054134166,-0.010225758706372916,0.700027975407915,5067758885.316886,5067.758885316886,0.8022556658483654,0.159355320738606
S_Q1,27,B,SPI6,81,0.0,1564.684077524394,-0.0004592410103733685,0.7001205934228094,4912440009.47054,4912.44000947054,0.7901234567901234,0.17205678300779167
S_Q1,27,B,SPI6,82,-2.0969462458588195e-07,1264.3868738636609,0.0,0.7000000448081858,4727082924.8414135,4727.082924841414,0.7735795353470666,0.21179777279681222
S_Q1,27,B,SPI6,84,-3.4241963767280703e-07,1751.7643975735673,0.0,0.7000015068048229,5015904085.340508,5015.904085340509,0.7979506884406022,0.16191696018785356
S_Q1,27,B,SPI6,85,0.0,1696.8189505307655,0.0,0.7002140289390191,4985848853.572193,4985.848853572194,0.7959583022022985,0.16362471982068527
S_Q1,27,B,SPI6,89,-1.252706544001993e-07,1970.7462473111723,-0.0010314797405978487,0.7002653862953074,5124286198.979486,5124.2861989794865,0.8061337033479206,0.1585014409221902
S_Q1,27,B,SPI6,92,-1.804921358296554e-08,588.8234451899045,0.0,0.7000073618304709,4132346756.4079504,4132.34675640795,0.707048066317999,0.32105881097235567
S_Q1,27,B,SPI6,93,-0.0005595258986114282,933.0431615492819,0.0,0.7002986385644714,4476198954.094736,4476.198954094736,0.7475362009463835,0.2719607215284449
S_Q1,27,B,SPI6,94,0.0,137.91738975630585,0.0,0.7002136898999783,3264090355.978333,3264.090355978333,0.6266766285978582,0.3584160529405486
S_Q1,27,B,SPI6,95,-1.0025805033918322,0.0,-1.0329912615075414,0.7966949159691077,292343668.7887732,292.3436687887732,0.478990998683602,0.3692318639484825
S_Q1,27,B,SPI6,96,-5.00012463596722e-06,467.99342012150703,0.0,0.7001074897446316,3973755602.727189,3973.755602727189,0.6902195182694703,0.33351122496175334
S_Q1,27,B,SPI6,97,0.0,1801.8829125797924,0.0,0.7000739201225034,5041784272.241205,5041.784272241205,0.7998363397018537,0.16067171878891381
S_Q1,27,B,SPI6,99,0.0,387.39398172426917,0.0,0.7003865588202257,3848958264.0496564,3848.9582640496565,0.6771266944177606,0.3397730102821362
S_Q1,27,B,SPI6,100,-6.34081872657867e-09,510.9442178920919,0.0,0.7,4033639223.3440647,4033.6392233440647,0.696765930195325,0.3291350909026221
S_Q1,27,B,SPI6,101,-5.726549018508478e-09,798.2087280155522,0.0,0.700357027957437,4354609337.674114,4354.609337674115,0.7331625573700501,0.29441064503504466
S_Q1,27,B,SPI6,102,0.0,689.6016610251056,-0.0028490633562862763,0.7002585149347698,4243714086.19237,4243.71408619237,0.7196072152844488,0.3098872167075818
S_Q1,27,B,SPI6,103,-1.5044618149569555e-10,188.07727891431125,0.0,0.7000167008024275,3425832293.0545135,3425.8322930545132,0.6366385597893762,0.3544668587896254
S_Q1,27,B,SPI6,104,-1.9596904193465903e-05,711.4133636817734,-3.00616110044741e-05,0.7001216947065155,4268757749.083422,4268.757749083422,0.723165047852848,0.30686305902444233
S_Q1,27,B,SPI6,105,-0.0007569315801872637,206.32043821599476,0.0,0.7000003303917844,3476291091.4844646,3476.2910914844647,0.6403031273348275,0.3534706656704736
S_Q1,27,B,SPI6,106,-0.6141992078287662,104.25685493568844,-0.001106174508758058,0.701356382740291,3123382254.314966,3123.3822543149663,0.6082826342192337,0.3649624648664033
S_Q1,27,B,SPI6,108,0.0,662.2580003736202,-0.0011113895287178685,0.700009822417391,4216001896.7990117,4216.001896799012,0.7164051659728895,0.31333831429892905
S_Q1,27,B,SPI6,109,-6.317722382523296e-05,7.367520566857593,0.0,0.7000000297498998,2208369905.805274,2208.369905805274,0.5973956665599317,0.3685914540861707
S_Q1,27,B,SPI6,110,-1.3639971634904502,0.0,-0.7499707991041917,0.701004231089832,613352094.0719374,613.3520940719375,0.5170953854911587,0.3692318639484825
S_Q1,27,B,SPI6,111,-3.475645490799948,0.0,-0.02616645498704606,0.742379674124403,969913193.4483012,969.9131934483012,0.5685772227558972,0.3692318639484825
S_Q1,27,B,SPI6,112,-0.027832874023705156,0.0,-0.47837240788521773,0.7085781374068353,776209000.3364935,776.2090003364935,0.5405415021169103,0.3692318639484825
S_Q1,27,B,SPI6,113,0.0,1425.7627911683198,0.0,0.700000063459121,4830928861.293257,4830.928861293257,0.7827231650478529,0.18660831821254498
S_Q1,27,B,SPI6,114,-8.00839992671407e-09,483.6522050964351,0.0,0.7000147750646527,3996248183.489795,3996.2481834897953,0.6927455793930337,0.33208809193439354
S_Q1,27,B,SPI6,115,-0.6253435740470852,0.0,-1.2308716611282697,0.7444067215376469,266981809.01779383,266.9818090177938,0.47650051588572245,0.3692318639484825
S_Q1,27,B,SPI6,116,-2.2757185895862766,0.0,-0.10516693317967801,0.7467547032163542,908328108.9316308,908.3281089316308,0.5594335930551109,0.3692318639484825
S_Q1,27,B,SPI6,117,-0.03405903097646795,0.0,-0.06494452999186881,0.9954690149974704,16806401.18563771,16.806401185637707,0.4556160387092184,0.3692318639484825
S_Q1,27,B,SPI6,118,-1.3858573966978285,420.51001130209966,-0.0019111986448048235,0.7,3900565765.3610663,3900.5657653610665,0.6126231899526808,0.3646422599352475
S_Q1,27,B,SPI6,119,-0.00026069484712053573,1123.875734355805,0.0,0.7001789878920925,4627488813.461338,4627.488813461338,0.7638666524353362,0.23766321556907533
S_Q1,27,B,SPI6,120,0.0,1344.4835106925545,-8.29893708985414e-06,0.7000048143612262,4779633031.624948,4779.633031624948,0.7782402960116698,0.1976375991745829
S_Q1,27,B,SPI6,121,-1.666804341887745,0.0,-1.74560422118418,0.7889551463537567,83684965.41000469,83.6849654100047,0.4607393176077134,0.3692318639484825
S_Q1,27,B,SPI6,122,0.0,82.35679377342389,-1.6714294084357645e-05,0.7,3022058557.0545344,3022.0585570545345,0.6141174796314085,0.3628277653253638
S_Q1,27,B,SPI6,126,-1.677195153973048,0.0,-0.7479984598730338,0.7010917342781274,614941515.5211339,614.9415155211339,0.5171309638168428,0.3692318639484825
S_Q1,27,B,SPI6,127,-0.001136414474851289,0.0,-0.401702366492099,0.7158780609091141,807088669.0080899,807.0886690080899,0.5442772263137297,0.3692318639484825
S_Q1,27,B,SPI6,128,-7.259799782397331e-11,1517.1326612567038,-1.0359482852234745e-05,0.7000135520385293,4885561702.383517,4885.5617023835175,0.7880599139004518,0.17650407371829077
S_Q1,27,B,SPI6,129,-0.7255751387835734,104.07850045036247,-5.6706355870699725e-06,0.700032629313595,3128411254.187259,3128.411254187259,0.6074999110541858,0.36567403138008325
S_Q1,27,B,SPI6,130,-1.5602458776221706,0.0,-0.0741968716647958,0.7206280763499281,1021640595.2167529,1021.6405952167529,0.5768313943145836,0.3692318639484825
S_Q1,27,B,SPI6,131,-1.464689847347462,0.0,-0.08224773834207816,0.7042427546106445,1077072053.4843442,1077.0720534843442,0.585548084107162,0.3692318639484825
S_Q1,27,B,SPI6,133,-0.7239766452217755,0.0,-0.06911844758913727,0.739831692253569,954616965.8843602,954.6169658843602,0.5663357882378054,0.3692318639484825
S_Q1,27,B,SPI6,135,0.0,537.9938172439249,-0.0002907587657537407,0.700011267567455,4068730066.4539056,4068.7300664539057,0.6998256662041483,0.32664460810474266
S_Q1,27,B,SPI6,136,0.0,1299.9088127506757,0.0,0.7,4750815949.880585,4750.815949880584,0.7756074999110543,0.2049311559398015
S_Q1,27,B,SPI6,137,-0.03735373718699776,0.0,-0.00303732497419177,0.7469466839606191,967804827.5763361,967.8048275763362,0.5677589212651653,0.3692318639484825
S_Q1,27,B,SPI6,138,0.0,0.0,-0.007467523759746186,0.7007033718748116,1140353822.3472326,1140.3538223472326,0.5944426655281603,0.3692318639484825
S_Q1,27,B,SPI6,139,0.0,0.0,-0.5977662642772309,0.7029409745869456,707819157.3694227,707.8191573694227,0.5299035827373962,0.3692318639484825
S_Q1,27,B,SPI6,140,0.0,660.7055278948192,-5.494784982193978e-07,0.7000000001670691,4215084064.8834796,4215.084064883479,0.7162984309958376,0.3134806276016651
S_Q1,27,B,SPI6,141,0.0,1809.2287020698877,-0.00777717923919106,0.7000320479746527,5039260317.964141,5039.260317964141,0.7994449781193297,0.16049382716049382
S_Q1,27,B,SPI6,142,-1.563120648604532e-07,905.2574699983229,-4.52421297168136e-11,0.7000223494785395,4453379016.643754,4453.379016643754,0.7445476215889281,0.2769061087985199
S_Q1,27,B,SPI6,143,0.0,681.6671162890633,-0.00034531046554062443,0.7000043962194913,4237449727.169699,4237.449727169699,0.7190735403991889,0.31109687978083744
S_Q1,27,B,SPI6,145,0.0,937.7431504725926,0.0,0.7009866750509327,4477524796.641677,4477.524796641677,0.7479987191802754,0.271320311666133
S_Q1,27,B,SPI6,146,-7.861539865353527e-07,1726.562427380869,-0.0246165214615829,0.7000153984507708,4983063970.409605,4983.063970409605,0.7952111573629344,0.16266410502721745
S_Q1,27,B,SPI6,147,-8.851069551861874e-09,1231.994261856048,-8.656906436654149e-05,0.7000220572294735,4704792894.796902,4704.792894796902,0.771587149108763,0.21795282314014308
S_Q1,27,B,SPI6,148,0.0,185.94326359655253,-0.0008476229767216993,0.7000000128186273,3419063436.6730447,3419.0634366730446,0.6361404632298004,0.35475148539509727
S_Q1,27,B,SPI6,149,-1.6207650556880253,0.0,-0.9011849399475582,0.7196248610608368,475615472.0378685,475.61547203786847,0.4991283310207421,0.3692318639484825
S_Q1,27,B,SPI6,152,0.0,589.4720205509776,-2.4219916787176753e-06,0.7000001281251703,4133154248.6713715,4133.1542486713715,0.707190379620735,0.3209520759953037
S_Q1,27,B,SPI6,153,0.0,1381.1258573129535,-5.390725332723783e-05,0.7002113091002491,4802150061.24784,4802.15006124784,0.7803394172270253,0.19244316362471978
S_Q1,27,B,SPI6,155,0.0,821.0443559041503,-2.652523246964875e-06,0.7,4377595775.581901,4377.595775581901,0.7356174618422457,0.29071049916390934
S_Q1,27,B,SPI6,156,-9.593439058511405e-05,468.93035005213954,-0.0002610730706744911,0.7003643326640611,3973718974.981794,3973.718974981794,0.6901127832924182,0.3334044899847013
S_Q1,27,B,SPI6,157,0.0,206.6919909118215,-1.6085886029209122e-10,0.7000100759770094,3477244085.852175,3477.2440858521754,0.6403387056605117,0.3534350873447896
S_Q1,27,B,SPI6,160,-1.512756097537102,0.0,-0.3862914343138699,0.7001276866068756,861007475.0111214,861.0074750111214,0.5517486747073684,0.3692318639484825
S_Q1,27,B,SPI6,161,-0.5206292338900598,0.0,-0.7812020603515231,0.7503051135632708,493674317.919972,493.674317919972,0.5020813320525136,0.3692318639484825
S_Q1,27,B,SPI6,162,-0.00033364957789593715,1976.0899203265872,-0.0020882516064805712,0.7000216087697959,5127404778.587866,5127.404778587866,0.8063471733020245,0.1585014409221902
S_Q1,27,B,SPI6,163,-2.7109443316790383e-05,1680.711691196858,-0.02474560875262152,0.7000044240768879,4958499520.450157,4958.499520450157,0.7934678194044187,0.16408723805457714
S_Q1,27,B,SPI6,164,-0.745621537081055,0.0,-0.43569018265178416,0.7206280763499281,771515825.4086823,771.5158254086823,0.5394741523463906,0.3692318639484825
S_Q1,27,B,SPI6,165,0.0,333.12128707738077,-0.00032982329513667153,0.7002795228857118,3754100258.005775,3754.100258005775,0.6667734016437189,0.3441491443412673
S_Q1,27,B,SPI6,167,-0.6449909474242382,0.0,-1.276413869085654,0.7000000132664467,288134905.3754661,288.13490537546613,0.478564058775394,0.3692318639484825
S_Q1,27,B,SPI6,168,-4.7417189988234465e-05,0.0,-0.793406303150951,0.8149784194469524,359671103.390791,359.671103390791,0.48731632689365645,0.3692318639484825
S_Q1,27,B,SPI6,170,-2.57995196983301e-05,766.1518759099378,0.0,0.7000203921935796,4324782310.367675,4324.782310367675,0.729355676521863,0.2990714056996478
S_Q1,27,B,SPI6,171,0.0,515.9013063801383,0.0,0.7011091130222805,4035981124.9363794,4035.9811249363793,0.6968726651723771,0.32845910271462625
S_Q1,27,B,SPI6,172,0.0,373.2730128475883,-0.0009228444520058103,0.7000044717744212,3826092607.752645,3826.092607752645,0.674529476642829,0.34084036005265594
S_Q1,27,B,SPI6,173,-7.259799782397331e-11,1077.8631465245307,-2.926792285249226e-07,0.7001023539308291,4593350140.457197,4593.350140457197,0.7600597715871492,0.24556160387092185
S_Q1,27,B,SPI6,174,-1.7196292539367104,0.0,-1.2296744832953035,0.7903248722373515,219704484.05168575,219.70448405168574,0.4725869000604831,0.3692318639484825
S_Q1,27,B,SPI6,175,-1.7338178025031778e-05,52.0679393626675,-8.819733682029431e-08,0.700113604174424,2829517352.3634667,2829.5173523634667,0.6077133810082898,0.36506919984345537
S_Q1,27,B,SPI6,176,-2.3213450914065694,0.0,-0.7703819082603092,0.7470152661796652,505472439.43322873,505.4724394332287,0.5031486818230335,0.3692318639484825
S_Q1,27,B,SPI6,177,0.0,1268.949846194347,-0.004575248125775351,0.7000016423061731,4726939395.692288,4726.939395692289,0.7735439570213826,0.2111217846088163
S_Q1,27,B,SPI6,179,-1.5758348189599236,0.0,-1.6464347461346618,0.7406059087092929,125622148.34383395,125.62214834383396,0.46376347529085277,0.3692318639484825
S_Q1,27,B,SPI6,181,-0.001053179848044965,1609.886608051011,-0.0003515694916400632,0.7000653332358918,4938274346.1700325,4938.274346170033,0.7922581563311631,0.16800085387981642
S_Q1,27,B,SPI6,183,-1.526241291402939e-07,1012.9948623279013,-3.5958159669688075e-07,0.7000365019387552,4543034019.883516,4543.0340198835165,0.7546162877574981,0.25662646315864374
S_Q1,27,B,SPI6,184,0.0,432.8384715721803,-0.0028066415448954113,0.7000016423061731,3920677892.2102904,3920.6778922102903,0.6846692994627672,0.3358593944568969
S_Q1,27,B,SPI6,185,0.0,739.3130752914026,-0.00032524514078709026,0.7000002873346185,4297594034.464641,4297.594034464641,0.7261536272103035,0.303447539758779
S_Q1,27,B,SPI6,186,-3.603796334172892e-07,612.2394484048613,-0.000924827344110357,0.7000149663403121,4159361501.864899,4159.361501864899,0.7105347422350305,0.318746219802896
S_Q1,27,B,SPI6,187,0.0,226.71634431090538,0.0,0.7003766193388287,3527301049.184803,3527.301049184803,0.644181164834383,0.3521186892944818
S_Q1,27,B,SPI6,189,-0.0004391971330461421,136.15622617233765,-0.000334527873370084,0.7000383414082281,3257900104.8917346,3257.900104891735,0.6264275803180702,0.3586651012203365
S_Q1,27,B,SPI6,191,-6.203200091459855e-09,99.37014797868812,-5.072444079963023e-06,0.7000210143025443,3107115160.7937016,3107.1151607937018,0.6183868787134877,0.36151136727505606
S_Q1,27,B,SPI6,195,-1.2516229434990378,0.0,-1.531287040917968,0.7011854603726361,178975339.3490319,178.97533934903188,0.468851175863664,0.3692318639484825
S_Q1,27,B,SPI6,197,0.0,711.8684179632269,0.0,0.7,4269878533.2527647,4269.878533252765,0.7233429394812679,0.30686305902444233
S_Q1,27,B,SPI6,198,-7.259799782397331e-11,1051.885165643831,-2.953018479477839e-07,0.7001023539308291,4573391658.482129,4573.391658482129,0.7579606503717936,0.24972426797594902
S_Q1,27,B,SPI6,199,-0.0030003469401558964,320.87402745148825,-3.939652298514451e-09,0.7003077365929807,3731431763.140815,3731.431763140815,0.6639627139146832,0.34528765076315504
S_Q1,27,B,SPI6,200,-1.2778846421140065e-06,20.166221203731993,-0.0009025078019915629,0.7000153590253545,2491900503.9296775,2491.9005039296776,0.5998861493578111,0.36734621268723094
S_Q1,27,B,SPI6,201,-2.750506761094709e-08,562.4611015665951,-1.1965548915800981e-05,0.7000313800213248,4099837496.6304116,4099.837496630412,0.7034546554239157,0.3240118120041271
S_Q1,27,B,SPI6,202,-5.635033159542968e-09,801.9446758917993,-0.004443792332841839,0.7000223810585193,4356234005.219082,4356.234005219082,0.7334116056498381,0.2936279218699968
S_Q1,27,B,SPI6,205,-1.6101431231067678,0.0,-1.6136556955509447,0.7031370441843997,155402159.4626367,155.40215946263672,0.46621837976304825,0.3692318639484825
S_Q1,27,B,SPI6,206,-1.5571137207274002,0.0,-0.1390823682704021,0.7010841129353106,1046514228.3966019,1046.514228396602,0.5805671185114027,0.3692318639484825
S_Q1,27,B,SPI6,207,-1.2922066676172924e-06,352.2818540389796,-0.0008968599241216197,0.7000006062341658,3789653518.1552906,3789.6535181552904,0.6701177642580142,0.3430106379193795
S_Q1,27,B,SPI6,210,-0.0020311239244428236,173.13187459524994,-0.0013974740397793167,0.7000115098288059,3380948324.71864,3380.94832471864,0.633827872060341,0.35574767851424915
S_Q1,27,B,SPI6,211,-0.6700100179726061,0.0,-0.46178011530401186,0.7207156760229405,753755988.1840189,753.7559881840189,0.5371971395026149,0.3692318639484825
S_Q1,27,B,SPI6,213,-3.6085387126125743e-07,1196.1581042882362,-2.5609238078953816e-06,0.7000112329365702,4680169949.356255,4680.169949356255,0.7687764613797277,0.2242501867862098
S_Q1,27,B,SPI6,214,-1.512756097537102,0.0,-0.35505778752524175,0.7001305517891023,881501953.5600821,881.501953560082,0.5551641939730316,0.3692318639484825
S_Q1,27,B,SPI6,215,0.0,1158.6409923329563,-3.3106746964639378e-06,0.70000875648289,4653500863.782087,4653.500863782087,0.766250400256164,0.23168605685416446
S_Q1,27,B,SPI6,216,0.0,1855.326059263974,-0.0023932910772567,0.7000048143612262,5067868369.598177,5067.868369598177,0.8022200875226813,0.15946205571565797
S_Q1,27,B,SPI6,217,-7.073369063098305e-10,1749.4099917814895,-0.0013862412381661772,0.7000355645217693,5013756701.019423,5013.7567010194225,0.7978083751378662,0.16198811683922157
S_Q1,27,B,SPI6,218,-0.00012445897475198532,0.0,-0.678150450876787,0.7147960022926131,628620146.070973,628.6201460709731,0.5185896751698865,0.3692318639484825
S_Q1,27,B,SPI6,219,0.0,387.4550925627618,-1.9913939379510008e-07,0.7000037136369874,3850532731.8783107,3850.5327318783106,0.6773401643718645,0.3397730102821362
S_Q1,27,B,SPI6,221,0.0,2080.827548605251,-0.0013184586184437808,0.7000684996399278,5176628692.501539,5176.628692501539,0.8096915359163197,0.15811007933966628
S_Q1,27,B,SPI6,222,-2.5053007208385207e-06,1915.279956691128,-0.004384699651332181,0.700000424900579,5095779302.245184,5095.779302245184,0.8044615220407729,0.15882164585334613
S_Q1,27,B,SPI6,223,0.0,299.40431133415757,-0.004575248125775351,0.7000109053481252,3687319365.5307217,3687.319365530722,0.6586971217134521,0.3469954103959867
S_Q1,27,B,SPI6,224,-0.027016128901222403,0.0,-0.10749826352813507,0.7405910909375766,929778039.8824799,929.7780398824799,0.5626000640409863,0.3692318639484825
S_Q1,27,B,SPI6,225,-0.0003363573868903416,1709.889761913144,-0.0009459155839864706,0.7000216087697959,4992932068.92195,4992.93206892195,0.7963496637848223,0.1631977799124773
S_Q1,27,B,SPI6,227,-3.5509042278775137e-07,242.84175187638834,-0.0019374326312107206,0.7000281291269814,3566620954.3373356,3566.6209543373357,0.6473476358202582,0.351015761198278
S_Q1,27,B,SPI6,228,-7.073369063098305e-10,1435.3491356495101,-0.005680170691166091,0.7000363869126246,4833118170.141496,4833.118170141495,0.7827587433735369,0.18525634183655318
S_Q1,27,B,SPI6,229,0.0,820.3444129303906,0.0,0.7,4376941555.564456,4376.941555564456,0.7355107268651937,0.2907816558152773
S_Q1,27,B,SPI6,230,-3.8279908736767227,0.0,-0.30571604713464984,0.7007155719587281,914250626.8152817,914.2506268152817,0.5598961112890027,0.3692318639484825
S_Q1,27,B,SPI6,232,-0.5494664861514726,0.0,-2.3097389180361607,0.83921281231871,15855371.7824357,15.8553717824357,0.45469100224143455,0.3692318639484825
S_Q1,27,B,SPI6,233,0.0,1429.634385539613,0.0,0.7,4833303320.183721,4833.303320183721,0.7827943216992208,0.18618137830433693
S_Q1,27,B,SPI6,234,0.0,960.8319603565908,0.0,0.7,4500609675.171888,4500.609675171889,0.7504536236524709,0.2666595510015299
S_Q1,27,B,SPI6,235,-0.9993243370565335,0.0,-1.4077985347703075,0.7167074163900641,209088241.6073895,209.0882416073895,0.47151955028996334,0.3692318639484825
S_Q1,27,B,SPI6,237,0.0,313.8453707878266,0.0,0.7,3719101321.5057516,3719.1013215057515,0.6627174725157435,0.34585690397409896
S_Q1,27,B,SPI6,238,0.0,536.6134001231397,0.0,0.7,4067382349.006905,4067.382349006905,0.6996833529014124,0.32675134308179465
S_Q1,27,B,SPI6,239,-1.4021565984210338,0.0,-1.0466493332435916,0.7875890510251017,298705671.8281131,298.70567182811305,0.47927562528907397,0.3692318639484825
S_Q1,27,B,SPI6,240,-0.4744262569904756,0.0,-0.5317670708047222,0.7275793347540586,687488842.3037013,687.4888423037013,0.5266659551001529,0.3692318639484825
S_Q1,27,B,SPI6,241,-1.4416040647034576,0.0,-1.725082398179389,0.7997589453692485,83510370.1091416,83.5103701091416,0.46063258263066154,0.3692318639484825
S_Q1,27,B,SPI6,244,0.0,1800.6416934874114,0.0,0.7,5041420265.422982,5041.420265422982,0.7998007613761698,0.16067171878891381
S_Q1,27,B,SPI6,245,0.0,1195.1338538595369,0.0,0.7,4679493309.891916,4679.493309891916,0.7687408830540436,0.2244280784146298
S_Q1,27,B,SPI6,246,0.0,84.19901480656569,0.0,0.7,3032054622.2584534,3032.0546222584535,0.6145799978653005,0.3626142953712599
S_Q1,27,B,SPI6,247,0.0,1918.4572821283234,0.0,0.7,5100582753.563753,5100.582753563753,0.8048528836232968,0.15878606752766214
S_Q1,27,B,SPI6,248,-0.5470617331843257,0.0,-0.32083650344765546,0.7362248041998426,797001856.7708025,797.0018567708025,0.542178105098374,0.3692318639484825
S_Q1,27,B,SPI6,249,0.0,563.0034406314044,-8.480165991782721e-05,0.7,4100633455.9008884,4100.633455900888,0.7034902337495997,0.3239050770270751
S_Q1,27,B,SPI6,250,-0.5470617331843257,0.0,-1.64877174410088,0.7362248041998426,127435137.71366146,127.43513771366146,0.4639769452449567,0.3692318639484825
S_Q1,27,B,SPI6,251,0.0,639.9670796495411,0.0,0.7,4191948534.195334,4191.948534195334,0.714021418152062,0.31568648379407266
S_Q1,27,B,SPI6,253,-0.0025194547432427616,0.0,-0.07424269282657253,0.7065260874036909,1073203646.6320692,1073.2036466320692,0.584765360942114,0.3692318639484825
S_Q1,27,B,SPI6,254,-0.021829871991185912,20.457582083686702,0.0,0.7,2497214112.8928976,2497.2141128928974,0.6001351976375991,0.36734621268723094
S_Q1,27,B,SPI6,255,0.0,1968.6904031232648,0.0,0.7,5125018929.569352,5125.018929569352,0.8061692816736046,0.1585014409221902
S_Q1,27,B,SPI6,256,0.0,713.2542878938448,0.0,0.7,4271320634.2141695,4271.320634214169,0.7234496744583199,0.3067207457217063
S_Q1,27,B,SPI6,258,0.0,208.0379555938675,0.0,0.7001242804247191,3480381867.412354,3480.381867412354,0.6405521756146156,0.3533639306934216
S_Q1,27,B,SPI6,259,0.0,350.88271060005513,0.0,0.7,3787871393.8955293,3787.8713938955293,0.670046607606646,0.3430817945707475
S_Q1,27,B,SPI6,264,0.0,239.57734738172394,0.0,0.7,3560027236.3023877,3560.027236302388,0.6468139609349984,0.351158074501014
S_Q1,27,B,SPI6,265,-1.2362669216463182,0.0,-0.37082464353004774,0.7032052474212607,861994201.1916715,861.9942011916714,0.5523179279183121,0.3692318639484825
S_Q1,27,B,SPI6,266,-1.7293402351611769,0.0,-0.6561732158325886,0.7025830835619048,669920118.8653369,669.9201188653369,0.5241043156509054,0.3692318639484825
S_Q1,27,B,SPI6,267,-4.6072034510389475e-05,1263.337975695833,0.0,0.7,4726371123.284905,4726.3711232849055,0.7735083786956986,0.21201124275091615
S_Q1,27,B,SPI6,268,-1.0379169178077405,0.0,-0.569870455255489,0.7,734141152.9915749,734.1411529915749,0.5335325719571636,0.3692318639484825
S_Q1,27,B,SPI6,269,0.0,849.1041748548115,0.0,0.7,4403531180.517371,4403.5311805173715,0.7392108727363291,0.2859785818479383
S_Q1,27,B,SPI6,270,0.0,1230.502694325712,0.0,0.7000024756129417,4704020864.811389,4704.020864811389,0.7715159924573949,0.21816629309424707
S_Q1,27,B,SPI6,271,-0.0005184225718663825,67.72161555364855,0.0,0.7,2937627714.4763365,2937.6277144763367,0.611235635251005,0.3637172234674637
S_Q1,27,B,SPI6,272,0.0,7.1680229579451975,0.0,0.7000016992838771,2201520402.549358,2201.520402549358,0.5973245099085638,0.3686270324118547
S_Q1,27,B,SPI6,273,0.0,934.4867296267078,0.0,0.7001222792596793,4478095283.066103,4478.095283066103,0.7478564058775393,0.2718539865513929
S_Q1,27,B,SPI6,274,-3.8032084748506954,0.0,-0.7365892962556541,0.7179705058177708,587944886.5564406,587.9448865564406,0.5135731312484434,0.3692318639484825
S_Q1,27,B,SPI6,275,0.0,258.37077008839356,-0.0019745679382573433,0.7,3602433719.721209,3602.433719721209,0.6503362151777138,0.35012630305617826
S_Q1,27,B,SPI6,276,0.0,100.31042470307128,0.0,0.7002505191865062,3110596092.1080966,3110.5960921080964,0.6184224570391718,0.3613690539723201
S_Q1,27,B,SPI6,277,-0.4796847825453877,75.55996708239059,0.0,0.7000006818408387,2984400150.4542637,2984.400150454264,0.6073931760771338,0.36563845305439924
S_Q1,27,B,SPI6,278,-0.056967254227839215,0.0,-0.0663491663885058,0.7409228064409503,952761028.7401861,952.7610287401861,0.5658376916782296,0.3692318639484825
S_Q1,27,B,SPI6,280,0.0,407.659091340152,0.0,0.7,3883283957.598692,3883.283957598692,0.6804710570320559,0.33799409399793656
S_Q1,27,B,SPI6,281,0.0,1378.143701465932,0.0,0.7000022128987027,4801253832.184762,4801.253832184762,0.7803038389013411,0.19287010353292774
S_Q1,27,B,SPI6,282,0.0,2077.8620125914485,0.0,0.7000027551579491,5176324539.178291,5176.324539178291,0.8095848009392678,0.15811007933966628
S_Q1,27,B,SPI6,283,-0.47829792406613697,302.63225354575184,0.0,0.7,3696471479.8821163,3696.4714798821165,0.6420108869676592,0.35532073860604113
S_Q1,27,B,SPI6,284,0.0,0.0,-0.07595589256478066,0.715369416344614,1039210706.2889092,1039.2107062889093,0.5795709253922511,0.3692318639484825
S_Q1,27,B,SPI6,286,-0.00034646585178721434,1612.2693946912113,0.0,0.7002984363615306,4939154209.704952,4939.154209704952,0.7922937346568472,0.16789411890276448
S_Q1,27,B,SPI6,287,0.0,187.31165998229787,0.0,0.7,3423701419.4907947,3423.7014194907947,0.6365318248123244,0.3546091720923613
S_Q1,27,B,SPI6,288,0.0,386.53327141520765,-4.668450401792729e-06,0.7000027681059722,3849012411.457041,3849.012411457041,0.6771622727434446,0.3398085886078202
S_Q1,27,B,SPI6,289,0.0,0.0,-1.4611344277347824,0.7314506720531563,181082782.25021017,181.08278225021016,0.4690646458177678,0.3692318639484825
S_Q1,27,B,SPI6,290,0.0,449.592254683746,0.0,0.7000001611514682,3947439651.7005396,3947.43965170054,0.687337673889067,0.33482762301206104
S_Q1,27,B,SPI6,292,-1.5828602090842603,0.0,-0.3799836177576982,0.7162601566141938,819110303.9025618,819.1103039025618,0.5460205642722454,0.3692318639484825
S_Q1,27,B,SPI6,295,-0.1786635635728655,0.0,-0.034784552956928616,0.7,1123082019.2180836,1123.0820192180836,0.5919166044045967,0.3692318639484825
S_Q1,27,B,SPI6,296,-0.00011445143469370964,138.9570874173825,-1.8286632010204427e-06,0.7000016097335047,3268665856.261572,3268.6658562615717,0.6271035685060661,0.3584160529405486
S_Q1,27,B,SPI6,298,0.0,1302.1442935770554,0.0,0.7000042097537345,4752284225.308837,4752.2842253088365,0.7758209698651582,0.20461095100864554
S_Q1,27,B,SPI6,299,-0.6728132471445012,159.06804668451582,0.0,0.7,3337136210.229641,3337.136210229641,0.6152204077276123,0.36325470523357173
S_Q1,27,B,SPI6,300,-0.3092368998671336,0.0,-0.24103130282204133,0.709798570159967,940979902.5911744,940.9799025911743,0.5643789803251859,0.3692318639484825
S_Q1,27,B,SPI6,301,-2.668363583738116,0.0,-1.1831587181440393,0.7024797676036356,335380053.43574804,335.38005343574804,0.48311808446294513,0.3692318639484825
S_Q1,27,B,SPI6,302,0.0,683.749518195529,0.0,0.7001245061034098,4239669649.6060853,4239.669649606085,0.7193225886789768,0.3107766748496815
S_Q1,27,B,SPI6,303,0.0,1854.0437721271974,-0.0001924352330568102,0.7000025488252729,5068350834.475549,5068.350834475549,0.8023624008254172,0.15949763404134196
S_Q1,27,B,SPI6,304,-1.3635985195407994,0.0,-0.7513801759046091,0.7947955614251012,420471843.4001835,420.4718434001835,0.49396947379656314,0.3692318639484825
S_Q1,27,B,SPI6,305,0.0,372.2595255177349,0.0,0.7001287009082924,3824589722.4263935,3824.5897224263936,0.674493898317145,0.34098267335539195
S_Q1,27,B,SPI6,306,0.0,511.372584163079,0.0,0.7,4034212925.434619,4034.212925434619,0.6968726651723769,0.3290639342512542
S_Q1,27,B,SPI6,307,0.0,36.24013323922509,-1.930135196328193e-06,0.7000025554769713,2692089587.2064614,2692.0895872064616,0.6041199701142065,0.3661721279396591
S_Q1,27,B,SPI6,308,0.0,2026.0493918511152,-1.9875548020149505e-06,0.7000017007279842,5152187638.973156,5152.187638973156,0.808197246237592,0.15818123599103426
S_Q1,27,B,SPI6,311,0.0,739.4876408368109,0.0,0.7,4298216003.646008,4298.216003646007,0.7261892055359874,0.303447539758779
S_Q1,27,B,SPI6,312,0.0,1156.2052724244334,0.0,0.7,4651766906.947423,4651.766906947423,0.766108086953428,0.23204184011100443
S_Q1,27,B,SPI6,313,0.0,1563.1669100836668,0.0,0.7000000011225518,4912484472.334569,4912.484472334569,0.7901234567901234,0.17209236133347566
S_Q1,27,B,SPI6,314,0.0,225.3963768812398,-0.001856222033301145,0.7,3524416350.327692,3524.416350327692,0.6438253815775431,0.3521186892944818
S_Q1,27,B,SPI6,315,-0.027528896526830965,0.0,-0.04081065430158932,0.7291749545417413,1010251969.5995096,1010.2519695995096,0.5743409115167041,0.3692318639484825
S_Q1,27,B,SPI6,318,-4.0,0.0,-0.7821687678707726,0.7517801143463457,490188637.9556792,490.18863795567916,0.5015120788415698,0.3692318639484825
S_Q1,27,B,SPI6,321,0.0,996.7318929726871,0.0,0.7000001360002384,4530134473.820222,4530.1344738202215,0.7533710463585583,0.260219874052727
S_Q1,27,B,SPI6,322,0.0,278.14248970124515,0.0,0.7,3646664996.2262464,3646.6649962262463,0.6551037108193688,0.34873874835450236
S_Q1,27,B,SPI6,323,0.0,799.7329008764897,0.0,0.700074774441883,4357148935.132398,4357.148935132398,0.7335539189525739,0.2940192834525207
S_Q1,27,B,SPI6,324,0.0,1650.9799451190224,0.0,0.7000472926384655,4961610379.104658,4961.610379104658,0.7943928558722028,0.16522574447646493
S_Q1,27,B,SPI6,325,-0.15801294441433744,0.0,-0.05419073511857035,0.7013294841184122,1106784260.9586644,1106.7842609586644,0.5896395915608211,0.3692318639484825
S_Q1,27,B,SPI6,327,-0.001187387114944538,170.14503689194748,0.0,0.7000023554918143,3372574988.140141,3372.574988140141,0.633543245454869,0.35603230511972117
S_Q1,27,B,SPI6,328,-2.560052042129551e-06,1471.7864762773922,0.0,0.7000000578570683,4858935126.387458,4858.935126387458,0.7853203828227843,0.18169850926815384
S_Q1,27,B,SPI6,329,0.0,121.7563594171576,-5.123670577653184e-08,0.7000025042613505,3203488332.475265,3203.488332475265,0.6230120610524068,0.3595545593624364
S_Q1,27,B,SPI6,330,-0.5327626994050937,184.30353790449902,0.0,0.7,3414656164.7906055,3414.6561647906055,0.622015867933255,0.3609776923897961
S_Q1,27,B,SPI6,332,0.0,659.8530762660484,0.0,0.7000005728986993,4214143541.059545,4214.143541059545,0.7161561176931015,0.3135162059273491
S_Q1,27,B,SPI6,333,-0.5480253019287167,0.0,-0.034648556209190565,0.7364483403352797,986814710.6737908,986.8147106737908,0.5706407656455688,0.3692318639484825
S_Q1,27,B,SPI6,334,0.0,297.0029673674943,0.0,0.7,3685741427.0990057,3685.7414270990057,0.6586259650620844,0.34731561532714267
S_Q1,27,B,SPI6,335,-1.2890084411388246e-05,611.6819756724144,-0.0010682210294814531,0.7000015869301588,4158698474.1500983,4158.698474150098,0.7104280072579785,0.318746219802896
S_Q1,27,B,SPI6,336,-0.0003070450738142484,153.48134563895104,0.0,0.700122717756083,3318595014.667703,3318.5950146677033,0.6296652079553137,0.35727754651866084
S_Q1,27,B,SPI6,337,-1.0763932009647195,0.0,-0.9723298628240097,0.7343532057309793,412683087.4713191,412.6830874713191,0.49115878606752766,0.3692318639484825
S_Q1,27,B,SPI6,338,-0.5888138286148443,394.8044647086125,-0.0020138774790810056,0.7,3860560379.8760138,3860.560379876014,0.6500871668979259,0.35311488241363354
S_Q1,27,B,SPI6,341,-1.2901940737991254e-05,483.9285338260049,-0.0005986401638957695,0.700001699710598,3996239516.3305655,3996.2395163305655,0.6927100010673498,0.33201693528302556
S_Q1,27,B,SPI6,342,-0.00028729094986182894,1516.3589358335425,0.0,0.7,4885338667.978906,4885.3386679789055,0.7879887572490839,0.1765752303696588
S_Q1,27,B,SPI6,343,-1.4514475729707076e-05,902.6033037055477,-1.4010172390835181e-05,0.7000026344315056,4450980191.914448,4450.9801919144475,0.7444053082861921,0.2772974703810438
S_Q1,27,B,SPI6,344,-0.5470617331843257,0.0,-0.7463442881199444,0.7362248041998426,543439443.3517524,543.4394433517524,0.5076671291849005,0.3692318639484825
S_Q1,27,B,SPI6,345,-0.473772105832938,0.0,-0.727979252041344,0.7505086133045455,525592018.8603968,525.5920188603968,0.5055324296438609,0.3692318639484825
S_Q1,27,B,SPI6,346,-3.1135440548615376,0.0,-1.4031919296289859,0.7315757880830709,199734905.6754406,199.73490567544061,0.47084356210196754,0.3692318639484825
S_Q1,27,B,SPI6,347,-0.2289013678871498,0.0,-0.43415687534696695,0.7054676735572171,813841024.0405263,813.8410240405262,0.5458426726438255,0.3692318639484825
S_Q1,27,B,SPI6,348,-7.40628718893582e-05,850.0811614707987,0.0,0.7000193766588548,4404340168.370202,4404.340168370202,0.7392820293876972,0.28590742519657025
S_Q1,27,B,SPI6,349,-3.4283837286644436,0.0,-0.6867596337884737,0.7001178535826863,654729751.0864786,654.7297510864786,0.5220763510869179,0.3692318639484825
S_Q1,27,B,SPI6,351,-0.028678022353589173,0.0,-1.6437883031223364,0.8729166924628489,62090658.838483304,62.09065883848331,0.4586757747180418,0.3692318639484825
S_Q1,27,B,SPI6,354,-0.40656606997584055,0.0,-0.07811748733172645,0.7049678104445263,1076885797.4626868,1076.8857974626867,0.585370192478742,0.3692318639484825
S_Q1,27,B,SPI6,355,0.0,169.25416076697638,0.0,0.7,3369830116.333056,3369.830116333056,0.633436510477817,0.35603230511972117
S_Q1,27,B,SPI6,356,-0.3241504613531338,65.24553927697497,-0.0009694830832258712,0.7000432508261816,2921042707.921994,2921.0427079219944,0.6073575977514499,0.36546056142597927
S_Q1,27,B,SPI6,357,-2.3370293802827513,0.0,-1.0514527791515753,0.7891384744627199,294353810.8339475,294.3538108339475,0.4789909986836021,0.3692318639484825
S_Q1,27,B,SPI6,358,-1.5923465534070567,0.0,-0.007919112458264044,0.7598487688542546,914697696.351573,914.697696351573,0.5601807378944746,0.3692318639484825
S_Q1,27,B,SPI6,359,-0.46871620925839474,0.0,-0.0258826095519622,0.7313181658212523,1011552827.1788057,1011.5528271788057,0.574589959796492,0.3692318639484825
S_Q1,27,B,SPI6,360,0.0,1076.8695607872248,0.0,0.7000008714619731,4592985172.655848,4592.985172655847,0.7600241932614652,0.24570391717365783
S_Q1,27,B,SPI6,361,0.0,371.15382006669415,0.0,0.700000024108103,3823200417.969751,3823.200417969751,0.6743515850144092,0.34105383000675993
S_Q1,27,B,SPI6,364,0.0,405.580941769977,0.0,0.7000050296048383,3879936595.3753242,3879.936595375324,0.680222008752268,0.3381719856263565
S_Q1,27,B,SPI6,366,-0.00039216216000228826,1301.3772082504468,-0.00031461374755814347,0.7000976759118095,4751019989.440334,4751.019989440334,0.7756786565624222,0.20471768598569753
S_Q1,27,B,SPI6,368,-1.5923465534070567,0.0,-0.09143417421062094,0.7121102026743802,1041114847.9230981,1041.114847923098,0.5804959618600349,0.3692318639484825
S_Q1,27,B,SPI6,369,-0.3451981090917819,0.0,-0.7392852978683774,0.7888375810156797,439133240.1303435,439.1332401303435,0.4958907033834987,0.3692318639484825
S_Q1,27,B,SPI6,372,0.0,720.0826880874097,-0.0022764427527190434,0.7000008465956641,4277273992.6423197,4277.27399264232,0.7239833493435798,0.3057601309282385
S_Q1,27,B,SPI6,373,0.0,473.29086422442475,0.0,0.7005668781379273,3979537959.5009036,3979.5379595009035,0.6906464581776782,0.33304870672786135
S_Q1,27,B,SPI6,374,-1.785339950323081e-05,1754.7528405975904,0.0,0.7000884320652933,5017137024.417307,5017.137024417307,0.7980930017433381,0.16188138186216958
S_Q1,27,B,SPI6,377,-1.5923465534070567,0.0,-0.007919112458264044,0.7007594549986916,1139726385.6483157,1139.7263856483157,0.5943715088767922,0.3692318639484825
S_Q1,27,B,SPI6,378,0.0,208.44265039232027,0.0,0.7001478255676439,3481363340.7307425,3481.3633407307425,0.6406589105916675,0.3533639306934216
S_Q1,27,B,SPI6,380,-0.02851245773507864,0.0,-0.530129289812702,0.7021519741560749,752939955.7201976,752.9399557201975,0.5360586330807271,0.3692318639484825
S_Q1,27,B,SPI6,381,-1.9613915182170558,0.0,-0.03959488255403865,0.7459158675675419,948912451.1417388,948.9124511417388,0.5653395951186538,0.3692318639484825
S_Q1,27,B,SPI6,382,0.0,332.09746816380994,-0.0008654663567851612,0.7,3753025950.0745816,3753.0259500745815,0.6666310883409828,0.34429145764400326
S_Q1,27,B,SPI6,383,-0.0009004063658266115,1971.2932527706846,-0.0021078088738071196,0.7000412154904919,5125039801.057761,5125.039801057761,0.8061692816736047,0.1585014409221902
S_Q1,27,B,SPI6,385,-0.3451981090917819,0.0,-0.7392852978683774,0.8750020284380302,260000554.6084694,260.0005546084694,0.47593126267477853,0.3692318639484825
S_Q1,27,B,SPI6,386,-0.45427738771239556,0.0,-0.07866708705997971,0.7320015058270085,977944133.5299493,977.9441335299493,0.5700715124346248,0.3692318639484825
S_Q1,27,B,SPI6,387,-0.27943081640408884,0.0,-0.38135112934331017,0.7002049619478636,864267265.5121164,864.2672655121164,0.5524602412210481,0.3692318639484825
S_Q1,27,B,SPI6,389,-2.014902680439726,0.0,-0.045666490219227966,0.7591823488450107,896102660.3501048,896.1026603501048,0.5577614117479631,0.3692318639484825
S_Q1,27,B,SPI6,391,0.0,779.3283366554031,-0.0008603087853904844,0.7000000463364611,4337062145.138308,4337.062145138308,0.7311345928060626,0.29732806774113213
S_Q1,27,B,SPI6,393,0.0,2033.345887297585,-0.0008661925542322627,0.7000466128166011,5154750543.02596,5154.75054302596,0.8083751378660119,0.15811007933966628
S_Q1,27,B,SPI6,395,-0.5857506625688389,497.2505167256959,0.0,0.7,4013767197.935574,4013.767197935574,0.6620770626534315,0.34774255523535064
S_Q1,27,B,SPI6,396,0.0,1043.3514805956852,-0.00041605002215288744,0.700041312859239,4566531131.250659,4566.531131250659,0.7572846621837976,0.2511474010033088
S_Q1,27,B,SPI6,398,0.0,485.97589435218777,-0.0007130639226426731,0.7000397050090135,3998694510.071609,3998.694510071609,0.6928523143700858,0.3318034653289215
S_Q1,27,B,SPI6,399,0.0,1158.5498772194644,0.0,0.7001595856429157,4652865064.520084,4652.865064520084,0.76621482193048,0.23168605685416446
S_Q1,27,B,SPI6,400,0.0,139.54423384926412,0.0,0.7000540715662454,3270577801.329344,3270.577801329344,0.627174725157434,0.3583804746148646
S_Q1,27,B,SPI6,401,-0.013857587678565375,0.0,-0.6354619661867213,0.7066753888772769,676076310.5079114,676.0763105079114,0.5253139787241612,0.3692318639484825
S_Q1,27,B,SPI6,403,0.0,1485.6026113669664,0.0,0.7012953025035958,4862192331.741143,4862.192331741143,0.7858184793823603,0.18002632796100618
S_Q1,27,B,SPI6,405,-1.9178487744419024,0.0,-0.32355251075310665,0.7090158224810896,875857263.8287882,875.8572638287882,0.5541324225281958,0.3692318639484825
S_Q1,27,B,SPI6,406,0.0,908.8506541882216,0.0,0.7000017487501823,4456588943.48888,4456.58894348888,0.744867826520084,0.27619454228484003
S_Q1,27,B,SPI6,407,-0.843798768223993,198.46095753058466,0.0,0.7,3454437474.852163,3454.4374748521627,0.6147578894937205,0.3634681751876756
S_Q1,27,B,SPI6,410,-2.530947519840698,0.0,-0.941040160323177,0.759337587399981,389780035.26826733,389.78003526826734,0.48977123136585177,0.3692318639484825
S_Q1,27,B,SPI6,412,-0.6229999748985988,408.3906387929783,0.0,0.7000412156290856,3883241177.5339527,3883.241177533953,0.649660226989718,0.3531860390650015
S_Q1,27,B,SPI6,413,-0.007002063464016772,0.0,-0.6280033583675457,0.7,695842833.1409125,695.8428331409125,0.5277688831963567,0.3692318639484825
S_Q1,27,B,SPI6,415,0.0,2080.984502981979,-0.0008048370428589708,0.7,5177048668.092254,5177.048668092254,0.8097271142420038,0.15811007933966628
S_Q1,27,B,SPI6,416,-0.30443933728569195,0.0,-0.5290111689978315,0.7198602002968524,708665896.8142881,708.6658968142881,0.5301170526915003,0.3692318639484825
S_Q1,27,B,SPI6,418,0.0,683.7553944719895,0.0,0.7,4240155854.1085153,4240.155854108515,0.7193937453303448,0.3107766748496815
S_Q1,27,B,SPI6,419,0.0,1128.887054028853,0.0,0.7005450229271097,4629788787.371303,4629.7887873713025,0.7640089657380722,0.23691607072971144
S_Q1,27,B,SPI6,421,0.0,1231.690998677878,0.0,0.7000412156290856,4704688084.827299,4704.6880848272995,0.7715515707830789,0.21798840146582707
S_Q1,27,B,SPI6,423,0.0,511.2544040139802,-5.1651663465835274e-05,0.7000000619204113,4033877111.3389163,4033.877111338916,0.6968370868466929,0.3290639342512542
S_Q1,27,B,SPI6,424,0.0,1574.4686056268786,0.0,0.7006793030278131,4916312886.5178,4916.3128865178005,0.7903725050699114,0.17120290319137585
S_Q1,27,B,SPI6,426,0.0,536.9917172791883,-0.0005122711230856954,0.7,4067422428.167652,4067.422428167652,0.6996833529014125,0.32675134308179465
S_Q1,27,B,SPI6,428,0.0,240.62718688819692,0.0,0.7002375849967029,3561608744.12913,3561.6087441291297,0.6468495392606824,0.35112249617533
S_Q1,27,B,SPI6,429,-1.6230470019077138e-05,225.07460065338609,0.0,0.7000609721093813,3524426607.635373,3524.4266076353733,0.644110008183015,0.3521186892944818
S_Q1,27,B,SPI6,431,0.0,741.1587012369987,0.0,0.7000849562504734,4299577076.938341,4299.577076938341,0.7264026754900915,0.303127334827623
S_Q1,27,B,SPI6,432,0.0,352.5259610853451,-0.0008243649996068597,0.7000000358530815,3790088883.1799073,3790.0888831799075,0.6701533425836982,0.3430106379193795
S_Q1,27,B,SPI6,433,-0.4856175421065246,309.29988809146454,-0.0010282876334262348,0.7000418260111569,3708774837.0987315,3708.7748370987315,0.6432205500409152,0.35532073860604113
S_Q1,27,B,SPI6,435,-0.0001138131318275358,0.0,-1.6437883031223364,0.7348260003692275,129413273.97233285,129.41327397233286,0.46401252357064066,0.3692318639484825
S_Q1,27,B,SPI6,437,0.0,81.72502051245935,0.0,0.7000000170547518,3018831205.229301,3018.831205229301,0.6140819013057245,0.36297007862809977
S_Q1,27,B,SPI6,438,0.0,989.5692444295044,-0.0005639908106817026,0.7000000000142729,4523857907.012359,4523.857907012359,0.7528729497989823,0.26139395880029886
S_Q1,27,B,SPI6,439,0.0,98.66814839119075,-0.00037727583872641107,0.7000021759149997,3103463250.533211,3103.463250533211,0.6181022521080157,0.3615469456007401
S_Q1,27,B,SPI6,440,-0.47344011014193227,0.0,-1.5315010581711417,0.7303993272317751,161490798.73072872,161.49079873072873,0.46714341623083205,0.3692318639484825
S_Q1,27,B,SPI6,441,0.0,967.3027141409234,-0.0007980781968408913,0.7,4505289679.83347,4505.2896798334705,0.7509517202120469,0.2653431529512221
S_Q1,27,B,SPI6,442,-0.6958690758972397,226.10778312620903,-0.0007495255488592168,0.700271411665511,3524927443.6405163,3524.9274436405162,0.622193759561675,0.3609776923897961
S_Q1,27,B,SPI6,443,0.0,385.6888837853754,-0.0004158229480491336,0.7000016858914283,3847166522.966024,3847.166522966024,0.6770555377663927,0.3398797452591882
S_Q1,27,B,SPI6,445,0.0,186.73335398806697,-0.00032705333723383797,0.700028000612417,3421485816.197769,3421.485816197769,0.6363539331839044,0.35468032874372935
S_Q1,27,B,SPI6,446,0.0,1612.6737924689864,-1.029212651744633e-05,0.7000003454692773,4940351556.622045,4940.351556622045,0.7924360479595831,0.16789411890276448
S_Q1,27,B,SPI6,447,-3.858465799263489e-06,314.92770800056957,0.0,0.7000016902283642,3721187252.000147,3721.187252000147,0.6630376774468993,0.34575016899704697
S_Q1,27,B,SPI6,448,0.0,943.7052301243818,-0.0005920607027321888,0.7,4485915952.400195,4485.915952400195,0.7490304906251112,0.27032411854698113
S_Q1,27,B,SPI6,449,-1.617287353114418e-05,51.51781272331095,0.0,0.7000202010573864,2825664559.621151,2825.664559621151,0.6076422243569217,0.3651403564948233
S_Q1,27,B,SPI6,450,0.0,642.23487196733,-0.00031359796309194516,0.7000001335522084,4194130438.51173,4194.13043851173,0.7142704664318499,0.31536627886291674
S_Q1,27,B,SPI6,451,-7.098072073513334e-08,1437.026356460209,-0.004654395033470839,0.7000445052944996,4834418452.499945,4834.418452499945,0.7828654783505888,0.18493613690539717
S_Q1,27,B,SPI6,452,-0.006853041949603754,0.0,-1.9179135983549174,0.7054674740301554,79861325.45854814,79.86132545854814,0.4597075461628776,0.3692318639484825
S_Q1,27,B,SPI6,456,-3.6915163504470403,0.0,-0.7365674835709941,0.7401160444301841,541788793.7892041,541.7887937892041,0.5072401892766926,0.3692318639484825
S_Q1,27,B,SPI6,458,-6.4336277433030824e-09,1696.9277300616475,-2.2707274821253426e-05,0.7000003730216382,4986553126.027757,4986.553126027757,0.7959938805279824,0.16362471982068527
S_Q1,27,B,SPI6,459,-0.48191190962309116,0.0,-1.4458431651456847,0.7360864694796393,182675708.2871418,182.6757082871418,0.46938485074892383,0.3692318639484825
S_Q1,27,B,SPI6,461,0.0,563.6942109113417,0.0,0.7000019585555003,4101662389.540975,4101.662389540975,0.7035969687266518,0.3237983420500231
S_Q1,27,B,SPI6,463,0.0,1514.7865308703265,0.0,0.7,4884415633.994047,4884.415633994047,0.787810865620664,0.17682427864944675
S_Q1,27,B,SPI6,466,-0.16089373497582837,0.0,-1.5194936369171683,0.7421746067028295,157924733.74880388,157.92473374880387,0.4668587896253602,0.3692318639484825
S_Q1,27,B,SPI6,470,-5.41824133156852e-06,990.4888003903106,0.0,0.7000120529287174,4525000306.043594,4525.000306043595,0.7529085281246664,0.26135838047461485
S_Q1,27,B,SPI6,473,0.0,1380.0164472935376,0.0,0.7,4802443105.400317,4802.443105400317,0.7803749955527093,0.19262105525313977
S_Q1,27,B,SPI6,474,-0.16159831171244488,0.0,-1.4515483387967731,0.7009966956847652,205680108.21738854,205.68010821738855,0.4713772369872274,0.3692318639484825
S_Q1,27,B,SPI6,475,-2.7716634081391116,0.0,-1.1839552717178976,0.7042832755745054,332514299.3220614,332.51429932206145,0.4829046145088412,0.3692318639484825
S_Q1,27,B,SPI6,476,-0.0006935684032831719,81.48998956328239,-1.3819656968525057e-05,0.7000038494501062,3017366810.884906,3017.3668108849056,0.6139040096773045,0.3630412352794678
S_Q1,27,B,SPI6,477,0.0,428.9853428248066,0.0,0.7000893999348629,3916192457.6000876,3916.1924576000874,0.6841356245775073,0.3362151777137368
S_Q1,27,B,SPI6,478,-2.934202162913077,0.0,-1.2116516120449532,0.7552783913236026,262979500.03812256,262.9795000381226,0.4763226242573024,0.3692318639484825
S_Q1,27,B,SPI6,480,-0.0001983242977591955,223.01802743930807,0.0,0.7000070551851383,3519480612.8450146,3519.4806128450145,0.6437186466004909,0.3521542676201658
S_Q1,27,B,SPI6,481,-2.8132122683341603,0.0,-0.14069833946541074,0.7006346191753775,1046820506.0704195,1046.8205060704195,0.5806026968370868,0.3692318639484825
S_Q1,27,B,SPI6,482,-0.32489922430773077,0.0,-1.871094650177443,0.7395223725146856,78006232.04042102,78.00623204042103,0.45967196783719366,0.3692318639484825
S_Q1,27,B,SPI6,483,-2.8050569636216967,0.0,-0.6612665835681364,0.7196712899110875,627871032.3951733,627.8710323951733,0.5185185185185185,0.3692318639484825
S_Q1,27,B,SPI6,484,0.0,468.5075773397658,0.0,0.7,3974904788.091638,3974.9047880916382,0.690255096595154,0.3334756466360693
S_Q1,27,B,SPI6,487,-1.290349308585532e-08,1358.1963414236725,-0.018336341621885847,0.70014433141843,4773801910.746428,4773.801910746428,0.776959476287046,0.19550289963354317
S_Q1,27,B,SPI6,488,0.0,1165.2221866762152,-0.00043091211709640406,0.7006123493687081,4655488932.413499,4655.488932413499,0.7663927135588999,0.23054755043227665
S_Q1,27,B,SPI6,489,-0.0001415334311193889,1077.0436348680632,-0.0006797705596783054,0.7000001822471386,4592420666.801726,4592.420666801726,0.7599530366100972,0.24566833884797387
S_Q1,27,B,SPI6,491,0.0,853.7272876237989,0.0,0.7011722627986774,4403227140.1060295,4403.22714010603,0.7391397160849612,0.2852670153342584
S_Q1,27,B,SPI6,494,-0.2706866448355762,0.0,-0.08791326120495946,0.7015898010771777,1081589879.8208532,1081.5898798208532,0.5866865905290498,0.3692318639484825
S_Q1,27,B,SPI6,495,-9.576242120791452e-07,185.94124405917995,-8.438493067858776e-07,0.7000151112389646,3419695988.490606,3419.695988490606,0.6363539331839043,0.35475148539509727
S_Q1,27,B,SPI6,496,-7.312240651307381e-06,297.00145177596266,0.0,0.7000140665223372,3685684276.8209715,3685.6842768209713,0.6585903867364002,0.34731561532714267
S_Q1,27,B,SPI6,497,-4.0,0.0,-0.9035805987609443,0.7012006369085872,505453909.8894387,505.4539098894387,0.5028284768918775,0.3692318639484825
S_Q1,27,B,SPI6,498,-2.8041856841446995,0.0,-0.43201033971686953,0.7113058430058868,799153350.602754,799.153350602754,0.5437791297541537,0.3692318639484825
S_Q1,27,B,SPI6,499,-1.3613912032716544,0.0,-0.16724475729010457,0.7002239248521562,1029005270.6041473,1029.0052706041474,0.5779699007364713,0.3692318639484825
S_Q1,27,B,SPI6,501,-0.0004592561605751852,0.0,-0.920997315708866,0.7381132257342539,435224213.69186133,435.22421369186134,0.4943608353790869,0.3692318639484825
S_Q1,27,B,SPI6,503,0.0,1121.7559302647085,-0.00019999854831127817,0.7000163522728137,4626279398.093697,4626.279398093697,0.7637243391326003,0.23787668552317928
S_Q1,27,B,SPI6,504,-7.312240651307381e-06,639.7761016599434,0.0,0.7000190691926422,4191659449.6627026,4191.659449662702,0.7139858398263779,0.3157220621197566
S_Q1,27,B,SPI6,505,0.0,448.2211464764749,0.0,0.7000221652477445,3945330742.344453,3945.330742344453,0.6871597822606469,0.334934357989113
S_Q1,27,B,SPI6,509,-0.7180118483585693,0.0,-0.38318615318188376,0.701159126396756,859789858.6875433,859.7898586875433,0.5517486747073682,0.3692318639484825
S_Q1,27,B,SPI6,510,-1.5528512609983564e-06,65.96567614253553,-4.4322071325595505e-09,0.7001038810815535,2926165027.044463,2926.165027044463,0.6108798519941651,0.36393069342156764
S_Q1,27,B,SPI6,511,-0.859873294685024,204.31536355569958,0.0,0.7002065214755043,3469527581.503199,3469.527581503199,0.6148290461450885,0.3634681751876756
S_Q1,27,B,SPI6,513,-0.04135942596801151,0.0,-0.7723683839809665,0.7387465516151748,521127119.205685,521.1271192056851,0.5051054897356531,0.3692318639484825
S_Q1,27,B,SPI6,514,-2.964262865066166,0.0,-1.2644443404096266,0.7084713737939821,283777025.4083836,283.7770254083836,0.47799480556445023,0.3692318639484825
S_Q1,27,B,SPI6,515,0.0,1610.181254801877,-0.003592372355571554,0.7,4937091289.672796,4937.091289672796,0.7920802647027432,0.16800085387981642
S_Q1,27,B,SPI6,516,-0.000451019254747804,1662.4613657394948,-1.505329565683258e-08,0.7000148068476211,4968043237.638874,4968.043237638874,0.7947486391290425,0.16483438289394103
S_Q1,27,B,SPI6,517,0.0,710.8473547573587,0.0,0.7000217462805538,4268730468.1841774,4268.730468184177,0.72309389120148,0.3069697940014943
S_Q1,27,B,SPI6,518,-0.002752622079047386,171.50946238374476,-3.3662079145446724e-05,0.7001554487323088,3376012321.2001505,3376.0123212001504,0.6336144021062369,0.35596114846835314
S_Q1,27,B,SPI6,520,-0.00713366770217716,0.0,-0.6090957838583269,0.7010355633379493,703916473.7955916,703.9164737955916,0.5292631728750844,0.3692318639484825
S_Q1,27,B,SPI6,521,0.0,352.36525025842536,0.0,0.7000048360782336,3790481656.77847,3790.48165677847,0.67026007756075,0.3430106379193795
S_Q1,27,B,SPI6,522,-7.548416220895788e-06,1302.8722042433817,-0.0010381258763076993,0.7001525035395509,4751416365.456063,4751.416365456063,0.77574981321379,0.2043619027288576
S_Q1,27,B,SPI6,524,-2.8050569636216967,0.0,-0.6612665835681364,0.7400783783256891,582173691.4057726,582.1736914057726,0.5123634681751876,0.3692318639484825
S_Q1,27,B,SPI6,525,-0.03262423201862319,0.0,-0.03565322106642433,0.7468788390267376,947213958.2825652,947.2139582825653,0.5650549685131818,0.3692318639484825
S_Q1,27,B,SPI6,526,0.0,963.6301541016352,-1.832502644146356e-06,0.7002937024713668,4501817984.932466,4501.817984932465,0.750773828583627,0.26609029779058596
S_Q1,27,B,SPI6,529,-2.776409101839303e-07,0.0,-0.036667189241403456,0.700061471636241,1121863532.9686565,1121.8635329686565,0.5916319777991248,0.3692318639484825
S_Q1,27,B,SPI6,530,-0.0009186056455483729,1802.4804040938934,-0.0006356729482725407,0.7000413499143325,5041772477.969326,5041.772477969326,0.7998363397018537,0.16063614046322977
S_Q1,27,B,SPI6,531,-7.312240651307381e-06,101.01577417363035,0.0,0.7001371785034344,3114283347.267673,3114.283347267673,0.6187426619703277,0.36129789732095213
S_Q1,27,B,SPI6,532,-0.00011196420525605303,332.38261571814735,-3.3090912468693916e-05,0.7001615514896765,3753453085.220106,3753.453085220106,0.6667022449923509,0.3442558793183193
S_Q1,27,B,SPI6,533,-3.865911179318008,0.0,-1.5361982831752263,0.7004376281039344,177458765.8584144,177.4587658584144,0.46863770590955994,0.3692318639484825
S_Q1,27,B,SPI6,534,0.0,0.0,-0.007103570490907957,0.7008744482245156,1140265385.2491732,1140.2653852491733,0.5944426655281602,0.3692318639484825
S_Q1,27,B,SPI6,536,-8.853728428461627e-05,768.7660058893566,-0.0006245320406202473,0.7000970291096192,4326608906.834483,4326.608906834483,0.7296758814530188,0.2987156224428078
S_Q1,27,B,SPI6,537,-0.0020180291388671202,316.93590563938096,-3.07275868646879e-05,0.7000079045299854,3724872796.7028866,3724.8727967028867,0.6633578823780553,0.34546554239157495
S_Q1,27,B,SPI6,538,-0.00017379857201297477,1698.2393378291795,0.0,0.7000030505975233,4987425342.23462,4987.42534223462,0.7961006155050343,0.16358914149500128
S_Q1,27,B,SPI6,539,-0.0001983242977591955,934.9983295682389,-4.4121626833099294e-07,0.7000070551851383,4478971208.86172,4478.97120886172,0.7479275625289072,0.2717116732486569
S_Q1,27,B,SPI6,541,-2.841198146659937e-07,280.61173882095034,-0.00012171420847496102,0.7000340556588291,3651591909.2763405,3651.5919092763406,0.6553883374248407,0.3485252784003985
S_Q1,27,B,SPI6,542,-0.0002383655183603292,1044.1680945131254,0.0,0.7003553601327402,4566400332.267749,4566.400332267749,0.7572490838581136,0.2510406660262568
S_Q1,27,B,SPI6,543,-0.00018667346095048074,1749.047646237837,-0.00015609811507109037,0.700000899531484,5014298441.402784,5014.298441402784,0.7978439534635503,0.16198811683922157
S_Q1,27,B,SPI6,545,-0.00014570175857030057,20.50412400656205,-4.219368371837274e-10,0.7000060807733123,2497914910.3951364,2497.9149103951363,0.600170775963283,0.36734621268723094
S_Q1,27,B,SPI6,546,0.0,1854.195362248969,-0.003065772400807242,0.700052392254041,5066699564.670876,5066.699564670876,0.8021845091969972,0.15949763404134196
S_Q1,27,B,SPI6,547,-0.011531892737946858,0.0,-0.7497063766799767,0.7000221628795124,615872751.0237197,615.8727510237196,0.5174511687479987,0.3692318639484825
S_Q1,27,B,SPI6,548,-0.0017742596949021638,0.0,-0.043816241520579835,0.739909203985879,968737272.1202393,968.7372721202393,0.5678656562422172,0.3692318639484825
S_Q1,27,B,SPI6,549,-1.1452957997680609e-08,589.3870067112343,-0.0005956517932780622,0.7000631232795825,4132365253.6653666,4132.365253665366,0.707083644643683,0.3209876543209877
S_Q1,27,B,SPI6,552,-4.0,0.0,-1.9816364091778258,0.7592021726675336,56736997.22086247,56.73699722086247,0.4580353648557299,0.3692318639484825
S_Q1,27,B,SPI6,554,-1.1452957997680609e-08,1009.4352014850441,-0.0005956517932780622,0.7000631232795825,4539651526.481636,4539.651526481636,0.7544028178033941,0.2572312946952716
S_Q1,27,B,SPI6,555,-0.00014570175857030057,1199.2673458762624,-4.219368371837274e-10,0.7002864611111616,4681285122.478987,4681.2851224789865,0.7689543530081475,0.2237165119009499
S_Q1,27,B,SPI6,557,-1.3585446247268806,258.33643301120765,-1.9499477972443049e-07,0.7000120570884686,3602343403.5009923,3602.3434035009923,0.6068950795175577,0.366848116127655
S_Q1,27,B,SPI6,558,-1.5235413989351717e-05,6.714146149927174,-4.008070029701763e-06,0.7000127903292346,2185349292.607617,2185.349292607617,0.5972177749315116,0.3686270324118547
S_Q1,27,B,SPI6,559,-0.0030609551854107048,0.0,-0.5740162121254052,0.7000506169573668,731372565.1975172,731.3725651975171,0.5332479453516916,0.3692318639484825
S_Q1,27,B,SPI6,560,-3.612549805977051,0.0,-0.6599691244505712,0.7570237335418653,545118163.3467122,545.1181633467122,0.5082719607215285,0.3692318639484825
S_Q1,27,B,SPI6,561,0.0,247.70106331029478,-0.003592372355571554,0.7000019226714521,3577103306.5568585,3577.1033065568586,0.6484149855907781,0.3505888212900701
S_Q1,27,B,SPI6,562,-0.057576674204475875,0.0,-0.06576966768806503,0.7459161858800926,934624050.6602907,934.6240506602907,0.5634183655317182,0.3692318639484825
S_Q1,27,B,SPI6,563,-1.4754589250166992e-08,389.8362857037473,-1.7194654121933782e-06,0.7000676612709205,3854211546.0108805,3854.2115460108803,0.6778382609314405,0.33941722702529625
S_Q1,27,B,SPI6,565,-4.0,0.0,-0.9181802546855397,0.7256746990942285,456929061.9091381,456.92906190913806,0.49695805315401853,0.3692318639484825
S_Q1,27,B,SPI6,569,-0.00011145601856698336,820.1314307706903,-3.43409341280168e-07,0.7000281851431261,4376632551.544672,4376.632551544672,0.7354751485395098,0.29081723414096133
S_Q1,27,B,SPI6,570,-0.00014570175857030057,119.66870835028101,-3.2650115048214344e-05,0.7002899075055556,3193830338.291837,3193.830338291837,0.6223360728644111,0.35983918596790837
S_Q1,27,B,SPI6,571,-4.7276650126579754e-07,796.9612743236694,-9.050362304182074e-07,0.700000899531484,4354790286.324556,4354.790286324556,0.7331625573700501,0.29465969331483255
S_Q1,27,B,SPI6,572,-0.00019900717055469576,1278.1425403331648,-3.276118797554082e-08,0.7011316199718975,4732023309.629033,4732.023309629033,0.7741843668836944,0.20934286832461665
S_Q1,27,B,SPI6,575,0.0,136.30406817800926,0.0,0.7,3259032803.7550206,3259.0328037550207,0.6266054719464903,0.3586651012203365
S_Q1,27,B,SPI6,576,0.0,373.90112028780885,0.0,0.7,3827877088.3038664,3827.8770883038665,0.6747429465969331,0.34076920340128797
S_Q1,27,B,SPI6,577,-3.8296668422919047,0.0,-0.17924747468027835,0.7066981990164429,999136031.1925216,999.1360311925216,0.5731668267691321,0.3692318639484825
S_Q1,27,B,SPI6,578,0.0,740.2167823492123,0.0,0.7,4298952751.283057,4298.952751283057,0.7262959405130395,0.3033052264560429
S_Q1,27,B,SPI6,579,0.0,1913.0905280816678,0.0,0.7,5097951910.309376,5097.951910309376,0.8046038353435088,0.15882164585334613
S_Q1,27,B,SPI6,580,-0.742300605450482,0.0,-1.7183028761571384,0.8049457907513199,82301461.39055088,82.30146139055088,0.46041911267655744,0.3692318639484825
S_Q1,27,B,SPI6,581,0.0,1235.6232050451551,0.0,0.7,4707524842.794903,4707.524842794903,0.7716583057601311,0.21713452164941116
S_Q1,27,B,SPI6,584,-0.7721810279457297,0.0,-1.8397070586878153,0.8201865030357222,58258882.10946178,58.25888210946178,0.4582132564841499,0.3692318639484825
S_Q1,27,B,SPI6,585,-4.0,0.0,-0.2813268643795179,0.7,936380225.2749621,936.3802252749621,0.56352510050877,0.3692318639484825
S_Q1,27,B,SPI6,586,0.0,640.3609955429736,0.0,0.7,4192393086.6724663,4192.393086672466,0.714056996477746,0.3156153271427047
S_Q1,27,B,SPI6,587,-0.07239535931819709,0.0,-0.1431443676863733,0.7,1047250539.3742373,1047.2505393742374,0.5809229017682428,0.3692318639484825
S_Q1,27,B,SPI6,588,0.0,1470.7827602126551,0.0,0.7,4858333308.4958725,4858.333308495872,0.7852848044971004,0.18176966591952184
S_Q1,27,B,SPI6,589,0.0,97.96884538079975,0.0,0.7,3100633438.0565486,3100.6334380565486,0.6180310954566478,0.36158252392642404
S_Q1,27,B,SPI6,594,0.0,1081.7623700172708,0.0,0.7005742513394186,4594505918.417088,4594.505918417088,0.7601309282385169,0.24474330238019
S_Q1,27,B,SPI6,597,-0.0031195914637586726,591.0940434762962,0.0,0.7,4135091807.207268,4135.091807207268,0.7075105845518911,0.3209520759953037
S_Q1,27,B,SPI6,600,0.0,1203.1410347544906,0.0,0.7001038417301543,4684661914.081953,4684.661914081953,0.7691678229622515,0.2228626320845341
S_Q1,27,B,SPI6,601,-2.9840026589495294,0.0,-0.4102173762850045,0.7137662035688759,807490074.6044,807.4900746044001,0.5445618529192018,0.3692318639484825
S_Q1,27,B,SPI6,602,0.0,427.9275794934031,0.0,0.7,3914917966.139142,3914.917966139142,0.6839933112747715,0.33635749101647283
S_Q1,27,B,SPI6,603,0.0,798.6635501900025,0.0,0.7,4356417291.526525,4356.417291526524,0.733411605649838,0.2943394883836767
S_Q1,27,B,SPI6,607,0.0,713.7788727412087,0.0,0.7002742055440249,4270806763.732836,4270.806763732836,0.723485252784004,0.3066851673960223
S_Q1,27,B,SPI6,608,-4.0,0.0,-0.3857199596018708,0.7,861819788.5924996,861.8197885924997,0.5520333013128402,0.3692318639484825
S_Q1,27,B,SPI6,609,0.0,536.3565059735474,0.0,0.7,4067050802.3124733,4067.0508023124735,0.6996477745757284,0.3267869214074786
S_Q1,27,B,SPI6,610,-4.0,0.0,-0.35871958922662517,0.7,878088386.1587688,878.0883861587688,0.5547728323905077,0.3692318639484825
S_Q1,27,B,SPI6,613,0.0,333.1139646705197,0.0,0.7,3755605465.2701726,3755.6054652701728,0.6670580282491909,0.3441491443412673
S_Q1,27,B,SPI6,615,0.0,1617.1286358629513,0.0,0.7,4943017821.024718,4943.017821024719,0.792613939588003,0.1675383356459245
S_Q1,27,B,SPI6,616,0.0,167.96772458876285,0.0,0.7,3365827122.276194,3365.827122276194,0.633116305546661,0.3561034617710891
S_Q1,27,B,SPI6,618,-3.900628088138931,0.0,0.0,0.7374972417203247,1005480077.8122573,1005.4800778122573,0.5732379834205003,0.3692318639484825
S_Q1,27,B,SPI6,619,-0.006826489224042165,0.0,-0.6567709669586083,0.7003754925620659,674136840.1083001,674.1368401083001,0.5247091471875333,0.3692318639484825
S_Q1,27,B,SPI6,620,0.0,36.455700509837925,0.0,0.7,2694261900.234177,2694.261900234177,0.6041911267655746,0.3661721279396591
S_Q1,27,B,SPI6,621,-3.9721702583075955,0.0,-0.041115804296724956,0.7605025217698135,893315568.8097862,893.3155688097862,0.5570142669085992,0.3692318639484825
S_Q1,27,B,SPI6,622,0.0,990.8603319032254,-0.0004946111089995323,0.7,4524904027.33839,4524.904027338391,0.7529085281246664,0.2612872238232469
S_Q1,27,B,SPI6,623,-0.6827593936295411,0.0,-0.7945216222828724,0.7351608831263058,514053829.94093513,514.0538299409351,0.504287188244921,0.3692318639484825
S_Q1,27,B,SPI6,624,0.0,0.0,-1.211080956597288,0.7540587762751212,264923103.7144823,264.9231037144823,0.4764293592343544,0.3692318639484825
S_Q1,27,B,SPI6,626,0.0,612.3211486664962,0.0,0.7,4160210897.620859,4160.210897620859,0.7106414772120823,0.318746219802896
S_Q1,27,B,SPI6,628,-2.683380568858721e-05,51.51552453609611,-0.00025169647653756433,0.7000533633907324,2825132449.604493,2825.132449604493,0.6075354893798697,0.3651403564948233
S_Q1,27,B,SPI6,629,-0.08907407163070868,0.0,-1.5848405258260612,0.7000997808462265,164002254.65836275,164.00225465836274,0.4672501512078841,0.3692318639484825
S_Q1,27,B,SPI6,631,0.0,20.201735870148873,0.0,0.7,2493214786.1236553,2493.2147861236554,0.6000996193119151,0.36734621268723094
S_Q1,27,B,SPI6,632,-0.00011291611134550865,1698.3156507717156,0.0,0.7002070088987041,4986680526.802349,4986.680526802349,0.7960294588536664,0.16358914149500128
S_Q1,27,B,SPI6,633,0.0,1044.2952088689542,-0.0003325997384410603,0.7,4567441200.591775,4567.441200591775,0.7574269754865336,0.2509339310492048
S_Q1,27,B,SPI6,634,0.0,1568.018999106255,-0.0008785996975896881,0.7,4914559365.772224,4914.559365772225,0.7901946134414913,0.17187889137937168
S_Q1,27,B,SPI6,635,0.0,280.71514124275586,0.0,0.7,3652118442.618689,3652.118442618689,0.6556373857046287,0.3485252784003985
S_Q1,27,B,SPI6,636,0.0,154.65572919512027,0.0,0.7,3322979028.409977,3322.9790284099768,0.6300565695378375,0.3572063898672929
S_Q1,27,B,SPI6,637,0.0,405.7236575981097,0.0,0.700002470414844,3880173970.698885,3880.173970698885,0.680257587077952,0.3381719856263565
S_Q1,27,B,SPI6,638,0.0,1265.910329975518,0.0,0.7,4728108784.805477,4728.108784805477,0.7736506919984345,0.2115843028427082
S_Q1,27,B,SPI6,639,-3.3656750877362085,0.0,-0.529137626759472,0.7019826320565863,753560806.355268,753.560806355268,0.536200946383463,0.3692318639484825
S_Q1,27,B,SPI6,640,-0.0001283915376666205,913.5868269264029,0.0,0.7015556102223135,4454716902.18053,4454.716902180529,0.7448322481943999,0.2754473974454762
S_Q1,27,B,SPI6,642,0.0,565.5861872633886,0.0,0.7,4104014686.7227507,4104.01468672275,0.7040239086348598,0.3236204504216031
S_Q1,27,B,SPI6,643,-3.8296668422919047,0.0,-0.7991284944115038,0.7066981990164429,567039088.5883647,567.0390885883647,0.5113672750560357,0.3692318639484825
S_Q1,27,B,SPI6,644,0.0,1657.5771826686284,0.0,0.7,4965419168.82521,4965.419168825209,0.7945351691749387,0.165047852848045
S_Q1,27,B,SPI6,645,0.0,1526.4095179332442,0.0,0.7,4891228890.29705,4891.22889029705,0.7884868538086598,0.175685772227559
S_Q1,27,B,SPI6,646,-2.643216852225497,0.0,-0.07671069302897182,0.7379810170595329,956664488.27114,956.6644882711399,0.5666204148432774,0.3692318639484825
S_Q1,27,B,SPI6,647,0.0,82.35575512684089,0.0,0.7,3022230367.707314,3022.230367707314,0.6142242146084606,0.3628277653253638
S_Q1,27,B,SPI6,649,-3.9789466213499134,0.0,-0.7708968602013604,0.7,599038556.9297384,599.0385569297384,0.5152453125555913,0.3692318639484825
S_Q1,27,B,SPI6,650,0.0,1430.1942174827363,0.0,0.7000909789327319,4833295885.649874,4833.2958856498735,0.7827943216992208,0.186074643327285
S_Q1,27,B,SPI6,651,0.0,1165.966442405044,0.0,0.700000113905803,4658815636.238939,4658.815636238939,0.766784075141424,0.2304052371295407
S_Q1,27,B,SPI6,652,-1.9467703388501747,0.0,-0.7348744338506302,0.706813457838057,611997899.8437765,611.9978998437765,0.5165261322802149,0.3692318639484825
S_Q1,27,B,SPI6,653,0.0,827.9607231321252,0.0,0.7,4384037616.57657,4384.037616576569,0.7362578717045575,0.2893229444622336
S_Q1,27,B,SPI6,655,0.0,314.8951114272799,-0.0005670833878478317,0.7,3720686465.7525973,3720.6864657525975,0.6629309424698474,0.34575016899704697
S_Q1,27,B,SPI6,656,0.0,1806.2865445351672,-0.006159099193660441,0.7,5040184494.179099,5040.184494179099,0.7996228697477499,0.1605294054861778
S_Q1,27,B,SPI6,657,-0.0002044621024688809,261.022903005381,-0.00251574408846017,0.7000384450591063,3607857985.7118044,3607.8579857118043,0.6510477816913935,0.34991283310207427
S_Q1,27,B,SPI6,660,-4.0,0.0,-0.5688194903938144,0.7,734804569.7732208,734.8045697732208,0.5336393069342157,0.3692318639484825
S_Q1,27,B,SPI6,661,0.0,120.29007263161867,0.0,0.7,3197626469.0969086,3197.6264690969087,0.622620699469883,0.3596968726651725
S_Q1,27,B,SPI6,662,0.0,240.47948855979172,0.0,0.7,3562171457.341033,3562.171457341033,0.6470630092147864,0.35112249617533
S_Q1,27,B,SPI6,663,-0.0007756192109245741,1346.2847633425042,-0.0029545836192049354,0.7,4779250606.659493,4779.250606659493,0.7780268260575658,0.19745970754616288
S_Q1,27,B,SPI6,664,0.0,355.3532277120797,-0.0009799940812626959,0.7,3795089608.8566704,3795.0896088566706,0.670509125840538,0.34276158963959164
S_Q1,27,B,SPI6,665,0.0,222.71797948450566,0.0,0.7,3518752923.3239384,3518.7529233239384,0.6436830682748069,0.3521898459458498
S_Q1,27,B,SPI6,666,-3.942314371388713,0.0,-0.7483777786653606,0.7646345323576045,484148162.851681,484.148162851681,0.5003379940939979,0.3692318639484825
S_Q1,27,B,SPI6,667,-0.0007756192109245741,1307.634690334995,-0.00301283738636076,0.7,4754140723.282836,4754.140723282836,0.77610559647063,0.20350802291244177
S_Q1,27,B,SPI6,668,0.0,0.0,-0.42538815440930583,0.7000027101134745,834597338.2712617,834.5973382712617,0.548653360372861,0.3692318639484825
S_Q1,27,B,SPI6,669,-3.765545457834959,0.0,-0.03472337753274727,0.7,1123082019.2180836,1123.0820192180836,0.5919166044045967,0.3692318639484825
S_Q1,27,B,SPI6,670,-0.097983060748568,286.16648930931046,-0.0006136667766386897,0.7,3663053957.800533,3663.0539578005328,0.6548546625395809,0.34977051979933826
S_Q1,27,B,SPI6,671,0.0,206.32784138580968,-0.00067753841559327,0.7000032045323393,3475603405.9674835,3475.6034059674835,0.6400896573807237,0.3534706656704736
S_Q1,27,B,SPI6,672,0.0,69.74831937356305,-7.133668334159457e-05,0.7,2949939291.830647,2949.939291830647,0.611484683530793,0.3636816451417797
S_Q1,27,B,SPI6,673,-4.0,0.0,-0.5615351326083418,0.7200589508451697,688599726.2226454,688.5997262226454,0.5271996299854129,0.3692318639484825
S_Q1,27,B,SPI6,674,0.0,932.2469765098797,0.0,0.700083328975904,4476342829.109818,4476.342829109818,0.7474294659693315,0.2720674565054969
S_Q1,27,B,SPI6,675,0.0,451.98242351480053,0.0,0.7,3950950007.60983,3950.9500076098298,0.6876934571459069,0.33472088803500905
S_Q1,27,B,SPI6,676,-4.0,0.0,-0.05727976825690494,0.700047711393395,1108793465.3450713,1108.7934653450714,0.5898530615149251,0.3692318639484825
S_Q1,27,B,SPI6,678,-0.0010139865546509585,0.0,-0.9547081135573583,0.7000102644533498,478939231.30685425,478.93923130685425,0.4993062226491621,0.3692318639484825
S_Q1,27,B,SPI6,679,0.0,483.78202681140755,0.0,0.7,3996486288.5950418,3996.486288595042,0.6927811577187177,0.3320525136087095
S_Q1,27,B,SPI6,680,-0.41971785879100765,75.14386563427843,0.0,0.7002603141805428,2981024514.143722,2981.024514143722,0.6080691642651298,0.3652470914718753
S_Q1,27,B,SPI6,682,-0.17735254251268562,0.0,-1.5308159095366132,0.7000997808462265,179625120.08054194,179.62512008054193,0.46888675418934794,0.3692318639484825
S_Q1,27,B,SPI6,683,-0.07239535931819709,0.0,-0.7158802758706453,0.7,638365832.9678075,638.3658329678075,0.5202262781513503,0.3692318639484825
S_Q1,27,B,SPI6,685,-0.6827593936295411,0.0,-1.1493181365424112,0.7351608831263058,314820901.581527,314.820901581527,0.4804852883623296,0.3692318639484825
S_Q1,27,B,SPI6,686,0.0,659.9660354107539,0.0,0.7,4214270355.637128,4214.270355637128,0.7161916960187854,0.3135162059273491
S_Q1,27,B,SPI6,687,-3.645540970240637,0.0,-0.924773847711886,0.7956325850439333,337825456.8171939,337.8254568171939,0.48486142242146096,0.3692318639484825
S_Q1,27,B,SPI6,688,-1.363890735638643e-05,871.7260037979277,-7.835712761236425e-05,0.7000564545078776,4423533339.04789,4423.53333904789,0.7416301988828405,0.28263421923364296
S_Q1,27,B,SPI6,689,-1.634661153140256,0.0,-0.46191861397925715,0.7119948104294247,777288395.4286695,777.2883954286694,0.5408617070480661,0.3692318639484825
S_Q1,27,B,SPI6,692,0.0,1076.4805955987197,0.0,0.7,4592692174.705488,4592.6921747054885,0.7599530366100972,0.24581065215070977
S_Q1,27,B,SPI6,694,-2.9703139557899707,0.0,-0.9001788722584441,0.7464303539813021,430796604.9434937,430.7966049434937,0.494005052122247,0.3692318639484825
S_Q1,27,B,SPI6,695,0.0,188.67688215954357,0.0,0.7000000105469584,3427610932.629881,3427.610932629881,0.6369231863948484,0.3544312804639414
S_Q1,27,B,SPI6,697,-2.927023741774855,0.0,-0.1718240144522007,0.7382287299936435,895243445.1940488,895.2434451940487,0.5572988935140712,0.3692318639484825
S_Q1,27,B,SPI6,699,-0.5279940221371369,0.0,-1.382701649396446,0.70307293656686,231870796.48868614,231.87079648868615,0.4737965631337389,0.3692318639484825
S_Q1,27,B,SPI6,700,-0.9511804270380286,0.0,-0.04803126186320821,0.712471471832558,1068589332.0768441,1068.5893320768441,0.5838047461486463,0.3692318639484825
S_Q1,27,B,SPI6,702,-2.2306240755747193e-08,932.5382838538769,-0.0002793159147735885,0.7000535381473711,4476317828.9052925,4476.317828905292,0.7474650442950155,0.2720318781798129
S_Q1,27,B,SPI6,703,-0.33866178065972896,0.0,-0.3974595266388401,0.7017768168200038,849837952.4487281,849.8379524487281,0.5504322766570605,0.3692318639484825
S_Q1,27,B,SPI6,705,-3.313516182523281,0.0,-0.6797225783509281,0.7134072643841058,631264905.3263001,631.2649053263001,0.5191589283808304,0.3692318639484825
S_Q1,27,B,SPI6,707,-0.7278439646681167,228.79727829249848,-1.0064133568158992e-07,0.7000288142885154,3533185922.0486655,3533.1859220486654,0.621304301419575,0.361582523926424
S_Q1,27,B,SPI6,708,-2.6131513757331857,0.0,-1.4251724417746359,0.7189527814263849,200771890.01436532,200.7718900143653,0.47087914042765144,0.3692318639484825
S_Q1,27,B,SPI6,709,0.0,1347.815197099922,-0.004571106078963782,0.7000502960956339,4778517802.444148,4778.517802444148,0.7780268260575658,0.19703276763795494
S_Q1,27,B,SPI6,710,-0.049554923302221665,0.0,-0.08426864251816257,0.74719851881977,918238102.0734491,918.2381020734491,0.5614259792934144,0.3692318639484825
S_Q1,27,B,SPI6,711,-0.27621601222542913,0.0,-0.9265121006906036,0.7229216708225233,457157949.0220052,457.1579490220052,0.49713594478243855,0.3692318639484825
S_Q1,27,B,SPI6,712,-0.6219280646969991,99.87579980493794,-0.000462288511679436,0.7005868857811429,3106680903.6840596,3106.6809036840596,0.6081047425908138,0.36528266979755925
S_Q1,27,B,SPI6,713,0.0,448.55039419608045,-0.0003223212474714359,0.7000510348325084,3945261892.012714,3945.261892012714,0.687053047283595,0.33489877966342896
S_Q1,27,B,SPI6,715,0.0,1572.2212169135855,0.0,0.7000084737575661,4917613759.819285,4917.613759819285,0.7904080833955953,0.1714163731454798
S_Q1,27,B,SPI6,716,0.0,1650.2005704778362,-0.0011113653148175518,0.7000000212149474,4960587454.243143,4960.587454243143,0.7943216992208347,0.16533247945351692
S_Q1,27,B,SPI6,717,0.0,611.346102007597,-2.820804760118249e-06,0.7000047066463774,4159053920.656786,4159.0539206567855,0.7104635855836624,0.318746219802896
S_Q1,27,B,SPI6,718,0.0,1158.7075591885607,-0.0012448371330094216,0.7,4652802025.284093,4652.802025284092,0.7661792436047961,0.23168605685416446
S_Q1,27,B,SPI6,721,-0.9687648256910255,0.0,-0.6067864715367772,0.7079209915868724,688914747.0171387,688.9147470171387,0.5275909915679369,0.3692318639484825
S_Q1,27,B,SPI6,724,-0.0015357963949776642,484.2329885857227,0.0,0.700000000011859,3997115495.715348,3997.1154957153476,0.6928167360444019,0.33198135695734154
S_Q1,27,B,SPI6,727,-0.5685287532695988,144.97529961395568,-2.593085847459216e-05,0.7000000118880924,3289575710.745641,3289.575710745641,0.6156473476358202,0.3630056569537838
S_Q1,27,B,SPI6,729,0.0,152.79724499678522,-0.00023036084400035478,0.7001215494629168,3316048525.904832,3316.048525904832,0.6294517380012097,0.35734870317002887
S_Q1,27,B,SPI6,730,-0.003447618361653408,0.0,-0.7596163865161317,0.706022033913871,597573801.0753924,597.5738010753923,0.5152097342299071,0.3692318639484825
S_Q1,27,B,SPI6,731,-3.8033652515744596e-06,258.0191053799111,-9.868081611981124e-07,0.7000039057411208,3602675769.475781,3602.675769475781,0.6505496851318178,0.35016188138186227
S_Q1,27,B,SPI6,732,-3.926652147519182e-05,1377.7007521984674,-2.1839269197803133e-05,0.7000001129294681,4800805079.542684,4800.805079542683,0.7802682605756572,0.1929056818586117
S_Q1,27,B,SPI6,734,0.0,1238.718447853336,-0.0002264091773697659,0.7000256650881675,4709300689.969759,4709.300689969759,0.771693884085815,0.2165652684384673
S_Q1,27,B,SPI6,735,-3.603264716664124,0.0,-0.4125365165241798,0.7120558760280252,809852327.3196825,809.8523273196824,0.5449887928274095,0.3692318639484825
S_Q1,27,B,SPI6,736,-0.056161420213877045,0.0,-0.05171386329816363,0.7431099372423419,952842434.7735245,952.8424347735245,0.5660511616323336,0.3692318639484825
S_Q1,27,B,SPI6,737,-0.000856735902337374,1756.4800600602482,-0.006706164145744582,0.7000066016938438,5013134529.989363,5013.134529989363,0.7979506884406021,0.16188138186216958
S_Q1,27,B,SPI6,739,-5.569108057636685e-05,510.42616711525636,0.0,0.7000096440444185,4032908057.4226193,4032.9080574226195,0.6967303518696409,0.3291350909026221
S_Q1,27,B,SPI6,740,-0.04370376441714924,0.0,-0.03453376273619067,0.7368164300572971,985436662.5285108,985.4366625285109,0.5704984523428328,0.3692318639484825
S_Q1,27,B,SPI6,744,0.0,960.7639180769984,0.0,0.7001470682286575,4499985605.743819,4499.985605743819,0.7503468886754189,0.26669512932721384
S_Q1,27,B,SPI6,745,-9.684384965588925e-07,1697.1340922028705,-0.0032366901238354766,0.7000022118400743,4984847331.6861,4984.8473316861,0.7958515672252465,0.16362471982068527
S_Q1,27,B,SPI6,746,-0.010996311030731065,0.0,-1.604985773710276,0.7062055715726497,155955489.07846197,155.95548907846197,0.4664674280428362,0.3692318639484825
S_Q1,27,B,SPI6,747,-2.190438659327181e-08,1045.7019050204526,-0.0004806393295811584,0.7000004444459951,4568535081.141059,4568.535081141059,0.7576048671149537,0.25054256946668085
S_Q1,27,B,SPI6,748,-1.8895268034383372e-06,2090.7630554326656,-0.000366342555702953,0.7000552008362733,5181582465.670933,5181.582465670933,0.8101540541502116,0.15811007933966628
S_Q1,27,B,SPI6,749,0.0,1130.1189418120614,-0.004727783823172758,0.7,4629534429.241297,4629.5344292412965,0.7639022307610205,0.2366314441242395
S_Q1,27,B,SPI6,751,-0.004441112894408961,0.0,-1.0409450590872802,0.8043894244136865,277053299.9088281,277.0532999088281,0.4772476607250863,0.3692318639484825
S_Q1,27,B,SPI6,752,0.0,710.9247026877443,0.0,0.7,4268894928.677319,4268.894928677319,0.7231294695271642,0.30693421567581036
S_Q1,27,B,SPI6,755,-2.2389714644658802e-08,663.5784892746198,-8.473594990809351e-08,0.7000523940643592,4218048505.659039,4218.048505659039,0.7166897925783614,0.3130536876934571
S_Q1,27,B,SPI6,756,0.0,1302.8793659766388,0.0,0.7000305171769986,4752666749.791732,4752.6667497917315,0.775856548190842,0.2043619027288576
S_Q1,27,B,SPI6,757,0.0,1970.6280595119888,0.0,0.7000318716143379,5125824878.545884,5125.8248785458845,0.8062760166506565,0.1585014409221902
S_Q1,27,B,SPI6,759,0.0,206.11634431155582,0.0,0.7000227116183606,3475660449.405939,3475.6604494059393,0.6402319706834596,0.3534706656704736
S_Q1,27,B,SPI6,760,0.0,902.3973503259392,0.0,0.7,4450988463.499953,4450.9884634999535,0.744369729960508,0.2773330487067278
S_Q1,27,B,SPI6,763,-1.215831099160536e-08,167.9643871746163,-0.0002241639617628138,0.7000000219514837,3365570881.9676123,3365.5708819676124,0.633009570569609,0.3561034617710891
S_Q1,27,B,SPI6,764,-4.4590788067018693e-10,682.1055491843267,-3.941132354129506e-07,0.7000551061651911,4238170273.649595,4238.1702736495945,0.7191091187248729,0.3109901448037855
S_Q1,27,B,SPI6,765,-0.0048612208069813145,66.59138979949876,0.0,0.7,2930531061.990173,2930.531061990173,0.611093321948269,0.3638595367701996
S_Q1,27,B,SPI6,766,-2.470575926044236e-06,1267.6814443937428,-0.0006201610077700353,0.700050580204299,4728661126.068673,4728.661126068673,0.7737930053011705,0.21137083288860425
S_Q1,27,B,SPI6,767,-3.122422914599121,0.0,-1.8881019988691472,0.7186895361341117,81155835.39163275,81.15583539163275,0.45981428113992956,0.3692318639484825
S_Q1,27,B,SPI6,770,-3.83499994795522,0.0,-1.0371892697528757,0.7110966804026989,412824192.9027571,412.8241929027571,0.4914078343473156,0.3692318639484825
S_Q1,27,B,SPI6,771,0.0,1474.4249042299293,-0.0012879572940639856,0.7000001182069703,4859723362.352874,4859.723362352874,0.7854982744512043,0.18137830433699792
S_Q1,27,B,SPI6,772,0.0,387.56356291891905,0.0,0.7000061798004914,3850701671.7278605,3850.7016717278602,0.6773757426975485,0.3397730102821362
S_Q1,27,B,SPI6,773,-0.7119020486657811,0.0,-0.36178629178723587,0.7000290588184008,876550771.6822004,876.5507716822004,0.5546660974134556,0.3692318639484825
S_Q1,27,B,SPI6,774,-2.45713689343747,0.0,-0.8217477272672581,0.7229216326750536,521010394.550967,521.010394550967,0.5049987547586011,0.3692318639484825
S_Q1,27,B,SPI6,775,-1.6420464738358053e-06,1197.3581509918758,-0.000581785901302342,0.7000341396353711,4680477808.734033,4680.477808734033,0.7688831963567796,0.22403671683210588
S_Q1,27,B,SPI6,776,-0.0013560035157499286,741.3496928152978,-7.100493590591333e-09,0.7000507006409683,4299909005.565947,4299.909005565946,0.7264382538157754,0.303056178176255
S_Q1,27,B,SPI6,778,0.0,765.8245874517904,-4.572626492382707e-06,0.7000000080132107,4324538559.898217,4324.5385598982175,0.7293200981961788,0.2991425623510158
S_Q1,27,B,SPI6,779,-3.878710375272029e-06,351.57359925680646,-2.0641002807247552e-05,0.7000061790850951,3788899164.5248227,3788.899164524823,0.67008218593233,0.3430462162450635
S_Q1,27,B,SPI6,782,-0.0002205384402986857,0.0,-0.0354228664812144,0.7000010454966801,1122789562.2475734,1122.7895622475735,0.5918810260789128,0.3692318639484825
S_Q1,27,B,SPI6,783,-5.512175706649477e-05,2028.1633405496382,-0.00022050246551779464,0.7002006133002218,5152168135.023714,5152.168135023714,0.80826840288896,0.15814565766535027
S_Q1,27,B,SPI6,784,-0.9974462408232724,0.0,-0.5647926603168127,0.7003458759194472,735853465.4747266,735.8534654747266,0.5336748852598996,0.3692318639484825
S_Q1,27,B,SPI6,785,-2.1272852780010564e-05,1914.297984463682,-0.0015173628100646846,0.7000263083148062,5097612519.7903185,5097.612519790318,0.8045682570178249,0.15882164585334613
S_Q1,27,B,SPI6,786,0.0,588.7276310406714,-0.0004096098489977042,0.7000305171769986,4131698093.924757,4131.698093924757,0.707012487992315,0.32105881097235567
S_Q1,27,B,SPI6,787,-3.123926912890566,0.0,-1.8682684762423714,0.7956325850439333,61684912.40066875,61.68491240066875,0.4586401963923578,0.3692318639484825
S_Q1,27,B,SPI6,788,-3.172602560470346e-05,0.0,-0.00991026230247749,0.7000300180263642,1140926498.5618546,1140.9264985618547,0.594691713807948,0.3692318639484825
S_Q1,27,B,SPI6,789,-3.1238666370183136e-09,1853.7955250367324,-0.0004737914548438584,0.7000006152269839,5068034985.178715,5068.034985178715,0.8023268224997332,0.15949763404134196
S_Q1,27,B,SPI6,790,-0.0013332557088709058,120.24386160955135,-7.64766941019244e-09,0.7000515470615327,3197242549.398052,3197.2425493980522,0.6225851211441991,0.3596968726651725
S_Q1,27,B,SPI6,791,-3.4301058434089526e-05,849.2380579421767,-0.0007439812340116455,0.7001454643945604,4402413965.593273,4402.413965593273,0.739068559433593,0.2859430035222542
S_Q1,27,B,SPI6,792,0.0,1810.3508470825743,-4.541676032076391e-05,0.7000297160387567,5046133369.621334,5046.133369621334,0.8000853879816417,0.16049382716049382
S_Q1,27,B,SPI6,793,-2.2306240755747193e-08,22.827932834985933,-0.00010530739342390691,0.700000014511709,2532389174.685634,2532.3891746856343,0.6005977158714911,0.3672394777101789
S_Q1,27,B,SPI6,794,-2.45713689343747,0.0,-0.07060302495307869,0.7229216326750536,1016243181.9599152,1016.2431819599152,0.5762265627779555,0.3692318639484825
S_Q1,27,B,SPI6,795,-0.33866178065972896,0.0,-0.40901187472778705,0.7062026411263853,829266858.4920449,829.2668584920449,0.5475860106023411,0.3692318639484825
S_Q1,27,B,SPI6,796,0.0,277.9785648762527,0.0,0.7,3646316637.97979,3646.3166379797904,0.6550681324936848,0.3487743266801864
S_Q1,27,B,SPI6,797,-0.05347440572299117,0.0,-0.7626842131120053,0.7228001597003533,560628582.9899192,560.6285829899192,0.5102643469598321,0.3692318639484825
S_Q1,27,B,SPI6,798,-0.029978376027045117,0.0,-0.6602480508246881,0.7002893301492147,672370624.1603403,672.3706241603403,0.5243533639306933,0.3692318639484825
S_Q1,27,B,SPI12,1,-3.414037095516994,0.0,-0.7712162767411234,0.8438679434400768,312470788.1572204,312.4707881572204,0.4808054932934856,0.3692318639484825
S_Q1,27,B,SPI12,2,-3.3202530719991556,0.0,-0.637339758807741,0.7341466066128921,623774464.3394156,623.7744643394155,0.5201551214999821,0.3692318639484825
S_Q1,27,B,SPI12,3,-0.042426367577777,0.0,-0.14603825061645953,0.7322057312308892,952479521.4867249,952.4795214867248,0.5674387163340092,0.3692318639484825
S_Q1,27,B,SPI12,4,-3.237462823786163,0.0,-0.8676720992530259,0.8333042873172302,290953674.8005051,290.9536748005051,0.4785996371010781,0.3692318639484825
S_Q1,27,B,SPI12,5,-3.095524954631323,0.0,-0.32897806091102044,0.7005617762227938,941489700.8675112,941.4897008675111,0.5659800049809657,0.3692318639484825
S_Q1,27,B,SPI12,6,-2.016958586848271e-08,494.80150329051827,0.0,0.7,4040027635.799472,4040.0276357994717,0.6922474828334579,0.33048706727861377
S_Q1,27,B,SPI12,8,0.0,1347.0308831469576,-0.00015550583240243817,0.700354796972692,4805996544.456232,4805.996544456232,0.771017895897819,0.19475575479417936
S_Q1,27,B,SPI12,11,-3.6932582887080283,0.0,-1.353929605767141,0.7535862147823936,202200669.74441352,202.20066974441352,0.46931369409755574,0.3692318639484825
S_Q1,27,B,SPI12,12,0.0,684.4840014999058,-1.4145535152457658e-07,0.7,4268848860.493804,4268.848860493804,0.7162628526701534,0.3097449034048457
S_Q1,27,B,SPI12,15,0.0,198.22069764292516,-2.896584814318822e-08,0.7000000136218967,3483120850.969207,3483.120850969207,0.6405165972889315,0.3533639306934216
S_Q1,27,B,SPI12,17,0.0,132.37849496926444,0.0,0.7,3273429600.3195496,3273.4296003195495,0.6271391468317502,0.3584516312662326
S_Q1,27,B,SPI12,18,0.0,1223.0040844095568,-0.0007620288971872989,0.7000001223172715,4725038484.612462,4725.038484612462,0.7630127726189208,0.21745472658056714
S_Q1,27,B,SPI12,21,-2.5511095552912235,0.0,-0.6095158070063607,0.700005005838656,723682070.7767667,723.6820707767666,0.5350268616358915,0.3692318639484825
S_Q1,27,B,SPI12,22,0.0,744.5864335271964,-1.259248483666324e-06,0.7003004114077318,4329894337.363192,4329.894337363192,0.7225602163162199,0.3016330451488952
S_Q1,27,B,SPI12,25,0.0,1263.3598371755995,-0.017012131712439617,0.700000473384236,4738211751.087826,4738.211751087826,0.7648984238801722,0.20962749493008856
S_Q1,27,B,SPI12,26,-5.5841137605597215e-08,715.0443405992532,0.0,0.7000165632687894,4300927064.156039,4300.927064156039,0.7198562635642367,0.3055466609741345
S_Q1,27,B,SPI12,27,-0.002160575240074708,148.04978209075097,0.0,0.7,3329534901.584347,3329.5349015843467,0.6303056178176255,0.3570996548902408
S_Q1,27,B,SPI12,29,0.0,339.8040668444341,0.0,0.7,3796405612.679565,3796.405612679565,0.6680542213683424,0.3434019995019033
S_Q1,27,B,SPI12,30,-6.916804115426599e-09,455.434933242983,-0.001005447270484776,0.7,3983888391.0506177,3983.888391050618,0.686163589141495,0.3338670082185932
S_Q1,27,B,SPI12,31,0.0,231.64418494010124,-1.7209622932311948e-09,0.7000015486634695,3569583876.5304966,3569.5838765304966,0.6470630092147863,0.35112249617533003
S_Q1,27,B,SPI12,32,-0.0011901004543900878,600.0915520776797,-0.0004023562714598177,0.7000313233704086,4173709385.487249,4173.709385487249,0.7060874515245312,0.3193866296652079
S_Q1,27,B,SPI12,33,-0.20794324418795673,0.0,-0.16748831461056551,0.7000051463191183,1052665611.8412901,1052.6656118412902,0.5822748781442345,0.3692318639484825
S_Q1,27,B,SPI12,35,-0.0010701546803231475,640.6694159104802,-0.013319615501236694,0.7,4209435982.4793906,4209.435982479391,0.7103924289322943,0.3150460739317608
S_Q1,27,B,SPI12,36,-2.125036910671051,0.0,-0.1433088333946133,0.7000082830087584,1068468457.9483505,1068.4684579483505,0.5846942042907461,0.3692318639484825
S_Q1,27,B,SPI12,37,0.0,804.4529046067321,0.0,0.7000000015786292,4389512094.882069,4389.512094882069,0.728608531682499,0.29241825879674105
S_Q1,27,B,SPI12,38,-3.522512753913101e-09,1102.682687682392,0.0,0.7000015479045752,4639000229.334223,4639.000229334223,0.7544739744547622,0.23915750524780305
S_Q1,27,B,SPI12,39,-0.0003011981566607738,830.3709605288982,-0.0027358524760299416,0.700000080223738,4412429539.642532,4412.429539642532,0.7310634361546945,0.2880421247376098
S_Q1,27,B,SPI12,40,-2.709175154771228,0.0,-0.6606592131785036,0.7459154032350788,581106112.4797415,581.1061124797415,0.5135019745970754,0.3692318639484825
S_Q1,27,B,SPI12,41,0.0,215.94312238929493,0.0,0.7000296189434941,3530137431.107605,3530.137431107605,0.6443234781371189,0.35211868929448187
S_Q1,27,B,SPI12,42,-3.420526508039212e-10,273.750601350416,-0.0031897869360766884,0.7,3664129734.1073203,3664.1297341073205,0.6553527590991567,0.3484897000747145
S_Q1,27,B,SPI12,43,-2.692982545091885,0.0,-0.017346717917641863,0.7000066864216438,1163889505.3422124,1163.8895053422125,0.5984985946561356,0.3692318639484825
S_Q1,27,B,SPI12,44,0.0,21.532630341181516,-0.0008831943003283771,0.7,2542357804.2599764,2542.3578042599765,0.6050450065819902,0.3673462126872309
S_Q1,27,B,SPI12,46,-8.312267133807843e-06,413.3960821941647,-0.0010641859091113802,0.7000000019829122,3920223063.1209655,3920.2230631209654,0.6797239121926923,0.33717579250720464
S_Q1,27,B,SPI12,47,-0.0008477382861755388,319.93005774788145,-5.2701388345992095e-08,0.7000369086534357,3759191206.31782,3759.19120631782,0.6641050272174192,0.34482513252926306
S_Q1,27,B,SPI12,48,-0.013286869928903267,6.112405211447481,0.0,0.7000079278337918,2191735332.685828,2191.7353326858283,0.6018785355961149,0.3686981890632226
S_Q1,27,B,SPI12,51,-0.000518531287247612,1438.8316381008249,-2.8803907473242542e-05,0.7000233485775712,4864750424.45724,4864.75042445724,0.7767460063329418,0.1820542925249938
S_Q1,27,B,SPI12,52,-1.258281156807248e-05,861.8244293935411,-0.0010050920625039007,0.7000003357211717,4441877996.841902,4441.877996841902,0.7349414736542499,0.2830967374675347
S_Q1,27,B,SPI12,53,0.0,98.66279241799509,-0.001244637155582882,0.7,3132359374.6390433,3132.3593746390434,0.6206283132315794,0.3611200056925323
S_Q1,27,B,SPI12,54,-2.125036910671051,0.0,-0.10561243567553574,0.7000082830087584,1101020886.041449,1101.020886041449,0.5892838083039813,0.3692318639484825
S_Q1,27,B,SPI12,55,0.0,2059.728078922607,-0.0010715088276755038,0.7000008222847108,5192503737.289865,5192.503737289864,0.8053509801828727,0.1533070053723272
S_Q1,27,B,SPI12,56,0.0,1712.2681726881144,-4.255156119866654e-12,0.7000050066577486,5020601147.931398,5020.601147931398,0.7912619632120113,0.1591062724588181
S_Q1,27,B,SPI12,58,-0.000272862784176461,286.9180930259443,0.0,0.7000403465640935,3693529116.5948615,3693.5291165948615,0.6579499768740882,0.34763582025829864
S_Q1,27,B,SPI12,59,-7.684458725585501e-07,1180.8640211323611,-0.0010638091937101028,0.7000003929777808,4695232668.642524,4695.232668642524,0.7597751449816774,0.2253531148824136
S_Q1,27,B,SPI12,61,-0.0003301078267825743,53.52000742731184,0.0,0.7000259382435663,2869826281.7937202,2869.82628179372,0.6120895150674209,0.3645711032838795
S_Q1,27,B,SPI12,62,-0.0005326567765404162,658.0870683100181,-0.0011289881179203205,0.7000365298730932,4239515092.8426433,4239.515092842643,0.713131960009962,0.3132315793218771
S_Q1,27,B,SPI12,65,-0.20151585446889908,0.0,-0.4333622153064294,0.7000050610184589,865795835.5409515,865.7958355409515,0.5544170491336677,0.3692318639484825
S_Q1,27,B,SPI12,68,-0.0010525759444560585,249.02893589854176,-0.001094663830730827,0.7000000957358042,3610327239.2786975,3610.3272392786976,0.6507631550859218,0.3499839897534422
S_Q1,27,B,SPI12,70,-0.0008085809935348292,1295.2301853890729,0.0,0.7004239505910567,4772115239.701882,4772.115239701882,0.7680293165403638,0.20315223965560186
S_Q1,27,B,SPI12,71,0.0,355.6648722590742,-0.0001237493793747775,0.7,3824739554.1534443,3824.7395541534443,0.6704735475148541,0.34233464973138356
S_Q1,27,B,SPI12,72,-2.7333841195621047,0.0,-0.05377661648309424,0.7000484449018779,1140294943.5305624,1140.2949435305625,0.5944782438538444,0.3692318639484825
S_Q1,27,B,SPI12,74,-2.8001544557167017,0.0,-0.6377594818911229,0.700001388137592,703238431.4301896,703.2384314301896,0.5315757640445439,0.3692318639484825
S_Q1,27,B,SPI12,75,0.0,523.7548120640312,-1.243901460268231e-08,0.7000212727939443,4078782002.880657,4078.7820028806573,0.6959832070302773,0.3272494396413705
S_Q1,27,B,SPI12,77,-2.489935513664853e-05,1901.2432042279381,-0.0001251322732979572,0.7000000379397967,5117301597.278814,5117.301597278814,0.7999430746789055,0.15433877681716293
S_Q1,27,B,SPI12,79,-1.935825883658835e-07,993.5991369250112,-0.0010022272132801878,0.7000066412215882,4553948387.836752,4553.948387836752,0.74554381470808,0.2596150425160991
S_Q1,27,B,SPI12,80,-0.0005266526323060145,82.33610352033212,-0.0010951107298038305,0.7000003375950855,3050594427.854903,3050.594427854903,0.6169281673604442,0.36229409044010386
S_Q1,27,B,SPI12,81,0.0,301.60886634726114,-5.189138505303208e-06,0.7000152637631158,3723511331.023835,3723.5113310238353,0.6607962429288079,0.3464261571850428
S_Q1,27,B,SPI12,82,0.0,114.92224167848326,-4.916037311578913e-06,0.700000147457906,3204586103.7700653,3204.586103770065,0.6233322659835628,0.3597680293165404
S_Q1,27,B,SPI12,83,-0.0011932998165348659,925.0981284997325,-2.825948982761769e-08,0.7000403962467867,4497600320.074583,4497.600320074583,0.7401003308784291,0.27270786636780875
S_Q1,27,B,SPI12,85,-2.0131737156801797,0.0,-1.3952303532034231,0.7667711082707326,178205931.8340867,178.2059318340867,0.46707225957946424,0.3692318639484825
S_Q1,27,B,SPI12,86,0.0,1610.1647471101408,-0.0001237493793747775,0.7,4964725240.742679,4964.725240742679,0.7867435158501439,0.16440744298573307
S_Q1,27,B,SPI12,87,-0.0005350852406633287,398.6824169286253,-4.79457387283179e-06,0.700125863634319,3896815916.6738453,3896.815916673845,0.6771978510691287,0.33827872060340836
S_Q1,27,B,SPI12,88,0.0,1773.7513507655244,-4.916037311578913e-06,0.700000147457906,5052990791.756615,5052.990791756614,0.7939659159639947,0.1569359945920945
S_Q1,27,B,SPI12,90,-7.031849640672654e-08,35.095508457811036,-0.00010906760830604531,0.7000066458330938,2709385116.77681,2709.3851167768103,0.6082114775678656,0.3661721279396592
S_Q1,27,B,SPI12,91,-0.0008406624726004538,1484.9067601383547,-1.0928155008413403e-08,0.7000371311102042,4892427904.352449,4892.427904352449,0.7797345856903974,0.1770377486035507
S_Q1,27,B,SPI12,92,-0.002325682497523995,0.0,-0.5080783640721944,0.7114332040764372,772460069.4558372,772.4600694558372,0.5419290568185863,0.3692318639484825
S_Q1,27,B,SPI12,94,-6.662784434416559e-08,1831.0526704079978,-6.528301924231726e-06,0.7000066458330938,5082327177.954094,5082.327177954094,0.7965631337389262,0.1555128615647348
S_Q1,27,B,SPI12,95,-8.312267133807843e-06,1384.5462150491294,-0.0010641859091113802,0.7000000759720453,4830738915.795631,4830.738915795631,0.7734016437186467,0.18924111431316046
S_Q1,27,B,SPI12,96,-2.755572191796974,0.0,-0.5190471821741776,0.7000122575912254,796627775.7666339,796.6277757666338,0.5450955278044616,0.3692318639484825
S_Q1,27,B,SPI12,98,-0.0009764798880907156,478.6511400914296,0.0,0.700037986487553,4017470569.252845,4017.4705692528446,0.6896858433842104,0.33194577863165753
S_Q1,27,B,SPI12,99,-0.000839029015375684,434.52697445912736,-4.657739962951134e-09,0.7000000258661859,3953319716.284492,3953.319716284492,0.6837086846692993,0.33539687622300496
S_Q1,27,B,SPI12,100,-2.638383956531009e-05,960.9944664093332,-0.0010148143439796383,0.7000009921089434,4527332974.356656,4527.332974356656,0.7430533319102002,0.265876827836482
S_Q1,27,B,SPI12,102,-1.9727000174683567,0.0,-0.6541573208064833,0.716887344304813,652337533.6357133,652.3375336357134,0.5237841107197496,0.3692318639484825
S_Q1,27,B,SPI12,103,-9.785930202962875e-08,573.9124719610945,-2.4541173737141963e-05,0.7000172738374218,4142318606.60361,4142.31860660361,0.702671932258868,0.3221617390685594
S_Q1,27,B,SPI12,104,-2.753569766781275,0.0,-0.2323423858301986,0.7000122575912254,1007323700.384873,1007.3237003848731,0.5754082612872238,0.3692318639484825
S_Q1,27,B,SPI12,105,0.0,158.09569639658537,0.0,0.7,3363178449.5449605,3363.1784495449606,0.6322980040559292,0.3564236667022449
S_Q1,27,B,SPI12,108,0.0,1899.3224875098228,0.0,0.7,5116434763.783673,5116.434763783674,0.7998719180275375,0.15437435514284698
S_Q1,27,B,SPI12,110,-3.0540995309167025,0.0,-1.0642042020096718,0.7551218134379015,323387231.50392467,323.3872315039247,0.4813747465044295,0.3692318639484825
S_Q1,27,B,SPI12,111,0.0,320.93611568316254,0.0,0.7,3761254513.9719944,3761.2545139719946,0.6643184971715231,0.34471839755221106
S_Q1,27,B,SPI12,112,-4.0,0.0,-0.9728087512793745,0.8038126343576001,297341849.1858391,297.3418491858391,0.47920446863770594,0.3692318639484825
S_Q1,27,B,SPI12,113,-2.02170274086584,0.0,-0.6886163628134138,0.7941220394317507,456593656.7448875,456.5936567448875,0.4975273063649624,0.3692318639484825
S_Q1,27,B,SPI12,114,0.0,35.27447409582851,0.0,0.7,2711329599.715881,2711.3295997158807,0.6082470558935497,0.3661721279396592
S_Q1,27,B,SPI12,117,0.0,1392.8714988249164,0.0,0.7,4836464437.351095,4836.4644373510955,0.7740776319066426,0.18824492119400857
S_Q1,27,B,SPI12,118,-3.0079999585094703,0.0,-0.7131982113957803,0.7,648425174.6894737,648.4251746894737,0.5231792791831216,0.3692318639484825
S_Q1,27,B,SPI12,120,-3.564126087854051,0.0,-0.14073393928190148,0.7,1069365401.7644846,1069.3654017644847,0.585121144198954,0.3692318639484825
S_Q1,27,B,SPI12,122,0.0,270.62512862122696,0.0,0.7,3659135974.674167,3659.1359746741673,0.6549969758423169,0.3486320133774505
S_Q1,27,B,SPI12,123,0.0,198.22577496673418,-0.0011939889748316603,0.7,3482626837.477077,3482.626837477077,0.6404454406375635,0.3533639306934216
S_Q1,27,B,SPI12,124,0.0,418.09090022363443,0.0,0.7,3928070195.995048,3928.070195995048,0.680720105311844,0.33678443092468063
S_Q1,27,B,SPI12,125,-0.021927782462539236,69.40923992814058,-1.637792331705398e-06,0.7,2977050928.5600076,2977.0509285600074,0.6148290461450884,0.3633970185363078
S_Q1,27,B,SPI12,126,-2.566808434392954,0.0,-0.6400238191709089,0.7,700484784.0286647,700.4847840286648,0.5307574625538121,0.3692318639484825
S_Q1,27,B,SPI12,128,-2.239326042833436,0.0,-0.520240648876595,0.7,795349330.4290229,795.3493304290229,0.5449176361760416,0.3692318639484825
S_Q1,27,B,SPI12,129,-0.001337836146494787,600.585703252624,0.0,0.7,4174495603.4368,4174.4956034368,0.7061941865015832,0.3193866296652079
S_Q1,27,B,SPI12,133,-3.871731244388197,0.0,-0.5401697955299933,0.7,780347237.0133508,780.3472370133509,0.54267620165795,0.3692318639484825
S_Q1,27,B,SPI12,134,0.0,84.23828758350271,0.0,0.7,3061233604.154094,3061.2336041540943,0.6173195289429679,0.36215177713736785
S_Q1,27,B,SPI12,135,0.0,20.08958928622647,0.0,0.7,2520502214.701278,2520.5022147012783,0.6049382716049382,0.3673817910129149
S_Q1,27,B,SPI12,136,-0.008519223713510327,55.51446291414959,0.0,0.7,2884612968.8124304,2884.6129688124306,0.6124808766499449,0.36432205500409154
S_Q1,27,B,SPI12,137,0.0,858.9601985820455,0.0,0.7,4439820367.047078,4439.820367047078,0.734692425374462,0.2838438823068986
S_Q1,27,B,SPI12,138,0.0,1603.7627204817454,0.0,0.7,4961206233.548537,4961.206233548537,0.7863877325933041,0.16479880456825702
S_Q1,27,B,SPI12,139,0.0,1344.992205989945,0.0,0.7000142948223919,4806114257.733959,4806.114257733959,0.7710534742235029,0.19511153805101933
S_Q1,27,B,SPI12,142,0.0,213.14904061192715,0.0,0.7000032690714821,3523007698.9242215,3523.0076989242216,0.6437186466004909,0.3522610025972178
S_Q1,27,B,SPI12,144,0.0,1981.82214770013,-0.0012710244535770775,0.7000134634643618,5155841414.655193,5155.841414655193,0.8024335574767852,0.15380510193190308
S_Q1,27,B,SPI12,145,0.0,1435.1283429229752,0.0,0.7,4862557036.970455,4862.557036970456,0.7765681147045219,0.18265912406162169
S_Q1,27,B,SPI12,146,0.0,713.694859264984,-0.0006226203913355724,0.7,4299530844.2865095,4299.53084428651,0.7196783719358166,0.30565339595118646
S_Q1,27,B,SPI12,147,-2.8327005221758688,0.0,-0.7220385506446776,0.8835769188516251,249699696.59950718,249.69969659950718,0.4741879247162629,0.3692318639484825
S_Q1,27,B,SPI12,148,-3.925386845964523,0.0,-0.3267243636077197,0.7014892553698957,940506451.9480509,940.5064519480509,0.5659444266552817,0.3692318639484825
S_Q1,27,B,SPI12,149,0.0,376.29333156274606,0.0,0.7,3860370190.3358483,3860.3701903358483,0.6739958017575692,0.340093215213292
S_Q1,27,B,SPI12,150,0.0,525.1663005814522,0.0,0.7,4080715476.8207426,4080.7154768207424,0.6962678336357492,0.32703596968726645
S_Q1,27,B,SPI12,151,0.0,1290.8922212224866,0.0,0.7,4770926977.925632,4770.926977925633,0.7678870032376278,0.20386380616928174
S_Q1,27,B,SPI12,153,0.0,1263.0640881063418,-0.00418689659583067,0.7,4750272686.742909,4750.272686742909,0.765787882022272,0.20969865158145654
S_Q1,27,B,SPI12,155,-1.9264400855332955,0.0,-1.0424504709014688,0.9552179056048519,61150903.90002614,61.150903900026144,0.457821894901626,0.3692318639484825
S_Q1,27,B,SPI12,157,-3.873510692534831,0.0,-1.0855123787147591,0.8790296082185544,154449409.20277813,154.44940920277813,0.46500871668979255,0.3692318639484825
S_Q1,27,B,SPI12,158,0.0,997.2933040797298,-0.004088947002124919,0.7,4555385590.872,4555.385590872,0.7457572846621839,0.25879674102536737
S_Q1,27,B,SPI12,159,-2.9054441907973136,0.0,-0.4325924813006072,0.700000079397327,866556189.896045,866.556189896045,0.5545949407620877,0.3692318639484825
S_Q1,27,B,SPI12,160,-4.0,0.0,-0.9486520503879338,0.7343439697480364,416761889.32278603,416.76188932278603,0.49308001565446336,0.3692318639484825
S_Q1,27,B,SPI12,161,-0.35652853327833256,0.0,-0.4597261867431492,0.7012568122277038,840012266.0391173,840.0122660391173,0.5511438431707404,0.3692318639484825
S_Q1,27,B,SPI12,162,-0.029131689447792375,0.0,-0.07091346927504721,0.7,1126718516.761115,1126.718516761115,0.5923791226384887,0.3692318639484825
S_Q1,27,B,SPI12,163,0.0,790.5158003482932,-0.020953477458860836,0.7,4359343069.474436,4359.343069474436,0.7256911089764116,0.29512221154872453
S_Q1,27,B,SPI12,164,0.0,179.17289053350947,0.0,0.7,3428737406.894299,3428.737406894299,0.6365318248123243,0.3548582203721493
S_Q1,27,B,SPI12,165,0.0,573.4902922305064,0.0,0.7,4141869994.215332,4141.869994215332,0.702636353933184,0.32223289571992736
S_Q1,27,B,SPI12,166,-2.583792646302617,0.0,-0.6456438602369575,0.7510677092879837,578165154.1273869,578.1651541273869,0.5133596612943394,0.3692318639484825
S_Q1,27,B,SPI12,167,-0.044788357039998505,186.42998772944713,0.0,0.7,3449950904.509769,3449.950904509769,0.6367808730921122,0.3547159070694134
S_Q1,27,B,SPI12,168,-3.323537203332297,0.0,-0.18983737959911134,0.700046874338987,1035292615.3443923,1035.2926153443923,0.5802824919059311,0.3692318639484825
S_Q1,27,B,SPI12,171,0.0,657.0977249395676,-0.0005414579790177431,0.7000001221631139,4238988819.9139776,4238.988819913978,0.712989646707226,0.3133027359732451
S_Q1,27,B,SPI12,172,-7.543479110045181e-06,628.9890604473815,0.0,0.7000138085820398,4207450565.3741813,4207.450565374182,0.7099299106984026,0.31636247198206857
S_Q1,27,B,SPI12,173,0.0,335.9061018173573,-0.00012135865649798294,0.700003969444558,3789175361.896072,3789.175361896072,0.6673782331803466,0.3435443128046394
S_Q1,27,B,SPI12,174,0.0,286.47158798381014,0.0,0.7,3692761896.014861,3692.761896014861,0.6578788202227202,0.34763582025829864
S_Q1,27,B,SPI12,175,0.0,143.97834526912098,0.0,0.7,3315416693.1884856,3315.4166931884856,0.6296296296296295,0.3574198598213968
S_Q1,27,B,SPI12,177,-0.0008710870215202574,355.45136578352094,0.0,0.7,3824441749.7836895,3824.4417497836894,0.6704023908634861,0.34233464973138356
S_Q1,27,B,SPI12,178,-2.6021533508129013,0.0,-0.1632941727762685,0.700000051958865,1054201216.7819564,1054.2012167819564,0.5825239264240225,0.3692318639484825
S_Q1,27,B,SPI12,180,-0.0024203180019037856,131.70921822790365,0.0,0.7,3270924839.569739,3270.9248395697387,0.6269968335290143,0.35848720959191654
S_Q1,27,B,SPI12,181,0.0,1827.1476234668544,0.0,0.7,5080374080.158894,5080.374080158894,0.7964208204361902,0.15561959654178675
S_Q1,27,B,SPI12,182,0.0,926.7875287836931,0.0,0.7,4499196742.092492,4499.196742092492,0.7402782225068489,0.27235208311096887
S_Q1,27,B,SPI12,183,0.0,1106.5886174890816,0.0,0.7,4641911912.983232,4641.911912983232,0.7547586010602342,0.23858825203685916
S_Q1,27,B,SPI12,184,-9.619522540862447e-05,434.56429871884586,-1.2151270850779594e-07,0.7,3953376279.048242,3953.376279048242,0.6837442629949835,0.33539687622300496
S_Q1,27,B,SPI12,185,-3.9954220647215863,0.0,-0.6240099571423309,0.8039428145646766,466089054.8607613,466.0890548607613,0.500195680791262,0.3692318639484825
S_Q1,27,B,SPI12,186,-3.764368837826435,0.0,-0.6456438602369575,0.7328505382926153,620466154.0769625,620.4661540769624,0.5190166150780945,0.3692318639484825
S_Q1,27,B,SPI12,187,-7.280943751459919e-06,1713.0495696315575,0.0,0.7001630517709901,5020393989.669905,5020.393989669905,0.7912263848863271,0.1591062724588181
S_Q1,27,B,SPI12,188,0.0,393.7627393483504,0.0,0.7000441916548168,3889166420.984531,3889.1664209845308,0.6767709111609208,0.3385989255345643
S_Q1,27,B,SPI12,189,-0.0005018747190334699,1142.2096495820495,0.0,0.7000000000346782,4668052501.855611,4668.052501855611,0.7571779272067457,0.2323976233678443
S_Q1,27,B,SPI12,190,0.0,1539.3544536175566,-0.0011939889748316603,0.7,4924009511.965523,4924.0095119655225,0.7827231650478527,0.1712740598427438
S_Q1,27,B,SPI12,191,-2.02170274086584,0.0,-0.6886163628134138,0.9510714456557928,108615627.56035805,108.61562756035805,0.4619134023552852,0.3692318639484825
S_Q1,27,B,SPI12,196,-3.9375560512901524,0.0,-0.2801756718389645,0.7000000819953853,973526495.5362691,973.5264955362691,0.5706407656455686,0.3692318639484825
S_Q1,27,B,SPI12,197,-0.031558798956317524,0.0,-0.3974342990941174,0.7000004421948809,892258102.5384804,892.2581025384804,0.5577614117479631,0.3692318639484825
S_Q1,27,B,SPI12,199,-4.0,0.0,-2.540891246948595,0.7608955571084999,15380420.217599317,15.380420217599317,0.45476215889280264,0.3692318639484825
S_Q1,27,B,SPI12,200,0.0,495.37481656337684,-0.00129685529663669,0.7,4040305083.68594,4040.3050836859397,0.69235421781051,0.3304514889529298
S_Q1,27,B,SPI12,201,-4.0,0.0,-0.5742414283180284,0.7,753297960.4765633,753.2979604765634,0.5388693208097627,0.3692318639484825
S_Q1,27,B,SPI12,203,0.0,302.4105525048969,-2.400791040035286e-05,0.7000001239008721,3725168302.857267,3725.168302857267,0.6611164478599638,0.34631942220799095
S_Q1,27,B,SPI12,204,0.0,250.44085060332543,0.0,0.7000418893645907,3613924287.401289,3613.924287401289,0.6509410467143416,0.3499839897534422
S_Q1,27,B,SPI12,206,0.0,235.56289391668574,-0.001122835311690966,0.7,3578580577.6906605,3578.5805776906604,0.6475966841000463,0.35083786956985796
S_Q1,27,B,SPI12,207,-1.4949446315058923,0.0,-0.902382747812229,0.8828639255682418,195981809.53581432,195.9818095358143,0.4689934891663998,0.3692318639484825
S_Q1,27,B,SPI12,210,0.0,1769.8665536479784,0.0,0.7,5050973001.485786,5050.973001485787,0.7937880243355748,0.15700715124346248
S_Q1,27,B,SPI12,211,-0.6517763887373463,0.0,-1.0872881064709217,0.8820145867100742,150168627.13944155,150.16862713944155,0.4645461984559007,0.3692318639484825
S_Q1,27,B,SPI12,213,-1.664929325007968,0.0,-0.23572744176036603,0.7003350313269353,1004540841.9858688,1004.5408419858688,0.5751592130074359,0.3692318639484825
S_Q1,27,B,SPI12,215,-0.1641888975287192,0.0,-1.0717971161369466,0.8684039440922059,171942578.9421658,171.9425789421658,0.4662895364144164,0.3692318639484825
S_Q1,27,B,SPI12,216,-0.19807672628080317,0.0,-0.7066976623037252,0.813857485013596,405017595.76535946,405.0175957653595,0.4916568826271035,0.3692318639484825
S_Q1,27,B,SPI12,217,0.0,286.92874191024544,0.0,0.700003241922775,3693697347.837442,3693.697347837442,0.6579855551997722,0.34763582025829864
S_Q1,27,B,SPI12,218,-0.1317162934037251,0.0,-0.6594771505401357,0.7114768836519626,660392503.1669008,660.3925031669007,0.5246379905361653,0.3692318639484825
S_Q1,27,B,SPI12,219,-5.835909456158773e-07,376.124018930923,0.0,0.7000000919260227,3860080595.3012667,3860.080595301267,0.6739246451062013,0.340093215213292
S_Q1,27,B,SPI12,221,-0.1317454333179528,0.0,-0.6621055941942224,0.8822384689917545,269045239.39838636,269.04523939838634,0.47635820258298656,0.3692318639484825
S_Q1,27,B,SPI12,222,-0.6732520466728719,0.0,-0.6384470440501465,0.7003920965522842,701760159.3927628,701.7601593927628,0.531077667484968,0.3692318639484825
S_Q1,27,B,SPI12,224,-8.022216456186572e-07,1219.9200521737916,-0.0009196446119035428,0.7,4722696956.022114,4722.696956022114,0.7627993026648169,0.21805955811719502
S_Q1,27,B,SPI12,227,-0.18764510529585532,0.0,-0.5723708102030096,0.7935377236799893,519507788.90508217,519.5077889050822,0.5070622976482727,0.3692318639484825
S_Q1,27,B,SPI12,228,-0.000532031798601604,864.7281763920203,-1.3469135516355518e-05,0.7000146075232627,4444937085.984832,4444.937085984831,0.73511936528267,0.2828476891877468
S_Q1,27,B,SPI12,229,-0.000508686930148597,1292.7919778331432,-5.350685534578885e-05,0.7000529718680585,4771970542.250816,4771.970542250816,0.7679581598889959,0.20361475788949376
S_Q1,27,B,SPI12,230,-0.21126920992754783,0.0,-0.7549745503509601,0.7018508463959662,609474254.6632504,609.4742546632505,0.5179136869818907,0.3692318639484825
S_Q1,27,B,SPI12,231,-2.1019153511204296,0.0,-1.3026909839580136,0.9071891118730145,83738834.57897778,83.73883457897777,0.45896040132351373,0.3692318639484825
S_Q1,27,B,SPI12,232,0.0,1184.2346048303405,-0.003020318775710124,0.7,4696803777.265969,4696.803777265969,0.7599530366100972,0.22478386167146974
S_Q1,27,B,SPI12,233,-1.9876901373919837e-05,742.463972567781,0.0,0.7000016244592796,4328936368.153627,4328.936368153627,0.7225246379905359,0.30202440673141917
S_Q1,27,B,SPI12,234,-0.025267200811871282,0.0,-0.21210307294068081,0.7005162984066556,1018499785.9974113,1018.4997859974112,0.5772583342227915,0.3692318639484825
S_Q1,27,B,SPI12,235,-6.904756856369326e-07,1484.1476978882126,-0.0006606371788402678,0.700011849881523,4891998442.84993,4891.99844284993,0.7796634290390295,0.17714448358060267
S_Q1,27,B,SPI12,236,-4.0,0.0,-0.8274449990107875,0.9775138322421626,41396796.47474163,41.39679647474163,0.45668338847973816,0.3692318639484825
S_Q1,27,B,SPI12,240,0.0,68.96999732965975,0.0,0.7000108053143913,2974313716.109905,2974.313716109905,0.6148646244707725,0.36329028355925574
S_Q1,27,B,SPI12,241,-3.7566258597796343,0.0,-0.12464523324103642,0.7065299309637116,1058649298.7415769,1058.649298741577,0.5833066495890703,0.3692318639484825
S_Q1,27,B,SPI12,242,-1.550509333808726,0.0,-1.0859622094976968,0.714445898395775,364113229.60789955,364.11322960789954,0.48678265200839654,0.3692318639484825
S_Q1,27,B,SPI12,245,-0.18764510529585532,0.0,-0.5727353340963234,0.7010517048420721,751864446.2937485,751.8644462937485,0.5387270075070267,0.3692318639484825
S_Q1,27,B,SPI12,246,-7.896276574709648e-05,143.60725540213932,-0.000290434429960848,0.7000135934974155,3313982382.5033293,3313.982382503329,0.6295228946525776,0.35745543814708075
S_Q1,27,B,SPI12,247,-8.126571546338696e-08,213.71434106618517,-1.0181774609226584e-07,0.7000000838552688,3524488418.0996184,3524.4884180996182,0.6439321165545949,0.35222542427153386
S_Q1,27,B,SPI12,248,-7.71945530936638e-07,6.007784008912978,0.0,0.7000000222117383,2187643960.465765,2187.643960465765,0.6018429572704309,0.36873376738890673
S_Q1,27,B,SPI12,249,-0.1641888975287192,0.0,-1.0717971161369466,0.898461216817832,132700636.56703033,132.70063656703033,0.463229800405593,0.3692318639484825
S_Q1,27,B,SPI12,251,-6.008539425833936e-08,774.4029095378072,-0.0007040441487862566,0.7,4360563473.529811,4360.563473529811,0.7253353257195715,0.29725691108976415
S_Q1,27,B,SPI12,254,-0.0005445384881807955,1097.7957298547365,0.0,0.7000002950823703,4635354147.390634,4635.354147390633,0.7542605045006582,0.23990465008716685
S_Q1,27,B,SPI12,255,0.0,249.32003421689603,-0.000725238162625002,0.7000233292706886,3611337588.0884213,3611.3375880884214,0.6508343117372897,0.3499839897534422
S_Q1,27,B,SPI12,256,0.0,658.3975848799706,-0.0004985189719495763,0.7000056891711137,4240409611.5370727,4240.409611537073,0.713274273312698,0.31319600099619305
S_Q1,27,B,SPI12,257,-1.2790166118574897e-06,1547.00934225806,-0.0005665436489808435,0.7016504963717984,4922325096.366355,4922.325096366355,0.782580851745117,0.17038460170064398
S_Q1,27,B,SPI12,258,-0.8049120892658639,0.0,-0.5372293091189755,0.7015539801402522,777983729.3266577,777.9837293266577,0.542462731703846,0.3692318639484825
S_Q1,27,B,SPI12,259,-4.522016433138745e-06,548.5822120440567,-5.0221253677320924e-08,0.700114560500355,4110418570.9593344,4110.418570959334,0.6992564129932046,0.32515031842601483
S_Q1,27,B,SPI12,260,-1.468797147688682,0.0,-0.9991203293585513,0.7003337001445357,436691101.1943489,436.69110119434885,0.49567723342939474,0.3692318639484825
S_Q1,27,B,SPI12,261,-1.688530169155337e-05,826.887366697789,0.0,0.7000008665326141,4410512782.251914,4410.512782251914,0.7307432312235386,0.28854022129718576
S_Q1,27,B,SPI12,263,0.0,454.00954249289833,-0.0009148841381204201,0.7,3982006579.59039,3982.00657959039,0.686128010815811,0.33404489984701324
S_Q1,27,B,SPI12,265,-8.076995147391508e-05,496.1192993678979,-0.0002878806385028845,0.700000023293035,4041753140.492347,4041.7531404923466,0.6925321094389298,0.3304514889529298
S_Q1,27,B,SPI12,266,-6.437605919246173e-07,415.49841338425733,-9.939554747148986e-05,0.7000103753290475,3923908084.7026734,3923.9080847026735,0.6803287437293201,0.3369979008787847
S_Q1,27,B,SPI12,268,-6.518970498224591e-07,321.44793137803856,-0.0005093768717985615,0.7000004402402585,3762148499.7440886,3762.1484997440884,0.6643540754972073,0.3446116625751592
S_Q1,27,B,SPI12,273,-4.792377959068313e-09,523.1596371945,-0.00045354728216326357,0.7000134144653722,4077953277.4483714,4077.9532774483714,0.6959476287045933,0.3273561746184225
S_Q1,27,B,SPI12,274,-1.891510564439105e-06,574.2882067628616,-0.00014239984243543205,0.7000034357047167,4142754667.102863,4142.754667102863,0.702743088910236,0.3221261607428754
S_Q1,27,B,SPI12,276,-0.18636054288476817,96.46209429489954,-0.0006908783622636156,0.7000147740246808,3122318588.4776654,3122.3185884776653,0.6182089870850679,0.36229409044010386
S_Q1,27,B,SPI12,277,-5.8279926442769345e-05,355.15777096051124,-0.0007384799010521192,0.700002981583503,3823835009.6883082,3823.835009688308,0.6703668125378021,0.34233464973138356
S_Q1,27,B,SPI12,278,0.0,1142.2939865643762,-0.004278958041549616,0.7000033230150124,4666021798.964112,4666.021798964112,0.7569644572526418,0.2323620450421603
S_Q1,27,B,SPI12,279,-0.00989582519748336,0.0,-0.3224132341780573,0.7018508463959662,941642282.7510594,941.6422827510594,0.5660867399580176,0.3692318639484825
S_Q1,27,B,SPI12,281,-0.00020548714062140067,82.53385727908721,-0.0007172505244470176,0.7000247629872774,3051989467.432752,3051.989467432752,0.616999324011812,0.36229409044010386
S_Q1,27,B,SPI12,284,-0.00011231468363859243,0.0,-0.0520963005809498,0.7001049566957369,1141586577.3006358,1141.5865773006358,0.5945494005052124,0.3692318639484825
S_Q1,27,B,SPI12,285,-1.7852910448017654,0.0,-0.4327354723555855,0.7000794668345065,866326913.154589,866.3269131545891,0.5545237841107197,0.3692318639484825
S_Q1,27,B,SPI12,286,0.0,198.13947386262936,0.0,0.7000199953474915,3482818921.7448153,3482.8189217448153,0.6404454406375636,0.3533639306934216
S_Q1,27,B,SPI12,287,-7.71945530936638e-07,1654.029071781772,0.0,0.7000000654248608,4989094156.950276,4989.094156950277,0.7889849503682356,0.16145444195396172
S_Q1,27,B,SPI12,290,0.0,1264.6434188999604,0.0,0.7000051971032683,4753395668.174819,4753.395668174819,0.766072508627744,0.2093784466503006
S_Q1,27,B,SPI12,291,0.0,1897.921858189246,-7.149087222702699e-06,0.7000000871661741,5115744613.126687,5115.744613126687,0.7997651830504856,0.15444551179421495
S_Q1,27,B,SPI12,293,-2.565679197860673,0.0,-0.9795653210977897,0.8364008711439938,246295903.6161487,246.2959036161487,0.4739744547621588,0.3692318639484825
S_Q1,27,B,SPI12,294,-0.0005238927916232092,1390.145241597192,-7.162255522871752e-06,0.700000974386264,4834758186.472505,4834.758186472504,0.7738285836268545,0.1884583911481125
S_Q1,27,B,SPI12,296,0.0,1028.4449277574827,-6.623541900835814e-07,0.7000117671591771,4582170591.008943,4582.170591008942,0.7486035507169033,0.25235706407656455
S_Q1,27,B,SPI12,297,0.0,962.1741677310574,0.0,0.7000003962494703,4528818341.745986,4528.818341745986,0.7431244885615681,0.26541430960259005
S_Q1,27,B,SPI12,298,-4.050537624258843e-06,233.99782911167335,-0.0005588656095938327,0.7000199342721213,3575154814.908613,3575.1548149086134,0.6474187924716264,0.350909026221226
S_Q1,27,B,SPI12,300,0.0,1437.4471705621665,-0.004109192979407622,0.7000000523316889,4861928545.045939,4861.928545045939,0.776390223076102,0.18230334080478178
S_Q1,27,B,SPI12,301,-0.15355347786332763,0.0,-0.1311581734636184,0.7002136455158235,1077340893.5230353,1077.3408935230352,0.58597502401537,0.3692318639484825
S_Q1,27,B,SPI12,302,-3.5739006540010883e-06,302.07723789200526,-0.0006926610721119567,0.7000015005681155,3724420303.5700555,3724.4203035700557,0.6609029779058597,0.34639057885935887
S_Q1,27,B,SPI12,304,-3.4428168098295025e-06,606.5113895028223,-0.009528368798406418,0.7000600980696237,4173869264.513521,4173.869264513522,0.7062297648272673,0.3187462198028961
S_Q1,27,B,SPI12,306,-0.16391900407997448,0.0,-0.07036598139627065,0.7013878160386632,1122078268.3064556,1122.0782683064556,0.5915252428220727,0.3692318639484825
S_Q1,27,B,SPI12,308,-0.022571642289465517,0.0,-0.6821753921427528,0.9011538016938665,220849504.17243484,220.84950417243485,0.47159070694133126,0.3692318639484825
S_Q1,27,B,SPI12,310,0.0,178.40722052334485,0.0,0.700000325551568,3426460109.1261725,3426.4601091261725,0.6363539331839043,0.3549293770235173
S_Q1,27,B,SPI12,311,-6.904756856369326e-07,1605.4806206154367,-0.0026111409856969282,0.700011849881523,4960823838.630153,4960.823838630153,0.7863165759419362,0.16465649126552104
S_Q1,27,B,SPI12,312,-0.0004484913753789345,1062.1975256516594,-0.0007022495866009781,0.7000173324741472,4608277891.20879,4608.27789120879,0.7510228768634148,0.2464866403387057
S_Q1,27,B,SPI12,313,-4.050537624258843e-06,1982.2651029598242,-0.0005588656095938327,0.7000044070928028,5156525211.197115,5156.525211197115,0.8024691358024691,0.15380510193190308
S_Q1,27,B,SPI12,314,-0.035517854768780444,0.0,-0.4945607235001545,0.7000553599657806,812022911.4776789,812.0229114776789,0.5474792756252891,0.3692318639484825
S_Q1,27,B,SPI12,315,-1.891510564439105e-06,992.9448613678585,-0.00014780054392955072,0.7000207673671076,4553794561.119851,4553.794561119851,0.7454370797310281,0.2596861991674671
S_Q1,27,B,SPI12,316,-1.8325443896075115,0.0,-1.1509858251435183,0.8869933920183669,132054983.77073184,132.05498377073184,0.46280286049738495,0.3692318639484825
S_Q1,27,B,SPI12,320,0.0,1484.4061891806314,0.0,0.7,4892276991.556703,4892.276991556702,0.7796990073647135,0.17710890525491868
S_Q1,27,B,SPI12,321,-0.9275292493472544,0.0,-1.1244595584862904,0.9506088107750008,59623029.2840993,59.6230292840993,0.45760842494752196,0.3692318639484825
S_Q1,27,B,SPI12,322,-3.864441426632341,0.0,-0.8382023449736585,0.8797110996440487,218000402.90605226,218.00040290605227,0.4710926103817555,0.3692318639484825
S_Q1,27,B,SPI12,323,0.0,415.1469209812999,-0.0003637465259479142,0.7,3923398774.536315,3923.398774536315,0.6802575870779521,0.33706905753015265
S_Q1,27,B,SPI12,325,0.0,678.8015224343644,0.0,0.7,4262745398.002283,4262.745398002283,0.7158003344362613,0.3104920482442096
S_Q1,27,B,SPI12,326,-1.714070402576819,0.0,-0.7334737173033847,0.8610671492672048,292270791.98339856,292.27079198339857,0.4789909986836019,0.3692318639484825
S_Q1,27,B,SPI12,328,-0.04147971397936528,0.0,-0.6676144327482098,0.8622745175928905,312727893.164401,312.727893164401,0.4812324332016934,0.3692318639484825
S_Q1,27,B,SPI12,329,-0.0012572410436897663,319.58045355601973,-0.00026195327871933634,0.7000000414556817,3758590793.7726564,3758.5907937726565,0.6639982922403674,0.34482513252926306
S_Q1,27,B,SPI12,330,-1.9690806663168003,0.0,-0.5179428136443296,0.7001009353122358,797574564.2909119,797.5745642909119,0.5452022627815135,0.3692318639484825
S_Q1,27,B,SPI12,331,-6.9776223186098e-08,959.3041874657763,0.0,0.7000197741913908,4526367511.437447,4526.367511437446,0.7429821752588323,0.26641050272174194
S_Q1,27,B,SPI12,332,-0.00015070052128790534,1030.9877538245516,0.0,0.7000151051202887,4584151917.694067,4584.151917694067,0.7486391290425872,0.25196570249404066
S_Q1,27,B,SPI12,333,0.0,0.0,-0.1516553739539098,0.7000581687807859,1062588898.0192482,1062.5888980192483,0.5837691678229623,0.3692318639484825
S_Q1,27,B,SPI12,335,0.0,116.60373276812058,-0.00028898221600423486,0.7000000105145655,3211475225.7449384,3211.4752257449386,0.6235101576119829,0.3597680293165404
S_Q1,27,B,SPI12,338,-1.222589639509194e-05,198.60394936748688,0.0,0.7000055700137655,3484151435.80397,3484.15143580397,0.6405877539402995,0.3533639306934216
S_Q1,27,B,SPI12,339,-3.902935107400913e-06,271.4485948371747,0.0,0.7000165190559464,3660854294.0934076,3660.8542940934076,0.6551037108193688,0.3485964350517665
S_Q1,27,B,SPI12,340,-2.818830829234246e-06,714.6582241285388,-0.000548553290088161,0.7000000026609254,4300529602.771311,4300.529602771311,0.7198206852385527,0.3055466609741345
S_Q1,27,B,SPI12,341,-0.00015070052128790534,992.5554299458458,-7.604852926649397e-05,0.7000013167021483,4553557179.801545,4553.557179801545,0.7454015014053441,0.2597573558188351
S_Q1,27,B,SPI12,342,-0.21658615429817196,0.0,-0.23728184730824287,0.7000182218550802,1005031947.6115361,1005.0319476115361,0.5753371046358559,0.3692318639484825
S_Q1,27,B,SPI12,343,0.0,37.10834337980242,-2.6463829051081076e-06,0.7,2729783108.8755007,2729.7831088755006,0.6086028391503895,0.3660653929626072
S_Q1,27,B,SPI12,346,-2.496710552069624e-07,1533.5675309151366,0.0,0.7000002032906145,4921163235.267549,4921.163235267549,0.7825096950937488,0.17184331305368777
S_Q1,27,B,SPI12,347,-0.8078046610314029,0.0,-0.6490998756680748,0.7054919644094839,681580827.224721,681.5808272247209,0.5279467748247767,0.3692318639484825
S_Q1,27,B,SPI12,348,-6.286928079983152e-06,546.4697454554441,0.0,0.7000115994047486,4108146765.8217955,4108.146765821795,0.6989362080620487,0.3252570534030668
S_Q1,27,B,SPI12,350,-2.5677628831946895,0.0,-0.9413241505556958,0.8419602934349844,251969317.04690912,251.9693170469091,0.47454370797310275,0.3692318639484825
S_Q1,27,B,SPI12,352,-1.3247712655129973,0.0,-0.12106179896335595,0.7022633355595315,1079318420.6719074,1079.3184206719075,0.5861884939694737,0.3692318639484825
S_Q1,27,B,SPI12,355,-0.0019982841581727417,0.0,-0.29728551957132376,0.7019094822699924,955195428.0545624,955.1954280545624,0.5683993311274772,0.3692318639484825
S_Q1,27,B,SPI12,356,-0.8078046610314029,0.0,-0.644531155455201,0.7346280747872377,616831601.4216299,616.8316014216299,0.5185540968442026,0.3692318639484825
S_Q1,27,B,SPI12,357,-0.0004854988915655306,1985.601371220686,0.0,0.7,5158213153.844142,5158.213153844142,0.8025402924538372,0.1537339452805351
S_Q1,27,B,SPI12,358,-1.3264548005613583,0.0,-0.6086660813081007,0.797039699903,490455846.93305814,490.4558469330581,0.5037179350339774,0.3692318639484825
S_Q1,27,B,SPI12,360,-0.049506433129605565,0.0,-0.3307876184877493,0.7004790026815446,940177176.5180598,940.1771765180598,0.5656598000498098,0.3692318639484825
S_Q1,27,B,SPI12,364,0.0,1140.0909999203345,0.0,0.7000399493242008,4666352934.931989,4666.352934931989,0.7568933006012737,0.2330380332301562
S_Q1,27,B,SPI12,365,0.0,213.47602445480322,0.0,0.700009124913439,3523834112.0819435,3523.8341120819437,0.643896538228911,0.35222542427153386
S_Q1,27,B,SPI12,367,-0.0012465521153078398,53.17588188321531,-7.246195483274999e-05,0.7000053919947362,2867253937.9814005,2867.2539379814007,0.6120183584160529,0.36460668160956344
S_Q1,27,B,SPI12,369,0.0,473.56728558474856,0.0,0.700004874302031,4010427543.8357096,4010.4275438357095,0.6891521684989503,0.3323371402141814
S_Q1,27,B,SPI12,370,-0.0004895019149187932,250.10367668450323,-3.381937568885647e-06,0.7,3613313560.8633084,3613.3135608633083,0.6509054683886576,0.3499839897534422
S_Q1,27,B,SPI12,372,-1.3224305577408948,0.0,-0.6332652883140673,0.8388167429433873,379641100.7691058,379.6411007691058,0.4897356530401679,0.3692318639484825
S_Q1,27,B,SPI12,373,0.0,0.0,-0.20185273671427995,0.7,1027599422.1006342,1027.5994221006342,0.579001672181307,0.3692318639484825
S_Q1,27,B,SPI12,375,0.0,657.5964588792849,0.0,0.7,4239625869.1104927,4239.625869110493,0.71320311666133,0.31326715764756113
S_Q1,27,B,SPI12,377,-1.3676653958490366,0.0,-0.5737586645900072,0.7007263756201263,751863709.088645,751.863709088645,0.5386558508556587,0.3692318639484825
S_Q1,27,B,SPI12,379,-0.0528343311233086,0.0,-0.01817770884841166,0.7,1163089718.9026797,1163.0897189026796,0.5981783897249797,0.3692318639484825
S_Q1,27,B,SPI12,380,-2.5391640984031647,0.0,-0.6482273129716726,0.8072936293701388,446438342.1585717,446.43834215857174,0.49670900487423064,0.3692318639484825
S_Q1,27,B,SPI12,382,-3.864441426632341,0.0,-0.8382023449736585,0.7003999429801898,542766879.1913724,542.7668791913724,0.5098018287259402,0.3692318639484825
S_Q1,27,B,SPI12,383,-0.0002267136660389398,1436.8167526329178,0.0,0.7000273546844419,4863506948.310531,4863.506948310531,0.7766036930302059,0.18237449745614973
S_Q1,27,B,SPI12,384,-1.7535716629161576e-09,1178.329383132998,0.0,0.7000063123269586,4693925822.69024,4693.92582269024,0.7596328316789412,0.2259223680933575
S_Q1,27,B,SPI12,385,0.0,527.5526161217313,-0.00034986221682713995,0.7,4083756635.0523257,4083.7566350523257,0.696410146938485,0.32692923471021457
S_Q1,27,B,SPI12,386,-2.3632000194783732e-09,158.85913268141132,-0.00038161627847764767,0.7000154458301158,3365530681.515689,3365.5306815156887,0.6324047390329811,0.35628135339950895
S_Q1,27,B,SPI12,387,-6.758272825612889e-08,337.40614546282586,-2.4714941659886305e-06,0.7000044478534011,3792004631.2143226,3792.0046312143227,0.6675917031344504,0.3434731561532714
S_Q1,27,B,SPI12,388,-1.3259153425041372,0.0,-0.6332652883140673,0.8209682260116854,421665512.18689084,421.66551218689085,0.49478777528729495,0.3692318639484825
S_Q1,27,B,SPI12,393,0.0,96.87334759706783,-4.200120043955938e-05,0.7000151912132162,3124374716.3519015,3124.3747163519015,0.6202725299747394,0.3611911623439002
S_Q1,27,B,SPI12,394,0.0,746.4640242766498,-0.0005755779722321273,0.7000011570860193,4332896861.722396,4332.896861722395,0.7228092645960079,0.30149073184615927
S_Q1,27,B,SPI12,395,-0.9333574619270428,0.0,-1.090735277143286,0.7137377390714518,361458974.217823,361.458974217823,0.4864624470772405,0.3692318639484825
S_Q1,27,B,SPI12,399,0.0,394.5494319395299,0.0,0.700005772999511,3890598790.545045,3890.5987905450447,0.6769132244636568,0.3385277688831963
S_Q1,27,B,SPI12,400,-4.127351034324609e-06,232.88513356513386,0.0,0.700014656098709,3572554411.5230093,3572.554411523009,0.6472764791688903,0.351051339523962
S_Q1,27,B,SPI12,403,-1.2760483544753662,0.0,-0.49143953887625624,0.7000089364393441,815914817.6339101,815.91481763391,0.5481908421389691,0.3692318639484825
S_Q1,27,B,SPI12,404,0.0,604.0654974585367,-0.003810482152532406,0.7000175517030627,4176705964.7115154,4176.705964711516,0.706585548084107,0.31888853310563203
S_Q1,27,B,SPI12,405,0.0,286.344693249581,-6.859523195918484e-07,0.7000056014370495,3692476424.1733084,3692.4764241733083,0.6578432418970362,0.34763582025829864
S_Q1,27,B,SPI12,406,-1.1466402703360907e-06,1711.0621473768801,-0.00038274344410036846,0.7001559351471002,5019278198.39699,5019.27819839699,0.7911552282349592,0.15914185078450208
S_Q1,27,B,SPI12,407,-0.00048560738943783624,1605.3660452625913,-4.1118327602505435e-06,0.7000000427677259,4962104769.144694,4962.104769144695,0.7864944675703561,0.16465649126552104
S_Q1,27,B,SPI12,408,-0.19203790661661807,0.0,-0.6355820318216706,0.7003752298687816,703734887.1012716,703.7348871012716,0.531860390650016,0.3692318639484825
S_Q1,27,B,SPI12,409,-1.898291905127358e-07,1226.3422387280307,-0.0009745116272433633,0.7000006308581664,4727093086.447715,4727.093086447715,0.7634041342014446,0.21702778667235925
S_Q1,27,B,SPI12,411,-6.321398154513153e-05,20.410650423440284,0.0,0.7000245181010569,2525439855.095551,2525.439855095551,0.6049738499306222,0.3673817910129149
S_Q1,27,B,SPI12,413,-0.00015284100830956302,1654.6309770982534,-3.2966320978639903e-06,0.7000005379207509,4989421893.410224,4989.421893410224,0.7890205286939197,0.16141886362827768
S_Q1,27,B,SPI12,414,-1.8325443896075115,0.0,-0.07073649923008613,0.7006496249321116,1124578883.3882158,1124.5788833882157,0.5919877610559647,0.3692318639484825
S_Q1,27,B,SPI12,418,0.0,1900.0816764961469,-0.0009778832405661912,0.7001527602936259,5115899455.345715,5115.899455345714,0.7998363397018536,0.15437435514284698
S_Q1,27,B,SPI12,420,-0.8078046610314029,0.0,-0.644531155455201,0.7771215869060535,518081029.56835335,518.0810295683533,0.5055680079695448,0.3692318639484825
S_Q1,27,B,SPI12,422,-2.9769523333358814,0.0,-1.006002707606071,0.9410181312947394,85046471.86156467,85.04647186156467,0.4599210161169815,0.3692318639484825
S_Q1,27,B,SPI12,423,-1.8571155392232153,0.0,-0.6837800114713185,0.8401477494314963,356352902.9049098,356.3529029049098,0.48592877219198066,0.3692318639484825
S_Q1,27,B,SPI12,424,-0.01764308550473248,6.283340910891525,0.0,0.7,2198387657.39094,2198.38765739094,0.6019141139217988,0.3686981890632226
S_Q1,27,B,SPI12,425,-2.8185325706784163,0.0,-0.7619029934954387,0.8459255005116458,311976043.83407944,311.97604383407946,0.48076991496780164,0.3692318639484825
S_Q1,27,B,SPI12,426,-3.236262683769789,0.0,-0.7905862958446425,0.9462213394470703,104638518.58792683,104.63851858792684,0.46137972747002526,0.3692318639484825
S_Q1,27,B,SPI12,427,-0.0008841378115041472,336.3286813567382,0.0,0.7,3790046054.3678994,3790.0460543678996,0.6674493898317145,0.34350873447895536
S_Q1,27,B,SPI12,428,-2.894691484123801,0.0,-0.9018819328226756,0.868567894204894,219959666.04235464,219.95966604235466,0.4713416586615433,0.3692318639484825
S_Q1,27,B,SPI12,429,-3.1943363616558473,0.0,-1.0857145765524938,0.8803193559591471,152780000.00004333,152.78000000004334,0.46483082506137263,0.3692318639484825
S_Q1,27,B,SPI12,430,-0.0004984708628866692,1711.5557577546986,0.0,0.7,5020241166.4233265,5020.241166423327,0.7911908065606433,0.1591062724588181
S_Q1,27,B,SPI12,431,-2.691998468407429,0.0,-2.225860246975408,0.7179901545571772,38517280.22272212,38.51728022272212,0.4562564485715302,0.3692318639484825
S_Q1,27,B,SPI12,432,0.0,231.83810444632945,0.0,0.7000339451195637,3569929380.2099204,3569.9293802099205,0.6470985875404702,0.351086917849646
S_Q1,27,B,SPI12,433,0.0,631.1514448288739,0.0,0.7,4209969197.085598,4209.969197085598,0.7101789589781904,0.31614900202796464
S_Q1,27,B,SPI12,434,0.0,143.1994050286737,0.0,0.7,3312679380.2249413,3312.6793802249413,0.6294873163268937,0.35749101647276477
S_Q1,27,B,SPI12,435,-0.000997180871893013,34.60713019125001,0.0,0.7,2704431055.033222,2704.431055033222,0.6081047425908136,0.3661721279396592
S_Q1,27,B,SPI12,436,-3.7607527951650765,0.0,-0.9959794657458892,0.8809305846612582,175029514.61377132,175.0295146137713,0.46700110292809627,0.3692318639484825
S_Q1,27,B,SPI12,437,0.0,1766.2156440362623,0.0,0.7003931177269928,5047481856.323564,5047.481856323564,0.7935745543814708,0.15711388622051445
S_Q1,27,B,SPI12,438,0.0,959.8735868428648,0.0,0.7,4526916913.631947,4526.916913631947,0.7430177535845162,0.26626818941900593
S_Q1,27,B,SPI12,439,-1.446742045994784,0.0,-1.036436891414765,0.7,411677524.59545165,411.67752459545164,0.49226171416373143,0.3692318639484825
S_Q1,27,B,SPI12,440,0.0,0.0,-0.07102058771256436,0.7,1126718516.761115,1126.718516761115,0.5923791226384887,0.3692318639484825
S_Q1,27,B,SPI12,442,-2.026693128136627e-05,803.025027204488,0.0,0.7,4388159126.227121,4388.159126227121,0.728466218379763,0.29263172875084503
S_Q1,27,B,SPI12,444,-0.0008794053007159693,455.7745203430672,0.0,0.7,3984886048.442352,3984.8860484423517,0.686270324118547,0.3337602732415412
S_Q1,27,B,SPI12,445,-0.0009395094236027941,158.16877369771024,0.0,0.7,3363417041.9760437,3363.4170419760435,0.6323335823816131,0.3564236667022449
S_Q1,27,B,SPI12,446,0.0,320.00797000449677,-0.00026691871745317466,0.7,3759407226.7576013,3759.407226757601,0.6641406055431033,0.3447895542035791
S_Q1,27,B,SPI12,447,-0.07830612950746085,0.0,-0.5923552401152394,0.7033010410848165,730063485.5294875,730.0634855294875,0.5358451631266233,0.3692318639484825
S_Q1,27,B,SPI12,448,0.0,1100.4110798977495,0.0,0.7,4637310888.908069,4637.310888908069,0.7543316611520262,0.239406553527591
S_Q1,27,B,SPI12,449,-0.0007339267019226727,599.4326415901513,0.0,0.7000024481211048,4173123081.357755,4173.123081357755,0.7060518731988473,0.3194577863165759
S_Q1,27,B,SPI12,450,0.0,0.0,-0.632350614536884,0.700442547171043,706167284.9326264,706.1672849326263,0.5322873305582239,0.3692318639484825
S_Q1,27,B,SPI12,453,0.0,859.222017763926,-9.01130261974869e-06,0.7000000095187409,4440056700.405631,4440.056700405631,0.734728003700146,0.2837015690041626
S_Q1,27,B,SPI12,456,-2.4596528832235374e-05,1346.7920591199818,-0.002237854357908009,0.7000000001627533,4806015126.719574,4806.015126719574,0.7709467392464511,0.19482691144554737
S_Q1,27,B,SPI12,457,-0.0004697321036331791,177.58916151958124,0.0,0.7,3424021360.0708795,3424.0213600708794,0.6361760415554844,0.35496495534920125
S_Q1,27,B,SPI12,462,0.0,1139.9030968510979,0.0,0.7,4666374099.490645,4666.374099490646,0.7568933006012737,0.23307361155584017
S_Q1,27,B,SPI12,464,0.0,993.7596105362489,-5.775333798898209e-07,0.7,4554611772.243224,4554.611772243225,0.745614971359448,0.2596150425160991
S_Q1,27,B,SPI12,465,0.0,1533.9533224717604,-0.0005440764740515159,0.7000000035463969,4921309627.042535,4921.309627042535,0.7825808517451167,0.17177215640231974
S_Q1,27,B,SPI12,466,0.0,271.94581838043274,-0.00033929163942889723,0.7000001416714399,3661915073.517456,3661.915073517456,0.6551748674707368,0.3485608567260825
S_Q1,27,B,SPI12,468,-0.05063193587708886,0.0,-0.2792569952941566,0.7000038655022055,974064519.2702914,974.0645192702915,0.5707830789483046,0.3692318639484825
S_Q1,27,B,SPI12,471,-0.1683784256129314,0.0,-0.49559110787495086,0.7,811312919.9492856,811.3129199492856,0.5473725406482371,0.3692318639484825
S_Q1,27,B,SPI12,472,-2.832403509084153,0.0,-0.7619029934954387,0.711659079830231,583726784.3771455,583.7267843771456,0.5142491194364394,0.3692318639484825
S_Q1,27,B,SPI12,473,-1.0176958616168452,0.0,-0.30070405077257545,0.7017688569882007,953116135.3931253,953.1161353931253,0.5679723912192691,0.3692318639484825
S_Q1,27,B,SPI12,477,-0.0008702370378293659,1828.145473800616,-7.117128572632463e-05,0.7,5080801738.213643,5080.801738213643,0.7964563987618741,0.15558401821610277
S_Q1,27,B,SPI12,479,-0.0008702370378293659,56.126116736040444,-7.117128572632463e-05,0.7,2888956349.19892,2888.9563491989197,0.6126231899526808,0.3642864766784076
S_Q1,27,B,SPI12,480,-2.689421270959575,0.0,-0.5377262300694053,0.7000254109794702,781397657.2642404,781.3976572642404,0.5428896716120539,0.3692318639484825
S_Q1,27,B,SPI12,481,-0.03555073872414721,0.0,-2.5763662025743086,0.7096200792653433,17301374.294750907,17.301374294750907,0.45483331554417056,0.3692318639484825
S_Q1,27,B,SPI12,482,-8.302839853322753e-06,656.9385254750634,-0.00029794691272171754,0.7000021528095063,4238804881.773959,4238.804881773959,0.7129540683815421,0.3133383142989291
S_Q1,27,B,SPI12,483,-8.212168357621101e-08,414.01332377463643,0.0,0.7000032144529336,3921687217.9985657,3921.6872179985658,0.6799729604724802,0.33717579250720464
S_Q1,27,B,SPI12,484,0.0,1254.2845000048987,0.0,0.7000078031790645,4746416249.557532,4746.416249557532,0.7653609421140641,0.2116910378197602
S_Q1,27,B,SPI12,486,-0.0015149236072849292,1615.3516098590671,-0.0005677863026904686,0.7000018281748589,4967605782.788075,4967.605782788076,0.7869214074785641,0.1641939730316291
S_Q1,27,B,SPI12,487,-0.01693276778277153,0.0,-0.7049563856126286,0.702687965050348,647697489.4350915,647.6974894350915,0.5231081225317536,0.3692318639484825
S_Q1,27,B,SPI12,488,-0.0004873885629494845,928.2633440586148,0.0,0.7000912404563112,4500086788.010265,4500.086788010265,0.740349379158217,0.27220976980823286
S_Q1,27,B,SPI12,489,0.0,286.1368974087711,-1.3818901834138856e-07,0.7000000946448777,3692066583.369065,3692.066583369065,0.6577720852456683,0.34763582025829864
S_Q1,27,B,SPI12,490,-2.634734560268652e-05,198.144303458234,0.0,0.7,3482910929.9817996,3482.9109299817997,0.6404810189632476,0.3533639306934216
S_Q1,27,B,SPI12,491,-2.8569610544078694,0.0,-0.7789452773182661,0.8763032852913574,244440421.36253384,244.44042136253384,0.47365424983100296,0.3692318639484825
S_Q1,27,B,SPI12,492,-8.631764313121701e-06,377.57452897962855,0.0,0.7000336674517164,3862396318.426644,3862.396318426644,0.6741381150603052,0.34005763688760804
S_Q1,27,B,SPI12,494,0.0,1065.083533155287,-3.9107879604036885e-07,0.7000000095747715,4610636389.27404,4610.63638927404,0.7512007684918349,0.2459885437791298
S_Q1,27,B,SPI12,495,-0.24664757768997658,0.0,-0.7074840449753541,0.7921686590496589,451973075.55207855,451.97307555207857,0.49699363147970244,0.3692318639484825
S_Q1,27,B,SPI12,496,0.0,1990.4417903961712,-3.4321162147496085e-05,0.7001349173718943,5159974894.42239,5159.97489442239,0.8026114491052053,0.1536272103034831
S_Q1,27,B,SPI12,497,0.0,302.27059467554227,-1.0264833159192145e-06,0.7000001147986824,3724889413.1496267,3724.8894131496268,0.6610097128829117,0.3463550005336749
S_Q1,27,B,SPI12,498,-0.1683784256129314,0.0,-0.01434660144484301,0.7,1166534010.504999,1166.5340105049988,0.5988899562386595,0.3692318639484825
S_Q1,27,B,SPI12,502,0.0,86.38257018439066,-0.0006843331153233989,0.7,3072367390.2810025,3072.3673902810024,0.6179599388052799,0.3620806204859999
S_Q1,27,B,SPI12,503,-0.03136646725129533,0.0,-0.3954813485213174,0.700003683250506,893475919.9623686,893.4759199623686,0.5579393033763831,0.3692318639484825
S_Q1,27,B,SPI12,504,-1.5159246167402321e-05,0.0,-0.053224489079941144,0.7000412527268146,1140618277.1582365,1140.6182771582364,0.5945138221795283,0.3692318639484825
S_Q1,27,B,SPI12,505,-0.3652220193515394,0.0,-0.40585711670938107,0.7049067881953257,871758074.6717162,871.7580746717163,0.5550218806702957,0.3692318639484825
S_Q1,27,B,SPI12,506,-0.03136646725129533,0.0,-0.33137888566396,0.7005136577610693,939026932.6618497,939.0269326618497,0.5655174867470737,0.3692318639484825
S_Q1,27,B,SPI12,507,0.0,97.67194242685628,-0.0005491407264825546,0.7000350971830641,3127996069.023392,3127.996069023392,0.6203792649517914,0.36115558401821624
S_Q1,27,B,SPI12,508,0.0,436.5921184908827,-0.00028404288441314166,0.7000000722998097,3956365078.5495334,3956.3650785495333,0.6839933112747714,0.33529014124595297
S_Q1,27,B,SPI12,509,0.0,1442.7603213200523,0.0,0.7,4867238783.671798,4867.238783671798,0.7770662112640978,0.18184082257088982
S_Q1,27,B,SPI12,510,-0.00046318357611468616,68.42971793994465,0.0,0.7000000700458393,2971023136.2304373,2971.023136230437,0.6147934678194044,0.36329028355925574
S_Q1,27,B,SPI12,511,-0.0003238852353679915,773.9220151686714,0.0,0.7000933711068775,4359805008.270906,4359.805008270906,0.7251930124168355,0.2973636460668161
S_Q1,27,B,SPI12,512,0.0,713.2127487961475,0.0,0.700019336106744,4299032787.97879,4299.03278797879,0.7195004803073967,0.3056889742768705
S_Q1,27,B,SPI12,513,-0.000933072314936232,1179.18044213297,0.0,0.700007932348205,4694520433.222877,4694.520433222877,0.7596684100046254,0.22563774148788554
S_Q1,27,B,SPI12,515,-0.018368031190117273,133.15828475453227,0.0,0.700000013957389,3276335562.08016,3276.3355620801603,0.6270324118546982,0.3585227879176006
S_Q1,27,B,SPI12,516,-0.04864001589307082,0.0,-0.5221524081387718,0.7,793304366.7354782,793.3043667354782,0.5446685878962536,0.3692318639484825
S_Q1,27,B,SPI12,517,-0.0005011668791399062,895.6342881069598,-0.0005676444770740188,0.7,4472246721.396614,4472.246721396614,0.7377877397089696,0.27786672359198783
S_Q1,27,B,SPI12,518,0.0,1389.4396257156995,-5.275150942651548e-05,0.7000984730296504,4833934727.063918,4833.934727063918,0.7736862703241187,0.1886362827765325
S_Q1,27,B,SPI12,519,-6.212643788233782e-05,248.59737783412933,0.0,0.7000021552828456,3609829918.2282524,3609.8299182282526,0.6506919984345536,0.3499839897534422
S_Q1,27,B,SPI12,520,-2.478396885952487,0.0,-0.13128768705829294,0.7009909604578364,1074013217.5473046,1074.0132175473045,0.5856903974098981,0.3692318639484825
S_Q1,27,B,SPI12,521,-0.015364202690239193,0.0,-0.632350614536884,0.8396796892363121,377996518.03178316,377.9965180317832,0.48948660476038,0.3692318639484825
S_Q1,27,B,SPI12,522,0.0,545.2261655835605,0.0,0.7000090943606588,4106579530.557821,4106.57953055782,0.6987938947593128,0.3254349450314868
S_Q1,27,B,SPI12,523,-6.183156913045527e-05,1027.7452184217154,0.0,0.7000036039444542,4581653222.363622,4581.653222363621,0.7485679723912193,0.2524637990536165
S_Q1,27,B,SPI12,525,-0.00032546987044435743,2051.6888396048,0.0,0.7001223093495598,5188810287.116168,5188.810287116168,0.8051019319030849,0.1533070053723272
S_Q1,27,B,SPI12,526,-1.595808243656237,0.0,-0.6891294314653954,0.9076415178591857,204745638.79619813,204.74563879619814,0.4699541039598676,0.3692318639484825
S_Q1,27,B,SPI12,527,0.0,0.0,-0.6408268751145173,0.70000013295518,699955597.4091209,699.955597409121,0.5306863059024441,0.3692318639484825
S_Q1,27,B,SPI12,529,0.0,213.10489864865718,-0.000522342304032423,0.7000095233136984,3522790114.1577816,3522.7901141577818,0.6436830682748069,0.3522610025972178
S_Q1,27,B,SPI12,531,-9.292447281721418e-06,0.0,-0.7071001732169087,0.8144781270098123,403667622.03358006,403.6676220335801,0.49155014765005156,0.3692318639484825
S_Q1,27,B,SPI12,535,0.0,573.3676281575641,-0.0005665132976294357,0.7,4141641632.601298,4141.641632601298,0.7026007756074999,0.32223289571992736
S_Q1,27,B,SPI12,536,0.0,658.1659121008283,0.0,0.7,4240254585.3115134,4240.254585311513,0.713238694987014,0.3132315793218771
S_Q1,27,B,SPI12,539,-1.7294984336398633,0.0,-0.6569877678195453,0.7188781141338304,645564010.9655702,645.5640109655702,0.5227879176005976,0.3692318639484825
S_Q1,27,B,SPI12,542,0.0,806.612403345868,-0.00046628073881960284,0.7000001332693789,4391474324.398851,4391.474324398851,0.7288575799622868,0.2921336321912691
S_Q1,27,B,SPI12,543,0.0,456.2590861520062,-0.0007666046728083166,0.700013421461369,3985461268.338235,3985.4612683382347,0.686305902444231,0.3337602732415412
S_Q1,27,B,SPI12,544,0.0,998.6066798701294,-0.0064828019428859116,0.7000000706362483,4553935162.951523,4553.935162951523,0.745650549685132,0.2584053794428434
S_Q1,27,B,SPI12,545,-0.00023681370174223615,319.9389436407688,-0.0013440896515098818,0.7001342057483767,3758316744.2491794,3758.3167442491795,0.6638915572633153,0.34482513252926306
S_Q1,27,B,SPI12,548,-0.0012945882521438867,2053.619305676151,-0.0005934562499079997,0.7,5190109854.508411,5190.109854508411,0.8051730885544528,0.1533070053723272
S_Q1,27,B,SPI12,549,-2.2711179252413842,0.0,-0.6919336038338734,0.9176274047163087,181875381.19991112,181.87538119991112,0.46806845269861613,0.3692318639484825
S_Q1,27,B,SPI12,550,0.0,1296.5914868282944,0.0,0.7000193312118795,4774619083.126761,4774.619083126761,0.7681716298430996,0.2029743480271819
S_Q1,27,B,SPI12,553,-0.00035860006539714954,1440.9577754971842,-0.00026377692356014055,0.7006561828780336,4863469387.939725,4863.469387939725,0.77663927135589,0.18191197922225782
S_Q1,27,B,SPI12,554,-2.071977106012736,0.0,-0.398737097819013,0.7052739094954636,875588563.8978677,875.5885638978676,0.5556622905326075,0.3692318639484825
S_Q1,27,B,SPI12,555,0.0,376.97494620379103,-0.0004977544164074727,0.7000095233136984,3861403721.198492,3861.403721198492,0.6740669584089373,0.340093215213292
S_Q1,27,B,SPI12,557,0.0,437.06814840582604,-0.0014088729549882602,0.7004931751834993,3954707740.430179,3954.707740430179,0.6837798413206675,0.335218984594585
S_Q1,27,B,SPI12,559,0.0,1220.8492426600237,-0.005596916522375546,0.7000000040836794,4720048828.820995,4720.048828820995,0.7624790977336608,0.21791724481445907
S_Q1,27,B,SPI12,561,-2.1995291725142654e-05,960.6251228991581,-1.3558672655917425e-06,0.7000094044395724,4527502081.469613,4527.502081469613,0.7430533319102002,0.26594798448784995
S_Q1,27,B,SPI12,562,-0.00023806163068735973,494.58424532862483,-9.784408798454904e-05,0.7000003198978615,4039650640.2731023,4039.6506402731025,0.692211904507774,0.33048706727861377
S_Q1,27,B,SPI12,563,-4.275574749496939e-09,1707.587063731129,-2.539151573410721e-06,0.7001337500651342,5017588956.327013,5017.588956327013,0.7910840715835912,0.15928416408723806
S_Q1,27,B,SPI12,565,-0.001297352237876537,524.4923166965684,-0.0005952743566904307,0.7000027588212681,4079744731.4883738,4079.744731488374,0.6961610986586971,0.3270715480129506
S_Q1,27,B,SPI12,566,-0.0018399693969607112,0.0,-0.0697221313336937,0.7019143519621028,1120222836.106324,1120.222836106324,0.5910983029138649,0.3692318639484825
S_Q1,27,B,SPI12,567,-0.0012796768862764916,743.5813390222866,-1.3558672655917425e-06,0.7000098410764304,4330029215.644578,4330.029215644578,0.7225957946419038,0.3017042018002632
S_Q1,27,B,SPI12,568,-1.220504185526064e-08,1766.5428696662398,-0.0005009085051345689,0.700006653602422,5049101471.407373,5049.1014714073735,0.7936101327071547,0.15711388622051445
S_Q1,27,B,SPI12,570,-0.0009319760776171848,713.5252209541044,-1.5072473178128236e-08,0.7000113906388624,4299388089.096173,4299.388089096174,0.7195716369587646,0.30565339595118646
S_Q1,27,B,SPI12,571,0.0,545.8298154015051,-0.0005268619623746602,0.7000095272104053,4107267355.0192676,4107.267355019268,0.6988650514106807,0.3252570534030668
S_Q1,27,B,SPI12,574,0.0,68.26022036278115,-0.00034583641064247746,0.700010240608743,2969855233.7906036,2969.8552337906035,0.6147223111680366,0.36329028355925574
S_Q1,27,B,SPI12,575,0.0,129.48619236620834,0.0,0.7000197580828367,3262443471.0989566,3262.4434710989567,0.6266410502721743,0.3586295228946526
S_Q1,27,B,SPI12,576,-0.00036113242557443914,898.9002190052984,-0.0004657680808637113,0.7000001337100515,4475106918.025918,4475.106918025918,0.7379656313373895,0.27711957875262394
S_Q1,27,B,SPI12,577,-0.003447397975886012,54.97324289979859,-0.0003858457504492905,0.7000434339957874,2880420187.199218,2880.4201871992177,0.6123741416728928,0.36439321165545957
S_Q1,27,B,SPI12,580,-1.6117809532635032,0.0,-0.14323315395274355,0.700265977508737,1067550753.2537283,1067.5507532537283,0.5844095776852741,0.3692318639484825
S_Q1,27,B,SPI12,581,-1.0827426116568283e-05,473.86444967542405,-0.0005538042678739174,0.7000096508307918,4010751328.1016836,4010.7513281016836,0.6891877468246342,0.3323371402141814
S_Q1,27,B,SPI12,582,-7.768585853943393e-05,157.94453634430485,-0.0004812961955464757,0.7000066382678133,3362580356.2409186,3362.5803562409187,0.6322268474045613,0.3564236667022449
S_Q1,27,B,SPI12,584,-2.0678640550880663,0.0,-0.39786284856050896,0.7001873021663514,891423073.2153852,891.4230732153852,0.5575835201195432,0.3692318639484825
S_Q1,27,B,SPI12,585,-3.79564023935156e-08,1359.9600378560071,-0.0063675467887237824,0.700459046781012,4809787050.900628,4809.787050900628,0.7713736791546592,0.19269221190450783
S_Q1,27,B,SPI12,586,-2.874343975565084e-07,356.026950462786,-0.0002937803844105576,0.7000002279753571,3825375849.4475408,3825.375849447541,0.670544704166222,0.3422990714056996
S_Q1,27,B,SPI12,587,-2.4184951124706764,0.0,-0.18241123449176647,0.7222381241205702,965979960.0805525,965.9799600805525,0.5700359341089408,0.3692318639484825
S_Q1,27,B,SPI12,588,-0.0013644617941051865,1828.877519590053,-0.0004977544164074727,0.70005015241929,5080974926.415479,5080.974926415479,0.7965275554132423,0.15558401821610277
S_Q1,27,B,SPI12,589,-2.3936642934663213,0.0,-0.18241123449176647,0.7054175275276016,1024469262.2389239,1024.4692622389239,0.5785035756217314,0.3692318639484825
S_Q1,27,B,SPI12,591,-1.6200362445099718e-05,288.5772577232781,-0.0008010918055372168,0.7000069938152198,3697013768.398362,3697.013768398362,0.6582701818052441,0.3475290852812467
S_Q1,27,B,SPI12,592,-2.55472359800231,0.0,-0.5413121803696183,0.7000216454929996,780096222.3340373,780.0962223340373,0.5426050450065821,0.3692318639484825
S_Q1,27,B,SPI12,594,-0.0030051559529971628,0.0,-0.6621160996283292,0.9530587617930721,107325676.4436491,107.3256764436491,0.46177108905254916,0.3692318639484825
S_Q1,27,B,SPI12,595,-0.0782063216933635,0.0,-0.677130362293027,0.9298469532356859,157449427.22401714,157.44942722401714,0.4660049098089444,0.3692318639484825
S_Q1,27,B,SPI12,596,0.0,773.0209810202846,-0.0005537967316373283,0.700013421461369,4359163772.636653,4359.1637726366525,0.7251218557654676,0.29750595936955215
S_Q1,27,B,SPI12,597,-0.031371374321536916,0.0,-1.642530267281412,0.8706123319823293,63755716.83120369,63.75571683120369,0.45785747322730996,0.3692318639484825
S_Q1,27,B,SPI12,598,-3.79564023935156e-08,114.39985331888079,-1.1111337608166259e-05,0.700006632862225,3202376817.8617573,3202.3768178617574,0.6232966876578788,0.35980360764222435
S_Q1,27,B,SPI12,599,0.0,826.064594584998,-0.0005235633316083018,0.7000094712524085,4409637650.621063,4409.637650621064,0.7307076528978546,0.28875369125128975
S_Q1,27,B,SPI12,600,-0.030668889121749747,0.0,-1.8380295461597922,0.7000304511546713,100464640.62775147,100.46464062775146,0.46031237769950545,0.3692318639484825
S_Q1,27,B,SPI12,601,-9.87858053080724e-06,177.3384186781541,-0.0005028562039859826,0.7000578206567201,3422966015.3337374,3422.9660153337372,0.6361048849041163,0.35500053367488527
S_Q1,27,B,SPI12,602,-0.00034518676680859626,924.1559015899884,-0.0004657680808637113,0.7000006314741211,4496876663.5001745,4496.876663500175,0.7400647525527452,0.27274344469349276
S_Q1,27,B,SPI12,604,-0.0012945882521438867,1140.7519083032264,-0.00046303066208525513,0.7000494089266758,4666717600.820586,4666.717600820586,0.7570000355783257,0.23289571992742017
S_Q1,27,B,SPI12,605,-0.00013268271735567935,84.12080672595619,0.0,0.7002587092274771,3059595368.319364,3059.5953683193643,0.6171772156402321,0.36218735546305186
S_Q1,27,B,SPI12,606,-3.962224979290947e-09,1654.770518396847,-0.0005207436688349957,0.7001352471478429,4988888325.73798,4988.88832573798,0.7889493720425516,0.16141886362827768
S_Q1,27,B,SPI12,607,-0.0013339181298120603,1258.6392204415288,-0.0014586238025547935,0.7000369987656523,4748704181.68683,4748.7041816868295,0.765467677091116,0.21076600135197637
S_Q1,27,B,SPI12,608,-3.3035351396556904e-09,1903.165230212107,0.0,0.7000118433738175,5118287032.898106,5118.287032898105,0.7999786530045896,0.15433877681716293
S_Q1,27,B,SPI12,609,-1.6615311096281937,0.0,-0.3330444769192281,0.7000197895883945,940155460.2053019,940.1554602053019,0.5655530650727577,0.3692318639484825
S_Q1,27,B,SPI12,610,-0.054951227709214456,0.0,-0.48626921494001196,0.7005773114327882,818400759.6069105,818.4007596069105,0.548582203721493,0.3692318639484825
S_Q1,27,B,SPI12,611,-0.0013653410881217056,1542.1969869052436,-0.0005657862171200523,0.700226424731166,4925171177.625551,4925.1711776255515,0.7828299000249048,0.17106058988863987
S_Q1,27,B,SPI12,614,-0.0012266839254244217,251.3311566276471,-4.120303924248054e-05,0.7000098410764304,3616094806.614115,3616.0948066141154,0.6511189383427616,0.3499128331020742
S_Q1,27,B,SPI12,615,-0.0012945882521438867,1106.764847063861,-0.0008194533818271235,0.7000244449118067,4641868150.475817,4641.868150475817,0.7547586010602342,0.23855267371117514
S_Q1,27,B,SPI12,616,-1.7294984336398633,0.0,-0.657332468569098,0.8053852211283491,446469321.7999546,446.46932179995457,0.4969224748283345,0.3692318639484825
S_Q1,27,B,SPI12,617,-0.4785121824404391,0.0,-0.8095737867054016,0.872703650168307,240178603.47640586,240.17860347640587,0.4729426833173231,0.3692318639484825
S_Q1,27,B,SPI12,619,-1.5007523601190218,0.0,-0.16659031183460882,0.7000238803045551,1052958326.4086708,1052.9583264086707,0.5824171914469706,0.3692318639484825
S_Q1,27,B,SPI12,621,-3.4008587745359693e-12,302.4002193688192,-1.055392116143777e-05,0.7000111620917481,3725104191.388619,3725.104191388619,0.6610808695342797,0.34631942220799095
S_Q1,27,B,SPI12,622,-2.417542236645261,0.0,-0.5785705723517239,0.7001862316262423,749188143.020197,749.188143020197,0.5381933326217668,0.3692318639484825
S_Q1,27,B,SPI12,623,-0.06479657455368615,0.0,-0.05405174164437998,0.7004228034234357,1138513279.1881769,1138.513279188177,0.5940157256199524,0.3692318639484825
S_Q1,27,B,SPI12,624,-0.0001238806174910824,35.669369315865865,-0.0003813128510012908,0.7000000245642127,2715286786.9197206,2715.2867869197207,0.6082826342192336,0.3661365496139752
S_Q1,27,B,SPI12,625,-1.5267736207416117e-05,1615.0799560398082,-0.00887230954057118,0.7001236130009824,4960266606.824198,4960.266606824198,0.7862454192905682,0.1641939730316291
S_Q1,27,B,SPI12,627,-0.0013653410881217056,1490.035664234704,-0.0005548351712831288,0.700014053411229,4895491928.631023,4895.491928631023,0.7799480556445016,0.1766108086953428
S_Q1,27,B,SPI12,630,-2.242914933402549,0.0,-0.5184940778833511,0.7005382563796999,795668264.2120516,795.6682642120517,0.5449532145017256,0.3692318639484825
S_Q1,27,B,SPI12,632,0.0,495.904303261199,0.0,0.7,4041537385.8796835,4041.5373858796834,0.6924253744618779,0.3304514889529298
S_Q1,27,B,SPI12,633,-2.866725775265483,0.0,-0.8361288625652833,0.8802263271036619,217532630.3282459,217.53263032824592,0.4710570320560715,0.3692318639484825
S_Q1,27,B,SPI12,634,-2.553977797724241,0.0,-0.691957154885636,0.8381453765179369,357196635.3907139,357.1966353907139,0.4860355071690326,0.3692318639484825
S_Q1,27,B,SPI12,635,0.0,213.23299857630232,0.0,0.7,3523239304.6648693,3523.2393046648695,0.6437898032518589,0.35222542427153386
S_Q1,27,B,SPI12,636,0.0,129.34322951579077,0.0,0.7,3261977360.016326,3261.9773600163257,0.6266054719464903,0.3586295228946526
S_Q1,27,B,SPI12,638,-0.00028552804820236355,178.59511393474918,0.0,0.7000152259390223,3426960691.9047337,3426.9606919047337,0.6363895115095883,0.35489379869783333
S_Q1,27,B,SPI12,640,-3.568961938345625,0.0,-0.89455636438582,0.8823682686331971,197982544.44158632,197.98254444158633,0.46927811577187173,0.3692318639484825
S_Q1,27,B,SPI12,641,-1.960186090735978,0.0,-0.5726505883376273,0.8109176239502893,475597572.8689651,475.5975728689651,0.5017611271213576,0.3692318639484825
S_Q1,27,B,SPI12,643,0.0,657.5302272287086,0.0,0.7000006684260697,4239550076.8665013,4239.5500768665015,0.713167538335646,0.31326715764756113
S_Q1,27,B,SPI12,644,0.0,232.81200131427715,-0.0007655786340763794,0.7,3572356198.6717644,3572.3561986717646,0.6472409008432064,0.351086917849646
S_Q1,27,B,SPI12,646,-1.4952277015822004,0.0,-0.6909130413594327,0.9512083966809854,107990357.55800295,107.99035755800296,0.46187782402960126,0.3692318639484825
S_Q1,27,B,SPI12,647,0.0,1764.1888977191904,-0.0043598748322297,0.7,5045906279.084255,5045.906279084255,0.7933966627530509,0.15718504287188242
S_Q1,27,B,SPI12,649,0.0,1218.8817606732177,0.0,0.7,4722287478.06473,4722.28747806473,0.7626569893620808,0.21820187141993103
S_Q1,27,B,SPI12,650,0.0,199.80724333671003,0.0,0.7,3487466792.2607217,3487.466792260722,0.6408723805457717,0.3532216173906857
S_Q1,27,B,SPI12,651,0.0,925.3368452077852,0.0,0.7000257067175797,4497861444.9026375,4497.861444902637,0.7401359092041131,0.2726722880421248
S_Q1,27,B,SPI12,652,0.0,249.67780002452224,-4.231306418068834e-05,0.7000000383168282,3612332501.3885617,3612.332501388562,0.6508698900629737,0.3499839897534422
S_Q1,27,B,SPI12,653,-1.2529340116059653,0.0,-0.6860518919561458,0.7099803144557492,644126819.0310594,644.1268190310594,0.5225744476464936,0.3692318639484825
S_Q1,27,B,SPI12,655,0.0,713.5369681150329,-0.0011133962728398384,0.7000640665877234,4298684180.347606,4298.684180347605,0.7193937453303446,0.30565339595118646
S_Q1,27,B,SPI12,656,-0.0009273706548049877,1724.2735346176546,-0.012766132689800359,0.7000068430403925,5016294061.676316,5016.294061676316,0.7909773366065393,0.1585370192478742
S_Q1,27,B,SPI12,657,-1.2529340116059653,0.0,-0.7128535739507396,0.7091904159087647,629092791.6345468,629.0927916345468,0.5206887963852421,0.3692318639484825
S_Q1,27,B,SPI12,658,0.0,2050.8735250162363,0.0,0.7000022998120552,5188903320.823359,5188.903320823359,0.8051375102287688,0.1533070053723272
S_Q1,27,B,SPI12,660,-1.876770829168759,0.0,-0.016159125327739332,0.7000135622297813,1164120693.1045477,1164.1206931045476,0.5985341729818197,0.3692318639484825
S_Q1,27,B,SPI12,661,-1.960186090735978,0.0,-0.5726505883376273,0.7006244461658592,752938823.3123828,752.9388233123829,0.5388337424840787,0.3692318639484825
S_Q1,27,B,SPI12,662,0.0,82.66496374087671,-2.0778116992258922e-05,0.7000059762994301,3052844180.2341766,3052.8441802341767,0.6170704806631802,0.36225851211441984
S_Q1,27,B,SPI12,665,-2.866725775265483,0.0,-0.8361288625652833,0.8674726078200996,240681589.06945026,240.68158906945027,0.4734052015512149,0.3692318639484825
S_Q1,27,B,SPI12,666,-7.573892136453928e-10,1441.8070127548285,-0.0006194259948684357,0.700002931744523,4866569954.195694,4866.569954195694,0.7769950546127299,0.18184082257088982
S_Q1,27,B,SPI12,668,-1.1243131876549655,0.0,-0.3548867867482746,0.7000095916890197,925351822.26372,925.35182226372,0.5635251005087701,0.3692318639484825
S_Q1,27,B,SPI12,669,-0.11491723946861923,0.0,-0.1206558744362014,0.7188479200198445,1019205507.3853575,1019.2055073853575,0.5777920091080513,0.3692318639484825
S_Q1,27,B,SPI12,670,0.0,1655.0414988960551,-0.0010858744758655554,0.7000251310911214,4989041739.892051,4989.041739892051,0.7889849503682356,0.16141886362827768
S_Q1,27,B,SPI12,672,0.0,1302.7318508816272,-0.012565913099910564,0.7000095602012875,4768102182.766373,4768.102182766373,0.7676379549578398,0.20208488988508205
S_Q1,27,B,SPI12,673,-2.111529816835691e-05,1100.8599841285572,0.0,0.7000000171533062,4637645637.943193,4637.645637943194,0.7543672394777102,0.23929981855053897
S_Q1,27,B,SPI12,674,0.0,158.05790478017838,0.0,0.7,3363055029.4753146,3363.0550294753148,0.6322624257302452,0.3564236667022449
S_Q1,27,B,SPI12,677,-0.0009669068988560139,1180.2054178859742,-0.0009805967870667284,0.7000004560709334,4694967468.9544735,4694.967468954474,0.7597395666559933,0.22542427153378158
S_Q1,27,B,SPI12,678,-1.0148929438296887e-05,773.8536976169812,0.0,0.7000152259390223,4360046587.598704,4360.046587598705,0.7252641690682035,0.2973636460668161
S_Q1,27,B,SPI12,679,-1.0062862945827142e-08,300.94452817770946,-0.0002449544582490186,0.700008702498768,3722129105.482946,3722.1291054829458,0.6606895079517557,0.34649731383641086
S_Q1,27,B,SPI12,680,0.0,827.7202765602519,0.0,0.7,4411288485.128296,4411.288485128296,0.7308499662005906,0.2884690646458178
S_Q1,27,B,SPI12,681,-0.0011937942905040425,34.83621910805156,-0.0009849570093963397,0.70000134970224,2706498530.251639,2706.498530251639,0.6081758992421816,0.3661721279396592
S_Q1,27,B,SPI12,682,0.0,97.40081775504046,0.0,0.7,3126932424.8858676,3126.9324248858675,0.6203081083004235,0.36115558401821624
S_Q1,27,B,SPI12,684,0.0,0.0,-0.4299014569972195,0.7000005338247337,868283194.0258094,868.2831940258094,0.5548084107161917,0.3692318639484825
S_Q1,27,B,SPI12,685,0.0,117.09217452004464,0.0,0.7,3213562677.6305003,3213.5626776305003,0.6235813142633508,0.3596968726651724
S_Q1,27,B,SPI12,686,0.0,859.8296809732722,-6.759296669350972e-06,0.7000000173198807,4440603136.029537,4440.603136029537,0.7347635820258299,0.28366599067847864
S_Q1,27,B,SPI12,687,-2.553977797724241,0.0,-0.691957154885636,0.7546170820152038,541465689.102419,541.465689102419,0.5079873341160566,0.3692318639484825
S_Q1,27,B,SPI12,688,-0.000994558623410077,1348.7432390336962,-0.00716292574656394,0.7,4803420000.399806,4803.420000399806,0.7707332692923472,0.19450670651439145
S_Q1,27,B,SPI12,689,0.0,1039.0920132096867,-0.01299015028275567,0.7000095602012875,4579643066.151823,4579.643066151823,0.7488881773223752,0.250008894581421
S_Q1,27,B,SPI12,690,-2.718151799319178,0.0,-0.15376288751735928,0.9951095243206036,17430443.64896011,17.43044364896011,0.4556160387092184,0.3692318639484825
S_Q1,27,B,SPI12,691,-0.09936523588022306,0.0,-0.05179063042695742,0.7008174796768908,1139361292.5060775,1139.3612925060775,0.5943715088767924,0.3692318639484825
S_Q1,27,B,SPI12,692,-1.4723778017404206e-05,53.00036899018666,0.0,0.7000262241068375,2865932042.7392282,2865.932042739228,0.6119116234390009,0.3646422599352474
S_Q1,27,B,SPI12,693,-7.349560369161441e-05,1257.4369736452659,-0.012243400437349769,0.7000095602012875,4738187888.83172,4738.187888831721,0.7646849539260681,0.21101504963176437
S_Q1,27,B,SPI12,694,0.0,546.3805258335693,-0.0011580729374136194,0.70000004129867,4107571977.3861585,4107.571977386158,0.6989006297363647,0.3252570534030668
S_Q1,27,B,SPI12,695,0.0,896.0026836406986,-0.00010350449401925815,0.7,4472567040.235746,4472.567040235746,0.7378233180346536,0.2777599886149358
S_Q1,27,B,SPI12,696,-0.18440403421046314,0.0,-0.14251579257990132,0.7000411550011091,1068661480.1343293,1068.6614801343294,0.5849788308962179,0.3692318639484825
S_Q1,27,B,SPI12,697,-9.748459119432104e-05,143.8323162377103,-2.0356504394401917e-05,0.7000000065151608,3314904363.8967347,3314.9043638967346,0.6295940513039455,0.35745543814708075
S_Q1,27,B,SPI12,699,-2.7447142434718867,0.0,-0.73470789483076,0.7205911544562379,586707787.5464939,586.7077875464939,0.5144981677162273,0.3692318639484825
S_Q1,27,B,SPI12,700,0.0,474.65892197547817,-0.0019354886819894696,0.7000256575329926,4010650351.9600964,4010.6503519600965,0.6891877468246342,0.33226598356281345
S_Q1,27,B,SPI12,703,-1.2990219462374886,0.0,-0.6579398513894006,0.702321485491212,682772969.7845292,682.7729697845292,0.5281246664531966,0.3692318639484825
S_Q1,27,B,SPI12,704,-0.18493848216721398,0.0,-0.16198176770335218,0.7,1056037808.9641349,1056.037808964135,0.5828085530294944,0.3692318639484825
S_Q1,27,B,SPI12,705,-0.0009713602021259825,1140.2877747191555,-0.0009805967870667284,0.7001297487881326,4665834868.1411,4665.8348681411,0.7568577222755898,0.23296687657878815
S_Q1,27,B,SPI12,706,-0.025731265547346505,2050.8735250162363,0.0,0.7000022998120552,5188782784.132484,5188.782784132484,0.8024335574767852,0.1574340911516704
S_Q1,27,B,SPI12,708,-0.11767668922942565,0.0,-0.15028481522812384,0.7188479200198445,997340476.9743108,997.3404769743107,0.5743764898423879,0.3692318639484825
S_Q1,27,B,SPI12,709,-0.0009588905900593248,574.5253913583591,-0.0018561271654644468,0.7000832468875909,4141739374.533064,4141.739374533064,0.7026007756075001,0.3220905824171914
S_Q1,27,B,SPI12,710,0.0,600.5163954404591,-0.0005320500102530675,0.7000032500240997,4174322639.014024,4174.3226390140235,0.7061586081758991,0.3193866296652079
S_Q1,27,B,SPI12,712,-1.3084980381573292,0.0,-0.6920460227796694,0.9299740998139623,154569463.77640295,154.56946377640296,0.4657202832034724,0.3692318639484825
S_Q1,27,B,SPI12,713,0.0,1536.725529299322,-0.0006862476753594724,0.7001107848977943,4922480155.777481,4922.480155777481,0.7826164300708008,0.17138079481979573
S_Q1,27,B,SPI12,714,-0.09539507592479701,0.0,-0.4632684210162441,0.7000012647187995,840991446.0550835,840.9914460550835,0.5513928914505284,0.3692318639484825
S_Q1,27,B,SPI12,715,0.0,630.4039250153743,-2.1108225321680193e-06,0.700000431862591,4209117031.598251,4209.117031598251,0.7100010673497705,0.3162201586793326
S_Q1,27,B,SPI12,716,-0.20426898671326987,99.18344800613426,0.0,0.7,3135255315.5814533,3135.2553155814535,0.6182801437364357,0.3624719820685239
S_Q1,27,B,SPI12,717,0.0,413.5530685091732,0.0,0.7000013471565539,3920972060.69307,3920.97206069307,0.6798662254954282,0.33717579250720464
S_Q1,27,B,SPI12,720,-0.0004673114399969803,680.5870752321993,-0.0010647908503574168,0.7000000112276702,4264162023.4773793,4264.162023477379,0.7159070694133136,0.31027857829010563
S_Q1,27,B,SPI12,721,0.0,270.21721083828857,-0.00045757265078214676,0.7000004429336599,3658171435.033735,3658.1714350337347,0.654961397516633,0.3486320133774505
S_Q1,27,B,SPI12,723,-4.863760400424817e-08,69.894151753519,0.0,0.7000002825323458,2980012234.4612927,2980.012234461293,0.6150425160991924,0.3632191269078877
S_Q1,27,B,SPI12,724,0.0,433.7360852433321,-0.0007831728191815849,0.7000033251206104,3952031280.307491,3952.0312803074908,0.6836019496922474,0.3354324545486889
S_Q1,27,B,SPI12,725,-1.1442450718220019,0.0,-0.5214155964714451,0.700038791309975,793620403.8630824,793.6204038630824,0.5447753228733057,0.3692318639484825
S_Q1,27,B,SPI12,727,-1.108768860225911,0.0,-0.07101993557262977,0.7,1126718516.761115,1126.718516761115,0.5923791226384887,0.3692318639484825
S_Q1,27,B,SPI12,730,-0.0013763415635137744,1486.692708586806,-0.00021458554894248944,0.7,4893557479.93065,4893.55747993065,0.7798057423417655,0.17678870032376276
S_Q1,27,B,SPI12,731,0.0,0.0,-0.7952887589351562,0.8512077412010056,287270986.0172448,287.2709860172448,0.4784217454726581,0.3692318639484825
S_Q1,27,B,SPI12,732,0.0,1063.7639843783788,-0.001098584494828588,0.7000014113199725,4609110627.388525,4609.110627388525,0.751129611840467,0.24613085708186574
S_Q1,27,B,SPI12,735,0.0,289.1961518210942,0.0,0.7005053180057819,3696405327.37286,3696.40532737286,0.6580567118511402,0.3474935069555627
S_Q1,27,B,SPI12,736,0.0,1387.987945325685,-0.0011502650892442285,0.7000012420586788,4832902771.561499,4832.902771561498,0.7736506919984345,0.18892090938200445
S_Q1,27,B,SPI12,737,0.0,1985.8842633504173,0.0,0.7001276146662668,5157844480.796448,5157.844480796448,0.8024691358024693,0.1537339452805351
S_Q1,27,B,SRI3,3,0.0,1570.4316206906065,0.0,0.7,5298035496.60492,5298.035496604921,0.839221546234034,0.09374888817732237
S_Q1,27,B,SRI3,4,-1.3133949500772624,0.0,-0.15622940011234698,0.711307480677801,1417160274.4976013,1417.1602744976012,0.6295584729782617,0.3692318639484825
S_Q1,27,B,SRI3,5,0.0,774.615363566963,0.0,0.7,4715042663.467012,4715.042663467012,0.777137367915466,0.2744867826520083
S_Q1,27,B,SRI3,6,0.0,109.34775686109153,0.0,0.7,3533746419.389237,3533.746419389237,0.6696552460241222,0.35741985982139685
S_Q1,27,B,SRI3,11,0.0,287.4765449224905,0.0,0.7,4048131863.9274483,4048.131863927448,0.7078307894830471,0.3393460703739282
S_Q1,27,B,SRI3,15,-3.0232131287586443,0.0,-1.5672877850989821,0.7927976177889178,426607943.50145197,426.607943501452,0.5046073931760772,0.3692318639484825
S_Q1,27,B,SRI3,19,0.0,1820.9142562550264,0.0,0.7005711012985282,5430363966.9227495,5430.36396692275,0.8510335503611202,0.06183513003878038
S_Q1,27,B,SRI3,26,0.0,1878.3522686404997,0.0,0.7,5462258131.977539,5462.258131977539,0.8541644430213112,0.05685416444302132
S_Q1,27,B,SRI3,29,-1.478316999921114,0.0,-1.6240616090651745,0.8554630697135495,274566148.2574823,274.56614825748227,0.484363325861885,0.3692318639484825
S_Q1,27,B,SRI3,31,0.0,2015.6810645981054,-0.19768522405011701,0.8829897717067482,4560536166.915852,4560.536166915852,0.7930764578218951,0.04781726971928701
S_Q1,27,B,SRI3,33,-0.09047042766829749,2100.0,0.0,0.7,5567743016.308166,5567.743016308165,0.8565481908421391,0.05219340377841819
S_Q1,27,B,SRI3,35,0.0,2100.0,-0.22163772691582295,0.845194792435972,4778490086.233816,4778.490086233816,0.8109011989895757,0.04454406375635962
S_Q1,27,B,SRI3,38,0.0,2067.763631555649,-0.06518382419801183,0.9382530435264351,4326069554.835216,4326.069554835216,0.7787383925712456,0.04568257017824741
S_Q1,27,B,SRI3,40,0.0,1922.3292611642,-0.32041380784762885,0.9188139457472405,4326627244.981014,4326.627244981014,0.7737574269754866,0.053367488525989965
S_Q1,27,B,SRI3,41,-0.03174923753802328,2045.8710210427857,-0.0008175727027455743,0.7,5542977966.357983,5542.977966357983,0.8578645888924465,0.04941829437506673
S_Q1,27,B,SRI3,42,-0.004780717638249422,720.498998744474,0.0,0.7000014786767281,4660694514.858916,4660.694514858917,0.771089052549187,0.28366599067847875
S_Q1,27,B,SRI3,49,0.0,603.4149594348266,0.0,0.7000000016022786,4531639527.048662,4531.639527048662,0.7574269754865334,0.30195325008005125
S_Q1,27,B,SRI3,50,-3.2533385409157067,0.0,-0.20339631430991637,0.7343904020293319,1285151964.3912375,1285.1519643912375,0.611235635251005,0.3692318639484825
S_Q1,27,B,SRI3,53,0.0,1077.0000012309292,0.0,0.7,4974425881.895214,4974.425881895214,0.8049240402746647,0.20706585548084108
S_Q1,27,B,SRI3,60,0.0,259.1717680101806,0.0,0.7,3987160501.439401,3987.1605014394013,0.7020671007222399,0.34172981819475573
S_Q1,27,B,SRI3,61,-4.4216190539736466e-05,464.32893007661437,0.0,0.7,4350883803.471272,4350.883803471273,0.7384993062226491,0.3201693528302558
S_Q1,27,B,SRI3,63,0.0,1844.1816682258302,-0.03213308007996685,0.9234011732999342,4295864786.580645,4295.864786580644,0.7687764613797277,0.05987832212616072
S_Q1,27,B,SRI3,65,0.0,1846.9932434642562,-0.00045222901819540196,0.9382530435264351,4224634939.933042,4224.634939933042,0.7642935923435443,0.059593695520688786
S_Q1,27,B,SRI3,66,0.0,1999.7421040414094,-0.3764058576553402,0.8794112460556682,4538824314.492269,4538.824314492269,0.7909417582808553,0.04863557121001886
S_Q1,27,B,SRI3,67,-0.0888401099675319,2053.983208287651,-0.0011435462465587166,0.7,5546058023.277974,5546.058023277974,0.8547692745579393,0.053154018571886015
S_Q1,27,B,SRI3,68,0.0,1725.9366276708129,-0.005489310343813246,0.7012064307578689,5374978570.08611,5374.97857008611,0.8462304763937807,0.07122780801935462
S_Q1,27,B,SRI3,70,0.0,34.62929238791776,0.0,0.7,3057284077.061262,3057.284077061262,0.6527199629985413,0.3654605614259793
S_Q1,27,B,SRI3,71,0.0,1023.7351380809978,0.0,0.7,4933171579.261866,4933.171579261865,0.8006902195182692,0.21973173942434265
S_Q1,27,B,SRI3,76,-0.004780717638249422,728.9854902630799,0.0,0.70000148079246,4669404698.825316,4669.404698825317,0.7720496673426547,0.28234959262817094
S_Q1,27,B,SRI3,78,0.0,1522.8524567163468,0.0,0.7000000016411589,5270598030.706197,5270.598030706196,0.8363752801793146,0.10218095136442876
S_Q1,27,B,SRI3,79,-2.043242541481535e-06,197.9827554182001,0.0,0.7,3835542045.8210316,3835.5420458210315,0.6888675418934785,0.34745792862987873
S_Q1,27,B,SRI3,81,0.0,1826.9350558795588,-0.023204828209984596,0.9265866971170964,4271779762.1359234,4271.779762135923,0.7668908101184759,0.06130145515352048
S_Q1,27,B,SRI3,83,0.0,2015.3792651588906,-1.4011071205937475,0.8127802499753141,4451534458.75888,4451.53445875888,0.7830077916533248,0.04781726971928701
S_Q1,27,B,SRI3,84,0.0,393.6838911439712,0.0,0.7003483566882418,4240877930.2824063,4240.877930282406,0.7272209769808233,0.3273561746184224
S_Q1,27,B,SRI3,85,-3.4155416515226342,0.0,-1.660688497506992,0.9037271172204657,175955021.01352236,175.95502101352236,0.4721955384779592,0.3692318639484825
S_Q1,27,B,SRI3,86,0.0,1859.8854179167854,-0.3131430705887924,0.899113182423416,4389398998.215146,4389.398998215146,0.7763902230761021,0.05852634575016899
S_Q1,27,B,SRI3,88,0.0,1853.9257083487491,-0.2054192249886031,0.7082500077472644,5328523098.315179,5328.523098315179,0.8431351620592735,0.05884655068132493
S_Q1,27,B,SRI3,90,-1.8680202012874878,0.0,-0.008659088222462669,0.7057740446721459,1496841036.374472,1496.841036374472,0.639057885935888,0.3692318639484825
S_Q1,27,B,SRI3,91,-0.08366689469785935,563.947939163424,0.0,0.7,4483788375.289559,4483.78837528956,0.750346888675419,0.30825061372611806
S_Q1,27,B,SRI3,93,0.0,1941.1417060060278,0.0,0.7002471206636576,5491882693.49345,5491.8826934934505,0.8566193474935068,0.05215782545273418
S_Q1,27,B,SRI3,94,-3.1961055290578884,0.0,-0.43393019594005483,0.7293861116531782,1221417608.6619215,1221.4176086619216,0.6022343188529549,0.3692318639484825
S_Q1,27,B,SRI3,96,-0.0015915254954905582,160.28334358496022,-0.007172553698759301,0.7,3720125253.0834937,3720.1252530834936,0.6807912619632119,0.35151385775785393
S_Q1,27,B,SRI3,98,0.0,1810.1537367686137,-0.06270706264773622,0.9800616972383619,3990000182.643999,3990.0001826439993,0.7457217063364998,0.06325826306614013
S_Q1,27,B,SRI3,99,0.0,535.1039168273805,-0.008837446891051592,0.7005459224021402,4440413607.645908,4440.413607645908,0.7471804176895435,0.31148824136336145
S_Q1,27,B,SRI3,100,0.0,344.898793786238,0.0,0.7000277790132313,4158919356.1577206,4158.91935615772,0.7191091187248728,0.33311986337922944
S_Q1,27,B,SRI3,101,0.0,419.9183765455074,-0.0050078396331034725,0.7000002523794604,4282033722.5409513,4282.033722540951,0.7315971110399546,0.32479453516917495
S_Q1,27,B,SRI3,102,-0.00010988524752806022,814.6222022056637,-0.007101613738759597,0.7029449448578596,4735212484.708821,4735.212484708822,0.7795922723876616,0.2667662859785818
S_Q1,27,B,SRI3,103,0.0,379.29780694440456,0.0,0.7000720421928522,4218512116.2119627,4218.512116211963,0.7246593375315759,0.3291350909026221
S_Q1,27,B,SRI3,105,0.0,432.7993122399036,0.0,0.7000581306896795,4303933835.686152,4303.933835686153,0.734123172163518,0.32330024549044717
S_Q1,27,B,SRI3,107,0.0,2000.9973501416348,-1.5160116768315641,0.8431508733024827,4325635708.003122,4325.635708003122,0.7740064752552746,0.048564414558650855
S_Q1,27,B,SRI3,108,0.0,2018.6497476085533,-0.00045222901819540196,0.937825800491667,4310632112.096393,4310.632112096393,0.7762123314476822,0.04774611306791902
S_Q1,27,B,SRI3,109,-0.0019741525545124983,753.524894819877,-1.8711010966942074e-05,0.7000000237609846,4694172610.749757,4694.172610749757,0.7752517166542141,0.2780801935460917
S_Q1,27,B,SRI3,110,-0.0010574472093954918,280.8314026509379,0.0,0.7007769432966361,4030263705.3238673,4030.2637053238673,0.7060518731988471,0.3398441669335041
S_Q1,27,B,SRI3,111,-0.03715893479344933,139.29552874857964,-0.009474307104772949,0.7,3647541298.6166925,3647.5412986166925,0.6761660796242929,0.35425338883552143
S_Q1,27,B,SRI3,113,-0.00023363575146737037,571.1505639097838,0.0,0.7,4492754855.686854,4492.754855686854,0.7529796847760345,0.3063293841391825
S_Q1,27,B,SRI3,114,-8.418452506738698e-05,951.6490895262053,0.0,0.7,4874632844.074195,4874.6328440741945,0.7944284341978867,0.23841036040843921
S_Q1,27,B,SRI3,116,-3.2533385409157067,0.0,-0.1940794888409303,0.7017190953815771,1447580164.7504435,1447.5801647504434,0.6334720888035013,0.3692318639484825
S_Q1,27,B,SRI3,119,-0.00012657333320148316,1282.796484599064,-0.0073858926425093285,0.7,5117616272.469676,5117.616272469676,0.8210410218095134,0.1555840182161028
S_Q1,27,B,SRI3,120,-3.492279478931358,0.0,-0.7851351929243,0.7034005991197951,1153769712.8666172,1153.7697128666173,0.5951542320418403,0.3692318639484825
S_Q1,27,B,SRI3,122,0.0,2015.3792651588906,-0.003635993493190215,0.7003533811812551,5525363488.596528,5525.363488596528,0.8593588785711743,0.04781726971928701
S_Q1,27,B,SRI3,123,0.0,1051.8522581650122,0.0,0.7002452214566279,4953856004.246537,4953.856004246537,0.802682605756573,0.21272280926459608
S_Q1,27,B,SRI3,124,0.0,2014.4572424875855,-1.7813102067612163,0.8811568902646557,4172808482.339206,4172.808482339206,0.7650407371829082,0.04788842637065501
S_Q1,27,B,SRI3,125,-0.14204468707543352,0.0,-0.4648908309631677,0.7053091457407149,1316696675.6173327,1316.6966756173326,0.6147578894937205,0.3692318639484825
S_Q1,27,B,SRI3,127,0.0,935.8490421117397,0.0,0.7000011832691442,4861369774.181077,4861.369774181077,0.793147614473263,0.2420393496282065
S_Q1,27,B,SRI3,128,-0.0042481290850119174,1449.3408285946737,0.0,0.7000480323939356,5226366720.076278,5226.3667200762775,0.8317145195147115,0.11683922154623402
S_Q1,27,B,SRI3,130,-0.0014550855062817124,640.858092083061,-1.3816250068489832e-05,0.7000971498342853,4574350920.207537,4574.350920207537,0.7624435194079767,0.29675881453018815
S_Q1,27,B,SRI3,131,-0.012285625888132985,1.7490011936070484,0.0,0.7,2284860324.0389295,2284.8603240389293,0.644252321485751,0.3691251289714305
S_Q1,27,B,SRI3,132,0.0,1164.3205695729168,-0.0038340527455053702,0.7,5036989358.513516,5036.989358513516,0.8117906571316753,0.18667947486391293
S_Q1,27,B,SRI3,133,0.0,1857.2734331845477,0.0,0.8823402602276147,4516563245.938133,4516.563245938133,0.7859607926850961,0.05866865905290498
S_Q1,27,B,SRI3,135,0.0,402.40711120186563,0.0,0.7000720421928522,4256447438.9059696,4256.44743890597,0.7288220016366032,0.3264311381506386
S_Q1,27,B,SRI3,136,-0.011299001018400978,98.16025512268118,0.0,0.7000118935851832,3483269505.06008,3483.26950506008,0.6674849681573987,0.35877183619738856
S_Q1,27,B,SRI3,139,0.0,222.208298412702,0.0,0.7000157916960988,3899253775.7095866,3899.2537757095865,0.6942042907460775,0.3452164941117871
S_Q1,27,B,SRI3,141,-0.0019741525545124983,805.7579213169417,-0.004373762776000434,0.7,4743062644.848536,4743.0626448485355,0.7802682605756571,0.2684384672857295
S_Q1,27,B,SRI3,142,0.0,1927.7528807051644,-0.27705937516180523,0.9750744528347487,4066573792.8580036,4066.573792858004,0.7561461557619098,0.05308286192051802
S_Q1,27,B,SRI3,144,0.0,2079.3520477937973,-2.381729226066285,0.8996513734333959,4082033427.4106054,4082.0334274106053,0.761625217917245,0.04543352189845947
S_Q1,27,B,SRI3,145,-6.713722868196279e-06,1114.1717735952934,-0.0008784462770629309,0.7012134218646783,4996017750.652181,4996.01775065218,0.8078770413064361,0.19838474401394668
S_Q1,27,B,SRI3,146,-0.02831709771827466,11.485570432998358,0.0,0.7,2706987615.877829,2706.9876158778293,0.6466004909808944,0.3680933575265947
S_Q1,27,B,SRI3,148,0.0,1822.5192014441575,-0.0611674959244346,0.893755207139476,4432070319.495412,4432.070319495412,0.7781691393603017,0.06183513003878038
S_Q1,27,B,SRI3,149,-3.5397206265953742,0.0,-0.14254595807408008,0.7011377600145046,1472360744.37135,1472.36074437135,0.6372433913260042,0.3692318639484825
S_Q1,27,B,SRI3,153,-0.003195891650947247,344.898793786238,-0.02841044455913391,0.7000004824890861,4147205051.847223,4147.205051847222,0.717757142348881,0.33311986337922944
S_Q1,27,B,SRI3,154,0.0,911.5940989759788,0.0,0.7000011470101151,4840622284.214745,4840.6222842147445,0.7907994449781193,0.2470914718753335
S_Q1,27,B,SRI3,156,-0.08691613861540004,43.64138177445966,-0.0017731036302091096,0.7000709597778239,3142106715.9966855,3142.1067159966856,0.6545700359341089,0.36482015156366737
S_Q1,27,B,SRI3,159,0.0,1821.7000190330784,-0.5880155694720677,0.7504035076588157,4960735220.015875,4960.735220015875,0.8161312128651228,0.06183513003878038
S_Q1,27,B,SRI3,165,0.0,2062.110669518546,-2.9981794530548114,0.9013024649120174,4032448692.599383,4032.448692599383,0.7583875902800015,0.04589604013235137
S_Q1,27,B,SRI3,167,-0.0012311992968700482,1768.2373897650443,0.0,0.7000138622874119,5406087530.863285,5406.087530863285,0.8487921158430287,0.06752766214821929
S_Q1,27,B,SRI3,168,0.0,1857.2734331845477,-0.007499646327159881,0.8907414361795511,4472325420.429875,4472.3254204298755,0.7824741167680648,0.05866865905290498
S_Q1,27,B,SRI3,169,-0.003740739787142809,2098.6166526918187,-0.0034907726354661828,0.8483662759103776,4805674722.46595,4805.67472246595,0.8128935852278791,0.044650798733411594
S_Q1,27,B,SRI3,171,0.0,1223.2457110032165,0.0,0.7,5080319138.147571,5080.319138147571,0.8167716227274345,0.17116732486569183
S_Q1,27,B,SRI3,172,0.0,206.87533456734582,-0.00113086760006487,0.7000084351129593,3859088304.0400414,3859.0883040400413,0.6906464581776782,0.34681751876756683
S_Q1,27,B,SRI3,177,-0.049958964979990306,1831.6789912569293,0.0,0.7000094696730289,5438653623.961936,5438.653623961936,0.8490767424485005,0.06357846799729605
S_Q1,27,B,SRI3,178,0.0,1926.043586677285,0.0,0.9658783342923968,4122335600.0682416,4122.335600068242,0.7597751449816772,0.053154018571886
S_Q1,27,B,SRI3,179,-1.188997458895106,0.0,-0.5125484550456706,0.704046439073671,1295820438.4748728,1295.8204384748728,0.612160671718789,0.3692318639484825
S_Q1,27,B,SRI3,180,0.0,86.28018537224195,-2.115890294072595e-05,0.7000156033769904,3424613144.2403646,3424.6131442403644,0.6641406055431032,0.35983918596790837
S_Q1,27,B,SRI3,183,0.0,68.8553127854197,-6.713657784914267e-08,0.7000011047630089,3326375143.412588,3326.375143412588,0.6608318212544917,0.361618102252108
S_Q1,27,B,SRI3,184,-0.0005917596663047864,82.0452594871345,0.0,0.7,3402302336.6610084,3402.302336661008,0.6631799907496353,0.36019496922474836
S_Q1,27,B,SRI3,185,0.0,834.4778854713024,0.0,0.700000246640628,4771841097.130813,4771.841097130813,0.7833991532358486,0.26274593517629063
S_Q1,27,B,SRI3,187,0.0,660.5553331498877,0.0,0.700001196072695,4596800212.665325,4596.8002126653255,0.7647916889031201,0.29352118689294476
S_Q1,27,B,SRI3,190,-5.187796818701459e-05,677.7797263982168,0.0,0.7000000307289614,4615616460.6938925,4615.616460693893,0.7669619667698435,0.29088839079232937
S_Q1,27,B,SRI3,194,0.0,1500.7428813974593,-0.0070112045901935165,0.7,5254344873.0183325,5254.344873018333,0.8348809905005873,0.10680613370334793
S_Q1,27,B,SRI3,195,-0.0014550855062817124,55.40163957250479,-1.3816250068489832e-05,0.7000971498342853,3235996248.0460186,3235.9962480460185,0.6578076635713523,0.3630056569537838
S_Q1,27,B,SRI3,196,-0.0003065713996500309,448.363914218751,-1.767996867269262e-06,0.7000364508441412,4327386459.402163,4327.3864594021625,0.7363646066816096,0.32173479916035147
S_Q1,27,B,SRI3,197,-0.0019746466888976855,617.3592010680744,0.0,0.7,4547949791.548763,4547.949791548764,0.7593837833991531,0.3004589604013236
S_Q1,27,B,SRI3,200,-0.0007022105910364229,2061.1402929910732,-0.5728889156480188,0.7694216741802528,5001436997.407212,5001.436997407212,0.8238517095385491,0.045967196783719355
S_Q1,27,B,SRI3,201,-0.0018183788978138882,190.52397110490784,0.0,0.7,3814697400.6192656,3814.6974006192654,0.6874444088661188,0.3482762301206105
S_Q1,27,B,SRI3,204,-3.025150215916437,0.0,-1.0960366360397114,0.8914019471532025,351572344.90941304,351.57234490941306,0.4909453161134237,0.3692318639484825
S_Q1,27,B,SRI3,205,-1.5012095208710707,0.0,-0.2878057412500873,0.7001186692554686,1412443379.5078511,1412.4433795078512,0.6286334365104779,0.3692318639484825
S_Q1,27,B,SRI3,206,-4.846894610367286e-06,586.6270067433455,0.0,0.7,4511634472.872066,4511.634472872066,0.7552566976198101,0.30426584124951084
S_Q1,27,B,SRI3,207,-0.002047897664183885,2005.0131462357226,-0.06551236776007913,0.9750777325768092,4111094731.8618555,4111.0947318618555,0.7621588928025048,0.04831536627886292
S_Q1,27,B,SRI3,208,0.0,144.3290537962663,0.0,0.7,3669549801.475068,3669.5498014750683,0.6778738392571246,0.35336393069342154
S_Q1,27,B,SRI3,209,0.0,534.8883521798002,0.0,0.7,4447044535.13905,4447.04453513905,0.7478919842032234,0.31148824136336145
S_Q1,27,B,SRI3,213,0.0,2021.4182533122428,-0.13835333896355206,0.8930790041059666,4522921219.684213,4522.921219684213,0.7902657700928595,0.04760379976518304
S_Q1,27,B,SRI3,214,0.0,1827.0930106546398,-1.4011071205937475,0.8134564530081183,4357492225.509816,4357.492225509816,0.7708400042693992,0.06126587682783649
S_Q1,27,B,SRI3,217,-0.05315359286844079,248.61365198647067,-3.0439161572069347e-05,0.7000339460705932,3962919687.447305,3962.919687447305,0.6992919913188884,0.3427615896395916
S_Q1,27,B,SRI3,218,-0.0020639793183752086,887.7554327069639,-0.0014238962413289508,0.7005990989832455,4816317312.189415,4816.317312189415,0.7886291671113957,0.2524282207279325
S_Q1,27,B,SRI3,219,-0.00014696486043554646,1921.416072979794,-0.21508089319227852,0.8831493853501524,4511167718.023047,4511.167718023047,0.786921407478564,0.053438645177357955
S_Q1,27,B,SRI3,220,0.0,1890.5236592201202,-2.3167963369815316,0.9412734229217999,3969930835.187527,3969.930835187527,0.7473227309922795,0.05578681467250152
S_Q1,27,B,SRI3,221,0.0,324.3167325776537,0.0,0.700022148643763,4120914768.3674664,4120.914768367466,0.7149108762941616,0.33518340626890103
S_Q1,27,B,SRI3,222,-0.005510815476897651,1941.2447756204306,0.0,0.7000031536792644,5493130850.101708,5493.130850101708,0.8558366243284589,0.052727078663678074
S_Q1,27,B,SRI3,225,0.0,1811.636366224898,-0.0005857399109684108,0.893755207139476,4434762657.757606,4434.762657757606,0.7782402960116698,0.06311594976340412
S_Q1,27,B,SRI3,227,-0.0015915254954905582,1323.1431532266758,-0.0073858926425093285,0.7000000034772343,5144221568.673173,5144.221568673173,0.823531504607393,0.14594229195574057
S_Q1,27,B,SRI3,230,-0.0007160748807352527,0.0,-0.324216596580629,0.7024896973408682,1388320032.910259,1388.320032910259,0.6256804354787064,0.3692318639484825
S_Q1,27,B,SRI3,232,-0.06277038125156731,169.47303058647393,-6.001867668420889e-06,0.7000044279451559,3752265919.2622743,3752.265919262274,0.6818941900594157,0.3508022912441741
S_Q1,27,B,SRI3,236,0.0,870.134476219908,0.0,0.7000159198536733,4804144266.252333,4804.144266252332,0.7875262390151918,0.25605720994769987
S_Q1,27,B,SRI3,237,0.0,317.19796269153983,-0.0003712970000995337,0.7,4107456408.6459765,4107.456408645977,0.7135944782438538,0.33596612943394893
S_Q1,27,B,SRI3,238,-0.035509140533430406,20.332057263643264,0.0,0.7,2876842363.4609895,2876.8423634609894,0.6489842388017221,0.3670260077560751
S_Q1,27,B,SRI3,239,0.0,1828.104315055009,0.0,0.9697666323285821,4053596531.166952,4053.596531166952,0.7514853950973069,0.061123563525100504
S_Q1,27,B,SRI3,244,0.0,908.8740704368972,0.0,0.7,4838278497.658485,4838.278497658485,0.7905503966983313,0.24766072508627743
S_Q1,27,B,SRI3,245,-0.0006060634923509465,2031.5871923304132,-0.0035699673297642067,0.9468792187624795,4270081341.64663,4270.08134164663,0.7737574269754864,0.04707012487992316
S_Q1,27,B,SRI3,246,-0.06760555760267657,0.0,-1.237082677802468,0.8867879546740594,326819702.9889779,326.8197029889779,0.48870388159533207,0.3692318639484825
S_Q1,27,B,SRI3,247,-0.0018682434681766905,1885.2615486308155,-2.5078395863605487,0.8203983647220234,4016497623.336832,4016.497623336832,0.7492795389048992,0.05628491123207743
S_Q1,27,B,SRI3,248,-4.0,0.0,-1.1727104389668956,0.8197809694148089,552036095.7124089,552.036095712409,0.5182338919130465,0.3692318639484825
S_Q1,27,B,SRI3,250,-0.0005264699345673418,446.95632428930844,0.0,0.7,4325475495.733992,4325.475495733992,0.7363290283559257,0.3219126907887715
S_Q1,27,B,SRI3,259,0.0,1957.8394544283456,-0.8743392631584639,0.9443416798823641,4171085962.530012,4171.085962530012,0.7646493756003843,0.0510904756822144
S_Q1,27,B,SRI3,260,-0.00032310121015003204,1788.0381575524896,-0.012287073620952604,0.7952163408499249,4924198026.252816,4924.198026252816,0.8152061763973387,0.06557085423559966
S_Q1,27,B,SRI3,261,0.0,1954.6307275198938,-0.19943938036436215,0.8562055583941297,4661464665.305196,4661.464665305196,0.7992315081652256,0.05126836731063437
S_Q1,27,B,SRI3,263,0.0,935.7192876419099,-0.0011094771107093143,0.70078206486454,4856788661.824571,4856.78866182457,0.7928274095421068,0.2420393496282065
S_Q1,27,B,SRI3,264,-0.0005264699345673418,1977.63039530044,0.0,0.9507419758934512,4224998114.2109466,4224.998114210946,0.7688831963567795,0.04984523428327464
S_Q1,27,B,SRI3,265,0.0,2067.4846413906666,-0.20168359887914278,0.867127238346324,4661212047.2888565,4661.212047288856,0.801935460917209,0.04568257017824741
S_Q1,27,B,SRI3,266,0.0,1423.027152640628,-0.17218292045532801,0.7188743110295881,5051931428.7760515,5051.931428776052,0.8175187675667982,0.12235386202725299
S_Q1,27,B,SRI3,267,-1.1487763395619628,0.0,-0.9829954410377759,0.7015763115901779,1045809180.6658225,1045.8091806658224,0.5827729747038104,0.3692318639484825
S_Q1,27,B,SRI3,268,0.0,1317.6667367392558,0.0,0.7,5143819346.071917,5143.819346071917,0.8233891913046569,0.14736542498310026
S_Q1,27,B,SRI3,269,0.0,883.0242108514122,0.0,0.7000983598720528,4815182159.671902,4815.182159671902,0.7885224321343438,0.25363788380118835
S_Q1,27,B,SRI3,270,-0.12198314805668138,0.0,-0.35172990154057887,0.7030121600584349,1375148559.1256928,1375.1485591256928,0.6236168925890346,0.3692318639484825
S_Q1,27,B,SRI3,273,0.0,2100.0,-0.20657977430937347,0.8069761235742793,4966628997.690627,4966.628997690627,0.824385384423809,0.04454406375635962
S_Q1,27,B,SRI3,274,-1.745325162214468e-05,565.0942177645286,-0.00018002176860376206,0.7,4485284173.338947,4485.284173338947,0.7521969616109866,0.30700537232717834
S_Q1,27,B,SRI3,275,0.0,2079.6311919377913,0.0,0.7,5558836984.1697445,5558.836984169745,0.8621695663002098,0.04543352189845947
S_Q1,27,B,SRI3,276,0.0,1837.3999149614588,-0.0605275971529331,0.8305872222126014,4758477024.881032,4758.477024881032,0.8037499555270929,0.060305262034368645
S_Q1,27,B,SRI3,277,-0.2600627174688812,0.0,-1.1727104389668956,0.7005436289914273,917187813.4865637,917.1878134865636,0.5682214394990571,0.3692318639484825
S_Q1,27,B,SRI3,278,-0.0010046400851243748,1720.3538161029642,-0.008307383239131938,0.7000167349820199,5376712170.85304,5376.712170853039,0.8462304763937807,0.07190379620735049
S_Q1,27,B,SRI3,279,-0.0032772351485787915,731.4089304495733,-0.007198222871915405,0.7000069584059446,4668749985.605294,4668.749985605295,0.7726189205535987,0.28199380937133095
S_Q1,27,B,SRI3,281,0.0,1840.0115135999279,0.0,0.9055862614816408,4388624745.133216,4388.624745133216,0.7757142348881061,0.0600206354288967
S_Q1,27,B,SRI3,283,-1.745325162214468e-05,489.89345646888273,-0.0011801107578291795,0.7,4386478014.511271,4386.478014511272,0.7424840786992566,0.31735866510122035
S_Q1,27,B,SRI3,284,-3.05948993628686e-05,536.8622935173371,-0.016560506421446144,0.7,4443240238.591735,4443.240238591735,0.7474650442950155,0.31134592806062544
S_Q1,27,B,SRI3,285,0.0,1957.312609652826,-0.6230824187828008,0.9779809165453525,4055433845.9794126,4055.4338459794126,0.7568577222755896,0.05112605400789839
S_Q1,27,B,SRI3,287,-0.0019234050526851674,1720.3538161029642,-0.024396296578331256,0.8014055910122642,4853275479.931909,4853.275479931908,0.80791261963212,0.07190379620735049
S_Q1,27,B,SRI3,288,-0.5756817703544352,126.94264199478175,0.0,0.7007352151617205,3601769842.511007,3601.769842511007,0.6684100046251822,0.35752659479844884
S_Q1,27,B,SRI3,289,-0.0009960043096733668,434.4599968922198,-0.0035735878108047853,0.7,4305139146.165772,4305.139146165772,0.73440779876899,0.3231935105133953
S_Q1,27,B,SRI3,292,-0.0026298153600697594,953.4842236018939,0.0,0.7,4876164236.795673,4876.164236795674,0.7944640125235707,0.2379834205002313
S_Q1,27,B,SRI3,293,-0.003803988077996628,1414.5856583380964,-0.17502973296384045,0.7227772582782162,5026596939.021422,5026.596939021422,0.8152417547230226,0.12455971821966061
S_Q1,27,B,SRI3,294,-0.053894208201657134,20.12365226158704,0.0,0.7,2873570737.0970325,2873.5707370970326,0.6489130821503541,0.3670260077560751
S_Q1,27,B,SRI3,295,-0.054677540759834026,0.0,-0.1569390231767523,0.9707530794182669,143645696.89742228,143.64569689742228,0.4671434162308323,0.3692318639484825
S_Q1,27,B,SRI3,296,0.0,133.58198507507632,0.0,0.7000376806457077,3630591164.952465,3630.591164952465,0.6754900914362971,0.35475148539509727
S_Q1,27,B,SRI3,297,0.0,655.9992202718176,-0.0021306283651337105,0.7000407664289908,4590964195.911108,4590.964195911108,0.7640801223894405,0.29437506670936064
S_Q1,27,B,SRI3,299,0.0,1946.3253907715582,-0.20039935741959009,0.9470168501842356,4215278117.639008,4215.278117639008,0.7669263884441598,0.05183762052157825
S_Q1,27,B,SRI3,300,-0.13728666080029875,0.0,-0.1160266285183369,0.9915974452976088,41733657.2767527,41.7336572767527,0.4577507382502579,0.3692318639484825
S_Q1,27,B,SRI3,301,-0.0025862559791075546,0.0,-0.395039309223079,0.7001349729269184,1368292135.1071634,1368.2921351071634,0.6223716511900951,0.3692318639484825
S_Q1,27,B,SRI3,302,-0.013084308217489855,169.7135695988396,0.0,0.7,3753039758.3260183,3753.0397583260183,0.6826413348987798,0.35062439961575403
S_Q1,27,B,SRI3,303,0.0,0.0,-0.904260731320656,0.7,1099667744.8503644,1099.6677448503644,0.5896040132351372,0.3692318639484825
S_Q1,27,B,SRI3,304,-3.6297013111774215,0.0,-0.4708466068154089,0.7044972657109526,1317036599.0089695,1317.0365990089695,0.6149357811221404,0.3692318639484825
S_Q1,27,B,SRI3,306,0.0,0.0,-0.5602660080066173,0.7006918522198541,1285609506.155049,1285.609506155049,0.6113067919023732,0.3692318639484825
S_Q1,27,B,SRI3,308,-0.0006060634923509465,2031.4084763246142,-2.687361330289746,0.9384130704771758,4020861836.6753955,4020.8618366753954,0.7566798306471697,0.04707012487992316
S_Q1,27,B,SRI3,310,-0.0007704788267063334,1491.6683962627224,-0.0071942368972405385,0.7001393277532227,5248234630.506463,5248.234630506463,0.8342050023125913,0.10840715835912763
S_Q1,27,B,SRI3,311,-0.0030361982807318223,0.0,-1.0445091201820047,0.7,1009521499.9189522,1009.5214999189523,0.5791084071583592,0.3692318639484825
S_Q1,27,B,SRI3,312,-0.015031589198632123,1133.1034187430923,-0.0005556983305771684,0.7016161510058214,5007981686.8735895,5007.98168687359,0.8084462945173801,0.19479133311986338
S_Q1,27,B,SRI3,314,-0.0033059775504045152,0.0,-1.1997178518338885,0.7426529035010604,767397480.3561805,767.3974803561805,0.5487956736755968,0.3692318639484825
S_Q1,27,B,SRI3,315,-2.1333191095019358e-07,1958.3911187263604,-0.006577074991926557,0.9670842137809573,4131581060.295371,4131.581060295371,0.7613405913117729,0.051054897356530404
S_Q1,27,B,SRI3,317,-0.5825813535946145,0.0,-0.7999212866757301,0.7000941330701052,1158076812.680715,1158.0768126807152,0.5959013768812039,0.3692318639484825
S_Q1,27,B,SRI3,318,0.0,602.5600849306533,-0.0057046529664804835,0.7,4527945365.116077,4527.9453651160775,0.7570356139040095,0.3020955633827872
S_Q1,27,B,SRI3,319,-0.010840496543197416,0.0,-0.16293444154389913,0.7,1469110892.1650553,1469.1108921650552,0.6367808730921124,0.3692318639484825
S_Q1,27,B,SRI3,321,-0.04827448366378506,0.0,-1.0992383436561441,0.7,968907457.663813,968.907457663813,0.574198598213968,0.3692318639484825
S_Q1,27,B,SRI3,323,-0.003576700256712627,1865.1244165492672,-0.20002588022653905,0.9542318507067163,4140066943.195917,4140.066943195917,0.7590991567936813,0.058134984167645065
S_Q1,27,B,SRI3,324,-0.0029047490779692932,2085.4532603849166,-0.2273492280845575,0.8095705637227397,4942192376.883275,4942.192376883275,0.8222151065570855,0.04518447361867151
S_Q1,27,B,SRI3,326,0.0,1855.622616694744,-0.0010723434300179413,0.9689505304542574,4071600396.4115777,4071.6003964115775,0.7542605045006582,0.058810972355640936
S_Q1,27,B,SRI3,328,0.0,365.72829573361,-0.009395377312526366,0.7000415709351143,4191457283.362682,4191.457283362682,0.7220621197566442,0.3307361155584018
S_Q1,27,B,SRI3,330,0.0,1965.4086973515348,-0.03219222482251783,0.9290535081792656,4326970366.199718,4326.970366199718,0.7753228733055822,0.050627957448322485
S_Q1,27,B,SRI3,332,-0.00514825434898325,0.0,-0.9331091233484907,0.9918335768375158,29654307.23885749,29.654307238857488,0.45639876187426626,0.3692318639484825
S_Q1,27,B,SRI3,333,0.0,2053.1828671957683,-0.03426887790273539,0.9301668918625476,4362833659.911871,4362.833659911871,0.7806240438324973,0.046216245063507314
S_Q1,27,B,SRI3,334,0.0,182.61797247009338,-0.0029652751716291482,0.7,3790428075.6060247,3790.428075606025,0.6856299142562351,0.3493080015654463
S_Q1,27,B,SRI3,335,-0.000697523228966968,1893.8700648596218,-2.300407622738696,0.8062406404559898,4067177534.139171,4067.1775341391713,0.7519834916568826,0.05560892304408154
S_Q1,27,B,SRI3,336,0.0,1957.8394544283456,-0.013526767346495383,0.9401832649045769,4268404067.544712,4268.404067544712,0.7711246308748712,0.0510904756822144
S_Q1,27,B,SRI3,337,-3.538652682289319e-05,1890.6725421429283,-0.0007273053281549487,0.8061172279266456,4923980572.483256,4923.980572483257,0.8177322375209023,0.05578681467250152
S_Q1,27,B,SRI3,339,-0.003174177754704111,2090.7760570823652,-0.03426887790273539,0.9301668918625476,4380268628.911525,4380.2686289115245,0.7824029601166969,0.04479311203614757
S_Q1,27,B,SRI3,340,-0.0009271057718934633,271.883886952221,0.0,0.7000506721363096,4014881573.4491544,4014.8815734491545,0.7047710534742235,0.340484576795816
S_Q1,27,B,SRI3,341,0.0,1199.5367917742067,0.0,0.7001791598845708,5062952767.24888,5062.95276724888,0.8145301882093429,0.17710890525491868
S_Q1,27,B,SRI3,342,0.0,1255.3388378603793,0.0,0.7003528131428576,5100501607.950187,5100.501607950187,0.8193332621766817,0.16284199665563742
S_Q1,27,B,SRI3,343,-0.002705711301236942,2010.8518587276576,-0.8755378586684256,0.8076880558875832,4707228507.097267,4707.2285070972675,0.8033941722702529,0.04803073967339097
S_Q1,27,B,SRI3,344,0.0,54.50030852970525,0.0,0.7001172582618924,3229296653.355763,3229.296653355763,0.6575586152915642,0.3631479702565197
S_Q1,27,B,SRI3,345,-3.3640419410170415,0.0,-0.629468353973716,0.7136032034332429,1198174185.5210018,1198.1741855210018,0.5998861493578111,0.3692318639484825
S_Q1,27,B,SRI3,347,-1.7394470390674332e-05,616.7422426385322,-0.00040671806062199167,0.7000000788654853,4547234302.736597,4547.234302736597,0.7592770484221013,0.3004589604013236
S_Q1,27,B,SRI3,348,-1.9846782116211706e-05,472.7381595147906,-0.01239701285613625,0.7000328035249744,4357456471.051271,4357.456471051271,0.7396022343188529,0.31935105133952396
S_Q1,27,B,SRI3,349,0.0,298.69127740313263,0.0,0.7,4071042888.988761,4071.0428889887608,0.7098587540470347,0.3381364073006725
S_Q1,27,B,SRI3,350,0.0,1854.5797055458856,-1.2064990848647734,0.9471720576349679,4069133526.2418056,4069.1335262418056,0.7530152631017185,0.05884655068132493
S_Q1,27,B,SRI3,351,-0.07885281350192098,420.2314271831112,-7.063255167290587e-05,0.7000073959285507,4284867354.0017657,4284.867354001765,0.7303874479666985,0.3256128366599068
S_Q1,27,B,SRI3,354,-7.080641368161156e-06,1530.115109323502,-0.009747535636422278,0.7000381257788996,5270478400.938451,5270.478400938451,0.8363752801793147,0.10097128829117302
S_Q1,27,B,SRI3,358,-0.0004553675009638658,1788.0381575524896,-0.023468878706247254,0.8193651160968851,4797802752.386498,4797.8027523864985,0.8056000284626607,0.06557085423559966
S_Q1,27,B,SRI3,359,-0.8007095095471821,0.0,-1.117224359235058,0.7036341020138576,945116286.803324,945.116286803324,0.5718148503931405,0.3692318639484825
S_Q1,27,B,SRI3,361,-0.006463447511681347,1865.7310005803488,-1.2151237777258008,0.9348501928899221,4110025674.3745565,4110.025674374557,0.7557903725050701,0.058633080727220975
S_Q1,27,B,SRI3,363,0.0,323.7858332536175,0.0,0.7000844866687925,4119591503.22707,4119.59150322707,0.7146974063400577,0.335325719571637
S_Q1,27,B,SRI3,365,-1.480932605544776e-05,1865.444223135115,-0.0015452122863390948,0.9425453143115614,4211822463.4413166,4211.822463441316,0.7640801223894402,0.05809940584196108
S_Q1,27,B,SRI3,367,-1.8988388211313087e-05,110.85939047001538,-0.0011617349519268737,0.7000899906431944,3539332455.0111847,3539.3324550111847,0.6698331376525422,0.35727754651866084
S_Q1,27,B,SRI3,368,0.0,1075.6321969259754,0.0,0.7,4973378674.156758,4973.378674156758,0.8047461486462447,0.20749279538904902
S_Q1,27,B,SRI3,371,-0.00010780366978638007,0.0,-0.21581122038957987,0.7011923837981909,1439726049.1472712,1439.7260491472712,0.632404739032981,0.3692318639484825
S_Q1,27,B,SRI3,373,0.0,1765.8123604898276,-0.003198296242711507,0.7000778883939214,5402925031.419721,5402.925031419721,0.8486142242146086,0.06777671042800724
S_Q1,27,B,SRI3,374,-0.014103702064181003,158.02451423630077,-0.0012577304944637463,0.7000023068704283,3715395713.7813697,3715.3957137813695,0.6803287437293202,0.35190521934037794
S_Q1,27,B,SRI3,378,0.0,1883.7557757111267,-1.000602143092663,0.796989953483764,4632747344.783843,4632.747344783843,0.7941082292667309,0.05635606788344541
S_Q1,27,B,SRI3,379,-1.7394470390674332e-05,585.1539831449704,-0.000459921952163327,0.7000000788654853,4509847908.620485,4509.847908620485,0.7550076493400221,0.3045504678549828
S_Q1,27,B,SRI3,380,0.0,1936.559470206791,-1.551349528580259e-07,0.895658925873148,4487491134.082798,4487.491134082798,0.7853203828227845,0.05240687373252214
S_Q1,27,B,SRI3,382,-5.958071950085944e-05,1573.1312604154432,-0.007198222871915405,0.7000073959285507,5296428934.317591,5296.428934317591,0.8392215462340343,0.09325079161774646
S_Q1,27,B,SRI3,383,-1.745325162214468e-05,1996.2128278988432,-0.04120356065365316,0.9278611074258198,4347176948.488963,4347.176948488963,0.7780979827089338,0.04881346283843881
S_Q1,27,B,SRI3,384,-0.04775827473682317,0.0,-0.4249440155341691,0.7216756866361869,1260522901.2224736,1260.5229012224736,0.6074999110541859,0.3692318639484825
S_Q1,27,B,SRI3,385,-3.0229281160280982e-05,1890.3604468432181,-0.01680012817619917,0.7000001327513165,5461740825.423518,5461.740825423518,0.8542711779983633,0.055822392998185505
S_Q1,27,B,SRI3,387,-0.0027397948579542582,2026.1154656501212,-0.209260256150685,0.8760604703080836,4596824203.213856,4596.824203213856,0.7960294588536664,0.04735475148539509
S_Q1,27,B,SRI3,388,-0.0010470364209819707,420.2314271831112,-0.007198222871915405,0.7000082630316838,4281829029.3167377,4281.829029316737,0.7316326893656386,0.3247589568434909
S_Q1,27,B,SRI3,389,-1.3469757325501914e-05,1860.7610430959298,-0.21581122038957987,0.7011923837981909,5361997803.706101,5361.997803706101,0.8459814281139929,0.05841961077311702
S_Q1,27,B,SRI3,390,0.0,1424.9425502529546,-0.00040472203493380036,0.7009591202564697,5206845206.973306,5206.845206973306,0.8299356032305119,0.12185576546767708
S_Q1,27,B,SRI3,391,-0.018057011874592868,0.0,-0.31057292468792896,0.7,1406053414.124025,1406.053414124025,0.6280997616252181,0.3692318639484825
S_Q1,27,B,SRI3,393,0.0,2067.4846413906666,-0.003645238261982431,0.867127238346324,4695194658.179925,4695.194658179925,0.8046038353435087,0.04568257017824741
S_Q1,27,B,SRI3,395,0.0,308.30202906458936,0.0,0.7,4090163630.9912047,4090.1636309912046,0.7119222969367064,0.3373181058099406
S_Q1,27,B,SRI3,396,-9.43789727546533e-05,1922.6832110283633,-0.18694305877119902,0.9709419373159196,4087844752.680971,4087.844752680971,0.7574981321379015,0.053367488525989965
S_Q1,27,B,SRI3,398,0.0,1776.3558793204265,-0.02302335471694172,0.9361566146831267,4197001176.3383965,4197.001176338396,0.7596328316789412,0.06670936065748745
S_Q1,27,B,SRI3,399,-0.0020044136548061503,1812.6265432113,-0.20002588022653905,0.951194514959317,4128234337.764892,4128.234337764892,0.756252890738962,0.06297363646066817
S_Q1,27,B,SRI3,401,-1.8249034662741486,0.0,-0.8877361715649461,0.8102289368415412,702625160.519636,702.625160519636,0.5362009463834632,0.3692318639484825
S_Q1,27,B,SRI3,402,-4.074521528751615e-05,1838.681615409589,-2.0924279701225803,0.9988591740673411,3905119308.094514,3905.119308094514,0.7408830540434769,0.06023410538300066
S_Q1,27,B,SRI3,403,-1.745325162214468e-05,1899.3394498378511,-0.04056525330556307,0.9278611074258198,4300218202.724097,4300.218202724097,0.7713736791546589,0.05500409150745367
S_Q1,27,B,SRI3,404,0.0,1818.5586393883389,0.0,0.7,5432094276.050025,5432.094276050025,0.8510691286868043,0.0621553349699363
S_Q1,27,B,SRI3,407,-0.0005739661462995187,85.84849171965385,-0.001948661100176885,0.7000000915684927,3421908526.451316,3421.908526451316,0.664105027217419,0.35987476429359233
S_Q1,27,B,SRI3,408,-0.37461662518460725,130.97373379970057,-0.000830222411231183,0.7,3620897266.886556,3620.8972668865563,0.6718966805422136,0.356565980004981
S_Q1,27,B,SRI3,410,-0.0005973016529325743,840.5198355014471,-0.007316356711957055,0.7000000318646816,4774257752.318304,4774.2577523183045,0.7841462980752125,0.2614295371259829
S_Q1,27,B,SRI3,411,0.0,818.6250767533226,-1.4992575407902717e-05,0.700230908034193,4755929762.086922,4755.929762086922,0.781549080300281,0.266019141139218
S_Q1,27,B,SRI3,412,0.0,2078.8719477312225,-0.07137719920921093,0.9745178020728911,4148393855.5953155,4148.3938555953155,0.7673177500266838,0.04546910022414346
S_Q1,27,B,SRI3,413,-0.00118803007984002,233.65627660846195,-0.005953563869890877,0.7000507069885349,3924700727.177636,3924.700727177636,0.6961966769843811,0.34390009606147937
S_Q1,27,B,SRI3,414,-0.019190203443093277,208.1811849145019,0.0,0.7,3863055732.6101217,3863.0557326101216,0.6905753015263101,0.34692425374461877
S_Q1,27,B,SRI3,415,-0.005746859630867532,0.0,-0.1991997622238726,0.7009891997269763,1448899265.1822302,1448.8992651822302,0.6339346070373928,0.3692318639484825
S_Q1,27,B,SRI3,417,-0.0007707678221631425,1459.2641668320716,-0.0039420967991953505,0.7000424598778028,5230490874.907925,5230.490874907925,0.8324260860283915,0.1149179919592984
S_Q1,27,B,SRI3,419,0.0,1139.9147315272128,0.0,0.7,5021246983.816522,5021.246983816522,0.8102252108015797,0.19290568185861176
S_Q1,27,B,SRI3,422,-0.004045227126631072,81.66445710596345,0.0,0.7,3400246425.16174,3400.24642516174,0.6630732557725834,0.36030170420180035
S_Q1,27,B,SRI3,423,-4.0,0.0,-1.3189804655666644,0.92957672111659,188232044.0642139,188.2320440642139,0.4730849966200591,0.3692318639484825
S_Q1,27,B,SRI3,424,0.0,1858.0221329465926,0.0,0.9145076446361634,4351961229.58231,4351.96122958231,0.7735795353470668,0.058597502401536994
S_Q1,27,B,SRI3,427,-0.0005494740811211075,31.32607384390269,-0.0009586633927113368,0.7000001425708915,3021294060.4227123,3021.2940604227124,0.6519016615078095,0.36581634468281926
S_Q1,27,B,SRI3,428,-0.00022577615353163864,1037.5204736740857,-0.014829325763963834,0.7,4938001606.911974,4938.001606911974,0.8011883160778455,0.21620948518162736
S_Q1,27,B,SRI3,430,0.0,1943.6109165688817,0.0,0.7,5494347907.204981,5494.34790720498,0.856797239121927,0.05194435549863024
S_Q1,27,B,SRI3,434,-0.0024022717035318292,1350.2893338580739,0.0,0.7000237945229633,5164761413.610661,5164.76141361066,0.8255594691713806,0.13921798840146582
S_Q1,27,B,SRI3,436,-0.005211801376264477,780.9494591501032,0.0,0.7000049835279081,4721175681.2937,4721.1756812937,0.7775287294979898,0.27331269790443663
S_Q1,27,B,SRI3,440,-0.06811578838476914,0.0,-1.3086262260301944,0.887771462196751,302450801.6968514,302.4508016968514,0.48607108549471656,0.3692318639484825
S_Q1,27,B,SRI3,442,-0.007249348457478266,0.0,-0.42155266019877385,0.7004997180963808,1357409864.491376,1357.4098644913759,0.6204504216031593,0.3692318639484825
S_Q1,27,B,SRI3,443,-0.04555722986075739,14.454049059975148,0.0,0.7,2772614065.452643,2772.614065452643,0.6473832141459422,0.3677375742697549
S_Q1,27,B,SRI3,444,-0.008337674487505664,670.6578417198546,-0.00016321379604375126,0.7000983190675035,4607379799.045513,4607.379799045513,0.765538833742484,0.29199131888853314
S_Q1,27,B,SRI3,445,-2.7887636774302137e-06,348.51217095512516,-5.0069474677938474e-05,0.7001518503204222,4164771280.493005,4164.771280493005,0.7196783719358166,0.3325506101682856
S_Q1,27,B,SRI3,446,-1.9772257883396664e-06,1678.8287088189552,-0.007247381859664642,0.7000380107108244,5355158343.159328,5355.158343159328,0.8448073433664213,0.07663571352332157
S_Q1,27,B,SRI3,447,-1.745325162214468e-05,1886.4868990340683,-0.06312056127393129,0.9278611074258198,4291882822.6997194,4291.882822699719,0.7703419077098232,0.05628491123207743
S_Q1,27,B,SRI3,448,-2.1986323926728637e-06,796.1704109621048,-0.0009429485546287167,0.7001994776455244,4734582172.195378,4734.582172195378,0.7794855374106094,0.2706443234781371
S_Q1,27,B,SRI3,449,0.0,1800.7336923953962,-1.3934519963137562,0.7566532293777384,4488650793.802716,4488.650793802716,0.7783826093144057,0.06400540790550399
S_Q1,27,B,SRI3,453,-0.00442096989156571,753.7019357589971,-0.0020111084198933624,0.7006593164299778,4690372649.313698,4690.372649313697,0.7746113067919025,0.2780801935460917
S_Q1,27,B,SRI3,454,-0.0007689478750508918,691.7055722911504,0.0,0.7000073049855473,4630519692.820221,4630.519692820221,0.7683495214715198,0.28836232966876585
S_Q1,27,B,SRI3,458,0.0,387.90451813324756,0.0,0.7000002797188193,4233206022.0713215,4233.206022071321,0.7262959405130395,0.3283879460632582
S_Q1,27,B,SRI3,459,-0.00118803007984002,260.84328137502445,-8.170903330198325e-05,0.700320608594286,3989259570.9945393,3989.2595709945394,0.7022094140249758,0.34169423986907177
S_Q1,27,B,SRI3,460,-0.5679043445506509,124.25349215430765,-0.005807458276061177,0.7000532654097738,3592102235.480202,3592.102235480202,0.6684100046251821,0.3579535347066567
S_Q1,27,B,SRI3,464,0.0,1175.7794991528424,0.0,0.7001784807124254,5046193365.431057,5046.193365431057,0.8126801152737753,0.18376205215782543
S_Q1,27,B,SRI3,465,0.0,42.37898714265509,0.0,0.7,3131873055.818631,3131.873055818631,0.6546411925854769,0.3647134165866155
S_Q1,27,B,SRI3,468,0.0,2098.648967932618,-0.20168359887914278,0.867127238346324,4675555681.344622,4675.555681344622,0.8038922688298287,0.044615220407727606
S_Q1,27,B,SRI3,469,-0.002826145975079543,1844.1675085539378,-0.20867066071417756,0.8760604703080836,4508149455.764291,4508.149455764291,0.7846799729604724,0.05987832212616072
S_Q1,27,B,SRI3,470,-0.0034547144825653646,643.3083240972853,-0.0010698011784396055,0.7011280810266152,4571386515.570071,4571.386515570071,0.7620521578254527,0.29626071797061226
S_Q1,27,B,SRI3,472,0.0,1052.2484825541928,0.0,0.7,4955416424.8665905,4955.41642486659,0.8027537624079412,0.2126516526132281
S_Q1,27,B,SRI3,474,0.0,861.8262517765552,0.0,0.7,4796768212.984427,4796.768212984427,0.7868502508271961,0.2573380296723236
S_Q1,27,B,SRI3,475,0.0,600.6210551643838,-0.0003415506698478607,0.7,4528340821.3290205,4528.34082132902,0.7570356139040095,0.30238018998825916
S_Q1,27,B,SRI3,477,0.0,1058.7706185082836,0.0,0.7123825295391452,4897018505.66454,4897.0185056645405,0.7977727968121822,0.21140641121428827
S_Q1,27,B,SRI3,480,0.0,324.4171195945222,0.0,0.7,4121218250.3130097,4121.21825031301,0.7149820329455295,0.33514782794321707
S_Q1,27,B,SRI3,481,-0.0043166748883859,1116.3250436914489,-0.0015711863250881593,0.7016143114414601,4995159842.374977,4995.159842374977,0.8076635713523322,0.19781549080300279
S_Q1,27,B,SRI3,482,-0.12559822060384795,0.0,-0.9626347272549023,0.7,1065515094.7060614,1065.5150947060613,0.5857259757355819,0.3692318639484825
S_Q1,27,B,SRI3,483,0.0,954.7309303939586,0.0,0.7,4877200917.887071,4877.20091788707,0.7946774824776747,0.23759205891770738
S_Q1,27,B,SRI3,485,0.0,1196.4762142702923,0.0,0.7,5061727226.595645,5061.727226595645,0.814352296580923,0.17778489344291457
S_Q1,27,B,SRI3,486,0.0,926.9250096326003,-0.002903816997334878,0.7,4852586424.917146,4852.586424917145,0.7923293129825311,0.24403173586651014
S_Q1,27,B,SRI3,489,-0.0017646848489468406,122.00014561464013,-0.00011660207317014566,0.7000358818845057,3586070056.4462748,3586.070056446275,0.6722880421247374,0.3563169317251931
S_Q1,27,B,SRI3,492,-0.012915996896603943,569.1273769496748,0.0,0.7,4490267520.975601,4490.267520975601,0.7524460098907745,0.30682748069875837
S_Q1,27,B,SRI3,495,0.0,1420.9886394432137,0.0,0.7,5209320942.16126,5209.32094216126,0.8300067598818798,0.12295869356388087
S_Q1,27,B,SRI3,499,0.0,1922.008581894309,-0.8277156094153679,0.7988012653307061,4716888540.008643,4716.888540008643,0.8012594727292132,0.053367488525989965
S_Q1,27,B,SRI3,501,0.0,1934.7565150202151,-2.7568208153259057,0.8300243674148862,4007454652.3393025,4007.4546523393024,0.750773828583627,0.05258476536094211
S_Q1,27,B,SRI3,503,0.0,1925.0736609471996,0.0,0.9158787414620456,4378228646.466638,4378.228646466638,0.7778133561034616,0.053225175223253984
S_Q1,27,B,SRI3,504,0.0,795.9108202574287,-0.0005292286647018843,0.7,4735604635.079597,4735.604635079598,0.7795566940619774,0.27071548012950514
S_Q1,27,B,SRI3,505,-7.361103933928349e-11,0.0,-0.8407621561870606,0.7005708471431484,1135382353.5055697,1135.3823535055697,0.5939445689685843,0.3692318639484825
S_Q1,27,B,SRI3,506,-3.3678890052196984,0.0,-1.9589432790625714,0.9050492590881688,113570353.11737862,113.57035311737862,0.4659337531575763,0.3692318639484825
S_Q1,27,B,SRI3,508,-3.4077258559668264,0.0,-1.9942426674863076,0.954378978030729,51842113.60329422,51.84211360329422,0.4584623047639378,0.3692318639484825
S_Q1,27,B,SRI3,510,0.0,1823.732538955958,-1.4815050561640237,0.7965299777273085,4355674109.174291,4355.674109174291,0.7691322446365674,0.061621660084676434
S_Q1,27,B,SRI3,511,0.0,841.8031546541315,0.0,0.7000195972821968,4778483254.894248,4778.483254894248,0.7845020813320523,0.26139395880029886
S_Q1,27,B,SRI3,512,-2.0388278480471516,0.0,-1.0729425323561863,0.7,989203561.6054054,989.2035616054054,0.5766179243604795,0.3692318639484825
S_Q1,27,B,SRI3,513,0.0,0.0,-0.2848759287974105,0.7,1414213833.8550384,1414.2138338550385,0.6289536414416338,0.3692318639484825
S_Q1,27,B,SRI3,514,0.0,433.28392991060747,0.0,0.7,4304969192.467393,4304.9691924673925,0.7342654854662539,0.32330024549044717
S_Q1,27,B,SRI3,515,0.0,1357.5437544850465,0.0,0.7,5169546026.049175,5169.546026049175,0.8260931440566407,0.1373323371402142
S_Q1,27,B,SRI3,516,-0.016371670026109647,157.55836767087655,-0.00027373868234459395,0.7,3714346069.407023,3714.346069407023,0.6802575870779521,0.3519407976660619
S_Q1,27,B,SRI3,520,-0.0010360985791067565,2018.2013681138092,-1.6138319584335559,0.9221061603738901,4142222902.5076957,4142.222902507696,0.7637954957839687,0.04774611306791902
S_Q1,27,B,SRI3,522,0.0,1907.8675916414054,-0.10913870187598716,0.9559710046081165,4157904112.3298707,4157.90411232987,0.761269434660405,0.05422136834240581
S_Q1,27,B,SRI3,523,0.0,336.555117322101,0.0,0.7004911143401038,4141332575.1369724,4141.332575136972,0.7171523108122533,0.3340093215213293
S_Q1,27,B,SRI3,525,0.0,1823.919556927844,-0.21880396086729836,0.7965299777273085,4881009053.890591,4881.009053890591,0.8118262354573594,0.061621660084676434
S_Q1,27,B,SRI3,526,-1.2885707170673577,0.0,-0.17203886252600498,0.7323432747321171,1307170146.4227965,1307.1701464227965,0.6146867328423524,0.3692318639484825
S_Q1,27,B,SRI3,527,0.0,509.6281170518215,-0.002522060788426552,0.7,4412814607.684272,4412.814607684272,0.7446899348916638,0.3145479773721849
S_Q1,27,B,SRI3,529,-0.02275209266156993,0.0,-0.5428786908506311,0.7,1299367043.591386,1299.3670435913862,0.6131212865122568,0.3692318639484825
S_Q1,27,B,SRI3,530,-1.9992400614627763,0.0,-0.178908691293534,0.7029774533819153,1448612710.148981,1448.612710148981,0.6338990287117089,0.3692318639484825
S_Q1,27,B,SRI3,531,0.0,1169.355379917428,0.0,0.7,5042527405.049963,5042.527405049963,0.8122531753655672,0.18522076351086922
S_Q1,27,B,SRI3,534,-3.5219100904881953,0.0,-0.06193095203094914,0.7,1506533500.3251863,1506.5335003251862,0.6405165972889316,0.3692318639484825
S_Q1,27,B,SRI3,535,0.0,2072.813997078872,-0.0020008507639622877,0.867832388033703,4694508148.018668,4694.508148018668,0.8047817269719288,0.04554025687551144
S_Q1,27,B,SRI3,536,0.0,254.17959386255706,-4.77988058965602e-06,0.7,3975882711.5819755,3975.8827115819754,0.7006439676948802,0.3421567581029636
S_Q1,27,B,SRI3,537,-1.912525079102834,0.0,-0.16833455453763968,0.7015343800227568,1459259272.290582,1459.259272290582,0.6352510050877006,0.3692318639484825
S_Q1,27,B,SRI3,538,0.0,670.0624007743315,-0.00028808366425160344,0.7000429809575412,4607020812.217758,4607.020812217758,0.7658590386736399,0.29192016223716516
S_Q1,27,B,SRI3,539,-0.011220302871550798,623.8670809003589,0.0,0.7,4555464010.847821,4555.464010847822,0.759917458284413,0.29978297221332756
S_Q1,27,B,SRI3,542,0.0,1381.1983912851504,0.0,0.7,5184518669.12397,5184.51866912397,0.8276230120610523,0.13167538335645923
S_Q1,27,B,SRI3,543,0.0,387.5694316420754,0.0,0.7,4232654352.024045,4232.654352024045,0.7262603621873555,0.3283879460632582
S_Q1,27,B,SRI3,544,0.0,276.92136032701256,0.0,0.7000121608716189,4025891081.0486574,4025.8910810486573,0.7057672465933753,0.34012879353897607
S_Q1,27,B,SRI3,545,0.0,1914.6207193059029,-0.11074140904900509,0.9031285890919508,4424308909.2659,4424.308909265899,0.7806596221581814,0.053865585085565854
S_Q1,27,B,SRI3,546,0.0,729.2076372909819,-1.2456103965557074e-07,0.7000013611909146,4669637155.770472,4669.6371557704715,0.7724410289251786,0.28227843597680297
S_Q1,27,B,SRI3,547,-0.07128969288973963,0.0,-0.016779407946146352,0.9828891152788977,87047444.42411171,87.0474444241117,0.46198455900665325,0.3692318639484825
S_Q1,27,B,SRI3,548,-0.0002488753591814979,1894.8612764477189,-0.004409645890778635,0.9219512252560812,4331659673.003586,4331.659673003586,0.7732593304159106,0.05550218806702957
S_Q1,27,B,SRI3,549,-0.0024101504234161028,1866.1827308071117,-0.012411823650937959,0.9207911993999562,4322453800.83959,4322.45380083959,0.7716583057601307,0.05806382751627708
S_Q1,27,B,SRI3,550,0.0,1998.3447308440816,-0.9140712962811659,0.8837237649010488,4408250614.520818,4408.250614520818,0.782260646813961,0.04863557121001886
S_Q1,27,B,SRI3,552,0.0,752.6653264466731,0.0,0.7,4693317464.806661,4693.317464806661,0.7750738250257941,0.27818692852314364
S_Q1,27,B,SRI3,553,0.0,290.53549175181854,-0.007802420133913868,0.7,4050805767.491241,4050.805767491241,0.7081154160885189,0.33902586544277225
S_Q1,27,B,SRI3,554,0.0,2080.4517885457844,-0.8959172885973408,0.8613621601378755,4532928065.674366,4532.928065674366,0.7931120361475789,0.045397943572775476
S_Q1,27,B,SRI3,555,0.0,1231.752646227932,0.0,0.7009187473986953,5081458460.512936,5081.458460512936,0.8172341409613263,0.16917493862738817
S_Q1,27,B,SRI3,557,0.0,374.5095684586621,0.0,0.7,4210811075.7917547,4210.811075791755,0.723876614366528,0.32938413918241
S_Q1,27,B,SRI3,560,-0.0010088466180130234,1631.4811603072162,-0.0014061022943025283,0.7000798060948985,5331570246.093787,5331.570246093787,0.8427082221510653,0.08353790870601632
S_Q1,27,B,SRI3,562,0.0,2060.3438035958316,-3.8386595256215763,0.9766350093767783,4012066294.8631005,4012.0662948631007,0.7575337104635856,0.04600277510940334
S_Q1,27,B,SRI3,563,0.0,1896.5708060850868,-0.1677243251155523,0.7914716258626464,4957550798.317012,4957.550798317012,0.82011598534173,0.055324296438609595
S_Q1,27,B,SRI3,564,0.0,1820.5317102268139,0.0,0.7001562558760936,5432300375.772709,5432.300375772709,0.8511402853381722,0.06190628669014836
S_Q1,27,B,SRI3,566,0.0,2060.3438035958316,0.0,0.9318081734798087,4361079779.625717,4361.0797796257175,0.7808019354609174,0.04600277510940334
S_Q1,27,B,SRI3,567,-3.8580904306728756e-05,1281.2859244561043,0.0,0.7000472155628314,5119533151.683433,5119.533151683432,0.8212544917636173,0.15611769310136267
S_Q1,27,B,SRI3,569,0.0,1250.5216413268172,0.0,0.7,5099082720.108156,5099.0827201081565,0.8190842138968939,0.16437186466004913
S_Q1,27,B,SRI3,571,0.0,1570.8262468920016,-0.0028846527479880805,0.7,5297086711.039461,5297.086711039461,0.839221546234034,0.09367773152595439
S_Q1,27,B,SRI3,572,0.0,1142.3408574014416,0.0,0.7001095447790154,5022444578.993034,5022.444578993034,0.8104742590813677,0.19201622371651195
S_Q1,27,B,SRI3,573,0.0,2024.4508183715975,-0.006843178173750355,0.9635969264480008,4181010882.297564,4181.010882297564,0.7673177500266839,0.04749706478813106
S_Q1,27,B,SRI3,575,0.0,1325.9250187034245,-0.012472289501134682,0.7,5143753962.048958,5143.753962048958,0.823495926281709,0.1451239904650087
S_Q1,27,B,SRI3,577,0.0,478.9052404158594,-0.0038377460194457536,0.7,4369682640.062736,4369.682640062735,0.7406340057636889,0.3186394848258441
S_Q1,27,B,SRI3,578,0.0,1947.3012251843204,0.0,0.7,5496150268.553337,5496.150268553337,0.856832817447611,0.051766463870210264
S_Q1,27,B,SRI3,580,0.0,1713.6285320976122,-0.0001057505577519895,0.7,5377288366.073333,5377.288366073333,0.8464439463478847,0.07265094104671434
S_Q1,27,B,SRI3,582,0.0,1876.0011456049504,0.0,0.7,5461082929.058826,5461.082929058826,0.8540221297185752,0.057032056071441274
S_Q1,27,B,SRI3,585,0.0,1899.775980641417,-0.8163899112316516,0.7669580840852364,4831896216.982545,4831.8962169825445,0.8081616679119081,0.05500409150745367
S_Q1,27,B,SRI3,586,0.0,403.4198510465042,-0.002337063228764258,0.7,4257841142.001566,4257.841142001566,0.7291066282420751,0.32625324652221865
S_Q1,27,B,SRI3,587,0.0,2035.971312192287,0.0,1.0,4000139955.389984,4000.139955389984,0.7558259508307541,0.04692781157718718
S_Q1,27,B,SRI3,588,0.0,545.3614825872443,-0.0019055076848671984,0.7000240853841735,4459823476.585551,4459.823476585551,0.7492083822535309,0.31002953001031774
S_Q1,27,B,SRI3,589,-1.1070137231394215,0.0,-0.5972940494150988,0.7000587157388068,1270295077.341873,1270.295077341873,0.6092432490127014,0.3692318639484825
S_Q1,27,B,SRI3,590,-0.015561128600298058,78.9680321356749,0.0,0.7,3385474670.0028996,3385.4746700028995,0.6627530508414273,0.3606219091329563
S_Q1,27,B,SRI3,592,-0.00041814543442669566,245.8045810630034,-0.00012623815433493316,0.7000011428643154,3956567894.8022213,3956.5678948022214,0.6991852563418365,0.3428327462909596
S_Q1,27,B,SRI3,593,0.0,636.4429553885263,-0.0002129998418519477,0.7000023787882165,4569828793.684289,4569.828793684289,0.7617675312199808,0.2972569110897641
S_Q1,27,B,SRI3,594,0.0,2068.215682829233,0.0,0.9469244299243954,4287189216.242787,4287.189216242787,0.7766036930302059,0.04568257017824741
S_Q1,27,B,SRI3,596,-2.1096942665372596,0.0,-0.5648063111360654,0.701824309002069,1279075423.8102627,1279.0754238102627,0.6102750204575373,0.3692318639484825
S_Q1,27,B,SRI3,597,-0.020033950264890202,43.131660522365735,-0.0014314471527218636,0.7,3138080931.2302847,3138.0809312302845,0.6547835058882129,0.3647134165866155
S_Q1,27,B,SRI3,598,-0.01447808678872786,677.2026756760296,-0.034702742029450576,0.7001754579130538,4600028321.181121,4600.028321181121,0.7650407371829083,0.29138648735190525
S_Q1,27,B,SRI3,602,0.0,360.6713684093903,0.0,0.7,4187021850.3570857,4187.021850357086,0.7215284448713843,0.33148326039776566
S_Q1,27,B,SRI3,603,-0.008023892542672002,2006.9976657390996,0.0,0.7,5524772967.148198,5524.772967148198,0.8583982637777064,0.04877788451275484
S_Q1,27,B,SRI3,606,0.0,345.2444906506764,0.0,0.7,4159684939.7408695,4159.68493974087,0.7192158537019248,0.3330487067278614
S_Q1,27,B,SRI3,607,0.0,166.1330393038561,0.0,0.7,3741882625.2901907,3741.882625290191,0.6819653467107839,0.35076671291849
S_Q1,27,B,SRI3,608,-8.580144760728624e-05,237.0655579687527,-0.0035110628820547384,0.7000030294786074,3934251839.2833896,3934.2518392833895,0.697086135126481,0.3436866261073754
S_Q1,27,B,SRI3,615,-0.005279389200926719,113.21243823764314,-0.007851927801595774,0.7001512636757903,3545853652.7465887,3545.8536527465885,0.6701533425836979,0.3570640765645568
S_Q1,27,B,SRI3,616,0.0,584.9348616764586,0.0,0.7,4509583550.912391,4509.583550912391,0.7549720710143382,0.3046572028320348
S_Q1,27,B,SRI3,617,0.0,692.4885125187952,0.0,0.7,4631389780.1270685,4631.389780127069,0.7684206781228878,0.2881844380403459
S_Q1,27,B,SRI3,620,0.0,57.0085439071836,0.0,0.7,3248053465.8148885,3248.0534658148886,0.6580922901768242,0.36289892197673174
S_Q1,27,B,SRI3,622,-0.0060190548677698,2088.333808383237,-2.1292256714450226,0.7510776299710459,4254799743.5712,4254.7997435711995,0.7704130643611912,0.04557583520119545
S_Q1,27,B,SRI3,625,0.0,2083.5807506537176,0.0,0.9901369069148754,4072860595.5567517,4072.860595556752,0.7626214110363967,0.045255630270039496
S_Q1,27,B,SRI3,632,-1.9986798973642004,0.0,-0.5971034412731191,0.9175959404598912,349108954.3706534,349.1089543706534,0.48941544810901194,0.3692318639484825
S_Q1,27,B,SRI3,635,0.0,1823.732538955958,-1.4815050561640237,0.769363841942829,4417019523.182285,4417.019523182285,0.7731170171131746,0.061621660084676434
S_Q1,27,B,SRI3,637,0.0,977.0014935119547,0.0,0.7,4895562206.6542225,4895.562206654223,0.7965631337389262,0.23197068345963642
S_Q1,27,B,SRI3,639,0.0,530.8429711802962,0.0,0.7,4441796152.176061,4441.796152176061,0.7473583093179633,0.31212865122567335
S_Q1,27,B,SRI3,640,0.0,2074.81951765186,-2.8592749915223745,0.7,4097030563.1183434,4097.030563118344,0.760878073077881,0.04546910022414346
S_Q1,27,B,SRI3,641,0.0,1932.480587433002,-0.8468593488480677,0.7172445250086897,5022948315.377008,5022.948315377009,0.8206852385526737,0.052727078663678074
S_Q1,27,B,SRI3,648,0.0,1939.2537322481942,-0.07499800878499092,0.9669499820095765,4120178517.1605034,4120.178517160503,0.7599886149357813,0.052264560429786174
S_Q1,27,B,SRI3,650,0.0,2060.3438035958316,-0.0019376767557469131,0.9730144184485576,4149777236.4352994,4149.7772364352995,0.7666061835130038,0.04600277510940334
S_Q1,27,B,SRI3,651,0.0,2079.6548364614946,-0.8250919205630437,0.8632619906338257,4545237855.064058,4545.237855064059,0.7938947593126267,0.04543352189845947
S_Q1,27,B,SRI3,653,0.0,0.0,-0.4167181855050186,0.7,1361433204.6131437,1361.4332046131437,0.621233144768207,0.3692318639484825
S_Q1,27,B,SRI3,654,-0.12537417348651492,0.0,-1.2878861009462168,0.7003803862854455,823319729.4714409,823.319729471441,0.5552353506243994,0.3692318639484825
S_Q1,27,B,SRI3,655,-0.05143902791103442,1880.544993256803,0.0,0.7,5463259274.7041235,5463.2592747041235,0.85156722524638,0.05941580389226883
S_Q1,27,B,SRI3,656,-0.006731564916542401,1863.3353510118786,-0.11396246156852627,0.9667108821407305,4082038093.6321316,4082.0380936321317,0.7542960828263424,0.058739815704272946
S_Q1,27,B,SRI3,657,0.0,1943.8030588129998,-0.1341780966543058,0.9158787414620456,4372998053.876471,4372.99805387647,0.7781691393603017,0.05194435549863024
S_Q1,27,B,SRI3,660,0.0,100.49572896720998,0.0,0.7,3494210471.0741086,3494.2104710741087,0.6680542213683425,0.3584516312662326
S_Q1,27,B,SRI3,661,0.0,1024.5686496519618,0.0,0.7,4933829619.450757,4933.829619450757,0.8007969544953212,0.21944711281887072
S_Q1,27,B,SRI3,663,-0.0014261464649800656,1979.8572108679598,-0.09688858721230945,0.9489144082989128,4228744651.13771,4228.74465113771,0.7692389796136195,0.04970292098053867
S_Q1,27,B,SRI3,668,-0.0947135208401606,12.192357417770715,0.0,0.7,2723696027.3680544,2723.6960273680543,0.6467072259579465,0.3680933575265947
S_Q1,27,B,SRI3,669,-0.00011904114020044876,220.0329815082906,0.0,0.7,3893808238.1544857,3893.8082381544855,0.6937773508378697,0.3454299640658911
S_Q1,27,B,SRI3,670,-9.215651890580881e-05,196.6218433703292,-0.0033261303725278155,0.7000946050360997,3829758151.9242287,3829.7581519242285,0.6885117586366386,0.3475646636069306
S_Q1,27,B,SRI3,671,0.0,1932.7690804308297,-0.80330042451776,0.7172445250086897,5045451780.208946,5045.451780208946,0.8218593233002457,0.052727078663678074
S_Q1,27,B,SRI3,673,0.0,134.12679238094628,0.0,0.7,3632803803.7985435,3632.8038037985434,0.675703561390401,0.3547159070694133
S_Q1,27,B,SRI3,674,0.0,0.0,-0.4710090999197579,0.7,1336989767.3024225,1336.9897673024225,0.6176041555484398,0.3692318639484825
S_Q1,27,B,SRI3,675,0.0,211.89004491898837,-0.009970293938579428,0.7,3868479434.9834156,3868.4794349834156,0.69146475966841,0.346105952253887
S_Q1,27,B,SRI3,676,-0.003508127676346527,490.5687704215717,0.0,0.7,4387881934.656338,4387.881934656338,0.7425196570249406,0.3172519301241684
S_Q1,27,B,SRI3,677,0.0,1973.7107110769757,-0.010329820828194851,0.9601754061801562,4174075080.268263,4174.075080268263,0.765076315508592,0.050058704237378605
S_Q1,27,B,SRI3,678,-3.8685454584741485e-05,1770.1821205354272,-0.0013215151963965645,0.7007687884773244,5402740933.1874275,5402.740933187428,0.8486142242146086,0.06731419219411533
S_Q1,27,B,SRI3,679,0.0,2062.694103260218,-0.6147670087248616,0.7453860783466352,5087476967.859652,5087.476967859651,0.8279076386665241,0.04589604013235137
S_Q1,27,B,SRI3,680,-0.009535724710641895,1446.6165647148268,-7.150693054643227e-05,0.7,5224945327.214959,5224.945327214959,0.8307894830469279,0.11779983633970185
S_Q1,27,B,SRI3,681,0.0,462.2539258836594,0.0,0.7018573307228793,4338365919.403558,4338.365919403558,0.7372184864980255,0.32041840111004377
S_Q1,27,B,SRI3,682,-0.056045338841747894,22.818000195486775,0.0,0.7000486841982391,2913770164.660326,2913.770164660326,0.6494467570356138,0.3668836944533391
S_Q1,27,B,SRI3,683,-0.10081447098788532,0.0,-0.02789961965969186,0.7000351755591923,1518760870.0793338,1518.7608700793337,0.6421532002703955,0.3692318639484825
S_Q1,27,B,SRI3,685,-9.816934081008756e-05,914.581704776413,-0.001757053087841262,0.7,4842737455.364217,4842.737455364217,0.7908706016294873,0.2465222186643896
S_Q1,27,B,SRI3,687,0.0,1876.2305963686983,-0.12064760542513829,0.9653823916499645,4094907944.087495,4094.907944087495,0.7564663606930658,0.057032056071441274
S_Q1,27,B,SRI3,688,0.0,311.8315632908889,-0.0016112758587434198,0.7000002058274638,4096600261.1055145,4096.600261105515,0.7126694417760701,0.3368555875760486
S_Q1,27,B,SRI3,689,0.0,773.618035473271,0.0,0.7,4714048015.73383,4714.048015733831,0.7770662112640979,0.27466467428042823
S_Q1,27,B,SRI3,690,-2.0388278480471516,0.0,-1.0919917819190554,0.7000287922696973,973715410.544867,973.715410544867,0.5748034297505958,0.3692318639484825
S_Q1,27,B,SRI3,691,-2.312756884965732,0.0,-1.489038968045569,0.8885393089370887,249048116.1359227,249.0481161359227,0.4801650834311737,0.3692318639484825
S_Q1,27,B,SRI3,692,-0.0004056915715409488,1854.5533252541331,-1.5897912250181225e-05,0.8832682017113668,4510445205.523048,4510.445205523049,0.7853915394741523,0.05884655068132493
S_Q1,27,B,SRI3,696,-0.039772490694409135,183.28435974622477,0.0,0.7,3793845522.1513157,3793.845522151316,0.6854164443021311,0.3494503148681823
S_Q1,27,B,SRI3,697,-2.0656181774340308,0.0,-1.5249793059893628,0.9840065294477185,34549592.11604598,34.54959211604598,0.457608424947522,0.3692318639484825
S_Q1,27,B,SRI3,700,0.0,462.610069212263,0.0,0.7,4348402853.624226,4348.402853624226,0.7382146796171773,0.32038282278435976
S_Q1,27,B,SRI3,701,0.0,1829.2612846776053,-0.8310323303637634,0.7,5046919241.617771,5046.919241617771,0.8199025153876258,0.061087985199416515
S_Q1,27,B,SRI3,702,0.0,194.67358970890604,0.0,0.7,3826370480.981437,3826.370480981437,0.6881915537054826,0.3478492902124025
S_Q1,27,B,SRI3,704,0.0,230.93636208835113,0.0,0.7,3921020114.211044,3921.0201142110436,0.6958053154018572,0.3441847226669513
S_Q1,27,B,SRI3,705,-0.07151306463549778,32.25539094588146,0.0,0.7,3031871294.2227416,3031.8712942227417,0.6519372398334935,0.3659586579855552
S_Q1,27,B,SRI3,707,0.0,689.1662549734165,0.0,0.7,4627850555.713109,4627.850555713109,0.7679225815633117,0.2888248479026577
S_Q1,27,B,SRI3,709,0.0,832.3065590781111,0.0,0.7,4769823002.1574135,4769.823002157414,0.7830789483046927,0.26327961006155054
S_Q1,27,B,SRI3,711,0.0,731.2450586956159,0.0,0.7,4671724370.114034,4671.724370114033,0.7727968121820185,0.28202938769701497
S_Q1,27,B,SRI3,715,0.0,272.92437503423685,0.0,0.7,4017387123.29025,4017.3871232902497,0.7049489451026433,0.34037784181876396
S_Q1,27,B,SRI3,717,0.0,1252.5023009943636,0.0,0.7,5100388470.58776,5100.38847058776,0.8192621055253139,0.16366029814636923
S_Q1,27,B,SRI3,720,0.0,1368.6408902721078,0.0,0.7026959252982575,5162746471.277611,5162.746471277611,0.8256662041484326,0.13445049275981072
S_Q1,27,B,SRI3,722,0.0,285.41163510768945,0.0,0.7,4043841744.457375,4043.841744457375,0.7075105845518912,0.33941722702529614
S_Q1,27,B,SRI3,723,0.0,1905.9085273896133,-0.1681878995541921,0.8088981932049846,4876515260.467387,4876.515260467388,0.8146725015120787,0.054399259970825765
S_Q1,27,B,SRI3,724,0.0,1878.3804245009974,0.0,0.7005139304559012,5459634664.773707,5459.634664773707,0.8539153947415234,0.05685416444302132
S_Q1,27,B,SRI3,726,0.0,325.72551400326836,0.0,0.7,4123687176.871964,4123.687176871964,0.7151955028996335,0.3350766712918491
S_Q1,27,B,SRI3,727,-2.3731512411602926,0.0,-0.22830415527237946,0.7007443950032196,1436757212.4027126,1436.7572124027126,0.6319777991247733,0.3692318639484825
S_Q1,27,B,SRI3,728,0.0,857.4019586744726,0.0,0.7,4792775522.219522,4792.775522219523,0.7864588892446723,0.25847653609421145
S_Q1,27,B,SRI3,732,0.0,1875.36071331425,-4.0,1.0,3922431856.0557957,3922.431856055796,0.7438004767495643,0.057032056071441274
S_Q1,27,B,SRI3,733,-0.06778934160509904,208.56754421844175,-8.459130388435753e-05,0.7,3864060275.6113353,3864.0602756113353,0.6897570000355783,0.34720888035009073
S_Q1,27,B,SRI3,735,0.0,307.60745543799396,0.0,0.700011573955686,4088738554.6307364,4088.7385546307364,0.7117799836339702,0.33738926246130857
S_Q1,27,B,SRI3,736,0.0,1829.2612846776053,0.0,0.7014594768014192,5430062890.617742,5430.062890617742,0.8510335503611202,0.061087985199416515
S_Q1,27,B,SRI3,737,0.0,76.57043450868343,0.0,0.7,3372007005.6656775,3372.0070056656778,0.6624684242359552,0.36094211406411214
S_Q1,27,B,SRI3,739,0.0,334.0996007832474,0.0,0.7,4139319458.778259,4139.319458778259,0.7170811541608851,0.33418721314974925
S_Q1,27,B,SRI3,740,0.0,656.5684081198582,0.0,0.7,4592402304.6581,4592.402304658101,0.7641512790408084,0.29433948838367663
S_Q1,27,B,SRI3,741,0.0,87.19469490456268,-0.003320951932266546,0.7,3427880055.2610497,3427.8800552610496,0.664460810474259,0.3597324509908564
S_Q1,27,B,SRI3,743,-0.003453055294890323,1718.9697907232755,0.0,0.7,5380145806.699492,5380.145806699493,0.8465151029992526,0.07204610951008646
S_Q1,27,B,SRI3,744,-0.03521375798842302,0.0,-0.02535718655183189,0.7007403985778966,1515514696.3304248,1515.5146963304248,0.6416195253851353,0.3692318639484825
S_Q1,27,B,SRI3,746,-1.0053483642661032,0.0,-0.9511952054605841,0.7026211744796789,1063649695.3002082,1063.6496953002081,0.58544134913011,0.3692318639484825
S_Q1,27,B,SRI3,747,0.0,1463.4013920417237,0.0,0.7,5235158478.970659,5235.158478970659,0.8327107126338634,0.11385064218877863
S_Q1,27,B,SRI3,748,-1.7113869688118535,0.0,-1.4126247375637442,0.9108659784614948,216431175.80613923,216.43117580613924,0.47610915430319856,0.3692318639484825
S_Q1,27,B,SRI3,750,0.0,979.3658426793252,0.0,0.7,4897531884.82387,4897.531884823869,0.7968833386700823,0.23133027359732455
S_Q1,27,B,SRI3,754,-4.7696288722404775e-06,1938.5618509660462,-1.52683450521919,0.8724672685546025,4227849356.3655515,4227.849356365551,0.76603693030206,0.05230013875547016
S_Q1,27,B,SRI3,757,0.0,2057.412022365586,-2.860375935877761,0.9084118992109811,4034213390.0685635,4034.2133900685635,0.7582808553029495,0.046145088412139317
S_Q1,27,B,SRI3,758,0.0,2098.179623475254,-2.976601271651825,0.8956056933141326,4051013114.921286,4051.013114921286,0.7610559647063011,0.04468637705909559
S_Q1,27,B,SRI3,759,0.0,1844.4223762826116,-0.1681878995541921,0.9471091074047399,4166688730.3999944,4166.688730399995,0.760095349912833,0.05984274380047672
S_Q1,27,B,SRI3,765,0.0,709.892987728884,0.0,0.7,4649690308.709198,4649.690308709198,0.7704486426868752,0.2851602803572065
S_Q1,27,B,SRI3,766,-2.2196701090485464,0.0,-0.840322177858908,0.7,1138249776.9018493,1138.2497769018494,0.5943359305511083,0.3692318639484825
S_Q1,27,B,SRI3,767,0.0,1321.3771243020187,0.0,0.7,5146238600.028369,5146.238600028369,0.8236026612587609,0.14640481018963247
S_Q1,27,B,SRI3,769,0.0,1050.874817371915,-5.481910792595435e-05,0.7,4954354423.63822,4954.3544236382195,0.802682605756573,0.21286512256733203
S_Q1,27,B,SRI3,771,-0.002679072047105824,360.829768041342,0.0,0.7001932342306756,4186309648.898161,4186.309648898161,0.7213149749172805,0.33148326039776566
S_Q1,27,B,SRI3,772,0.0,600.51317261137,0.0,0.7,4528213021.271364,4528.213021271365,0.7570000355783256,0.30238018998825916
S_Q1,27,B,SRI3,773,0.0,2030.5832093148497,-2.528504974213323,0.9435955108633287,4024526407.846558,4024.526407846558,0.7570000355783256,0.04707012487992316
S_Q1,27,B,SRI3,774,0.0,1173.3489695127585,0.0,0.7005117800025218,5042753376.684138,5042.753376684138,0.8123243320169351,0.18440246202013733
S_Q1,27,B,SRI3,775,-0.014436719966741007,0.0,-0.5535202717818397,0.7037463787279984,1275592207.9833899,1275.59220798339,0.6100971288291173,0.3692318639484825
S_Q1,27,B,SRI3,776,-0.002690499542248509,135.48678689094277,0.0,0.7,3637817934.3377204,3637.8179343377205,0.676059344647241,0.3543601238125734
S_Q1,27,B,SRI3,778,0.0,1996.482030158033,-0.1681878995541921,0.9431114312712509,4260891575.8020396,4260.891575802039,0.7718717757142348,0.048777884512754825
S_Q1,27,B,SRI3,779,-1.0076751273245446,0.0,-0.9088318387455253,0.7005353100849828,1096131051.857024,1096.131051857024,0.5889991816985091,0.3692318639484825
S_Q1,27,B,SRI3,780,0.0,98.7926855913045,0.0,0.7000083114403135,3486253588.98971,3486.25358898971,0.6677695947628706,0.35870067954602053
S_Q1,27,B,SRI3,784,0.0,476.06846820035486,0.0,0.7,4367612306.954683,4367.612306954683,0.7404205358095849,0.31888853310563203
S_Q1,27,B,SRI3,785,-3.845823038548348,0.0,-1.1233324912068303,0.8123376296974062,596346585.9058932,596.3465859058932,0.5241398939765896,0.3692318639484825
S_Q1,27,B,SRI3,786,0.0,156.82677178314702,0.0,0.7,3711945287.9416866,3711.9452879416867,0.6801508521009002,0.35190521934037794
S_Q1,27,B,SRI3,788,-0.0028758648122663155,1905.205416982954,0.0,0.8972668108093528,4463917859.130172,4463.917859130172,0.7832924182587967,0.05447041662219375
S_Q1,27,B,SRI3,790,-4.7696288722404775e-06,1916.6680667563862,-2.770108021509393,0.704802671844462,4036197455.9045496,4036.1974559045498,0.7504180453267869,0.05372327178282989
S_Q1,27,B,SRI3,791,0.0,1905.9085273896133,-0.1681878995541921,0.9101129060950751,4379206976.208533,4379.206976208533,0.7776710428007257,0.054399259970825765
S_Q1,27,B,SRI3,792,0.0,1075.9647641012768,0.0,0.7000000334857542,4973631470.174859,4973.631470174859,0.8048173052976128,0.20735048208631304
S_Q1,27,B,SRI3,793,-0.41940764912682926,0.0,-0.8963725422434665,0.82163057009247,656419489.4383163,656.4194894383163,0.5298680044117124,0.3692318639484825
S_Q1,27,B,SRI3,795,-0.002690499542248509,297.39024466761055,0.0,0.7,4068418277.124859,4068.418277124859,0.7096097057672467,0.3382787206034084
S_Q1,27,B,SRI3,796,-0.0034847018778034755,570.5136586795879,-0.007591023840852723,0.7003136950494507,4486977852.358695,4486.977852358695,0.7525171665421424,0.3064361191162344
S_Q1,27,B,SRI3,799,0.0,1905.5530532206853,-0.1681878995541921,0.9476863004816254,4194374662.8188806,4194.374662818881,0.7643647489949124,0.05443483829650976
S_Q1,27,B,SRI3,800,0.0,1790.5330551425186,0.0,0.9755619687109895,4004558171.0651407,4004.558171065141,0.7460774895933397,0.06503717935033979
S_Q1,27,B,SRI3,801,0.0,0.0,-0.4577187365393819,0.7,1344196023.5462344,1344.1960235462343,0.6185647703419078,0.3692318639484825
S_Q1,27,B,SRI3,802,-0.0035891943168954443,1701.8748036826037,-0.022044494454843022,0.7003043216501781,5360041529.02149,5360.0415290214905,0.8453410182516813,0.07400291742270611
S_Q1,27,B,SRI3,804,-0.002690499542248509,1387.886264824282,0.0,0.7000008039770262,5188729827.948677,5188.729827948677,0.8280143736435762,0.1303945636318355
S_Q1,27,B,SRI3,806,-1.602198686046852e-07,147.86511112773508,-0.0058236674491861295,0.7000153424540598,3679051450.6441627,3679.0514506441627,0.6782296225139646,0.3529014124595296
S_Q1,27,B,SRI3,810,0.0,1569.1210004210302,0.0,0.7,5297286255.232331,5297.286255232331,0.8391859679083502,0.0940335147827943
S_Q1,27,B,SRI3,814,-2.6469163400759435,0.0,-0.04439058399807794,0.7022170765726568,1501968416.8470798,1501.9684168470797,0.6398406091009358,0.3692318639484825
S_Q1,27,B,SRI3,815,0.0,1970.3482865675908,-0.16026709390879865,0.8408586298526549,4752434185.70546,4752.43418570546,0.8067741132102323,0.05030775251716654
S_Q1,27,B,SRI3,816,-0.0024401571531702942,388.4536904528826,-3.5520985643198826e-06,0.7000343670305127,4233930828.473539,4233.930828473539,0.7264026754900915,0.3282456327605223
S_Q1,27,B,SRI3,817,-3.9265946897859014,0.0,-0.5850862205841765,0.7062409179843445,1250744197.4001868,1250.7441974001867,0.6069306578432418,0.3692318639484825
S_Q1,27,B,SRI3,818,-0.04732372901748394,656.5684081198582,0.0,0.7,4592380628.726234,4592.380628726234,0.7632973992243927,0.2949443199203045
S_Q1,27,B,SRI3,819,-1.0076751273245446,0.0,-0.41812061245529275,0.7005315158371247,1358424654.7219486,1358.4246547219486,0.6206994698829473,0.3692318639484825
S_Q1,27,B,SRI3,823,0.0,1279.9089415062842,0.0,0.7000041539757708,5118835546.564856,5118.835546564856,0.8212189134379332,0.1564734763582026
S_Q1,27,B,SRI3,824,0.0,2100.0,-0.853987070346468,0.700210026744026,5161701188.952905,5161.701188952905,0.8315366278862917,0.04454406375635962
S_Q1,27,B,SRI3,825,0.0,641.6863050594194,0.0,0.7,4575782714.828754,4575.782714828754,0.7626214110363967,0.2964741879247162
S_Q1,27,B,SRI3,826,0.0,1974.7528893001047,0.0,0.9189369862740947,4386583535.5688715,4386.583535568871,0.7797345856903976,0.050058704237378605
S_Q1,27,B,SRI3,827,-0.00022506088512852475,2000.0190348836977,-0.2556324652144907,0.8739420819170801,4586162603.482113,4586.162603482113,0.7945351691749386,0.04863557121001886
S_Q1,27,B,SRI3,828,0.0,11.890211850737614,0.0,0.7000407627568507,2716437830.0972347,2716.437830097235,0.6467072259579465,0.3680222008752268
S_Q1,27,B,SRI3,831,0.0,66.06110734526345,0.0,0.7,3308891450.7286673,3308.891450728667,0.6602625680435479,0.36190272885757996
S_Q1,27,B,SRI3,833,0.0,2077.1962532731422,-0.02510149760159941,0.8404138215890798,4831511889.037642,4831.511889037642,0.8147080798377628,0.04546910022414346
S_Q1,27,B,SRI3,836,0.0,1526.5815405457918,0.0,0.7000115126131077,5272717079.548676,5272.717079548675,0.8364464368306828,0.1015049631764329
S_Q1,27,B,SRI3,837,-0.00013198483926587937,1418.7256542732277,-0.001107201866580079,0.7,5207456415.305953,5207.456415305953,0.8299356032305119,0.1237769950546127
S_Q1,27,B,SRI3,839,-1.5764143525449907,0.0,-0.38539938560501175,0.7004772099496697,1370983036.1819942,1370.9830361819943,0.6227630127726189,0.3692318639484825
S_Q1,27,B,SRI3,840,0.0,21.442815401031282,0.0,0.7,2893860623.3910947,2893.8606233910946,0.649162130430142,0.36699042943039106
S_Q1,27,B,SRI3,841,-0.0004691572072808847,757.3897721238733,0.0,0.7000001035388153,4698017596.425562,4698.017596425562,0.7754651866083181,0.27743978368377986
S_Q1,27,B,SRI3,842,-0.002777502935369696,2074.060781205313,-0.0006307100801122324,0.7000137691415538,5556143106.640111,5556.143106640111,0.861849361369054,0.04546910022414346
S_Q1,27,B,SRI3,844,-2.0723844756634704e-05,1936.5099792532951,-2.1920975081953746,0.8663214355809277,4062936256.554513,4062.936256554513,0.7544739744547623,0.05240687373252214
S_Q1,27,B,SRI3,847,-0.000828269392124957,545.7676180946758,-8.459130388435753e-05,0.7,4461005073.340715,4461.005073340715,0.749315117230583,0.3098516383818978
S_Q1,27,B,SRI3,848,0.0,1973.9206603652542,-0.00476632142929545,0.8961683892849409,4502153677.958951,4502.153677958951,0.787383925712456,0.050058704237378605
S_Q1,27,B,SRI3,853,-0.002102213751906383,2082.1167635243087,-2.2883025459105,0.7201540393551189,4221856323.5436077,4221.856323543608,0.7687764613797275,0.04532678692140748
S_Q1,27,B,SRI3,855,-0.0003726863785420056,1773.4387635775606,-0.006604645211055193,0.7001541129100667,5405330955.1705885,5405.330955170589,0.8488632724943966,0.0669939872629594
S_Q1,27,B,SRI3,856,-0.05084102692136581,1879.3229498153837,-1.5295045976429785e-06,0.7,5462650938.6076,5462.6509386076,0.851531646920696,0.0595936955206888
S_Q1,27,B,SRI3,858,-0.00012391307518689774,796.3287524578761,0.0,0.7000008120709378,4736000025.466096,4736.000025466096,0.7796634290390295,0.2705731668267691
S_Q1,27,B,SRI3,859,0.0,1974.4181154360965,-0.17230323022135613,0.9189369862740947,4368595399.220669,4368.595399220669,0.7786316575941936,0.050058704237378605
S_Q1,27,B,SRI3,861,0.0,2081.8950212218224,-0.8423686185156267,0.7661591070939469,4910899383.491339,4910.899383491339,0.8170918276585902,0.04532678692140748
S_Q1,27,B,SRI3,866,0.0,1889.766798043216,0.0,0.9208013526103863,4335545045.663736,4335.545045663736,0.7733304870672787,0.0558935496495535
S_Q1,27,B,SRI3,867,0.0,1875.1376640513224,-0.17951677537039928,0.9476863004816254,4178592289.3509927,4178.592289350992,0.7618386878713488,0.05710321272280926
S_Q1,27,B,SRI3,868,-0.0005204662317337505,1846.761864943764,-0.23625815789893817,0.8037864385647202,4851966005.707394,4851.966005707393,0.8104742590813678,0.05962927384637278
S_Q1,27,B,SRI3,869,-3.845823038548348,0.0,-1.1233324912068303,0.7011404083085954,949625384.770876,949.625384770876,0.5722417903013485,0.3692318639484825
S_Q1,27,B,SRI3,871,-0.00025992837016436344,491.7142114403812,0.0,0.7,4389464324.185517,4389.464324185517,0.7426975486533606,0.31714519514711637
S_Q1,27,B,SRI3,872,-0.0009488359343889474,122.86664213228494,-0.002465848741602392,0.7000000048754232,3589042315.675385,3589.042315675385,0.6725015120788413,0.356281353399509
S_Q1,27,B,SRI3,874,-0.0004028981104474466,1726.0347757141371,0.0,0.7093402904463388,5335975694.784512,5335.975694784512,0.8441313551784252,0.07122780801935462
S_Q1,27,B,SRI3,875,0.0,1973.7127655531383,-0.1675736670862092,0.9714234402062645,4110921419.7584896,4110.92141975849,0.7607713381008289,0.050058704237378605
S_Q1,27,B,SRI3,876,0.0,773.2586985738841,0.0,0.7,4713696950.855836,4713.696950855836,0.7769950546127298,0.2747714092574802
S_Q1,27,B,SRI3,877,-0.00575013216834983,114.87274181769448,-0.006666063365499749,0.7000003840383842,3554473320.4590845,3554.4733204590843,0.6705091258405379,0.35702849823887284
S_Q1,27,B,SRI3,880,0.0,1630.7655116980197,0.0,0.7,5332046128.4871645,5332.046128487164,0.8426726438253815,0.08368022200875229
S_Q1,27,B,SRI3,881,-0.0002506440006361378,2010.871228783074,0.0,0.7001479518692371,5525873555.09016,5525.87355509016,0.8592877219198061,0.04803073967339097
S_Q1,27,B,SRI3,882,-0.002102213751906383,2098.3173211062112,-0.1524142267254941,0.9696800212950132,4178670772.5227895,4178.67077252279,0.7698082328245631,0.044615220407727606
S_Q1,27,B,SRI3,883,-9.391608439705628e-05,2078.755772094379,-2.25775439498891,0.7019376501295882,4242391800.596146,4242.391800596146,0.7696659195218274,0.04546910022414346
S_Q1,27,B,SRI3,884,0.0,0.0,-0.48355607596756406,0.7,1329642763.2652767,1329.6427632652767,0.616323335823816,0.3692318639484825
S_Q1,27,B,SRI3,889,-0.0035626433712848513,1946.207406092717,-0.012721073094450919,0.7,5490212494.315369,5490.2124943153685,0.8562635642366669,0.05183762052157825
S_Q1,27,B,SRI3,890,-2.6190348363316375e-06,257.76209297004584,-1.5147441986757672e-06,0.7002594669644508,3982664831.038687,3982.664831038687,0.70135553420856,0.34194328814885966
S_Q1,27,B,SRI3,892,0.0,2000.812352612707,-0.15962393223453852,0.8408586298526549,4767306547.33837,4767.30654733837,0.8088732344255882,0.048564414558650855
S_Q1,27,B,SRI3,894,-0.0009745147250970754,1917.7496485314402,-0.018755308996591613,0.9436938724582302,4230581790.44385,4230.58179044385,0.7667484968157398,0.05368769345714589
S_Q1,27,B,SRI3,896,0.0,670.1643708012124,0.0,0.7000119985720308,4607290737.101361,4607.290737101362,0.765894616999324,0.29192016223716516
S_Q1,27,B,SRI3,897,0.0,419.52387992770355,0.0,0.7000007386479162,4283859642.1878786,4283.859642187878,0.7317394243426905,0.3248656918205429
S_Q1,27,B,SRI3,898,0.0,1485.1681027604625,0.0,0.7000001810793052,5248201500.972115,5248.201500972114,0.8340982673355393,0.10943892980396343
S_Q1,27,B,SRI3,899,-1.400165956892236e-08,1847.0736618729015,-1.46019369550177,0.7005783133255726,4599141070.441725,4599.141070441725,0.7851424911943644,0.059593695520688786
S_Q1,27,B,SRI3,900,-5.039579912463424e-06,1917.033839555698,-0.24186945664900517,0.8075297081266963,4866346434.80412,4866.34643480412,0.8129647418792474,0.05368769345714589
S_Q1,27,B,SRI3,901,0.0,406.6098330557835,0.0,0.7000230606271148,4263405669.8833857,4263.405669883386,0.7294268331732309,0.32596861991674664
S_Q1,27,B,SRI3,902,0.0,814.2153282554289,0.0,0.7,4752981351.925715,4752.981351925716,0.7813711886718612,0.2668374426299498
S_Q1,27,B,SRI3,903,0.0,508.0114980492466,0.0,0.7,4411629281.269044,4411.6292812690435,0.7445831999146121,0.3146547123492368
S_Q1,27,B,SRI3,904,0.0,881.7260245509785,-0.0006486870312693991,0.7000001822507974,4814481846.154748,4814.481846154748,0.7884868538086599,0.2539225104066603
S_Q1,27,B,SRI3,907,-0.0028758648122663155,1905.2290999236666,-1.6564026887932533,0.8972668108093528,4126102011.9028125,4126.102011902813,0.7577827587433738,0.05447041662219375
S_Q1,27,B,SRI3,910,0.0,1898.8945885446453,-1.2910460628324867,0.9275044482517726,4133404613.7314906,4133.404613731491,0.7590991567936816,0.055039669833137655
S_Q1,27,B,SRI3,911,-0.003453055294890323,1024.1643462065133,0.0,0.7,4933510477.738026,4933.510477738026,0.8007613761696372,0.21958942612160667
S_Q1,27,B,SRI3,912,-0.0026476444776777964,1197.4421890339568,0.0,0.7,5062403030.046287,5062.403030046286,0.814423453232291,0.17750026683744263
S_Q1,27,B,SRI3,913,-0.003617583307088539,1147.4550824619755,0.0,0.7,5026723613.75501,5026.72361375501,0.8108300423382075,0.19091329562030807
S_Q1,27,B,SRI3,915,-0.8262698164243756,0.0,-0.3648382836924309,0.7,1382450636.1872854,1382.4506361872855,0.6241861457999787,0.3692318639484825
S_Q1,27,B,SRI3,916,0.0,1898.8945885446453,-0.08870393901230855,0.9265904326603167,4301923844.974128,4301.923844974128,0.7711602092005551,0.055039669833137655
S_Q1,27,B,SRI3,919,0.0,1829.2612846776053,-0.062322340130057,0.9758770448510428,4020935378.7255664,4020.9353787255664,0.7492083822535313,0.061087985199416515
S_Q1,27,B,SRI3,920,0.0,1845.3334967434384,-1.708101887118448,0.9471091074047399,3997902040.177871,3997.902040177871,0.7474650442950156,0.05977158714910874
S_Q1,27,B,SRI3,923,-0.00012482175998410104,1972.1761364961994,-9.994292500547976e-05,0.8891844130302116,4537925917.317738,4537.925917317738,0.7903725050699113,0.05016543921443058
S_Q1,27,B,SRI3,924,0.0,531.8962169652564,-1.1418922306626435e-05,0.7008165597884163,4438974937.246547,4438.974937246547,0.7471092610381754,0.3119507595972533
S_Q1,27,B,SRI3,928,0.0,981.4311075988493,0.0,0.7,4899239007.840516,4899.239007840516,0.7970968086241862,0.2307254420606967
S_Q1,27,B,SRI3,929,0.0,1897.5199953387018,-0.14822357166069855,0.9101160988022987,4377443709.439625,4377.443709439624,0.7769950546127298,0.055217561461557624
S_Q1,27,B,SRI3,930,-0.030142787776431573,25.198486461631084,-0.0066723696300367025,0.7,2944083096.5682464,2944.083096568246,0.6499448535951899,0.3665634895221831
S_Q1,27,B,SRI3,931,0.0,2100.0,0.0,0.9471299618046086,4300822885.380949,4300.822885380949,0.7783826093144057,0.04454406375635962
S_Q1,27,B,SRI3,933,-1.2279650394869885,0.0,-1.770619278254597,0.8293809807745421,266409866.32644495,266.40986632644496,0.48404312093072893,0.3692318639484825
S_Q1,27,B,SRI3,934,-2.4377035010693833,0.0,-0.4031159869402452,0.7995827824496763,912907972.049218,912.9079720492181,0.5605009428256305,0.3692318639484825
S_Q1,27,B,SRI3,936,0.0,1825.21865561726,-0.6065639389228457,0.910717178301587,4275516935.7948794,4275.51693579488,0.7677446899348915,0.06151492510762444
S_Q1,27,B,SRI3,937,-0.002604204336885234,1284.186713238287,0.0,0.7,5121717249.292493,5121.717249292493,0.8213612267406694,0.15508592165652685
S_Q1,27,B,SRI3,938,-1.6015184086067624,0.0,-0.4484901802219223,0.7,1348363147.770576,1348.363147770576,0.6194186501583236,0.3692318639484825
S_Q1,27,B,SRI3,939,0.0,1698.740645428376,0.0,0.7027362747100974,5355233854.761034,5355.233854761034,0.845020813320525,0.07428754402817804
S_Q1,27,B,SRI3,940,0.0,1876.8634745796899,-2.6434239456133253,1.0,3923181047.5788913,3923.181047578891,0.7439072117266163,0.05699647774575728
S_Q1,27,B,SRI3,941,0.0,0.0,-0.24836533802784855,0.7091819628161109,1386721143.14753,1386.72114314753,0.6254669655246025,0.3692318639484825
S_Q1,27,B,SRI3,942,-4.0,0.0,0.0,0.9831878274390033,85887207.97533429,85.88720797533429,0.46198455900665314,0.3692318639484825
S_Q1,27,B,SRI3,943,-2.4801154374482532,0.0,-0.17636774713361003,0.7143942004621783,1393600750.8148634,1393.6007508148634,0.6262852670153343,0.3692318639484825
S_Q1,27,B,SRI3,944,0.0,730.5252831199872,0.0,0.7,4670990021.56551,4670.99002156551,0.7726544988792826,0.28210054434838294
S_Q1,27,B,SRI3,945,-0.5750414869635039,0.0,-0.33861138436235727,0.7,1394739358.1392956,1394.7393581392955,0.6268189419005941,0.3692318639484825
S_Q1,27,B,SRI3,947,0.0,2026.1786898891858,-0.5472741821987417,0.8368771326814026,4703048168.521013,4703.048168521013,0.8037499555270928,0.04735475148539509
S_Q1,27,B,SRI3,949,0.0,799.1265046516603,-0.00680368440901602,0.7,4735876123.764856,4735.876123764856,0.7796634290390294,0.2699683352901412
S_Q1,27,B,SRI3,950,0.0,362.16167373987446,0.0,0.7,4189616436.1760526,4189.616436176053,0.7218486498025402,0.3314121037463976
S_Q1,27,B,SRI3,953,0.0,2035.5509135225013,-0.45310401127613303,1.0,3999942731.836315,3999.942731836315,0.75579037250507,0.04692781157718718
S_Q1,27,B,SRI3,954,0.0,1948.261750479951,0.0,0.9810024153773996,4055625281.535177,4055.6252815351772,0.7564307823673816,0.05169530721884228
S_Q1,27,B,SRI3,956,-0.005961513739659801,301.2907988355013,-0.008636986557401524,0.7,4072136791.828324,4072.136791828324,0.7099299106984026,0.3379585156722525
S_Q1,27,B,SRI3,957,0.0,816.5464652449928,0.0,0.7,4755166077.550843,4755.1660775508435,0.7815135019745969,0.26637492439605787
S_Q1,27,B,SRI3,958,-2.4377035010693833,0.0,-0.4031159869402452,0.7311811438696306,1224434135.9378645,1224.4341359378645,0.6026968370868467,0.3692318639484825
S_Q1,27,B,SRI3,959,-0.007253656604141162,528.527502705986,0.0,0.7000678236471019,4438424330.382257,4438.424330382258,0.7469313694097554,0.31237769950546124
S_Q1,27,B,SRI3,961,-5.2093364941403503e-05,1969.3010089614663,-0.40099949191177936,0.8335129523262179,4730609382.49874,4730.60938249874,0.8041768954353008,0.05034333084285053
S_Q1,27,B,SRI3,962,0.0,2019.0244320765642,-0.004449993761373257,0.9432529019991058,4282567062.490496,4282.567062490496,0.7742199452093785,0.04771053474223503
S_Q1,27,B,SRI3,965,0.0,333.022314131498,0.0,0.7,4137325949.5215874,4137.325949521587,0.7170455758352012,0.33422279147543327
S_Q1,27,B,SRI3,967,0.0,657.1593183225857,-0.030613632862107276,0.7,4580621505.65875,4580.62150565875,0.7629060376418686,0.29426833173230865
S_Q1,27,B,SRI3,969,0.0,1921.4756381425432,-2.64566666311495,0.8145263485178645,4018241173.6731396,4018.2411736731397,0.7504180453267869,0.053438645177357955
S_Q1,27,B,SRI3,971,-0.01886896363874957,11.685644111230232,0.0,0.7,2711795118.148983,2711.795118148983,0.6466360693065786,0.36805777920091076
S_Q1,27,B,SRI3,972,-0.0165897680729288,280.9350987386273,-0.014286227465312273,0.7,4028506563.9078984,4028.5065639078985,0.7059095598961114,0.3399153235848721
S_Q1,27,B,SRI3,974,0.0,1801.2199873653767,0.0,0.965177972512678,4063391242.401053,4063.3912424010528,0.7509517202120468,0.06400540790550399
S_Q1,27,B,SRI3,976,-0.059813863546591906,0.0,-0.24159051397662806,0.7025666560951506,1420148129.4404447,1420.1481294404448,0.6299498345607857,0.3692318639484825
S_Q1,27,B,SRI3,977,0.0,223.25562863788622,0.0,0.7,3901970316.906002,3901.970316906002,0.6944177607001815,0.3450030241576832
S_Q1,27,B,SRI3,980,-0.31420132306319465,0.0,-0.030971914489891318,0.7,1517714294.999292,1517.714294999292,0.6419753086419755,0.3692318639484825
S_Q1,27,B,SRI3,982,0.0,673.5588381593166,0.0,0.7,4611055393.81124,4611.05539381124,0.7663927135588998,0.29167111395737716
S_Q1,27,B,SRI3,983,0.0,1024.868010872748,0.0,0.7,4934065862.429237,4934.065862429237,0.8008325328210051,0.21934037784181873
S_Q1,27,B,SRI3,984,0.0,1489.7715849655244,0.0,0.7,5250941530.854,5250.941530854,0.8343117372896433,0.10869178496459957
S_Q1,27,B,SRI3,986,-0.06866861392426316,418.94895157727876,-0.013630982553955596,0.7000716079369116,4277089571.3644757,4277.089571364476,0.7296403031273349,0.3257195716369588
S_Q1,27,B,SRI3,987,0.0,1936.3087876271456,-0.06149612176553554,0.9007032589205004,4453596799.119554,4453.596799119554,0.7831145266303768,0.05244245205820613
S_Q1,27,B,SRI3,988,-0.0015224067408728774,259.63102135938993,-0.004070718512867959,0.7,3986259001.8182616,3986.259001818262,0.7019603657451879,0.34172981819475573
S_Q1,27,B,SRI3,991,0.0,2060.2041071973226,-3.061761237354351,0.9822397642346934,4014606043.464791,4014.6060434647907,0.7576048671149537,0.04600277510940334
S_Q1,27,B,SRI3,992,0.0,1958.4525972275187,-0.8230543405992391,0.8150358607986506,4673473042.905044,4673.473042905043,0.7993738214679617,0.051054897356530404
S_Q1,27,B,SRI3,994,-0.052859403159867216,1886.5730364935512,0.0,0.7,5466257028.052196,5466.257028052196,0.8518162735261681,0.05916675561248087
S_Q1,27,B,SRI3,998,0.0,66.75614784959494,0.0,0.7,3313293333.051727,3313.2933330517267,0.6603337246949158,0.361795993880528
S_Q1,27,B,SRI3,1000,0.0,2039.1372589061998,0.0,0.9231496454363295,4395557453.933925,4395.557453933925,0.782189490162593,0.04667876329739923
S_Q1,27,B,SRI3,1003,-4.0,0.0,-0.8355654397671611,0.7,1140505213.1683109,1140.5052131683108,0.5947984487850002,0.3692318639484825
S_Q1,27,B,SRI3,1004,-4.0,0.0,-0.9847127536230748,0.7,1049919506.4279958,1049.9195064279959,0.5832710712633863,0.3692318639484825
S_Q1,27,B,SRI3,1007,-0.0033323793891960884,1001.1306297803018,0.0,0.7,4915173000.898357,4915.173000898358,0.7989824598854377,0.2258156331163055
S_Q1,27,B,SRI3,1011,0.0,110.06372178181499,0.0,0.7,3536838359.6711845,3536.8383596711847,0.669761981001174,0.35734870317002887
S_Q1,27,B,SRI3,1012,0.0,1888.4670454882546,-0.03816435750041447,0.8336381134335539,4773347064.274697,4773.347064274697,0.8062404383249726,0.05600028462660548
S_Q1,27,B,SRI3,1013,0.0,571.4405413702933,-0.004430278223224879,0.7000001595263022,4490870529.616023,4490.870529616023,0.7529441064503504,0.30629380581349847
S_Q1,27,B,SRI3,1015,0.0,124.88155238300651,0.0,0.7,3597625482.6721582,3597.6254826721583,0.6729996086384175,0.356032305119721
S_Q1,27,B,SRI3,1016,-0.022233859988946558,312.8913211539506,-0.0031272615536560543,0.7,4097572391.016163,4097.572391016163,0.71231365851923,0.3368911659017326
S_Q1,27,B,SRI3,1019,-0.0032250283488948414,1862.6911847385993,-0.06722916523294234,0.9565283879678034,4135036505.269167,4135.036505269167,0.7582452769772655,0.05817056249332905
S_Q1,27,B,SRI3,1020,-3.2826036158475653,0.0,-1.1436068142686175,0.8159851950714544,575681308.6413316,575.6813086413315,0.5216494111787099,0.3692318639484825
S_Q1,27,B,SRI3,1021,0.0,1461.7709765604886,-0.025159133086578554,0.7,5222976682.37522,5222.976682375221,0.8316433628633435,0.11427758209698652
S_Q1,27,B,SRI3,1022,0.0,626.3770505673358,-0.0021018830353303347,0.7022686371262039,4546124071.801716,4546.124071801716,0.7590991567936812,0.2991781406766997
S_Q1,27,B,SRI3,1023,0.0,1896.7292774877656,-0.7436164113004758,0.8211602686784719,4645772331.616764,4645.772331616764,0.7957804105738783,0.055324296438609595
S_Q1,27,B,SRI3,1024,-5.2093364941403503e-05,1896.1283125225773,-0.40361904295848805,0.8335129523262179,4694324789.072918,4694.324789072918,0.8000853879816415,0.05539545308997759
S_Q1,27,B,SRI3,1026,-3.3927354709073856,0.0,-1.180098980281789,0.8223224907077207,539313348.150281,539.313348150281,0.5162059273490588,0.3692318639484825
S_Q1,27,B,SRI3,1027,-2.2620955117145654,0.0,-0.12338976570817356,0.7,1482803543.5437322,1482.803543543732,0.638310741096524,0.3692318639484825
S_Q1,27,B,SRI3,1029,-0.00328659476969095,1054.3459963407936,-0.003172122549028461,0.7,4955503131.8675585,4955.503131867558,0.8028960757106771,0.2123314476820721
S_Q1,27,B,SRI3,1030,-0.00011448447862845912,54.564461824803686,0.0,0.7,3230368131.495968,3230.3681314959676,0.6576653502686163,0.3631123919308357
S_Q1,27,B,SRI3,1031,0.0,489.62079686680005,0.0,0.7,4386565121.398342,4386.565121398342,0.7424129220478887,0.31746540007827234
S_Q1,27,B,SRI3,1032,-0.007688581823039886,1229.3171724141469,-0.0006277851551495187,0.7000715601155255,5084039367.690159,5084.0393676901585,0.8168072010531183,0.16992208346675206
S_Q1,27,B,SRI3,1033,-0.007120177682699902,470.2607710118128,0.0,0.7,4359368355.459395,4359.368355459395,0.7395310776674849,0.31956452129362795
S_Q1,27,B,SRI3,1034,0.0,1929.6405657480793,-1.308742750187075,0.9742467451391298,4018822798.3038907,4018.8227983038905,0.7526594798448784,0.05297612694346605
S_Q1,27,B,SRI3,1035,-0.048663794562837426,487.11890497232775,0.0,0.7000678236471019,4382741485.537276,4382.741485537276,0.7415234639057886,0.31807023161490017
S_Q1,27,B,SRI3,1036,-0.008772085047139147,76.33662127211545,0.0,0.7,3370677047.6520276,3370.677047652028,0.6623261109332192,0.3610132707154802
S_Q1,27,B,SRI3,1037,0.0,167.4494876638207,0.0,0.7,3746012116.6265965,3746.0121166265963,0.6824634432703597,0.3506599779414381
S_Q1,27,B,SRI3,1038,0.0,2005.0394235314354,0.0,0.7,5523893872.846766,5523.8938728467665,0.8591454086170702,0.04831536627886292
S_Q1,27,B,SRI3,1039,0.0,1834.0248225249593,-0.10631471509230368,0.9132226255150361,4334343949.729071,4334.343949729071,0.7716583057601311,0.0606966236168926
S_Q1,27,B,SRI3,1041,-3.3927354709073856,0.0,-1.2620560559402652,0.8223224907077207,500448417.6571698,500.44841765716984,0.511082648450564,0.3692318639484825
S_Q1,27,B,SRI3,1044,0.0,1927.44657906274,0.0,0.8111905558526752,4916120584.025969,4916.120584025968,0.8178389724979543,0.05311844024620201
S_Q1,27,B,SRI3,1046,-0.005071942885087187,1735.6080503542391,-0.0003260046461670842,0.7,5388921485.723786,5388.921485723787,0.8467997296047248,0.07040950652862275
S_Q1,27,B,SRI3,1047,0.0,1313.0493462564295,0.0,0.7,5140790718.095416,5140.790718095416,0.823175721350553,0.1483616181022521
S_Q1,27,B,SRI3,1048,0.0,1869.7394150711516,-0.08833897007800932,0.9247878968341547,4296452776.41291,4296.452776412911,0.7700572811043515,0.05763688760806917
S_Q1,27,B,SRI3,1052,0.0,0.0,-1.329521718547782,0.8665818757296438,353082944.78192294,353.08294478192295,0.49275981072330727,0.3692318639484825
S_Q1,27,B,SRI3,1053,0.0,1422.9970963674991,-0.0005417919255757747,0.7000956903387122,5210067769.24375,5210.067769243749,0.8301134948589317,0.12235386202725299
S_Q1,27,B,SRI3,1054,-0.003017695874458339,2039.9462600636512,-0.7922869072821411,0.8528591179296965,4574483288.703059,4574.483288703059,0.7946063258263065,0.04664318497171523
S_Q1,27,B,SRI3,1055,0.0,2041.0575166644194,0.0,0.9683840933711224,4164559253.683926,4164.559253683926,0.7669263884441598,0.04664318497171523
S_Q1,27,B,SRI3,1056,0.0,2067.758818850057,-0.24461733212110637,0.9045593120239149,4472636339.717014,4472.636339717014,0.7882022272031878,0.04568257017824741
S_Q1,27,B,SRI3,1057,-0.002677540736037482,954.2675065444697,0.0,0.7000000033066385,4876814961.261576,4876.814961261575,0.7944995908492548,0.2377699505461273
S_Q1,27,B,SRI3,1058,0.0,1821.078033300293,-0.24886617796929814,0.7914574659050936,4893684602.998818,4893.684602998818,0.8131426335076672,0.06183513003878038
S_Q1,27,B,SRI3,1059,0.0,2090.6576765592768,-2.209739519245744,0.7559851601120565,4221108435.108837,4221.1084351088375,0.7690255096595153,0.04482869036183156
S_Q1,27,B,SRI3,1061,-0.003525556603344814,2026.6230403393843,-0.04374423553887577,0.8305214029237569,4854851637.134812,4854.851637134812,0.8155975379798627,0.04735475148539509
S_Q1,27,B,SRI3,1062,-0.007174465600217391,1944.2140998114946,0.0,0.7000721018700256,5494218981.905871,5494.218981905871,0.8559789376311949,0.052513608709574125
S_Q1,27,B,SRI3,1067,0.0,1167.5301056582484,0.0,0.7003526995594448,5039414884.937275,5039.414884937275,0.8121464403885154,0.1857188600704451
S_Q1,27,B,SRI3,1069,-0.0020837179143360536,250.2009325547751,-0.007577377584667958,0.7,3963377372.878231,3963.377372878231,0.6996477745757285,0.3425125413598036
S_Q1,27,B,SRI3,1071,0.0,1820.7668387100562,0.0,0.9761654517608391,4016994364.3464026,4016.9943643464026,0.7484968157398512,0.06183513003878038
S_Q1,27,B,SRI3,1072,-0.00045120352727137745,2.357877662182716,0.0,0.7,2339993476.077781,2339.993476077781,0.6444302131141707,0.3690539723200626
S_Q1,27,B,SRI3,1073,-0.026120983020931687,0.0,-0.6808126238114304,0.703174370408038,1212988796.2924666,1212.9887962924665,0.6021275838759026,0.3692318639484825
S_Q1,27,B,SRI3,1074,0.0,0.0,-0.3885855004736424,0.7,1372001853.1300924,1372.0018531300923,0.6231187960294586,0.3692318639484825
S_Q1,27,B,SRI3,1076,0.0,751.7698406381219,-0.0004854193535539066,0.7,4692423944.601607,4692.423944601607,0.7749315117230582,0.2783648201515636
S_Q1,27,B,SRI3,1077,0.0,2100.0,0.0,0.8495988614555436,4800845727.25183,4800.84572725183,0.8133205251360871,0.04454406375635962
S_Q1,27,B,SRI3,1078,0.0,1780.915315153947,-1.5714773802649638,0.8652391959697111,4150635252.172422,4150.635252172422,0.7549009143629701,0.06635357740064754
S_Q1,27,B,SRI3,1079,0.0,1105.9772988141547,0.0,0.7,4996248179.774901,4996.2481797749015,0.8078414629807521,0.2005906002063543
S_Q1,27,B,SRI3,1080,0.0,1584.7241384679874,0.0,0.7,5306193415.981017,5306.193415981017,0.8402888960045541,0.09122282705375885
S_Q1,27,B,SRI3,1081,0.0,2079.2823328597224,-0.0015343796934995358,0.7,5558207571.466235,5558.207571466235,0.8620984096488419,0.04543352189845947
S_Q1,27,B,SRI3,1082,0.0,1794.0660901993458,-0.03422965405939151,0.9816269152400081,3974420258.7840915,3974.4202587840914,0.7443341516348241,0.06482370939623582
S_Q1,27,B,SRI3,1083,-0.0006211166951177738,434.9324911311814,-0.003813983926474876,0.7,4305531958.584285,4305.531958584284,0.734478955420358,0.3231935105133953
S_Q1,27,B,SRI3,1084,0.0,1917.0703406705588,-0.034305759786602885,0.9648513581788569,4121548662.6022816,4121.548662602281,0.759561675027573,0.05368769345714589
S_Q1,27,B,SRI3,1087,-0.41130020895198216,0.0,-0.4027944513197226,0.7017652701395438,1358461610.7924356,1358.4616107924357,0.6208773615113672,0.3692318639484825
S_Q1,27,B,SRI3,1091,0.0,1821.4355703427143,-0.0028850461179631137,0.7,5432378457.473841,5432.378457473841,0.8512114419895404,0.06183513003878038
S_Q1,27,B,SRI3,1092,-0.0034687016070751517,384.93560493537154,0.0,0.7,4228288735.1078544,4228.288735107854,0.7259045789305156,0.3286369943430462
S_Q1,27,B,SRI3,1093,0.0,1969.9065987400397,-0.09301747060486018,0.886595096179284,4536033281.550016,4536.033281550016,0.7899099868360193,0.05030775251716654
S_Q1,27,B,SRI3,1094,0.0,1821.4355703427143,-0.1859201562713441,0.7,5363044597.134399,5363.0445971344,0.8459102714626249,0.06183513003878038
S_Q1,27,B,SRI3,1095,0.0,195.668392232732,-0.00023126356241172895,0.7,3829139201.0072703,3829.1392010072705,0.6882627103568507,0.34770697690966657
S_Q1,27,B,SRI3,1097,-0.007225085084772563,780.1114263695574,-0.00043745943108334726,0.7000743199199595,4720007876.097887,4720.007876097887,0.7774575728466219,0.27341943288148857
S_Q1,27,B,SRI3,1098,-0.007457613534360849,547.0512777253106,-0.001688869023561722,0.7000392664499183,4461969745.337469,4461.969745337469,0.7493862738819511,0.3098516383818978
S_Q1,27,B,SRI3,1099,0.0,599.4620108547529,-0.00024875020458971914,0.7000453428527625,4526736562.4488125,4526.736562448812,0.7568577222755897,0.3025225032909951
S_Q1,27,B,SRI3,1102,0.0,1875.9316403804287,0.0,0.7000735492842178,5460668563.078802,5460.668563078802,0.8539865513928914,0.057032056071441274
S_Q1,27,B,SRI3,1103,0.0,2035.5509135225013,-0.2696976533603619,0.9673212589276989,4155478422.8934774,4155.478422893478,0.766001351976376,0.04692781157718718
S_Q1,27,B,SRI3,1104,0.0,1902.867642147239,-0.28000612526655794,0.9307501692922229,4264512485.841457,4264.5124858414565,0.7688831963567795,0.0547906215533497
S_Q1,27,B,SRI3,1106,0.0,505.86205102479244,0.0,0.7,4408735918.782245,4408.735918782245,0.7444408866118759,0.3150816522574447
S_Q1,27,B,SRI3,1107,-0.2752835883549247,0.0,-0.03871505403049508,0.7031557605028783,1499167861.135391,1499.167861135391,0.6396271391468318,0.3692318639484825
S_Q1,27,B,SRI3,1109,0.0,1917.3749388046015,-0.03323057290025816,0.9704669976186073,4093181990.800576,4093.1819908005764,0.7575337104635855,0.05368769345714589
S_Q1,27,B,SRI3,1114,0.0,712.6210885444357,0.0,0.7003210896478583,4650885681.479169,4650.885681479169,0.7705197993382433,0.2846977621233145
S_Q1,27,B,SRI3,1115,0.0,2100.0,-0.008281655402789738,0.9247878968341547,4414369138.998154,4414.369138998154,0.7852136478457324,0.04454406375635962
S_Q1,27,B,SRI3,1117,0.0,881.9980950539767,0.0,0.7001923238934046,4813807400.231759,4813.807400231759,0.7884868538086599,0.2538869320809763
S_Q1,27,B,SRI3,1119,-0.18589121666514952,0.0,-0.7364295768314121,0.7,1193995663.8432825,1193.9956638432825,0.5990322695413953,0.3692318639484825
S_Q1,27,B,SRI3,1122,0.0,1355.8196433014687,0.0,0.7,5168424517.01967,5168.424517019669,0.8260219874052724,0.13768812039705414
S_Q1,27,B,SRI3,1124,-0.007243243040947415,231.46090958898085,0.0,0.7000721018700256,3921932855.9626036,3921.9328559626038,0.6957697370761733,0.34425587931831925
S_Q1,27,B,SRI3,1125,0.0,679.2182476211382,-0.049095273291582565,0.7000937767422998,4598088313.894538,4598.088313894538,0.7653253637883801,0.2906393425125414
S_Q1,27,B,SRI3,1128,-0.0012150545193881923,1873.6799369326302,-1.3516801316552203,0.7076630858800537,4679961248.043122,4679.961248043122,0.7940370726153629,0.05724552602554524
S_Q1,27,B,SRI3,1129,0.0,1208.2244062944494,-0.01852196733872143,0.7,5062668710.836367,5062.668710836367,0.8147436581634468,0.17472515743409114
S_Q1,27,B,SRI3,1133,-0.008326420420179781,0.0,-1.2650075664581224,0.8658292189881578,376746999.56772697,376.74699956772696,0.495321450172555,0.3692318639484825
S_Q1,27,B,SRI3,1135,0.0,1869.5678996952222,-0.8213398861689363,0.8195306143287966,4612883226.489915,4612.883226489915,0.7932899277759987,0.057672465933753164
S_Q1,27,B,SRI3,1136,-0.00605883694975926,290.8840459653638,-0.0017033162472829288,0.7000391077539312,4054495934.762606,4054.4959347626063,0.7082577293912549,0.33899028711708823
S_Q1,27,B,SRI3,1139,-0.022233859988946558,327.43637586854373,-0.0031272615536560543,0.7000000000608861,4125358715.863812,4125.358715863812,0.7151599245739496,0.33518340626890103
S_Q1,27,B,SRI3,1140,-0.0001182210869466831,45.71420964935976,0.0,0.7,3160794478.1289206,3160.7944781289207,0.6557085423559966,0.3642508983527235
S_Q1,27,B,SRI3,1141,0.0,1827.1830181258265,-0.5383984143494495,0.7533785189501326,4971899931.551368,4971.899931551367,0.8179101291493223,0.061230298502152496
S_Q1,27,B,SRI3,1143,0.0,1821.7946249144961,-1.4237395436716695,0.8538916385016936,4246145173.8667493,4246.145173866749,0.7627993026648164,0.06183513003878038
S_Q1,27,B,SRI3,1144,-1.98288089573597,0.0,-1.6991857286404843,0.9747762465932613,43735839.168737456,43.735839168737456,0.45817767815846583,0.3692318639484825
S_Q1,27,B,SRI3,1145,0.0,96.71359945619145,0.0,0.7,3476491569.979263,3476.4915699792627,0.6670580282491906,0.3588429928487566
S_Q1,27,B,SRI3,1146,0.0,1972.1621845405298,0.0,0.704927107788489,5482889523.617302,5482.889523617302,0.8562279859109829,0.05016543921443058
S_Q1,27,B,SRI3,1147,0.0,181.44807534745632,0.0,0.7,3788479206.8568025,3788.4792068568026,0.6853808659764473,0.34948589319386625
S_Q1,27,B,SRI3,1150,0.0,1828.9133149352074,0.0,0.9478569355521146,4166273507.178546,4166.2735071785455,0.7595972533532572,0.061087985199416515
S_Q1,27,B,SRI3,1153,0.0,1828.9133149352074,-0.4496829224259189,0.9469628196608828,4138347110.832059,4138.347110832059,0.7574981321379015,0.061087985199416515
S_Q1,27,B,SRI3,1154,-0.00761793004284623,156.10296925747002,0.0,0.7000015097700705,3709553530.8059516,3709.5535308059516,0.6799729604724802,0.3521186892944818
S_Q1,27,B,SRI3,1156,-0.0005292528199725838,2077.6344230979307,-2.6995974976821913,0.7842989487927248,4098311684.3296685,4098.311684329668,0.7609848080549328,0.04546910022414346
S_Q1,27,B,SRI3,1158,0.0,1867.9465504665113,-0.14736028011016145,0.9857392920582881,3989219412.9558287,3989.219412955829,0.7486391290425872,0.057779200910805135
S_Q1,27,B,SRI3,1159,-4.0,0.0,-0.14199302457947194,0.7008613594344029,1473779342.851681,1473.779342851681,0.63738570462874,0.3692318639484825
S_Q1,27,B,SRI3,1160,0.0,905.8911308876443,0.0,0.7,4835694970.074641,4835.694970074641,0.7903013484185434,0.24840786992564126
S_Q1,27,B,SRI3,1161,-0.005159095878958695,1107.3471984684631,-0.0009769332112402607,0.7002664260330438,4995429429.320023,4995.429429320023,0.8073077880954922,0.2003771302522503
S_Q1,27,B,SRI3,1164,0.0,2040.9334310891418,-2.8412124660893374,0.9710689700734398,4010222201.410797,4010.222201410797,0.7562884690646461,0.04664318497171523
S_Q1,27,B,SRI3,1169,0.0,599.6602246506158,0.0,0.7,4527204182.946526,4527.204182946525,0.7568933006012736,0.3024513466396272
S_Q1,27,B,SRI3,1170,-1.228342468063067,0.0,-1.4838044928680052,0.8053699873134944,437650557.8351326,437.6505578351326,0.5051766463870211,0.3692318639484825
S_Q1,27,B,SRI3,1171,-4.0,0.0,-0.8935724184750792,0.8133991154774596,687398176.2966726,687.3981762966725,0.5343152951222115,0.3692318639484825
S_Q1,27,B,SRI3,1174,-0.002345954066826722,0.0,-1.6194257823795608,0.8791545284630624,230947572.4019138,230.9475724019138,0.4782438538442381,0.3692318639484825
S_Q1,27,B,SRI3,1175,0.0,1867.9465504665113,-0.14736028011016145,0.8040423579756268,4887138115.223983,4887.138115223983,0.814245561603871,0.057779200910805135
S_Q1,27,B,SRI3,1176,0.0,1760.4350026837633,0.0,0.8038632230143675,4869109177.635879,4869.109177635879,0.8107944640125235,0.06838154196463515
S_Q1,27,B,SRI3,1181,-1.7750859457381232,0.0,-0.757287466073556,0.7038534604311734,1168469465.6026495,1168.4694656026495,0.596114846835308,0.3692318639484825
S_Q1,27,B,SRI3,1183,-0.0051654158341430945,87.99477449367336,0.0,0.7002664260330438,3432157580.7979155,3432.1575807979157,0.664531967125627,0.3596612943394884
S_Q1,27,B,SRI3,1184,-0.002345954066826722,0.0,-0.052167043872515695,0.7011856280523647,1505067775.3850293,1505.0677753850293,0.6404098623118797,0.3692318639484825
S_Q1,27,B,SRI3,1186,0.0,796.0145922593456,0.0,0.7002682134066218,4734336831.486122,4734.336831486122,0.7793788024335574,0.2706443234781371
S_Q1,27,B,SRI3,1187,0.0,465.7879254691389,0.0,0.7,4352979840.919399,4352.979840919399,0.738783932828121,0.3200626178532038
S_Q1,27,B,SRI3,1188,0.0,0.0,-0.2854327508378668,0.7,1414213833.8550384,1414.2138338550385,0.6289536414416338,0.3692318639484825
S_Q1,27,B,SRI3,1190,0.0,530.1091540594712,0.0,0.7,4440841529.324064,4440.841529324064,0.7471804176895434,0.31219980787704127
S_Q1,27,B,SRI3,1191,0.0,1844.252461102316,-0.029180069264611364,0.7966323496561197,4941097725.490618,4941.097725490617,0.8174476109154304,0.05987832212616072
S_Q1,27,B,SRI3,1192,0.0,0.0,-0.5540064021764675,0.7008988723082081,1287851549.2813847,1287.8515492813847,0.6116625751592131,0.3692318639484825
S_Q1,27,B,SRI3,1193,0.0,836.2963711333866,0.0,0.7,4773511921.078158,4773.511921078159,0.7837549364926886,0.2622478386167147
S_Q1,27,B,SRI3,1194,0.0,1054.152956736652,0.0,0.7,4956894397.709861,4956.894397709861,0.802967232362045,0.2123314476820721
S_Q1,27,B,SRI3,1195,-0.03521295238517219,455.56791995406735,0.0,0.7,4338149043.429137,4338.149043429137,0.7367203899384497,0.3214501725548795
S_Q1,27,B,SRI3,1196,-0.008107127936324673,0.0,-0.199765836567683,0.7015315510768468,1445920467.3832965,1445.9204673832965,0.6334365104778171,0.3692318639484825
S_Q1,27,B,SRI3,1197,-0.0012594164946005681,377.5791606596084,0.0,0.7003564747347611,4214169617.4399467,4214.169617439947,0.7243391326004198,0.32917066922830607
S_Q1,27,B,SRI3,1198,0.0,1286.3184978697789,0.0,0.7003673584974967,5121252377.194844,5121.2523771948445,0.8213612267406694,0.15444551179421498
S_Q1,27,B,SRI3,1199,0.0,983.2521054200101,-0.004992502758991463,0.7,4898280956.14388,4898.28095614388,0.7970256519728182,0.23036965880385665
S_Q1,27,B,SRI3,1200,-0.0034267931068112656,2048.194006868831,-0.09104940968930286,0.9402588605558202,4304914982.983323,4304.914982983323,0.7769238979613621,0.04632298004055929
S_Q1,27,B,SRI3,1201,-1.880325171277667e-05,1817.5442138283129,-1.3438484891964424,0.7007819514238529,4676767987.731148,4676.7679877311475,0.792578361262319,0.06240438324972426
S_Q1,27,B,SRI3,1202,-3.149770860008772e-05,1077.503197665016,-0.0009502723172513155,0.7002795636811162,4973120075.0708885,4973.120075070889,0.8048528836232968,0.20688796385242117
S_Q1,27,B,SRI3,1203,-0.024159148920038252,370.3604343323718,-0.005297350242737036,0.7000224272840769,4200931074.2333813,4200.931074233381,0.7224890596648522,0.3301668623474579
S_Q1,27,B,SRI3,1204,-0.6826641456967499,0.0,-1.5233570213374181,0.8784372291900988,262330256.74233317,262.3302567423332,0.4818016864126375,0.3692318639484825
S_Q1,27,B,SRI3,1205,0.0,1760.0854970050134,0.0,0.8111678322799961,4831478285.7309675,4831.478285730967,0.8076991496780163,0.06845269861600313
S_Q1,27,B,SRI3,1206,-4.0,0.0,-0.7820224790474354,0.8907170223127744,425978619.36957496,425.978619369575,0.4986658127868503,0.3692318639484825
S_Q1,27,B,SRI3,1207,0.0,1900.606896934297,-1.2971252921927183,0.7566779298174285,4599621019.554498,4599.621019554498,0.7903369267442273,0.05496851318176968
S_Q1,27,B,SRI3,1209,0.0,2008.5052305852307,-0.00017776569522970527,0.7000053223988335,5525515676.456385,5525.515676456384,0.8592521435941223,0.04817305297612696
S_Q1,27,B,SRI3,1214,0.0,1900.606896934297,-1.2971252921927183,0.9609366494605636,4041685372.8388786,4041.6853728388787,0.7528729497989822,0.05496851318176968
S_Q1,27,B,SRI3,1215,0.0,170.38432412556938,0.0,0.7,3755113995.0209966,3755.1139950209968,0.6829971181556196,0.35051766463870215
S_Q1,27,B,SRI3,1216,0.0,1240.0456979265543,0.0,0.7,5091869316.443322,5091.8693164433225,0.8180168641263742,0.16672003415519268
S_Q1,27,B,SRI3,1217,0.0,1945.8022663307484,-0.004992502758991463,0.9628154783423095,4147353538.8130183,4147.3535388130185,0.7620165794997688,0.05183762052157825
S_Q1,27,B,SRI3,1218,-0.28072557031143575,0.0,-0.757287466073556,0.7767319060109397,880954904.2823534,880.9549042823534,0.558010460027751,0.3692318639484825
S_Q1,27,B,SRI3,1221,-0.19765911923443924,0.0,-0.8027569260254509,0.7002437004859321,1156780692.6133862,1156.7806926133862,0.5957946419041519,0.3692318639484825
S_Q1,27,B,SRI3,1224,0.0,1874.0666574129011,0.0,0.8992027307696516,4438538190.27632,4438.53819027632,0.7804105738783934,0.05720994769986124
S_Q1,27,B,SRI3,1225,-0.00024793766911525815,2100.0,-2.301978933741617,0.7031608036405582,4237044585.6891265,4237.0445856891265,0.7704486426868753,0.04454406375635962
S_Q1,27,B,SRI3,1226,-0.005194240027082208,1918.5366862962342,-0.8632715681715104,0.7023324384498115,5062148374.065709,5062.1483740657095,0.8217881666488773,0.05418579001672181
S_Q1,27,B,SRI3,1227,-0.00011581733137405433,1138.086076392605,0.0,0.7000006867116904,5019932414.506743,5019.932414506743,0.8100828974988439,0.19319030846408372
S_Q1,27,B,SRI3,1230,-0.0018564700411812553,221.91780109193945,-0.005896883160105873,0.7,3895914097.9693594,3895.9140979693593,0.6940619774433415,0.3452876507631551
S_Q1,27,B,SRI3,1232,0.0,858.4041065774786,0.0,0.7000900512692043,4793219662.106172,4793.219662106171,0.7865300458960403,0.2581919094887395
S_Q1,27,B,SRI3,1233,0.0,1541.2854675766428,0.0,0.700000360679087,5281313733.776006,5281.313733776005,0.8374426299498344,0.09890774540150139
S_Q1,27,B,SRI3,1234,-0.5909806725362814,0.0,-0.864921252801141,0.7002759308462745,1121206892.6001985,1121.2068926001984,0.5924502792898567,0.3692318639484825
S_Q1,27,B,SRI3,1237,-0.0760492026559069,0.0,-0.5946484073418544,0.7004620041934376,1269891884.8245075,1269.8918848245075,0.6091009357099654,0.3692318639484825
S_Q1,27,B,SRI3,1238,0.0,32.105279247379315,0.0,0.7,3030220045.1099677,3030.2200451099675,0.6520439748105454,0.36581634468281926
S_Q1,27,B,SRI3,1239,-0.04991413164712177,0.0,-2.5421744525763614,0.7970257040945705,94096287.4340682,94.0962874340682,0.46483082506137274,0.3692318639484825
S_Q1,27,B,SRI3,1240,0.0,1923.0710901014556,-0.7535011248220667,0.7737527446107917,4843839155.690432,4843.839155690432,0.8091222827053758,0.053331910200305956
S_Q1,27,B,SRI3,1241,-0.102188734753351,341.3806655822673,-1.5646058626598028e-07,0.7003232029801264,4150972191.00863,4150.97219100863,0.7162984309958376,0.3343295264524852
S_Q1,27,B,SRI3,1243,0.0,671.8505481275662,0.0,0.7000236669057722,4609066467.161554,4609.066467161554,0.766108086953428,0.29177784893442915
S_Q1,27,B,SRI3,1244,-0.007727541399906279,278.41042871084306,0.0,0.7002671734180745,4027752554.9142146,4027.7525549142147,0.7058384032447432,0.34009321521329205
S_Q1,27,B,SRI3,1245,0.0,393.5263265843864,-0.005086991052580221,0.7000118335004741,4239900998.282876,4239.900998282876,0.7271142420037713,0.3273561746184224
S_Q1,27,B,SRI3,1247,-0.5840015181844546,0.0,-0.034417493261451715,0.7000029552529179,1516357263.7542002,1516.3572637542002,0.6419041519906075,0.3692318639484825
S_Q1,27,B,SRI3,1248,0.0,731.8232171861232,0.0,0.7,4672298979.566367,4672.298979566367,0.7728679688333865,0.281958231045647
S_Q1,27,B,SRI3,1251,0.0,20.171453817321787,0.0,0.7000009833311358,2874318447.4653716,2874.3184474653717,0.648948660476038,0.36699042943039106
S_Q1,27,B,SRI3,1253,0.0,402.5084426013136,0.0,0.7,4256978914.0201225,4256.978914020123,0.7288931582879711,0.3264311381506386
S_Q1,27,B,SRI3,1256,-3.650541673476227,0.0,-0.8616688763495897,0.804105154216314,733986030.4487778,733.9860304487778,0.5409684420251183,0.3692318639484825
S_Q1,27,B,SRI3,1257,0.0,1880.1017401751274,-0.004992502758991463,0.7000160959672569,5460592985.666639,5460.592985666639,0.8539865513928914,0.05660511616323336
S_Q1,27,B,SRI3,1258,-0.37899580279598855,185.68784619242456,0.0,0.700027491038462,3800593992.1506805,3800.5939921506806,0.6821432383392038,0.35087344789554203
S_Q1,27,B,SRI3,1259,0.0,1815.9656463561698,-0.8391156727328768,0.9311972460782149,4154476674.6977825,4154.476674697782,0.7584587469313695,0.062475539901092246
S_Q1,27,B,SRI3,1260,-0.005969419068700197,928.4729503408547,-0.005926016586586511,0.7000003140190295,4852390532.2177,4852.3905322177,0.7918667947486392,0.24399615754082615
S_Q1,27,B,SRI3,1262,-0.05134579139421375,0.0,-2.2846538058545445,0.794031610429611,148185342.33949932,148.18534233949933,0.47070124879923153,0.3692318639484825
S_Q1,27,B,SRI3,1263,-0.5831142740715947,0.0,-0.3160431299646208,0.7037630001296079,1385480990.9429636,1385.4809909429637,0.6253246522218663,0.3692318639484825
S_Q1,27,B,SRI3,1264,-3.2703712646030883e-07,1859.9901236172032,-0.17639473523934956,0.9628154783423095,4096985104.652578,4096.985104652578,0.7557547941793858,0.05852634575016899
S_Q1,27,B,SRI3,1266,-0.005553164194875872,336.7876644843675,0.0,0.7000090178546722,4144226235.504507,4144.226235504507,0.7173302024406731,0.33408047817269726
S_Q1,27,B,SRI3,1272,-0.005200230528510867,1918.5366862962342,-0.851692267774139,0.8926261851426401,4350319868.053844,4350.319868053844,0.7748247767460062,0.05418579001672181
S_Q1,27,B,SRI3,1274,0.0,1976.9443982925602,-0.17447793981204168,0.8684497227971442,4617075474.837108,4617.075474837107,0.7963140854591382,0.0499875475860106
S_Q1,27,B,SRI3,1275,-0.5212355013857933,0.0,-0.2566696203287562,0.7,1428198549.4061797,1428.1985494061796,0.6309816060056214,0.3692318639484825
S_Q1,27,B,SRI3,1276,-0.0727610150299895,203.256305118169,0.0,0.7,3849869482.1543927,3849.8694821543927,0.6888675418934783,0.34756466360693067
S_Q1,27,B,SRI3,1277,-0.19431002724577895,0.0,-0.757287466073556,0.8662765949873856,527689933.2087468,527.6899332087468,0.5113316967303518,0.3692318639484825
S_Q1,27,B,SRI3,1278,-0.0051654158341430945,309.1343609451487,0.0,0.7002664260330438,4090431841.7288785,4090.4318417288787,0.7117799836339704,0.33735368413562455
S_Q1,27,B,SRI3,1281,-3.8977338832227346,0.0,-0.6039859321943323,0.7173301468517239,1194324715.3406656,1194.3247153406655,0.5994947877752872,0.3692318639484825
S_Q1,27,B,SRI3,1286,0.0,1934.9808041489578,-0.06221618014771346,0.8155261517453554,4882736945.7333765,4882.736945733376,0.8156331163055465,0.052513608709574125
S_Q1,27,B,SRI3,1288,-7.730324120157633e-05,749.9983116480287,-6.013945531049966e-05,0.7,4690659798.953643,4690.659798953643,0.7746468851175865,0.27879176005977163
S_Q1,27,B,SRI3,1289,-0.005918370571400544,1670.4062853261694,0.0,0.7,5353817197.126253,5353.817197126253,0.8441669335041092,0.07813000320204931
S_Q1,27,B,SRI3,1290,-1.5539718726239726e-05,256.7030866858819,0.0,0.7000000001166329,3981604922.0870585,3981.6049220870586,0.7012843775571921,0.34194328814885966
S_Q1,27,B,SRI3,1291,-0.006131728256140106,1947.1514515432718,-0.0126231247727695,0.7001548047880878,5489837124.92693,5489.83712492693,0.8555164193973032,0.05233571708115416
S_Q1,27,B,SRI3,1292,0.0,44.28882774526596,0.0,0.7002692687336447,3147256488.337675,3147.256488337675,0.6548902408652647,0.3644643683068275
S_Q1,27,B,SRI3,1293,-4.263971634528574e-05,1936.8187243491893,-0.004992502758991463,0.9556388674108272,4179726314.2682214,4179.726314268221,0.7644359056462803,0.05240687373252214
S_Q1,27,B,SRI3,1294,-0.03577089145100398,0.0,-0.8941455663367778,0.7047284729719304,1087469275.9682245,1087.4692759682246,0.5882164585334615,0.3692318639484825
S_Q1,27,B,SRI3,1295,-0.026870988770685,116.06831763202592,0.0,0.700849220668565,3557838124.738867,3557.838124738867,0.67043796918917,0.35706407656455685
S_Q1,27,B,SRI3,1296,-2.288716159892105e-07,1999.623063283296,-0.009331744211455661,0.9232204886965516,4375482042.51555,4375.482042515549,0.7798768989931334,0.04863557121001886
S_Q1,27,B,SRI3,1297,-2.9694509458981457,0.0,-0.328179326225817,0.803925743046795,914197462.5249789,914.1974625249788,0.5611057743622585,0.3692318639484825
S_Q1,27,B,SRI3,1298,-0.004063861925496754,300.9164041992239,0.0,0.7,4075514109.8177376,4075.514109817738,0.7104280072579785,0.33795851567225244
S_Q1,27,B,SRI3,1299,-0.5831142740715947,0.0,-0.5350000674101222,0.7037630001296079,1285065922.5557337,1285.0659225557338,0.6112000569253211,0.3692318639484825
S_Q1,27,B,SRI3,1300,0.0,1891.442375325468,-0.8941064415812366,0.7784350336479104,4749279552.942134,4749.279552942134,0.8026470274308891,0.055715658021133534
S_Q1,27,B,SRI3,1301,-0.005377918661985825,327.7625970652799,0.0,0.7002722549760884,4126130585.621088,4126.130585621088,0.7153022378766855,0.335041092966165
S_Q1,27,B,SRI3,1307,-0.05178828007667905,352.90609489820497,-2.527351181916607e-06,0.7000001216389594,4173357095.1140666,4173.357095114066,0.7197851069128687,0.3325506101682856
S_Q1,27,B,SRI3,1308,0.0,661.0246561915842,-5.039328005093481e-05,0.7000174595526467,4597234729.47127,4597.23472947127,0.7648272672288042,0.2934500302415768
S_Q1,27,B,SRI3,1309,0.0,419.9286146135834,0.0,0.7000009897339521,4284487685.569961,4284.487685569961,0.7317750026683746,0.32479453516917495
S_Q1,27,B,SRI3,1310,-0.0026285516679003425,1034.9870150495676,-3.90597748681061e-05,0.7011367213605647,4936181144.77071,4936.18114477071,0.8010460027751093,0.21695663002099122
S_Q1,27,B,SRI3,1313,-3.70113012415239e-06,0.0,-0.6403172147763233,0.7000120151762869,1249664553.9888592,1249.664553988859,0.60646813960935,0.3692318639484825
S_Q1,27,B,SRI3,1315,-0.005583180149887443,1766.0992227764468,-7.012294160196799e-05,0.7002433652411058,5403707467.171861,5403.707467171861,0.8480093926779807,0.06813249368484718
S_Q1,27,B,SRI3,1316,0.0,1945.8022663307484,-0.005603532249917276,0.9700301107527739,4110420864.287132,4110.420864287132,0.7596328316789415,0.05183762052157825
S_Q1,27,B,SRI3,1317,-4.40829457764295e-06,690.8686569966595,-0.004826899382159446,0.7000070108358795,4627187839.829337,4627.1878398293375,0.7679937382146798,0.2885757996228698
S_Q1,27,B,SRI3,1319,-0.007350707569048487,1817.121578787613,0.0,0.7000825904411387,5430888906.210169,5430.888906210169,0.850357562173124,0.06297363646066816
S_Q1,27,B,SRI3,1320,0.0,1874.0666574129011,-0.561363997856389,0.8992027307696516,4356470660.573728,4356.470660573727,0.7751449816771625,0.05720994769986124
S_Q1,27,B,SRI3,1321,0.0,1253.690042707129,0.0,0.7000005100655632,5101191484.365887,5101.191484365887,0.8193332621766817,0.1633400932152133
S_Q1,27,B,SRI3,1322,0.0,286.74060263020704,0.0,0.7,4046605562.907191,4046.6055629071907,0.7077240545059951,0.33941722702529614
S_Q1,27,B,SRI3,1324,-0.00026396047341275056,1726.1972331366321,0.0,0.7002664260330438,5382617059.881395,5382.617059881395,0.8467997296047245,0.07122780801935462
S_Q1,27,B,SRI3,1326,-0.0005776782834812227,1577.1655641441814,-0.000105330324692882,0.7007688908996745,5297933100.602408,5297.933100602409,0.839328281211086,0.09268153840680257
S_Q1,27,B,SRI3,1327,0.0,1867.9465504665113,-0.011397475729956863,0.9426225647895183,4211840883.283402,4211.840883283402,0.7642224356921761,0.057779200910805135
S_Q1,27,B,SRI3,1328,-0.004747790195015724,620.7463314969259,0.0,0.7,4551855753.453295,4551.855753453295,0.7595616750275732,0.2998541288646956
S_Q1,27,B,SRI3,1330,-4.967834018908095e-05,2076.796930392341,-0.0019213015131258212,0.7,5557007250.588783,5557.007250588783,0.86199167467179,0.04546910022414346
S_Q1,27,B,SRI3,1333,0.0,951.7707833063041,-2.5444677342574074e-06,0.7000776485861298,4874336449.696758,4874.336449696758,0.7943928558722028,0.23841036040843921
S_Q1,27,B,SRI3,1335,-0.37397021642046435,172.2944774017227,-0.008754356401474594,0.7000283547722682,3756635015.196149,3756.6350151961487,0.6792258156331163,0.35218984594584973
S_Q1,27,B,SRI3,1337,0.0,1387.6357608964527,0.0,0.7,5188576734.94956,5188.57673494956,0.8279787953178924,0.13043014195751948
S_Q1,27,B,SRI3,1342,0.0,1938.6957185929982,-0.005603532249917276,0.9731421159722057,4091047445.5338826,4091.0474455338826,0.7582808553029494,0.052264560429786174
S_Q1,27,B,SRI3,1343,0.0,1828.2954220482877,-0.022345054220566762,0.9393692005415546,4207455273.766749,4207.455273766749,0.7620165794997686,0.061123563525100504
S_Q1,27,B,SRI3,1344,-0.03160454019907433,482.4815927310197,0.0,0.7,4376611583.932127,4376.611583932127,0.7407051624150568,0.31863948482584403
S_Q1,27,B,SRI3,1345,-0.0007184083247369789,147.5844783621563,-0.006014188615257114,0.7002146565148207,3677068437.0998616,3677.0684370998615,0.6781228875369125,0.3529369907852136
S_Q1,27,B,SRI3,1346,0.0,1353.3244540782473,0.0,0.7,5166824695.688017,5166.824695688017,0.8258085174511687,0.13850642188778597
S_Q1,27,B,SRI3,1348,0.0,55.456062764713884,-2.255617512741804e-05,0.7,3236888416.824996,3236.888416824996,0.6578432418970364,0.3630056569537838
S_Q1,27,B,SRI3,1349,-0.003509778331832747,565.3724434266444,0.0,0.7000000174234906,4485628987.941027,4485.628987941027,0.7522325399366706,0.30700537232717834
S_Q1,27,B,SRI3,1350,-0.025397762445285466,0.0,-8.814481155987573e-08,0.9870199593591785,66340893.28292883,66.34089328292883,0.46002775109403343,0.3692318639484825
S_Q1,27,B,SRI3,1352,0.0,139.1109995982397,0.0,0.7,3651002046.1544027,3651.0020461544027,0.6769488027893408,0.3541110755327854
S_Q1,27,B,SRI3,1354,0.0,1862.6902953599886,-3.017741624968532,0.7000255952166389,3975512027.2441945,3975.5120272441945,0.745045718148504,0.05817056249332905
S_Q1,27,B,SRI3,1355,0.0,1939.6040296032063,-0.005603532249917276,0.8975778507140982,4478236214.767295,4478.236214767295,0.7849290212402605,0.052264560429786174
S_Q1,27,B,SRI3,1356,0.0,1844.7330535001079,-0.0018877710841433356,0.9549792602400818,4137717909.1283364,4137.717909128336,0.7578894937204256,0.05977158714910874
S_Q1,27,B,SRI3,1359,0.0,817.8655377249602,0.0,0.700285743930707,4754937802.432963,4754.9378024329635,0.7815135019745969,0.26612587611627
S_Q1,27,B,SRI3,1360,-4.0,0.0,-1.6482991561406055,0.7961136335859261,378025770.82198435,378.02577082198434,0.4981321379015905,0.3692318639484825
S_Q1,27,B,SRI3,1362,0.0,905.8911308876443,0.0,0.7049926844833939,4810109949.822973,4810.109949822973,0.7882022272031878,0.24840786992564126
S_Q1,27,B,SRI3,1363,0.0,0.0,-0.11609602101767381,0.7,1485369935.691007,1485.369935691007,0.6385242110506282,0.3692318639484825
S_Q1,27,B,SRI3,1365,0.0,1890.718872044,-0.9149863656994277,0.7965636537409858,4674800052.028051,4674.800052028051,0.7980930017433381,0.05575123634681752
S_Q1,27,B,SRI3,1368,0.0,1632.4994547656015,-0.0059036761258127735,0.7006421822578799,5327005427.9335165,5327.005427933516,0.8422101255914897,0.08328886042622835
S_Q1,27,B,SRI3,1370,-0.005713124647768785,548.3380047374656,-6.562165941663514e-07,0.7000348956464726,4464089020.512285,4464.089020512285,0.749635322161739,0.3097804817305298
S_Q1,27,B,SRI3,1371,0.0,1455.5757285468674,0.0,0.7,5230420545.25298,5230.42054525298,0.8323549293770235,0.11559398014729426
S_Q1,27,B,SRI3,1373,-0.0010051424055252506,490.33344549155197,0.0,0.7002717820814109,4386157588.731286,4386.157588731286,0.7423773437222047,0.3173230867755364
S_Q1,27,B,SRI3,1376,-0.0005467809629041975,232.80827822355195,-1.6687285270997937e-05,0.7,3925588497.1583915,3925.5884971583914,0.6962678336357492,0.34407798768989933
S_Q1,27,B,SRI3,1377,-0.005159095614290631,1201.7073061435924,-0.0052388794332246524,0.7002674740560211,5061289847.31084,5061.28984731084,0.8139965133240831,0.17643291706692277
S_Q1,27,B,SRI3,1379,-0.009932353495490043,97.481287827192,-2.4047487775144313e-05,0.7000888118475111,3479676176.978934,3479.6761769789337,0.6671291849005588,0.3588429928487566
S_Q1,27,B,SRI3,1380,-0.0002488830288825039,1422.0739622809137,0.0,0.7,5209989905.475234,5209.989905475234,0.8300779165332477,0.12256733198135697
S_Q1,27,B,SRI3,1382,-0.03494687023944121,2035.8239346731384,-2.2400678573207718e-05,0.7000000856818932,5538318289.460024,5538.318289460024,0.8573664923328709,0.049916390934642625
S_Q1,27,B,SRI3,1383,0.0,1867.9465504665113,-1.318227340774198,0.7111330521840439,4692646384.789775,4692.646384789775,0.7954602056427225,0.057779200910805135
S_Q1,27,B,SRI3,1385,0.0,375.33541889163035,0.0,0.7,4212209203.164816,4212.209203164816,0.7240545059949477,0.329312982531042
S_Q1,27,B,SRI3,1386,0.0,297.872999938641,0.0,0.7,4069392545.757969,4069.392545757969,0.7097164407442987,0.3382075639520405
S_Q1,27,B,SRI3,1387,0.0,1250.0876502250524,0.0,0.7071944150075876,5061867041.652038,5061.867041652037,0.8153129113743909,0.16451417796278509
S_Q1,27,B,SRI3,1392,0.0,657.0300680922625,0.0,0.7,4592913292.938468,4592.913292938468,0.7642224356921764,0.29426833173230865
S_Q1,27,B,SRI3,1393,0.0,2042.3845800898357,-0.9578014243951034,0.8801587866151546,4431543850.907068,4431.543850907068,0.7848934429145764,0.04657202832034725
S_Q1,27,B,SRI3,1394,0.0,600.9946957387272,0.0,0.7,4528783306.147538,4528.7833061475385,0.7570711922296937,0.3022734550112072
S_Q1,27,B,SRI3,1395,-0.0034395792046012044,1487.6607141532659,0.0,0.7,5249686206.785164,5249.686206785163,0.8342405806382754,0.1089408332443875
S_Q1,27,B,SRI3,1397,0.0,1866.3168212786125,0.0,0.8079897392094111,4902256801.071898,4902.256801071899,0.8155263813284946,0.05806382751627708
S_Q1,27,B,SRI3,1398,-0.0020187968728780786,242.85316917646054,0.0,0.7,3949645923.749813,3949.645923749813,0.6987227381079447,0.34318852954779944
S_Q1,27,B,SRI3,1399,-3.5498904514520766,0.0,-0.04454773692068274,0.7012962795945628,1506612350.7391398,1506.6123507391399,0.6406233322659836,0.3692318639484825
S_Q1,27,B,SRI3,1402,0.0,345.66766104976904,0.0,0.7,4160444378.786617,4160.444378786617,0.7193225886789767,0.33301312840217745
S_Q1,27,B,SRI3,1403,0.0,1525.0410339017508,0.0,0.7,5271876810.447932,5271.876810447932,0.8364108585049986,0.10196748141032481
S_Q1,27,B,SRI3,1404,0.0,1903.8792397283967,0.0,0.8020103203735426,4951669581.914458,4951.669581914458,0.8199025153876257,0.05468388657629771
S_Q1,27,B,SRI3,1407,0.0,732.4756771388553,0.0,0.7,4672963844.406382,4672.963844406381,0.7729035471590706,0.281851496068595
S_Q1,27,B,SRI3,1408,-1.8411085835155845,0.0,0.0,0.9965920198111775,17517285.498323172,17.517285498323172,0.4554737254064823,0.3692318639484825
S_Q1,27,B,SRI3,1413,-3.9327168802945707,0.0,-0.4834198023920554,0.7005023936069265,1327706241.6762342,1327.7062416762342,0.6160031308926602,0.3692318639484825
S_Q1,27,B,SRI3,1415,0.0,755.6836361363005,0.0,0.7,4696322781.792397,4696.322781792396,0.7753940299569501,0.2776888319635678
S_Q1,27,B,SRI3,1416,-0.18823922245611713,0.0,-1.1731978280024393,0.8465212555049183,469932847.05300814,469.9328470530081,0.5070267193225887,0.3692318639484825
S_Q1,27,B,SRI3,1417,0.0,1950.8261861716808,-0.46401311138492607,0.8439936826085739,4659525327.203541,4659.525327203541,0.7988757249083857,0.05144625893905433
S_Q1,27,B,SRI3,1419,0.0,32.286832921273685,0.0,0.7000071869935208,3032181884.3168283,3032.1818843168285,0.6520795531362295,0.3657807663571352
S_Q1,27,B,SRI3,1422,0.0,2006.9429372849638,0.0,0.7002538897812025,5523494744.848832,5523.494744848832,0.8591809869427541,0.048208631301810946
S_Q1,27,B,SRI3,1426,0.0,1689.848117155453,-0.16800207773944104,0.7774669522599938,4919413994.2682,4919.4139942681995,0.8126801152737753,0.07556836375280179
S_Q1,27,B,SRI3,1430,-0.00016919298549512157,838.0449696998216,0.0,0.700450284378975,4772813063.262559,4772.813063262559,0.7837193581670046,0.2618920553598748
S_Q1,27,B,SRI3,1432,0.0,1712.7357817051782,0.0,0.7,5376810930.745106,5376.810930745106,0.8464083680222005,0.07279325434945033
S_Q1,27,B,SRI3,1433,0.0,1812.1290855233708,0.0,0.9993261666501234,3893903111.067011,3893.9031110670107,0.7390329811079092,0.06300921478635216
S_Q1,27,B,SRI3,1434,-0.8814836712664361,0.0,-1.6412927959210455,0.8519556191773139,276817290.79999405,276.81729079999405,0.4850393140498807,0.3692318639484825
S_Q1,27,B,SRI3,1436,-4.0,0.0,-0.7301253531822511,0.8285395035586645,684447794.442789,684.4477944427889,0.5308641975308642,0.3692318639484825
S_Q1,27,B,SRI3,1437,0.0,2100.0,0.0,0.91982489701536,4440845059.61251,4440.845059612509,0.786992564129932,0.04454406375635962
S_Q1,27,B,SRI3,1438,0.0,925.4518582195795,0.0,0.7,4852515520.608867,4852.515520608867,0.792258156331163,0.2443519407976661
S_Q1,27,B,SRI3,1441,-4.371148981239647e-06,687.758687236775,0.0,0.7,4626358594.171189,4626.358594171189,0.7678870032376278,0.2889671612053937
S_Q1,27,B,SRI3,1442,0.0,1684.6677947954145,0.0,0.8632853883079689,4524096261.532244,4524.096261532244,0.7809798270893372,0.0760664603123777
S_Q1,27,B,SRI3,1446,0.0,1991.283947240201,0.0,0.9515028578081137,4227603913.582827,4227.603913582827,0.7695236062190913,0.049098089443910774
S_Q1,27,B,SRI3,1449,0.0,1166.2255159945275,0.0,0.7000165116886857,5040205267.489588,5040.205267489588,0.8121464403885154,0.18611022165296903
S_Q1,27,B,SRI3,1451,0.0,389.8269584980307,0.0,0.7003217602912323,4234697326.545129,4234.697326545129,0.7265805671185114,0.3279610061550503
S_Q1,27,B,SRI3,1452,-0.7464796455452403,116.4892634271165,0.0,0.7,3563771236.515722,3563.7712365157217,0.6653146902906749,0.3595901376881205
S_Q1,27,B,SRI3,1453,-0.31012558561920606,0.0,-0.34775061410870856,0.7446329290431477,1184234936.411874,1184.234936411874,0.5973600882342476,0.3692318639484825
S_Q1,27,B,SRI3,1456,0.0,1139.921473729056,0.0,0.7,5021251893.529998,5021.251893529998,0.8102607891272636,0.19290568185861176
S_Q1,27,B,SRI3,1457,0.0,419.0474084722321,0.0,0.7,4283119834.5108013,4283.119834510801,0.7316682676913225,0.3248656918205429
S_Q1,27,B,SRI3,1459,0.0,2069.7687178217366,-0.8589583832045086,0.820774381763912,4690472386.036214,4690.472386036214,0.8038211121784609,0.04554025687551144
S_Q1,27,B,SRI3,1460,0.0,2100.0,-2.3631750846044883,0.8269724974844878,4138897824.288791,4138.8978242887915,0.7655032554168002,0.04454406375635962
S_Q1,27,B,SRI3,1463,-4.3806646843215676e-05,1423.8567708348523,0.0,0.7007317116529127,5207343404.756787,5207.343404756787,0.8299356032305119,0.12210481374746505
S_Q1,27,B,SRI3,1464,0.0,2006.2061330368697,0.0,0.8947694563911539,4525538568.142228,4525.5385681422285,0.7901946134414914,0.048244209627494934
S_Q1,27,B,SRI3,1466,0.0,156.9584287499593,0.0,0.7,3712378028.7654867,3712.3780287654868,0.680257587077952,0.35190521934037794
S_Q1,27,B,SRI3,1470,0.0,1899.4899256520464,-0.9076420355757949,0.8099647436584179,4632590339.989357,4632.590339989357,0.7953534706656704,0.05500409150745367
S_Q1,27,B,SRI3,1472,0.0,583.7424807567581,0.0,0.7,4508138280.662595,4508.138280662595,0.7548653360372861,0.3047639378090868
S_Q1,27,B,SRI3,1473,-0.003420627472247896,1386.2078711350466,0.0,0.7047858779734891,5163141036.486591,5163.1410364865915,0.8259152524282207,0.13064361191162346
S_Q1,27,B,SRI3,1476,-0.06057726289645402,0.0,-0.312783471839901,0.7,1405088624.3516102,1405.0886243516102,0.627921869996798,0.3692318639484825
S_Q1,27,B,SRI3,1477,0.0,435.93545696575535,0.0,0.7,4308978947.03886,4308.9789470388605,0.734656847048778,0.3230867755363433
S_Q1,27,B,SRI3,1478,-0.05138415335094211,0.0,-0.02683363220253451,0.7,1519187194.3067775,1519.1871943067774,0.6422243569217635,0.3692318639484825
S_Q1,27,B,SRI3,1479,0.0,1110.6886265887365,0.0,0.7,4999725351.167103,4999.725351167102,0.8082684028889601,0.19938093713309848
S_Q1,27,B,SRI3,1480,0.0,312.10503809924825,0.0,0.7,4097597875.453396,4097.597875453396,0.7127050201017541,0.3367488525989967
S_Q1,27,B,SRI3,1482,0.0,1950.8261861716808,-0.47295946807003647,0.9443513096180631,4208350915.480836,4208.350915480836,0.7669619667698439,0.05144625893905433
S_Q1,27,B,SRI3,1484,0.0,1844.2425372017685,-0.9045159323654894,0.9096149186447705,4239289440.5825353,4239.2894405825355,0.7657167253709041,0.05987832212616072
S_Q1,27,B,SRI3,1485,0.0,1837.8467376950098,-1.0198820054800553,0.7897038650497062,4626098726.632555,4626.098726632555,0.7920446863770592,0.060305262034368645
S_Q1,27,B,SRI3,1486,0.0,1392.545378661111,0.0,0.7,5191654204.964747,5191.654204964748,0.8283345785747322,0.12954068381541964
S_Q1,27,B,SRI3,1487,0.0,2100.0,0.0,0.9130438944707651,4475619206.029596,4475.619206029596,0.7892339986480237,0.04454406375635962
S_Q1,27,B,SRI3,1488,0.0,1077.3276474861286,0.0,0.7,4974674944.820323,4974.674944820323,0.8049596186003486,0.2069946988294731
S_Q1,27,B,SRI3,1489,0.0,121.44305469538035,0.0,0.7,3584031344.472851,3584.031344472851,0.6721813071476854,0.356388088376561
S_Q1,27,B,SRI3,1492,0.0,1254.6419628043154,0.0,0.7008036127052595,5097704202.115685,5097.704202115686,0.8191197922225778,0.1630198882840574
S_Q1,27,B,SRI3,1493,-0.0034364140757451216,859.652796269955,-0.0045761196047613695,0.7,4792560448.331634,4792.560448331634,0.7864944675703561,0.25794286120895155
S_Q1,27,B,SRI3,1498,0.0,1896.8425447350705,-3.0547800458773815,0.8420744968304492,3961837228.5392675,3961.8372285392675,0.7464332728501796,0.055324296438609595
S_Q1,27,B,SRI3,1499,-3.649607243439542,0.0,-0.3899892295085584,0.7003656983301291,1369662379.1843507,1369.6623791843508,0.622585121144199,0.3692318639484825
S_Q1,27,B,SRI3,1500,0.0,2074.204208392052,-1.3625180360864135,0.75525086207934,4645563270.069346,4645.563270069347,0.7967766036930302,0.04546910022414346
S_Q1,27,B,SRI3,1502,-3.396722292400576,0.0,-1.3639254678733126,0.8593127980317163,359231997.43223923,359.2319974322392,0.49361369053972326,0.3692318639484825
S_Q1,27,B,SRI3,1504,0.0,982.0697458771413,-0.002711147456697663,0.7,4898745549.032749,4898.745549032749,0.7970968086241862,0.2305831287579607
S_Q1,27,B,SRI3,1506,-0.01307543594758572,143.13882716073164,0.0,0.7,3665365731.3081536,3665.3657313081535,0.6776247909773365,0.35354182232184145
S_Q1,27,B,SRI3,1507,-0.009124284639460524,2100.0,0.0,0.7024697773734612,5555456740.124575,5555.456740124575,0.8607108549471663,0.04522005194435549
S_Q1,27,B,SRI3,1508,0.0,1790.7551472382995,0.0,0.7029391071111193,5402784705.553209,5402.784705553209,0.8487209591916605,0.0650016010246558
S_Q1,27,B,SRI3,1509,0.0,255.13589987389824,-0.0012020179821206354,0.7,3977591898.9314947,3977.5918989314946,0.7009997509517201,0.34208560145159567
S_Q1,27,B,SRI3,1511,-0.02636151009856924,0.0,-0.2728101375411609,0.7009844034317138,1414636051.1944666,1414.6360511944665,0.6290247980930019,0.3692318639484825
S_Q1,27,B,SRI3,1513,0.0,1866.3168212786125,-0.051507855357180055,0.8303437591073997,4776564261.941232,4776.564261941232,0.8060269683708685,0.05806382751627708
S_Q1,27,B,SRI3,1517,0.0,890.2461547773,0.0,0.7,4822046817.337991,4822.04681733799,0.7889493720425518,0.2518589675169886
S_Q1,27,B,SRI3,1521,0.0,68.08671243500066,0.0,0.7,3321625511.650922,3321.625511650922,0.6607250862774398,0.361653680577792
S_Q1,27,B,SRI3,1523,-4.0,0.0,-0.400143133689416,0.7390898272656803,1189569070.8191936,1189.5690708191937,0.5974668232112996,0.3692318639484825
S_Q1,27,B,SRI3,1526,0.0,406.62460195754306,-0.0028831985749227964,0.7003537358325495,4260549535.63769,4260.5495356376905,0.7292845198704948,0.32596861991674664
S_Q1,27,B,SRI3,1528,-0.001489894338641693,1866.3654961751843,-0.018125208865351863,0.8370299466878554,4749656134.77035,4749.65613477035,0.8036787988757252,0.05806382751627708
S_Q1,27,B,SRI3,1531,0.0,1848.9935118777046,-1.3447541478782306,0.7025561901381694,4687646047.0529175,4687.646047052917,0.7941438075924149,0.05927349058953285
S_Q1,27,B,SRI3,1534,0.0,468.5612278705593,0.0,0.7005627682223533,4354070557.577062,4354.070557577062,0.7388906678051731,0.31974241292204786
S_Q1,27,B,SRI3,1535,0.0,2043.9078711717912,-0.22570339590013772,0.8262129194377644,4842739582.492951,4842.739582492952,0.8144590315579749,0.04646529334329527
S_Q1,27,B,SRI3,1536,0.0,2047.6643116764403,-2.43581702501005,0.8492952444674722,4089626852.692475,4089.626852692475,0.760522289821041,0.0463585583662433
S_Q1,27,B,SRI3,1537,-4.0,0.0,-0.20010693680067534,0.7,1453339325.8708196,1453.3393258708195,0.6345750168997049,0.3692318639484825
S_Q1,27,B,SRI3,1538,-4.0,0.0,-0.24392054571600724,0.7,1431942660.926671,1431.9426609266711,0.6315864375422493,0.3692318639484825
S_Q1,27,B,SRI3,1539,0.0,1888.3317617236232,-1.3746772084180048,0.8085361999621336,4413563216.129886,4413.563216129885,0.7767104280072579,0.05600028462660548
S_Q1,27,B,SRI3,1542,0.0,1777.4068392404279,-0.9209318593225272,0.9223198518935646,4156231756.5972753,4156.231756597275,0.7573913971608496,0.06670936065748745
S_Q1,27,B,SRI3,1543,-4.988748852072537e-05,285.1515766425772,0.0,0.7001481004530651,4042542523.7071934,4042.5425237071936,0.707332692923471,0.33941722702529614
S_Q1,27,B,SRI3,1544,0.0,1909.031000778462,-0.051507855357180055,0.8303437591073997,4797787178.789214,4797.7871787892145,0.808553029494432,0.05407905503966983
S_Q1,27,B,SRI3,1546,0.0,1848.9935118777046,-1.4371793825556258,0.702571188957185,4613076149.659072,4613.076149659072,0.7860675276621484,0.05927349058953285
S_Q1,27,B,SRI3,1547,-0.0001538286388878638,1895.2443809820672,0.0,0.8967424678395226,4461682398.513896,4461.682398513896,0.7827231650478529,0.05550218806702957
S_Q1,27,B,SRI3,1548,0.0,1669.0312040288584,0.0,0.7,5353112111.973201,5353.112111973201,0.8447361867150531,0.07795211157362933
S_Q1,27,B,SRI3,1549,0.0,1971.7520174303058,-3.3114054071045027,0.7010044098798176,4001674978.8575096,4001.67497885751,0.7523748532394063,0.05020101754011457
S_Q1,27,B,SRI3,1550,0.0,510.6871349392819,0.0,0.7,4415183591.07602,4415.18359107602,0.7448322481943999,0.31447682072081684
S_Q1,27,B,SRI3,1553,0.0,713.5776752359902,0.0,0.7003334044964535,4651814564.27194,4651.81456427194,0.7706976909666631,0.2845198704948945
S_Q1,27,B,SRI3,1554,0.0,0.0,-0.7694249590703517,0.7,1176702192.31395,1176.70219231395,0.5973245099085637,0.3692318639484825
S_Q1,27,B,SRI3,1557,0.0,2026.8259074902687,-0.02877385272888694,0.9778210973720277,4108628294.9951386,4108.628294995138,0.7627993026648164,0.04735475148539509
S_Q1,27,B,SRI3,1558,0.0,1876.7756119454102,-0.005760763633168298,0.7001594110565186,5457951415.705025,5457.951415705024,0.8537375031131035,0.05699647774575728
S_Q1,27,B,SRI3,1559,-6.9420718089958314e-06,1823.25116325373,-1.3447541478782306,0.709656458002156,4656033624.468084,4656.033624468085,0.7912975415376953,0.06165723841036042
S_Q1,27,B,SRI3,1561,0.0,2074.8016039315394,-1.3322763596682625,0.8129514877420841,4513099186.179423,4513.099186179424,0.7900878784644396,0.04546910022414346
S_Q1,27,B,SRI3,1562,0.0,1956.8964088472048,-0.9342888884233529,0.8018304699937082,4681102944.062261,4681.102944062261,0.8000142313302736,0.05112605400789839
S_Q1,27,B,SRI3,1563,-0.005031036075854589,184.50677759669173,-0.03279847026798007,0.7001213592807686,3782833629.6678214,3782.8336296678212,0.6843490945316113,0.34898779663429036
S_Q1,27,B,SRI3,1565,-9.027081127778013e-05,240.2108569976179,-0.033395877072930014,0.7000420993043727,3929139444.0370746,3929.1394440370746,0.696481303589853,0.3434731561532714
S_Q1,27,B,SRI3,1566,0.0,13.213764216832487,0.0,0.7,2746576574.631013,2746.576574631013,0.6471697441918383,0.36787988757249085
S_Q1,27,B,SRI3,1568,0.0,322.01970053236414,0.0,0.7,4116674050.729549,4116.674050729549,0.7144127797345858,0.33546803287437293
S_Q1,27,B,SRI3,1569,0.0,1988.985550179734,-0.9528179741253207,0.7936630417824152,4718004939.807432,4718.0049398074325,0.8025758707795211,0.04924040274664674
S_Q1,27,B,SRI3,1571,0.0,451.1897101388513,-6.619027874221837e-05,0.7005769429441138,4328784065.759857,4328.784065759857,0.7364001850072937,0.3214857508805636
S_Q1,27,B,SRI3,1572,0.0,272.5074176147459,-0.0011595061506856981,0.700004508686415,4016000651.461445,4016.0006514614447,0.7049133667769594,0.34037784181876396
S_Q1,27,B,SRI3,1573,0.0,1242.3640256333183,0.0,0.7028942673212042,5078609496.889625,5078.609496889625,0.8171274059842744,0.16615078094424882
S_Q1,27,B,SRI3,1575,0.0,58.0410646835129,0.0,0.7,3255344389.2288013,3255.3443892288014,0.6581990251538763,0.3627566086739958
S_Q1,27,B,SRI3,1577,0.0,1848.9935118777046,-0.008241041896610346,0.702571188957185,5430289157.883873,5430.289157883873,0.8512825986409078,0.05927349058953285
S_Q1,27,B,SRI3,1578,0.0,77.45390418113391,0.0,0.7,3377010498.1099305,3377.0104981099307,0.6625395808873231,0.3607998007613762
S_Q1,27,B,SRI3,1579,0.0,1915.657297332518,-0.0017264934660308575,0.8099647436584179,4916343512.990896,4916.343512990897,0.8176255025438505,0.053758850108513875
S_Q1,27,B,SRI3,1580,-2.073006865893515,0.0,-0.4597825821344254,0.7,1341961508.0793712,1341.9615080793712,0.6181734087593838,0.3692318639484825
S_Q1,27,B,SRI3,1581,-0.0038888904714186696,1451.8830339090978,0.0,0.7001921164136526,5227168635.118304,5227.168635118304,0.8318212544917636,0.11634112498665808
S_Q1,27,B,SRI3,1583,0.0,1867.2113397999663,-0.22570339590013772,0.8262129194377644,4757121292.152718,4757.121292152718,0.8042480520866688,0.05795709253922511
S_Q1,27,B,SRI3,1584,-6.760508136964246e-05,22.23477829525322,0.0,0.7002551329429996,2904282269.5624094,2904.2822695624095,0.649197708755826,0.3669548511047071
S_Q1,27,B,SRI3,1585,0.0,477.70170515008874,-6.619027874221837e-05,0.7005492692988381,4367101741.943163,4367.101741943163,0.7403138008325327,0.318852954779948
S_Q1,27,B,SRI3,1586,-5.5430508605864e-05,570.3524700892215,-0.0004736284216728011,0.7,4491771715.2428255,4491.771715242826,0.7527662148219305,0.3064361191162344
S_Q1,27,B,SRI3,1588,0.0,639.3163494076897,-0.0049619844512039935,0.7,4570664047.667238,4570.664047667238,0.7620165794997688,0.2969367061586081
S_Q1,27,B,SRI3,1589,0.0,1997.580808308436,-0.41408921262055054,0.8439936826085739,4693574028.498375,4693.574028498375,0.802148930871313,0.04867114953570285
S_Q1,27,B,SRI3,1590,-8.960220912209338e-06,671.992434057452,-0.0055731075439079325,0.7000049026633537,4606623341.771733,4606.623341771733,0.7658946169993242,0.29177784893442915
S_Q1,27,B,SRI3,1593,0.0,999.2400457817686,-0.0012683619668598656,0.7,4913190307.912418,4913.190307912419,0.7987689899313338,0.2263848863272494
S_Q1,27,B,SRI3,1594,0.0,235.60233369521154,0.0,0.7000277633754863,3932214199.4251003,3932.2141994251,0.696801508521009,0.34382893941011133
S_Q1,27,B,SRI3,1596,0.0,193.9315010999359,0.0,0.7,3824298071.8889413,3824.298071888941,0.6879780837513786,0.3479560251894545
S_Q1,27,B,SRI3,1597,0.0,1866.7503088955903,-0.001852149806520681,0.7071378495325905,5419293239.424127,5419.293239424127,0.8507845020813322,0.0579926708649091
S_Q1,27,B,SRI3,1600,0.0,1627.3786343869954,0.0,0.7,5330165227.93266,5330.16522793266,0.8422812822428576,0.08400042693990821
S_Q1,27,B,SRI3,1602,0.0,617.1957794658574,0.0,0.7,4547760240.5580435,4547.760240558044,0.7593482050734692,0.3004589604013236
S_Q1,27,B,SRI3,1603,0.0,191.39737977023026,-0.020356437368608125,0.7,3809154280.251831,3809.154280251831,0.6866616857010709,0.34813391681787453
S_Q1,27,B,SRI3,1605,-0.029949714259163054,2040.516448419855,0.0,0.7,5540520444.079655,5540.520444079655,0.8576511189383429,0.04963176432917068
S_Q1,27,B,SRI3,1609,-0.002676813507771429,2035.645032830263,-0.8102941932050766,0.7789002168912647,4852875431.0662155,4852.875431066215,0.812537801971039,0.04692781157718718
S_Q1,27,B,SRI3,1614,0.0,2024.2012322691571,-0.0038035494321368296,0.998078665821633,4004397326.448876,4004.397326448876,0.755754794179386,0.04749706478813106
S_Q1,27,B,SRI3,1615,0.0,1371.8519014434642,0.0,0.7000002328171119,5178593058.129247,5178.593058129247,0.8269826021987403,0.1339879745259188
S_Q1,27,B,SRI3,1617,0.0,1580.2071427521055,0.0,0.7,5303608109.173986,5303.608109173986,0.840039847724766,0.09214786352154268
S_Q1,27,B,SRI3,1618,0.0,1814.7923537348643,-0.4634915390407882,0.9443513096180631,4141566900.683505,4141.566900683505,0.7573202405094817,0.0627601665065642
S_Q1,27,B,SRI3,1619,0.0,208.40480271266665,0.0,0.7,3863655996.1690063,3863.6559961690064,0.690859928131782,0.34674636211619886
S_Q1,27,B,SRI3,1621,-1.9151645070326345e-06,1873.6855798674078,-2.931821497138893,0.9474897695466442,3933607113.1991954,3933.6071131991953,0.7444053082861921,0.05724552602554524
S_Q1,27,B,SRI3,1622,0.0,1936.90102268745,-0.00030912706628071754,0.7000277633754863,5490945483.001534,5490.945483001535,0.8565481908421388,0.05240687373252214
S_Q1,27,B,SRI3,1623,-0.026489694072370427,1879.0408294848087,-0.008083551186993214,0.7015480614636704,5450717129.305705,5450.717129305705,0.8513537552922761,0.059629273846372795
S_Q1,27,B,SRI3,1625,-4.296398315491961e-07,1313.3450932347898,0.0,0.700004826659174,5140959512.293762,5140.959512293763,0.823211299676237,0.14829046145088412
S_Q1,27,B,SRI3,1626,-0.6347094856893223,0.0,-0.3704587655977436,0.7000045369983694,1379833307.1408489,1379.8333071408488,0.6239370975201907,0.3692318639484825
S_Q1,27,B,SRI3,1628,0.0,1023.9077346665613,0.0,0.7000015266854752,4933300044.403332,4933.300044403331,0.8007257978439533,0.21966058277297465
S_Q1,27,B,SRI3,1629,-0.006547161157649053,822.5904410757569,0.0,0.7004165622338274,4758672203.122529,4758.672203122529,0.7815846586259648,0.2655210445796421
S_Q1,27,B,SRI6,0,0.0,942.2381508066575,0.0,0.7,4884042560.128847,4884.042560128847,0.7919735297256911,0.24164798804568258
S_Q1,27,B,SRI6,1,0.0,574.4782511864397,0.0,0.7,4513686083.536379,4513.686083536379,0.7524104315650905,0.30657843241897037
S_Q1,27,B,SRI6,2,-2.88085608715474,0.0,-0.7691898012462048,0.8243038421096642,699532020.7663529,699.5320207663528,0.5326786921407478,0.3692318639484825
S_Q1,27,B,SRI6,3,-1.5113629418838932,346.8389165470043,0.0,0.7,4177457797.4745054,4177.457797474505,0.675169886505141,0.3545024371153094
S_Q1,27,B,SRI6,4,0.0,491.7673020302659,0.0,0.7,4406174923.437387,4406.174923437387,0.7416301988828408,0.3178923399864803
S_Q1,27,B,SRI6,8,0.0,2094.6288108502395,-0.7537541173428303,0.7937528274473158,4860971894.486721,4860.971894486721,0.814032091649767,0.05311844024620203
S_Q1,27,B,SRI6,9,0.0,842.3847848165549,0.0,0.7,4796229133.002015,4796.229133002015,0.7826875867221689,0.2623545735937667
S_Q1,27,B,SRI6,11,0.0,1204.0624884964438,0.0,0.7012152482101597,5078215944.4313755,5078.215944431376,0.8126801152737754,0.17856761660796247
S_Q1,27,B,SRI6,13,0.0,2083.085077812511,-0.005548923156638852,0.7,5576616903.645422,5576.616903645422,0.8602839150389583,0.05358095848009393
S_Q1,27,B,SRI6,14,0.0,337.06766961447795,0.0,0.7,4161139329.1067085,4161.139329106709,0.7160849610417336,0.3346497313836411
S_Q1,27,B,SRI6,15,0.0,0.0,-0.9788247060830808,0.7003601460734244,1070163025.6661566,1070.1630256661567,0.5820969865158145,0.3692318639484825
S_Q1,27,B,SRI6,16,-1.0926626587968,272.13209280095344,0.0,0.7,4031220809.564603,4031.220809564603,0.6827124915501477,0.351371544455118
S_Q1,27,B,SRI6,18,-1.0882430358529658,0.0,-0.6888380313033329,0.7091196735507795,1203846054.3064272,1203.8460543064273,0.5987120646102395,0.3692318639484825
S_Q1,27,B,SRI6,20,0.0,1458.1046688470283,-0.47195805713452976,0.7,5060976131.419453,5060.976131419453,0.8144590315579749,0.1210730423026292
S_Q1,27,B,SRI6,21,-3.300832555205315,0.0,0.0,0.706690554332868,1511647484.7300968,1511.6474847300967,0.638595367701996,0.3692318639484825
S_Q1,27,B,SRI6,22,-2.5963137155855804,730.6879908108046,0.0,0.7,4683085338.404737,4683.085338404738,0.6558864339844166,0.36538940477461135
S_Q1,27,B,SRI6,23,0.0,1072.9524973011366,0.0,0.7000991609394548,4988240885.290517,4988.240885290516,0.802824919059309,0.20994769986124454
S_Q1,27,B,SRI6,25,0.0,1910.7352249554376,-1.494256933191271,0.7,4642255209.077801,4642.255209077801,0.7920802647027431,0.06258227487814423
S_Q1,27,B,SRI6,26,-0.8977338169473656,0.0,-0.5986888386837446,0.9508436248822534,211836654.6925336,211.8366546925336,0.47379656313373897,0.3692318639484825
S_Q1,27,B,SRI6,27,0.0,2005.4993830866879,0.0,0.7001768882638402,5540926332.87898,5540.926332878979,0.8572597573558189,0.05656953783754937
S_Q1,27,B,SRI6,28,-0.23247480306826196,0.0,-0.008376087440601143,0.7452030957503075,1310343145.8177273,1310.3431458177274,0.611769310136265,0.3692318639484825
S_Q1,27,B,SRI6,29,0.0,869.7497087527574,-1.4497294948538155e-08,0.7,4821033456.401536,4821.033456401536,0.7857473227309923,0.25726687302095563
S_Q1,27,B,SRI6,31,-1.6741364248445474,432.1386304057311,0.0,0.7000022247554352,4317503060.354571,4317.503060354571,0.6746006332941973,0.35535631693172526
S_Q1,27,B,SRI6,32,-0.005168124519358219,370.011771223492,0.0,0.7000598688484327,4219256382.030337,4219.256382030337,0.7216351798484365,0.33066495890703385
S_Q1,27,B,SRI6,33,0.0,821.0008458283266,-4.489442559959793e-06,0.7,4776425834.502555,4776.425834502555,0.7802326822499731,0.26658839435016185
S_Q1,27,B,SRI6,34,-0.35766511476658086,0.0,-1.0116365383019936,0.8806108021365038,417024532.52939445,417.02453252939443,0.4982388728786424,0.3692318639484825
S_Q1,27,B,SRI6,36,0.0,2036.4446208816885,-2.192074736159312,0.9829329585383956,4016985936.511901,4016.985936511901,0.7628704593161847,0.05514640481018963
S_Q1,27,B,SRI6,37,-2.88085608715474,0.0,-1.2041170106279004,0.8831049749588372,361246265.67169833,361.2462656716983,0.49119436439321157,0.3692318639484825
S_Q1,27,B,SRI6,38,0.0,1385.5340083104022,0.0,0.7,5204809394.539653,5204.809394539653,0.8263421923364289,0.1356601558330665
S_Q1,27,B,SRI6,39,0.0,1899.7049722681622,-2.0296529921304147,0.7124766608852013,4265243676.7345824,4265.243676734583,0.7686341480769914,0.06354288967161208
S_Q1,27,B,SRI6,41,0.0,2100.0,-1.8616062404582272,0.7359085304143712,4421388831.538165,4421.3888315381655,0.787383925712456,0.05294054861778205
S_Q1,27,B,SRI6,44,0.0,1144.0779963622442,0.0,0.7,5041724539.817482,5041.724539817482,0.8090155477283237,0.19379514000071155
S_Q1,27,B,SRI6,45,0.0,1843.1320138121837,-1.189112780301802,0.7309446126708563,4750293736.007623,4750.293736007623,0.7993738214679617,0.06855943359305511
S_Q1,27,B,SRI6,46,-0.03219115594433419,26.222372496396872,-8.925884887980764e-05,0.7000991609394548,2975634613.362525,2975.6346133625248,0.6505141068061339,0.3664567545451311
S_Q1,27,B,SRI6,48,-1.4168566962863614,0.0,-0.9565709189022484,0.9508402839958041,178177681.38121548,178.17768138121548,0.47091471875333546,0.3692318639484825
S_Q1,27,B,SRI6,50,-0.7090772608346774,0.0,-1.0003429299850344,0.7569165125826649,854858529.4908179,854.8585294908179,0.5554488205785036,0.3692318639484825
S_Q1,27,B,SRI6,51,0.0,805.4768564333748,0.0,0.7,4761833520.949713,4761.833520949713,0.7787028142455615,0.26929234710214534
S_Q1,27,B,SRI6,52,0.0,166.74263304354693,0.0,0.7,3759989486.6755443,3759.9894866755444,0.6808979969402641,0.350980182872594
S_Q1,27,B,SRI6,54,-0.6996716313166573,0.0,0.0,0.9508449461268009,253445405.99884725,253.44540599884724,0.47859963710107795,0.3692318639484825
S_Q1,27,B,SRI6,55,0.0,925.6626842137573,-0.0050145078806836385,0.7,4868624225.892433,4868.624225892433,0.7904080833955953,0.2453481339168178
S_Q1,27,B,SRI6,56,-1.4894447431274065,0.0,-0.9483097481696399,0.8256344275445379,634559307.3814155,634.5593073814155,0.5249937737930053,0.3692318639484825
S_Q1,27,B,SRI6,57,-1.2611380459754478,0.0,-0.9265624636973508,0.8589771877935314,520048115.9348908,520.0481159348908,0.5110114917991959,0.3692318639484825
S_Q1,27,B,SRI6,58,0.0,1910.797803843478,-1.8422405693098733,0.7001148769679517,4392480971.446511,4392.480971446511,0.7773508378695699,0.06258227487814423
S_Q1,27,B,SRI6,60,-1.8123485272411128,421.5512309819003,0.0,0.7000298312488881,4301043893.663802,4301.043893663802,0.6690148361618102,0.3578823780552888
S_Q1,27,B,SRI6,63,0.0,119.23071176125362,0.0,0.7000657760734275,3590937103.6313486,3590.9371036313487,0.6707937524460099,0.356637136656349
S_Q1,27,B,SRI6,68,0.0,1835.1735937320777,-1.5605907363923124,0.7431703159840606,4456122502.498466,4456.122502498465,0.7790585975024015,0.06898637350126303
S_Q1,27,B,SRI6,69,0.0,1554.3157012348574,0.0,0.7,5306357402.382666,5306.357402382666,0.8366599067847866,0.10271462624968866
S_Q1,27,B,SRI6,70,0.0,2050.002323793632,-2.0161743782190547,0.8661159771844148,4165727794.9174247,4165.727794917425,0.7713381008289751,0.05457715159924574
S_Q1,27,B,SRI6,73,-0.0031320436708278526,2076.719624376162,-1.5423767518888372,0.7654102836665883,4537075735.1824,4537.0757351823995,0.7919023730743232,0.05425694666808981
S_Q1,27,B,SRI6,75,-2.7942793731806406,0.0,0.0,0.7286051845062013,1398714708.726684,1398.7147087266842,0.6240438324972426,0.3692318639484825
S_Q1,27,B,SRI6,76,-0.005108067667603614,353.979565246872,-2.8161185156640734e-06,0.7001091076238414,4191071200.314078,4191.071200314078,0.7190023837478209,0.3330131284021774
S_Q1,27,B,SRI6,77,0.0,14.109381732200887,-0.0005543893994748038,0.7000148932010785,2781075060.9546313,2781.075060954631,0.6473832141459424,0.3677375742697549
S_Q1,27,B,SRI6,79,0.0,2033.2008136143027,-1.0246432064193436,0.8051668202140205,4679141933.2514105,4679.141933251411,0.8016152559860534,0.05525313978724161
S_Q1,27,B,SRI6,80,0.0,2005.046547426183,-0.1114198282364005,0.8339958970514116,4827114418.024887,4827.1144180248875,0.8138186216956631,0.05656953783754937
S_Q1,27,B,SRI6,81,0.0,61.931439372606405,-0.0002511801226888384,0.7,3297669075.430091,3297.6690754300907,0.6589105916675562,0.36243640374283986
S_Q1,27,B,SRI6,83,0.0,37.03256086584417,0.0,0.7,3097689745.077383,3097.689745077383,0.6530045896040131,0.36538940477461135
S_Q1,27,B,SRI6,86,-0.3831144622959438,0.0,-1.0867886172785188,0.7009692546144297,998055292.6299629,998.0552926299629,0.574447646493756,0.3692318639484825
S_Q1,27,B,SRI6,88,0.0,1764.098891774405,-1.223911788441847,0.700242498007911,4782074573.824431,4782.074573824431,0.797701640160814,0.07617319528942969
S_Q1,27,B,SRI6,90,0.0,1835.1735937320777,-1.5586685522713817,0.7003345822698464,4551006347.391911,4551.006347391911,0.7841818764008965,0.06898637350126303
S_Q1,27,B,SRI6,91,-0.003622479009235152,0.0,-1.0677126395796783,0.7000431952686912,1014214499.7708653,1014.2144997708654,0.5764756110577437,0.3692318639484825
S_Q1,27,B,SRI6,93,0.0,387.45029362723574,-0.0004688557490924363,0.7012550224028229,4242050723.316553,4242.050723316554,0.723912192692212,0.3289927775998861
S_Q1,27,B,SRI6,94,0.0,320.63152935035157,0.0,0.7004027097597613,4128277714.280143,4128.277714280142,0.7122780801935462,0.3362507560394208
S_Q1,27,B,SRI6,98,0.0,970.5178844056536,0.0,0.7,4907580267.636408,4907.580267636408,0.7942861208951507,0.23503041946845984
S_Q1,27,B,SRI6,99,0.0,476.7168746587108,-3.396471184522141e-11,0.7003039980249448,4383570619.861309,4383.570619861309,0.739459921016117,0.31956452129362795
S_Q1,27,B,SRI6,100,0.0,682.8465543256373,-1.9103803678479676e-09,0.7,4637989882.472454,4637.989882472454,0.766072508627744,0.2904258725584375
S_Q1,27,B,SRI6,101,0.0,445.48995850199276,-0.0001257650591257823,0.7,4339843973.418008,4339.843973418007,0.7351905219340379,0.3225886789767674
S_Q1,27,B,SRI6,103,0.0,1101.0952052424332,-2.8161185156640734e-06,0.700109878952951,5009438184.568385,5009.438184568385,0.8055644501369764,0.20318781798128582
S_Q1,27,B,SRI6,104,0.0,1021.2668524356012,0.0,0.7,4948576948.872703,4948.576948872703,0.7988757249083857,0.22211548724517025
S_Q1,27,B,SRI6,105,-0.1663834904407231,0.0,0.0,0.7027717235253612,1531842415.6177785,1531.8424156177784,0.6415127904080835,0.3692318639484825
S_Q1,27,B,SRI6,107,-0.0029034038929944828,630.1822012229504,-0.0004338409996359118,0.7001566642458414,4578430913.60234,4578.430913602339,0.7595616750275732,0.29924929732806765
S_Q1,27,B,SRI6,110,0.0,1887.9067941589608,-1.8422405693098733,0.7001148769679517,4381163094.686118,4381.163094686118,0.7756430782367382,0.06450350446507988
S_Q1,27,B,SRI6,112,-1.48113089887264,0.0,-0.9839966801702097,0.8017735031998695,706064217.6481458,706.0642176481458,0.5360230547550432,0.3692318639484825
S_Q1,27,B,SRI6,113,-0.0005657330631829941,779.4671219916756,0.0,0.7000000750957792,4736873381.783861,4736.873381783861,0.7759988614935781,0.27416657772085246
S_Q1,27,B,SRI6,114,0.0,1750.4898038642298,0.0,0.7,5414512999.557261,5414.5129995572615,0.8465506813249368,0.07738285836268545
S_Q1,27,B,SRI6,115,0.0,646.1692225908316,0.0,0.7,4597717874.945548,4597.717874945548,0.7619810011740847,0.2964386095990323
S_Q1,27,B,SRI6,116,-0.08569133151579877,0.0,-0.00865250556973933,0.712283117451745,1479623236.2293375,1479.6232362293374,0.6341124986658128,0.3692318639484825
S_Q1,27,B,SRI6,117,-1.5354623572576664,0.0,-1.0140296683590981,0.7036093637777769,1034280703.9488324,1034.2807039488323,0.5789660938556233,0.3692318639484825
S_Q1,27,B,SRI6,118,-6.427059805551825e-07,1052.4291291749037,-1.134040667224816e-06,0.7,4972957357.296834,4972.957357296834,0.8011527377521614,0.21432383392037568
S_Q1,27,B,SRI6,120,0.0,515.8809782042822,0.0,0.700029606644241,4438657886.846779,4438.657886846779,0.7445831999146122,0.3146191340235529
S_Q1,27,B,SRI6,122,-0.00017965394906774464,1424.1491382311365,-0.0004900854885429781,0.7,5228480098.16888,5228.48009816888,0.8286547835058884,0.12747714092574802
S_Q1,27,B,SRI6,123,-0.00010426771802748958,2076.719624376162,-1.5485069731004046,0.7433818843086305,4582036217.093525,4582.036217093525,0.7947842174547266,0.0537588501085139
S_Q1,27,B,SRI6,124,0.0,1462.7390188550423,-0.00047136454797369994,0.7002590552995983,5250651978.400576,5250.651978400576,0.8313231579321877,0.11993453588074145
S_Q1,27,B,SRI6,125,-0.003563845746274774,214.47718276404933,0.0,0.7,3895794090.95007,3895.79409095007,0.6912157113886219,0.3462126872309388
S_Q1,27,B,SRI6,130,0.0,1892.4691991624063,-2.0906612773950894,0.7255290055758641,4217068685.662745,4217.068685662745,0.765467677091116,0.06414772120823996
S_Q1,27,B,SRI6,136,0.0,1654.4628508118813,-1.202393219821921,0.7,4739188518.855996,4739.188518855996,0.7917244814459032,0.08730921122851959
S_Q1,27,B,SRI6,137,-0.075380656057917,84.01199498369698,0.0,0.7001064333556151,3428354266.9421873,3428.354266942187,0.6628953641441633,0.36023054755043227
S_Q1,27,B,SRI6,138,0.0,252.0762637337706,0.0,0.7,3987360993.360849,3987.360993360849,0.6986160031308927,0.3426192763368555
S_Q1,27,B,SRI6,139,0.0,83.42863167273941,0.0,0.7000657761424173,3425482025.066019,3425.482025066019,0.6631799907496353,0.3601238125733803
S_Q1,27,B,SRI6,141,0.0,223.87056071581756,0.0,0.7,3919757817.0642967,3919.757817064297,0.6931369409755577,0.34514533746041914
S_Q1,27,B,SRI6,143,0.0,1315.5622274112725,0.0,0.7000000556791928,5159945453.240517,5159.945453240517,0.8217525883231935,0.15170598071654748
S_Q1,27,B,SRI6,144,0.0,201.0803583485532,0.0,0.7,3860223238.9302106,3860.2232389302108,0.6883338670082186,0.34735119365282663
S_Q1,27,B,SRI6,147,0.0,536.623153401099,0.0,0.7,4466024430.702755,4466.024430702755,0.7475006226206994,0.31205749457430526
S_Q1,27,B,SRI6,149,-2.58018870870934,0.0,-0.6342180605159802,0.7000279236638018,1272074484.7878137,1272.0744847878136,0.6057565730956701,0.3692318639484825
S_Q1,27,B,SRI6,151,0.0,754.7156002871343,0.0,0.7001696971234356,4711591491.7538185,4711.591491753818,0.7736151136727506,0.2784359768029316
S_Q1,27,B,SRI6,153,0.0,105.97239127694638,0.0,0.7,3535101049.1074758,3535.101049107476,0.6684100046251823,0.3579535347066567
S_Q1,27,B,SRI6,155,0.0,1514.993942977003,0.0,0.7,5283562626.460862,5283.562626460862,0.8342761589639592,0.10997260468922333
S_Q1,27,B,SRI6,157,-0.0010240810487892292,2098.0088299502368,-1.8441888450853063,0.7,4481491095.981802,4481.491095981802,0.7891984203223396,0.05308286192051804
S_Q1,27,B,SRI6,160,-0.0068932109360808624,728.8128186160994,0.0,0.7,4686247165.191372,4686.247165191372,0.7705553776639272,0.28331020742163876
S_Q1,27,B,SRI6,161,-1.0524951022176823,0.0,-0.04236497515707738,0.7157624473656085,1451608390.7329443,1451.6083907329441,0.6304835094460456,0.3692318639484825
S_Q1,27,B,SRI6,163,-0.9522348952310765,0.0,-0.1604535041902131,0.7129073079881105,1430040807.9806159,1430.040807980616,0.627708400042694,0.3692318639484825
S_Q1,27,B,SRI6,165,0.0,1165.6734131790001,0.0,0.7,5057314352.661771,5057.3143526617705,0.8105098374070514,0.18849396947379657
S_Q1,27,B,SRI6,167,-0.03414139901094915,0.0,-0.8700699800439757,0.7000016032805244,1138379599.6433704,1138.3795996433703,0.5905290497029209,0.3692318639484825
S_Q1,27,B,SRI6,169,0.0,557.9946451446193,-0.00504059816868457,0.7001206670263033,4491299277.09594,4491.29927709594,0.7502045753726828,0.30874871028569395
S_Q1,27,B,SRI6,172,0.0,93.59897709101085,-1.6476336202803955e-06,0.7,3477616521.900464,3477.6165219004642,0.6659195218273026,0.3591276194542285
S_Q1,27,B,SRI6,173,-0.0026281919003068505,1352.1081259617988,0.0,0.7,5183573130.934918,5183.5731309349185,0.8242430711210732,0.14320276087807307
S_Q1,27,B,SRI6,174,-1.5362960559184735,0.0,-0.9542759244773631,0.7000164341526325,1087906083.6378827,1087.9060836378826,0.5841961077311703,0.3692318639484825
S_Q1,27,B,SRI6,176,-0.705946409654646,351.60372408334166,0.0,0.7,4186716758.7432976,4186.716758743298,0.7035258120752838,0.3403778418187639
S_Q1,27,B,SRI6,177,0.0,417.4744589862313,0.0,0.7003341743969501,4295463208.439513,4295.463208439513,0.7300672430355427,0.32564841498559083
S_Q1,27,B,SRI6,178,-0.029112466091391044,305.65426349452116,-0.000469657208391579,0.7009852699673392,4095798245.2527795,4095.7982452527795,0.7087558259508306,0.3383142989290924
S_Q1,27,B,SRI6,179,0.0,1939.3645582526456,-0.0033052362715219486,0.8434337240279265,4766065426.248469,4766.0654262484695,0.8086953427971679,0.06073220194257658
S_Q1,27,B,SRI6,180,-0.005120143711197955,131.5183539087047,0.0,0.7,3639218572.924021,3639.218572924021,0.6739246451062013,0.35524958195467315
S_Q1,27,B,SRI6,181,-0.9981885863141359,0.0,-0.1261804528321031,0.7272266147583216,1368458414.9603293,1368.4584149603293,0.6198811683922154,0.3692318639484825
S_Q1,27,B,SRI6,182,-0.9678306931117964,0.0,-0.5663325317306483,0.7,1309221341.280933,1309.2213412809328,0.6101327071548014,0.3692318639484825
S_Q1,27,B,SRI6,183,-0.6160014884778765,0.0,-0.0008157422122865784,0.9882280594051843,60782002.507282846,60.78200250728285,0.4596719678371936,0.3692318639484825
S_Q1,27,B,SRI6,184,-0.6824543495654241,103.45609728604101,-0.0009219770505265517,0.7,3523270604.1316185,3523.2706041316187,0.6636425089835272,0.36033728252748426
S_Q1,27,B,SRI6,186,0.0,56.80649958725087,-0.0005543893994748038,0.7000176058072577,3262209156.5705657,3262.2091565705655,0.6578432418970365,0.3629345003024157
S_Q1,27,B,SRI6,187,-0.08146638451720634,84.63653968376943,0.0,0.7000077558486094,3432160623.235005,3432.160623235005,0.6631088340982674,0.3601593908990642
S_Q1,27,B,SRI6,189,-0.5503328422327861,252.8632241754353,0.0,0.7,3988761365.862029,3988.761365862029,0.6909666631088341,0.34621268723093895
S_Q1,27,B,SRI6,191,0.0,1228.474537558348,-0.0016343362896277286,0.7003006018995521,5099382518.949035,5099.382518949034,0.8155975379798627,0.1727327711957875
S_Q1,27,B,SRI6,193,0.0,1708.034047531706,-0.0015372719678907031,0.7,5391387140.845024,5391.387140845024,0.8448429216921051,0.08133205251360869
S_Q1,27,B,SRI6,194,-3.8478823416577574,0.0,-0.9575400011503739,0.8000290713155604,724065234.0389506,724.0652340389505,0.5378731276906109,0.3692318639484825
S_Q1,27,B,SRI6,196,-1.6762051397524944,393.5933078891977,-1.0643401268745512e-05,0.7,4257033592.005955,4257.033592005955,0.6718966805422136,0.356494823353613
S_Q1,27,B,SRI6,199,-0.00015717787369506778,2005.037752704022,-1.015234416561876,0.8339958970514116,4568450027.813356,4568.450027813356,0.7947486391290426,0.05656953783754937
S_Q1,27,B,SRI6,201,-0.002830433814245276,1258.1634987782159,-0.0140624773108452,0.7000390799885582,5116926081.3353615,5116.926081335361,0.8173408759383785,0.16526132280214897
S_Q1,27,B,SRI6,203,-0.5800651278380755,0.0,-1.4333858116251808,0.9873579503951412,31785665.676416177,31.785665676416176,0.45679012345679015,0.3692318639484825
S_Q1,27,B,SRI6,204,0.0,270.87586033663064,0.0,0.7000724781198374,4028885233.1028833,4028.8852331028834,0.7029565588643398,0.3409470950297078
S_Q1,27,B,SRI6,205,-0.024541654226953646,0.4024041193926564,0.0,0.7,2079565808.3579493,2079.565808357949,0.6437542249261751,0.3692318639484825
S_Q1,27,B,SRI6,209,0.0,590.7272329519748,0.0,0.7,4533392051.933705,4533.392051933705,0.75436723947771,0.3042302629238268
S_Q1,27,B,SRI6,215,-0.0022408355603170046,243.24057342517986,-5.618500443354548e-07,0.7001200927705665,3966220620.472626,3966.2206204726263,0.6970861351264811,0.3433664211762195
S_Q1,27,B,SRI6,216,0.0,144.9755555252803,0.0,0.7,3687966620.9645395,3687.9666209645397,0.6767709111609208,0.35343508734478957
S_Q1,27,B,SRI6,217,0.0,185.82123317720175,0.0,0.7000707615895395,3817056398.9367776,3817.0563989367774,0.6849539260682393,0.3489522183086065
S_Q1,27,B,SRI6,218,0.0,1919.3421963246026,-1.5491949296588803,0.7030941022490681,4593744525.228083,4593.744525228082,0.7894474686021277,0.06208417831856832
S_Q1,27,B,SRI6,219,0.0,1901.0629089331583,-0.7749214880551687,0.8140561756111329,4679023416.719263,4679.023416719263,0.7980930017433379,0.06350731134592807
S_Q1,27,B,SRI6,222,0.0,1876.3570502605662,-1.8145456290785633,0.7039609128595412,4386376266.206859,4386.376266206858,0.7758921265165261,0.06553527590991567
S_Q1,27,B,SRI6,223,-0.6824280718624198,252.3150976301439,-0.025010855164784185,0.700069500826362,3978789823.4970818,3978.7898234970817,0.6872309389120149,0.3476358202582987
S_Q1,27,B,SRI6,224,0.0,707.7782229705676,0.0,0.7000000706109883,4664471217.571321,4664.47121757132,0.7686341480769916,0.2861208951506742
S_Q1,27,B,SRI6,227,-2.8909078823580994,0.0,-0.790296754902275,0.7042826874195104,1167912395.8781712,1167.9123958781713,0.5943715088767924,0.3692318639484825
S_Q1,27,B,SRI6,228,0.0,1285.955355593132,-0.001648955611416651,0.7,5139906117.56851,5139.90611756851,0.8198313587362579,0.1581100793396663
S_Q1,27,B,SRI6,229,0.0,1936.0089801538575,0.0,0.7,5508356186.589404,5508.356186589404,0.8547692745579393,0.060874515245312545
S_Q1,27,B,SRI6,230,0.0,1950.2432790324522,-0.01893674341625692,0.8127050968992715,4927866944.95855,4927.86694495855,0.81922652719963,0.0599494787775287
S_Q1,27,B,SRI6,232,-0.10644277243900291,0.0,-0.011953154149480782,0.9836391047121937,84250991.9368717,84.25099193687171,0.462340342263493,0.3692318639484825
S_Q1,27,B,SRI6,237,-2.6780747293244502,0.0,-0.5334995031220486,0.7,1328297153.392172,1328.297153392172,0.6130145515352048,0.3692318639484825
S_Q1,27,B,SRI6,238,0.0,509.58245720471774,0.0,0.7,4430384055.321428,4430.384055321429,0.7437648984238803,0.3153307005372328
S_Q1,27,B,SRI6,240,-0.6338360432148531,0.0,-0.15390915427215157,0.9816996335707837,91442609.213542,91.442609213542,0.462731703846017,0.3692318639484825
S_Q1,27,B,SRI6,241,-3.7962620453434677,0.0,-0.6053302056634169,0.8410372078239481,683263436.1466829,683.2634361466828,0.5295122211548725,0.3692318639484825
S_Q1,27,B,SRI6,242,0.0,1759.371967345789,-1.1627366762058249,0.7019485915796996,4813048661.65982,4813.04866165982,0.8000142313302738,0.07670687017468959
S_Q1,27,B,SRI6,243,0.0,1929.4440606309959,-0.483747255328701,0.7534238749570886,5067256644.620801,5067.256644620801,0.8257373607998005,0.06147934678194044
S_Q1,27,B,SRI6,244,-0.15791545280609917,0.0,-0.8684735278902445,0.7,1139464673.8493268,1139.4646738493268,0.590778097982709,0.3692318639484825
S_Q1,27,B,SRI6,245,0.0,1074.3731475341312,0.0,0.7,4989837462.87408,4989.837462874079,0.8030383890134131,0.2096630732557726
S_Q1,27,B,SRI6,246,0.0,1873.4373354413378,-0.5472920818662521,0.7702254901130634,4938697036.178582,4938.6970361785825,0.8156686946312306,0.06581990251538761
S_Q1,27,B,SRI6,247,-4.0,0.0,-0.7376832546855446,0.9602259124070931,161126937.56806606,161.12693756806607,0.46835307930408804,0.3692318639484825
S_Q1,27,B,SRI6,248,-5.552337794487486e-05,1858.9939066003526,-0.0010996622902290643,0.7000368790790624,5469575692.003682,5469.575692003682,0.85156722524638,0.06710072224001136
S_Q1,27,B,SRI6,249,-0.9289541034682227,0.0,0.0,0.9772721893908625,117257757.82398966,117.25775782398966,0.46525776496958066,0.3692318639484825
S_Q1,27,B,SRI6,251,0.0,2077.492853199517,-1.9640834041203963,0.7,4399369008.756191,4399.369008756191,0.7828654783505887,0.0537588501085139
S_Q1,27,B,SRI6,252,-0.03818742586474122,0.0,-0.0049674526769630245,0.7090562514511902,1498164383.796919,1498.164383796919,0.6367452947664283,0.3692318639484825
S_Q1,27,B,SRI6,257,-0.0449381207363206,36.99464151565792,0.0,0.7,3097313907.8437037,3097.313907843704,0.6528978546269611,0.36542498310029536
S_Q1,27,B,SRI6,259,0.0,1759.371967345789,-1.5847415210643647,0.7019485915796996,4488895352.415734,4488.895352415734,0.7770662112640979,0.07670687017468959
S_Q1,27,B,SRI6,260,0.0,105.85273325113876,0.0,0.7,3534570125.0013266,3534.5701250013267,0.6683744262994983,0.35798911303234066
S_Q1,27,B,SRI6,262,0.0,710.4021364156692,0.0,0.7,4667215794.118331,4667.215794118331,0.7689543530081473,0.28562279859109824
S_Q1,27,B,SRI6,263,0.0,754.9937953237688,0.0,0.7,4712748182.6978855,4712.748182697886,0.7737218486498025,0.2784003984772476
S_Q1,27,B,SRI6,264,0.0,895.0182526364957,0.0,0.7,4843482284.770024,4843.482284770024,0.787882022272032,0.2518945458426727
S_Q1,27,B,SRI6,265,0.0,2063.820845788303,-0.5543294259347071,0.8168442346180949,4820833146.813412,4820.833146813412,0.8134984167645071,0.05418579001672182
S_Q1,27,B,SRI6,269,0.0,0.0,-0.1795602512343982,0.7001967767027594,1487971010.1170375,1487.9710101170376,0.6357135233215924,0.3692318639484825
S_Q1,27,B,SRI6,273,0.0,73.22607751501229,0.0,0.7000679418026523,3368415589.3311596,3368.4155893311595,0.6612943394883836,0.36133347564663604
S_Q1,27,B,SRI6,274,-0.0011275873317772613,1326.3724667382296,-0.0034461717901194955,0.7005831649467219,5162690944.075183,5162.690944075183,0.8222506848827694,0.14910876294161593
S_Q1,27,B,SRI6,275,0.0,0.0,-0.2996085489697766,0.7,1439610862.4678712,1439.6108624678711,0.6280641832995341,0.3692318639484825
S_Q1,27,B,SRI6,278,-0.7450817480623598,302.04466352714053,-2.9794086926681544e-06,0.7000593764608125,4093147485.132208,4093.1474851322077,0.6952360621909134,0.3453588074145231
S_Q1,27,B,SRI6,279,-0.014972311280711432,419.4214713170351,0.0,0.7000807901628722,4299813677.610114,4299.813677610114,0.7299960863841748,0.3257907282883267
S_Q1,27,B,SRI6,280,-0.0744498116237553,0.0,-0.025122182518767744,0.7,1537837844.4160602,1537.8378444160603,0.6426157185042872,0.3692318639484825
S_Q1,27,B,SRI6,281,-0.19079974873098787,0.0,-0.780869532481575,0.929222219944235,280827091.65113306,280.82709165113306,0.48219304799516133,0.3692318639484825
S_Q1,27,B,SRI6,282,0.0,437.723903546996,-0.008710323827764183,0.7,4324909425.25266,4324.90942525266,0.7335183406268904,0.32340698046749927
S_Q1,27,B,SRI6,283,-5.400063474494413e-05,2050.9540799485535,-2.211956131170277,0.7046272340429744,4259810204.78507,4259.81020478507,0.7750382467001102,0.05457715159924574
S_Q1,27,B,SRI6,284,-0.16827422631647027,0.0,-1.229410913698246,0.8369988869793683,494028239.56805485,494.02823956805486,0.5075248158821645,0.3692318639484825
S_Q1,27,B,SRI6,286,0.0,0.0,-0.5942414841379495,0.7,1294221344.2729075,1294.2213442729076,0.6082114775678656,0.3692318639484825
S_Q1,27,B,SRI6,287,-1.8345252653558246e-06,1146.815681216944,-0.0011004765110947659,0.7000004056429827,5043214865.624611,5043.214865624611,0.8092290176824277,0.19329704344113566
S_Q1,27,B,SRI6,288,0.0,1895.3577375500822,-1.9640834041203963,0.7,4312099091.504301,4312.099091504301,0.770982317572135,0.06396982957981999
S_Q1,27,B,SRI6,289,0.0,1715.4542839708931,-0.00022947299526582515,0.7007889527983877,5391385865.741844,5391.385865741844,0.8448785000177892,0.0803002810687729
S_Q1,27,B,SRI6,290,0.0,50.6523711238284,0.0,0.7000552474527992,3216522173.2093196,3216.5221732093196,0.6565268438467285,0.3637528017931476
S_Q1,27,B,SRI6,291,0.0,1396.5932975531505,-0.0007534134800053572,0.7,5211324102.682168,5211.324102682168,0.8272672288042126,0.13338314298929094
S_Q1,27,B,SRI6,292,0.0,593.5300249365272,0.0,0.7009823160892077,4531665922.159067,4531.665922159067,0.7542960828263419,0.30387447966698694
S_Q1,27,B,SRI6,294,0.0,1904.2928960403178,-2.0525819348816134,0.7002287854172938,4268806183.7431297,4268.80618374313,0.7690966663108834,0.06315152808908814
S_Q1,27,B,SRI6,298,-1.907308820707634,0.0,-0.6870743445278316,0.8829151213774195,485003645.6337827,485.0036456337827,0.5054968513181768,0.3692318639484825
S_Q1,27,B,SRI6,299,-0.528460387263554,0.0,-0.9631669467770969,0.9848284850929906,54865795.19678939,54.86579519678939,0.45906713630056567,0.3692318639484825
S_Q1,27,B,SRI6,301,0.0,225.57953966453223,0.0,0.700050177860849,3923777904.9804935,3923.7779049804935,0.6932436759526097,0.34507418080905117
S_Q1,27,B,SRI6,304,-2.8883594318568386e-05,809.9594592170284,0.0,0.7,4766092474.998766,4766.092474998766,0.7790230191767175,0.2686163589141495
S_Q1,27,B,SRI6,305,0.0,1748.4845299386616,-1.3715817397593502,0.7,4662712160.172219,4662.712160172219,0.7905148183726473,0.07748959333973743
S_Q1,27,B,SRI6,306,0.0,1756.4694469012313,-1.7019156834343607,0.701322509009784,4403578728.960844,4403.578728960844,0.7717294624114991,0.07699149678016154
S_Q1,27,B,SRI6,307,-0.0002503730678627919,284.5548099429668,0.0,0.7001266343025818,4057717917.08176,4057.71791708176,0.7054826199879033,0.3399153235848721
S_Q1,27,B,SRI6,308,-1.7255092665274216,255.50007017343077,-3.387003350020443e-05,0.7,3994017908.576774,3994.017908576774,0.6626818941900595,0.3613334756466361
S_Q1,27,B,SRI6,309,0.0,1960.1921690920608,-1.934674010875077,0.7043646396719483,4358045018.07006,4358.04501807006,0.777457572846622,0.05941580389226881
S_Q1,27,B,SRI6,310,0.0,1378.2159061783793,-0.0007364612392300846,0.7047289536138563,5175260437.06912,5175.260437069121,0.8238517095385491,0.1372611804888462
S_Q1,27,B,SRI6,311,-0.0011004606667850076,1966.791986982874,0.0,0.7034896968081296,5505183343.812964,5505.183343812964,0.8547692745579392,0.058988863984060884
S_Q1,27,B,SRI6,312,-0.00048324700670716435,1616.7552867011996,0.0,0.700088677667991,5341424354.033836,5341.424354033837,0.84007542605045,0.09278827338385458
S_Q1,27,B,SRI6,316,-0.011703432091826869,0.0,-0.802748807020058,0.7,1178622804.4286215,1178.6228044286215,0.595403280321628,0.3692318639484825
S_Q1,27,B,SRI6,317,-0.4783701336187368,0.0,-0.7613818203777557,0.7005563226093047,1198462385.8496034,1198.4623858496034,0.5978581847938236,0.3692318639484825
S_Q1,27,B,SRI6,318,-2.137486583532375,0.0,-0.3319463460663369,0.7036064952483597,1409860359.3417523,1409.8603593417522,0.6242573024513466,0.3692318639484825
S_Q1,27,B,SRI6,320,0.0,2100.0,-0.6479978996474748,0.8306379452124033,4748375152.433647,4748.375152433648,0.8093357526594799,0.05294054861778205
S_Q1,27,B,SRI6,322,0.0,2100.0,-2.140288250146673,0.7,4318340644.420527,4318.3406444205275,0.7798768989931334,0.05294054861778205
S_Q1,27,B,SRI6,324,-1.033437401456158e-08,93.79577331566153,-0.0020203996428796722,0.7,3478078345.207999,3478.078345207999,0.6660262568043549,0.3590920411285445
S_Q1,27,B,SRI6,325,0.0,728.5624399859995,0.0,0.7000009905598652,4685997284.241313,4685.997284241313,0.7708044259437152,0.2830255808161668
S_Q1,27,B,SRI6,326,0.0,398.9941807645421,-0.000962763470359649,0.7,4267390200.17691,4267.39020017691,0.7269719287010353,0.32753406624684234
S_Q1,27,B,SRI6,328,-0.004069693676779578,2018.182661583484,-1.8142177094494603,0.700302625602276,4461093048.612378,4461.093048612378,0.7854271177998363,0.05649838118618139
S_Q1,27,B,SRI6,330,0.0,995.689216435187,0.0,0.7,4928152019.1967325,4928.152019196733,0.7965275554132424,0.228946525776497
S_Q1,27,B,SRI6,332,-0.4870703272600939,0.0,-0.7071235363360985,0.7000284059532458,1231889129.3479502,1231.8891293479503,0.6020208488988509,0.3692318639484825
S_Q1,27,B,SRI6,334,-2.2992438106809296,0.0,-1.0258274243832637,0.7012001815530639,1035705009.6697226,1035.7050096697226,0.5792862987867792,0.3692318639484825
S_Q1,27,B,SRI6,336,-0.005437973002641393,1228.0427700892722,-0.0010996622902290643,0.7,5100635923.342427,5100.635923342427,0.8152773330487066,0.17330202440673143
S_Q1,27,B,SRI6,338,-0.005516623847317437,1865.283005516047,-1.6684687051001457,0.7126824081050336,4458715750.426678,4458.715750426678,0.7792720674565053,0.06720745721706335
S_Q1,27,B,SRI6,340,-0.0061952589987067375,2056.9369198465724,-0.5733900919654937,0.7,5321280647.85061,5321.28064785061,0.8401110043761341,0.05496851318176968
S_Q1,27,B,SRI6,346,0.0,1675.1589538344233,0.0,0.7024565778167798,5361376351.129048,5361.376351129048,0.8427793788024336,0.0845696801508521
S_Q1,27,B,SRI6,347,0.0,1873.4373354413378,-0.563757516629106,0.8168442346180949,4726606869.453694,4726.606869453694,0.802718184082257,0.06581990251538761
S_Q1,27,B,SRI6,348,0.0,328.20278724868376,-0.005440223434104564,0.7,4143350686.854468,4143.350686854468,0.7143772014089016,0.3355391895257409
S_Q1,27,B,SRI6,349,-0.00012339537047887045,2063.307173899914,-1.7717572418400218,0.7293393476708433,4464298364.104351,4464.298364104351,0.7878464439463478,0.05418579001672182
S_Q1,27,B,SRI6,350,-9.010282426843031e-06,357.8306738383649,-0.0011775606780368673,0.7001309731719004,4197233869.986035,4197.233869986035,0.7196072152844488,0.3325150318426015
S_Q1,27,B,SRI6,351,0.0,1806.5119794031016,-3.533475945959776e-06,0.700802694055241,5439440730.696441,5439.44073069644,0.8486853808659764,0.07186821788166649
S_Q1,27,B,SRI6,352,0.0,1043.5909997901122,0.0,0.7,4966095393.2184105,4966.09539321841,0.8005834845412175,0.21638737681004727
S_Q1,27,B,SRI6,353,-0.020580910739638303,0.0,-1.1690105490536822,0.8829151213774195,369919191.0527019,369.9191910527019,0.4923328708150994,0.3692318639484825
S_Q1,27,B,SRI6,354,0.0,272.44351788576716,0.0,0.7000457360868558,4032416983.0514374,4032.4169830514375,0.7032056071441277,0.3408047817269719
S_Q1,27,B,SRI6,355,0.0,2037.6717351258387,-1.2609517017228804,0.747395630494112,4749749876.671916,4749.749876671916,0.8042124737609847,0.05503966983313765
S_Q1,27,B,SRI6,356,0.0,1755.3495236611293,-1.1981882585518713,0.7,4796336983.498738,4796.336983498738,0.7981997367203901,0.07702707510584553
S_Q1,27,B,SRI6,357,0.0,1641.1749804124652,-0.5003319788511307,0.700000976292585,5152579860.086862,5152.579860086862,0.8242786494467572,0.08894581420998328
S_Q1,27,B,SRI6,359,-3.975129841798887e-05,605.0488524206025,0.0,0.700088677667991,4549987042.8054285,4549.987042805428,0.75632404739033,0.30238018998825916
S_Q1,27,B,SRI6,360,-0.006916150815662995,1585.9480615552625,-0.001970804791180284,0.7000410414430165,5323818991.872554,5323.818991872554,0.8382253531148824,0.09901448037855341
S_Q1,27,B,SRI6,361,-1.3152891953263188,352.1009500356566,0.0,0.7,4187029064.508133,4187.029064508133,0.6848827694168712,0.3501618813818621
S_Q1,27,B,SRI6,363,-2.957015466509981e-05,877.1009540172524,-0.0012941923936957145,0.7,4827152789.034056,4827.152789034056,0.7863877325933042,0.2560927882733839
S_Q1,27,B,SRI6,364,0.0,945.0024351259377,0.0,0.7000009794085457,4886358090.230669,4886.358090230669,0.7921514213541111,0.24118546981179062
S_Q1,27,B,SRI6,365,-0.0002751683591846101,1772.4715535878113,-1.8237466055397191,0.7035811748365121,4329692010.9091015,4329.692010909102,0.7684918347742555,0.07539047212438181
S_Q1,27,B,SRI6,367,-0.001170441338175232,296.3790714817054,0.0,0.7,4082697949.973825,4082.697949973825,0.7077952111573629,0.3388835521400363
S_Q1,27,B,SRI6,368,-0.00660675390617698,623.9323225677152,0.0,0.7000234387473858,4572320259.198489,4572.320259198489,0.7587433735368416,0.3003522254242715
S_Q1,27,B,SRI6,369,-0.10312340305181511,0.0,-0.6729899050660777,0.7000894174920863,1250899444.0778265,1250.8994440778265,0.6041199701142064,0.3692318639484825
S_Q1,27,B,SRI6,370,-0.006238727641970037,0.0,-1.133362314968138,0.8368774564983148,527383118.9836145,527.3831189836145,0.512149998221084,0.3692318639484825
S_Q1,27,B,SRI6,371,0.0,932.5758122970892,-0.022371122136455514,0.7,4869147514.295589,4869.14751429559,0.7906571316753834,0.24374710926103815
S_Q1,27,B,SRI6,372,-0.020580910739638303,0.0,-1.1690105490536822,0.7,947613151.2543442,947.6131512543442,0.5672252463799053,0.3692318639484825
S_Q1,27,B,SRI6,373,-2.695790933571474,0.0,-1.0929891178839666,0.7011396434494196,992907962.2654036,992.9079622654036,0.5740207065855482,0.3692318639484825
S_Q1,27,B,SRI6,375,0.0,1863.7301790371257,-0.5472920818662521,0.7702254901130634,4933834351.713828,4933.834351713828,0.8150638630946027,0.06674493898317145
S_Q1,27,B,SRI6,376,-0.0008479117190676386,0.0,-0.7927824014260618,0.9077384760155665,363989678.7610049,363.98967876100494,0.49169246095278757,0.3692318639484825
S_Q1,27,B,SRI6,377,0.0,1019.6969145890519,0.0,0.7001447077535193,4946585244.206761,4946.585244206762,0.7988045682570178,0.22250684882769425
S_Q1,27,B,SRI6,379,0.0,534.8296500736317,0.0,0.7,4463692364.915602,4463.6923649156015,0.7472159960152275,0.31219980787704127
S_Q1,27,B,SRI6,381,-0.006916150815662995,121.07069766290795,-2.579582987158682e-05,0.7000410414430165,3598467743.0259194,3598.4677430259194,0.6712562706799019,0.356672714982033
S_Q1,27,B,SRI6,382,-1.0044508679444983,0.0,-0.9161114240169138,0.7001331296192719,1110550267.6747322,1110.5502676747321,0.5868289038317858,0.3692318639484825
S_Q1,27,B,SRI6,389,0.0,1752.2796976865243,-0.0005336018402448406,0.7000650062097757,5414746605.186408,5414.7466051864085,0.8466218379763049,0.07724054505994947
S_Q1,27,B,SRI6,392,-0.00717246415211331,574.2419451817732,-0.0019011780938141363,0.7000410414430165,4512684210.545818,4512.684210545818,0.7521258049596186,0.30689863735012635
S_Q1,27,B,SRI6,393,-2.837063021401791e-05,1933.3775717763292,-2.1532661448182204,0.7544803325731609,4182413889.4427133,4182.413889442713,0.766250400256164,0.0611235635251005
S_Q1,27,B,SRI6,400,-1.720112264095505,313.5933856641989,0.0,0.7,4115381930.886381,4115.381930886381,0.6664887750382467,0.3594834027110683
S_Q1,27,B,SRI6,404,-0.0010143167933802425,1169.6359127644605,0.0,0.7000212119622257,5060066429.906263,5060.066429906264,0.8107588856868395,0.18753335468032872
S_Q1,27,B,SRI6,405,-0.003456763473838386,253.25447638533706,0.0,0.7,3990053480.2275453,3990.053480227545,0.6986871597822606,0.3426904329882235
S_Q1,27,B,SRI6,408,-0.004074219907550496,384.79033347375093,-0.000962763470359649,0.7,4244083947.3417044,4244.0839473417045,0.7240900843206317,0.32938413918240994
S_Q1,27,B,SRI6,409,-0.0016355611820980883,2080.1141121677274,-0.0008058871015353994,0.7000679206855559,5576046797.120709,5576.046797120709,0.8601060234105383,0.0537588501085139
S_Q1,27,B,SRI6,412,0.0,0.0,-0.0007099866359288436,0.7144956055663503,1471017879.7624462,1471.0178797624462,0.633080727220977,0.3692318639484825
S_Q1,27,B,SRI6,413,-8.510546245043757e-05,66.54752175077681,-0.003150638586238874,0.7,3326852038.0791388,3326.8520380791388,0.6599423631123918,0.36183157220621187
S_Q1,27,B,SRI6,415,-4.071334250137649e-05,187.99295923549977,0.0,0.7000313638551852,3823510049.726709,3823.510049726709,0.6854164443021312,0.3486320133774505
S_Q1,27,B,SRI6,416,0.0,135.80463529355083,0.0,0.7,3655130775.7533355,3655.1307757533355,0.6750987298537731,0.3544312804639414
S_Q1,27,B,SRI6,417,0.0,1424.6650647895096,-0.00046308629643351015,0.7002133662424247,5227692441.78759,5227.69244178759,0.8286192051802043,0.12740598427438005
S_Q1,27,B,SRI6,420,-0.0012715933728606327,0.0,-0.6359944960778099,0.7000926539500358,1270629149.283922,1270.629149283922,0.6055075248158822,0.3692318639484825
S_Q1,27,B,SRI6,424,0.0,202.6340964870767,-2.4886007426689592e-06,0.7000617798234917,3864120717.5966067,3864.120717596607,0.6886184936136905,0.34728003700145876
S_Q1,27,B,SRI6,429,-0.00010755936142953275,216.81502057975922,-2.803900638995159e-06,0.7000480456843046,3901578137.9638233,3901.5781379638233,0.6916070729711459,0.3458213256484149
S_Q1,27,B,SRI6,430,-1.462810761142672,292.1522517420958,0.0,0.7000003784531296,4072936204.586308,4072.936204586308,0.6732130785925214,0.35613904009677305
S_Q1,27,B,SRI6,432,-0.000296964034153485,1103.037467924591,0.0,0.7,5011460414.168892,5011.4604141688915,0.8058134984167644,0.20283203472444586
S_Q1,27,B,SRI6,434,-0.0553557710754613,25.772840385522155,0.0,0.7000107848189862,2970328416.2126217,2970.3284162126215,0.6503362151777138,0.3664567545451311
S_Q1,27,B,SRI6,437,-0.7203794860792341,0.0,-0.7378434864875815,0.7281364916539966,1100549149.1129894,1100.5491491129894,0.5860817589924218,0.3692318639484825
S_Q1,27,B,SRI6,438,-0.0004886127318519582,1203.2160217733456,-0.006112503724950825,0.7000000135672184,5081788587.868365,5081.7885878683655,0.8131070551819831,0.1787810865620664
S_Q1,27,B,SRI6,439,0.0,1262.4540485123648,-0.0016511377429469926,0.7000689819353108,5123794098.085396,5123.7940980853955,0.8183014907318463,0.16408723805457714
S_Q1,27,B,SRI6,440,-0.004140236844445297,2041.053887988569,-1.697590245193743,0.7003432309248258,4549604198.103313,4549.604198103313,0.7901234567901235,0.05543103141566157
S_Q1,27,B,SRI6,441,-0.0010143167933802425,340.92762263188445,0.0,0.7000224821751323,4168095462.2922635,4168.095462292264,0.7170099975095174,0.3342227914754332
S_Q1,27,B,SRI6,442,0.0,1771.5419378126744,-0.8949547495864192,0.7599480099124949,4773246878.003867,4773.246878003867,0.7994093997936458,0.0754260504500658
S_Q1,27,B,SRI6,445,0.0,371.2951030651244,0.0,0.7,4221772043.738998,4221.772043738998,0.7219198064539084,0.3303803323015619
S_Q1,27,B,SRI6,446,0.0,847.6271825905003,0.0,0.7000134013066485,4801003320.890267,4801.003320890268,0.7833635749101647,0.26150069377735086
S_Q1,27,B,SRI6,447,-0.017223417714981926,481.3788478244107,0.0,0.7,4391703788.549462,4391.703788549462,0.7396733909702208,0.3193866296652079
S_Q1,27,B,SRI6,450,0.0,553.676029836461,-0.001970804791180284,0.7000410414430165,4487116363.17834,4487.11636317834,0.7500622620699468,0.30946027679937377
S_Q1,27,B,SRI6,451,-1.9612103872511049,225.57953966453223,0.0,0.7000410194489051,3922765325.8631554,3922.7653258631553,0.6547123492368448,0.3641441633756716
S_Q1,27,B,SRI6,452,-0.15415184619941918,0.0,-0.6733072141190504,0.9429240983220831,238123119.74276316,238.12311974276315,0.47667840751414237,0.3692318639484825
S_Q1,27,B,SRI6,454,0.0,969.1240730845252,0.0,0.7000024289043001,4906430996.112557,4906.430996112557,0.7941793859180988,0.23527946774824773
S_Q1,27,B,SRI6,455,-0.0010722241077660939,1460.6616973984237,-5.685472737559933e-05,0.7000556813351367,5250756146.118455,5250.756146118455,0.8313231579321877,0.12039705411463333
S_Q1,27,B,SRI6,456,-0.0007454779157707167,1831.0442944348977,-0.8094951969879275,0.7,5081281540.517368,5081.281540517369,0.819119792222578,0.06937773508378696
S_Q1,27,B,SRI6,458,-0.057690495726719554,0.13993586638579814,0.0,0.7000002323950926,1961831093.462729,1961.831093462729,0.6437186466004909,0.3692318639484825
S_Q1,27,B,SRI6,459,0.0,160.07634722925368,0.0,0.7,3738730691.1427646,3738.7306911427645,0.6796171772156403,0.3517629060376419
S_Q1,27,B,SRI6,461,-2.0960211225630725e-05,1301.1457666104634,-0.01165053079237155,0.7001781358619279,5145896343.110287,5145.896343110287,0.8202938769701498,0.1547657167253709
S_Q1,27,B,SRI6,463,-0.000296964034153485,2006.8686792559263,0.0,0.7,5542517484.453639,5542.517484453639,0.8573664923328709,0.05649838118618139
S_Q1,27,B,SRI6,465,-0.004069693676779578,665.7154732857343,-0.008497127719279907,0.700302625602276,4614472536.098767,4614.472536098768,0.7634397125271285,0.2934144519158928
S_Q1,27,B,SRI6,466,0.0,1934.8333964675446,-1.9753905910061071,0.7029400983891962,4321941531.657299,4321.9415316572995,0.7740064752552746,0.061016828548048525
S_Q1,27,B,SRI6,467,-1.4695247815618115,385.1812027785978,0.0,0.7,4243498519.763654,4243.498519763654,0.6814672501512078,0.3516205927349059
S_Q1,27,B,SRI6,468,0.0,493.0932284572091,-0.0021634019535779255,0.7000103323079591,4407228065.830379,4407.228065830379,0.7418792471626288,0.3177144483580604
S_Q1,27,B,SRI6,469,0.0,2008.6109921821885,0.0,0.7,5543323426.653187,5543.323426653187,0.8574376489842388,0.056427224534813386
S_Q1,27,B,SRI6,470,-3.894938830588955,0.0,-0.006687636501638505,0.9833927629942523,85586460.2228371,85.5864602228371,0.46244707724054496,0.3692318639484825
S_Q1,27,B,SRI6,472,0.0,2008.6109921821885,-1.9193499139322316,0.7341260830252725,4349723549.964297,4349.7235499642975,0.7790230191767175,0.056427224534813386
S_Q1,27,B,SRI6,474,-0.6966360303028967,327.3921301161837,0.0,0.7,4142535071.012319,4142.535071012319,0.7002526061123563,0.34212117977727957
S_Q1,27,B,SRI6,475,0.0,605.7857532195443,0.0,0.7,4551313920.473556,4551.313920473555,0.7564307823673819,0.3023090333368912
S_Q1,27,B,SRI6,476,0.0,252.42944483763893,0.0,0.7,3988169752.432076,3988.169752432076,0.6986871597822608,0.3425836980111715
S_Q1,27,B,SRI6,477,0.0,754.0390606761893,-1.1166618182213489e-05,0.700318168272426,4710147109.274054,4710.147109274054,0.7735083786956986,0.2786138684313516
S_Q1,27,B,SRI6,478,0.0,622.920037474314,0.0,0.7,4571287454.155458,4571.287454155458,0.7588145301882095,0.3002099121215355
S_Q1,27,B,SRI6,479,-1.2760657425866928,130.09955697762166,0.0,0.7,3633515245.3643646,3633.5152453643645,0.6607250862774399,0.36158252392642404
S_Q1,27,B,SRI6,480,-0.7347241817380342,285.02864301720996,0.0,0.7,4058743408.9594073,4058.743408959407,0.6925676877646135,0.34646173551072695
S_Q1,27,B,SRI6,482,0.0,1137.3183968617923,0.0,0.7,5036802466.2057295,5036.80246620573,0.808375137866012,0.19536058633080725
S_Q1,27,B,SRI6,483,0.0,447.39511611781387,0.0,0.7,4342712820.724153,4342.712820724152,0.7353684135624576,0.32248194399971547
S_Q1,27,B,SRI6,484,0.0,1223.284161902126,0.0,0.7,5097852386.111361,5097.852386111361,0.8152061763973387,0.17397801259472725
S_Q1,27,B,SRI6,485,0.0,1872.1040414496308,-0.6444534017885251,0.8147311974817586,4707842204.4910555,4707.842204491056,0.8001209663073257,0.0659266374924396
S_Q1,27,B,SRI6,486,-0.8175203861269676,0.0,-0.5294549928358215,0.9421781182824159,256349871.51440638,256.3498715144064,0.47877752872949797,0.3692318639484825
S_Q1,27,B,SRI6,488,0.0,284.58463426090134,0.0,0.7,4058435249.4919925,4058.4352494919926,0.7056249332906392,0.3398797452591881
S_Q1,27,B,SRI6,489,0.0,1458.9908158530905,0.0,0.7,5250101290.627984,5250.101290627984,0.8311808446294516,0.12085957234852526
S_Q1,27,B,SRI6,490,0.0,1172.4105793599083,0.0,0.7,5062175141.826356,5062.175141826356,0.8110079339666276,0.18685736649233287
S_Q1,27,B,SRI6,491,0.0,479.80699888309834,0.0,0.7,4389504865.592058,4389.504865592058,0.7399580175756929,0.31920873803678795
S_Q1,27,B,SRI6,492,-0.2898169710044325,0.0,-0.6485055751745836,0.9438485475591962,236708635.85462973,236.70863585462973,0.4765716725370904,0.3692318639484825
S_Q1,27,B,SRI6,493,-1.0167133130637729,252.42944483763893,0.0,0.7,3987534130.292208,3987.5341302922084,0.6814672501512079,0.35147827943216997
S_Q1,27,B,SRI6,494,-2.015504573009793,0.0,-1.1150556348997762,0.991120139484089,29155108.789966255,29.155108789966256,0.45646991852563434,0.3692318639484825
S_Q1,27,B,SRI6,495,0.0,2011.1978144830414,-0.7728759449084264,0.8445564015872209,4610853882.116414,4610.853882116414,0.797381435229658,0.05624933290639343
S_Q1,27,B,SRI6,496,0.0,2100.0,-0.6652564678027426,0.8006889348851258,4867816983.507382,4867.816983507382,0.8156331163055467,0.05294054861778205
S_Q1,27,B,SRI6,497,0.0,132.427015232953,0.0,0.7,3642619570.0000677,3642.6195700000676,0.6741736933859892,0.3551072686519372
S_Q1,27,B,SRI6,500,0.0,844.7327524993411,0.0,0.7,4798384777.145966,4798.384777145966,0.7830077916533249,0.26192763368555877
S_Q1,27,B,SRI6,501,0.0,954.4906534847082,0.0,0.7,4894317785.809636,4894.317785809636,0.7928985661934752,0.2389440352936991
S_Q1,27,B,SRI6,503,-3.154089723195516,0.0,-0.7247414000773834,0.701338540212104,1216539287.834394,1216.539287834394,0.600348667591703,0.3692318639484825
S_Q1,27,B,SRI6,506,-1.928105109432088,433.56929614475894,0.0,0.7000013012827546,4319489540.891484,4319.4895408914845,0.6659906784786707,0.35994592094496025
S_Q1,27,B,SRI6,508,-0.7831801161278514,0.0,-1.0352332841932288,0.7449682411208881,879252629.9350034,879.2526299350034,0.5597182196605828,0.3692318639484825
S_Q1,27,B,SRI6,509,0.0,1936.6448930054305,-0.6471761786107821,0.794548519508586,4824093417.869831,4824.093417869831,0.8092290176824277,0.060874515245312545
S_Q1,27,B,SRI6,510,-0.0017975406672660933,714.4134317398846,-0.008314658611778554,0.7,4668029546.385171,4668.029546385171,0.7692034012879354,0.2850179670544704
S_Q1,27,B,SRI6,511,0.0,2100.0,-0.741011082896823,0.7971386211568032,4854605759.468423,4854.605759468423,0.8142455616038708,0.05294054861778205
S_Q1,27,B,SRI6,512,-3.1923025861908183,0.0,-0.0007083027349267393,0.7068017217708905,1510655821.1596928,1510.6558211596928,0.6384530543992599,0.3692318639484825
S_Q1,27,B,SRI6,515,0.0,1031.3138764962332,0.0,0.7,4956490602.97738,4956.49060297738,0.7995161347706976,0.21951826947023872
S_Q1,27,B,SRI6,516,0.0,1257.3104000024791,0.0,0.7,5121166142.099102,5121.166142099102,0.8178745508236382,0.16533247945351695
S_Q1,27,B,SRI6,517,-1.6869435831914064,435.66155124464376,0.0,0.7001750650185411,4321928201.84073,4321.928201840729,0.6743871633400933,0.3555342085601452
S_Q1,27,B,SRI6,519,-1.056931419724494,0.0,-0.33544858413261736,0.7030120343231075,1411228909.5071514,1411.2289095071515,0.6243640374283986,0.3692318639484825
S_Q1,27,B,SRI6,520,0.0,576.7533262472565,0.0,0.7,4516471576.239495,4516.471576239495,0.7529441064503503,0.30625822748781445
S_Q1,27,B,SRI6,521,0.0,176.1390518051636,0.0,0.7,3788864118.632827,3788.864118632827,0.6828903831785677,0.35005514640481034
S_Q1,27,B,SRI6,522,0.0,819.5284248459362,0.0,0.7,4775059330.95698,4775.0593309569795,0.7800547906215533,0.2666951293272138
S_Q1,27,B,SRI6,523,-2.4114630483626733,0.0,-0.7992305918296527,0.9066994198636107,367137472.20467186,367.13747220467184,0.4921194008609955,0.3692318639484825
S_Q1,27,B,SRI6,524,0.0,1859.4265935416038,-1.1657811658160933,0.7580951425730927,4683394421.478519,4683.39442147852,0.7966698687159782,0.06710072224001136
S_Q1,27,B,SRI6,525,0.0,1087.8674975917024,0.0,0.7000470733509325,4999843434.830734,4999.843434830735,0.8043192087380369,0.20646102394421323
S_Q1,27,B,SRI6,526,-1.3254219360667105,0.0,-0.8102116311839505,0.7028560191821764,1163553920.3778076,1163.5539203778076,0.5935887857117443,0.3692318639484825
S_Q1,27,B,SRI6,527,0.0,994.9974193843993,0.0,0.7,4927603666.590411,4927.603666590411,0.7964208204361903,0.22923115238196892
S_Q1,27,B,SRI6,528,0.0,107.24781112285633,0.0,0.7,3540721740.2675977,3540.721740267598,0.6687302095563382,0.3577756430782368
S_Q1,27,B,SRI6,530,-2.9043051105697306,0.0,-0.6870749305426693,0.7,1242487577.2305253,1242.4875772305252,0.6035862952289465,0.3692318639484825
S_Q1,27,B,SRI6,532,-0.007328470666277062,50.45089289333361,0.0,0.7,3215235281.232203,3215.235281232203,0.6564912655210444,0.36385953677019955
S_Q1,27,B,SRI6,534,0.0,418.37555012157566,0.0,0.7,4298604207.980987,4298.604207980987,0.7304230262923826,0.3255772583342228
S_Q1,27,B,SRI6,535,0.0,1953.6115267976793,-0.3432913937896961,0.8235354509255889,4802698086.227235,4802.698086227235,0.8108656206638917,0.05984274380047672
S_Q1,27,B,SRI6,537,0.0,1935.0889318525444,-1.3227023381861507,0.7983293115190329,4519530663.102356,4519.530663102356,0.7893407336250756,0.06094567189668053
S_Q1,27,B,SRI6,538,0.0,2100.0,-1.565509905914659,0.7463414381607233,4574600464.171974,4574.600464171975,0.7956025189454584,0.05294054861778205
S_Q1,27,B,SRI6,539,0.0,2063.222965465945,-1.9549122357168274,0.7506582732240313,4333063810.696807,4333.063810696807,0.7797345856903974,0.05418579001672182
S_Q1,27,B,SRI6,540,0.0,1986.311993162686,-0.05569604536549255,0.785374754737656,5076253047.46151,5076.25304746151,0.829544241647988,0.05770804425943714
S_Q1,27,B,SRI6,542,0.0,870.9133666148551,0.0,0.7,4822073995.504147,4822.073995504146,0.7858896360337284,0.2570889813925357
S_Q1,27,B,SRI6,543,0.0,1622.1114045117786,0.0,0.7,5344847060.773058,5344.847060773058,0.8403956309816061,0.09211228519585869
S_Q1,27,B,SRI6,545,0.0,529.3518860473363,0.0,0.7,4456573867.732499,4456.573867732499,0.7464332728501796,0.3129469527164051
S_Q1,27,B,SRI6,546,-0.008772227798059862,1936.6448930054305,-0.6422717136921742,0.794548519508586,4826117217.866225,4826.1172178662255,0.8084107161916959,0.06204859999288432
S_Q1,27,B,SRI6,547,0.0,1531.1777593877086,-0.007592841466895539,0.7006838610266006,5286372564.647064,5286.372564647064,0.8347030988721672,0.10719749528587183
S_Q1,27,B,SRI6,553,-1.3804743295743762,0.0,-0.328924680228178,0.7,1428866178.2357998,1428.8661782357997,0.6269256768776462,0.3692318639484825
S_Q1,27,B,SRI6,554,0.0,397.1272986713979,0.0,0.7,4264788815.5790906,4264.788815579091,0.7265805671185114,0.32767637954957834
S_Q1,27,B,SRI6,557,0.0,663.0535884368867,0.0,0.7,4616483160.000022,4616.483160000022,0.7637599174582844,0.2936990785213648
S_Q1,27,B,SRI6,558,0.0,1703.6790723184565,0.0,0.7,5389526670.061449,5389.526670061449,0.8448073433664212,0.08161667911908065
S_Q1,27,B,SRI6,559,0.0,2008.6109921821885,-1.7540359843427646,0.7327810332690202,4442642436.104728,4442.6424361047275,0.7854626961255202,0.056427224534813386
S_Q1,27,B,SRI6,560,-0.10061912366517263,64.64684061810352,0.0,0.7,3315892791.747095,3315.892791747095,0.6592663749243961,0.3622229337887359
S_Q1,27,B,SRI6,562,-0.134224043897764,0.0,-0.6933090892771153,0.7389015790134333,1078749082.4191198,1078.7490824191198,0.5825595047497064,0.3692318639484825
S_Q1,27,B,SRI6,564,0.0,1404.0868111250493,-0.35863721949201066,0.7044627951842676,5061251963.647732,5061.251963647732,0.8142099832781868,0.13188885331056321
S_Q1,27,B,SRI6,565,0.0,2008.5326059965196,-1.0905965578162804,0.8456439755096143,4504193928.281336,4504.1939282813355,0.7900523001387554,0.056427224534813386
S_Q1,27,B,SRI6,567,-0.004655796471635165,2040.2952704423292,-0.018370867492824017,0.9997820941561563,4004944616.386721,4004.944616386721,0.7615896395915608,0.05543103141566157
S_Q1,27,B,SRI6,568,-0.037521838666432994,0.04453805541447764,0.0,0.7,1863380039.908861,1863.380039908861,0.6436830682748069,0.3692318639484825
S_Q1,27,B,SRI6,570,0.0,1812.8536838026828,-0.6717501475394446,0.7,5149355721.696298,5149.355721696297,0.8244209627494932,0.0713701213220906
S_Q1,27,B,SRI6,571,0.0,1545.5681939794144,-0.48306586249251054,0.7,5105364119.980569,5105.364119980569,0.8189063222684742,0.1048137474650443
S_Q1,27,B,SRI6,573,-2.4254074364368643,0.0,-0.5052415888350525,0.7,1343290038.9630497,1343.2900389630497,0.6146155761909844,0.3692318639484825
S_Q1,27,B,SRI6,574,0.0,92.97070808079343,0.0,0.700048017710491,3474297482.5727053,3474.297482572705,0.665670473547515,0.3591987761055965
S_Q1,27,B,SRI6,576,0.0,1996.2902990110833,-1.3237873041044232,0.7411711612999254,4709066890.190977,4709.066890190977,0.8015796776603692,0.057103212722809264
S_Q1,27,B,SRI6,577,-0.8480166496428776,0.0,-0.8060673166389852,0.72098825150906,1095281335.6602697,1095.2813356602696,0.5852634575016901,0.3692318639484825
S_Q1,27,B,SRI6,581,0.0,1577.6681505393904,-0.6516349153188337,0.7030242106341874,5020606490.197783,5020.606490197783,0.8114348738748355,0.09954815526381326
S_Q1,27,B,SRI6,582,-1.6869435831914064,427.6610892345175,0.0,0.7001750650185411,4309795866.805129,4309.795866805129,0.6737823318034655,0.3556765218628812
S_Q1,27,B,SRI6,584,0.0,929.4423483528993,0.0,0.7,4873198281.547753,4873.198281547753,0.7908706016294873,0.24452983242608597
S_Q1,27,B,SRI6,585,0.0,1925.0981878841862,-1.237473405034191,0.7795613727077342,4614539385.825026,4614.539385825025,0.7940726509410466,0.0616928167360444
S_Q1,27,B,SRI6,591,0.0,2047.5281991231286,-2.0929044081546975,0.7803583293259192,4233899728.5759306,4233.899728575931,0.7738997402782225,0.05471946490198171
S_Q1,27,B,SRI6,592,-0.004643974074431812,2047.5281991231286,-1.3226558623305373,0.7779918253649117,4630401505.289467,4630.4015052894665,0.7986622549542817,0.05521756146155762
S_Q1,27,B,SRI6,593,-1.9286298356628981,0.0,-1.1150556348997762,0.7042973007194562,966534450.0464609,966.5344500464608,0.5703561390400967,0.3692318639484825
S_Q1,27,B,SRI6,597,-0.7420839203656839,302.80940850700415,0.0,0.7,4094981059.533843,4094.981059533843,0.6953072188422814,0.3452520724374712
S_Q1,27,B,SRI6,598,0.0,157.52863168688134,0.0,0.7007360201250445,3726622191.1200075,3726.6221911200073,0.6783719358167005,0.3520475326431139
S_Q1,27,B,SRI6,599,-2.010060028573702,246.2408417707889,0.0,0.7,3972669025.287184,3972.6690252871836,0.6552460241221048,0.3643220550040915
S_Q1,27,B,SRI6,600,0.0,1561.7008991097864,0.0,0.7,5310675031.936717,5310.6750319367175,0.8373714732984665,0.10171843313053687
S_Q1,27,B,SRI6,602,-0.7917848413957377,0.0,-1.3511413157401067,0.9203451236226935,217036092.30354562,217.03609230354562,0.47568221439499064,0.3692318639484825
S_Q1,27,B,SRI6,603,-1.9286298356628981,0.0,-1.1150556348997762,0.9213921302513667,257036527.3102388,257.0365273102388,0.47977372184864986,0.3692318639484825
S_Q1,27,B,SRI6,607,0.0,327.0043591798759,0.0,0.7000604522932163,4142133171.985523,4142.133171985523,0.7139858398263778,0.33561034617710894
S_Q1,27,B,SRI6,609,0.0,2024.1430458335433,-2.5157206520707627,0.7673768235760221,4114975362.191721,4114.975362191721,0.7675667983064716,0.05578681467250152
S_Q1,27,B,SRI6,611,0.0,1953.8620942863313,0.0,0.7,5516994428.101195,5516.994428101195,0.8553029494431992,0.059807165474792735
S_Q1,27,B,SRI6,613,-0.3030548949263687,0.0,-0.6349460921797312,0.8944824164159756,447312506.3259982,447.3125063259982,0.5006581990251538,0.3692318639484825
S_Q1,27,B,SRI6,617,0.0,1935.0889318525444,-1.3227023381861507,0.7841710034255336,4559255025.924089,4559.25502592409,0.7915465898174832,0.06094567189668053
S_Q1,27,B,SRI6,621,-0.022529208797556863,63.02375702338543,0.0,0.7,3305302372.7603884,3305.302372760388,0.6590529049702921,0.3624008254171559
S_Q1,27,B,SRI6,623,0.0,86.78100676770951,0.0,0.7,3443395846.2507315,3443.3958462507317,0.6640338705660512,0.3598036076422243
S_Q1,27,B,SRI6,624,-0.6966360303028967,140.16968398990196,0.0,0.7,3670750874.4850125,3670.7508744850124,0.670011029280962,0.3569929199131889
S_Q1,27,B,SRI6,625,0.0,547.2238499628211,0.0,0.7001240977387707,4478969069.503338,4478.969069503338,0.748923755648059,0.3104920482442096
S_Q1,27,B,SRI6,626,0.0,381.8588546349014,0.0,0.7000349585099196,4239449607.019726,4239.449607019726,0.7238054577151597,0.32949087415946193
S_Q1,27,B,SRI6,627,-0.008833376802060826,272.14715155989495,0.0,0.7,4032007378.941675,4032.007378941675,0.7029565588643399,0.3410894083324439
S_Q1,27,B,SRI6,628,0.0,777.6464263275335,0.0,0.700006083543203,4735072933.1116705,4735.072933111671,0.7756786565624222,0.2745579393033764
S_Q1,27,B,SRI6,629,-1.5838313411055693,284.58463426090134,0.0,0.7,4057201582.1489387,4057.2015821489385,0.6680897996940263,0.3582737396378127
S_Q1,27,B,SRI6,630,-2.18980953824712,0.0,-0.9421097240364393,0.7001585255818757,1094967482.4301393,1094.9674824301394,0.584765360942114,0.3692318639484825
S_Q1,27,B,SRI6,631,0.0,370.5345627281984,0.0,0.7,4220470690.9411345,4220.470690941134,0.7218486498025405,0.33045148895292986
S_Q1,27,B,SRI6,633,0.0,354.66006349334873,0.0,0.7,4192824620.820544,4192.824620820544,0.7191446970505568,0.3326929234710215
S_Q1,27,B,SRI6,634,0.0,588.453212336547,0.0,0.7,4530663277.331702,4530.663277331702,0.754153769523606,0.30458604618066676
S_Q1,27,B,SRI6,635,0.0,1873.885983286661,0.0,0.7,5477745603.575509,5477.745603575509,0.8522787917600598,0.06574874586401963
S_Q1,27,B,SRI6,636,0.0,2008.6109921821885,-1.9403718367612732,0.7351377941907149,4337189907.615753,4337.189907615753,0.7783470309887216,0.056427224534813386
S_Q1,27,B,SRI6,637,0.0,201.8913133186715,0.0,0.7,3862427102.777054,3862.4271027770537,0.6885829152880065,0.34728003700145876
S_Q1,27,B,SRI6,638,-2.225325334808226,0.0,-0.9882875072288231,0.7041763691841567,1050881616.4174466,1050.8816164174466,0.5803892268829829,0.3692318639484825
S_Q1,27,B,SRI6,639,-0.001470267036564817,1317.8335793117576,-0.002385409892924898,0.7000344909224191,5160284888.9288025,5160.2848889288025,0.8218593233002456,0.15117230583128757
S_Q1,27,B,SRI6,640,-0.11768484042245925,0.0,0.0,0.7142527106901093,1472677385.6118267,1472.6773856118266,0.6331874621980289,0.3692318639484825
S_Q1,27,B,SRI6,641,-1.974885081050351,276.5622745261127,0.0,0.7,4040126953.352242,4040.126953352242,0.6572739886860924,0.36357491016472765
S_Q1,27,B,SRI6,642,-0.008666590304884425,2008.6109921821885,-2.089704195414634,0.7346033489600678,4264739738.711735,4264.739738711734,0.7730814387874908,0.05760130928238518
S_Q1,27,B,SRI6,645,0.0,732.3035786181342,0.0,0.7,4689811621.7503195,4689.811621750319,0.7713381008289751,0.2825630625822749
S_Q1,27,B,SRI6,650,0.0,1804.0086187353877,0.0,0.7,5442303419.939245,5442.303419939245,0.8487921158430284,0.07201053118440247
S_Q1,27,B,SRI6,651,0.0,1115.368107511298,0.0,0.7,5020635824.303604,5020.635824303604,0.8068808481872843,0.19998576866972637
S_Q1,27,B,SRI6,653,0.0,2063.0165721216094,-1.8684349461075258,0.7351377941907149,4402304602.022456,4402.3046020224565,0.7843241897036326,0.05418579001672182
S_Q1,27,B,SRI6,654,0.0,807.671590907094,0.0,0.7008134473819991,4759690793.276534,4759.690793276534,0.7784537659657736,0.26904329882235745
S_Q1,27,B,SRI6,655,0.0,1859.4265935416038,-1.1657811658160933,0.798235389978748,4556001625.871755,4556.001625871755,0.7887003237627638,0.06710072224001136
S_Q1,27,B,SRI6,656,-0.763644253466585,0.0,-0.040390374661423124,0.9880262456806437,61292008.64463199,61.29200864463199,0.4598854377912975,0.3692318639484825
S_Q1,27,B,SRI6,658,-2.3951727584145717,0.0,-0.9976771470063751,0.733376545148351,938481057.2206382,938.4810572206381,0.5666915714946454,0.3692318639484825
S_Q1,27,B,SRI6,659,0.0,1995.109419377091,-0.019853090094578474,0.8258597193863972,4881511690.562223,4881.5116905622235,0.8174831892411142,0.05713879104849325
S_Q1,27,B,SRI6,660,0.0,1048.8559306304226,0.0,0.7000340058985133,4969994633.598871,4969.994633598872,0.8009748461237414,0.2148575088056356
S_Q1,27,B,SRI6,665,0.0,2100.0,-2.2075943594510736,0.7151426705737138,4275311606.823279,4275.311606823278,0.7780624043832498,0.05294054861778205
S_Q1,27,B,SRI6,666,-0.0353244155609056,73.77174238810719,-0.0015314553625953246,0.7000293853355352,3371316228.037719,3371.3162280377187,0.6614010744654356,0.361404632298004
S_Q1,27,B,SRI6,669,0.0,1919.4017206461904,-1.1487247431985639,0.7,4909665042.908062,4909.665042908062,0.8099405841961077,0.06208417831856832
S_Q1,27,B,SRI6,671,-0.004180193835950943,1906.5429344103663,-1.991698122145522,0.7331157844028084,4262684046.002194,4262.684046002194,0.7685985697513074,0.06329384139182409
S_Q1,27,B,SRI6,672,-7.386628467070206e-05,2063.222965465945,-0.6407893433679288,0.7506582732240313,5073714802.237962,5073.7148022379615,0.8260931440566407,0.05418579001672182
S_Q1,27,B,SRI6,673,0.0,1603.4676830873811,-0.6888752128773004,0.7282388204035345,4909539008.635891,4909.539008635891,0.8042836304123525,0.09463834631942222
S_Q1,27,B,SRI6,674,0.0,313.8156188295621,0.0,0.7000003491978778,4117243949.807784,4117.243949807784,0.7114597787028145,0.33710463585583667
S_Q1,27,B,SRI6,675,-0.009926647424013477,0.0,-0.9252210215175355,0.8843078618461931,426711446.7541061,426.7114467541061,0.4990571743693742,0.3692318639484825
S_Q1,27,B,SRI6,676,-0.7032894918760556,123.75078828803362,0.0,0.7,3609149407.2534904,3609.1494072534906,0.6665243533639308,0.3588429928487566
S_Q1,27,B,SRI6,677,-1.589280970161176,447.6432991014452,0.0,0.7,4340778724.213068,4340.778724213068,0.6799373821467962,0.3524033158999538
S_Q1,27,B,SRI6,678,0.0,435.34983723744756,0.0,0.7001513053913493,4323905162.098016,4323.905162098015,0.7334471839755223,0.3237983420500231
S_Q1,27,B,SRI6,679,-0.74016387474114,0.0,-0.01124482510740421,0.7013664306804024,1535562150.763622,1535.562150763622,0.6420464652933433,0.3692318639484825
S_Q1,27,B,SRI6,680,0.0,303.623592097463,0.0,0.7007953557626246,4093130578.1794763,4093.1305781794763,0.7087914042765148,0.33820756395204044
S_Q1,27,B,SRI6,681,0.0,1350.8606614422729,0.0,0.7,5182773514.059704,5182.773514059704,0.8242074927953892,0.14341623083217703
S_Q1,27,B,SRI6,683,0.0,2048.4320341743414,-1.312230039107877,0.808299072638706,4550296611.062199,4550.296611062198,0.7944284341978866,0.054648308250613724
S_Q1,27,B,SRI6,684,-3.3051655841323897,0.0,-1.0262154529062426,0.7,1039181385.4895823,1039.1813854895822,0.5797132386949869,0.3692318639484825
S_Q1,27,B,SRI6,686,-3.250602368833934e-05,119.43307507337468,0.0,0.7,3592096732.265821,3592.096732265821,0.6708293307716938,0.35660155833066487
S_Q1,27,B,SRI6,687,0.0,2024.1430458335433,-1.9899545551669742,0.8258597193863972,4207506955.677015,4207.506955677015,0.772512185576547,0.05578681467250152
S_Q1,27,B,SRI6,690,-1.6423927551002067,0.0,-0.17750596038356503,0.7,1489182598.772626,1489.1825987726259,0.6361048849041162,0.3692318639484825
S_Q1,27,B,SRI6,692,0.0,2053.6482600934332,-1.8105940369332771,0.7009021792279861,4480038792.165236,4480.038792165236,0.7877752872949799,0.05450599494787776
S_Q1,27,B,SRI6,693,-3.347319090186057,0.0,0.0,0.9303666674622596,358976224.40947944,358.9762244094794,0.49044721955384785,0.3692318639484825
S_Q1,27,B,SRI6,694,0.0,1768.4614305311025,0.0,0.7000076454190991,5423865361.193391,5423.8653611933905,0.8472978261643008,0.07581741203258974
S_Q1,27,B,SRI6,695,-2.427879532739272,0.0,-0.5929998565817123,0.7002850858412026,1293789294.598179,1293.7892945981791,0.6078912726367098,0.3692318639484825
S_Q1,27,B,SRI6,696,0.0,2077.1812539986454,-3.533056074460635e-06,0.7,5575474711.46252,5575.47471146252,0.8600704450848544,0.0537588501085139
S_Q1,27,B,SRI6,698,0.0,141.20085454619993,0.0,0.7,3674651956.9414124,3674.6519569414127,0.6762728146013449,0.3538264489273135
S_Q1,27,B,SRI6,699,0.0,2050.95810482249,-1.8243004368059783,0.7283856511562143,4428836111.578606,4428.836111578606,0.7856761660796243,0.05457715159924574
S_Q1,27,B,SRI6,702,0.0,688.4350654912126,0.0,0.7,4643998781.958527,4643.998781958527,0.766463870210268,0.2894652577649697
S_Q1,27,B,SRI6,705,0.0,340.01604331954593,0.0,0.7000604522932163,4166236736.604306,4166.236736604306,0.7166897925783613,0.3343295264524852
S_Q1,27,B,SRI6,706,-0.31191313506568297,0.0,-0.6096312172764287,0.9689859176814436,133149238.57921742,133.1492385792174,0.4660760664603124,0.3692318639484825
S_Q1,27,B,SRI6,709,0.0,1213.9608450125852,0.0,0.7028791821456022,5076433457.790786,5076.433457790786,0.8128580069021952,0.1763261820898709
S_Q1,27,B,SRI6,713,0.0,1615.596104578771,0.0,0.7,5341233859.857708,5341.233859857708,0.840039847724766,0.09314405664069449
S_Q1,27,B,SRI6,714,0.0,64.62387037281233,0.0,0.7,3315752251.484672,3315.752251484672,0.6596221581812359,0.36215177713736785
S_Q1,27,B,SRI6,715,0.0,1143.0666742105734,0.0,0.7,5041007234.821704,5041.007234821704,0.8089799694026398,0.19400860995481556
S_Q1,27,B,SRI6,716,-2.777172890092442,0.0,-0.5296414426124049,0.9769199300824243,102404878.5618565,102.40487856185649,0.4637634752908528,0.3692318639484825
S_Q1,27,B,SRI6,717,0.0,1176.435203143363,0.0,0.7001410564842863,5064337381.894424,5064.337381894425,0.8112214039207316,0.18589675169886502
S_Q1,27,B,SRI6,718,0.0,692.8637295711934,0.0,0.7,4648727638.545891,4648.727638545891,0.7670687017468959,0.2887181129256058
S_Q1,27,B,SRI6,722,0.0,1661.4396141488737,0.0,0.7,5366604983.332094,5366.604983332094,0.8429928487565375,0.08638417476073575
S_Q1,27,B,SRI6,723,0.0,1792.302579769391,-0.009586771250790521,0.7013833759375958,5425651922.255691,5425.651922255691,0.8476180310954567,0.07325577258334223
S_Q1,27,B,SRI6,724,-2.6163822241631296,0.0,-0.5296414426124049,0.9296598829398071,311819622.5650931,311.8196225650931,0.4851460490269329,0.3692318639484825
S_Q1,27,B,SRI6,730,0.0,131.71667777089684,0.0,0.7,3639964469.8955884,3639.9644698955885,0.6739602234318852,0.35514284697762116
S_Q1,27,B,SRI6,731,-2.221050463835496,0.0,-0.002528297068590861,0.7306819175162395,1387144860.0145383,1387.1448600145384,0.622442807841463,0.3692318639484825
S_Q1,27,B,SRI6,735,-2.611623114183107,0.0,-0.3559638337121702,0.7,1415021609.4434123,1415.0216094434122,0.6250400256163945,0.3692318639484825
S_Q1,27,B,SRI6,737,-1.4195200822702727,0.0,-0.06961925633237848,0.712412567616417,1459477707.52213,1459.47770752213,0.6316220158679334,0.3692318639484825
S_Q1,27,B,SRI6,738,0.0,735.7388954750691,0.0,0.7,4693318511.839661,4693.3185118396605,0.771587149108763,0.28227843597680297
S_Q1,27,B,SRI6,743,0.0,1872.8119867052887,-0.4514955003256207,0.7732029264944297,4963206948.248898,4963.206948248898,0.8188707439427901,0.06585548084107161
S_Q1,27,B,SRI6,746,-2.9008072276834413,0.0,-1.0364724069773315,0.7469385467113318,871856452.5448207,871.8564525448206,0.558650869890063,0.3692318639484825
S_Q1,27,B,SRI6,748,0.0,1874.0329357036464,-1.0839348009517265,0.7,4930311472.149047,4930.3114721490465,0.8104386807556837,0.06574874586401963
S_Q1,27,B,SRI6,749,0.0,1980.4936076275646,-2.630207377167001,0.7,4100279416.829084,4100.279416829084,0.7646137972747001,0.05809940584196108
S_Q1,27,B,SRI6,750,-2.269155594714843,0.0,-0.8490323109666424,0.7176869218275771,1082604349.2077,1082.6043492077001,0.5837691678229624,0.3692318639484825
S_Q1,27,B,SRI6,752,0.0,1209.969031175457,-0.013252285857231094,0.7005861616473833,5081440716.908358,5081.440716908358,0.8131070551819831,0.17721564023197073
S_Q1,27,B,SRI6,753,0.0,942.4698629507633,0.0,0.7,4884237645.983287,4884.237645983287,0.792009108051375,0.24154125306863058
S_Q1,27,B,SRI6,754,-3.620016386853598,0.0,-1.0268017879169666,0.9462527449200673,186238822.3135025,186.23882231350248,0.47176859856975134,0.3692318639484825
S_Q1,27,B,SRI6,756,0.0,203.10090437058994,-0.0038270633867806894,0.7,3864428915.41012,3864.42891541012,0.6886540719393746,0.34728003700145876
S_Q1,27,B,SRI6,757,0.0,843.210311703468,0.0,0.7,4796983702.57528,4796.98370257528,0.7827587433735368,0.26228341694239865
S_Q1,27,B,SRI6,758,-3.848876694848572,0.0,-1.0517232936995458,0.7,1022108921.4613764,1022.1089214613764,0.5774362258512115,0.3692318639484825
S_Q1,27,B,SRI6,759,0.0,393.60062043707626,-0.01005730215256863,0.7,4255575615.0169067,4255.575615016906,0.7258334222791476,0.32799658448073427
S_Q1,27,B,SRI6,760,0.0,1422.3405604581421,0.0,0.7,5227745185.695336,5227.745185695337,0.8285480485288365,0.12797523748532394
S_Q1,27,B,SRI6,761,0.0,1553.388242363953,0.0,0.7,5305822387.149664,5305.822387149664,0.8365887501334186,0.10299925285516062
S_Q1,27,B,SRI6,763,0.0,1071.7966737266927,0.0,0.7,4987873039.451919,4987.873039451919,0.8026470274308891,0.21026790479240048
S_Q1,27,B,SRI6,768,0.0,158.67978722869236,0.0,0.7,3734192995.6022096,3734.1929956022095,0.6793681289358523,0.35190521934037794
S_Q1,27,B,SRI6,769,0.0,1819.3328721311964,-0.021846964513049415,0.7001424017638752,5442884899.115925,5442.884899115925,0.8488632724943964,0.07051624150567475
S_Q1,27,B,SRI6,770,0.0,0.0,-1.1145243175745247,0.8399226241753587,523686546.3241688,523.6865463241688,0.5117942149642438,0.3692318639484825
S_Q1,27,B,SRI6,771,-0.0530919454681078,52.90927159952326,0.0,0.7,3234092663.4927773,3234.0926634927773,0.6568114704522005,0.3635393318390435
S_Q1,27,B,SRI6,774,0.0,1856.9496650415808,0.0,0.7,5469234766.821511,5469.234766821512,0.8514604902693279,0.06731419219411533
S_Q1,27,B,SRI6,776,0.0,662.0810839408261,0.0,0.7,4615412695.65702,4615.41269565702,0.7637243391326004,0.29398370512683675
S_Q1,27,B,SRI6,777,0.0,1911.4906910100194,-1.940634566811061,0.7329068073548666,4293027159.294596,4293.0271592945965,0.7711246308748712,0.06254669655246022
S_Q1,27,B,SRI6,778,-0.015741513283095088,13.44178750870475,0.0,0.7,2767465794.1500516,2767.465794150052,0.6472409008432064,0.36784430924680683
S_Q1,27,B,SRI6,782,-1.2118628945682401,248.47820800547643,0.0,0.7,3978319813.924341,3978.3198139243414,0.6757747180417689,0.3542533888355213
S_Q1,27,B,SRI6,783,-0.046336383224570565,113.05058544673369,0.0,0.7,3565715420.6024103,3565.71542060241,0.6696196676984381,0.35731312484434485
S_Q1,27,B,SRI6,784,0.0,397.7724436479998,0.0,0.7,4265834944.231872,4265.834944231872,0.7267940370726154,0.32764080122389433
S_Q1,27,B,SRI6,786,0.0,1890.7390405386827,-1.1677750071404571,0.804524126716827,4551271676.356974,4551.271676356973,0.7892695769737076,0.06421887785960793
S_Q1,27,B,SRI6,787,0.0,800.6206208665557,0.0,0.7,4757215852.422759,4757.215852422759,0.7783114526630377,0.27046643184971714
S_Q1,27,B,SRI6,788,0.0,1965.5871357494698,-1.7089144599490476,0.7000004528534028,4505694913.267396,4505.694913267396,0.7865656242217242,0.059095598961112876
S_Q1,27,B,SRI6,789,0.0,1899.824818260481,-0.48578284792854065,0.7630590079379043,5008729486.479915,5008.729486479915,0.8217881666488773,0.06354288967161208
S_Q1,27,B,SRI6,790,0.0,1879.0837041671195,-0.4799909001155243,0.7062465544932045,5258465941.369562,5258.465941369562,0.8352723520831108,0.06525064930444373
S_Q1,27,B,SRI6,793,0.0,116.74283965662492,0.0,0.7,3581115137.44145,3581.1151374414503,0.6703668125378018,0.3569929199131888
S_Q1,27,B,SRI6,795,0.0,1841.9783599623047,-0.4670176786363761,0.7732029264944297,4942162854.02808,4942.16285402808,0.8169139360301704,0.0685950119187391
S_Q1,27,B,SRI6,799,-2.9946933742091866,0.0,-0.7627586787811881,0.7,1199386046.6035109,1199.3860466035107,0.5981783897249796,0.3692318639484825
S_Q1,27,B,SRI6,800,0.0,1393.8387626505923,0.0,0.7,5210053413.568492,5210.053413568492,0.8269826021987406,0.13402355285160278
S_Q1,27,B,SRI6,802,0.0,1231.2478551170695,0.0,0.7012487306824923,5096862622.351943,5096.862622351943,0.8153484897000749,0.17198562635642367
S_Q1,27,B,SRI6,804,0.0,2051.48802063515,-1.8297622155620505,0.7021557349930563,4464644922.597383,4464.644922597383,0.7865656242217242,0.054541573273561746
S_Q1,27,B,SRI6,806,-3.6027548844321866,0.0,-0.9954045216085268,0.7643019684521991,831451266.7503877,831.4512667503876,0.5519265663357883,0.3692318639484825
S_Q1,27,B,SRI6,807,-1.240166783421693,326.61671268694454,0.0,0.7,4140607630.9519215,4140.607630951921,0.6838865762977194,0.35073113459280597
S_Q1,27,B,SRI6,808,-2.6097730773865777,0.0,-0.38498032791388914,0.7007269026862116,1397002783.3687167,1397.0027833687168,0.622513964492831,0.3692318639484825
S_Q1,27,B,SRI6,811,0.0,1848.4293790435777,-1.387595479699689,0.7000377381825079,4702072950.004269,4702.072950004269,0.7962073504820864,0.0679901803821112
S_Q1,27,B,SRI6,813,-1.2382303236332515,347.93396847820543,0.0,0.7,4179672072.154577,4179.672072154577,0.6867684206781229,0.34945031486818223
S_Q1,27,B,SRI6,817,-1.0919644339205465,327.5753483938927,0.0,0.7,4142593306.4252653,4142.593306425265,0.6898281566869464,0.3480983384921906
S_Q1,27,B,SRI6,818,0.0,168.78467862542652,0.0,0.7,3766355219.518226,3766.355219518226,0.6815739851282598,0.3508022912441741
S_Q1,27,B,SRI6,821,-3.515805601744306,0.0,-0.9813785328171601,0.7004562823794039,1068058380.117547,1068.0583801175471,0.5819546732130786,0.3692318639484825
S_Q1,27,B,SRI6,822,0.0,500.4940826606861,0.0,0.7,4418137029.055027,4418.137029055027,0.7427687053047285,0.3167182552389085
S_Q1,27,B,SRI6,823,0.0,1763.009698522064,-0.9732789426647879,0.77162934933929,4688552598.551985,4688.552598551984,0.7941793859180988,0.07635108691784964
S_Q1,27,B,SRI6,827,0.0,1860.0427072358814,-1.8178314520026957,0.7,4382435108.303292,4382.4351083032925,0.7751094033514783,0.06710072224001136
S_Q1,27,B,SRI6,829,-0.0003577276934708857,183.39132325079834,-0.0004770772751475916,0.7,3809991698.4301615,3809.9916984301613,0.6846692994627673,0.34937915821681437
S_Q1,27,B,SRI6,831,0.0,287.7586607990127,0.0,0.7,4065040264.0802875,4065.0402640802877,0.7061941865015833,0.33980858860782015
S_Q1,27,B,SRI6,832,0.0,569.2556689782555,0.0,0.7,4507277162.585548,4507.2771625855485,0.7516632867257266,0.30718326395559825
S_Q1,27,B,SRI6,835,0.0,2095.482683889412,-1.8167494070353332,0.7083665998807793,4482823109.57677,4482.82310957677,0.7894118902764435,0.05311844024620203
S_Q1,27,B,SRI6,836,-1.7396723770953724,344.2384999865071,0.0,0.7,4172561468.4913144,4172.561468491314,0.6678763297399224,0.35891414950012446
S_Q1,27,B,SRI6,839,0.0,1960.8102535256892,-1.3513671929722926,0.7131538043160252,4749294976.595132,4749.294976595132,0.8027893407336251,0.05930906891521684
S_Q1,27,B,SRI6,840,0.0,1925.6899040043188,-2.0130668308869235,0.7508025152675659,4242075970.3003054,4242.075970300305,0.7689187746824634,0.06162166008467641
S_Q1,27,B,SRI6,841,-0.0028707195614745126,2013.5288749159683,-0.6732874401140138,0.7899418180961781,4870983267.683009,4870.983267683009,0.812964741879247,0.056676272814601344
S_Q1,27,B,SRI6,842,0.0,608.6110461318308,0.0,0.7,4554635481.622483,4554.635481622483,0.7568933006012737,0.3018820934286832
S_Q1,27,B,SRI6,845,-0.008560246873162147,326.61671268694454,0.0,0.7,4141714825.105581,4141.7148251055805,0.7137012132209057,0.33589497278258085
S_Q1,27,B,SRI6,846,-0.8924283517035403,0.0,-0.9398686156585627,0.9848922528065459,55369224.12627488,55.36922412627488,0.45910271462624974,0.3692318639484825
S_Q1,27,B,SRI6,847,-4.563615652419459e-05,1028.6913316065193,-0.001810090276240628,0.7,4953928791.028782,4953.928791028782,0.7994449781193297,0.22005194435549857
S_Q1,27,B,SRI6,850,-3.39301947390549,0.0,-0.00011748063302441847,0.7144087422674087,1471809906.5951273,1471.8099065951274,0.6331518838723449,0.3692318639484825
S_Q1,27,B,SRI6,855,0.0,37.371414450936456,0.0,0.7,3101030705.081184,3101.030705081184,0.6531113245810651,0.3653538264489274
S_Q1,27,B,SRI6,857,-4.0,0.0,-1.1725012585875583,0.8923123159123831,339359370.1222368,339.3593701222368,0.48913082150354015,0.3692318639484825
S_Q1,27,B,SRI6,859,0.0,432.99762673672353,0.0,0.700323633940012,4319433843.9353485,4319.433843935349,0.7329135090902624,0.3239050770270751
S_Q1,27,B,SRI6,860,-2.8682513547400514,0.0,-0.7474206745285384,0.7183769751531742,1134042532.9954894,1134.0425329954894,0.5901376881203971,0.3692318639484825
S_Q1,27,B,SRI6,862,0.0,1891.236045821002,-1.1709126237868497,0.832337114436853,4462462530.777036,4462.462530777036,0.7841462980752126,0.06421887785960793
S_Q1,27,B,SRI6,864,-3.5844100550944282,0.0,-1.011589411484163,0.828092871528171,600409685.1236562,600.4096851236561,0.521186892944818,0.3692318639484825
S_Q1,27,B,SRI6,865,0.0,2034.0778860632,-1.9979588635179524,0.7201669650327416,4337476949.414829,4337.4769494148295,0.7786316575941938,0.05525313978724161
S_Q1,27,B,SRI6,866,0.0,0.0,-0.5680209172658883,0.7,1307972420.987801,1307.9724209878011,0.6098836588750134,0.3692318639484825
S_Q1,27,B,SRI6,867,-3.580581855169655,0.0,-0.9728006961965796,0.7470581717919791,907558050.0515258,907.5580500515258,0.5615682925961503,0.3692318639484825
S_Q1,27,B,SRI6,870,-0.008560246873162147,93.35470541691285,0.0,0.7,3476424067.1349573,3476.424067134957,0.6658483651759347,0.35926993275696445
S_Q1,27,B,SRI6,872,0.0,24.153960696300373,0.0,0.7,2948732990.8940654,2948.7329908940656,0.6500871668979257,0.36663464617355107
S_Q1,27,B,SRI6,874,0.0,268.6757553671982,0.0,0.7,4024474857.727065,4024.4748577270652,0.7024584623047639,0.34108940833244383
S_Q1,27,B,SRI6,876,0.0,2075.7162044737333,0.0,0.7,5574797811.376484,5574.797811376484,0.8599637101078024,0.0537588501085139
S_Q1,27,B,SRI6,877,-0.004681940402030438,353.1971870141879,-0.0005554333930711947,0.7,4189878019.3461356,4189.878019346135,0.7189668054221369,0.3331198633792294
S_Q1,27,B,SRI6,878,0.0,549.0421925217167,0.0,0.7002928037188023,4480404966.672327,4480.404966672327,0.7492083822535309,0.3103141566157897
S_Q1,27,B,SRI6,881,0.0,2071.9159043130303,-1.4229743072713152,0.7083635232380479,4759847880.167021,4759.847880167021,0.8046749919948768,0.053830006759881886
S_Q1,27,B,SRI6,883,0.0,2076.193267396461,-1.9856303764760441,0.7,4387032000.0241995,4387.032000024199,0.781940441882805,0.0537588501085139
S_Q1,27,B,SRI6,884,0.0,1861.6897484616306,-1.696186298184629,0.7094309924024067,4446627124.406789,4446.627124406788,0.7787028142455616,0.0668872522859074
S_Q1,27,B,SRI6,885,-0.0002465096080485306,74.84436394805506,0.0,0.7,3378206857.0024724,3378.2068570024726,0.6618280143736436,0.36119116234390003
S_Q1,27,B,SRI6,888,-4.932184109510212e-05,242.14208802442397,-0.001810090276240628,0.7,3963753306.285244,3963.753306285244,0.6969082434980609,0.3436154694560074
S_Q1,27,B,SRI6,889,0.0,918.6576892301973,0.0,0.7,4863967956.672232,4863.967956672232,0.7898388301846516,0.24652221866438961
S_Q1,27,B,SRI6,890,0.0,1101.2381387076616,0.0,0.7,5010114167.206476,5010.114167206476,0.8056356067883444,0.20318781798128582
S_Q1,27,B,SRI6,891,0.0,1775.1377735573842,-0.8211275396831341,0.7787265096278922,4737448874.773082,4737.448874773082,0.7969544953214501,0.07514142384459387
S_Q1,27,B,SRI6,895,-0.0050387797747217565,625.9928206894915,0.0,0.7,4574815988.115086,4574.815988115086,0.7593126267477854,0.2999252855160635
S_Q1,27,B,SRI6,896,0.0,1728.850904715463,-1.3228501715648966,0.7074474072113773,4669611882.157288,4669.611882157287,0.7903369267442274,0.07887714804141319
S_Q1,27,B,SRI6,903,0.0,912.4872297540063,-0.005528714243216315,0.700354363486307,4855479310.672579,4855.479310672579,0.7889493720425519,0.24815882164585332
S_Q1,27,B,SRI6,905,-1.4806157202680665,389.39419212537507,0.0,0.7,4250437812.6365366,4250.437812636536,0.6810047319173158,0.3517629060376419
S_Q1,27,B,SRI6,907,0.0,1931.1477573379775,-1.8410183048591715,0.7094309924024067,4389415202.145336,4389.4152021453365,0.7784181876400896,0.06133703347920446
S_Q1,27,B,SRI6,908,0.0,533.9136741337283,0.0,0.7000117703540668,4462447015.313308,4462.447015313308,0.7470381043868074,0.31230654285409326
S_Q1,27,B,SRI6,913,-1.8351028248194328,454.98444502307984,0.0,0.7001410564842863,4350560980.413043,4350.560980413043,0.6692283061159142,0.3579179563809727
S_Q1,27,B,SRI6,916,-2.4872226347712867,0.0,-0.667079383868297,0.7090033989039305,1214817725.4952357,1214.8177254952357,0.5998149927064431,0.3692318639484825
S_Q1,27,B,SRI6,918,0.0,340.3681902795606,0.0,0.700072872950158,4166815027.0249357,4166.815027024936,0.7168321058810974,0.33429394812680124
S_Q1,27,B,SRI6,919,-2.6163822241631296,0.0,-0.5296414426124049,0.7094640253173854,1287532977.5564437,1287.5329775564437,0.6078201159853417,0.3692318639484825
S_Q1,27,B,SRI6,920,0.0,756.5192499488168,0.0,0.7,4714268374.111681,4714.268374111681,0.7737574269754867,0.27825808517451167
S_Q1,27,B,SRI6,921,0.0,1726.7243878826307,-1.7089144599490476,0.7000004528534028,4384795986.266576,4384.795986266576,0.7693101362649872,0.07909061799551716
S_Q1,27,B,SRI6,922,0.0,2003.8837441113246,0.0,0.7,5541058239.99112,5541.05823999112,0.8572241790301349,0.05660511616323336
S_Q1,27,B,SRI6,927,-0.5063109920607674,0.0,-1.3141282206144373,0.8175410137086969,513887021.1590116,513.8870211590116,0.5106912868680401,0.3692318639484825
S_Q1,27,B,SRI6,928,0.0,1301.3692540119796,-0.013252285857231094,0.7005861616473833,5143410512.109788,5143.410512109788,0.8201159853417299,0.15469456007400292
S_Q1,27,B,SRI6,934,0.0,590.4544100689131,-0.002218111418704094,0.7,4532341470.610851,4532.3414706108515,0.7542960828263422,0.3043369979008788
S_Q1,27,B,SRI6,938,0.0,1360.2654610202335,0.0,0.7,5188751508.156421,5188.751508156421,0.824812324332017,0.14099690468566548
S_Q1,27,B,SRI6,943,0.0,0.0,0.0,0.7097649561017162,1495804154.335762,1495.804154335762,0.6362116198811685,0.3692318639484825
S_Q1,27,B,SRI6,945,0.0,1989.8777401753152,-1.9953734615709158,0.7503921209265866,4281250595.6791816,4281.250595679182,0.7743978368377986,0.057636887608069155
S_Q1,27,B,SRI6,946,-0.00010480461347177816,2097.6937171056793,-2.231557407264917,0.7,4277257901.3429136,4277.257901342914,0.7778845127548298,0.05311844024620203
S_Q1,27,B,SRI6,947,-0.0002465096080485306,216.93717502948556,0.0,0.7,3902140372.4409146,3902.1403724409147,0.69164265129683,0.34578574732273093
S_Q1,27,B,SRI6,948,0.0,82.52863110659348,0.0,0.7,3421011682.0405865,3421.0116820405865,0.6630376774468995,0.36019496922474825
S_Q1,27,B,SRI6,949,0.0,890.5816216298415,-0.005528714243216315,0.700354363486307,4836382439.176957,4836.382439176957,0.7870637207812999,0.2529263172875085
S_Q1,27,B,SRI6,950,0.0,2058.5066584279316,-3.1434848017859003,0.7,4051910144.128262,4051.910144128262,0.764649375600384,0.054399259970825786
S_Q1,27,B,SRI6,951,0.0,2057.769293825237,-1.9659220036074394,0.7319611231789424,4349298245.401243,4349.298245401244,0.7802682605756575,0.054434838296509774
S_Q1,27,B,SRI6,952,-1.035442326402877,0.0,0.0,0.7029913871682608,1530710421.8408558,1530.7104218408558,0.6413348987796635,0.3692318639484825
S_Q1,27,B,SRI6,954,-0.020728756102612444,150.88197777412933,0.0,0.7,3708275764.949575,3708.2757649495748,0.6775536343259686,0.3528658341338457
S_Q1,27,B,SRI6,956,-0.004487760184374684,377.6645585253499,-0.0005554333930711947,0.7,4232201656.252764,4232.201656252764,0.72291599957306,0.3298822357419859
S_Q1,27,B,SRI6,957,-3.983730359449236,0.0,-1.1046142336908966,0.9607357203661822,129397992.58980788,129.39799258980787,0.4657558615291564,0.3692318639484825
S_Q1,27,B,SRI6,959,-1.683735590820139,0.0,-0.9719511673254777,0.9242248987947784,272037247.3432946,272.0372473432946,0.48133916817874545,0.3692318639484825
S_Q1,27,B,SRI6,960,-0.004901325136409479,1458.8160636506082,0.0,0.7,5249981818.980195,5249.981818980195,0.8307894830469278,0.12139324723378515
S_Q1,27,B,SRI6,962,-0.1908426938634884,0.0,-1.136849072773836,0.7365862454474013,850249419.0524895,850.2494190524895,0.5553776639271356,0.3692318639484825
S_Q1,27,B,SRI6,963,-2.671429626890992,0.0,-0.17712758995204347,0.723137560964237,1374505024.5636275,1374.5050245636276,0.6212687230938913,0.3692318639484825
S_Q1,27,B,SRI6,968,-0.16170327938435358,0.0,-0.6887566871581747,0.7001794069422724,1240842378.9025612,1240.8423789025612,0.6031949336464227,0.3692318639484825
S_Q1,27,B,SRI6,969,0.0,61.30524994583692,0.0,0.7,3293851184.8403745,3293.8511848403746,0.658839435016188,0.36243640374283986
S_Q1,27,B,SRI6,970,0.0,872.9773257350543,-4.951641850574291e-06,0.7000725229299626,4823569615.795525,4823.569615795524,0.7860675276621484,0.2566620414843278
S_Q1,27,B,SRI6,971,-2.9909699370597886,0.0,-1.100737692771428,0.7693329767972311,761769245.9304286,761.7692459304286,0.5440993346853097,0.3692318639484825
S_Q1,27,B,SRI6,974,0.0,1619.7679567431976,0.0,0.7,5343551439.929378,5343.551439929378,0.84025331767887,0.09236133347564664
S_Q1,27,B,SRI6,976,0.0,252.73231279584155,0.0,0.7,3988862541.797094,3988.862541797094,0.6987227381079447,0.3425836980111715
S_Q1,27,B,SRI6,977,-4.443412220445737e-06,1783.4177483235976,-0.6291008144443517,0.7862656807183419,4789781701.077956,4789.781701077956,0.802718184082257,0.074465435656598
S_Q1,27,B,SRI6,978,-0.477823638468474,296.85804312098486,0.0,0.7,4083220645.344912,4083.220645344912,0.7000035578325684,0.34251254135980364
S_Q1,27,B,SRI6,980,0.0,1787.6685168519464,-0.7294466217963577,0.8095384202221265,4656925697.534014,4656.925697534014,0.7940014942896786,0.07403849574839007
S_Q1,27,B,SRI6,984,-4.0,0.0,0.0,0.97284994032246,140046956.61598766,140.04695661598765,0.4673213078592522,0.3692318639484825
S_Q1,27,B,SRI6,985,-6.777454117719139e-05,1953.749613644648,-1.5605629310622704,0.7,4607838549.18235,4607.83854918235,0.7916177464688511,0.05984274380047672
S_Q1,27,B,SRI6,987,-1.440434164567181,0.0,-0.43589014255080016,0.9287526429063337,327161002.71996844,327.16100271996845,0.48667591703134444,0.3692318639484825
S_Q1,27,B,SRI6,990,-2.6282125610881807e-05,2083.4064775430834,-0.0013189486121101268,0.7005163805151643,5575177069.770507,5575.177069770507,0.8601060234105382,0.05358095848009393
S_Q1,27,B,SRI6,991,0.0,356.85044467208775,-0.005855205770165582,0.7,4194923782.3719573,4194.923782371958,0.7193581670046607,0.3325861884939695
S_Q1,27,B,SRI6,994,-0.0021505582353049772,1145.7086987247171,-0.0023408470086276733,0.7008503476246652,5037533710.979297,5037.533710979296,0.8088376560999038,0.19354609172092363
S_Q1,27,B,SRI6,995,0.0,532.4600793929563,0.0,0.7,4460619623.831807,4460.619623831807,0.7468246344327035,0.3126267477852492
S_Q1,27,B,SRI6,996,-0.0067058203287978305,433.8211968555149,-0.0035921278656105005,0.7,4321074894.32966,4321.07489432966,0.7328779307645784,0.32411854698117915
S_Q1,27,B,SRI6,998,0.0,1863.564641381214,-1.4497304678842617,0.7028465313859652,4651019042.173003,4651.019042173003,0.7923293129825313,0.06674493898317145
S_Q1,27,B,SRI6,999,-2.7959777430621857,0.0,-1.1046142336908966,0.83077401126662,557250372.3084435,557.2503723084435,0.516134770697691,0.3692318639484825
S_Q1,27,B,SRI6,1000,-0.004901325136409479,1933.7264436925016,0.0,0.7000012473353423,5507224034.689837,5507.224034689837,0.8543067563240475,0.06158608175899242
S_Q1,27,B,SRI6,1001,0.0,1983.499866613834,-1.2087151202057238,0.7841808455112247,4644012822.968871,4644.012822968871,0.7981285800690222,0.057921514213541116
S_Q1,27,B,SRI6,1002,-3.1055156698230455,0.0,-0.010523105186451776,0.712355901518527,1479059667.2497041,1479.059667249704,0.6340413420144448,0.3692318639484825
S_Q1,27,B,SRI6,1003,0.0,1787.6685168519464,-0.7443941658960946,0.7858826347312784,4746812193.78716,4746.81219378716,0.7989824598854376,0.07403849574839007
S_Q1,27,B,SRI6,1007,0.0,199.5412265711551,0.0,0.7,3856039189.765403,3856.0391897654026,0.6880136620770626,0.3474579286298787
S_Q1,27,B,SRI6,1009,-1.118415080012485,356.3216565590658,-2.5402588054473062e-05,0.7,4194726944.764237,4194.726944764237,0.692247482833458,0.3468530970932508
S_Q1,27,B,SRI6,1010,-2.7084959169477063,0.0,-0.0008503322178645325,0.7373424560810514,1353313720.7331767,1353.3137207331768,0.61742626392002,0.3692318639484825
S_Q1,27,B,SRI6,1012,-0.4196449265965707,77.05659242035495,-0.0024679678175867866,0.700021863310672,3389701155.3826866,3389.7011553826865,0.6605471946490198,0.3616892589034759
S_Q1,27,B,SRI6,1014,-0.0007245954644924268,2015.0093868458025,-1.8637862691946891,0.7,4433809177.586322,4433.809177586322,0.7841818764008964,0.056142597929341446
S_Q1,27,B,SRI6,1015,-1.7899024143975573,322.48992506994443,0.0,0.7,4132377603.034733,4132.377603034733,0.664567545451311,0.35966129433948835
S_Q1,27,B,SRI6,1016,-1.4204334186251857,0.0,-1.124097127955967,0.818212232042582,590715940.4652296,590.7159404652297,0.5207955313622941,0.3692318639484825
S_Q1,27,B,SRI6,1017,-2.334204491667987,0.0,-0.7889047607857591,0.8881897478673016,442003590.552332,442.00359055233196,0.5005514640481019,0.3692318639484825
S_Q1,27,B,SRI6,1019,-2.375430427623926e-06,1807.2975105616022,0.0,0.7000132692243181,5443935260.7607565,5443.935260760756,0.8489700074714485,0.0718326395559825
S_Q1,27,B,SRI6,1020,0.0,2051.6885514841597,-1.2452460635217077,0.7943311381810643,4626916221.817109,4626.9162218171095,0.7986978332799658,0.054541573273561746
S_Q1,27,B,SRI6,1021,-0.01143767943319926,0.0,-0.030508146655242707,0.7056911116294482,1506466011.2141607,1506.4660112141607,0.638417476073576,0.3692318639484825
S_Q1,27,B,SRI6,1022,-0.012812839243658603,15.04552862408434,0.0,0.7,2800404257.2635946,2800.4042572635944,0.6475611057743622,0.3674885259899669
S_Q1,27,B,SRI6,1023,-2.0331070085007097,0.0,0.0,0.7312563449584775,1385052469.9785058,1385.0524699785058,0.6221226029103071,0.3692318639484825
S_Q1,27,B,SRI6,1024,0.0,1164.870475571287,0.0,0.7,5056738757.473746,5056.738757473746,0.8104386807556835,0.18888533105632044
S_Q1,27,B,SRI6,1025,0.0,916.9906195088074,0.0,0.7,4862536009.884246,4862.536009884246,0.7897320952075996,0.24712705020101747
S_Q1,27,B,SRI6,1026,-0.00020863810518407817,447.9731860823124,-0.0008239683966663035,0.7,4343155189.20283,4343.15518920283,0.7354395702138256,0.32244636567403145
S_Q1,27,B,SRI6,1027,0.0,759.4252764103235,0.0,0.7,4717161412.065456,4717.161412065457,0.7738997402782227,0.27783114526630376
S_Q1,27,B,SRI6,1029,-0.3545536368444029,123.56244585726085,-0.0004860934317237322,0.7,3608127595.901493,3608.127595901493,0.6698331376525422,0.3570996548902409
S_Q1,27,B,SRI6,1031,-0.1941067112929667,0.0,-0.9957784775102569,0.7373894614086868,926316130.3295243,926.3161303295243,0.5646280286049739,0.3692318639484825
S_Q1,27,B,SRI6,1033,0.0,1871.7922723450142,-0.0036803311117229744,0.9043590045271468,4417414851.021412,4417.414851021412,0.7835414665385846,0.0659266374924396
S_Q1,27,B,SRI6,1034,-1.6709841955950626,387.29902985060073,-0.00010420926639685907,0.7000010051028843,4246659633.6834135,4246.659633683414,0.6715053189596897,0.35663713665634905
S_Q1,27,B,SRI6,1035,-0.005965584184669415,550.3916254617254,0.0,0.7,4483668648.708769,4483.668648708769,0.749528587184687,0.31027857829010563
S_Q1,27,B,SRI6,1036,-0.002795315367416249,2012.2258472070932,0.0,0.7000012055916297,5545044444.98675,5545.04444498675,0.8575088056356068,0.056213754580709444
S_Q1,27,B,SRI6,1038,0.0,1505.4946723139667,-0.0008162850754203019,0.700000712641742,5277563287.402295,5277.563287402295,0.8337424840786992,0.11178709929910698
S_Q1,27,B,SRI6,1040,-0.007272159037059437,1391.6923039453939,0.0,0.7,5208691650.480177,5208.691650480177,0.8264133489877968,0.13551784253033053
S_Q1,27,B,SRI6,1041,-1.6668039260899343,0.0,-0.8274876353098406,0.7158637698078211,1102456598.232745,1102.456598232745,0.5865086989006296,0.3692318639484825
S_Q1,27,B,SRI6,1042,0.0,900.4668831058441,-5.042833806362737e-06,0.7001196879798876,4847603119.316194,4847.603119316193,0.788095492226136,0.2508271960721528
S_Q1,27,B,SRI6,1043,-4.0,0.0,-1.117350623334073,0.9487008137291871,167532376.42746124,167.53237642746123,0.4700252606112356,0.3692318639484825
S_Q1,27,B,SRI6,1044,0.0,2100.0,-2.04927690090118,0.7344244244692896,4325445786.080383,4325.445786080383,0.7809442487636532,0.05294054861778205
S_Q1,27,B,SRI6,1045,0.0,1926.501535631823,-2.205301762610017,0.7133626019673974,4195997258.9446344,4195.997258944634,0.7662859785818479,0.06162166008467641
S_Q1,27,B,SRI6,1046,0.0,2041.6826381838566,-2.1665172979971725,0.7157530124537971,4264011027.5884275,4264.011027588427,0.7747891984203222,0.05493293485608568
S_Q1,27,B,SRI6,1048,-1.6796039744986073,0.0,-0.04465169721841519,0.7210947034690336,1423581036.4825795,1423.5810364825795,0.6268900985519622,0.3692318639484825
S_Q1,27,B,SRI6,1049,0.0,310.500595053297,0.0,0.7,4110788967.5010962,4110.7889675010965,0.7108905254918704,0.33763831074109657
S_Q1,27,B,SRI6,1050,0.0,1567.7531759049284,-0.0009011062677011222,0.7009426363904374,5308833706.134411,5308.833706134411,0.8373003166470986,0.10097128829117301
S_Q1,27,B,SRI6,1051,-0.0019292668445920359,1971.014091286478,-1.9493466951532457,0.7012408748921773,4356774603.753854,4356.774603753854,0.777315259543886,0.05873981570427293
S_Q1,27,B,SRI6,1053,-0.00020085877521822462,2071.14129350263,-1.972907669370274,0.7013190355157793,4390711425.945851,4390.711425945851,0.7824385384423809,0.053865585085565874
S_Q1,27,B,SRI6,1055,0.0,467.9655747628402,0.0,0.700037540336733,4372507289.729567,4372.507289729567,0.738214679617177,0.3204184011100438
S_Q1,27,B,SRI6,1058,-8.07700896260392e-05,29.247757837599238,-0.002703345741959206,0.7006704456165351,3009139887.436073,3009.139887436073,0.6507631550859216,0.36602981463692325
S_Q1,27,B,SRI6,1059,-3.1313130386345455e-06,211.16319576365925,-0.0003496585920432497,0.7000011949234289,3886776145.59558,3886.77614559558,0.6903618315722063,0.3465684704877788
S_Q1,27,B,SRI6,1061,0.0,490.59470807858213,0.0,0.7,4404553520.996058,4404.553520996058,0.7414523072544208,0.3179990749635323
S_Q1,27,B,SRI6,1063,-2.565712546517455,0.0,-0.7543915207088974,0.7060706541814062,1180075806.339735,1180.075806339735,0.5960081118582559,0.3692318639484825
S_Q1,27,B,SRI6,1064,0.0,661.2890019689894,0.0,0.700001457034915,4614521919.948063,4614.5219199480625,0.7636176041555485,0.2940548617782048
S_Q1,27,B,SRI6,1065,-1.6873171150075574,490.59470807858213,-1.2074988789931803e-06,0.7,4401830926.070506,4401.830926070506,0.6773401643718647,0.35382644892731346
S_Q1,27,B,SRI6,1067,0.0,238.13123327604717,0.0,0.7,3954706976.005343,3954.7069760053428,0.6959832070302772,0.3439356743871634
S_Q1,27,B,SRI6,1068,-2.6824768170366807e-05,574.5228278271936,-0.005394575133647437,0.7,4512402980.275036,4512.402980275036,0.7522681182623545,0.30657843241897037
S_Q1,27,B,SRI6,1069,-0.1198426876496157,0.0,-1.0624613750851428,0.8103095155742717,643188091.6266364,643.1880916266364,0.5280179314761447,0.3692318639484825
S_Q1,27,B,SRI6,1071,0.0,731.1822775088152,0.0,0.7,4688681614.542619,4688.681614542619,0.771302522503291,0.2827409542106949
S_Q1,27,B,SRI6,1072,-0.0028240752854033872,717.4784406021781,-0.0015379564868527756,0.7,4674079569.315607,4674.079569315607,0.7697014978475113,0.2846621837976305
S_Q1,27,B,SRI6,1074,0.0,150.43594890709468,-0.002432465391251948,0.7002552423065248,3704477938.7412777,3704.4779387412777,0.6773401643718647,0.3526879425054258
S_Q1,27,B,SRI6,1075,-0.0027673796344753754,483.6104809753083,0.0,0.7008127148446747,4390626900.823085,4390.626900823085,0.740029174227061,0.31888853310563203
S_Q1,27,B,SRI6,1076,0.0,1761.0141381996252,0.0,0.7,5420015851.351925,5420.0158513519245,0.8469420429074608,0.07656455687195363
S_Q1,27,B,SRI6,1077,-1.8090618769182991,427.7695770672917,-0.002321157636085574,0.7,4309777112.320326,4309.777112320326,0.6693350410929662,0.35759775144981676
S_Q1,27,B,SRI6,1078,-1.5947775611641766,387.29902985060073,-0.00010420926639685907,0.7000010051028843,4246719549.123686,4246.719549123686,0.674956416551037,0.3547870637207813
S_Q1,27,B,SRI6,1080,0.0,1863.564641381214,-0.6775366777269021,0.7028465313859652,5160793404.587294,5160.7934045872935,0.8263421923364288,0.06674493898317145
S_Q1,27,B,SRI6,1081,0.0,1314.140245298422,0.0,0.7000000170308459,5159032036.9049,5159.0320369048995,0.8216814316718256,0.15202618564770345
S_Q1,27,B,SRI6,1083,-0.0011539349974411628,1885.415257215367,-2.006910427009433,0.7,4285822698.3616185,4285.822698361619,0.7690255096595154,0.06475255274486784
S_Q1,27,B,SRI6,1086,0.0,286.74680229433505,0.0,0.7,4062941261.7818685,4062.9412617818684,0.7059807165474792,0.3398797452591881
S_Q1,27,B,SRI6,1093,0.0,2034.2603294744365,-3.2565266874306364,0.8046951490177109,4021007388.1509857,4021.0073881509857,0.7621233144768207,0.055217561461557624
S_Q1,27,B,SRI6,1094,-0.5908975997230281,95.05948831269023,0.0,0.7,3484557703.8857813,3484.5577038857814,0.6628953641441633,0.3606930657843241
S_Q1,27,B,SRI6,1095,-0.0011684880220612674,1867.781600128204,-2.015754778554495,0.7,4272539067.8278317,4272.539067827832,0.7676023766321557,0.06635357740064751
S_Q1,27,B,SRI6,1096,-8.074617926729737e-06,50.99271330733046,0.0,0.7000125964787363,3219387396.178781,3219.387396178781,0.6566335788237804,0.3637172234674636
S_Q1,27,B,SRI6,1097,-0.0015826542200874094,1104.7766867877112,0.0,0.7000109120677706,5012704921.4421625,5012.704921442162,0.8058490767424485,0.20258298644465786
S_Q1,27,B,SRI6,1100,0.0,337.56742065369536,-1.3117887029690141e-05,0.7000267249056706,4161918819.9546285,4161.918819954629,0.7162628526701534,0.33457857473227315
S_Q1,27,B,SRI6,1101,-1.6668039260899343,0.0,-1.0793599231814017,0.7350694740205986,889310934.1912119,889.3109341912119,0.5604653644999467,0.3692318639484825
S_Q1,27,B,SRI6,1102,-0.004649842068630771,1927.705877498318,-0.5501371362596137,0.7855840646861083,4895520039.349112,4895.520039349111,0.8136407300672431,0.06204859999288433
S_Q1,27,B,SRI6,1103,0.0,191.14143968867916,-1.835286076203764e-08,0.7000015962280378,3832648063.6258574,3832.6480636258575,0.686412637421283,0.3483473867719785
S_Q1,27,B,SRI6,1104,-2.2680673159310385,0.0,-0.1687340494096033,0.7016829077347586,1482880765.3722186,1482.8807653722185,0.6350019568079126,0.3692318639484825
S_Q1,27,B,SRI6,1107,0.0,400.2925009748884,0.0,0.7000700303388367,4269554084.83407,4269.554084834071,0.7272209769808234,0.3273561746184224
S_Q1,27,B,SRI6,1109,0.0,1455.2057484143115,-0.04721655751375031,0.7,5231603089.219678,5231.603089219678,0.829330771693884,0.12142882555946916
S_Q1,27,B,SRI6,1110,-2.6422456704821844,0.0,-0.6051251545299241,0.7015322886126278,1283203751.0626013,1283.2037510626014,0.60664603123777,0.3692318639484825
S_Q1,27,B,SRI6,1111,0.0,1856.6622614114985,-0.7093466196538887,0.8018675526693269,4731428894.750327,4731.428894750327,0.8002277012843777,0.06738534884548332
S_Q1,27,B,SRI6,1114,-0.00044797736590344774,1658.4219054839205,0.0,0.7000012135896537,5364932532.4131775,5364.932532413178,0.8428149571281175,0.08684669299462767
S_Q1,27,B,SRI6,1115,-0.0034184670635989192,0.0,-0.5657791383847153,0.7000543752500691,1309829675.8417675,1309.8296758417675,0.6103105987832215,0.3692318639484825
S_Q1,27,B,SRI6,1120,0.0,977.8308430744814,0.0,0.700037540336733,4913430032.396333,4913.4300323963325,0.7947486391290426,0.2332515031842601
S_Q1,27,B,SRI6,1121,-0.7736554398408249,335.8094220629589,-0.0026592371148302296,0.7,4157118274.204826,4157.118274204826,0.6989006297363647,0.3429039029423275
S_Q1,27,B,SRI6,1123,-0.002594532415903029,993.8419864212447,-5.2415758557847495e-05,0.7000001535039595,4926602895.886896,4926.6028958868965,0.7963496637848224,0.22962251396449285
S_Q1,27,B,SRI6,1125,-1.6668039260899343,0.0,-1.108761553038201,0.7350694740205986,870103754.7131808,870.1037547131808,0.5581171950048031,0.3692318639484825
S_Q1,27,B,SRI6,1126,-0.0019292668445920359,2001.1286049013252,-1.9495903879651852,0.7012408748921773,4370677255.714334,4370.677255714333,0.7792720674565055,0.056783007791653316
S_Q1,27,B,SRI6,1127,0.0,1045.8206913883942,-0.005376680158405145,0.7,4966479675.288109,4966.479675288108,0.8006902195182696,0.21556907531931543
S_Q1,27,B,SRI6,1128,-0.5777185715846898,191.82093727112488,0.0,0.7,3834297790.528415,3834.297790528415,0.6801152737752163,0.351264809478066
S_Q1,27,B,SRI6,1129,-3.5626098391332e-05,783.4887999769973,0.0,0.7007942506124479,4736656995.927312,4736.656995927312,0.776070018144946,0.2735261678585406
S_Q1,27,B,SRI6,1130,-2.551576758148035,0.0,-0.8488106823918602,0.7000158318251857,1150360415.4786744,1150.3604154786744,0.5921300743587006,0.3692318639484825
S_Q1,27,B,SRI6,1132,-0.05444078351836468,0.0,-0.00466229331222039,0.7023433324106815,1532728295.039337,1532.728295039337,0.6416195253851354,0.3692318639484825
S_Q1,27,B,SRI6,1136,-0.07704933320536955,166.6181700270846,0.0,0.7,3759576014.7522564,3759.5760147522565,0.6801152737752161,0.351335966129434
S_Q1,27,B,SRI6,1137,0.0,1830.440371435674,-1.5397225502641003,0.7028076614591261,4557318928.234464,4557.318928234464,0.7845732379834205,0.06941331340947096
S_Q1,27,B,SRI6,1138,0.0,823.9251607813364,-0.0018453452056629276,0.7002237164893449,4777511073.492133,4777.511073492133,0.7803038389013411,0.26594798448785
S_Q1,27,B,SRI6,1139,-0.0019292668445920359,1944.3361149588784,-1.9829202784496598,0.7000060921741766,4325625990.584056,4325.625990584056,0.7746824634432701,0.060411997011420616
S_Q1,27,B,SRI6,1142,-1.2987078629193329e-05,1253.230498786892,0.0,0.7,5118402702.313254,5118.402702313254,0.8175899242181663,0.1664709858754047
S_Q1,27,B,SRI6,1149,0.0,1983.499866613834,-1.2328836078369467,0.7908180328585741,4611093961.764108,4611.093961764108,0.7958159888995625,0.057921514213541116
S_Q1,27,B,SRI6,1152,-7.928012593082755e-06,1198.2502626618918,0.0,0.7000048294838497,5080434702.051022,5080.434702051021,0.8128224285765112,0.18009748461237418
S_Q1,27,B,SRI6,1155,-0.35701898783634145,97.68959415760632,-0.004705450822979903,0.7,3495817269.333819,3495.817269333819,0.6651012203365709,0.3594478243853845
S_Q1,27,B,SRI6,1159,0.0,514.2904448178958,-0.0057448465834576724,0.7000267249056706,4434980550.174116,4434.980550174116,0.7441918383320882,0.3148326039776568
S_Q1,27,B,SRI6,1160,0.0,271.57584809905325,0.0,0.7000015494001911,4030769083.375445,4030.769083375445,0.7030988721670759,0.3409115167040238
S_Q1,27,B,SRI6,1162,-0.00013460410766022706,417.32107636544777,0.0,0.7,4296954784.967515,4296.954784967515,0.7302807129896466,0.3256839933112748
S_Q1,27,B,SRI6,1163,0.0,118.13654094388039,0.0,0.7,3586826105.70619,3586.82610570619,0.670580282491906,0.35677944995908495
S_Q1,27,B,SRI6,1166,0.0,386.61873303042233,0.0,0.7002380469831068,4246315750.5844755,4246.315750584476,0.7244814459031557,0.32906393425125413
S_Q1,27,B,SRI6,1167,-3.9327066764704517,0.0,-1.0334317233515158,0.705654447940422,1016062593.6067019,1016.0625936067019,0.5769381292916355,0.3692318639484825
S_Q1,27,B,SRI6,1168,0.0,1227.7712604405913,0.0,0.7,5100947283.889832,5100.947283889832,0.8156331163055468,0.1729462411498915
S_Q1,27,B,SRI6,1169,-0.0017479588323808387,110.63704156291,-0.005413439612229757,0.7,3554107491.6923647,3554.107491692365,0.6691215711388623,0.35734870317002887
S_Q1,27,B,SRI6,1171,-1.1364678064715848e-05,592.269305359744,-7.521423441553486e-07,0.7009135356563092,4530518469.368823,4530.518469368823,0.754153769523606,0.3040167929697229
S_Q1,27,B,SRI6,1172,0.0,373.75488383061565,-0.005446128223461244,0.7,4224622491.5107403,4224.6224915107405,0.7223111680364324,0.33006012737040596
S_Q1,27,B,SRI6,1173,0.0,2100.0,-1.7921503725537085,0.7,4517890951.251854,4517.890951251854,0.7914754331661152,0.05294054861778205
S_Q1,27,B,SRI6,1175,-2.5000782098467746e-05,804.0747734717153,-0.00533162001570404,0.7000011949234289,4759149803.606118,4759.149803606118,0.7784181876400896,0.2695058170562494
S_Q1,27,B,SRI6,1177,0.0,1078.5890707044532,0.0,0.7011032032342879,4987328638.670234,4987.328638670234,0.802824919059309,0.20845341018251687
S_Q1,27,B,SRI6,1179,0.0,39.69430768215727,0.0,0.7,3123331557.8353543,3123.3315578353545,0.653609421140641,0.3650336215177714
S_Q1,27,B,SRI6,1180,0.0,173.3083573168832,-0.0008162850754203019,0.7000007262876163,3779864674.2293797,3779.8646742293795,0.6823211299676236,0.35033977301028224
S_Q1,27,B,SRI6,1181,0.0,2009.8052386462634,-2.051208426722141,0.8078124071693722,4201474463.284304,4201.474463284304,0.7716938840858151,0.05635606788344541
S_Q1,27,B,SRI6,1182,-0.012487680064271839,72.31295677598584,0.0,0.7,3363371252.457183,3363.371252457183,0.6612587611626997,0.361475788949372
S_Q1,27,B,SRI6,1184,-0.0011985250082006491,2052.6855842039013,-2.0518789715567163,0.7336410930437738,4303529634.304162,4303.529634304162,0.7775998861493579,0.05450599494787776
S_Q1,27,B,SRI6,1185,-3.5626098391332e-05,86.63835191783045,0.0,0.7007942506124479,3438558412.497465,3438.5584124974653,0.6633223040523712,0.3598391859679083
S_Q1,27,B,SRI6,1186,-0.0039098732503618505,784.6402135620297,-0.0015034664755671162,0.7000072544059951,4741343737.488982,4741.343737488982,0.776319066424734,0.2735617461842246
S_Q1,27,B,SRI6,1188,-0.3934958037476477,0.4623163371816003,-0.0002667258503757379,0.7000016233021688,2096954235.7666912,2096.954235766691,0.643789803251859,0.36919628562279855
S_Q1,27,B,SRI6,1193,-0.001137876967785001,137.93323659128544,-0.005241803654985419,0.7,3661561906.4374857,3661.5619064374855,0.6753477781335611,0.35428896716120545
S_Q1,27,B,SRI6,1196,-0.005745779639727645,857.6607197554965,-0.0071117133178626515,0.7006722401701612,4804038013.764724,4804.0380137647235,0.7837193581670044,0.2596150425160992
S_Q1,27,B,SRI6,1197,0.0,1367.7113179998448,-0.022142353721392227,0.700220080367206,5185834221.861873,5185.834221861873,0.8245988543779131,0.13911125342441386
S_Q1,27,B,SRI6,1198,-0.005532883108950504,106.2082035051535,0.0,0.7,3536145708.6058726,3536.1457086058726,0.6684811612765503,0.35798911303234066
S_Q1,27,B,SRI6,1200,0.0,534.4129481673119,0.0,0.7,4463154793.141845,4463.1547931418445,0.7471092610381754,0.31227096452840925
S_Q1,27,B,SRI6,1201,-0.004802717331654787,1959.3600759886579,-2.503086221987169,0.7036903464104302,4119929078.3199015,4119.929078319901,0.7650407371829081,0.059985057103212704
S_Q1,27,B,SRI6,1202,0.0,224.51083106559489,0.0,0.7,3921367160.883004,3921.367160883004,0.6932080976269256,0.34510975913473513
S_Q1,27,B,SRI6,1203,0.0,2100.0,0.0,0.7588613271850304,5281076024.326685,5281.076024326685,0.8437399935959013,0.05294054861778205
S_Q1,27,B,SRI6,1204,0.0,610.0233152764904,0.0,0.7,4556286186.250361,4556.286186250361,0.7570356139040096,0.3015618884975273
S_Q1,27,B,SRI6,1205,-1.4463953022753915,0.0,-0.45860864465110684,0.7032502183474505,1351333820.0056698,1351.3338200056698,0.6162521791724481,0.3692318639484825
S_Q1,27,B,SRI6,1206,-1.4463953022753915,0.0,-0.970408465007881,0.8229005955212984,635996825.0475025,635.9968250475025,0.5251360870957412,0.3692318639484825
S_Q1,27,B,SRI6,1207,-0.0036662682573619936,1513.2527468412684,-0.47782577212849286,0.7029057984837942,5076531526.779159,5076.531526779158,0.8161312128651226,0.11068417120290318
S_Q1,27,B,SRI6,1208,0.0,0.0,0.0,0.7144453661114486,1471684573.441512,1471.6845734415122,0.633116305546661,0.3692318639484825
S_Q1,27,B,SRI6,1210,0.0,1072.845554281159,0.0,0.7,4988672946.4088335,4988.672946408834,0.8028604973849931,0.20994769986124454
S_Q1,27,B,SRI6,1211,0.0,1893.9750952601958,-1.20871227449009,0.8704178004689556,4333743278.626654,4333.743278626654,0.7760344398192621,0.06407656455687195
S_Q1,27,B,SRI6,1213,0.0,800.8970705328735,0.0,0.7098702825393408,4706358860.74105,4706.35886074105,0.7734016437186467,0.27032411854698113
S_Q1,27,B,SRI6,1216,0.0,253.101450613025,0.0,0.7,3989705647.5041146,3989.7056475041145,0.6987938947593126,0.3425836980111715
S_Q1,27,B,SRI6,1217,0.0,1927.8644590730173,-1.2010812967086868,0.8407821998327929,4444583660.89598,4444.58366089598,0.7842886113779485,0.06155050343330842
S_Q1,27,B,SRI6,1221,-0.5643309164041551,0.0,-0.35831248638098157,0.9579506178450521,198258306.04638514,198.25830604638514,0.47208880350090726,0.3692318639484825
S_Q1,27,B,SRI6,1222,0.0,1682.815734857011,-0.5882711767388782,0.723109590873906,5027477222.77292,5027.47722277292,0.8163091044935427,0.0839292702885402
S_Q1,27,B,SRI6,1223,0.0,60.9166591030075,0.0,0.7,3291228195.718377,3291.2281957183773,0.6587682783648202,0.36243640374283986
S_Q1,27,B,SRI6,1224,0.0,1999.9825481990417,-0.7154228083259202,0.8382800726802264,4649421646.697716,4649.421646697716,0.7996940263991176,0.05685416444302133
S_Q1,27,B,SRI6,1225,0.0,311.4809779521572,0.0,0.7,4112703816.4053864,4112.7038164053865,0.7111039954459746,0.3374604191126766
S_Q1,27,B,SRI6,1226,-0.0001510758225502797,1137.1574854970556,0.0,0.7,5036684974.210219,5036.6849742102195,0.808339559540328,0.19536058633080725
S_Q1,27,B,SRI6,1227,0.0,1976.5910398575688,-1.1065746358343467,0.8993244746942167,4305989022.802991,4305.989022802991,0.7776354644750417,0.058455189098801
S_Q1,27,B,SRI6,1228,-0.0002810287848948969,71.35635432416007,-1.528181801257306e-05,0.7000016727282914,3357666049.382984,3357.666049382984,0.6609741345572276,0.361404632298004
S_Q1,27,B,SRI6,1230,0.0,897.720420189804,0.0,0.7,4845833322.934216,4845.833322934215,0.7879531789233999,0.2512897143060448
S_Q1,27,B,SRI6,1231,-2.0220363565242403,0.0,-0.953073040642471,0.7902065481840573,761254094.8284618,761.2540948284618,0.542818514960686,0.3692318639484825
S_Q1,27,B,SRI6,1233,-0.7405990231920838,344.89823748328786,0.0,0.700284360677156,4173184579.4020467,4173.184579402046,0.7012843775571923,0.34183655317180767
S_Q1,27,B,SRI6,1234,0.0,2051.665722910533,-1.3948199220415896,0.7684207116645809,4616242222.54082,4616.24222254082,0.7981997367203897,0.054541573273561746
S_Q1,27,B,SRI6,1235,0.0,2031.490888139268,-1.957889324960019,0.7501555910645344,4316912850.237245,4316.912850237245,0.7779556694061979,0.055324296438609616
S_Q1,27,B,SRI6,1236,0.0,430.9824962262896,0.0,0.7,4318067359.372781,4318.067359372781,0.7328067741132103,0.324011812004127
S_Q1,27,B,SRI6,1237,0.0,947.2206311455204,0.0,0.7,4888233169.159221,4888.233169159221,0.792364891308215,0.2409008432063187
S_Q1,27,B,SRI6,1238,-0.000789385376721794,1709.032478169633,-1.3727216991789946,0.7015193894727327,4636485171.301426,4636.485171301426,0.7875262390151918,0.08126089586224071
S_Q1,27,B,SRI6,1239,-1.4463953022753915,0.0,-0.6496917757025716,0.7032502183474505,1250006542.342606,1250.006542342606,0.6036218735546306,0.3692318639484825
S_Q1,27,B,SRI6,1240,0.0,1966.6685367730931,-1.0853577417929812,0.8453521491911365,4487635878.684429,4487.635878684429,0.7880599139004519,0.05902444230974488
S_Q1,27,B,SRI6,1241,0.0,2098.822852658671,-1.38800250347738,0.8660518732048051,4384323726.420876,4384.323726420876,0.7864944675703562,0.053011705269150056
S_Q1,27,B,SRI6,1244,-1.8670563547111017,481.41479419426673,0.0,0.7,4388957015.893862,4388.957015893861,0.6696552460241221,0.3575265947984488
S_Q1,27,B,SRI6,1245,-0.32961717958504605,0.0,-1.3618362266401305,0.7994353872611404,541324668.3056864,541.3246683056864,0.5153520475326432,0.3692318639484825
S_Q1,27,B,SRI6,1246,-0.0009605160802377463,385.32663233054177,0.0,0.7001689785774805,4244535070.2297554,4244.535070229756,0.7242323976233678,0.32917066922830607
S_Q1,27,B,SRI6,1247,-0.7961228920996615,279.16284007480897,0.0,0.7,4046411614.447971,4046.411614447971,0.6905397232006261,0.3472800370014588
S_Q1,27,B,SRI6,1248,0.0,0.0,-0.016082706941603894,0.9828068918508494,88440177.96814941,88.44017796814941,0.46258939054328096,0.3692318639484825
S_Q1,27,B,SRI6,1250,-0.7961228920996615,272.0214971561165,0.0,0.7,4031141284.4495296,4031.14128444953,0.6895079517557903,0.34763582025829864
S_Q1,27,B,SRI6,1251,0.0,2064.2673690881043,-2.4394916289228714,0.7,4192061289.163888,4192.061289163888,0.7728323905077029,0.05418579001672182
S_Q1,27,B,SRI6,1252,0.0,1392.5315853031875,0.0,0.7,5209234787.021565,5209.234787021565,0.8269470238730569,0.13441491443412673
S_Q1,27,B,SRI6,1253,-0.004702389645103352,852.3086876894643,-0.00040372345452326444,0.7,4804953727.485725,4804.953727485726,0.7835770448642688,0.26075354893798697
S_Q1,27,B,SRI6,1254,-0.30535722913621915,0.0,0.0,0.7204770067294098,1440601688.9276643,1440.6016889276643,0.6292026897214217,0.3692318639484825
S_Q1,27,B,SRI6,1255,-9.687453520046407e-05,1663.0633231166432,-0.0018060038519236432,0.7005354944421361,5364225758.624189,5364.225758624189,0.8428149571281176,0.0861351264809478
S_Q1,27,B,SRI6,1256,0.0,167.24238053384443,0.0,0.7,3761556207.162684,3761.556207162684,0.6810758885686838,0.35087344789554203
S_Q1,27,B,SRI6,1257,0.0,2080.336706686416,-0.002030293935141456,0.700002802184064,5576420090.655543,5576.420090655543,0.8601416017362223,0.05372327178282991
S_Q1,27,B,SRI6,1258,0.0,1196.7959778605848,0.0,0.7,5079440095.8927,5079.4400958927,0.8126801152737754,0.1804888461948981
S_Q1,27,B,SRI6,1259,0.0,199.14995073641353,0.0,0.7,3854961820.139683,3854.961820139683,0.6878713487743268,0.34749350695556264
S_Q1,27,B,SRI6,1262,0.0,0.0,0.0,0.7030597138066438,1530358313.8250444,1530.3583138250444,0.6412993204539794,0.3692318639484825
S_Q1,27,B,SRI6,1264,-1.1784764327882867e-05,1938.9772441693267,-0.7137031525075356,0.7,5188973696.797064,5188.973696797064,0.8284413135517843,0.06073220194257658
S_Q1,27,B,SRI6,1265,0.0,1464.8519825722294,0.0,0.7,5253655847.499019,5253.655847499019,0.8314298929092396,0.11940086099548156
S_Q1,27,B,SRI6,1266,-0.00019467451052137662,870.9667795086827,-0.0009609510981584675,0.7000244915194223,4821566421.580288,4821.566421580288,0.7858896360337284,0.25705340306685176
S_Q1,27,B,SRI6,1268,0.0,327.2274482831115,-0.001577677211844878,0.7,4142369074.3617153,4142.369074361715,0.7141993097804816,0.33561034617710894
S_Q1,27,B,SRI6,1269,0.0,1827.1623708451102,-1.0110911154001179,0.8118250423003537,4559663615.552478,4559.6636155524775,0.7889137937168679,0.06969794001494291
S_Q1,27,B,SRI6,1270,0.0,0.0,0.0,0.9596142494649361,208254510.15627363,208.25451015627362,0.47308499662005904,0.3692318639484825
S_Q1,27,B,SRI6,1272,0.0,1742.4093610390419,-0.5965654121059425,0.7103139428818951,5109742759.748513,5109.742759748513,0.8230334080478171,0.07784537659657735
S_Q1,27,B,SRI6,1273,0.0,994.641756774575,0.0,0.7,4927316468.930049,4927.316468930049,0.7963852421105064,0.2293734656847049
S_Q1,27,B,SRI6,1274,-0.0009605160802377463,1946.3667671927278,0.0,0.7001689785774805,5512501696.265957,5512.5016962659565,0.8550183228377273,0.060305262034368645
S_Q1,27,B,SRI6,1276,0.0,833.6321985826401,0.0,0.7027497194002583,4773934312.8042965,4773.9343128042965,0.7800192122958692,0.26388444159817837
S_Q1,27,B,SRI6,1277,-0.000789385376721794,744.4555022457683,-0.001590575516938933,0.7015193894727327,4693782287.312069,4693.782287312069,0.771622727434447,0.2803572063898673
S_Q1,27,B,SRI6,1278,0.0,1887.9421655330855,-2.1263348190095503,0.7019364978886881,4221131622.9114695,4221.131622911469,0.7657167253709041,0.06450350446507988
S_Q1,27,B,SRI6,1280,-0.006065203368613383,2011.8767561372506,-1.8975014943837498,0.7378303207856107,4358575902.581196,4358.575902581196,0.7795566940619774,0.05671185114028533
S_Q1,27,B,SRI6,1282,-1.2664840325462819e-05,1862.8293834625297,0.0,0.7,5472207991.173686,5472.207991173686,0.8517451168747999,0.06674493898317145
S_Q1,27,B,SRI6,1283,-0.7019948940990729,315.93009272327305,0.0,0.7,4120732284.9838476,4120.732284983847,0.6984025331767887,0.3431529512221154
S_Q1,27,B,SRI6,1288,-0.20618299899969708,0.0,-0.9820537045149476,0.8027038940115969,703322681.4589623,703.3226814589623,0.5354893798697834,0.3692318639484825
S_Q1,27,B,SRI6,1289,0.0,0.0,0.0,0.7065597386028561,1512321618.1021068,1512.3216181021069,0.6387732593304157,0.3692318639484825
S_Q1,27,B,SRI6,1291,0.0,0.0,0.0,0.7444562291484916,1317029439.1214387,1317.0294391214388,0.6126943466040488,0.3692318639484825
S_Q1,27,B,SRI6,1293,-0.000789385376721794,1181.4644116632323,-0.001590575516938933,0.7015193894727327,5060253566.152374,5060.253566152374,0.8109367773152597,0.18465151029992521
S_Q1,27,B,SRI6,1295,0.0,0.0,-0.7435870600732946,0.9596142494649361,163092017.0140723,163.0920170140723,0.468495392606824,0.3692318639484825
S_Q1,27,B,SRI6,1296,0.0,1611.5712468772128,0.0,0.7,5338980405.463212,5338.980405463212,0.8399331127477141,0.09349983989753445
S_Q1,27,B,SRI6,1297,0.0,2005.327600311797,0.0,0.7,5541760988.239597,5541.760988239597,0.857330914007187,0.05656953783754937
S_Q1,27,B,SRI6,1298,0.0,0.0,-0.0750427739869437,0.9773175686321562,115128690.68613866,115.12869068613865,0.46507987334116063,0.3692318639484825
S_Q1,27,B,SRI6,1300,-0.019791410359414372,0.0,-1.0327876259183482,0.891917413680795,373382651.84555286,373.38265184555286,0.4933290639342512,0.3692318639484825
S_Q1,27,B,SRI6,1301,-1.7090075878736741,414.8108426025333,0.0,0.7,4290842662.44307,4290.84266244307,0.6728572953356816,0.3565659800049811
S_Q1,27,B,SRI6,1304,0.0,446.4228510176513,0.0,0.7,4341297041.152376,4341.297041152377,0.7352972569110897,0.32255310065108345
S_Q1,27,B,SRI6,1310,0.0,1234.8111527015756,-0.022201735567113124,0.7,5099080343.857262,5099.080343857262,0.8154908030028108,0.17098943323727184
S_Q1,27,B,SRI6,1316,-4.457052055473459e-06,188.72753949195595,0.0,0.700490428827242,3823238685.5401726,3823.2386855401724,0.6852385526737114,0.3484897000747145
S_Q1,27,B,SRI6,1318,0.0,1315.8427249061992,0.0,0.7,5160129074.308284,5160.129074308284,0.8217881666488773,0.15167040239086346
S_Q1,27,B,SRI6,1322,0.0,0.0,-1.005124429744577,0.8393130364706759,563799939.6168374,563.7999396168374,0.516775180560003,0.3692318639484825
S_Q1,27,B,SRI6,1323,-0.005562270765888471,337.3455382958594,0.0,0.7,4161648101.9077177,4161.648101907717,0.7160849610417336,0.3347208880350091
S_Q1,27,B,SRI6,1325,-0.6280510222138957,0.0,-1.14422648913892,0.8230308044854303,568376755.7513533,568.3767557513532,0.5173800120966308,0.3692318639484825
S_Q1,27,B,SRI6,1327,-1.2273315962923938e-05,1876.9290522726933,-0.6296816624250277,0.8166644724139337,4707588443.62387,4707.58844362387,0.8006902195182696,0.06553527590991567
S_Q1,27,B,SRI6,1328,-0.005618980303019532,158.00250688394055,0.0,0.7004843065786037,3729480564.148803,3729.4805641488033,0.6788344540505924,0.35211868929448187
S_Q1,27,B,SRI6,1329,-0.30535722913621915,0.0,0.0,0.7283154910039591,1400207587.7367146,1400.2075877367147,0.6241861457999787,0.3692318639484825
S_Q1,27,B,SRI6,1330,0.0,2094.953998003793,-1.6599307711689777,0.7,4601007119.997121,4601.007119997121,0.7950688440601986,0.05311844024620203
S_Q1,27,B,SRI6,1331,-0.7596112625033878,0.0,-0.00970900481965522,0.9957388907878066,22044737.40376849,22.04473740376849,0.45586508698900635,0.3692318639484825
S_Q1,27,B,SRI6,1332,0.0,1100.7211497649967,0.0,0.7,5009719256.073077,5009.719256073077,0.8056000284626604,0.2032589746326538
S_Q1,27,B,SRI6,1333,-0.014089337440356564,500.9966926657472,-1.0642962652767414e-06,0.7,4418808042.651515,4418.808042651515,0.7423061870708365,0.31696730351869645
S_Q1,27,B,SRI6,1336,0.0,575.0559130371709,0.0,0.7,4514393957.032213,4514.393957032214,0.7524815882164586,0.3065072757676024
S_Q1,27,B,SRI6,1338,0.0,2002.3158070438249,-2.0368742705901877,0.7271329596698495,4293745282.6264796,4293.74528262648,0.7753940299569501,0.05674742946596933
S_Q1,27,B,SRI6,1343,-1.821788542767631,358.8871471536422,0.0,0.7,4198467131.2207727,4198.467131220773,0.6655637385704628,0.35969687266517236
S_Q1,27,B,SRI6,1348,0.0,1280.6391432082764,-0.00013060136255668795,0.7,5136782247.454816,5136.782247454816,0.8196178887821539,0.15956879069271002
S_Q1,27,B,SRI6,1350,-1.4559762623115877,352.8082593729797,0.0,0.7001062814132064,4187567452.5142007,4187.5674525142,0.6788700323762763,0.3532216173906856
S_Q1,27,B,SRI6,1352,-0.0013413219802004808,718.8163354220636,-0.006020664841031191,0.7007720067940693,4669839580.4961815,4669.839580496181,0.7693101362649875,0.28444871384352655
S_Q1,27,B,SRI6,1353,-9.816104299381688e-06,625.0522258070143,-0.0034271851058674044,0.700025022509789,4572333498.067601,4572.333498067601,0.7590991567936813,0.2999964421674316
S_Q1,27,B,SRI6,1355,-0.29369636044370107,0.0,-1.06630278626243,0.7294560511196356,915196150.2330331,915.1961502330331,0.5642722453481339,0.3692318639484825
S_Q1,27,B,SRI6,1356,-0.2534439623455361,0.0,-0.3251812428329602,0.7,1429829472.6351252,1429.829472635125,0.6271035685060661,0.3692318639484825
S_Q1,27,B,SRI6,1357,-1.4463953022753915,0.0,-1.0115328296944723,0.7046691238292057,1031786385.82852,1031.78638582852,0.5786814672501511,0.3692318639484825
S_Q1,27,B,SRI6,1358,-0.008387681329611901,14.84302545313818,-8.7968426045415e-05,0.700133100016223,2795644370.969587,2795.644370969587,0.6474187924716263,0.3675596826413348
S_Q1,27,B,SRI6,1360,0.0,1051.8602255028106,-9.641994647295756e-05,0.7014485313262682,4964953451.89971,4964.95345189971,0.8004767495641656,0.21443056889742765
S_Q1,27,B,SRI6,1361,0.0,2047.8114758678698,-1.9457860542600594,0.7276616594307405,4361789932.192254,4361.789932192254,0.7804105738783934,0.05468388657629771
S_Q1,27,B,SRI6,1362,0.0,1365.22413917397,-0.011009691646525765,0.7,5188340255.281401,5188.3402552814005,0.8247411676806491,0.13960934998398977
S_Q1,27,B,SRI6,1363,0.0,0.802963753179597,0.0,0.7000229632220043,2173947718.4173174,2173.9477184173174,0.643967694880279,0.36919628562279855
S_Q1,27,B,SRI6,1364,0.0,982.0861434625203,0.0,0.7004067389505781,4914992018.753483,4914.992018753483,0.7951400007115665,0.23211299676237232
S_Q1,27,B,SRI6,1365,-0.7128975020518755,95.0307768292331,-0.0036223310399692956,0.7,3483130205.675182,3483.130205675182,0.6616857010709076,0.3612267406695841
S_Q1,27,B,SRI6,1366,-3.0258567173062323,0.0,-0.953073040642471,0.8654194161179615,488385740.39746654,488.3857403974665,0.5074180809051126,0.3692318639484825
S_Q1,27,B,SRI6,1368,-0.0007364696994183817,285.184464495181,0.0,0.7,4059687579.3222847,4059.687579322285,0.7056960899420072,0.3398797452591881
S_Q1,27,B,SRI6,1370,0.0,793.8056171101242,-0.009642413360103212,0.7,4747291446.615323,4747.291446615323,0.7773864161952537,0.27164051659728894
S_Q1,27,B,SRI6,1371,0.0,1957.6833912637965,-0.7154228083259202,0.8382800726802264,4629027122.33422,4629.02712233422,0.7972035436012381,0.05962927384637278
S_Q1,27,B,SRI6,1373,-0.00019467451052137662,686.5422944429113,-4.6398287013040896e-05,0.7000257216168012,4641773644.698219,4641.773644698219,0.766321556907532,0.2897854626961256
S_Q1,27,B,SRI6,1374,-2.084868336115366,0.0,-0.5220453925449327,0.7067335315181795,1304096393.124943,1304.096393124943,0.6098836588750132,0.3692318639484825
S_Q1,27,B,SRI6,1375,-0.0066277338550445675,1872.469674648262,-1.055231637927742,0.7778148928280992,4680936905.915688,4680.936905915688,0.7964208204361901,0.06706514391432739
S_Q1,27,B,SRI6,1376,0.0,1827.1623708451102,-0.5019978907015696,0.8082388767978862,4762734025.452879,4762.734025452879,0.8044259437150889,0.06969794001494291
S_Q1,27,B,SRI6,1378,0.0,133.29939162525343,0.0,0.7000155305191526,3645795590.60388,3645.79559060388,0.6744583199914612,0.35489379869783333
S_Q1,27,B,SRI6,1379,-1.4106511698965358,291.169207461754,0.0,0.7000089132175357,4070890237.1641703,4070.8902371641702,0.6742092717116733,0.3552851602803572
S_Q1,27,B,SRI6,1380,-1.5984689321066214,0.0,-0.9713697268778725,0.7030537735513451,1066170343.2843963,1066.1703432843963,0.5815988899562387,0.3692318639484825
S_Q1,27,B,SRI6,1381,0.0,1793.0108043324035,-1.1637350123402583,0.7000123827567855,4835867335.568333,4835.867335568332,0.8027537624079412,0.07325577258334223
S_Q1,27,B,SRI6,1383,0.0,1481.7059267804943,-0.5309214684789788,0.7,5044437789.0581045,5044.4377890581045,0.8124666453196712,0.11616323335823818
S_Q1,27,B,SRI6,1392,-0.0002810287848948969,142.52548084364253,-1.528181801257306e-05,0.7000015514055835,3679344344.404118,3679.344344404118,0.6764507062297648,0.35368413562457746
S_Q1,27,B,SRI6,1394,0.0,1559.9111634984465,-1.190303718408281e-05,0.7,5309646604.438442,5309.646604438442,0.8372291599957306,0.10182516810758885
S_Q1,27,B,SRI6,1395,0.0,1516.8892189709238,0.0,0.7000004908937364,5284672991.085005,5284.6729910850045,0.8344184722666952,0.10968797808375139
S_Q1,27,B,SRI6,1398,0.0,369.34840735850116,0.0,0.7000244344140621,4218305194.9080787,4218.305194908079,0.7216351798484363,0.3307005372327178
S_Q1,27,B,SRI6,1399,0.0,218.88098163902714,-0.005532015115767117,0.7,3905777689.278306,3905.777689278306,0.6919272779023019,0.34571459067136295
S_Q1,27,B,SRI6,1400,0.0,0.0,-1.0156065518845734,0.749172562774287,875081501.215944,875.0815012159441,0.558757604867115,0.3692318639484825
S_Q1,27,B,SRI6,1401,0.0,590.5666431973973,0.0,0.7,4533199238.862712,4533.199238862712,0.754331661152026,0.3043014195751948
S_Q1,27,B,SRI6,1402,0.0,35.326432868432676,0.0,0.7,3080504011.707669,3080.5040117076687,0.6526132280214894,0.3655317180773473
S_Q1,27,B,SRI6,1403,0.0,1911.464490993675,-1.9379813010489402,0.7209435052872414,4310009684.444741,4310.009684444742,0.7718717757142346,0.06254669655246022
S_Q1,27,B,SRI6,1408,0.0,546.6794457129374,0.0,0.7,4478926583.9955225,4478.926583995522,0.7488525989966911,0.3105987832212616
S_Q1,27,B,SRI6,1409,0.0,1801.2985099632026,0.0,0.7000126055552017,5440843056.48988,5440.84305648988,0.8487565375173445,0.07240189276692639
S_Q1,27,B,SRI6,1414,0.0,2049.1461709838472,-0.6725408045150039,0.8359928196385455,4695181447.1223,4695.181447122301,0.8040345821325651,0.054648308250613724
S_Q1,27,B,SRI6,1416,-0.706143001002546,293.44191362964744,0.0,0.7,4076146053.9698143,4076.146053969814,0.6945956523286013,0.34535880741452324
S_Q1,27,B,SRI6,1421,-0.006084142552185408,2011.8767561372506,-1.8975014943837498,0.7008059153166943,4410526394.729847,4410.526394729847,0.7817269719287011,0.05671185114028533
S_Q1,27,B,SRI6,1423,-7.704460311166299e-06,1897.162163713224,-0.7120377115700482,0.701814929334631,5162465066.771476,5162.465066771476,0.8263777706621127,0.06379193795140002
S_Q1,27,B,SRI6,1424,0.0,1768.7250619115098,-1.2739509777193057,0.7,4746369514.536149,4746.369514536149,0.7958871455509302,0.07578183370690575
S_Q1,27,B,SRI6,1429,-7.773266468007992e-05,1853.5083750476233,-0.7025995519921028,0.8476015710271455,4542704511.944176,4542.7045119441755,0.7882733838545557,0.0674920838225353
S_Q1,27,B,SRI6,1430,-1.4372805663925365,267.2123425240863,0.0,0.7,4020234781.429733,4020.2347814297327,0.6713630056569536,0.35663713665634894
S_Q1,27,B,SRI6,1431,0.0,487.8369012314738,-0.025377400318385743,0.7,4392325732.805151,4392.325732805151,0.7404916924609526,0.31842601487174016
S_Q1,27,B,SRI6,1432,-0.005532883108950504,126.05509868739215,0.0,0.7000120527776921,3618287157.6157246,3618.2871576157245,0.6724303554274735,0.35592557014266907
S_Q1,27,B,SRI6,1433,0.0,86.35052016543473,-0.006479174804084573,0.7,3439054095.408225,3439.054095408225,0.6636069306578434,0.3598747642935923
S_Q1,27,B,SRI6,1434,-0.004754895560006855,354.3143442653353,0.0,0.7,4192211654.0393257,4192.211654039325,0.7190379620735049,0.3329419717508094
S_Q1,27,B,SRI6,1435,-1.7162335305021532,510.7002750209258,-0.005256563980436835,0.7,4427707340.943276,4427.707340943276,0.6776959476287046,0.35357740064752546
S_Q1,27,B,SRI6,1436,0.0,1887.9421655330855,-2.011813503048229,0.7019364978886881,4281874443.2915587,4281.874443291559,0.7688831963567794,0.06450350446507988
S_Q1,27,B,SRI6,1437,-1.3297625716614296e-07,464.7522332672213,-0.0013471517668334765,0.7,4367594468.441066,4367.594468441066,0.7377877397089692,0.32066744938983177
S_Q1,27,B,SRI6,1438,0.0,1430.0328368537498,-0.006972160810317707,0.7,5229881317.323763,5229.881317323763,0.8288326751343084,0.12644536948091226
S_Q1,27,B,SRI6,1440,0.0,24.090096966188085,0.0,0.7,2947856412.7905326,2947.8564127905324,0.6500515885722417,0.36663464617355107
S_Q1,27,B,SRI6,1441,-2.5988896603602445,0.0,-0.8437684232104313,0.8487966385817998,580980247.0590299,580.9802470590299,0.5186964101469385,0.3692318639484825
S_Q1,27,B,SRI6,1442,0.0,2100.0,-0.21797775773215067,0.990576441487133,4078117279.5719724,4078.117279571972,0.7693812929163554,0.05294054861778205
S_Q1,27,B,SRI6,1443,-1.8063397020581968,0.0,0.0,0.7440289360853128,1319231410.6541607,1319.2314106541608,0.6128722382324687,0.3692318639484825
S_Q1,27,B,SRI6,1444,0.0,1858.4068995803611,0.0,0.7,5469968008.610108,5469.968008610108,0.8515316469206959,0.06713630056569536
S_Q1,27,B,SRI6,1445,0.0,328.7814639370445,0.0,0.7,4145773092.2883615,4145.773092288361,0.7146974063400575,0.335432454548689
S_Q1,27,B,SRI6,1446,-1.7070477316423789,316.2988866132654,0.0,0.7,4120600954.9470906,4120.600954947091,0.6669512932721386,0.35923435443128043
S_Q1,27,B,SRI6,1447,-4.0,0.0,-0.6270433887047995,0.7,1277395587.9697814,1277.3955879697814,0.6062190913295621,0.3692318639484825
S_Q1,27,B,SRI6,1450,0.0,870.244685013718,0.0,0.7,4821476192.618592,4821.476192618592,0.7857829010566765,0.25719571636958766
S_Q1,27,B,SRI6,1451,0.0,299.13151762126734,0.0,0.7,4088255783.06177,4088.2557830617698,0.7082577293912548,0.3386345038602484
S_Q1,27,B,SRI6,1453,0.0,309.44301701594236,0.0,0.7,4108718090.109007,4108.718090109007,0.7106058988863985,0.3377806240438325
S_Q1,27,B,SRI6,1454,0.0,169.51117658640845,0.0,0.7,3768612617.3646874,3768.6126173646876,0.6816807201053118,0.35076671291849015
S_Q1,27,B,SRI6,1456,-1.2800268654897873,0.0,-0.9968453584358623,0.8665861977652148,470144771.9036228,470.1447719036228,0.5049631764329171,0.3692318639484825
S_Q1,27,B,SRI6,1457,0.0,1939.00544437091,0.0,0.7003438945559675,5508035384.991471,5508.035384991471,0.8547692745579393,0.06073220194257658
S_Q1,27,B,SRI6,1458,-3.732066709485852,0.0,-0.4465638232525819,0.9958191277216699,19254598.564986132,19.254598564986132,0.45554488205785043,0.3692318639484825
S_Q1,27,B,SRI6,1460,-2.6215339719298822,0.0,-0.9195776056657805,0.82146811275199,660013784.9097911,660.0137849097911,0.5285871846870885,0.3692318639484825
S_Q1,27,B,SRI6,1461,0.0,461.7980238891332,0.0,0.7,4363815897.732674,4363.815897732674,0.7372540648237091,0.32102323264667165
S_Q1,27,B,SRI6,1462,0.0,55.68765385427912,0.0,0.7000101769154978,3254575780.018634,3254.575780018634,0.6576653502686163,0.36304123527946774
S_Q1,27,B,SRI6,1463,0.0,1639.9448421614916,-0.48557940532203925,0.7127383220560283,5100745076.421626,5100.745076421626,0.8210766001351977,0.08923044081545521
S_Q1,27,B,SRI6,1464,-2.0063426182270403,281.40513617259,0.0,0.7,4050369161.566211,4050.369161566211,0.6569893620806205,0.3638951150958835
S_Q1,27,B,SRI6,1465,0.0,2100.0,-0.025091874607524822,0.8943162955002265,4576119613.255913,4576.119613255913,0.8003344362614294,0.05294054861778205
S_Q1,27,B,SRI6,1466,0.0,270.1377567780547,0.0,0.7,4027657129.2079716,4027.6571292079716,0.7028498238872879,0.3410182516810758
S_Q1,27,B,SRI6,1468,0.0,1510.0860846811247,0.0,0.7000352303100044,5280516514.558263,5280.516514558263,0.8339915323584871,0.11093321948269112
S_Q1,27,B,SRI6,1469,-2.605088013490601,0.0,-1.100347816299374,0.8321820964811171,554451486.9972696,554.4514869972696,0.515672252463799,0.3692318639484825
S_Q1,27,B,SRI6,1470,-2.2786585464873395,0.0,-1.0949073167633272,0.8623429788544197,456337888.0781339,456.33788807813386,0.5033265734514534,0.3692318639484825
S_Q1,27,B,SRI6,1471,0.0,183.79387041182167,0.0,0.7,3811537658.290753,3811.537658290753,0.6847760344398194,0.3492368449140784
S_Q1,27,B,SRI6,1474,0.0,1776.424353336242,-0.8458547226945842,0.7619141142085575,4791136435.214744,4791.136435214744,0.8006546411925854,0.07503468886754189
S_Q1,27,B,SRI6,1476,0.0,1910.651579990669,-2.1092978581109314,0.7335273752755401,4207290051.3381324,4207.290051338133,0.7662859785818479,0.06258227487814423
S_Q1,27,B,SRI6,1477,0.0,352.994746004953,0.0,0.7,4189892215.163223,4189.892215163223,0.7190023837478208,0.33301312840217745
S_Q1,27,B,SRI6,1479,0.0,436.9674833194765,0.0,0.7,4327138426.40565,4327.1384264056505,0.7337318105809942,0.32365602874728716
S_Q1,27,B,SRI6,1480,0.0,107.49524040773323,0.0,0.7,3541808183.2303834,3541.8081832303833,0.6687657878820223,0.3577044864268687
S_Q1,27,B,SRI6,1481,-1.2053923926328758,265.40675614155055,0.0,0.7,4016514640.4745812,4016.514640474581,0.6781228875369125,0.3535418223218415
S_Q1,27,B,SRI6,1482,-2.932131669888604,0.0,-1.120994692117796,0.7032690391883414,966048990.3448853,966.0489903448854,0.5703205607144126,0.3692318639484825
S_Q1,27,B,SRI6,1483,0.0,821.4209453485489,0.0,0.7,4776818394.80685,4776.818394806851,0.7802682605756572,0.2664460810474259
S_Q1,27,B,SRI6,1486,0.0,650.0617977115469,0.0,0.7,4602077522.69515,4602.07752269515,0.7623723627566087,0.2958693563880884
S_Q1,27,B,SRI6,1488,0.0,2100.0,-1.546200516993692,0.8139569623265792,4439030576.919938,4439.0305769199385,0.7887359020884476,0.05294054861778205
S_Q1,27,B,SRI6,1489,0.0,753.0507617211347,0.0,0.7,4710809261.336656,4710.809261336655,0.7735439570213827,0.2787917600597716
S_Q1,27,B,SRI6,1490,0.0,667.6098286958394,0.0,0.7,4621485292.180451,4621.485292180451,0.7643647489949122,0.29302309033336893
S_Q1,27,B,SRI6,1491,-2.2451722275315467,0.0,-0.45792534826249837,0.7,1366763483.9487066,1366.7634839487066,0.6182445654107518,0.3692318639484825
S_Q1,27,B,SRI6,1496,-2.458083880706244,0.0,-0.6612093636442928,0.7000203907708544,1255841285.006139,1255.841285006139,0.6047248016508343,0.3692318639484825
S_Q1,27,B,SRI6,1497,0.0,1823.4496766334141,-0.9024226230190937,0.7497250970231041,4834953414.806523,4834.953414806523,0.8049951969260329,0.07008930159746685
S_Q1,27,B,SRI6,1500,-1.8517879619859408,472.381085978892,-0.00033010041017255266,0.7,4375894408.571751,4375.89440857175,0.6699042943039101,0.3574910164727648
S_Q1,27,B,SRI6,1502,-2.352047675802969,0.0,-0.2516626471810997,0.9801226771904221,97012781.06915343,97.01278106915343,0.46322980040559303,0.3692318639484825
S_Q1,27,B,SRI6,1505,0.0,157.96406074472307,-0.0007584293732737224,0.7,3731428448.1784854,3731.4284481784853,0.6791546589817483,0.3520119543174299
S_Q1,27,B,SRI6,1506,0.0,382.2884146385605,0.0,0.7,4240348075.929068,4240.348075929068,0.7239121926922117,0.329455295833778
S_Q1,27,B,SRI6,1507,0.0,681.1086766529622,0.0,0.7,4636134039.160326,4636.134039160326,0.766001351976376,0.2907104991639094
S_Q1,27,B,SRI6,1509,-2.8596867324554363,0.0,-0.869514353069655,0.7,1139289022.7958653,1139.2890227958653,0.5906713630056569,0.3692318639484825
S_Q1,27,B,SRI6,1510,-0.08046243545316423,0.0,-1.092002304276956,0.7027494222872793,987879911.7012613,987.8799117012613,0.5736293450030242,0.3692318639484825
S_Q1,27,B,SRI6,1511,0.0,1617.7005768413935,0.0,0.7,5342411896.696577,5342.411896696577,0.840146582701818,0.0927171167324866
S_Q1,27,B,SRI6,1512,-3.7266041641689474,0.0,-0.8422703013279261,0.9565805522736474,167066754.3211701,167.0667543211701,0.4693492724232396,0.3692318639484825
S_Q1,27,B,SRI6,1513,0.0,1960.37470999613,-0.4528033296967413,0.8166487936388834,4806626532.882996,4806.626532882996,0.8111858255950474,0.05938022556658482
S_Q1,27,B,SRI6,1514,0.0,283.5514022262828,0.0,0.7000042631826217,4056249972.706577,4056.249972706577,0.7054470416622193,0.3400220585619241
S_Q1,27,B,SRI6,1516,0.0,338.9328176944826,0.0,0.7000255405507108,4164436790.71719,4164.43679071719,0.7164407442985735,0.33447183975522116
S_Q1,27,B,SRI6,1517,-2.6215378813425945,0.0,-1.0291743869505043,0.8823933781824869,407005042.55230063,407.0050425523006,0.49695805315401853,0.3692318639484825
S_Q1,27,B,SRI6,1518,-0.003992266112237125,202.2229247904462,0.0,0.7,3863325391.138903,3863.3253911389033,0.6885473369623225,0.34738677197851076
S_Q1,27,B,SRI6,1521,-1.0868144590444075,0.0,-0.6754280358780015,0.9688309653500001,130018064.13893339,130.0180641389334,0.46604048813462845,0.3692318639484825
S_Q1,27,B,SRI6,1522,0.0,2027.4247723928245,-1.429592041511408,0.7,4754300620.591263,4754.3006205912625,0.803287437293201,0.05553776639271356
S_Q1,27,B,SRI6,1523,-3.7332306135948786e-05,912.0053609984459,0.0,0.7000000989144622,4858246382.80648,4858.24638280648,0.7891984203223399,0.2481943999715373
S_Q1,27,B,SRI6,1525,-1.6497755786495563,363.7466703298238,0.0,0.7,4207014460.4650183,4207.014460465019,0.6709004874230621,0.35681502828476896
S_Q1,27,B,SRI6,1527,-0.0009316326823065046,588.58388827307,-3.4342706731901006e-06,0.7000011995427914,4530814444.715929,4530.814444715929,0.75418934784929,0.30458604618066676
S_Q1,27,B,SRI6,1528,-0.005167809535762557,707.8823926644126,-2.278419859154399e-06,0.7000020860519679,4664563242.695635,4664.5632426956345,0.7683850997972036,0.2862276301277262
S_Q1,27,B,SRI6,1529,-1.7525439574025345,0.0,-0.7743573364821938,0.7519481756845368,986350210.8259641,986.350210825964,0.5709609705767247,0.3692318639484825
S_Q1,27,B,SRI6,1530,0.0,2100.0,-1.146270361453112,0.990576441487133,4061858210.3052883,4061.858210305288,0.7681004731917317,0.05294054861778205
S_Q1,27,B,SRI6,1531,0.0,803.3550452481826,0.0,0.7,4759815324.764517,4759.815324764517,0.7783826093144056,0.2696481303589853
S_Q1,27,B,SRI6,1532,-2.089361968630378,0.0,-0.7743573364821938,0.7011133870492241,1188461490.081499,1188.461490081499,0.5968975700003557,0.3692318639484825
S_Q1,27,B,SRI6,1533,-0.0018766706537651778,25.051487725566403,-0.0005042317707701777,0.7000187072329176,2960402433.104455,2960.402433104455,0.6502294802006616,0.3664923328708151
S_Q1,27,B,SRI6,1534,-1.8044296315539765,0.0,-0.003482549666784297,0.7364086430807648,1357386997.4960206,1357.3869974960205,0.617888782153912,0.3692318639484825
S_Q1,27,B,SRI6,1535,0.0,729.420669136523,0.0,0.7,4686879986.413398,4686.879986413398,0.7710178958978191,0.2829188458391148
S_Q1,27,B,SRI6,1536,-0.4836465611066204,296.6500703156074,0.0,0.7000075759333653,4082760456.844334,4082.760456844334,0.6999324011812005,0.34251254135980364
S_Q1,27,B,SRI6,1537,-9.862026184279376e-05,1199.8131325186375,0.0,0.7,5081530849.525804,5081.530849525803,0.8130003202049311,0.17974170135553424
S_Q1,27,B,SRI6,1538,0.0,843.8846069625602,-0.0003993338537927535,0.7000443268756841,4797007619.158132,4797.007619158132,0.7828299000249048,0.26210552531397874
S_Q1,27,B,SRI6,1539,0.0,1071.2175559441666,0.0,0.7,4987430929.343232,4987.4309293432325,0.8025758707795212,0.21033906144376846
S_Q1,27,B,SRI6,1540,0.0,1662.1490378932483,0.0,0.7004979145075652,5364413912.941013,5364.413912941013,0.8427793788024336,0.08624186145799977
S_Q1,27,B,SRI6,1541,-9.840997306415207e-05,480.1537841831344,0.0,0.7,4389992248.070065,4389.992248070064,0.7400291742270609,0.31920873803678795
S_Q1,27,B,SRI6,1542,0.0,2075.422690640276,-0.0027184834098165633,0.7,5573697159.236296,5573.697159236296,0.8599281317821182,0.0537588501085139
S_Q1,27,B,SRI6,1543,0.0,414.5820276849828,0.0,0.7,4292660617.0948553,4292.660617094855,0.7297470381043867,0.3259330415910628
S_Q1,27,B,SRI6,1544,0.0,36.5447892434341,0.0,0.7,3092839274.6283393,3092.8392746283394,0.6528622763012771,0.36542498310029536
S_Q1,27,B,SRI6,1546,0.0,142.7711835678781,0.0,0.7,3680221070.1831026,3680.2210701831027,0.6764862845554489,0.35368413562457746
S_Q1,27,B,SRI6,1547,-1.4950056737729107,0.0,-1.0639251116348383,0.7021829555362656,1008898709.2404001,1008.8987092404001,0.5760130928238517,0.3692318639484825
S_Q1,27,B,SRI6,1548,-0.577043185733685,283.4730837732835,-0.0021301537704887467,0.7,4054896370.4034185,4054.8963704034186,0.6961966769843813,0.3443270359696873
S_Q1,27,B,SRI6,1552,0.0,79.30633525948065,0.0,0.7,3403452229.712095,3403.452229712095,0.6625040025616394,0.3606574874586401
S_Q1,27,B,SRI6,1553,-2.2948669175920564,0.0,-0.48835680481280996,0.7024432569242258,1339304727.1744516,1339.3047271744515,0.6139751663286724,0.3692318639484825
S_Q1,27,B,SRI6,1555,-1.0410417382641306,0.0,-0.013955104580493982,0.7008522203044295,1537159352.51126,1537.15935251126,0.6425089835272352,0.3692318639484825
S_Q1,27,B,SRI6,1557,0.0,1830.5403410993845,-1.4645910026470774,0.7,4628080901.359447,4628.080901359446,0.7894830469278115,0.06941331340947096
S_Q1,27,B,SRI6,1560,0.0,2095.5750570738887,-1.4627140973150112,0.7001768934234719,4757605438.287791,4757.605438287791,0.8047461486462447,0.05311844024620203
S_Q1,27,B,SRI6,1561,0.0,1279.817334134276,0.0,0.7000025601441284,5136286943.302425,5136.286943302425,0.8195823104564701,0.15985341729818195
S_Q1,27,B,SRI6,1562,-0.13149299584858354,0.0,-0.20497263504708285,0.7001579624506997,1479018883.4204485,1479.0188834204484,0.6334720888035009,0.3692318639484825
S_Q1,27,B,SRI6,1565,-0.006553448940960898,1224.048184619343,0.0,0.7000013877054306,5098360917.485564,5098.360917485565,0.8148148148148148,0.1746540007827232
S_Q1,27,B,SRI6,1568,0.0,2100.0,-0.5201825769108719,0.8501741693007168,4701261840.637603,4701.261840637603,0.8072010531184403,0.05294054861778205
S_Q1,27,B,SRI6,1569,-1.2800268654897873,0.0,-0.9968453584358623,0.701125694786644,1053054101.8995599,1053.0541018995598,0.5808161667911909,0.3692318639484825
S_Q1,27,B,SRI6,1570,-0.008399505232060678,0.0,-0.7675025712941888,0.8734244535384326,504681019.30169296,504.68101930169297,0.5080940690931085,0.3692318639484825
S_Q1,27,B,SRI6,1573,-2.0037793301046807,0.0,-0.6686037739998112,0.9228193870823139,322208317.14887536,322.2083171488754,0.48635571210018863,0.3692318639484825
S_Q1,27,B,SRI6,1574,0.0,121.43433179289866,0.0,0.7003439492421607,3598358280.6449604,3598.3582806449604,0.671007222400114,0.3564236667022449
S_Q1,27,B,SRI6,1575,0.0,2030.48915186343,-0.0027512519628505195,0.7017057158219191,5543908841.600887,5543.908841600887,0.8577222755897108,0.055324296438609616
S_Q1,27,B,SRI6,1576,0.0,948.1105666516996,-0.08749295074732866,0.7002555293524697,4857992802.288296,4857.992802288296,0.7895897819048636,0.24061621660084676
S_Q1,27,B,SRI6,1578,-0.00020361895981535483,241.2128371513426,0.0,0.7000029553042837,3962036108.345287,3962.0361083452867,0.6967659301953252,0.34365104778169137
S_Q1,27,B,SRI6,1581,0.0,231.04996461100976,0.0,0.7,3937559339.449237,3937.559339449237,0.6943110257231295,0.3444693492724233
S_Q1,27,B,SRI6,1582,-0.0018536174459501558,622.3238453188869,0.0,0.7000013489937956,4570592512.0872755,4570.592512087275,0.7587789518625255,0.3002810687729035
S_Q1,27,B,SRI6,1583,0.0,930.438142417758,0.0,0.7003438945559675,4872265678.6769905,4872.26567867699,0.7907282883267515,0.24420962749493005
S_Q1,27,B,SRI6,1586,-0.0018666622654138964,1754.0756424908786,0.0,0.7000136803927369,5416327925.351762,5416.327925351762,0.8466574163019888,0.07713381008289749
S_Q1,27,B,SRI6,1588,-2.113409526868627,0.0,-0.16773395724794327,0.991478612113817,42504858.5591611,42.5048585591611,0.45782189490162606,0.3692318639484825
S_Q1,27,B,SRI6,1591,0.0,256.9666422395193,0.0,0.7,3998486809.2365804,3998.4868092365805,0.6996833529014125,0.34226349308001563
S_Q1,27,B,SRI6,1594,0.0,1108.6850270204627,0.0,0.7,5015657197.666929,5015.657197666929,0.8063115949763403,0.20180026327961006
S_Q1,27,B,SRI6,1596,-0.7092169771612864,283.4730837732835,-0.0021301537704887467,0.7,4054824209.8298225,4054.8242098298224,0.6933148326039776,0.34596363895115095
S_Q1,27,B,SRI6,1609,-0.05974352974376229,0.0,-0.8376888533299338,0.8414263778805503,611397518.0528412,611.3975180528412,0.5223965560180738,0.3692318639484825
S_Q1,27,B,SRI6,1610,-0.00529321537044319,779.726969240127,-5.576866203324503e-10,0.7000020860519679,4737107530.930876,4737.107530930875,0.7757853915394741,0.27427331269790445
S_Q1,27,B,SRI6,1612,0.0,98.17281524707674,0.0,0.7,3499509826.246,3499.5098262459996,0.6669868715978226,0.35870067954602053
S_Q1,27,B,SRI6,1615,0.0,1262.9510725296454,0.0,0.7000012434695468,5124976174.529663,5124.976174529663,0.8184082257088983,0.16398050307752518
S_Q1,27,B,SRI6,1620,0.0,1767.0958194375291,-0.4284181802107476,0.7620013792913525,4969675577.255773,4969.675577255773,0.8171985626356424,0.07585299035827374
S_Q1,27,B,SRI6,1621,0.0,2048.0188090201596,-1.5542194128133318,0.8605260798701341,4310719206.187385,4310.719206187385,0.7792364891308217,0.05468388657629771
S_Q1,27,B,SRI6,1622,0.0,1932.9417268867214,-0.4528033296967413,0.7659692135321255,5025822604.263435,5025.822604263435,0.8243142277724409,0.06115914185078449
S_Q1,27,B,SRI6,1624,0.0,1357.586080964832,0.0,0.7,5187076568.067628,5187.076568067628,0.824705589354965,0.14163731454797737
S_Q1,27,B,SRI6,1625,0.0,131.1860395348204,0.0,0.7,3637967691.447709,3637.967691447709,0.6739246451062013,0.3552140036289892
S_Q1,27,B,SRI6,1627,-8.467112570690547e-06,508.19117310429726,0.0,0.7000418023081381,4428331560.577443,4428.331560577443,0.7436581634468282,0.31543743551428477
S_Q1,27,B,SRI6,1628,-1.7781753565562766,143.7530682758624,0.0,0.7000006433510588,3683158113.016918,3683.1581130169184,0.653894047746113,0.3644287899811434
S_Q1,27,B,SRI6,1629,0.0,546.7878233023707,0.0,0.7,4479057012.201819,4479.05701220182,0.7488881773223751,0.3105632048955776
S_Q1,27,B,SRI6,1630,-5.889924574220472e-05,1427.8506711181928,-0.0046532571377449795,0.7000108485390131,5229718260.772076,5229.718260772076,0.8286903618315724,0.12687230938912014
S_Q1,27,B,SRI6,1635,-1.7027765077189145,516.2095059631122,0.0,0.7000011734761298,4436358498.532005,4436.358498532005,0.6784786707937522,0.35325719571636965
S_Q1,27,B,SRI6,1637,0.0,997.5695202523353,-1.7752687593019254e-06,0.7,4929676008.175072,4929.676008175072,0.7967410253673464,0.22859074251965708
S_Q1,27,B,SRI6,1638,-0.005925631475119332,213.55383009365462,-0.002754386546744869,0.7001334659246276,3891733281.3843875,3891.7332813843873,0.6907531931547302,0.34628384388230676
S_Q1,27,B,SRI6,1639,-0.0002933266223673356,570.7039976506749,0.0,0.7,4509055803.7359295,4509.05580373593,0.7518411783541467,0.3070409506528623
S_Q1,27,B,SRI6,1640,-2.622969039208297,0.0,-1.1079811307226497,0.7320736309853092,880776238.3005834,880.7762383005834,0.5602518945458426,0.3692318639484825
S_Q1,27,B,SRI6,1646,-1.4180614868220272,265.40675614155055,0.0,0.7,4016280367.0480075,4016.2803670480075,0.6717899455651618,0.35638808837656105
S_Q1,27,B,SRI6,1649,0.0,1925.9063776951612,-2.397297597876763,0.7,4138294717.3698874,4138.294717369888,0.7643647489949122,0.06162166008467641
S_Q1,27,B,SRI6,1652,-2.295569371819097,0.0,-1.0893432176058262,0.7548950724636444,816358723.4584327,816.3587234584327,0.5511438431707404,0.3692318639484825
S_Q1,27,B,SRI6,1654,-1.1855097805982884,0.0,-0.47011057219617625,0.7145104972948506,1294879075.7938552,1294.8790757938552,0.6089942007329135,0.3692318639484825
S_Q1,27,B,SRI6,1656,-6.484592183974083e-05,944.7016399394884,0.0,0.7,4886110384.340876,4886.1103843408755,0.7921158430284271,0.2412210481374746
S_Q1,27,B,SRI6,1657,0.0,1137.7658671637657,0.0,0.7,5037129144.597274,5037.129144597274,0.8084462945173799,0.19528942967943927
S_Q1,27,B,SRI6,1658,0.0,1773.1702702535486,-0.3208055105300356,0.7965781068188553,4847029021.747466,4847.029021747466,0.8091934393567439,0.07535489379869782
S_Q1,27,B,SRI6,1661,-0.0011088972622511654,1396.4354630654575,0.0,0.7000034957464923,5211635806.52472,5211.6358065247205,0.8272316504785288,0.13341872131497493
S_Q1,27,B,SRI6,1662,-3.9376678621017907,0.0,-1.193521049211613,0.9228386173260922,240298330.23587364,240.29833023587364,0.47781691393603026,0.3692318639484825
S_Q1,27,B,SRI6,1663,-3.6110125329590894e-06,1834.9209459050956,-1.7043854035136676,0.7,4445823467.965439,4445.823467965439,0.7778489344291458,0.06909310847831501
S_Q1,27,B,SRI6,1664,0.0,607.4196357161251,-0.00031902807744535813,0.7,4552864415.437349,4552.86441543735,0.7567509872985377,0.30220229835983925
S_Q1,27,B,SRI6,1666,0.0,1832.914701143186,-0.4528033296967413,0.7616078965477516,4995949137.609718,4995.9491376097185,0.8201871419930981,0.06916426512968299
S_Q1,27,B,SRI6,1668,0.0,1908.9895847446276,-1.53135112575046,0.8605260798701341,4252077373.0013156,4252.077373001315,0.770484221012559,0.06261785320382822
S_Q1,27,B,SRI6,1670,0.0,1776.9369743405157,-1.5542194128133318,0.7049601022277898,4515041297.772825,4515.041297772826,0.7794499590849255,0.07503468886754189
S_Q1,27,B,SRI6,1672,-0.0053215900747320966,1804.1672237850817,0.0,0.7000063587937946,5442340930.090523,5442.340930090523,0.8483651759348205,0.07250862774397837
S_Q1,27,B,SRI12,0,0.0,210.42164188865073,0.0,0.7,3919566830.6088104,3919.5668306088105,0.6947023873056535,0.3465328921620949
S_Q1,27,B,SRI12,2,0.0,1875.9306229186197,-1.896198140441729,0.7118796691653498,4369040203.794663,4369.040203794663,0.7959583022022985,0.07941082292667305
S_Q1,27,B,SRI12,3,0.0,287.28550605950034,0.0,0.7,4098488848.874929,4098.488848874929,0.7120646102394422,0.33963069697940007
S_Q1,27,B,SRI12,4,0.0,360.49225602005623,0.0,0.7,4237577117.452607,4237.577117452607,0.7271498203294551,0.3319102003059736
S_Q1,27,B,SRI12,5,0.0,847.1256629485267,0.0,0.7,4835740321.359356,4835.740321359356,0.7957804105738785,0.26381328494681044
S_Q1,27,B,SRI12,6,-4.0,0.0,0.0,0.7304777710899678,1419418832.10406,1419.41883210406,0.6236168925890347,0.3692318639484825
S_Q1,27,B,SRI12,7,0.0,1109.8891080749975,0.0,0.7,5052131505.896181,5052.131505896181,0.8210766001351977,0.20738606041199706
S_Q1,27,B,SRI12,8,-1.5634357481222008,0.0,-0.5102386242966723,0.9603774646204843,181396891.14192528,181.39689114192527,0.47052335717081156,0.3692318639484825
S_Q1,27,B,SRI12,10,-0.6502466920414585,0.0,-0.801968019642394,0.9594923000921245,164628609.30434284,164.62860930434283,0.4690290674920839,0.3692318639484825
S_Q1,27,B,SRI12,11,0.0,1566.524605724617,-0.7384478330468869,0.7,5026204593.464992,5026.204593464991,0.8319635677944999,0.11235635251005087
S_Q1,27,B,SRI12,12,-0.36616821688743517,340.8370598780077,0.0,0.7,4202319338.684116,4202.319338684116,0.7162272743444694,0.33834987725477633
S_Q1,27,B,SRI12,13,0.0,1782.265254664762,-2.1191955940144127,0.7,4217214812.489736,4217.214812489736,0.782331803465329,0.08752268118262355
S_Q1,27,B,SRI12,14,0.0,1565.6558601571378,-1.3654069922318235,0.7088652989312227,4574946871.67051,4574.9468716705105,0.7966698687159784,0.11239193083573486
S_Q1,27,B,SRI12,16,0.0,200.66091953649612,0.0,0.7,3893428385.164997,3893.428385164997,0.6926032660902979,0.34710214537303874
S_Q1,27,B,SRI12,17,0.0,1835.6233076411131,-0.9416093984311042,0.7,5044913003.537733,5044.913003537733,0.8376205215782545,0.08254171558686448
S_Q1,27,B,SRI12,18,0.0,992.357337211925,-8.103147967259208e-05,0.7,4960835683.755786,4960.835683755786,0.8098694275447396,0.23439000960614795
S_Q1,27,B,SRI12,19,-0.02306246650576514,1898.8804999503493,-1.2942318656503906,0.7001894023690782,4829073090.911933,4829.073090911933,0.8235670829330772,0.07837905148183726
S_Q1,27,B,SRI12,21,0.0,1941.5560642509536,-0.6083838035120841,0.7,5289249754.77961,5289.249754779609,0.8572597573558189,0.07499911054185787
S_Q1,27,B,SRI12,22,-0.015100557034490258,1440.6827062230284,0.0,0.7,5275122214.9633465,5275.122214963347,0.8474757177927208,0.1341302878286548
S_Q1,27,B,SRI12,23,-0.00731877040016198,0.0,-1.3502893022611477,0.7846784661441062,609029503.7455316,609.0295037455315,0.5227167609492297,0.3692318639484825
S_Q1,27,B,SRI12,24,-0.046764125244702415,193.07083794685798,-0.0001811000754062906,0.7004408935408357,3870079924.126849,3870.079924126849,0.6904329882235741,0.3480983384921905
S_Q1,27,B,SRI12,25,-4.0,0.0,-2.0615443051935975,0.8396513796038114,196932970.37830022,196.9329703783002,0.47226669512932723,0.3692318639484825
S_Q1,27,B,SRI12,27,-0.046764125244702415,0.0,-1.422618008549935,0.8669345089390256,353027978.999118,353.027978999118,0.4885971466182801,0.3692318639484825
S_Q1,27,B,SRI12,29,0.0,539.500478903263,0.0,0.7,4504426842.522332,4504.426842522332,0.7573558188351656,0.3119507595972533
S_Q1,27,B,SRI12,31,-0.15721066392893235,339.69841967586706,0.0,0.7,4200357571.706489,4200.357571706489,0.7205678300779164,0.3361084427366848
S_Q1,27,B,SRI12,32,-0.36616821688743517,449.88856048038895,0.0,0.7,4380631484.76663,4380.63148476663,0.734656847048778,0.3278186928523144
S_Q1,27,B,SRI12,34,0.0,1011.6765745343884,0.0,0.7,4976414619.231262,4976.414619231262,0.8117195004803075,0.22923115238196884
S_Q1,27,B,SRI12,35,0.0,29.34373750491129,0.0,0.7,3048772540.949477,3048.7725409494774,0.6530401679296972,0.36606539296260726
S_Q1,27,B,SRI12,36,-0.0011937400490663963,1812.3726449680464,-1.7069776875061144,0.7059753753338953,4472283991.99224,4472.28399199224,0.8016152559860532,0.08464083680222008
S_Q1,27,B,SRI12,37,0.0,1995.3523185810277,-0.000501020328999454,0.7,5574072708.16663,5574.07270816663,0.8756181734087592,0.07176148290461451
S_Q1,27,B,SRI12,38,0.0,1546.846717972264,-1.4376247955713846,0.7,4537049494.254947,4537.049494254947,0.7935745543814708,0.11523819689045434
S_Q1,27,B,SRI12,39,0.0,2086.3084839443063,-2.1195464200576186,0.7045776220607519,4361054865.610816,4361.054865610816,0.8035720638986731,0.0680257587077952
S_Q1,27,B,SRI12,42,-0.052073142504182934,99.0259864419316,0.0,0.7,3537679067.701971,3537.6790677019712,0.67043796918917,0.3587362578717045
S_Q1,27,B,SRI12,43,-4.0,0.0,-0.23385869642409507,0.9960526579742844,19853569.566826805,19.853569566826806,0.4555448820578505,0.3692318639484825
S_Q1,27,B,SRI12,44,-0.044061191108133,0.0,-1.3090090773277896,0.7052237726898822,863217864.0992464,863.2178640992464,0.5548084107161917,0.3692318639484825
S_Q1,27,B,SRI12,45,-1.6760463714865832,0.0,-0.9246869468597377,0.8415104237243539,604097490.2639849,604.0974902639849,0.521329206247554,0.3692318639484825
S_Q1,27,B,SRI12,46,0.0,1471.5864615199937,0.0,0.7,5293960927.484679,5293.960927484679,0.8494681040310242,0.1282598640907959
S_Q1,27,B,SRI12,47,-0.044325531414036695,168.15024748701936,0.0,0.7,3798702307.8338614,3798.702307833861,0.6850250827196073,0.350731134592806
S_Q1,27,B,SRI12,48,0.0,961.4826118870674,-0.002137794649074598,0.7,4934476083.127619,4934.476083127619,0.8068096915359164,0.24097199985768672
S_Q1,27,B,SRI12,49,-0.05864994180449363,1898.1169462325322,-2.1196980245450145,0.7107196175333227,4263370091.276618,4263.370091276618,0.786565624221724,0.08385811363717226
S_Q1,27,B,SRI12,50,-0.15604425169845215,0.0,-1.3678083296768624,0.7043274634965159,823228583.477838,823.228583477838,0.5493649268865407,0.3692318639484825
S_Q1,27,B,SRI12,51,-0.01234755124355218,2100.0,-0.004950511078868441,0.7435415284311566,5390671003.703944,5390.671003703944,0.8679332550610169,0.06831038531326715
S_Q1,27,B,SRI12,52,-0.0037242135594123646,720.3370973091647,-0.022917432146504862,0.7006004913010516,4701024046.947296,4701.0240469472965,0.7799836339701853,0.2855516419397303
S_Q1,27,B,SRI12,54,-0.4802580303986006,0.0,-1.0681290666265713,0.7104305602725834,1019451986.6537254,1019.4519866537254,0.57483900807628,0.3692318639484825
S_Q1,27,B,SRI12,55,0.0,731.9581729846872,-0.002126276076850987,0.7,4723424538.013542,4723.424538013543,0.7825096950937488,0.2840929305866866
S_Q1,27,B,SRI12,56,0.0,750.0064241529653,0.0,0.7,4742720677.465108,4742.720677465108,0.7846799729604724,0.2811043512292311
S_Q1,27,B,SRI12,58,-1.639293506580149,0.0,-1.1210278058776044,0.7060195492837591,998395172.2241944,998.3951722241944,0.5718860070445084,0.3692318639484825
S_Q1,27,B,SRI12,59,-0.00424135707113404,2082.064420477134,-1.6164054669491799,0.750104325655583,4574319595.148105,4574.319595148105,0.8163802611449106,0.06827480698758316
S_Q1,27,B,SRI12,60,0.0,1586.5242140666685,-1.1619601318079482,0.7454638380835029,4613898850.98159,4613.89885098159,0.799551713096382,0.10915430319849147
S_Q1,27,B,SRI12,62,-0.004918738802433903,1932.5644018566884,0.0,0.7,5543759895.227679,5543.759895227679,0.8733411605649839,0.07549720710143382
S_Q1,27,B,SRI12,63,-0.0004180920312920689,1658.416577049147,-2.113200078302427,0.7,4154365642.902704,4154.365642902704,0.7712313658519231,0.09912121535560534
S_Q1,27,B,SRI12,65,-0.04532858550649238,429.7553243626885,0.0,0.7,4350662655.13095,4350.66265513095,0.7396378126445369,0.32450990856370304
S_Q1,27,B,SRI12,66,-0.009512242690404765,620.0475729056903,0.0,0.7,4602720581.696032,4602.720581696031,0.7685274130999394,0.30159746682321126
S_Q1,27,B,SRI12,67,-0.0042145782527037825,1694.5829713885155,-1.6076408907672504,0.7,4497319661.110326,4497.319661110326,0.7970968086241861,0.09502970790194613
S_Q1,27,B,SRI12,68,-0.13049528701744287,250.59944870301803,0.0,0.7,4018293406.6041055,4018.2934066041053,0.702209414024976,0.3437222044330593
S_Q1,27,B,SRI12,69,0.0,1602.4578569402036,-0.5729375343241117,0.7001419388956813,5130137868.300246,5130.137868300246,0.8393638595367704,0.10637919379514
S_Q1,27,B,SRI12,70,-2.8559939148086224,0.0,-0.7759513151174566,0.7032215611114538,1222675174.8145137,1222.6751748145136,0.6010602341053831,0.3692318639484825
S_Q1,27,B,SRI12,71,-0.5029532459097114,0.0,-1.126168370407451,0.8485903836157598,512086775.6477654,512.0867756477654,0.5093393104920481,0.3692318639484825
S_Q1,27,B,SRI12,72,-0.00048065938281095175,1919.0071451651854,-1.1938649067360299,0.7,4910820288.480617,4910.820288480617,0.829935603230512,0.07635108691784964
S_Q1,27,B,SRI12,73,-0.0024516661037589545,479.92026503847615,-0.007124964940148193,0.7,4421834371.643827,4421.834371643828,0.7486747073682716,0.319386629665208
S_Q1,27,B,SRI12,74,-0.004747451433327877,1871.8200922121302,-1.4334448880334307,0.7172189287752568,4669673783.773819,4669.673783773819,0.814779236489131,0.07969544953214501
S_Q1,27,B,SRI12,75,0.0,1836.7548510723716,-1.2304744001405405,0.7012015930316423,4834580059.630427,4834.580059630427,0.8227132031166613,0.08250613726118049
S_Q1,27,B,SRI12,76,-0.021956201084218918,2074.3980481105036,-0.0001965939002392305,0.7001894023690782,5610394762.543048,5610.394762543048,0.8783221261607429,0.06912868680399901
S_Q1,27,B,SRI12,78,-0.016760140679115826,2069.252261024425,-1.4495468643051552,0.7119510282769969,4768838545.885441,4768.838545885441,0.8264489273134807,0.06927100010673498
S_Q1,27,B,SRI12,79,0.0,0.0,-1.3335014784971635,0.7304097891387819,773331624.3546857,773.3316243546857,0.5438502864055218,0.3692318639484825
S_Q1,27,B,SRI12,80,-7.015037046245644e-05,1913.5514963139885,-1.3800650700747399,0.7082263305842295,4751520862.442517,4751.520862442518,0.8214323833920375,0.0766001351976376
S_Q1,27,B,SRI12,81,-0.0033165305328421045,1278.8497176204924,0.0,0.7,5171493637.707971,5171.49363770797,0.835912761945423,0.16782296225139645
S_Q1,27,B,SRI12,82,-0.0014324130678053956,1853.4925258222743,-1.2473626988556985,0.7152798232037182,4789700459.082192,4789.7004590821925,0.8205073469242536,0.08104742590813675
S_Q1,27,B,SRI12,83,-0.011558487492516922,1934.5577438674864,-1.8803229161460222,0.7,4425247422.6085205,4425.2474226085205,0.8019354609172091,0.0761376169637457
S_Q1,27,B,SRI12,84,0.0,417.0344750463712,-0.0013331810970873548,0.7005447980686049,4328017098.385416,4328.017098385416,0.7377165830576012,0.3257551499626427
S_Q1,27,B,SRI12,85,0.0,1864.9175300181184,-0.004508109764314483,0.7,5508398059.575245,5508.398059575245,0.8701746895791083,0.08037143772014088
S_Q1,27,B,SRI12,88,-0.0017104014733070796,380.6613695297067,-0.009627911808567813,0.7,4268743218.6220613,4268.743218622061,0.7307076528978548,0.3294197175080941
S_Q1,27,B,SRI12,89,-0.0022351019909420677,1186.710471144577,0.0,0.7004732358342858,5105567090.2415,5105.5670902414995,0.8270893371757927,0.18984594584978834
S_Q1,27,B,SRI12,90,0.0,2090.3853479051927,-0.6083838035120841,0.7,5359962095.345086,5359.962095345086,0.8642331091898815,0.06781228875369125
S_Q1,27,B,SRI12,92,-1.9347547399659537,0.0,-1.0681290666265713,0.9845408013287328,54552563.68363678,54.55256368363678,0.4593517629060377,0.3692318639484825
S_Q1,27,B,SRI12,93,-0.7189185453390046,0.0,-1.422618008549935,0.830357684621205,450030784.1108578,450.0307841108578,0.5003024157683139,0.3692318639484825
S_Q1,27,B,SRI12,94,-0.005370316655100977,1689.0970741838908,-0.8913189525500211,0.7048220968456067,4979608551.56156,4979.60855156156,0.8310741096523996,0.095705696089942
S_Q1,27,B,SRI12,95,0.0,1079.392231833048,0.0,0.7,5029224629.7740345,5029.224629774035,0.8176966591952183,0.21407478564058774
S_Q1,27,B,SRI12,96,-0.004747451433327877,1872.8502759016003,-1.4334448880334307,0.7809065577296788,4502058089.698357,4502.0580896983565,0.8051375102287687,0.07962429288077703
S_Q1,27,B,SRI12,98,-0.0001543910780888776,1937.4199239515779,-1.3229270547377006,0.7002564210093002,4826703840.035419,4826.7038400354195,0.8254883125200129,0.07514142384459388
S_Q1,27,B,SRI12,99,0.0,1601.920864782027,-1.1619601318079482,0.7454638380835029,4622623653.141578,4622.623653141578,0.8010460027751095,0.106450350446508
S_Q1,27,B,SRI12,100,-0.02486469553109954,0.0,-2.21875410878395,0.8380919372377443,156632772.20345223,156.63277220345222,0.46885117586366387,0.3692318639484825
S_Q1,27,B,SRI12,102,-0.007220649295020623,156.33459792756275,0.0,0.7002081898585059,3759717199.120734,3759.717199120734,0.6824990215960436,0.3521542676201659
S_Q1,27,B,SRI12,103,0.0,1616.1456701215482,-0.954932126883472,0.7209194996697509,4840453970.82134,4840.45397082134,0.8184082257088983,0.1047425908136763
S_Q1,27,B,SRI12,104,0.0,1999.9260283504684,-2.0972495999483143,0.7,4336688716.268067,4336.688716268068,0.7996940263991177,0.07147685629914256
S_Q1,27,B,SRI12,105,0.0,558.8411036084501,-0.003738789713197913,0.7,4527557278.260228,4527.5572782602285,0.7600597715871492,0.30903333689116586
S_Q1,27,B,SRI12,106,-0.005370316655100977,1689.0970741838908,-0.9421035636841536,0.7048220968456067,4949626153.031284,4949.626153031284,0.8284057352261002,0.095705696089942
S_Q1,27,B,SRI12,107,0.0,1656.160203496869,-1.6788822898650424,0.7000548155602951,4419780437.28898,4419.78043728898,0.7909773366065392,0.0994058419610773
S_Q1,27,B,SRI12,108,0.0,1938.2426756358957,-1.990647512681447,0.7001368156150567,4366765768.838957,4366.765768838957,0.7991603515138576,0.07510584551890988
S_Q1,27,B,SRI12,110,-1.682216390427718,0.0,-1.3090090773277896,0.78242000114374,637192896.8685294,637.1928968685295,0.526239015191945,0.3692318639484825
S_Q1,27,B,SRI12,111,-0.007723316272399222,0.0,-1.285494746196223,0.7,894645504.1998866,894.6455041998865,0.5586152915643791,0.3692318639484825
S_Q1,27,B,SRI12,112,0.0,1499.1496372978886,-1.4714494491946586,0.7,4489592862.222028,4489.592862222028,0.7880954922261357,0.12338563347208878
S_Q1,27,B,SRI12,113,-0.0018864370945782885,1153.406292247284,0.0,0.7013868725031358,5076827455.175087,5076.827455175087,0.8239228661899171,0.19756644252321484
S_Q1,27,B,SRI12,116,0.0,0.0,-0.6980857122284829,0.702767583066067,1272249121.2221286,1272.2491212221287,0.6071441277973461,0.3692318639484825
S_Q1,27,B,SRI12,117,-0.004896847417201526,1043.98287522137,-0.0021039353655217807,0.7000256822608125,5000806270.313818,5000.806270313818,0.8144946098836588,0.2215106557085424
S_Q1,27,B,SRI12,118,-3.0749936970699866e-05,1870.1687468580865,-1.4334448880334307,0.7049840777878362,4701079814.840617,4701.0798148406175,0.8165581527733304,0.07983776283488098
S_Q1,27,B,SRI12,120,0.0,907.678714288495,0.0,0.700154872002752,4888923930.51547,4888.92393051547,0.8015440993346853,0.2520368591454086
S_Q1,27,B,SRI12,121,-0.004747451433327877,1870.1687468580865,-1.4334448880334307,0.7870770338120283,4484431736.673592,4484.431736673591,0.8039278471555129,0.07983776283488098
S_Q1,27,B,SRI12,122,-0.38872707762514014,23.129104505654993,-0.0039320258510250755,0.7,2966965572.14762,2966.96557214762,0.6504073718290817,0.36695485110470716
S_Q1,27,B,SRI12,123,0.0,1978.9770946045305,-1.7816825636371814,0.7119073756617981,4493929843.4190035,4493.929843419003,0.8083751378660119,0.0727576760237663
S_Q1,27,B,SRI12,124,0.0,2100.0,-0.8329991931938957,0.7,5242172214.274473,5242.172214274473,0.855729889351407,0.0675632404739033
S_Q1,27,B,SRI12,125,0.0,2083.9300995552658,-1.1784398937578782,0.7326611993920279,4897408304.742188,4897.408304742188,0.834774255523535,0.06816807201053118
S_Q1,27,B,SRI12,126,-1.0526324173617034,0.0,-0.07252655811628106,0.7037121624411004,1537346970.2110815,1537.3469702110815,0.6391290425872559,0.3692318639484825
S_Q1,27,B,SRI12,128,-0.0011607951638516094,1785.7399398193365,-1.4286661754422025,0.7151180623399374,4633670873.986451,4633.670873986451,0.8099405841961079,0.0872024762514676
S_Q1,27,B,SRI12,129,0.0,1586.5242140666685,-0.0009507248454981541,0.7013573726160744,5353954023.980877,5353.954023980877,0.8558366243284593,0.10915430319849147
S_Q1,27,B,SRI12,130,0.0,1978.9770946045305,-2.158322146355282,0.7204864641781741,4275150608.4823556,4275.150608482356,0.7957448322481943,0.0727576760237663
S_Q1,27,B,SRI12,131,-0.005364044940401401,1459.0993835850245,-0.48436249035138645,0.7,5087254327.085188,5087.2543270851875,0.8327818692852312,0.13064361191162344
S_Q1,27,B,SRI12,132,-0.007404729091533146,1589.0160002360146,-1.403753799965051,0.719017797376353,4533472015.635795,4533.472015635794,0.7950332657345145,0.10862062831323156
S_Q1,27,B,SRI12,135,-0.39816012072849755,265.74161532387575,0.0,0.7,4052280614.6812677,4052.2806146812677,0.7006795460205643,0.3446472409008432
S_Q1,27,B,SRI12,137,-0.012307563439384946,51.49751476745529,-0.00014778793635240178,0.7,3257464703.0901914,3257.4647030901915,0.658839435016188,0.3638239584445156
S_Q1,27,B,SRI12,138,-0.02306246650576514,1783.6241019906386,-2.0570211527070548,0.700186577993854,4249909679.881792,4249.909679881792,0.7841107197495285,0.08812751271925141
S_Q1,27,B,SRI12,139,-0.03179353620986003,0.0,-0.6395372651274774,0.7005515028423953,1307092001.2902699,1307.0920012902698,0.6108798519941652,0.3692318639484825
S_Q1,27,B,SRI12,141,-0.0016927466215029205,83.7349898641329,-8.365519662985094e-05,0.7001499225430441,3460808781.468384,3460.8087814683836,0.6662041484327749,0.36023054755043227
S_Q1,27,B,SRI12,142,0.0,1661.4337812236313,-0.9609977956104008,0.7494412066338036,4755289253.814922,4755.289253814923,0.8150282847689189,0.09862311879602946
S_Q1,27,B,SRI12,145,-0.02607460329690041,1779.618867308934,-0.909563188867679,0.7,5036169927.493214,5036.169927493213,0.8354502437115308,0.08848329597609136
S_Q1,27,B,SRI12,146,-0.0010768993917100065,2078.9847558091083,-1.2151842403420767,0.7012741965195936,4964303331.379813,4964.303331379813,0.8378339915323585,0.06838154196463514
S_Q1,27,B,SRI12,147,0.0,0.0,-0.18628772045266162,0.7016734903295251,1506821951.5808764,1506.8219515808764,0.6348240651794929,0.3692318639484825
S_Q1,27,B,SRI12,148,0.0,0.0,-0.5919958983020932,0.7,1332938455.1630292,1332.9384551630292,0.6145444195396165,0.3692318639484825
S_Q1,27,B,SRI12,150,0.0,1641.5570173579526,0.0,0.7,5392221102.900947,5392.221102900947,0.8596079268509624,0.10107802326822499
S_Q1,27,B,SRI12,151,-0.0004180920312920689,1966.763808340515,-2.113200078302427,0.7,4313301422.723892,4313.301422723892,0.7969189169957661,0.07350482086313018
S_Q1,27,B,SRI12,152,0.0,73.81822124688999,0.0,0.7,3406371622.62977,3406.3716226297697,0.664425232148575,0.3614402106236881
S_Q1,27,B,SRI12,156,-0.00036297524714938925,303.00744564808144,0.0,0.7003100915164393,4128799660.896053,4128.799660896053,0.7151955028996336,0.33788735902088446
S_Q1,27,B,SRI12,157,-0.0030000806222049772,490.8329057020212,0.0,0.7000709207126955,4439123959.013096,4439.123959013096,0.750524780303839,0.31807023161490017
S_Q1,27,B,SRI12,158,-0.021956201084218918,1765.2791840251793,-0.0006327924015905109,0.7001894023690782,5457833673.52436,5457.833673524359,0.8646600490980896,0.08972853737503111
S_Q1,27,B,SRI12,159,0.0,1548.549748697532,-1.1803946414440571,0.7,4725273323.5534935,4725.273323553493,0.8050307752517168,0.1150247269363504
S_Q1,27,B,SRI12,161,0.0,1944.8353916904275,-0.6990148369363064,0.7528442888751244,5022867727.964166,5022.867727964166,0.8420322339630698,0.07482121891343792
S_Q1,27,B,SRI12,162,-0.023315617729079353,1685.9631980754552,-2.0570211527070548,0.7002261799794024,4197908202.6134744,4197.908202613475,0.7753228733055821,0.09670188920909378
S_Q1,27,B,SRI12,164,-0.00387478526766908,1777.051859873109,-0.867717407398841,0.7,5059569379.791783,5059.569379791783,0.8376560999039384,0.08791404276514747
S_Q1,27,B,SRI12,165,-0.005621509560169765,1694.5829713885155,-1.5400935545604255,0.7,4551458258.753926,4551.458258753926,0.8009748461237416,0.09502970790194613
S_Q1,27,B,SRI12,168,0.0,786.9245284409678,0.0,0.7,4779128666.1969,4779.128666196901,0.7888782153911835,0.2748069875831643
S_Q1,27,B,SRI12,169,0.0,1743.839868179237,-1.713072552778851,0.719801639409082,4403358836.65288,4403.358836652879,0.7939659159639947,0.09044010388871102
S_Q1,27,B,SRI12,170,-0.000534810303164171,1835.9908854207004,-1.3426611992579713,0.7007439661600963,4761336073.446557,4761.336073446557,0.8189063222684739,0.08254171558686448
S_Q1,27,B,SRI12,172,-0.009450775220634786,1577.0778182258164,-1.3502893022611477,0.7002157219198945,4617282869.281987,4617.282869281988,0.8002988579357455,0.11143131604226707
S_Q1,27,B,SRI12,173,-0.0013848003155219751,1679.4876607190618,-2.221154280811097,0.8270362582773757,3989651343.6141114,3989.6513436141113,0.7614473262888247,0.09655957590635784
S_Q1,27,B,SRI12,174,-1.5067517063176346e-05,1834.7003898491696,-2.146211101353371,0.7000390885996794,4231947156.9538975,4231.947156953897,0.7862809976162523,0.08264845056391648
S_Q1,27,B,SRI12,176,-0.013322639134120389,1779.1809009742253,-1.3333382453538891,0.70135335347246,4736401289.226319,4736.401289226319,0.8150638630946028,0.08848329597609136
S_Q1,27,B,SRI12,177,-0.0005804329776885088,1901.032020131356,-2.1456019383655507,0.7000245494554879,4265473423.181668,4265.473423181667,0.7910840715835912,0.07759632831678942
S_Q1,27,B,SRI12,178,0.0,1528.7548487594656,-0.9476288009583864,0.7209194996697509,4794602677.263815,4794.602677263815,0.8116127655032555,0.11826235457359376
S_Q1,27,B,SRI12,181,0.0,1775.5414913657955,-1.236838153718704,0.7218829831605025,4734713576.106001,4734.713576106001,0.8148148148148147,0.08802077774219948
S_Q1,27,B,SRI12,182,-0.005370316655100977,1538.0682998334635,-0.8913189525500211,0.7048220968456067,4894826598.271062,4894.826598271062,0.8192976838509979,0.11673248656918203
S_Q1,27,B,SRI12,183,-0.0015650253693193497,1736.9026416039453,-1.3071047807531628,0.7306849034524582,4647230178.604108,4647.230178604108,0.8083395595403281,0.0910449354253389
S_Q1,27,B,SRI12,184,-1.1551046703189193e-06,1641.5570173579526,-1.3110992877741985,0.7,4683750923.3495,4683.750923349499,0.8068808481872843,0.10107802326822499
S_Q1,27,B,SRI12,187,-1.526773974596643e-05,2046.716091935849,-2.1224713838240623,0.7000446553737264,4346086001.51595,4346.086001515951,0.8014729426833173,0.06934215675810294
S_Q1,27,B,SRI12,192,-0.0004180920312920689,1860.0753540792396,-2.115427398977565,0.7,4259315399.135508,4259.315399135508,0.7887714804141317,0.08069164265129682
S_Q1,27,B,SRI12,196,-4.0,0.0,-0.03529055400203723,0.7302292689998506,1409528644.9848201,1409.5286449848202,0.6225139644928309,0.3692318639484825
S_Q1,27,B,SRI12,197,-0.05599241470854588,664.9455732282443,0.0,0.7002997102252413,4651704576.276787,4651.704576276787,0.7722631372967587,0.29626071797061226
S_Q1,27,B,SRI12,198,-0.46501267426461446,0.0,-1.3714706535474854,0.8184561319497556,504383374.24581474,504.38337424581476,0.5080584907674245,0.3692318639484825
S_Q1,27,B,SRI12,199,-0.029627727045387915,1665.2218770823026,-2.022161301952456,0.7081406381065933,4197200932.092137,4197.200932092137,0.7736862703241185,0.09876543209876544
S_Q1,27,B,SRI12,200,0.0,1589.0160002360146,-1.069823225401275,0.7196358140226095,4762965896.709431,4762.965896709431,0.8110079339666275,0.10862062831323156
S_Q1,27,B,SRI12,201,0.0,1579.140283071149,-0.8002124933526416,0.7001010721974463,4992491562.918854,4992.491562918854,0.8292240367168324,0.11050627957448324
S_Q1,27,B,SRI12,202,-0.00012712605755865747,1576.2843692713197,-1.0682763729854767,0.7093061819673044,4793487454.131391,4793.48745413139,0.8127868502508272,0.11089764115700716
S_Q1,27,B,SRI12,203,-0.009442218675692554,280.8169746870009,0.0,0.7005826119812352,4081868508.6619906,4081.8685086619907,0.7103568506066105,0.34012879353897596
S_Q1,27,B,SRI12,204,0.0,1982.1844255696176,-1.6603903155770798,0.7823926328352454,4431939556.079741,4431.93955607974,0.8059202333938166,0.07257978439534635
S_Q1,27,B,SRI12,205,-0.0011607951638516094,1786.0645313736102,-1.4286661754422025,0.7008733073019102,4671507603.073283,4671.5076030732835,0.8117195004803073,0.0872024762514676
S_Q1,27,B,SRI12,206,-0.004361298692266815,2044.9727658692573,-0.867717407398841,0.7488439916900711,4999215912.21592,4999.21591221592,0.841712029031914,0.06941331340947095
S_Q1,27,B,SRI12,207,-1.6909784685699945e-06,1661.4337812236313,-0.9609977956104008,0.701619967469189,4935187249.172989,4935.187249172989,0.8264845056391644,0.09862311879602946
S_Q1,27,B,SRI12,209,-3.8771300523815615,0.0,-0.8741118736907967,0.7048013151455543,1154994862.4516263,1154.9948624516262,0.5921300743587008,0.3692318639484825
S_Q1,27,B,SRI12,210,-0.08776996713658122,719.17894083063,-0.00053483775682806,0.7001403955352126,4710157740.453227,4710.157740453227,0.7784893442914573,0.2882200163660298
S_Q1,27,B,SRI12,211,-0.0005082554008364604,929.7779712921067,0.0,0.7000087955987051,4908675476.699649,4908.675476699649,0.8038922688298288,0.2479453516917494
S_Q1,27,B,SRI12,213,0.0,2021.987151848615,-1.248478191264085,0.7008342213758476,4915527923.41154,4915.52792341154,0.8328174476109154,0.07044508485430676
S_Q1,27,B,SRI12,214,-4.0,0.0,-2.0615443051935975,0.705196159703668,361952120.4389995,361.9521204389995,0.49158572597573563,0.3692318639484825
S_Q1,27,B,SRI12,215,-0.009525534500788413,0.0,-1.116046286894448,0.7393034963528339,888981180.5691711,888.9811805691711,0.558152773330487,0.3692318639484825
S_Q1,27,B,SRI12,216,-5.028562490041083e-06,1974.3326741200099,-1.1496722108202535,0.7,4976159190.884574,4976.159190884574,0.8354502437115309,0.07307788095492224
S_Q1,27,B,SRI12,217,0.0,1478.5572404234094,-0.9290201050228886,0.7,4855125393.816167,4855.125393816167,0.8143878749066068,0.12690788771480413
S_Q1,27,B,SRI12,218,-0.0004180920312920689,1620.412491757318,-2.113200078302427,0.7,4133255972.338381,4133.255972338381,0.7680293165403635,0.10417333760273244
S_Q1,27,B,SRI12,219,0.0,1791.706313606667,-0.9410216995649713,0.7,5022961436.134398,5022.961436134398,0.8352723520831108,0.08631301810936776
S_Q1,27,B,SRI12,220,-0.028937225642927014,1679.491778622979,-2.1541144355103534,0.7900705661539981,4048259846.5941916,4048.2598465941915,0.7650051588572241,0.09730672074572172
S_Q1,27,B,SRI12,221,0.0,0.0,-1.4011683158155523,0.7190553837829334,759470107.6151904,759.4701076151904,0.541644430213114,0.3692318639484825
S_Q1,27,B,SRI12,222,0.0,1643.1903178639811,-1.1265353921321466,0.7389064378971693,4689748796.12824,4689.7487961282395,0.8069164265129684,0.100935709965489
S_Q1,27,B,SRI12,223,-0.015947815631301196,899.5781025816977,-0.0020993862525693447,0.702922754965327,4866246326.985085,4866.246326985084,0.7994449781193298,0.2540648237093962
S_Q1,27,B,SRI12,224,-0.015477026220506613,838.0489703410024,0.0,0.703088068444504,4810990370.879822,4810.990370879822,0.792791831216423,0.2654143096025901
S_Q1,27,B,SRI12,225,-0.0066950407726982,1921.8631449440202,-0.6766233038698832,0.7021261743717117,5238772862.125847,5238.772862125847,0.8535240331589995,0.07610203863806168
S_Q1,27,B,SRI12,226,0.0,2067.3298294027163,-1.4136323265408974,0.7015281525644006,4819168462.630992,4819.168462630992,0.8291884583911481,0.06866616857010707
S_Q1,27,B,SRI12,227,-3.14949812058804e-05,1707.3646489175744,-1.9373618824295953,0.7003286924809867,4274032768.880802,4274.032768880802,0.781726971928701,0.09385562315437433
S_Q1,27,B,SRI12,228,-0.0036976324450826853,339.2593500435218,0.0,0.7,4199648829.8120847,4199.648829812085,0.723307361155584,0.33429394812680113
S_Q1,27,B,SRI12,229,-2.295972468220687e-06,1499.1084379437543,-1.4160475761398135,0.7024863803094825,4517405243.850006,4517.405243850006,0.7896253602305476,0.12342121179777281
S_Q1,27,B,SRI12,230,-0.2842063723383425,91.06008123260986,-1.07581391920568e-06,0.7,3499220837.374876,3499.220837374876,0.6663820400611947,0.36023054755043227
S_Q1,27,B,SRI12,231,-0.032924996000299245,0.0,-1.0185021925808497,0.7,1086498522.167915,1086.498522167915,0.5839470594513823,0.3692318639484825
S_Q1,27,B,SRI12,232,0.0,1785.1774589668187,-0.8178138667281779,0.7,5096058905.334035,5096.0589053340345,0.8406091009357098,0.08723805457715159
S_Q1,27,B,SRI12,233,-0.04695035129201819,0.0,-0.9636400696364564,0.7047407084242319,1102897336.757314,1102.897336757314,0.5859038673640019,0.3692318639484825
S_Q1,27,B,SRI12,234,0.0,1643.1903178639811,-1.1335469667235079,0.7095334439490613,4784357015.273955,4784.357015273956,0.8135695734158752,0.100935709965489
S_Q1,27,B,SRI12,235,-0.05268525600623148,1837.05496083595,-0.00018093181570040932,0.7005513570121857,5492890953.770062,5492.890953770063,0.8658697121713453,0.08602839150389581
S_Q1,27,B,SRI12,236,-0.012448692218997434,314.88501924834355,0.0,0.7,4153769791.657734,4153.769791657734,0.7179706123029851,0.3366421176219447
S_Q1,27,B,SRI12,237,0.0,2099.9525318214396,-0.9991512728140663,0.7000368833665438,5137092052.960924,5137.092052960924,0.8480449710036645,0.0675988187995873
S_Q1,27,B,SRI12,238,-0.00039269539568553987,1658.416577049147,-0.7981668144113898,0.7,5038619841.842576,5038.619841842576,0.8346319422207991,0.09912121535560534
S_Q1,27,B,SRI12,239,0.0,1762.4962700198066,-2.15174654027522,0.7084170867092252,4182095776.930033,4182.095776930033,0.7789874408510337,0.0892660191411392
S_Q1,27,B,SRI12,240,-3.8429004596686944e-05,1621.8778717184891,-1.3417896939428406,0.714306931547895,4609335075.583507,4609.335075583506,0.8015440993346856,0.10410218095136445
S_Q1,27,B,SRI12,241,0.0,1210.0686764826366,-0.0020645951627791094,0.7002703101420569,5122078253.076554,5122.078253076555,0.8294019283452521,0.18404667876329744
S_Q1,27,B,SRI12,242,0.0,1886.5831216505683,-1.404095213240643,0.7005026769999573,4741461269.859658,4741.461269859658,0.8194755754794181,0.07866367808730922
S_Q1,27,B,SRI12,243,0.0,65.76778053268106,0.0,0.7,3357221390.0330744,3357.2213900330744,0.6623616892589035,0.36218735546305186
S_Q1,27,B,SRI12,245,-0.0037105679762274085,1919.2138368664416,-0.7706908954387091,0.7049521465262545,5172678837.522216,5172.678837522216,0.8493613690539724,0.07631550859216565
S_Q1,27,B,SRI12,246,-0.00012016721033618685,1936.4494281807138,-0.8398078207019268,0.7000986222052851,5158937621.706811,5158.937621706811,0.8484363325861887,0.07521258049596186
S_Q1,27,B,SRI12,247,-0.0807585970682218,1803.900323439578,-1.9842752793125846,0.7046078903277949,4295884760.018689,4295.884760018689,0.7837905148183727,0.0925036467783826
S_Q1,27,B,SRI12,248,-0.001635556269831529,1737.7991423809858,-2.113200078302427,0.7,4197230430.4745708,4197.23043047457,0.7781335610346176,0.09093820044828692
S_Q1,27,B,SRI12,249,0.0,1583.7854477257295,-0.6083838035120841,0.701089107391408,5096171424.836373,5096.171424836373,0.8366954851104708,0.10975913473511938
S_Q1,27,B,SRI12,251,-6.042142728530215e-05,2090.3853479051927,-1.717340269839923,0.7,4610262124.769071,4610.26212476907,0.8183370690575301,0.06781228875369125
S_Q1,27,B,SRI12,252,-0.028827626779053324,2052.4660140291153,-0.8801644831994474,0.7,5187483960.882379,5187.483960882379,0.8504287188244921,0.06987583164336285
S_Q1,27,B,SRI12,253,-0.3844286999630546,233.8019144595521,0.0,0.7,3978483523.124984,3978.483523124984,0.6939908207919735,0.34674636211619886
S_Q1,27,B,SRI12,254,-0.00045417219406843415,2080.9871273416325,-1.6146383396050805,0.7082357929984241,4667434481.145113,4667.434481145113,0.8208275518554096,0.06831038531326715
S_Q1,27,B,SRI12,255,-0.0005082554008364604,2073.870009874796,-1.8369039142875851,0.7000087955987051,4518069972.617092,4518.069972617092,0.8124666453196713,0.06838154196463514
S_Q1,27,B,SRI12,256,-0.00967118904446923,119.57272888178562,-4.636788651175535e-06,0.7000059323076107,3626869278.954932,3626.8692789549323,0.674600633294197,0.35667271498203296
S_Q1,27,B,SRI12,257,0.0,1782.0368517920226,-1.990647512681447,0.7001389111999676,4287968134.794124,4287.968134794124,0.787028142455616,0.08755825950830755
S_Q1,27,B,SRI12,259,-0.0009967832568136305,0.0,-1.083944763786954,0.7257389873054406,956192760.8455793,956.1927608455793,0.5672608247055894,0.3692318639484825
S_Q1,27,B,SRI12,260,-2.7470396008613142e-05,1307.182742811274,-0.003750577076000322,0.7,5188896843.051747,5188.896843051747,0.8379763048350946,0.16149002027964568
S_Q1,27,B,SRI12,261,0.0,4.593254649135346,0.0,0.7,2527932723.058838,2527.932723058838,0.6462091293983705,0.3686626107375386
S_Q1,27,B,SRI12,263,0.0,1978.9770946045305,-1.7123284212563783,0.7124408696529738,4537157888.354423,4537.1578883544225,0.8114704522005196,0.0727576760237663
S_Q1,27,B,SRI12,265,-3.804513674688899e-05,1818.7833360216632,-0.6474923796692829,0.7001957431359692,5207834575.058742,5207.834575058741,0.8496459956594442,0.08392927028854023
S_Q1,27,B,SRI12,267,-1.9060811488894984,0.0,-1.1317871522930885,0.8439708977108753,525558741.71895725,525.5587417189572,0.5109759134735119,0.3692318639484825
S_Q1,27,B,SRI12,268,0.0,576.7929560916319,0.0,0.7,4551272751.566939,4551.272751566939,0.7627281460134486,0.3067563240473903
S_Q1,27,B,SRI12,269,0.0,491.12551125356737,0.0,0.7,4439909926.576657,4439.909926576657,0.7505959369552069,0.31807023161490017
S_Q1,27,B,SRI12,270,0.0,1996.7326172154242,0.0,0.7,5574871052.694515,5574.871052694515,0.8756537517344433,0.07165474792756253
S_Q1,27,B,SRI12,273,0.0,1823.3821905651942,-1.1150997553880213,0.7,4927613303.392627,4927.613303392627,0.8291884583911482,0.08350233038033232
S_Q1,27,B,SRI12,274,0.0,1684.684352897044,-1.3102452104610633,0.7829786236887415,4463670512.378263,4463.670512378263,0.7941438075924147,0.0961326359981499
S_Q1,27,B,SRI12,275,0.0,512.6230912818382,0.0,0.7,4469145583.713815,4469.145583713815,0.7534777813356105,0.3151883872344967
S_Q1,27,B,SRI12,276,-0.10455800581210917,1803.2881043157108,0.0,0.7,5478208492.024206,5478.208492024206,0.8627032411854698,0.09538549115878604
S_Q1,27,B,SRI12,277,0.0,756.1752659258705,0.0,0.7,4748886043.601668,4748.8860436016685,0.7853915394741525,0.2798591098302914
S_Q1,27,B,SRI12,279,0.0,169.51408522247658,0.0,0.7,3802961700.270092,3802.961700270092,0.6857010709076031,0.3505532429643861
S_Q1,27,B,SRI12,280,0.0,298.80432194257503,0.0,0.7016691144359648,4113193989.156521,4113.193989156521,0.712954068381542,0.33831429892909237
S_Q1,27,B,SRI12,281,0.0,195.87935630601817,0.0,0.7,3880272213.2841253,3880.2722132841254,0.691571494645462,0.3476002419326147
S_Q1,27,B,SRI12,282,-0.741907446817939,0.0,-1.0570506409409108,0.9003894093913002,353417320.72353387,353.41732072353386,0.4900914362970078,0.3692318639484825
S_Q1,27,B,SRI12,283,-0.6744464032059643,0.0,-1.168936887096832,0.9921777340798121,25736490.316422343,25.736490316422344,0.45646991852563423,0.3692318639484825
S_Q1,27,B,SRI12,286,-2.0015199940354043,0.0,-1.2235845501983118,0.7,933677667.619525,933.677667619525,0.5637741487885579,0.3692318639484825
S_Q1,27,B,SRI12,288,-2.4982176192877775e-09,1351.6491944400932,0.0,0.7,5219300790.423017,5219.300790423016,0.84149855907781,0.1520973422990714
S_Q1,27,B,SRI12,289,0.0,2033.1388928679849,-1.322076792566501,0.7,4874412775.432268,4874.412775432268,0.8307894830469278,0.06987583164336285
S_Q1,27,B,SRI12,290,0.0,328.51309551576304,-0.00015771190866850594,0.7,4179735085.230953,4179.735085230953,0.7211370832888605,0.335325719571637
S_Q1,27,B,SRI12,292,-3.0756769346775656,0.0,-1.060448933270977,0.7033139250158953,1049810177.3559178,1049.8101773559179,0.5789660938556231,0.3692318639484825
S_Q1,27,B,SRI12,293,-0.003072438331028788,0.0,-1.2791537103723574,0.7016505367861436,893197922.1597273,893.1979221597273,0.558472978261643,0.3692318639484825
S_Q1,27,B,SRI12,294,-0.005824353474198435,144.61702188773447,0.0,0.7,3720994525.4548206,3720.9945254548206,0.6803999003806881,0.35343508734478957
S_Q1,27,B,SRI12,296,0.0,675.0406882065491,0.0,0.7,4664436228.32998,4664.43622832998,0.7756786565624224,0.2930942469847369
S_Q1,27,B,SRI12,301,-0.0164633146674813,162.67574006119725,0.0,0.7000110307833097,3781370002.41416,3781.37000241416,0.6842067812288752,0.35122923115238197
S_Q1,27,B,SRI12,302,0.0,1684.684352897044,-1.3102452104610633,0.7025482125187245,4700203599.3432455,4700.2035993432455,0.8099050058704238,0.0961326359981499
S_Q1,27,B,SRI12,303,-2.4982176192877775e-09,1156.7991475621043,0.0,0.7,5086633567.977539,5086.633567977539,0.824705589354965,0.196748141032483
S_Q1,27,B,SRI12,304,-0.19032731758577756,242.41606254984276,0.0,0.7,3999205450.7568426,3999.2054507568428,0.6995766179243603,0.3452520724374711
S_Q1,27,B,SRI12,305,-8.336194843727002e-05,318.8605054982997,-0.0030580290273105847,0.7,4160026916.0259356,4160.026916025936,0.7185042871882447,0.3360372860853168
S_Q1,27,B,SRI12,306,-0.0047210512981906184,2080.1786590088577,-1.2676058889524096,0.7012986521912805,4928610403.531334,4928.610403531334,0.835236773757427,0.06834596363895114
S_Q1,27,B,SRI12,307,-0.10455800581210917,1942.7005161397858,0.0,0.7,5548041840.26394,5548.04184026394,0.8693208097626924,0.08528124666453196
S_Q1,27,B,SRI12,308,0.0,2033.1388928679849,-0.8926963044546303,0.7,5171744993.645488,5171.744993645488,0.8496459956594442,0.06987583164336285
S_Q1,27,B,SRI12,309,-6.575607811721917e-05,1706.3220317344433,-1.4674005139310378,0.7,4608948896.162202,4608.948896162202,0.8046038353435089,0.09392677980574231
S_Q1,27,B,SRI12,310,0.0,1684.295808950221,-2.449376864929073,0.7236479487790838,3998452152.5559907,3998.452152555991,0.7629060376418686,0.09620379264951788
S_Q1,27,B,SRI12,311,0.0,1430.0666762578721,0.0,0.7,5268628140.713496,5268.628140713497,0.8466929946276729,0.13612267406695844
S_Q1,27,B,SRI12,312,0.0,1684.3816559937732,-1.7044264082108684,0.7351943955521186,4349154628.149605,4349.154628149605,0.7880599139004519,0.09620379264951788
S_Q1,27,B,SRI12,313,0.0,2013.7560897117055,-1.3418523993742877,0.7607040276699146,4678025727.177752,4678.025727177752,0.8208987085067776,0.07076528978546269
S_Q1,27,B,SRI12,314,-0.021589292679196456,1444.2942246085345,-0.9456442168331806,0.7016252122405569,4819021324.097161,4819.021324097162,0.8093357526594797,0.1337745045718149
S_Q1,27,B,SRI12,315,-3.215861138409756,0.0,-1.0083591267110898,0.7,1093075630.1980739,1093.075630198074,0.5847297826164302,0.3692318639484825
S_Q1,27,B,SRI12,316,0.0,1862.3683156397456,-1.1193885538025312,0.7015804390429988,4938929972.029138,4938.929972029137,0.8307894830469279,0.08047817269719285
S_Q1,27,B,SRI12,317,-0.02306061323587988,1794.736896021045,-1.9652945027421593,0.7012491866431445,4303336627.848649,4303.336627848649,0.7876685523179279,0.08698900629736366
S_Q1,27,B,SRI12,318,0.0,2022.733586060037,-1.243214068030269,0.7,4920924368.33928,4920.92436833928,0.8330664958907035,0.07037392820293877
S_Q1,27,B,SRI12,320,0.0,631.6988538963577,-0.029346720768737844,0.7001223102801748,4605059204.339725,4605.059204339725,0.7691678229622513,0.2994627672821717
S_Q1,27,B,SRI12,321,0.0,302.1948573460499,0.0,0.7,4128818797.449106,4128.818797449107,0.7153022378766856,0.3379940939979364
S_Q1,27,B,SRI12,322,0.0,2100.0,-0.6785490081542604,0.744528527548611,5139259655.19469,5139.25965519469,0.8520297434802719,0.0675632404739033
S_Q1,27,B,SRI12,324,0.0,74.0690222157249,-0.005664605443709585,0.7,3405669193.6639056,3405.669193663906,0.664176183868787,0.3614046322980041
S_Q1,27,B,SRI12,325,-0.10691350566910557,1857.3191338352206,0.0,0.7,5505750832.191166,5505.7508321911655,0.8654427722631373,0.09093820044828692
S_Q1,27,B,SRI12,327,-0.00011992094894781088,908.3047760981937,-7.229375927771798e-05,0.700000368153451,4890272089.500434,4890.272089500434,0.8016864126374214,0.25196570249404054
S_Q1,27,B,SRI12,328,0.0,1242.0038594342293,0.0,0.7000067261337217,5146473197.376772,5146.473197376772,0.8324616643540758,0.1763973387412388
S_Q1,27,B,SRI12,329,-0.0007660631510268311,62.35350986286597,-3.394725294652255e-05,0.7000000735457973,3334980680.782603,3334.9806807826026,0.6614010744654356,0.3625787170455758
S_Q1,27,B,SRI12,330,-0.031108887889082445,1675.3242447464652,-1.6771301153177098,0.7001124393120935,4431108902.212629,4431.108902212629,0.7914398548404309,0.09766250400256163
S_Q1,27,B,SRI12,334,-0.10321098482584394,281.874604501808,-0.005541165971755821,0.7,4084972023.6695433,4084.9720236695434,0.7094673924645107,0.34126729996086375
S_Q1,27,B,SRI12,335,0.0,1181.4895391625769,0.0,0.7000300227343673,5104226246.869509,5104.226246869509,0.8267691322446368,0.19105560892304413
S_Q1,27,B,SRI12,336,-0.003898569959973987,2076.1499017887168,-2.2114365044005577,0.7,4316175933.028398,4316.175933028398,0.8004055929127978,0.06838154196463514
S_Q1,27,B,SRI12,337,-5.868401974783448e-06,1595.589957784058,-0.9386219596009009,0.7005943735775666,4916516607.369836,4916.516607369836,0.8232468780019212,0.10733980858860781
S_Q1,27,B,SRI12,338,-0.12725821592046865,576.7929560916319,0.0,0.7,4551109138.963832,4551.109138963832,0.759953036610097,0.30906891521684987
S_Q1,27,B,SRI12,339,-3.201853596009274,0.0,-0.0927142072965445,0.7057412831837523,1521818324.7272465,1521.8183247272466,0.6371722346746362,0.3692318639484825
S_Q1,27,B,SRI12,340,-0.008820471045362587,1310.8624228181234,-0.0023577929382411957,0.7,5191556141.747959,5191.556141747959,0.8382965097662505,0.16067171878891381
S_Q1,27,B,SRI12,341,-7.53410553652671e-05,1782.2472439739327,-1.1748153043320237,0.7426067756649265,4719430989.674081,4719.430989674081,0.814708079837763,0.08755825950830755
S_Q1,27,B,SRI12,342,-3.0252892791818105,0.0,-1.4764132728140347,0.7082440361411821,741775203.3507429,741.7752033507429,0.5394741523463905,0.3692318639484825
S_Q1,27,B,SRI12,343,0.0,931.2673235344566,0.0,0.7000000172443093,4909987903.492645,4909.987903492645,0.8040345821325648,0.2474828334578575
S_Q1,27,B,SRI12,344,-1.6851964822031315e-05,1747.6984056014408,-1.796109044881756,0.7024826434146043,4383711288.973756,4383.7112889737555,0.7912263848863273,0.09033336891165901
S_Q1,27,B,SRI12,345,-0.05458841869405706,0.0,-1.0533123543361183,0.9244128425662436,268605377.8834463,268.6053778834463,0.4812324332016935,0.3692318639484825
S_Q1,27,B,SRI12,346,-2.5166725024399535e-05,1888.190008605459,-1.512479543258001,0.7032039982577193,4665264707.0375595,4665.26470703756,0.8148503931404989,0.07845020813320526
S_Q1,27,B,SRI12,347,-0.021903846941325966,0.0,-0.5709693678253023,0.7024897063933634,1332357829.0608816,1332.3578290608816,0.6140463229800405,0.3692318639484825
S_Q1,27,B,SRI12,348,-0.01192937489417567,344.48188505425134,0.0,0.7000000172443093,4209165350.3747616,4209.165350374761,0.7244102892517877,0.3337958515672252
S_Q1,27,B,SRI12,349,0.0,242.87644495145966,0.0,0.7000000002456949,4000358388.550097,4000.358388550097,0.7022094140249758,0.34322410787348345
S_Q1,27,B,SRI12,350,-0.0016552687505979307,1888.2991009977547,-1.3706928128728928,0.7659929235406198,4584419884.462715,4584.419884462715,0.8107233073611556,0.07845020813320526
S_Q1,27,B,SRI12,351,-0.12360837608383629,333.22514323373787,0.0,0.7,4188453654.6405363,4188.453654640536,0.7205322517522326,0.33635749101647283
S_Q1,27,B,SRI12,352,-0.013091495734983605,2068.2132235836966,-0.6653144352139515,0.7363578438829282,5164461291.833748,5164.461291833748,0.8528124666453195,0.06941331340947093
S_Q1,27,B,SRI12,353,-0.0006909638656201339,4.304191166289542,0.0,0.7000000172443093,2513495572.970015,2513.495572970015,0.6461735510726866,0.36869818906322266
S_Q1,27,B,SRI12,355,0.0,775.3902211121024,0.0,0.7001202416965137,4767305168.266539,4767.305168266538,0.787455082363824,0.2767637954957839
S_Q1,27,B,SRI12,356,0.0,372.11222362159316,0.0,0.7,4257669999.4101357,4257.6699994101355,0.7293200981961788,0.3302024406731419
S_Q1,27,B,SRI12,359,-0.00019322162791544743,1674.2769111573662,-1.2705031269749822,0.7566859800028803,4556023398.461846,4556.023398461846,0.7990180382111217,0.09698651581456577
S_Q1,27,B,SRI12,360,-0.22935244844419211,493.657270513503,-5.278285894052344e-05,0.7,4443197668.360356,4443.197668360356,0.7450457181485041,0.32233963069697935
S_Q1,27,B,SRI12,361,-0.1204406857347337,112.99820398381209,-0.001582764211281451,0.7,3599069037.097796,3599.069037097796,0.6726438253815776,0.35777564307823667
S_Q1,27,B,SRI12,362,-2.6816715430116966e-07,1756.8775004063223,-0.004597547274003966,0.7,5452549566.548164,5452.549566548164,0.8648379407265095,0.08965738072366314
S_Q1,27,B,SRI12,363,-0.00012240782306412266,1775.464922491974,-2.4200130817235244,0.7121363606342033,4063325094.0425982,4063.3250940425983,0.7727256555306506,0.08802077774219948
S_Q1,27,B,SRI12,364,-1.809813285443148,0.0,-1.252365440674211,0.7016494734101822,910338744.5489917,910.3387445489917,0.5609634610595226,0.3692318639484825
S_Q1,27,B,SRI12,365,-0.000520082065399538,640.9320692837977,0.0,0.7,4626653236.448542,4626.653236448542,0.7716583057601307,0.29818194755754795
S_Q1,27,B,SRI12,366,-0.002872878723421742,2091.747138948925,-1.4504679821500845,0.7042997251670221,4798920132.185149,4798.920132185149,0.8285836268545204,0.06777671042800726
S_Q1,27,B,SRI12,367,-3.388999136911552e-07,1413.4004099016104,0.0,0.7013153882071824,5251358431.243373,5251.358431243373,0.845127548297577,0.13957377165830578
S_Q1,27,B,SRI12,369,-0.004036876824919669,849.5830453856511,0.0,0.7,4837988593.676884,4837.988593676883,0.7960650371793503,0.2632796100615505
S_Q1,27,B,SRI12,370,-0.056192096559307445,1688.739043197203,-1.261876198494653,0.7084690300254143,4713463364.462599,4713.463364462599,0.8072366314441242,0.10086455331412106
S_Q1,27,B,SRI12,372,-1.8607002282772271,0.0,-1.220552262378491,0.7382208179643011,816910353.2346208,816.9103532346209,0.5488312520012809,0.3692318639484825
S_Q1,27,B,SRI12,373,0.0,1073.0577987898014,0.0,0.7,5024402417.844143,5024.402417844143,0.8170562493329063,0.2156402319706834
S_Q1,27,B,SRI12,374,-0.0011065398024811372,51.10981293658847,0.0,0.7000023220147141,3254460826.8994174,3254.4608268994175,0.6588038566905041,0.3638239584445156
S_Q1,27,B,SRI12,375,-3.9714601871751016,0.0,-0.9089009138594315,0.7140268053597847,1100049706.4715364,1100.0497064715364,0.585192300850322,0.3692318639484825
S_Q1,27,B,SRI12,376,-0.0009487849095092746,1847.5168544490607,-1.235087803832006,0.7004081273549715,4839011792.522025,4839.011792522025,0.8233891913046572,0.08165225744476465
S_Q1,27,B,SRI12,377,0.0,2077.212362841481,-1.3134280333261135,0.7001796760422133,4901135379.7128315,4901.135379712831,0.8336713274273314,0.06838154196463514
S_Q1,27,B,SRI12,378,-0.060403828032340526,1911.9188000925417,-2.194343328090451,0.7,4245603415.814962,4245.603415814962,0.7862098409648843,0.08275518554096845
S_Q1,27,B,SRI12,379,-0.001616127293158897,1686.640960521129,-0.6021243839795145,0.706363448904852,5133265251.446766,5133.265251446766,0.8420678122887537,0.09591916604404595
S_Q1,27,B,SRI12,380,-2.778677042687104e-06,211.43930692637105,0.0,0.7002371006139658,3920979928.663544,3920.9799286635443,0.6947379656313375,0.3462482655566229
S_Q1,27,B,SRI12,381,-3.0252892791818105,0.0,-0.019789717577802346,0.7097725721367458,1521296441.1497436,1521.2964411497435,0.6368520297434801,0.3692318639484825
S_Q1,27,B,SRI12,382,-0.002144381493516045,2100.0,-1.5320981130489275,0.7107463964281736,4733791489.403942,4733.791489403942,0.8253815775429608,0.0675632404739033
S_Q1,27,B,SRI12,383,0.0,1748.1797026893441,-1.3102452104610633,0.7025482125187245,4734238365.774533,4734.238365774533,0.8138542000213471,0.09029779058597501
S_Q1,27,B,SRI12,384,-3.175772938443917e-08,1754.8976718046333,-1.487096167418157,0.7539140273139047,4486013755.751309,4486.013755751309,0.7990891948624897,0.08983527235208309
S_Q1,27,B,SRI12,385,-6.180412964580336e-08,1843.3203767747787,-1.0291411322865125,0.7,4994837111.146668,4994.837111146669,0.834845412174903,0.08207919735297257
S_Q1,27,B,SRI12,387,-2.4472952209413032e-09,1970.4832571834006,-2.115875895874422,0.7,4313448545.197575,4313.448545197574,0.79713238694987,0.07332692923471018
S_Q1,27,B,SRI12,388,0.0,363.363798401061,0.0,0.7000000174911823,4242580832.540643,4242.580832540643,0.7276834952147152,0.3314832603977657
S_Q1,27,B,SRI12,389,-0.00019322162791544743,1630.295762356418,-1.348537561745863,0.7566859800028803,4488451055.791537,4488.451055791537,0.7932899277759988,0.10296367452947665
S_Q1,27,B,SRI12,390,-0.003072438331028788,0.0,-1.2791537103723574,0.7555715638233971,731793571.0289032,731.7935710289032,0.5381577542960828,0.3692318639484825
S_Q1,27,B,SRI12,391,-3.1132222273188903,0.0,-0.043533960488288725,0.7240880289029815,1439468511.4454472,1439.4685114454471,0.6266054719464902,0.3692318639484825
S_Q1,27,B,SRI12,392,-0.001623362709236768,1654.730130045753,-0.002122445919163867,0.7,5398550334.656154,5398.550334656154,0.8604262283416944,0.09954815526381328
S_Q1,27,B,SRI12,393,-0.13272073775594517,495.8087258695141,-0.0005564395337105607,0.7,4446113902.528152,4446.113902528153,0.7483189241114315,0.3199914612018358
S_Q1,27,B,SRI12,394,-2.778536887962704e-06,985.2832475418098,0.0,0.7002380637573458,4953857441.643651,4953.857441643651,0.809193439356744,0.23577756430782373
S_Q1,27,B,SRI12,395,0.0,1684.295808950221,-1.1412630869657103,0.7432894988541909,4689213340.767571,4689.213340767571,0.8090511260540079,0.09620379264951788
S_Q1,27,B,SRI12,396,-7.561664477562379e-05,1999.6205978792723,-1.956578875436919,0.7016825429396264,4409860447.57533,4409.86044757533,0.8041057387839329,0.07147685629914256
S_Q1,27,B,SRI12,397,-0.01887051144429935,1618.5460479990134,-1.599690373186565,0.7,4460988418.052757,4460.988418052757,0.7911552282349594,0.10524068737325223
S_Q1,27,B,SRI12,398,-0.01580777911916853,1729.6334064008786,-0.62023430812679,0.7559086511148407,4928333098.959688,4928.333098959688,0.8298288682534601,0.09221902017291067
S_Q1,27,B,SRI12,399,-0.0024857172424838855,1873.337045811057,-0.4940320109527458,0.7,5311607689.645921,5311.607689645921,0.8569039740989789,0.07958871455509303
S_Q1,27,B,SRI12,400,-0.049812379015402496,1776.1427881898508,-0.9312245998706714,0.736792604053003,4879774707.394611,4879.774707394611,0.824100757818337,0.09022663393460703
S_Q1,27,B,SRI12,401,0.0,1757.0644098584085,-0.5633972532206589,0.7793510043235045,4861113116.304401,4861.113116304401,0.8266268189419007,0.08962180239797915
S_Q1,27,B,SRI12,402,-1.9060811488894984,0.0,-1.1317871522930885,0.838465340036539,544098577.5078716,544.0985775078716,0.5132885046429715,0.3692318639484825
S_Q1,27,B,SRI12,403,-0.001616127293158897,1882.541861474383,-0.6022658951303084,0.7006319346677529,5260764120.643342,5260.764120643342,0.8545558046038356,0.07884156971572917
S_Q1,27,B,SRI12,404,-0.0027939768356090066,1681.1351604256558,-1.8794955538998455,0.7024769877635909,4291355898.628657,4291.355898628657,0.7816202369516488,0.09645284092930587
S_Q1,27,B,SRI12,405,-1.0733121447898026,0.0,-0.0005054962989618217,0.7343449579461494,1398933139.1253946,1398.9331391253945,0.6206994698829471,0.3692318639484825
S_Q1,27,B,SRI12,406,-0.0024387060076300716,1773.6859848894208,-0.5645187295203533,0.7001117563854482,5227382711.064855,5227.382711064854,0.8500373572419683,0.08812751271925146
S_Q1,27,B,SRI12,407,-0.00019608453791008715,458.806195951685,0.0,0.7001283211629465,4393343686.57065,4393.34368657065,0.7453303447539759,0.3213790159035116
S_Q1,27,B,SRI12,411,-0.00037139609117594653,1589.528527657523,-1.9711513927906903,0.7,4191043650.319729,4191.043650319729,0.7705909559896111,0.10851389333617958
S_Q1,27,B,SRI12,414,-0.005472830547644693,2100.0,-2.1019171776946317,0.7097916240670322,4369319456.166714,4369.319456166713,0.8052442452058206,0.0675632404739033
S_Q1,27,B,SRI12,415,-0.018574617441586432,1878.0170655438103,-0.9116645887140854,0.7,5084986822.241103,5084.986822241103,0.840929305866866,0.08005123278898496
S_Q1,27,B,SRI12,416,-1.9991929911091568,0.0,-1.1725636483630335,0.7,978871369.5740854,978.8713695740854,0.5696801508521009,0.3692318639484825
S_Q1,27,B,SRI12,417,-0.17788899813996822,384.7333715335295,-0.019657943518523235,0.7,4271375969.6365914,4271.375969636591,0.7273277119578753,0.3321236702600777
S_Q1,27,B,SRI12,418,0.0,1752.1330532250602,-1.9569141404088184,0.7,4288022992.0024605,4288.02299200246,0.7850001778916286,0.09004874230618708
S_Q1,27,B,SRI12,419,0.0,598.6152897321165,0.0,0.7001202416965137,4576935358.301428,4576.935358301428,0.7657523036965882,0.3039456363183549
S_Q1,27,B,SRI12,420,-3.4832124355945417,0.0,-1.122411671061834,0.7000521499924807,1017067107.23965,1017.06710723965,0.5738428149571282,0.3692318639484825
S_Q1,27,B,SRI12,421,-1.9991929911091568,0.0,-0.7144068687812551,0.7,1274243677.886653,1274.243677886653,0.6072152844487138,0.3692318639484825
S_Q1,27,B,SRI12,422,-0.002814685217547295,807.0349671678441,0.0,0.7000973349149253,4797854834.081042,4797.854834081042,0.7911908065606433,0.271177998363397
S_Q1,27,B,SRI12,423,0.0,715.414569330204,-0.0036330706887235387,0.7000171602453925,4705779011.324899,4705.779011324898,0.7805173088554452,0.28629878677909415
S_Q1,27,B,SRI12,424,-0.009941673443361075,1980.5825158675625,-0.8736067547768296,0.7039008335917957,5141505543.472811,5141.505543472811,0.8473689828156687,0.0733980858860782
S_Q1,27,B,SRI12,425,-1.7938418786165427,0.0,-1.134647905781553,0.946960853858872,178344043.26395306,178.34404326395307,0.4703098872167076,0.3692318639484825
S_Q1,27,B,SRI12,426,-0.012036980438389203,0.0,-0.8419639590539723,0.7000010841409572,1196211047.4258072,1196.2110474258072,0.5972533532571958,0.3692318639484825
S_Q1,27,B,SRI12,427,-3.3261674109115007,0.0,-1.4110588032922171,0.7,803660229.899789,803.660229899789,0.5470523357170811,0.3692318639484825
S_Q1,27,B,SRI12,428,0.0,1216.946698156806,-0.009367181711589831,0.7,5126055836.667375,5126.055836667375,0.8300779165332478,0.18244565410751773
S_Q1,27,B,SRI12,429,-0.08718275608872017,1802.0845500677597,-0.00011071304079444658,0.7000025622755826,5477602010.372394,5477.602010372394,0.8630590244423099,0.09357099654890239
S_Q1,27,B,SRI12,430,-6.82431494000081e-08,1694.0001451415872,-1.7399120798644092,0.7,4394759350.911079,4394.759350911079,0.7905503966983313,0.09510086455331412
S_Q1,27,B,SRI12,431,-4.224537887008777e-07,1854.4291411349063,-1.3255937781548512,0.7024826434146043,4777647107.722665,4777.647107722665,0.8200092503646776,0.08104742590813675
S_Q1,27,B,SRI12,432,0.0,1578.3924859898148,0.0,0.7000001039736058,5356665582.689198,5356.665582689197,0.8559077809798274,0.11071974952858721
S_Q1,27,B,SRI12,433,-0.00012816946893627387,1644.3766768668336,-1.0100770257209166,0.7424862707831166,4746012451.615065,4746.0124516150645,0.8131426335076672,0.10075781833706905
S_Q1,27,B,SRI12,435,0.0,1661.5855191278115,-1.9311252458969708,0.7,4251220854.5337715,4251.220854533772,0.7779200910805136,0.09862311879602946
S_Q1,27,B,SRI12,436,-3.349262344284464e-05,120.74404328470965,0.0,0.7000000004766134,3631617865.9824915,3631.6178659824914,0.6748141032483012,0.3565304016792969
S_Q1,27,B,SRI12,437,0.0,1750.9740871772083,-1.9421325233001823,0.7471578661301176,4226722206.271719,4226.722206271719,0.7813000320204933,0.09008432063187106
S_Q1,27,B,SRI12,438,0.0,2100.0,-1.736671473940194,0.7,4599460901.55522,4599.46090155522,0.8178389724979545,0.0675632404739033
S_Q1,27,B,SRI12,439,-6.316978093484035e-07,2076.1499017887168,-1.0226906907286388,0.7000239358521209,5111857058.282453,5111.857058282452,0.8461948980680967,0.06838154196463514
S_Q1,27,B,SRI12,441,-0.003773316492357944,1625.0086797472966,-1.2791537103723574,0.7032503389092308,4685048732.3750305,4685.04873237503,0.8054932934856085,0.10346177108905256
S_Q1,27,B,SRI12,442,-0.016988456710153043,1874.1908004889187,-1.599690373186565,0.7000352073835802,4596350072.830186,4596.350072830186,0.8099761625217918,0.0802647027430889
S_Q1,27,B,SRI12,444,-1.0832247644172862e-05,1042.6520667570048,-0.00024412075649005854,0.7000616156083942,5000530586.333091,5000.5305863330905,0.8143878749066068,0.2218664389653823
S_Q1,27,B,SRI12,445,-0.0027939768356090066,1649.6257106613075,-1.8794955538998455,0.7024769877635909,4274039422.675593,4274.0394226755925,0.7785605009428257,0.10022414345180915
S_Q1,27,B,SRI12,446,0.0,441.7353609896954,0.0,0.7000001407469302,4368840697.230508,4368.840697230507,0.7429465969331482,0.3230511972106593
S_Q1,27,B,SRI12,447,-0.0047210512981906184,2080.1786590088577,-1.2091230973773306,0.7012864845668225,4969978944.246513,4969.9789442465135,0.8380830398121463,0.06834596363895114
S_Q1,27,B,SRI12,448,0.0,133.2307270732573,-0.005664605443709585,0.7,3677707973.34141,3677.7079733414103,0.6778382609314406,0.3548582203721492
S_Q1,27,B,SRI12,449,-0.0003308266335587059,2088.7400226625405,-0.596199608485349,0.7025573142614701,5354679607.556667,5354.679607556667,0.8641975308641976,0.06784786707937525
S_Q1,27,B,SRI12,450,-0.08718275608872017,555.3196930879897,-0.00011071304079444658,0.7000001292371629,4524481094.345876,4524.481094345876,0.7577116020920056,0.31127477140925747
S_Q1,27,B,SRI12,451,-0.015462702903944256,1729.6334064008786,-0.5415422988791733,0.755260230829571,4962373046.642659,4962.37304664266,0.8323905077027077,0.09221902017291067
S_Q1,27,B,SRI12,452,-0.0008284433276251535,1933.0418178631014,-1.5320987349493946,0.7018253969985819,4676112824.359081,4676.112824359081,0.8173408759383781,0.07549720710143382
S_Q1,27,B,SRI12,456,-0.015177241712052814,0.0,-1.8095408108296356,0.7,516858929.4419106,516.8589294419106,0.5094104671434162,0.3692318639484825
S_Q1,27,B,SRI12,457,-0.0027939768356090066,2057.0692835668556,-1.8794955538998455,0.7000800811116609,4484554881.875772,4484.5548818757725,0.8096203792649519,0.069093108478315
S_Q1,27,B,SRI12,458,-2.4149411689366166e-06,1667.444038970537,0.0,0.7025070824043369,5393211532.58877,5393.21153258877,0.8601771800619062,0.0977692389796136
S_Q1,27,B,SRI12,459,-0.010015409435499589,1938.4454251426264,-1.2972411613087045,0.7000116071987084,4846197193.643246,4846.197193643246,0.8265556622905325,0.07585299035827374
S_Q1,27,B,SRI12,460,-7.561664477562379e-05,1838.3813312779898,-1.9320123155041131,0.7016825429396264,4341967143.465326,4341.967143465326,0.7932543494503149,0.08236382395844452
S_Q1,27,B,SRI12,461,0.0,2097.2499630522298,-1.4530541253864153,0.7238861277490778,4749018127.739765,4749.018127739765,0.8261643007080088,0.06774113210232326
S_Q1,27,B,SRI12,462,-0.0018585199440378937,1892.2769486393859,-0.5651212638765886,0.748468782512107,5069381075.842449,5069.381075842449,0.8443448251325293,0.07823673817910129
S_Q1,27,B,SRI12,465,0.0,564.036522709911,0.0,0.7000300830851164,4535361790.378667,4535.361790378667,0.7609136514035649,0.30832177037748604
S_Q1,27,B,SRI12,466,-0.00279680550466041,1869.4853454119088,-1.3706928128728928,0.7054150775090674,4743976472.371106,4743.976472371106,0.8193688405023658,0.07990891948624895
S_Q1,27,B,SRI12,467,0.0,1496.152825863261,-1.2572167690997866,0.7021891330982631,4628079361.853851,4628.079361853851,0.7951400007115665,0.12395488668303269
S_Q1,27,B,SRI12,468,-0.003123921986295482,1978.4720929064017,-0.9446541584307603,0.7144939100103254,5058998162.952936,5058.998162952937,0.8420678122887536,0.07279325434945029
S_Q1,27,B,SRI12,470,-0.010017753045755211,394.4395668977499,-0.005398670452860292,0.7001982935059451,4291653176.080148,4291.653176080148,0.7331981356957341,0.3279254278293663
S_Q1,27,B,SRI12,471,-0.00014460478240853683,1442.885759572067,-0.926663865690861,0.7006219893965204,4832931112.158605,4832.931112158604,0.8115060305262034,0.13341872131497493
S_Q1,27,B,SRI12,472,-0.0062241035286160935,1542.0740063763176,-0.0014099578094589355,0.7,5335399867.670302,5335.399867670302,0.8534884548333156,0.11605649838118616
S_Q1,27,B,SRI12,473,-0.012805338095095195,2079.4549343166973,-2.232470275818613,0.723299297572575,4286447492.731669,4286.447492731669,0.7987689899313339,0.06912868680399901
S_Q1,27,B,SRI12,474,-0.009714990823700967,228.90671386566444,-0.003034363278793551,0.7008406970909083,3960806391.868398,3960.8063918683984,0.6982957981997366,0.3444693492724233
S_Q1,27,B,SRI12,476,-0.013864754877430552,423.99193464864607,0.0,0.7000001037179033,4341872122.987799,4341.872122987798,0.7394599210161169,0.32490127014622694
S_Q1,27,B,SRI12,477,-0.0033627942256115873,2072.8518081624015,0.0,0.7000888237888778,5610317411.46779,5610.3174114677895,0.8789981143487388,0.06845269861600313
S_Q1,27,B,SRI12,478,0.0,1454.9879487709159,-1.0377743118954952,0.7,4775184248.570875,4775.184248570875,0.8066317999074963,0.13128402177393533
S_Q1,27,B,SRI12,479,-0.00013155657020907474,1758.425254205946,-0.933475792457438,0.7424862707831166,4847981955.152347,4847.981955152347,0.8242074927953893,0.08958622407229516
S_Q1,27,B,SRI12,480,-0.002109100530266708,1854.4291411349063,-1.7974190521391724,0.7024863745475718,4438323359.199177,4438.323359199177,0.7996584480734339,0.08104742590813675
S_Q1,27,B,SRI12,482,-0.005765206471867437,1527.6692135246838,-0.9277839096438317,0.7072758659280304,4856965395.086678,4856.965395086678,0.8164158394705945,0.11833351122496173
S_Q1,27,B,SRI12,483,-2.4982176192877775e-09,1107.3880153084333,0.0,0.7,5050285548.164684,5050.285548164684,0.8207563952040416,0.20784857864588896
S_Q1,27,B,SRI12,484,-0.02975486394327942,0.0,-0.5546855180829038,0.7,1351176185.1355102,1351.1761851355102,0.616501227452236,0.3692318639484825
S_Q1,27,B,SRI12,485,0.0,961.37712254641,0.0,0.7,4935345461.731786,4935.345461731786,0.8069164265129685,0.24100757818337074
S_Q1,27,B,SRI12,486,-0.002109100530266708,1854.4291411349063,-0.8558552857464795,0.7024863745475718,5096785280.481154,5096.785280481155,0.8422457039171735,0.08104742590813675
S_Q1,27,B,SRI12,487,-1.8904652278375143,0.0,-1.1367266465845296,0.9560894311253465,147544311.69515565,147.54431169515564,0.46746362116198803,0.3692318639484825
S_Q1,27,B,SRI12,488,-6.553899753221245e-06,1558.895600414542,-0.9386219596009009,0.7005815013499179,4895634430.129215,4895.634430129216,0.8201515636674138,0.11299676237236277
S_Q1,27,B,SRI12,489,0.0,1569.640088380487,-2.0299278333923323,0.7008259877395846,4149434258.0759754,4149.434258075976,0.766641761838688,0.11203614757889495
S_Q1,27,B,SRI12,490,-0.00012816946893627387,1644.3766768668336,-0.9692760926757682,0.7424862707831166,4767508833.720481,4767.508833720481,0.8149571281175509,0.10075781833706905
S_Q1,27,B,SRI12,491,-0.0062668098305594016,1638.11826280226,-0.609932475726687,0.7193314489548639,5045754128.327131,5045.754128327131,0.8342761589639591,0.10154054150211692
S_Q1,27,B,SRI12,492,-0.05524618152128735,95.30846834684024,0.0,0.70000545048007,3520029598.7889366,3520.0295987889367,0.6691215711388622,0.3592699327569644
S_Q1,27,B,SRI12,493,-0.017138400241520788,1937.59912907574,0.0,0.7,5546217848.4873085,5546.217848487308,0.8734834738677199,0.07588856868395773
S_Q1,27,B,SRI12,494,0.0,1992.6744690494988,-1.142707076363511,0.7050644461839471,4974245236.632055,4974.245236632055,0.8359483402711066,0.0718326395559825
S_Q1,27,B,SRI12,495,-0.6524686136677837,0.0,-1.036494653110963,0.9436809360666967,202221282.09249836,202.22128209249837,0.4734763582025829,0.3692318639484825
S_Q1,27,B,SRI12,496,-0.11970824987921114,269.2127278026419,0.0,0.7000002473429496,4060007907.7525997,4060.0079077525997,0.7068345963638949,0.3421211797772796
S_Q1,27,B,SRI12,497,0.0,1590.065878401121,-1.3492237420836857,0.7000020231446957,4626388855.938508,4626.388855938508,0.8015085210090015,0.10837158003344362
S_Q1,27,B,SRI12,498,-0.10560660910275654,1754.7270818861862,-2.6736589384873666e-05,0.7,5452905474.698341,5452.905474698341,0.8604618066673783,0.09986836019496924
S_Q1,27,B,SRI12,499,-0.002109100530266708,1854.4291411349063,-0.002791960647210434,0.7001419698030833,5502769301.350807,5502.769301350807,0.8696054363681647,0.08104742590813675
S_Q1,27,B,SRI12,500,-2.1610653615153285e-07,1680.0738940759368,-0.632119132496476,0.7237114557557659,5038892475.463732,5038.892475463732,0.835877183619739,0.09655957590635784
S_Q1,27,B,SRI12,501,-2.83773056183853e-06,1713.8380493333561,-2.3561404069764302,0.7003393416832627,4068012205.1888213,4068.012205188821,0.7696659195218275,0.09307289998932647
S_Q1,27,B,SRI12,503,-0.006169829190636238,1541.4080814874642,-0.6359142440092881,0.7000131978915419,5063822655.965065,5063.822655965065,0.8327462909595474,0.11605649838118616
S_Q1,27,B,SRI12,504,0.0,1479.5956555508337,0.0,0.7010370939682484,5293305745.7225685,5293.305745722569,0.8496459956594443,0.1266944177607002
S_Q1,27,B,SRI12,505,0.0,1572.3110038329178,-1.5952595568361034,0.7023753912960743,4432116628.950895,4432.116628950896,0.7881310705518197,0.11143131604226707
S_Q1,27,B,SRI12,506,-0.011856451510119605,413.174125684141,0.0,0.7,4324967345.949089,4324.967345949089,0.7372540648237094,0.32607535489379863
S_Q1,27,B,SRI12,507,-3.215861138409756,0.0,-0.6401942707199075,0.7,1309098778.3799381,1309.098778379938,0.611342370228057,0.3692318639484825
S_Q1,27,B,SRI12,509,0.0,1271.5755299083914,0.0,0.7000001429669459,5166592891.098094,5166.592891098094,0.835379087060163,0.16981534848970006
S_Q1,27,B,SRI12,510,-2.780438326959632e-09,1694.268731495364,0.0,0.7000000208294732,5421205309.6131525,5421.205309613152,0.8622763012772618,0.09510086455331412
S_Q1,27,B,SRI12,512,-0.03309184073392201,1967.3254969062996,-2.1167339733128254,0.7043059241070173,4306201635.960758,4306.201635960758,0.7952823140143025,0.07414523072544205
S_Q1,27,B,SRI12,513,-0.016988456710153043,1874.1908004889187,-1.599690373186565,0.7203949268311911,4550798734.163952,4550.798734163952,0.8072010531184403,0.0802647027430889
S_Q1,27,B,SRI12,514,-3.686859874690964,0.0,-0.8497260359232736,0.7145109321483807,1133380442.0552638,1133.3804420552638,0.5892482299782972,0.3692318639484825
S_Q1,27,B,SRI12,516,-0.13909763494758692,302.3335930163703,-0.0015369680996448927,0.7,4128403084.4478707,4128.403084447871,0.713131960009962,0.33945280535098016
S_Q1,27,B,SRI12,517,-0.00028984933767470245,1640.4110253089443,-1.9567633500817718,0.7,4227541565.9083686,4227.541565908368,0.7753228733055822,0.10132707154801295
S_Q1,27,B,SRI12,518,0.0,751.8744189229909,0.0,0.7,4744587573.188088,4744.587573188089,0.7850001778916282,0.2807129896467072
S_Q1,27,B,SRI12,519,0.0,933.5676330758785,0.0,0.7,4911956274.766925,4911.956274766925,0.8042836304123526,0.24694915857259764
S_Q1,27,B,SRI12,520,0.0,1073.4915661432076,0.0,0.7,5024733941.152963,5024.733941152963,0.8170918276585902,0.21553349699363145
S_Q1,27,B,SRI12,521,-0.007656037418505781,372.8458414272447,0.0,0.7,4258920608.10558,4258.92060810558,0.7294979898245987,0.33009570569609
S_Q1,27,B,SRI12,522,0.0,774.2116157840418,0.0,0.7,4766774841.3056345,4766.774841305634,0.787312769061088,0.2769061087985199
S_Q1,27,B,SRI12,523,0.0,1357.384782978611,-0.303620990757452,0.7,5112080184.140625,5112.080184140625,0.8326039776568115,0.1506030526203437
S_Q1,27,B,SRI12,524,0.0,883.4275577290407,0.0,0.7,4868472652.595434,4868.472652595434,0.7995517130963817,0.2572312946952717
S_Q1,27,B,SRI12,525,0.0,1484.502619567937,-0.7469378537117605,0.7,4971910715.19184,4971.910715191841,0.8251325292631727,0.12569822464154837
S_Q1,27,B,SRI12,526,-0.007403131599572605,537.0868937198741,0.0,0.7000588493772947,4501006300.922708,4501.006300922708,0.7570000355783257,0.3123776995054613
S_Q1,27,B,SRI12,527,0.0,515.6671036769792,-0.0038189480438710413,0.7,4471677634.117049,4471.677634117049,0.7536912512897141,0.3147614473262888
S_Q1,27,B,SRI12,529,-0.003312405777931862,2091.0761849088676,-1.4074626547383489,0.7,4838683123.564882,4838.683123564882,0.8310385313267156,0.06777671042800726
S_Q1,27,B,SRI12,532,-0.00039679122586568603,964.1767855237323,0.0,0.7001036435708099,4937134661.67278,4937.13466167278,0.8072366314441243,0.24033158999537482
S_Q1,27,B,SRI12,534,0.0,1886.1020127941642,-0.8222508826040503,0.7050949372538825,5124833512.382024,5124.833512382023,0.8447717650407371,0.07866367808730922
S_Q1,27,B,SRI12,536,0.0,1575.496699435075,-1.491206233643002,0.700101976078266,4520782533.20342,4520.78253320342,0.7937880243355749,0.11093321948269115
S_Q1,27,B,SRI12,537,-5.6681833344398094e-05,1747.4313935020493,-0.0002889609104189707,0.7,5449665971.758227,5449.665971758227,0.8644110008183016,0.09033336891165901
S_Q1,27,B,SRI12,539,-0.0021707492816159368,714.8696336213815,0.0,0.700928742843858,4701863880.01132,4701.86388001132,0.7800192122958692,0.28629878677909415
S_Q1,27,B,SRI12,540,-0.07375756442296318,1896.7842107271535,-5.979972827531779e-05,0.7,5525581626.565404,5525.581626565404,0.8678265200839649,0.08496104173337606
S_Q1,27,B,SRI12,541,0.0,2057.591231716236,-0.4873526749404502,0.7001143507697358,5402865045.62652,5402.86504562652,0.8654427722631375,0.069057530152631
S_Q1,27,B,SRI12,542,0.0,339.51493137039125,0.0,0.7,4200115772.718244,4200.115772718244,0.723378517806952,0.33425836980111717
S_Q1,27,B,SRI12,543,-0.31594748057330646,463.05453077961096,0.0,0.7,4399871248.616503,4399.871248616503,0.7378944746860213,0.32628882484790267
S_Q1,27,B,SRI12,544,-0.0006367845948391788,1529.7434463525517,-1.8171599213539529,0.7,4249922096.7743945,4249.922096774395,0.770911160920767,0.1180488846194898
S_Q1,27,B,SRI12,545,-0.002148020626273048,1915.3364980880788,-1.3570486510251054,0.7,4791539148.231772,4791.539148231773,0.8232468780019211,0.07649340022058562
S_Q1,27,B,SRI12,546,-0.00011475508831619921,1820.863303076887,-1.6564927100848794,0.7039803643708322,4518152671.655818,4518.152671655818,0.8046038353435087,0.08368022200875228
S_Q1,27,B,SRI12,547,0.0,1553.2845148203367,-1.491206233643002,0.7000038738006804,4508288577.259214,4508.288577259214,0.791831216422955,0.11392179884014658
S_Q1,27,B,SRI12,548,-2.240537554547316,0.0,-0.1747630106964798,0.703140148281161,1504473560.695574,1504.473560695574,0.6347529085281246,0.3692318639484825
S_Q1,27,B,SRI12,549,-2.0116809636332514e-05,1803.1286939985882,-2.3308747220066084,0.7,4125976292.0386753,4125.976292038676,0.7784181876400895,0.08538798164158393
S_Q1,27,B,SRI12,550,0.0,2061.566899113549,-9.078012256985554e-07,0.7,5605528623.272943,5605.528623272942,0.878464439463479,0.06880848187284305
S_Q1,27,B,SRI12,551,-0.016853641448246585,2100.0,-0.813871633833882,0.7,5252405594.000714,5252.405594000715,0.8561924075852988,0.06831038531326715
S_Q1,27,B,SRI12,552,-0.016750289946132257,2047.0241578496123,-0.8087623387849905,0.7032068465665244,5216647794.7539015,5216.6477947539015,0.8533105632048955,0.07008930159746682
S_Q1,27,B,SRI12,553,0.0,642.1379615943182,0.0,0.7000001942510671,4628034197.128959,4628.034197128959,0.7716938840858149,0.297897320952076
S_Q1,27,B,SRI12,557,-0.0013857742556286669,1871.8687966761483,-2.0333445573873594,0.700860031159426,4308140521.417302,4308.140521417302,0.7929697228448431,0.07969544953214501
S_Q1,27,B,SRI12,558,-0.005534666720929513,1521.3429987300287,-1.4585088517908817,0.7170850834641663,4465506243.05108,4465.50624305108,0.78724161240972,0.11932970434411357
S_Q1,27,B,SRI12,559,-0.0022801543199733633,1829.5090177459556,-2.0333445573873594,0.7008457662998193,4286759152.5135593,4286.7591525135595,0.7900878784644393,0.0830042338207564
S_Q1,27,B,SRI12,561,0.0,329.555968546553,-0.0038189480438710413,0.7,4180162042.2974463,4180.1620422974465,0.7212438182659127,0.335076671291849
S_Q1,27,B,SRI12,563,0.0,392.6133947209597,-0.0039576398801782,0.7000042640990964,4290376029.6080375,4290.376029608037,0.7331269790443663,0.3280321628064182
S_Q1,27,B,SRI12,565,-0.007332048610813901,1666.8921171873315,-0.8695312995961726,0.700297235303234,4997724293.892123,4997.724293892124,0.8317145195147115,0.0978048173052976
S_Q1,27,B,SRI12,566,-0.0008582407738634574,856.080709387567,-0.0004232100161540766,0.7,4843844441.382377,4843.844441382376,0.7970612302985022,0.26192763368555877
S_Q1,27,B,SRI12,567,-0.0017901724427185112,2069.8422757337767,-1.4662962457088506,0.7003552333710982,4790134540.646732,4790.134540646733,0.8270893371757926,0.0685238552673711
S_Q1,27,B,SRI12,568,0.0,1924.2213719333888,-0.8208856843559693,0.7,5164619448.775152,5164.619448775152,0.8481872843064006,0.07595972533532572
S_Q1,27,B,SRI12,569,0.0,1765.2362773113969,-0.8298292139267457,0.7043247132456542,5062124282.784737,5062.124282784736,0.8381897747891983,0.08898139253566725
S_Q1,27,B,SRI12,572,0.0,1799.9103278154298,-0.5385620790692205,0.7110887479711228,5201531977.684358,5201.531977684358,0.8493257907282883,0.08563702992137188
S_Q1,27,B,SRI12,574,-0.2901299738649407,0.0,-1.2259190960315804,0.9179604176706542,254919875.958255,254.919875958255,0.47952467356886186,0.3692318639484825
S_Q1,27,B,SRI12,575,-0.9294810070370048,0.0,-1.2493033402714189,0.7395891889910413,795862965.4916075,795.8629654916075,0.5465542391575053,0.3692318639484825
S_Q1,27,B,SRI12,576,-0.0022801543199733633,1829.5090177459556,-0.9802225960838196,0.7008457662998193,5015414354.963401,5015.414354963401,0.8357704486426868,0.0830042338207564
S_Q1,27,B,SRI12,577,-2.8381410322240885,0.0,-0.04965846193693568,0.940438207294894,310400171.16206974,310.40017116206974,0.48404312093072915,0.3692318639484825
S_Q1,27,B,SRI12,578,-0.1123517947533057,202.93523642391824,-0.00027590258675079873,0.7,3899555868.1866965,3899.5558681866964,0.6922119045077738,0.3479204468637706
S_Q1,27,B,SRI12,579,0.0,1732.5909273309146,-0.8222508826040503,0.7050949372538825,5045824340.519066,5045.824340519066,0.8362685452022627,0.09140071868217883
S_Q1,27,B,SRI12,580,-0.0017901724427185112,2076.887344303808,-1.4662962457088506,0.7401231042475883,4691172704.528034,4691.172704528034,0.8222862632084533,0.06838154196463514
S_Q1,27,B,SRI12,581,-0.007440750175223851,621.040714979414,-0.00031395228504732097,0.7001748754302543,4602946079.108791,4602.946079108791,0.7685629914256235,0.30117052691500334
S_Q1,27,B,SRI12,582,0.0,1826.492441750039,-0.8222508826040503,0.7008549505828918,5111949971.007374,5111.949971007374,0.8427082221510654,0.08321770377486036
S_Q1,27,B,SRI12,584,-0.0011488826087996994,1650.752809042635,-1.7188276186306908,0.7074355292345873,4372176658.109605,4372.176658109604,0.7873127690610879,0.10018856512612516
S_Q1,27,B,SRI12,585,-0.08720488634741796,0.0,-0.7634085940111914,0.7006444930342195,1241780108.1277719,1241.7801081277719,0.6035151385775784,0.3692318639484825
S_Q1,27,B,SRI12,586,-0.002120879282996867,1943.06908334932,-1.9558498165122038,0.7037055896298512,4379813548.42315,4379.81354842315,0.8003700145871134,0.07485679723912192
S_Q1,27,B,SRI12,587,0.0,1268.543201910329,0.0,0.7,5164551612.040834,5164.551612040835,0.8349877254776392,0.17038460170064398
S_Q1,27,B,SRI12,588,-0.15570140849239578,0.0,-1.282530049085236,0.7569495608408561,726128291.4592301,726.12829145923,0.537517344433771,0.3692318639484825
S_Q1,27,B,SRI12,589,-0.0011329725821269954,1595.943225179424,-1.343958468960412,0.7,4633906830.996668,4633.906830996668,0.8021845091969972,0.10726865193723983
S_Q1,27,B,SRI12,590,0.0,424.4934577386339,0.0,0.7,4342649119.366085,4342.649119366085,0.7395310776674848,0.32479453516917495
S_Q1,27,B,SRI12,591,-0.011301791646232517,72.6125881067433,-0.0002571005162475818,0.7,3399279648.5828977,3399.2796485828976,0.6641050272174192,0.36151136727505606
S_Q1,27,B,SRI12,592,-0.0018524762389914573,98.6408479772816,0.0,0.7,3535884256.2917185,3535.8842562917184,0.670580282491906,0.3587006795460205
S_Q1,27,B,SRI12,593,-0.2901299738649407,0.0,-0.0510828296989565,0.703760901075192,1542701024.8792481,1542.701024879248,0.6401608140320917,0.3692318639484825
S_Q1,27,B,SRI12,594,0.0,1444.3494289983878,-0.7384939525143044,0.7,4953845814.000115,4953.845814000116,0.8227487814423454,0.133205251360871
S_Q1,27,B,SRI12,595,0.0,1969.8154791975671,-0.8676542891731563,0.7032370301659947,5143301920.48356,5143.30192048356,0.8475468744440888,0.07332692923471018
S_Q1,27,B,SRI12,596,0.0,1801.8028663326436,-1.214690169230782,0.7058460040963959,4815041362.324976,4815.041362324976,0.8214323833920376,0.0855302949443199
S_Q1,27,B,SRI12,599,-0.0021449508324582612,1521.41009231412,-1.7178723509119194,0.7000149162625261,4314261935.539382,4314.261935539382,0.776852741309994,0.11932970434411357
S_Q1,27,B,SRI12,601,0.0,1600.38050987949,-1.2959782034579583,0.7,4669500987.14882,4669.50098714882,0.8039634254811969,0.10669939872629594
S_Q1,27,B,SRI12,602,0.0,241.53398007169721,0.0,0.7,3997187987.6892023,3997.187987689202,0.701853630768136,0.34347315615327145
S_Q1,27,B,SRI12,603,-0.0024170232023187853,1625.0540723220904,-2.0125812616317904,0.7009411221234978,4192498662.645618,4192.4986626456175,0.7726900772049667,0.10346177108905256
S_Q1,27,B,SRI12,604,-5.165319543297842e-05,0.0,-1.642185121976811,0.9111676299982846,189022720.15009063,189.02272015009063,0.4713060803358594,0.3692318639484825
S_Q1,27,B,SRI12,606,0.0,1517.9816797688368,-0.923254262467547,0.713790438636228,4829052067.13717,4829.05206713717,0.814067669975451,0.11989895755505746
S_Q1,27,B,SRI12,608,-0.011025289383915192,134.50224840269493,0.0,0.7,3684600988.6764226,3684.6009886764227,0.6785142491194365,0.35468032874372935
S_Q1,27,B,SRI12,609,-0.006951924854399322,1941.8899644045073,-1.612724505198993,0.7000617161377203,4620617386.221593,4620.617386221593,0.813854200021347,0.07496353221617388
S_Q1,27,B,SRI12,610,0.0,1239.4369228572632,0.0,0.700006179271788,5144703196.494991,5144.703196494991,0.8323905077027075,0.17696659195218273
S_Q1,27,B,SRI12,611,0.0,1604.6029784796776,-1.491206233643002,0.7000977806600943,4537319451.774,4537.319451774,0.7961006155050344,0.10613014551535206
S_Q1,27,B,SRI12,613,-0.007337114334528141,2068.2470140027044,-0.8492665603846166,0.700294848661867,5214583347.884576,5214.583347884576,0.8538086597644714,0.06866616857010707
S_Q1,27,B,SRI12,614,0.0,1678.0287851752557,-1.626327824555156,0.7001172983165117,4474373329.112124,4474.373329112124,0.7958871455509303,0.09670188920909384
S_Q1,27,B,SRI12,616,-0.0017901724427185112,2067.650424907851,-0.916911813672459,0.7043023216095438,5155570262.735786,5155.570262735787,0.8494681040310245,0.06866616857010707
S_Q1,27,B,SRI12,617,-3.844150208750436,0.0,-1.1752135687800513,0.7001886573934791,976214338.8608156,976.2143388608157,0.569146475966841,0.3692318639484825
S_Q1,27,B,SRI12,618,0.0,1933.2716034595499,-1.4360108699334546,0.7,4743451632.929559,4743.451632929558,0.8209698651581455,0.07546162877574983
S_Q1,27,B,SRI12,619,-0.002202255441021086,1732.0301799047227,-0.9802225960838196,0.7170928449328394,4904242462.142851,4904.242462142851,0.8267691322446366,0.09140071868217883
S_Q1,27,B,SRI12,620,-0.002148020626273048,2053.9807535869472,-1.1851173755199793,0.700222235419442,4981814112.290056,4981.814112290056,0.8380830398121465,0.06912868680399899
S_Q1,27,B,SRI12,621,0.0,1444.3494289983878,0.0,0.7021017549269433,5266238593.226381,5266.238593226381,0.8468353079304087,0.133205251360871
S_Q1,27,B,SRI12,622,-0.019130174635783925,1038.8097570593718,-0.0032581331381320577,0.7,4996292400.500612,4996.2924005006125,0.813427260113139,0.22304052371295408
S_Q1,27,B,SRI12,623,-0.0009176643699110639,440.42831985353996,0.0,0.7,4366880080.477055,4366.880080477054,0.7427687053047284,0.32322908883907925
S_Q1,27,B,SRI12,624,-4.814351861448461e-07,1179.6315319505286,-2.964715966278093e-06,0.7002867367433495,5101551735.961751,5101.551735961751,0.8265912406162167,0.19158928380830403
S_Q1,27,B,SRI12,625,-1.440682994667519e-07,2021.7174055647556,-0.5913170173451352,0.7122504598023953,5282113742.140528,5282.113742140527,0.8590742519657025,0.07044508485430676
S_Q1,27,B,SRI12,627,-0.1627599104481504,0.0,-1.0366786027742192,0.7078549841126297,1048368064.3313298,1048.3680643313298,0.5787170455758351,0.3692318639484825
S_Q1,27,B,SRI12,628,0.0,1600.7089462633717,-0.8207577320037134,0.7000494242012215,4994551532.555914,4994.551532555914,0.8292951933682002,0.10659266374924396
S_Q1,27,B,SRI12,629,-0.024949118439713175,427.80053849047994,0.0,0.7000017827933377,4347725122.632921,4347.725122632921,0.7396022343188527,0.324545486889387
S_Q1,27,B,SRI12,630,-0.0034404622411178167,1214.8118417153646,-0.0038731107444474715,0.7,5126206566.449854,5126.206566449854,0.830042338207564,0.1830149073184616
S_Q1,27,B,SRI12,631,0.0,1844.0212806039312,-1.6481674055897395,0.7000012750295385,4543543034.705245,4543.543034705245,0.806987583164336,0.08204361902728857
S_Q1,27,B,SRI12,632,-7.691276315408669e-07,1801.870301390205,-0.0038731107444474715,0.7000008878967026,5476562611.52103,5476.562611521031,0.867008218593233,0.0855302949443199
S_Q1,27,B,SRI12,633,0.0,920.9729555101562,0.0,0.7008484202518015,4896713251.0274515,4896.713251027451,0.802611449105205,0.2493684847191091
S_Q1,27,B,SRI12,634,-0.0010367627953534798,0.0,-0.8121761598212657,0.7017896549957219,1205988985.0697966,1205.9889850697966,0.5984985946561354,0.3692318639484825
S_Q1,27,B,SRI12,635,-3.482238692271916e-07,358.46622717996735,-0.00026373471709584435,0.7000272682802473,4233878730.5738606,4233.878730573861,0.7266873020955633,0.3322304052371296
S_Q1,27,B,SRI12,636,-0.002210482159442465,2051.4055175060407,-1.3528369812841965,0.700369731758286,4858813444.270576,4858.813444270576,0.8310029530010319,0.06916426512968298
S_Q1,27,B,SRI12,638,-0.004228117425947531,1145.3161233684668,-6.0492188557121187e-05,0.7,5078317629.469313,5078.317629469313,0.8238517095385491,0.19984345536699044
S_Q1,27,B,SRI12,639,-0.012895048052944773,1532.831443557935,-0.00045723202463603016,0.7002418588819026,5328965006.58902,5328.96500658902,0.8528480449710039,0.1180844629451738
S_Q1,27,B,SRI12,640,-0.003312405777931862,2050.8912149295656,-1.4074626547383489,0.7,4819973725.550071,4819.97372555007,0.829152880065464,0.06919984345536699
S_Q1,27,B,SRI12,642,-0.011597724826449354,1532.831443557935,-0.8582205082899658,0.700116506740884,4930435507.836662,4930.4355078366625,0.8215035400434055,0.1180844629451738
S_Q1,27,B,SRI12,643,-0.0021694453294995933,1706.6545659264043,0.0,0.7010059872388343,5422561821.58379,5422.561821583789,0.8624897712313658,0.09392677980574231
S_Q1,27,B,SRI12,644,-0.007692829781734628,1994.5231807693806,-2.1580717596246575,0.7040293443646057,4300219509.749322,4300.219509749322,0.7974881702067101,0.07179706123029851
S_Q1,27,B,SRI12,645,-4.0,0.0,-0.9529298052432674,0.7019619609037372,1119647826.7425668,1119.6478267425668,0.5874337353684135,0.3692318639484825
S_Q1,27,B,SRI12,646,-0.0016569760459782673,1638.6028996336995,-1.8420207166738187,0.700000017484169,4293700977.0818152,4293.700977081815,0.7796990073647133,0.10146938485074894
S_Q1,27,B,SRI12,647,-0.001129514690134923,65.72450216182585,-0.000443225670220234,0.7000024956123502,3356865786.1875544,3356.8657861875545,0.6623261109332194,0.36218735546305186
S_Q1,27,B,SRI12,648,0.0,157.05034211308885,0.0,0.7002481970509468,3761862405.2859287,3761.8624052859286,0.6827836482015156,0.3520475326431139
S_Q1,27,B,SRI12,649,-0.02477704746761534,1520.9084246265563,-1.1742805960088227,0.7001523542597458,4714491126.469247,4714.491126469246,0.8027181840822571,0.11997011420642545
S_Q1,27,B,SRI12,650,-0.004894796634067236,1739.6255355163776,-0.922604709813688,0.7483697578993395,4820397459.843278,4820.397459843278,0.8217525883231934,0.09076030881986694
S_Q1,27,B,SRI12,652,-0.0014949796303032892,0.0,-1.2259190960315804,0.7002638687631302,931007125.6325247,931.0071256325248,0.563489522183086,0.3692318639484825
S_Q1,27,B,SRI12,653,-0.0006662503772222987,0.0,-1.643850649175404,0.7006967405404066,635041941.7196596,635.0419417196596,0.5246024122104813,0.3692318639484825
S_Q1,27,B,SRI12,654,-0.004978278027969818,2088.2521672647795,-0.5388116476464014,0.713113133540727,5332684584.465284,5332.684584465284,0.8628811328138899,0.06791902373074322
S_Q1,27,B,SRI12,656,-2.5535401158522774e-05,1698.9020753878665,-2.1741448170910926,0.7000030953465346,4146265114.391545,4146.265114391545,0.7732593304159108,0.09453161134237019
S_Q1,27,B,SRI12,657,-4.0,0.0,-0.9805574696695888,0.7009440939667929,1107017375.304282,1107.017375304282,0.5860817589924219,0.3692318639484825
S_Q1,27,B,SRI12,658,0.0,1706.2789979284257,-0.8797033798679664,0.7531743244174676,4806254479.812914,4806.254479812914,0.8198669370619416,0.09392677980574231
S_Q1,27,B,SRI12,659,-0.004956887082598869,1841.8368726555948,-0.5239467556876938,0.7001279923182129,5280845643.234041,5280.845643234041,0.8546981179065712,0.08211477567865656
S_Q1,27,B,SRI12,660,-0.00010724504764247304,85.66517400409953,-0.00041468077031137605,0.7,3471692354.3000264,3471.6923543000266,0.6668089799694026,0.3600882342476962
S_Q1,27,B,SRI12,661,0.0,409.65068825101724,0.0,0.7,4319397700.931178,4319.397700931178,0.7364713416586617,0.3263244031735866
S_Q1,27,B,SRI12,662,-0.00013494350681288354,1816.8212509848076,-1.4190844962981517,0.7007122592327375,4695101873.759718,4695.101873759718,0.8146725015120787,0.08417831856832819
S_Q1,27,B,SRI12,663,-0.0022304505130465394,1313.6500670027594,0.0,0.7000138187679897,5194551389.625017,5194.551389625017,0.8385811363717225,0.16031593553207382
S_Q1,27,B,SRI12,664,-0.001548580095437374,37.865396123640835,0.0,0.7000138187679897,3139867660.0098095,3139.8676600098097,0.6550325541680008,0.3651759348205074
S_Q1,27,B,SRI12,665,-7.60232187657713e-07,0.0,-1.0650285347508284,0.7211332553624694,983565183.4190816,983.5651834190816,0.5707119222969367,0.3692318639484825
S_Q1,27,B,SRI12,667,-0.9294810070370048,0.0,-0.8580783044902756,0.7002766494605472,1183420997.4764433,1183.4209974764433,0.595403280321628,0.3692318639484825
S_Q1,27,B,SRI12,668,0.0,680.6860543273089,0.0,0.7000010007711011,4670544987.043949,4670.544987043949,0.7764258014017861,0.2919201622371651
S_Q1,27,B,SRI12,671,0.0,1753.0531334025386,-1.5729593900053527,0.7002019265098738,4555212190.921775,4555.212190921775,0.8028960757106772,0.09004874230618708
S_Q1,27,B,SRI12,673,-0.007678696923781034,1721.1052784071535,-1.4341278817156022,0.7000589393676255,4635947887.901496,4635.947887901496,0.8066673782331802,0.09236133347564664
S_Q1,27,B,SRI12,674,-0.00418407709443501,0.0,-1.282530049085236,0.702936813719738,887464859.2969995,887.4648592969994,0.5577614117479631,0.3692318639484825
S_Q1,27,B,SRI12,675,-0.17946227784247462,0.0,-1.637687770099772,0.7508952810609795,533002324.1477862,533.0023241477862,0.5114384317074038,0.3692318639484825
S_Q1,27,B,SRI12,676,0.0,1544.6858781855103,-1.0922535981620884,0.7001263965623981,4791189421.651765,4791.189421651765,0.8099761625217916,0.11573629345003024
S_Q1,27,B,SRI12,678,-0.000976420404897922,2090.1771610082683,-1.711874590874085,0.706911638308283,4600842742.36971,4600.84274236971,0.8180880207777422,0.06781228875369125
S_Q1,27,B,SRI12,679,-2.281235690811882e-05,1890.1609335422654,-2.1139111939782493,0.7001795941619996,4274540669.0794497,4274.54066907945,0.7907994449781193,0.0783078948304693
S_Q1,27,B,SRI12,680,0.0,253.3882168433724,0.0,0.7,4024756477.1652794,4024.756477165279,0.7043085352403319,0.3422634930800157
S_Q1,27,B,SRI12,681,-0.003726210747914349,1620.6482876983134,-1.468014430192323,0.7018387164464697,4556462106.427756,4556.462106427756,0.7984132066744939,0.10413775927704844
S_Q1,27,B,SRI12,682,-0.0032904751225328746,2043.0806268270946,-1.2180903384157808,0.7,4949759330.607055,4949.759330607055,0.8361262318995267,0.06944889173515494
S_Q1,27,B,SRI12,683,-0.0033588703712639986,2075.3273218638315,-1.092083094810294,0.7007296620448336,5063676370.073597,5063.676370073597,0.8434553669904296,0.06838154196463514
S_Q1,27,B,SRI12,685,-0.04377972801216545,0.0,-0.17850471990644085,0.7107832326011387,1464434862.7630854,1464.4348627630854,0.6293094246984736,0.3692318639484825
S_Q1,27,B,SRI12,686,-0.0011488826087996994,1629.6567136900246,-1.7188276186306908,0.7079086204053624,4359588593.455272,4359.588593455272,0.7859252143594121,0.10303483118084464
S_Q1,27,B,SRI12,687,0.0,53.39386173545245,-0.004195494289313428,0.7,3270327944.8357067,3270.3279448357066,0.659159639947344,0.36350375351335973
S_Q1,27,B,SRI12,689,0.0,1719.2548852731488,-1.5882953730160763,0.7000789202983271,4525734658.327745,4525.734658327746,0.7992315081652258,0.0924680684526986
S_Q1,27,B,SRI12,691,-0.1619525161444965,0.0,-2.709174830506867,0.7523385770365985,92419551.96838011,92.4195519683801,0.46290959547443694,0.3692318639484825
S_Q1,27,B,SRI12,692,-0.011606947059751207,1854.6670229099034,-1.0444164398600215,0.7091366900356881,4958232044.307601,4958.232044307601,0.8328530259365995,0.08179457074750061
S_Q1,27,B,SRI12,693,-3.9975943094493296,0.0,-0.9301142310621802,0.7000405969350891,1140522305.6360269,1140.5223056360269,0.5905646280286051,0.3692318639484825
S_Q1,27,B,SRI12,695,-0.00725858360325533,1994.5231807693806,-1.3387938971557485,0.7037307838486697,4833959839.187845,4833.959839187845,0.8279787953178924,0.07179706123029851
S_Q1,27,B,SRI12,696,-0.0008736274334922714,1920.5449321942317,-1.119825803899347,0.7061708605345299,4951545563.886897,4951.545563886897,0.8331376525420714,0.07620877361511366
S_Q1,27,B,SRI12,697,-0.024662513767544098,212.24096722482926,0.0,0.7,3924327308.197665,3924.3273081976654,0.6950225922368095,0.346034795602519
S_Q1,27,B,SRI12,700,-2.0034314081437336e-05,1595.943225179424,-1.3791867398271425,0.7,4607010751.700435,4607.010751700434,0.8007613761696375,0.10726865193723983
S_Q1,27,B,SRI12,701,-0.0011376862011101174,731.7509789991888,-0.010394584217690017,0.7,4720746775.434899,4720.746775434899,0.7822250684882769,0.2841285089123706
S_Q1,27,B,SRI12,702,-0.3139673556000848,0.0,-0.023413725852017453,0.7161461056247693,1486638509.6713192,1486.6385096713193,0.6327961006155051,0.3692318639484825
S_Q1,27,B,SRI12,703,-1.6128366275258406e-05,476.80691227397483,-0.0038731107444474715,0.7,4418361646.275838,4418.361646275838,0.7482121891343796,0.31967125627067994
S_Q1,27,B,SRI12,704,-0.00012345717902347442,1704.222099417701,-1.3589339068260575,0.7011776627215278,4677161429.2215,4677.161429221501,0.8091578610310599,0.0939623581314263
S_Q1,27,B,SRI12,705,0.0,1578.3607978292703,-1.2959782034579583,0.718661504259726,4601618260.490721,4601.618260490721,0.7980218450919699,0.11071974952858721
S_Q1,27,B,SRI12,706,0.0,172.54796322227048,0.0,0.7,3812302513.9860563,3812.3025139860565,0.6864482157469669,0.35016188138186216
S_Q1,27,B,SRI12,707,-0.01878905959056941,0.0,0.0,0.705114829434678,1552978234.6478407,1552.9782346478407,0.6412637421282953,0.3692318639484825
S_Q1,27,B,SRI12,708,-0.0016569760459782673,1605.7750514980287,-1.8420207166738187,0.7002167545797648,4275039412.8357525,4275.039412835752,0.776923897961362,0.10598783221261607
S_Q1,27,B,SRI12,709,0.0,1500.3072233455919,-0.8250147942358865,0.7038302206712455,4919384326.556636,4919.384326556636,0.8204006119472017,0.12320774184366882
S_Q1,27,B,SRI12,710,-0.00018601098619891606,1923.5563690997874,-1.6352478293895492,0.7050217533158748,4584704752.434557,4584.704752434557,0.8115060305262034,0.07595972533532572
S_Q1,27,B,SRI12,711,-0.2743616205930136,0.0,-1.2259190960315804,0.733801803561827,826850352.3093141,826.8503523093141,0.5505390116341123,0.3692318639484825
S_Q1,27,B,SRI12,712,-0.0004619529975793549,1514.6155186556775,-1.0193262186535463,0.7002535279803291,4820246557.925153,4820.246557925153,0.8128935852278791,0.12039705411463338
S_Q1,27,B,SRI12,713,-0.31594748057330646,335.7845197481475,0.0,0.7,4193056363.5599203,4193.05636355992,0.7161205393674174,0.33852776888319636
S_Q1,27,B,SRI12,714,-0.0009176643699110639,2001.0462358466943,-0.007691269159666447,0.7,5574159430.228791,5574.159430228791,0.8757249083858112,0.07140569964777457
S_Q1,27,B,SRI12,716,-0.00031426556833096843,1109.1344739743652,-6.0647187434402326e-05,0.7000017789838879,5051558815.288589,5051.558815288588,0.8208987085067777,0.20745721706336506
S_Q1,27,B,SRI12,717,0.0,1753.0531334025386,-1.4241812556757392,0.7002019265098738,4659812432.963867,4659.812432963867,0.8097271142420039,0.09004874230618708
S_Q1,27,B,SRI12,719,-0.0033131982041012644,2075.3273218638315,-1.3343272980487195,0.7001439950149418,4884949377.837376,4884.949377837375,0.8325683993311275,0.06838154196463514
S_Q1,27,B,SRI12,720,-0.013186456830039432,0.0,-0.66981956359473,0.7009343119750979,1291190304.8669174,1291.1903048669174,0.6093144056640695,0.3692318639484825
S_Q1,27,B,SRI12,721,-0.11647976735254703,194.79924930124412,-0.00027590258675079873,0.7008575545442786,3872687425.162254,3872.687425162254,0.6898281566869463,0.3485252784003985
S_Q1,27,B,SRI12,722,-7.201996150665773e-09,1593.6320126994149,-1.2340358918298582,0.7009066448499881,4702984015.155602,4702.984015155603,0.8058134984167644,0.10751770021702779
S_Q1,27,B,SRI12,723,-0.006874277284692663,143.95208851094048,0.0,0.7001251051649553,3718002500.6605625,3718.0025006605624,0.6802575870779521,0.3534706656704735
S_Q1,27,B,SRI12,724,-0.0029807898465336186,1867.876749536879,-1.441121349902565,0.7016288878809297,4704097348.33647,4704.09734833647,0.8167716227274345,0.08001565446330094
S_Q1,27,B,SRI12,725,-0.00217181634383889,1883.6936984451268,-1.9582963096395187,0.7000466477264782,4354903706.623508,4354.903706623509,0.7956380972711424,0.0787348347386772
S_Q1,27,B,SRI12,726,-0.00692952209831851,1890.7997587464952,-1.6594672505330859,0.7,4560115347.930555,4560.115347930555,0.8090867043796919,0.07827231650478528
S_Q1,27,B,SRI12,727,-0.0004115120206280693,565.9117407824258,-0.011618586091126648,0.7000617161377203,4533664598.384536,4533.664598384536,0.7608780730778809,0.308037143772014
S_Q1,27,B,SRI12,728,-0.24725805785718927,0.0,-0.8143348520658117,0.7045532629224242,1194409187.710715,1194.409187710715,0.5971821966058278,0.3692318639484825
S_Q1,27,B,SRI12,729,-0.0003351309992917918,1806.1673912561632,-2.034490990514432,0.7000120327325828,4275364096.889098,4275.364096889099,0.7880954922261358,0.085067776710428
S_Q1,27,B,SRI12,730,-0.0022801543199733633,2073.679090600254,-2.051250630695449,0.7008448370274901,4395079182.175828,4395.079182175828,0.8057067634397127,0.06841712029031914
S_Q1,27,B,SRI12,731,-2.087193365399471e-05,299.6639265075912,0.0,0.7001152319348612,4123142290.87052,4123.14229087052,0.7143772014089017,0.3382431422777244
S_Q1,27,B,SRI12,732,-1.614655680286963e-06,1861.9291229628382,-1.119825803899347,0.7002618768227845,4942593233.431721,4942.59323343172,0.8310741096523999,0.08051375102287685
S_Q1,27,B,SRI12,733,-8.482126715809264e-06,1743.013252487413,-2.0916250399729055,0.851855253341397,4030948734.008939,4030.9487340089386,0.7672110150496317,0.09051126054007899
S_Q1,27,B,SRI12,734,-0.11877429459965871,0.0,-0.8761940432112592,0.9910248336143417,35218069.64437259,35.21806964437259,0.4570747500622621,0.3692318639484825
S_Q1,27,B,SRI12,736,-2.9903721668612184,0.0,-0.0071738410368538605,0.7011509706966659,1571469041.619517,1571.4690416195172,0.6437542249261748,0.3692318639484825
S_Q1,27,B,SRI12,737,-0.0004529746019499097,1978.51749912829,-0.8082490922821315,0.7041985046446322,5180331012.092283,5180.331012092283,0.8502152488703884,0.07279325434945029
S_Q1,27,B,SRI12,738,0.0,1765.2362773113969,-2.0135344601688887,0.7043247132456542,4263747742.557355,4263.747742557355,0.7846443946347885,0.08898139253566725
S_Q1,27,B,SRI12,739,-0.0033131982041012644,1835.550082340747,-1.3358272185617164,0.7000362790194284,4768209811.862965,4768.209811862965,0.8191553705482619,0.08254171558686448
S_Q1,27,B,SRI12,740,0.0,1757.7768780422764,-0.7665929615071128,0.7,5114534152.392357,5114.534152392357,0.8421389689401216,0.08962180239797915
S_Q1,27,B,SRI12,742,-2.0116809636332514e-05,2019.3043011866168,-2.3308747220066084,0.7001055211644596,4232849475.582526,4232.849475582526,0.7944640125235707,0.07055181983135873
S_Q1,27,B,SRI12,743,-0.00039679122586568603,828.35636144262,0.0,0.700001066012698,4818396245.337032,4818.396245337032,0.7932543494503151,0.2671576475611058
S_Q1,27,B,SRI12,745,-0.0003363406552026662,277.46744770032063,0.0,0.7000017575754597,4077835301.0299554,4077.835301029955,0.7100722240011387,0.34034226349307994
S_Q1,27,B,SRI12,746,-0.0008931128643803283,2057.3146961798802,-2.1444299621859795,0.7003752565909348,4341076152.912951,4341.076152912951,0.8014729426833173,0.069057530152631
S_Q1,27,B,SRI12,747,-1.6694458113879012e-05,1623.07744008248,-1.5874877684014903,0.7000025491502418,4474423183.924028,4474.423183924028,0.7931831927989469,0.10381755434589249
S_Q1,27,B,SRI12,748,-1.2196959375139423e-05,1908.45344716613,-1.8249352425381684,0.7038716934264118,4440379910.843632,4440.3799108436315,0.802291244174049,0.07681360515174157
S_Q1,27,B,SRI12,749,0.0,1457.9229394384615,-2.093290567171498,0.7,4048144898.674296,4048.1448986742957,0.7512007684918347,0.1308926601914114
S_Q1,27,B,SRI12,750,-2.775481907599307,0.0,-1.067970379013385,0.9411330894138625,207387098.58975452,207.38709858975452,0.47404561141352697,0.3692318639484825
S_Q1,27,B,SRI12,751,-0.053782446969557494,1825.2431594107888,-1.3388639762061256,0.7000221832210277,4760643609.792611,4760.643609792611,0.8155975379798626,0.08738036787988758
S_Q1,27,B,SRI12,752,-0.012457337627002796,9.226970363526334,0.0,0.7001259688658862,2696985511.352075,2696.9855113520753,0.6471697441918383,0.3683424058063827
S_Q1,27,B,SRI12,753,-0.005512031365238332,1512.0690811654122,-1.3358272185617164,0.7000362790194284,4591225436.547231,4591.225436547231,0.7950688440601985,0.12103746397694524
S_Q1,27,B,SRI12,754,-4.106108868060171e-05,2043.0806268270946,-2.1588171919460946,0.7,4327335627.742021,4327.335627742021,0.8003700145871137,0.06944889173515494
S_Q1,27,B,SRI12,755,-0.00016086922753757006,1508.9860062418259,-0.9248769405974329,0.713790438636228,4822759506.013239,4822.759506013239,0.8131782118333511,0.12153556053652113
S_Q1,27,B,SRI12,756,-0.001129514690134923,18.446147124239985,-0.00043900947327743436,0.7000024956123502,2896189608.751064,2896.189608751064,0.6499092752695058,0.36716832105881103
S_Q1,27,B,SRI12,759,-0.00192257729970546,1642.3420032817737,-2.2751783976040727,0.7001236360291112,4065330187.0942283,4065.330187094228,0.7646849539260683,0.101042444942541
S_Q1,27,B,SRI12,760,-0.0009342900620003795,1682.8211814418023,-0.8243947280150579,0.701797795398882,5031759951.379881,5031.7599513798805,0.8345252072437469,0.09634610595225389
S_Q1,27,B,SRI12,761,-0.16986392477923573,0.0,-1.4730986841959992,0.7052332810231295,751643792.4572991,751.6437924572991,0.5410040203508023,0.3692318639484825
S_Q1,27,B,SRI12,762,-0.017981991953138415,318.1505323842819,0.0,0.7001289318913404,4159387019.1747437,4159.387019174744,0.7181129256057209,0.3361795993880528
S_Q1,27,B,SRI12,763,-0.015905161002362563,1752.2018061732822,-1.1276867764439835,0.7188593676399663,4816330860.267333,4816.330860267333,0.820080407016046,0.09079588714555092
S_Q1,27,B,SRI12,764,-1.477461129307964e-06,1703.8946388017312,-1.2021544710977463,0.700110361129577,4791418551.394577,4791.418551394577,0.8162735261678586,0.09403351478279431
S_Q1,27,B,SRI12,765,-0.3042597782271229,397.6977964613805,0.0,0.7000042093089701,4299940438.083003,4299.940438083003,0.7269719287010353,0.33219482691144564
S_Q1,27,B,SRI12,766,-3.847529298956802e-06,1401.6488195861734,-0.00046191513298671704,0.7002462257719645,5249620600.329578,5249.620600329578,0.8448073433664212,0.1419930978048173
S_Q1,27,B,SRI12,767,0.0,1508.4942384282358,-1.0794412420926953,0.7,4779336049.989705,4779.336049989705,0.8080193546091722,0.12157113886220514
S_Q1,27,B,SRI12,768,-0.013186456830039432,0.0,-1.2514454333291019,0.701088991987663,912449426.0336564,912.4494260336563,0.5611413526879424,0.3692318639484825
S_Q1,27,B,SRI12,769,-0.00012345717902347442,1687.307973938334,-1.605886571128833,0.7012197082165015,4491952921.154673,4491.952921154672,0.7967054470416621,0.09588358771836196
S_Q1,27,B,SRI12,770,-7.866636847624293e-06,0.0,-1.1001668190640737,0.7000221899370773,1034071664.5582497,1034.0716645582497,0.5764044544063756,0.3692318639484825
S_Q1,27,B,SRI12,771,-0.04323510293387345,1753.7022697302823,-1.3519187631432719,0.7016153213198977,4708919073.971071,4708.919073971071,0.8100473191731598,0.09164976696196678
S_Q1,27,B,SRI12,773,-0.0021613312356915113,1739.0934602522102,-2.027348613511017,0.7048338739227414,4238762263.123777,4238.762263123777,0.7816558152773332,0.09079588714555092
S_Q1,27,B,SRI12,774,-0.24800578140368318,0.0,-0.015348992898946924,0.7365936095797976,1382098149.955331,1382.098149955331,0.6182445654107518,0.3692318639484825
S_Q1,27,B,SRI12,775,-5.6681833344398094e-05,1876.7981363359438,-1.298907375311368,0.7,4815107064.551746,4815.107064551747,0.8231401430248694,0.07937524460098906
S_Q1,27,B,SRI12,776,-0.0011562267307125185,1855.6976682487052,-1.5155436438540086,0.7037313309998988,4646389221.175128,4646.389221175128,0.8124310669939875,0.08101184758245275
S_Q1,27,B,SRI12,777,0.0,1472.187750551063,-0.8797207731324893,0.7000632577158605,4881593146.061382,4881.593146061382,0.8156686946312307,0.12822428576511188
S_Q1,27,B,SRI12,778,-0.020273528604059905,1063.285240262931,0.0,0.7000004833573183,5016809963.41795,5016.80996341795,0.8153484897000745,0.218201871419931
S_Q1,27,B,SRI12,779,0.0,1883.0182306159327,-1.336469515043544,0.7055624623916876,4776125514.790666,4776.125514790666,0.8208631301810937,0.0787704130643612
S_Q1,27,B,SRI12,780,-0.008231737614760343,1908.45344716613,-1.4159194748291946,0.7038716934264118,4734860312.434208,4734.860312434208,0.8197957804105739,0.07681360515174157
S_Q1,27,B,SRI12,782,0.0,1587.92595281509,-1.1769333046526715,0.7004588639569086,4749973473.198447,4749.973473198447,0.8092290176824278,0.1088340982673355
S_Q1,27,B,SRI12,783,-1.0588584695062075e-05,1768.8572468670081,-0.7477180708437778,0.7000028934750727,5130339853.25446,5130.339853254461,0.8434909453161132,0.08869676593019532
S_Q1,27,B,SRI12,784,0.0,596.6864763526892,0.0,0.7,4575281786.820365,4575.281786820365,0.7654320987654323,0.30412352794677483
S_Q1,27,B,SRI12,785,-3.6522929676270204,0.0,-2.000466006544535,0.7,406084415.3919146,406.0844153919146,0.4978119329704345,0.3692318639484825
S_Q1,27,B,SRI12,787,0.0,727.3059817541282,0.0,0.7,4719623080.021668,4719.623080021668,0.782011598534173,0.28455544882057854
S_Q1,27,B,SRI12,788,0.0,1835.3381177151412,-0.1800702214660288,0.7029474344344221,5417445467.647974,5417.445467647974,0.8625965062084181,0.08254171558686448
S_Q1,27,B,SRI12,789,0.0,1835.3381177151412,-3.2423336057090975,0.9465799131451156,3911552343.2752776,3911.5523432752775,0.7624079410822928,0.08254171558686448
S_Q1,27,B,SRI12,790,0.0,618.2642487329006,0.0,0.7,4600643324.090532,4600.643324090533,0.7683495214715195,0.3016686234745793
S_Q1,27,B,SRI12,791,0.0,802.5473892461852,0.0,0.7,4794093797.036469,4794.093797036469,0.7906571316753833,0.2719251432027609
S_Q1,27,B,SRI12,792,-3.6522929676270204,0.0,-0.8945594739389047,0.7,1162690665.8279295,1162.6906658279295,0.5934464724090085,0.3692318639484825
S_Q1,27,B,SRI12,793,-0.001243204369480716,1435.1366040108353,0.0,0.7010348518672702,5266253957.804684,5266.2539578046835,0.8465151029992528,0.13480627601665066
S_Q1,27,B,SRI12,794,0.0,459.7794282013136,0.0,0.7,4395440761.786228,4395.440761786228,0.7455793930337639,0.32134343757782763
S_Q1,27,B,SRI12,795,-2.165028827237719,0.0,-1.050554087409779,0.9937042549085219,22523702.186286252,22.52370218628625,0.4558295086633222,0.3692318639484825
S_Q1,27,B,SRI12,796,-0.0007168773479976544,1950.6303394203035,-2.1942756700772055,0.7,4265020473.5877767,4265.020473587777,0.7935389760557867,0.07439427900522999
S_Q1,27,B,SRI12,798,0.0,1584.6982901257584,-1.1702136223135082,0.7,4755316556.478011,4755.316556478011,0.8094069093108479,0.1095100864553314
S_Q1,27,B,SRI12,799,0.0,1315.2741408272427,0.0,0.7,5195642968.1402445,5195.642968140244,0.8386522930230904,0.1599957306009179
S_Q1,27,B,SRI12,802,-2.2333256985672514,0.0,-0.07972369810559865,0.7135251569725273,1484707463.7964923,1484.7074637964924,0.632191269078877,0.3692318639484825
S_Q1,27,B,SRI12,803,0.0,1825.4482487275843,-2.037077162889083,0.7,4282603186.8044677,4282.603186804467,0.7893763119507595,0.08328886042622834
S_Q1,27,B,SRI12,804,0.0,1397.0657911610476,0.0,0.7,5248122474.446259,5248.122474446259,0.8446294517380012,0.14263350766712918
S_Q1,27,B,SRI12,805,0.0,1146.8620183986757,0.0,0.7,5079441529.507061,5079.441529507061,0.8239584445156011,0.19948767211015042
S_Q1,27,B,SRI12,806,-2.1013441944455042,0.0,-1.5695450426405857,0.7308024392302154,622830459.5716163,622.8304595716163,0.5236062190913295,0.3692318639484825
S_Q1,27,B,SRI12,807,-2.250789009450514,0.0,-1.751303540089468,0.7373578578574965,485554456.19266844,485.55445619266845,0.505639164620913,0.3692318639484825
S_Q1,27,B,SRI12,808,0.0,18.284741597641613,0.0,0.7,2893540109.9145226,2893.540109914523,0.6498025402924539,0.36716832105881103
S_Q1,27,B,SRI12,809,0.0,1813.0041705241902,-1.3111236650973035,0.700269480841297,4774441171.282963,4774.441171282962,0.8187284306400541,0.08464083680222008
S_Q1,27,B,SRI12,810,0.0,534.3770620718565,0.0,0.7,4497811336.980342,4497.811336980342,0.7566442523214859,0.31266232611093325
S_Q1,27,B,SRI12,811,-2.9014334145202607,0.0,-2.1916639025996667,0.7159910257893305,287567110.6642584,287.5671106642584,0.4832248194399971,0.3692318639484825
S_Q1,27,B,SRI12,812,0.0,1701.2716972705182,-1.3505828260567423,0.7002309202656168,4685688766.244546,4685.688766244546,0.8094424876365318,0.09428256306258226
S_Q1,27,B,SRI12,813,0.0,421.797299755853,0.0,0.7,4338455746.036705,4338.455746036705,0.7389618244565411,0.32504358344896295
S_Q1,27,B,SRI12,814,0.0,823.7002999483723,-0.002847237509872258,0.7,4812647267.095626,4812.6472670956255,0.792613939588003,0.26811826235457364
S_Q1,27,B,SRI12,815,0.0,967.8221776168932,0.0,0.7,4940701882.220397,4940.701882220397,0.8076279930266482,0.23951328850464304
S_Q1,27,B,SRI12,816,-2.2619914288219305,0.0,-1.07777734095637,0.7136770450065353,1001048597.8111978,1001.0485978111977,0.5728822001636603,0.3692318639484825
S_Q1,27,B,SRI12,818,-0.005344141652554205,1881.1043263061265,-1.497445841114773,0.7002581481512061,4679068768.176092,4679.068768176092,0.8152417547230227,0.07887714804141316
S_Q1,27,B,SRI12,819,0.0,1574.9038352402324,-1.5548581091062732,0.7000631239949489,4471739636.131425,4471.739636131425,0.7908350233038035,0.11103995445974313
S_Q1,27,B,SRI12,820,0.0,1355.09081478689,0.0,0.7000401374261387,5221313147.383653,5221.313147383653,0.8416764507062301,0.15124346248265558
S_Q1,27,B,SRI12,821,0.0,1948.5620000948752,-1.1081497931577093,0.7790044934930624,4722091570.612255,4722.091570612255,0.8213612267406696,0.07460774895933397
S_Q1,27,B,SRI12,822,0.0,665.4938693108793,0.0,0.7,4654012876.047384,4654.012876047384,0.7744334151634824,0.2944462233607286
S_Q1,27,B,SRI12,823,-0.1743139792215165,463.02875929936545,0.0,0.7,4400009807.029894,4400.009807029894,0.7421994520937844,0.32404739032981106
S_Q1,27,B,SRI12,824,-2.703658006618287,0.0,-1.0776689459554263,0.9239537818964673,265973171.21260548,265.97317121260545,0.4807699149678016,0.3692318639484825
S_Q1,27,B,SRI12,825,-0.011128257234910151,1800.7564164803393,-1.477321309046416,0.7213627226194731,4598200783.823393,4598.200783823393,0.8087309211228519,0.08631301810936777
S_Q1,27,B,SRI12,827,0.0,1803.7848371042326,-0.00665816793877266,0.7,5476655653.925404,5476.655653925403,0.8670082185932331,0.08524566833884796
S_Q1,27,B,SRI12,828,-0.04960910511426819,912.4683314634057,0.0,0.7,4893721445.112714,4893.721445112714,0.8001565446330097,0.25203685914540863
S_Q1,27,B,SRI12,829,0.0,1998.1091857638473,-1.6458268635081654,0.7,4622285287.748743,4622.285287748743,0.8169850926815383,0.07151243462482657
S_Q1,27,B,SRI12,830,0.0,1473.828078567476,0.0,0.7,5295320178.953479,5295.320178953479,0.8497171523108124,0.12790408083395596
S_Q1,27,B,SRI12,831,-1.2900771359116665,0.0,-1.4128575176906888,0.7517973227314179,664181095.7385472,664.1810957385472,0.5290852812466645,0.3692318639484825
S_Q1,27,B,SRI12,832,0.0,1973.7261238981412,-1.107476920506072,0.7216425562995897,4932125700.8972845,4932.125700897284,0.8342050023125912,0.07307788095492224
S_Q1,27,B,SRI12,833,-0.0005126484500091663,1699.1319372526766,-1.4501914430285352,0.7000030335136799,4614538724.5020895,4614.538724502089,0.8051730885544528,0.09453161134237019
S_Q1,27,B,SRI12,834,-0.0676779427802261,0.0,-0.7263079292650281,0.7135251569725273,1208744752.7014644,1208.7447527014644,0.5986764862845554,0.3692318639484825
S_Q1,27,B,SRI12,835,0.0,710.01178341483,-0.006710850691442012,0.7,4699255714.852469,4699.255714852469,0.7797345856903973,0.2870103532927741
S_Q1,27,B,SRI12,836,0.0,1871.412540002847,-2.01733095362172,0.7,4320208730.287305,4320.208730287305,0.7936101327071549,0.07969544953214501
S_Q1,27,B,SRI12,837,0.0,223.93443963266205,0.0,0.7,3954269643.779834,3954.2696437798336,0.6981890632226848,0.34489628918063114
S_Q1,27,B,SRI12,838,-1.6141377052554304,219.10481809679922,0.0,0.7,3941130782.470861,3941.130782470861,0.6670224499235067,0.3602661258761163
S_Q1,27,B,SRI12,839,-3.7882344469852827,0.0,-1.5942487655825808,0.701090966053126,670654952.9181167,670.6549529181167,0.5295122211548725,0.3692318639484825
S_Q1,27,B,SRI12,840,0.0,1673.588491049918,-1.144945521129963,0.7378551053417636,4699498237.97112,4699.49823797112,0.8093357526594799,0.09705767246593375
S_Q1,27,B,SRI12,841,0.0,1948.7580006947414,-1.5451984463638015,0.7,4677202045.347856,4677.202045347855,0.8176255025438502,0.07460774895933397
S_Q1,27,B,SRI12,843,-0.0005126484500091663,1699.1319372526766,-1.3718836931776874,0.7000030335136799,4670248570.99952,4670.24857099952,0.8086953427971679,0.09453161134237019
S_Q1,27,B,SRI12,844,-0.002414511415038803,1796.9863382527092,-1.3331351451584301,0.700269480841297,4748853800.032798,4748.853800032798,0.8166293094246986,0.08595723485252783
S_Q1,27,B,SRI12,845,-0.013035852309365279,1650.6007539110701,-1.1716662005352219,0.7,4791278291.17656,4791.278291176561,0.813889778347031,0.100971288291173
S_Q1,27,B,SRI12,846,0.0,272.4856116097208,0.0,0.7,4067169605.4685674,4067.169605468567,0.7091471875333548,0.34055573344718393
S_Q1,27,B,SRI12,847,0.0,210.6185521055209,0.0,0.7,3920084515.6993523,3920.0845156993523,0.6947379656313374,0.34649731383641086
S_Q1,27,B,SRI12,848,0.0,1896.4740817900843,-1.6065862432335203,0.7652871126003014,4457629323.497394,4457.629323497394,0.803287437293201,0.07788095492226137
S_Q1,27,B,SRI12,849,0.0,1217.8262455123406,0.0,0.7,5129842519.737118,5129.842519737118,0.8304692781157719,0.18216102750204577
S_Q1,27,B,SRI12,851,-3.561532269543456,0.0,-1.0108814261254857,0.7,1091769645.3103666,1091.7696453103667,0.5846586259650621,0.3692318639484825
S_Q1,27,B,SRI12,852,0.0,1727.361504723275,-1.0947895972933561,0.7,4891677675.7093315,4891.677675709331,0.823531504607393,0.09164976696196678
S_Q1,27,B,SRI12,853,0.0,1787.5178960888156,-1.574073498655178,0.7423912699563067,4474701272.065901,4474.7012720659,0.8005479062155335,0.08702458462304762
S_Q1,27,B,SRI12,854,0.0,1800.5874335097965,-0.9866224340780763,0.7005493755326574,4997251771.3741865,4997.251771374186,0.8341338456612232,0.08556587327000391
S_Q1,27,B,SRI12,855,-2.2832010450289224,0.0,-0.9920419480002474,0.9860276036042467,51477338.19845539,51.47733819845539,0.4587469313694098,0.3692318639484825
S_Q1,27,B,SRI12,856,-0.059854138906748025,1832.2890534200908,-2.063279743983669,0.7,4271042872.848486,4271.042872848486,0.7848934429145764,0.0887323442558793
S_Q1,27,B,SRI12,857,0.0,407.0002368464431,0.0,0.7,4315191988.2361555,4315.191988236155,0.7360799800761377,0.32664460810474255
S_Q1,27,B,SRI12,858,-3.585958448075646e-05,29.2067711051291,0.0,0.7,3047150593.271063,3047.150593271063,0.6530045896040133,0.36606539296260726
S_Q1,27,B,SRI12,859,0.0,1711.4504622508261,-0.6163854742347287,0.7007852478367959,5164775413.580649,5164.775413580649,0.8445582950866334,0.09328636994343045
S_Q1,27,B,SRI12,860,0.0,393.7694822345842,-0.001192473120997085,0.7,4293668298.5686555,4293.668298568656,0.733553918952574,0.3279610061550503
S_Q1,27,B,SRI12,861,0.0,1818.1897330748166,-1.9350735932935808,0.7,4333026892.409163,4333.026892409163,0.791831216422955,0.0841071619169602
S_Q1,27,B,SRI12,862,-3.6522929676270204,0.0,-0.7125682441314143,0.7,1274962865.8371441,1274.9628658371441,0.6073220194257658,0.3692318639484825
S_Q1,27,B,SRI12,863,0.0,1890.3641723664025,-2.12462119945743,0.7060969287288672,4262002801.211633,4262.002801211634,0.7901234567901235,0.0783078948304693
S_Q1,27,B,SRI12,864,-2.5370631424544654,0.0,-0.7650535385895804,0.7,1243645481.7077405,1243.6454817077406,0.6038353435087345,0.3692318639484825
S_Q1,27,B,SRI12,865,0.0,0.0,-1.0989745831699607,0.7,1034691602.0467943,1034.6916020467943,0.5764400327320596,0.3692318639484825
S_Q1,27,B,SRI12,866,-1.5181498962239988,0.0,-0.9927873340430843,0.9765695034832144,86177728.51887503,86.17772851887503,0.46223360728644114,0.3692318639484825
S_Q1,27,B,SRI12,867,-0.004057230772221513,2057.6819897405016,-0.9476538104865712,0.7319916087765149,5028118066.000801,5028.118066000801,0.8420678122887536,0.069057530152631
S_Q1,27,B,SRI12,868,0.0,254.62001649865206,-0.002174721500926801,0.7,4026632507.5925436,4026.632507592544,0.7045931618458036,0.3421567581029636
S_Q1,27,B,SRI12,869,-3.7204851114381428,0.0,-1.3086854548379978,0.7384538496154308,766083961.6163237,766.0839616163237,0.5424627317038461,0.3692318639484825
S_Q1,27,B,SRI12,870,-0.17118826582477253,0.0,-0.015607391625275635,0.7,1573824952.0231416,1573.8249520231416,0.644074429857331,0.3692318639484825
S_Q1,27,B,SRI12,873,0.0,168.80140188799388,0.0,0.7,3800746826.6888556,3800.7468266888554,0.6856299142562351,0.3505888212900701
S_Q1,27,B,SRI12,874,-0.002792726887253181,1802.115519424123,-2.1656807360560535,0.7,4204963744.097737,4204.963744097737,0.7830077916533247,0.0854947166186359
S_Q1,27,B,SRI12,875,0.0,1574.5014096691452,-1.48992423115249,0.7006982367745705,4519711867.608617,4519.711867608617,0.7936457110328389,0.1111111111111111
S_Q1,27,B,SRI12,876,-2.5525184347087886,0.0,-1.0831839352816652,0.7,1046755873.7736074,1046.7558737736074,0.5781833706905753,0.3692318639484825
S_Q1,27,B,SRI12,877,0.0,0.0,-0.00016582221137824427,0.7301363137642269,1421216921.4992101,1421.2169214992102,0.6239726758458747,0.3692318639484825
S_Q1,27,B,SRI12,878,-0.007232851870045912,483.14081302504735,0.0,0.7,4428792215.4780445,4428.792215478044,0.7494218522076354,0.3191020030597361
S_Q1,27,B,SRI12,880,-0.011918872863949798,1805.9106516227262,-2.0247525137732216,0.7393022810967818,4230661201.7491574,4230.661201749157,0.7854982744512042,0.08581492154979185
S_Q1,27,B,SRI12,881,0.0,1886.97803253477,-1.3624062426394605,0.7028964886440163,4764962487.192637,4764.962487192637,0.8211121784608818,0.07859252143594124
S_Q1,27,B,SRI12,882,0.0,1721.7956384481147,-0.9752235321765209,0.7039679247613427,4949982533.907639,4949.982533907639,0.8289749884370443,0.09229017682427865
S_Q1,27,B,SRI12,884,-2.8290474203175564,0.0,-0.8978355811275383,0.7,1161604048.81987,1161.60404881987,0.5933753157576405,0.3692318639484825
S_Q1,27,B,SRI12,885,-0.014606053002680877,1810.4068463099477,-0.9598333755796966,0.717093840787874,4957090599.118891,4957.090599118891,0.8317500978403957,0.08560145159568791
S_Q1,27,B,SRI12,886,-0.01347179118795741,1650.9722826623342,0.0,0.7,5397438973.959503,5397.4389739595035,0.8602483367132743,0.10086455331412102
S_Q1,27,B,SRI12,887,0.0,1620.7063439288913,-1.1696685583787574,0.7059505673450447,4756434020.021407,4756.434020021407,0.8110435122923116,0.10413775927704844
S_Q1,27,B,SRI12,890,0.0,1700.1715741486034,-2.3184288723876545,0.7007063338679866,4077689026.0612164,4077.6890260612163,0.7689543530081475,0.09442487636531822
S_Q1,27,B,SRI12,891,0.0,1570.8673860850383,-0.9752235321765209,0.7298518621176615,4769748009.018025,4769.748009018025,0.8126445369480912,0.111680364322055
S_Q1,27,B,SRI12,894,-0.00021241477296521198,1429.0073894290003,-0.43873593609272454,0.7000067053844241,5091985251.157232,5091.985251157233,0.8319991461201837,0.1362294090440104
S_Q1,27,B,SRI12,895,0.0,1605.979531728805,-0.0006472245322423076,0.7,5372203955.553619,5372.203955553619,0.8573664923328709,0.10598783221261607
S_Q1,27,B,SRI12,898,0.0,643.8020919337412,0.0,0.7,4629912769.378661,4629.912769378661,0.7718717757142348,0.2976126943466041
S_Q1,27,B,SRI12,900,0.0,1698.4233664516098,0.0,0.7,5423456682.664391,5423.45668266439,0.8624186145799977,0.09456718966805419
S_Q1,27,B,SRI12,901,-0.013356995457735537,1995.513950240423,-2.1351551602371455,0.7114188272462286,4304274443.529396,4304.274443529396,0.7980574234176538,0.07250862774397838
S_Q1,27,B,SRI12,902,0.0,1275.65287592538,0.0,0.7,5169335054.826469,5169.33505482647,0.8356637136656349,0.16857010709076034
S_Q1,27,B,SRI12,904,-0.002098365718200235,1680.607324276329,-1.923360359643258,0.7140208324412985,4246147057.5777836,4246.147057577784,0.7790585975024015,0.09652399758067386
S_Q1,27,B,SRI12,905,0.0,502.4146595927517,-0.0007206977440257336,0.702350595673238,4442787398.787758,4442.787398787758,0.7508449852349949,0.3164336286334365
S_Q1,27,B,SRI12,908,-0.000461168936604979,146.15267286024135,-5.3509402094088256e-05,0.7,3726362693.372181,3726.3626933721807,0.68068452698616,0.35322161739068564
S_Q1,27,B,SRI12,909,0.0,1800.665986678931,-1.1052882185108035,0.7070148959963717,4897143824.558829,4897.14382455883,0.8268402888960046,0.08556587327000391
S_Q1,27,B,SRI12,910,-4.0,0.0,-1.2751431717528783,0.7275707495832047,818413132.446553,818.4131324465529,0.5493649268865406,0.3692318639484825
S_Q1,27,B,SRI12,911,-0.0020808013997774648,2024.0518243072909,-1.4801901975261522,0.7,4761357439.978826,4761.357439978826,0.8246344327035969,0.07037392820293877
S_Q1,27,B,SRI12,912,-0.004621901890782831,1919.0264280280305,-1.631672751582268,0.7328577826199902,4524726804.523441,4524.726804523441,0.8079126196321202,0.07635108691784964
S_Q1,27,B,SRI12,913,0.0,66.10603799720693,-0.00478666390303506,0.7004203705865241,3355054817.724631,3355.054817724631,0.6618991710250116,0.3621517771373679
S_Q1,27,B,SRI12,914,-0.13165679436409472,0.0,-1.2880408117909425,0.7,892796141.0881902,892.7961410881902,0.5582595083075391,0.3692318639484825
S_Q1,27,B,SRI12,915,-4.0,0.0,-1.0689311656308373,0.7302429573681913,949031127.7774827,949.0311277774828,0.5666915714946454,0.3692318639484825
S_Q1,27,B,SRI12,916,0.0,1694.090157769176,-1.751010076077647,0.7041236463222962,4380190576.799044,4380.190576799044,0.7893407336250756,0.09510086455331412
S_Q1,27,B,SRI12,917,0.0,1588.6731243274457,-1.4514746904316012,0.7,4553176847.6784525,4553.176847678453,0.7970968086241863,0.10869178496459954
S_Q1,27,B,SRI12,918,0.0,855.8535624348747,-0.002847237509872258,0.7013942862013699,4834873489.882745,4834.873489882745,0.7958871455509302,0.2619632120112428
S_Q1,27,B,SRI12,922,0.0,106.71116314009663,0.0,0.7,3572576577.41119,3572.57657741119,0.6720745721706336,0.3578823780552887
S_Q1,27,B,SRI12,923,0.0,97.84675814648553,0.0,0.7,3532160171.5789523,3532.1601715789525,0.6701889209093821,0.35880741452307247
S_Q1,27,B,SRI12,924,0.0,1896.4740817900843,-1.5955937222912149,0.7015509482247051,4606580805.658453,4606.580805658453,0.8112569822464157,0.07788095492226137
S_Q1,27,B,SRI12,925,0.0,240.07467819436317,0.0,0.7,3993723740.910058,3993.723740910058,0.7014978475112962,0.34357989113032344
S_Q1,27,B,SRI12,926,0.0,1525.3168083549845,0.0,0.7,5325952338.259968,5325.952338259968,0.8525278400398482,0.11886718611022165
S_Q1,27,B,SRI12,927,0.0,1563.357622093486,-1.3483262646605023,0.7117366165448451,4578732452.681297,4578.732452681297,0.7968477603443981,0.1126765574412068
S_Q1,27,B,SRI12,928,0.0,1111.3690726755058,0.0,0.7,5053236826.928275,5053.236826928275,0.8212544917636175,0.20685238552673718
S_Q1,27,B,SRI12,930,0.0,1246.3647895350036,-0.0006092496913188278,0.7,5149364810.479255,5149.364810479255,0.8328174476109155,0.175685772227559
S_Q1,27,B,SRI12,933,-0.0020796389191742575,374.8320701833113,0.0,0.7,4262297289.8781524,4262.297289878153,0.7299249297328068,0.3298466574163021
S_Q1,27,B,SRI12,934,0.0,1867.8325516485957,-0.6949093137336338,0.7,5214099228.348507,5214.099228348507,0.8508200804070162,0.08001565446330094
S_Q1,27,B,SRI12,935,0.0,1535.6982157347945,-0.47855700751776203,0.7001619544911277,5136021661.548741,5136.021661548742,0.8375849432525705,0.11694595652328602
S_Q1,27,B,SRI12,936,-0.0020718073128833535,1574.3897988498509,-1.568439569648989,0.7000650272622185,4461464531.785484,4461.464531785485,0.7902657700928595,0.1111466894367951
S_Q1,27,B,SRI12,937,-0.062281957880375945,0.0,-2.308905593729995,0.7,247309249.29760754,247.30924929760755,0.4790621553349701,0.3692318639484825
S_Q1,27,B,SRI12,938,-0.00014848023566314255,2085.610995169185,-1.3077205996093857,0.7173345605982356,4858352043.701567,4858.352043701567,0.8316433628633435,0.06809691535916318
S_Q1,27,B,SRI12,940,0.0,1703.1988384126757,-0.7323808702096809,0.7280950685841142,4986210505.235718,4986.210505235717,0.8331732308677553,0.0941046714341623
S_Q1,27,B,SRI12,941,0.0,2000.8735654388158,-1.1166239820888153,0.7790044934930624,4743453758.775531,4743.453758775531,0.8245988543779129,0.07140569964777457
S_Q1,27,B,SRI12,943,0.0,2100.0,-0.40141331271766556,0.7434713882669173,5261478882.572609,5261.478882572609,0.8590386736400185,0.0675632404739033
S_Q1,27,B,SRI12,944,0.0,1605.6483551245472,-1.3536475234801197,0.7000878580103533,4630982117.35729,4630.98211735729,0.8026114491052051,0.10598783221261607
S_Q1,27,B,SRI12,945,0.0,1821.5093884124494,-0.4402489586402718,0.7333788577311582,5154098893.930171,5154.098893930171,0.8472978261643006,0.08364464368306829
S_Q1,27,B,SRI12,946,0.0,1901.7770976713512,-0.9649973535756795,0.7,5063859569.324852,5063.859569324852,0.840146582701818,0.07748959333973744
S_Q1,27,B,SRI12,947,0.0,1757.3134506724282,-0.007430882192495658,0.7,5452399283.344316,5452.399283344315,0.8648023624008255,0.08962180239797915
S_Q1,27,B,SRI12,948,0.0,1981.0796338105874,-1.680127735427255,0.7003799496594614,4585881580.211983,4585.8815802119825,0.814174404952503,0.07261536272103034
S_Q1,27,B,SRI12,949,0.0,1911.0940643365027,-1.6919179567762335,0.7288729130426469,4487650976.001207,4487.650976001208,0.8059913900451845,0.07670687017468959
S_Q1,27,B,SRI12,950,-0.0020808013997774648,1818.6202674488834,-1.4701085026519207,0.7,4666283970.352654,4666.283970352654,0.8126445369480912,0.08396484861422422
S_Q1,27,B,SRI12,951,-0.0012839111183128634,1641.0256664471806,-1.782627945247307,0.7,4339528820.432278,4339.528820432278,0.7836126231899526,0.10118475824527697
S_Q1,27,B,SRI12,952,-0.02335481241692583,1818.1897330748166,-1.9009247948468462,0.7,4354484751.506833,4354.484751506833,0.791831216422955,0.08485430675632406
S_Q1,27,B,SRI12,953,0.0,1810.931793143493,-2.0821668852860338,0.7,4249268413.908666,4249.268413908666,0.7858896360337281,0.08485430675632406
S_Q1,27,B,SRI12,954,-0.001152966710378828,519.730857275623,0.0,0.7004072656160899,4476452484.6437645,4476.452484643764,0.7544028178033941,0.314405664069449
S_Q1,27,B,SRI12,955,0.0,1631.4448115240696,-1.9350735932935808,0.7,4233179227.244938,4233.1792272449375,0.7753584516312663,0.1027857829010567
S_Q1,27,B,SRI12,956,-2.504247614315676,0.0,-0.17236288816303302,0.7,1521426657.487883,1521.4266574878832,0.6369587647205323,0.3692318639484825
S_Q1,27,B,SRI12,957,-0.020488736356230657,1598.0667395334854,-1.176328935452484,0.7181409069056702,4698586181.736777,4698.586181736778,0.8051375102287687,0.10773117017113175
S_Q1,27,B,SRI12,958,0.0,1839.3534112506036,-0.6272182178534096,0.751161535571767,5003448493.416684,5003.448493416684,0.8385099797203545,0.08225708898139254
S_Q1,27,B,SRI12,959,0.0,1901.7770976713512,-1.995821473146954,0.7,4346516128.906193,4346.5161289061925,0.7961006155050342,0.07748959333973744
S_Q1,27,B,SRI12,960,0.0,200.04645870992232,-0.0005568657045321168,0.7001304989018994,3890928028.8992834,3890.9280288992836,0.6924253744618777,0.3471377236987227
S_Q1,27,B,SRI12,962,-3.9679050516572936,0.0,-1.2282207734953083,0.7001366885346874,929442315.5994914,929.4423155994914,0.5634539438574021,0.3692318639484825
S_Q1,27,B,SRI12,963,-0.0020771955054296487,560.3864040071244,-0.0010005389924027663,0.7,4530808245.969253,4530.808245969252,0.760557868146725,0.30871313196001
S_Q1,27,B,SRI12,964,0.0,1589.9405790272085,-1.0027436323215597,0.7009178279568874,4871694752.516286,4871.694752516286,0.8197602020848898,0.1084783150104956
S_Q1,27,B,SRI12,966,-0.00019339443772707285,182.03863770634246,0.0,0.7,3840736760.6520233,3840.7367606520233,0.6885117586366385,0.3492724232397623
S_Q1,27,B,SRI12,967,-2.4174740206101236e-05,2081.3750250873027,-0.9841874906465573,0.7730340897206914,4868182400.700336,4868.182400700336,0.8344896289180633,0.06827480698758316
S_Q1,27,B,SRI12,968,0.0,1736.053903624741,-0.6961556168329782,0.7,5145091954.750323,5145.091954750324,0.8433130536876936,0.09108051375102288
S_Q1,27,B,SRI12,969,0.0,339.0333233873415,0.0,0.7,4199235295.8840737,4199.235295884074,0.7232717828299001,0.3343295264524851
S_Q1,27,B,SRI12,970,0.0,1923.96681385219,0.0,0.7,5539577737.696148,5539.577737696148,0.8729853773081439,0.07595972533532572
S_Q1,27,B,SRI12,971,0.0,2100.0,-0.741567025424666,0.7449178367230175,5107456963.609913,5107.456963609913,0.8503931404988081,0.0675632404739033
S_Q1,27,B,SRI12,972,0.0,1676.3789806017955,-1.5713852847560086,0.7,4516076195.106916,4516.076195106916,0.797879531789234,0.09680862418614582
S_Q1,27,B,SRI12,973,-2.9051428192304067,0.0,-1.085562617795515,0.9566905721455133,151012901.73458326,151.01290173458327,0.46799729604724793,0.3692318639484825
S_Q1,27,B,SRI12,974,0.0,678.1048326059887,0.0,0.7002329158458647,4666525704.653724,4666.525704653724,0.7758209698651582,0.292524993773793
S_Q1,27,B,SRI12,976,-0.0005691811403321959,357.05332744608364,0.0,0.7,4231540874.5099406,4231.54087450994,0.7264382538157754,0.33230156188849747
S_Q1,27,B,SRI12,977,0.0,2100.0,-0.5566998157736152,0.7114150344600149,5339379642.082832,5339.379642082832,0.8637350126303056,0.0675632404739033
S_Q1,27,B,SRI12,978,0.0,1077.2856754525676,0.0,0.7,5027621082.422366,5027.621082422366,0.8176610808695344,0.21460846052584764
S_Q1,27,B,SRI12,979,-0.003654711404819446,2003.31987405826,-0.004225525065070124,0.7007799215343224,5572351827.278108,5572.3518272781075,0.8757604867114952,0.0712633863450386
S_Q1,27,B,SRI12,981,0.0,1757.7156592275246,-1.5757292919436656,0.7092615638481102,4534767651.079693,4534.767651079693,0.8021489308713133,0.08962180239797915
S_Q1,27,B,SRI12,982,-0.00010831505621677955,2050.218191378116,-2.235054412425154,0.7045956549603694,4289924004.8904514,4289.924004890451,0.7981285800690219,0.06919984345536699
S_Q1,27,B,SRI12,983,0.0,1876.2845690059985,-1.0500411376244845,0.7315772576826658,4885490933.483764,4885.490933483764,0.8293663500195682,0.07941082292667305
S_Q1,27,B,SRI12,984,-4.0,0.0,0.0,0.7051850528315443,1552608443.357168,1552.608443357168,0.6411570071512434,0.3692318639484825
S_Q1,27,B,SRI12,985,-2.934110701168062,0.0,-0.9702424741357711,0.7,1116362129.4948618,1116.3621294948618,0.5873981570427296,0.3692318639484825
S_Q1,27,B,SRI12,986,-0.0063101026211318705,1638.8516763675934,-2.040103506238653,0.7010526170344736,4180133133.971856,4180.133133971856,0.772654498879283,0.10146938485074894
S_Q1,27,B,SRI12,987,0.0,1628.7381852426095,-1.436698073353512,0.7,4584372498.140626,4584.372498140626,0.8007257978439535,0.1031415661578966
S_Q1,27,B,SRI12,988,-0.023033236033315488,1617.967988138143,-1.9215621101546945,0.700269480841297,4233447931.633371,4233.447931633371,0.7739353186039066,0.10527626569893622
S_Q1,27,B,SRI12,989,-0.0900193957771775,317.807157802558,0.0,0.7,4159351071.6700997,4159.351071670099,0.7173302024406731,0.33738926246130857
S_Q1,27,B,SRI12,990,0.0,2100.0,-2.2694846630624497,0.7,4300222115.549821,4300.222115549821,0.8008325328210055,0.0675632404739033
S_Q1,27,B,SRI12,991,-0.010204109765146144,2100.0,-1.3277914733433003,0.7452120931076944,4770573675.80513,4770.57367580513,0.8276941687124203,0.06831038531326715
S_Q1,27,B,SRI12,992,-2.053666247453804,0.0,-0.002465651178456929,0.7336338954103369,1401723541.6380498,1401.72354163805,0.6211975664425232,0.3692318639484825
S_Q1,27,B,SRI12,993,0.0,1044.2736407035495,0.0,0.7,5002123738.820311,5002.123738820311,0.8146369231863948,0.22140392073149043
S_Q1,27,B,SRI12,994,0.0,157.35082658015858,0.0,0.7000746031863622,3763780944.936489,3763.780944936489,0.6829971181556195,0.3519763759917459
S_Q1,27,B,SRI12,995,-0.005197556323312416,1916.3624021427256,-1.1769337772247745,0.7001837793213894,4924454237.868634,4924.454237868635,0.8307894830469276,0.07645782189490163
S_Q1,27,B,SRI12,996,-0.004658606224714909,1605.6483551245472,-1.3043344932638519,0.7000878580103533,4666744966.209246,4666.744966209246,0.8042836304123526,0.10598783221261607
S_Q1,27,B,SRI12,997,0.0,332.7364438945147,0.0,0.700250340475927,4186278550.3869023,4186.278550386903,0.7220265414309602,0.335005514640481
S_Q1,27,B,SRI12,998,0.0,1540.9134172677996,-0.9929426198822273,0.7551871027125501,4648629008.234806,4648.629008234806,0.8032162806418329,0.11616323335823814
S_Q1,27,B,SRI12,999,0.0,1554.3805369145873,-0.5835021390130788,0.7281107497794417,4972082633.108028,4972.082633108029,0.8273383854555805,0.11367275056035862
S_Q1,27,B,SRI12,1000,-4.783660998387471e-05,1850.75287705685,0.0,0.7000746031863622,5502684069.459346,5502.684069459346,0.8694631230654286,0.08126089586224071
S_Q1,27,B,SRI12,1001,-4.0,0.0,-1.2556243208575344,0.7,913086903.037309,913.0869030373091,0.5613192443163625,0.3692318639484825
S_Q1,27,B,SRI12,1003,0.0,1670.7438333668636,-1.751010076077647,0.7041236463222962,4367464467.872374,4367.4644678723735,0.7875262390151919,0.09744903404845766
S_Q1,27,B,SRI12,1004,0.0,448.36179004279387,0.0,0.7,4378694247.109921,4378.694247109922,0.7438004767495642,0.32244636567403134
S_Q1,27,B,SRI12,1005,0.0,1492.2419750677568,-0.8311860778170398,0.7042964614822299,4909328606.811957,4909.328606811958,0.819475575479418,0.12455971821966061
S_Q1,27,B,SRI12,1006,-0.0004292380904941434,2080.6568542628415,-0.821485306163437,0.7003530147791008,5237694330.353898,5237.694330353898,0.8549827445120433,0.06834596363895114
S_Q1,27,B,SRI12,1007,0.0,1659.404122857848,-1.8533149355780854,0.7214498822879614,4263441590.2027884,4263.441590202789,0.7791297541537694,0.09890774540150139
S_Q1,27,B,SRI12,1008,0.0,1721.7956384481147,-2.015310707976485,0.7000441329146775,4243750000.701763,4243.750000701763,0.7808019354609173,0.09229017682427865
S_Q1,27,B,SRI12,1009,0.0,2062.1624299839705,-0.8355371479768957,0.7,5222710705.884465,5222.710705884465,0.8541644430213112,0.06880848187284305
S_Q1,27,B,SRI12,1010,0.0,6.555585327009112,0.0,0.7,2610991490.548015,2610.991490548015,0.6466004909808944,0.3684847191091187
S_Q1,27,B,SRI12,1012,0.0,883.4946794921295,0.0,0.7001019054181314,4867991840.9031315,4867.991840903132,0.7995161347706977,0.2572312946952717
S_Q1,27,B,SRI12,1014,0.0,57.75176144770141,0.0,0.7,3303495068.1274056,3303.495068127406,0.6601558330664958,0.3630056569537837
S_Q1,27,B,SRI12,1015,-3.47493516319481e-05,1694.62199599467,-1.1639413848441187,0.7062416514662494,4800904284.134665,4800.9042841346645,0.8169139360301706,0.09502970790194613
S_Q1,27,B,SRI12,1016,0.0,2100.0,-1.6797189084017594,0.7021194577871963,4638337521.917701,4638.3375219177005,0.8206140819013057,0.0675632404739033
S_Q1,27,B,SRI12,1018,-0.0024236591245342023,1619.77883510568,-0.5120602651970753,0.7687987102083998,4853044377.026606,4853.044377026606,0.8207919735297255,0.1042800725797844
S_Q1,27,B,SRI12,1019,0.0,75.8187255714488,0.0,0.7000268331748922,3417809614.6896577,3417.809614689658,0.6649589070338351,0.36129789732095213
S_Q1,27,B,SRI12,1020,0.0,2044.110506788431,-1.6468882807879537,0.7018731948646713,4638346158.926482,4638.3461589264825,0.8190842138968939,0.06941331340947095
S_Q1,27,B,SRI12,1021,-0.00024923472171665473,1521.0278725929702,-0.9555284208898148,0.7003846393865497,4862986793.689385,4862.986793689385,0.8162023695164904,0.11932970434411357
S_Q1,27,B,SRI12,1022,0.0,1548.9982677976134,-1.3023784990220304,0.7029055306963395,4628104009.480629,4628.1040094806285,0.79855551997723,0.11488241363361441
S_Q1,27,B,SRI12,1023,-0.06317451835646719,44.609428668495056,0.0,0.7,3201521489.944449,3201.521489944449,0.6570249404063045,0.3646066816095634
S_Q1,27,B,SRI12,1024,0.0,1178.1265665017334,0.0,0.7001397744801022,5101269325.4093275,5101.269325409327,0.8265556622905327,0.1919806453908279
S_Q1,27,B,SRI12,1025,0.0,1903.5808434803391,-0.8683229502107009,0.7,5122801849.230958,5122.801849230958,0.8448785000177893,0.07727612338563349
S_Q1,27,B,SRI12,1026,-0.02703915728933185,1528.0866194152197,-0.5340882590894905,0.7,5104955214.780694,5104.955214780694,0.8348098338492193,0.11893834276158961
S_Q1,27,B,SRI12,1027,0.0,985.66782272818,0.0,0.7,4955418353.766296,4955.418353766297,0.8093713309851639,0.23563525100508775
S_Q1,27,B,SRI12,1028,-0.627227428328466,0.0,-1.4183590463301674,0.7355273848482498,704177949.1277313,704.1779491277313,0.5337816202369517,0.3692318639484825
S_Q1,27,B,SRI12,1029,0.0,1314.436154909068,0.0,0.7012449492130346,5188544939.98585,5188.544939985851,0.8380474614864626,0.16013804390365388
S_Q1,27,B,SRI12,1031,-3.2423807455325453,0.0,-1.9987511918877137,0.7007988055005666,405332036.13032025,405.33203613032026,0.4976696196676985,0.3692318639484825
S_Q1,27,B,SRI12,1032,-0.7052058076265282,0.0,-1.2851937909808928,0.8052044643566953,581085623.2487775,581.0856232487776,0.5188387234496746,0.3692318639484825
S_Q1,27,B,SRI12,1033,-3.9702764078905517,0.0,-1.0387620444034136,0.843719956521811,560215864.1674678,560.2158641674679,0.5155655174867471,0.3692318639484825
S_Q1,27,B,SRI12,1036,0.0,710.9473084243251,0.0,0.7,4702698530.799875,4702.698530799876,0.7800547906215533,0.2867968833386701
S_Q1,27,B,SRI12,1038,-1.0441562150625785,0.0,-0.5523809559083439,0.7,1351978488.9084342,1351.9784889084342,0.616643540754972,0.3692318639484825
S_Q1,27,B,SRI12,1039,-2.042189429149831,0.0,0.0,0.7302913608621685,1420400454.779826,1420.4004547798258,0.6237947842174547,0.3692318639484825
S_Q1,27,B,SRI12,1041,-0.0025999533865754265,121.68845823435743,0.0,0.7,3635391424.2853827,3635.3914242853825,0.6749919948767212,0.35638808837656094
S_Q1,27,B,SRI12,1045,-0.0003130759389629922,1670.9186112117986,-2.1032177196766564,0.7985281925704235,4051131906.23838,4051.13190623838,0.7651474721599599,0.09744903404845766
S_Q1,27,B,SRI12,1046,-2.592208791717564,0.0,-1.9967999222894612,0.8288068118808821,232274085.9825661,232.27408598256608,0.4771053474223503,0.3692318639484825
S_Q1,27,B,SRI12,1047,-1.653665366036274,0.0,-2.481179660763866,0.9228229295748339,46045270.459765285,46.045270459765284,0.45807094318141384,0.3692318639484825
S_Q1,27,B,SRI12,1048,0.0,623.0157377251927,-0.004697058113950114,0.7,4604006726.644384,4604.006726644385,0.7688476180310955,0.3009214786352154
S_Q1,27,B,SRI12,1050,0.0,1776.456693065459,-1.4887155679726778,0.7044642328054489,4621327195.261955,4621.327195261955,0.8078058846550682,0.08791404276514747
S_Q1,27,B,SRI12,1052,-0.009197582760851586,292.46042948040656,0.0,0.7008871396231409,4104466614.0542445,4104.466614054245,0.7124915501476501,0.3390970220941402
S_Q1,27,B,SRI12,1055,-0.036192435828491604,1670.3993977211414,-2.144672608870072,0.7346642247481886,4107897808.606113,4107.897808606113,0.7669263884441597,0.0988721670758174
S_Q1,27,B,SRI12,1058,-0.6697507485954751,0.0,-1.333351153457599,0.7012248896629382,857092673.8395742,857.0926738395742,0.5539901092254598,0.3692318639484825
S_Q1,27,B,SRI12,1060,0.0,1278.7181202626732,0.0,0.7009058268933599,5166613530.427621,5166.613530427621,0.8355925570142669,0.16782296225139645
S_Q1,27,B,SRI12,1061,0.0,823.0779676841048,0.0,0.7,4813480737.211113,4813.480737211113,0.792720674565055,0.26829615398299356
S_Q1,27,B,SRI12,1062,-0.05877073980863865,145.7325403924785,0.0,0.7,3724884893.434707,3724.884893434707,0.6800085387981641,0.3537197139502616
S_Q1,27,B,SRI12,1063,-0.0027928659531434308,444.4275645168656,0.0,0.7012252307199037,4366375068.112499,4366.375068112499,0.7424129220478884,0.3228021489308713
S_Q1,27,B,SRI12,1065,-0.002603656739495713,1768.3753140768545,-1.341579879793275,0.7005115145572984,4728365628.088368,4728.365628088369,0.8143878749066068,0.08873234425587932
S_Q1,27,B,SRI12,1066,-0.005221907874941297,908.079445334786,0.0,0.7,4890078477.418311,4890.078477418311,0.8016508343117373,0.2520012808197246
S_Q1,27,B,SRI12,1067,0.0,852.5937839005638,0.0,0.7,4840738308.076893,4840.738308076893,0.7965987120646102,0.2628170918276586
S_Q1,27,B,SRI12,1068,0.0,4.212707754980499,0.0,0.7000047783215173,2508747258.4862695,2508.7472584862694,0.6460668160956345,0.36869818906322266
S_Q1,27,B,SRI12,1069,0.0,1454.3485365843771,-0.8501502367601466,0.7,4890860782.730461,4890.860782730461,0.8167360444017504,0.1313907567509873
S_Q1,27,B,SRI12,1071,0.0,1647.9387822381084,-2.052900413750754,0.7005839890124821,4179436005.479317,4179.436005479317,0.7726189205535987,0.10054434838296507
S_Q1,27,B,SRI12,1073,0.0,1810.3223089241524,0.0,0.7,5482499017.25747,5482.49901725747,0.8673284235243891,0.08485430675632406
S_Q1,27,B,SRI12,1075,0.0,345.86593550881787,0.0,0.7,4211665643.210986,4211.665643210986,0.7245881808802076,0.3335112249617533
S_Q1,27,B,SRI12,1076,0.0,171.29697934056097,0.0,0.7000740953403608,3808068289.293275,3808.068289293275,0.686092432490127,0.35041092966165016
S_Q1,27,B,SRI12,1077,0.0,1373.9510520533545,-0.8610627858110385,0.7,4832281117.91207,4832.28111791207,0.8089088127512721,0.14718753335468035
S_Q1,27,B,SRI12,1078,-3.2423807455325453,0.0,-0.9478230953560729,0.7007988055005666,1126943224.0776212,1126.9432240776212,0.5883943501618814,0.3692318639484825
S_Q1,27,B,SRI12,1080,0.0,94.3681413527504,0.0,0.7,3515528412.9373593,3515.5284129373595,0.6692994627672822,0.3591631977799124
S_Q1,27,B,SRI12,1083,-1.1930204072499915,0.0,-0.7417959356460407,0.7,1256822291.8471427,1256.8222918471427,0.6055075248158821,0.3692318639484825
S_Q1,27,B,SRI12,1084,-0.02275092282825896,1625.9638890917329,-1.2126853389625745,0.7013111843857402,4736241087.541044,4736.241087541044,0.8092645960081118,0.10410218095136443
S_Q1,27,B,SRI12,1085,-0.008630717926447096,1630.947341688649,-0.6670276552129137,0.7,5099667675.453619,5099.667675453619,0.8381186181378305,0.10285693955242468
S_Q1,27,B,SRI12,1087,-0.006602111289272638,0.0,-1.0027093968822287,0.7068286272290886,1071289483.8532228,1071.289483853223,0.5822392998185506,0.3692318639484825
S_Q1,27,B,SRI12,1088,-1.5509244360824728,0.0,-0.006259922579523361,0.7045028987628523,1554014265.9172175,1554.0142659172175,0.6414416337567155,0.3692318639484825
S_Q1,27,B,SRI12,1089,0.0,1964.101867085622,-1.3549112692574143,0.7004620707070569,4815458166.979297,4815.458166979297,0.8260931440566405,0.07364713416586614
S_Q1,27,B,SRI12,1092,-1.3486729209940485,0.0,-2.210563345368809,0.7058269313164494,288479971.86230683,288.47997186230685,0.4835094460454691,0.3692318639484825
S_Q1,27,B,SRI12,1093,-1.349284544399762,0.0,-0.5657621221149253,0.7024167563871128,1336131295.2476459,1336.1312952476458,0.6146511545166683,0.3692318639484825
S_Q1,27,B,SRI12,1095,-4.0,0.0,0.0,0.9917061411128026,43809271.433942355,43.80927143394236,0.45792862987867794,0.3692318639484825
S_Q1,27,B,SRI12,1096,0.0,1897.2060127389188,-1.1000961139267935,0.700038241703445,4974905841.170589,4974.905841170589,0.834062689009855,0.07788095492226137
S_Q1,27,B,SRI12,1097,-4.0,0.0,-1.170972804951018,0.7,980367040.866771,980.3670408667709,0.569822464154837,0.3692318639484825
S_Q1,27,B,SRI12,1098,-0.0093748688683757,1879.368688253746,-1.123960774008509,0.7590753877684873,4746651714.991969,4746.651714991969,0.8202938769701498,0.07983776283488099
S_Q1,27,B,SRI12,1099,-1.7177876398115702e-05,1876.7661378019443,-0.751391702189977,0.7030684728178654,5171065955.643876,5171.065955643876,0.8484719109118724,0.07937524460098906
S_Q1,27,B,SRI12,1101,0.0,1075.573525042513,0.0,0.7000412640575335,5026095700.139099,5026.095700139099,0.8173052976126942,0.21507097875973955
S_Q1,27,B,SRI12,1104,0.0,1863.1221044783758,-1.4344625348560005,0.7493429590451587,4579720116.513415,4579.720116513416,0.8097626925676878,0.08040701604582487
S_Q1,27,B,SRI12,1105,0.0,1972.4965725344007,-1.477868621551925,0.701137483397263,4735358532.023276,4735.358532023276,0.8218593233002457,0.0732201942576582
S_Q1,27,B,SRI12,1106,0.0,492.5950845512706,-0.004697058113950114,0.7,4439789327.559503,4439.789327559502,0.750631515280891,0.3179279183121642
S_Q1,27,B,SRI12,1107,-1.2389738581234062,0.0,-0.7518022865512087,0.7080726043805649,1217209535.3152027,1217.2095353152026,0.6002063542889671,0.3692318639484825
S_Q1,27,B,SRI12,1110,-0.0010695151498928183,106.53062415416599,0.0,0.7000083584730188,3571735357.53224,3571.73535753224,0.6720034155192657,0.3578823780552887
S_Q1,27,B,SRI12,1111,-1.0111827373600735,0.0,-1.741399919654127,0.7048562608397708,552059862.5287503,552.0598625287503,0.5141779627850713,0.3692318639484825
S_Q1,27,B,SRI12,1113,0.0,677.4069169833012,0.0,0.7000000455431055,4667003157.31751,4667.003157317509,0.7759277048422102,0.29266730707652894
S_Q1,27,B,SRI12,1114,-0.04474113997157215,2039.7405170816426,-0.7203717147118158,0.7,5280917421.460052,5280.917421460052,0.8553385277688832,0.07154801295051054
S_Q1,27,B,SRI12,1115,-0.009107741291527674,1690.9933520052352,-1.6625629075244102,0.7421892038562454,4364806047.544994,4364.806047544995,0.7890916853452876,0.0962749493008859
S_Q1,27,B,SRI12,1116,-1.2226235690234146,0.0,-0.8918779997368991,0.7045550089779198,1146322902.0889323,1146.3229020889323,0.5912406162166008,0.3692318639484825
S_Q1,27,B,SRI12,1117,0.0,1032.10894829677,-0.029463115257743144,0.7,4982118965.104392,4982.118965104392,0.8125733802967232,0.22457039171736579
S_Q1,27,B,SRI12,1118,-0.005524161599087618,2062.490600589109,-1.6961924110190008,0.7143295442122164,4586286253.906342,4586.286253906342,0.8166648877503823,0.06880848187284305
S_Q1,27,B,SRI12,1119,-0.0007809677475331577,1750.033069436566,-0.7174956426477956,0.7,5138378644.10685,5138.37864410685,0.8435265236417975,0.09011989895755505
S_Q1,27,B,SRI12,1120,-0.00034662948430561985,1830.1119608611177,-0.18127675483315664,0.7020360748782892,5418563462.899428,5418.5634628994285,0.8625253495570498,0.0829686554950724
S_Q1,27,B,SRI12,1121,0.0,576.124866389617,0.0,0.7000059455296321,4550423527.134246,4550.423527134246,0.7625502543850287,0.3069342156758103
S_Q1,27,B,SRI12,1123,0.0,812.0190441649679,0.0,0.7018321798975935,4793342075.312135,4793.3420753121345,0.7907282883267515,0.27018180524424523
S_Q1,27,B,SRI12,1125,-0.0005659416640727891,1522.2658362989932,0.0,0.7000074811344161,5324115206.73144,5324.11520673144,0.8524566833884799,0.1190806560643256
S_Q1,27,B,SRI12,1126,-0.00012970082998117229,1381.4731489043916,-0.4222167186447332,0.7000001951944156,5073525071.909432,5073.525071909432,0.8297221332764081,0.14562208702458465
S_Q1,27,B,SRI12,1127,-0.06993276636315982,244.64814412487485,-0.0016766584074821187,0.7006644306014806,4000135076.289596,4000.135076289596,0.7010353292774042,0.34365104778169137
S_Q1,27,B,SRI12,1128,-0.004152710869003146,1832.3206588681157,-1.679281538250044,0.7054536958795282,4502139583.478499,4502.1395834785,0.8042836304123526,0.08279076386665245
S_Q1,27,B,SRI12,1129,0.0,2066.611824456061,-1.4840430237022835,0.7469383968455415,4660249593.124843,4660.249593124842,0.8204717685985699,0.06866616857010707
S_Q1,27,B,SRI12,1130,-0.0009279099469564657,1746.274025452531,-1.9706897845675986,0.7,4277043163.0533724,4277.043163053372,0.7839328281211085,0.090368947237343
S_Q1,27,B,SRI12,1132,-0.00842145640926532,1846.6814035252278,-1.1358764739934912,0.7005713079323795,4920804090.196954,4920.804090196953,0.8289038317856763,0.08179457074750063
S_Q1,27,B,SRI12,1134,-3.9623936376460582,0.0,-2.0474516353680405,0.7075638678459508,367058215.06754684,367.0582150675468,0.4921905575123637,0.3692318639484825
S_Q1,27,B,SRI12,1135,-0.006219118883860527,2008.0858825819303,-1.4244283275941148,0.8022946398524733,4515627673.993273,4515.627673993273,0.8113281388977837,0.07108549471661864
S_Q1,27,B,SRI12,1136,0.0,776.2924643181223,0.0,0.7,4768807076.673202,4768.807076673202,0.7875618173408759,0.27665706051873196
S_Q1,27,B,SRI12,1137,-0.06360726778310433,0.0,-0.044504635502250145,0.7060934086361133,1533169345.6698928,1533.169345669893,0.6389155726331519,0.3692318639484825
S_Q1,27,B,SRI12,1138,-0.6697507485954751,0.0,-1.202530868430512,0.7012248896629382,947244541.2160665,947.2445412160665,0.5655530650727577,0.3692318639484825
S_Q1,27,B,SRI12,1139,0.0,1180.1076444092714,0.0,0.7,5103403066.840739,5103.4030668407395,0.8266979755932686,0.19141139217988407
S_Q1,27,B,SRI12,1140,-0.007398611011919354,2068.4259370570794,0.0,0.700006402502704,5608704110.119564,5608.704110119564,0.8788202227203188,0.06863059024442308
S_Q1,27,B,SRI12,1144,-0.006606455879740699,0.0,-1.0288882015179361,0.7068218194099563,1055896779.8428953,1055.8967798428953,0.5800334436261431,0.3692318639484825
S_Q1,27,B,SRI12,1145,0.0,1970.5354802335555,-2.0314859739579383,0.7012467961455163,4358744453.958073,4358.744453958073,0.8004055929127977,0.07332692923471018
S_Q1,27,B,SRI12,1146,0.0,1963.9024235017587,-0.8757544409170517,0.7005319935081507,5146049820.987761,5146.0498209877605,0.847084356210197,0.07364713416586614
S_Q1,27,B,SRI12,1147,0.0,1590.8222198396588,-0.6700280215570391,0.7,5075723589.4347925,5075.723589434792,0.8355569786885831,0.10822926673070767
S_Q1,27,B,SRI12,1148,-0.00034662948430561985,1830.1119608611177,-0.7519036722416024,0.7019781052386217,5151730957.180673,5151.730957180673,0.8464083680222007,0.0829686554950724
S_Q1,27,B,SRI12,1149,-0.0018460532018432889,203.28156446054302,-0.0016147311773834858,0.7001144230451866,3899088330.351947,3899.0883303519468,0.6931013626498738,0.34703098872167076
S_Q1,27,B,SRI12,1150,0.0,877.8699104103388,0.0,0.7,4863521215.620748,4863.521215620747,0.7991603515138578,0.25844095776852744
S_Q1,27,B,SRI12,1151,0.0,513.2185843773948,0.0,0.7,4469941612.484117,4469.941612484116,0.7535489379869783,0.3151172305831288
S_Q1,27,B,SRI12,1152,-2.6045909687542994,0.0,-0.0039412030623757754,0.7252863386556145,1445373437.3640003,1445.3734373640002,0.627245881808802,0.3692318639484825
S_Q1,27,B,SRI12,1153,-0.014635924945808801,2063.1339302530278,-1.3535047879927222,0.7000095308745368,4864990567.655187,4864.990567655187,0.8315010495606077,0.06955562671220691
S_Q1,27,B,SRI12,1154,-0.09689563664624301,486.99894572081257,0.0,0.7,4434063549.406089,4434.063549406089,0.7482833457857474,0.3207030277155157
S_Q1,27,B,SRI12,1155,0.0,68.43510562955535,-0.009341284650745994,0.7,3370884882.1923766,3370.8848821923766,0.6627530508414274,0.36190272885758
S_Q1,27,B,SRI12,1156,-0.06363813604516706,261.4361800116145,-0.0015322645200046836,0.7006644306014806,4038751585.0082226,4038.7515850082227,0.7046998968228556,0.34237022805706757
S_Q1,27,B,SRI12,1157,0.0,1796.706541826268,-2.141961894992667,0.7044642328054489,4210067815.717647,4210.067815717647,0.7831145266303766,0.08602839150389582
S_Q1,27,B,SRI12,1158,-5.372667736062292e-05,1997.363033605083,-1.452876004960559,0.7,4764566240.827955,4764.566240827955,0.8244565410751769,0.07154801295051055
S_Q1,27,B,SRI12,1159,-0.00811205581242751,1213.530229443749,0.0,0.7000002562891161,5126873450.054519,5126.873450054519,0.8299711815561959,0.18329953392393353
S_Q1,27,B,SRI12,1161,0.0,2057.6756651588553,-1.4327124886590683,0.7000031435105272,4805034094.290147,4805.034094290147,0.8279787953178925,0.069057530152631
S_Q1,27,B,SRI12,1162,0.0,2092.292171017918,-2.1968091458773653,0.7,4330982689.158098,4330.982689158098,0.8017931476144734,0.06774113210232326
S_Q1,27,B,SRI12,1163,-0.006380000983241464,1664.5034027861639,-0.9731528056197732,0.7088180872408861,4902059151.846555,4902.059151846554,0.8242786494467571,0.09808944391076954
S_Q1,27,B,SRI12,1164,-0.008567312889188064,2015.0720069496358,-0.5750527854545829,0.7009681320906859,5338850158.075896,5338.850158075897,0.8616714697406341,0.0707297114597787
S_Q1,27,B,SRI12,1165,-0.03334141578120639,1695.1143432203446,-1.7186257440421244,0.7,4411028679.085015,4411.028679085015,0.7907638666524355,0.095741274415626
S_Q1,27,B,SRI12,1166,0.0,1730.9793376569176,-1.6054675224552288,0.7001697198887037,4518331224.219764,4518.3312242197635,0.7993382431422776,0.09140071868217883
S_Q1,27,B,SRI12,1167,-0.527327921340985,0.0,0.0,0.7154120716916301,1498753707.2890325,1498.7537072890325,0.6339701853630767,0.3692318639484825
S_Q1,27,B,SRI12,1168,0.0,1894.2407346613393,-0.9210719566541744,0.7612319195932385,4851422270.607158,4851.422270607158,0.8287259401572562,0.07816558152773331
S_Q1,27,B,SRI12,1169,0.0,1393.0908014253462,0.0,0.7000981685430295,5245135130.025005,5245.135130025005,0.8442025118297933,0.143629700786281
S_Q1,27,B,SRI12,1172,-0.0684165919700559,335.9959223490828,-0.012179063196931768,0.7003834226732026,4187555883.634602,4187.555883634602,0.7208524566833886,0.33553918952574086
S_Q1,27,B,SRI12,1173,0.0,1761.2995460719133,-0.0028224239953390517,0.7018984223891422,5445560112.9771805,5445.56011297718,0.8643754224926176,0.08937275411819118
S_Q1,27,B,SRI12,1174,0.0,1989.9401302196022,-1.2117086072516994,0.7,4928642287.410651,4928.642287410651,0.8334222791475433,0.07218842281282241
S_Q1,27,B,SRI12,1175,0.0,1549.517188728009,-0.8268919258279204,0.7000003143498345,4963025823.481239,4963.025823481239,0.8250257942861209,0.11477567865656244
S_Q1,27,B,SRI12,1178,-0.04608099821768977,1954.1062858276514,-2.1024101830653197,0.7,4310916186.130953,4310.916186130953,0.7932543494503149,0.0761376169637457
S_Q1,27,B,SRI12,1179,0.0,2044.617047458483,-1.7017975459089616,0.7282281526216157,4546640192.633032,4546.640192633032,0.8142099832781869,0.06941331340947095
S_Q1,27,B,SRI12,1181,-1.2362389371984683,0.0,-0.754943645577593,0.7017056805992449,1242350542.540375,1242.350542540375,0.6036574518803144,0.3692318639484825
S_Q1,27,B,SRI12,1182,-1.3186729264522135e-05,1758.5619097006052,-0.9008748342979168,0.7000057103605537,5031493599.370451,5031.493599370451,0.835307930408795,0.08958622407229516
S_Q1,27,B,SRI12,1184,-0.013411409591588042,1480.2315260927362,-0.8175453427443204,0.7,4926297228.822286,4926.297228822285,0.8201515636674138,0.12712135766890809
S_Q1,27,B,SRI12,1185,-0.11000203049051724,417.97599748069337,0.0,0.7000018387315229,4332405071.567381,4332.405071567381,0.7360444017504538,0.3275696445725264
S_Q1,27,B,SRI12,1186,-0.000822061492453334,1750.033069436566,-2.140876571168401,0.7,4190713964.6907096,4190.71396469071,0.7789518625253495,0.09011989895755505
S_Q1,27,B,SRI12,1187,-0.004199205487814162,1690.9933520052352,-1.6575025624930255,0.7045874098287126,4447656904.737541,4447.6569047375415,0.7945351691749387,0.09552780446152205
S_Q1,27,B,SRI12,1188,-7.983296513310039e-11,1689.4233908760377,-0.8787191775768526,0.7000001455929961,5006747431.006522,5006.747431006522,0.8324972426797594,0.095705696089942
S_Q1,27,B,SRI12,1189,-0.008674968592115036,1854.8823075088328,-0.9088397128582504,0.7009231251392649,5071401005.392494,5071.401005392494,0.840146582701818,0.08104742590813675
S_Q1,27,B,SRI12,1190,-1.8675302800246163,0.0,0.0,0.7364522094446212,1387957875.0894105,1387.9578750894104,0.6189917102501157,0.3692318639484825
S_Q1,27,B,SRI12,1191,0.0,29.169596216315956,0.0,0.7004088222436152,3044547981.5019894,3044.5479815019894,0.6526488063471731,0.3661009712882912
S_Q1,27,B,SRI12,1192,-3.0115120332359577,0.0,-0.5791515584221354,0.7120486705394509,1286046467.0443048,1286.0464670443048,0.6078556943110257,0.3692318639484825
S_Q1,27,B,SRI12,1193,-0.7928927086531063,0.0,-1.3427261308962903,0.8022894928630823,563201350.8956999,563.2013508956999,0.5169886505141067,0.3692318639484825
S_Q1,27,B,SRI12,1194,-1.349284544399762,0.0,-1.4164626815040555,0.7024167563871128,793812774.8925934,793.8127748925934,0.5455224677126693,0.3692318639484825
S_Q1,27,B,SRI12,1195,0.0,1618.5693506986568,-0.7810843768877753,0.7129212497282258,4976128679.393028,4976.1286793930285,0.8292596150425162,0.10449354253388836
S_Q1,27,B,SRI12,1196,0.0,1828.82762321418,-0.5754954028034753,0.7023465296547635,5240839677.343348,5240.839677343348,0.8521009001316396,0.0830042338207564
S_Q1,27,B,SRI12,1197,-4.570038428340515e-06,1729.9665266970655,-1.3549112692574143,0.7000227671450158,4698022933.919649,4698.022933919649,0.8110790906179955,0.09143629700786284
S_Q1,27,B,SRI12,1198,-1.8132759064608475e-07,1898.8722371775007,-1.432917445598895,0.7015484227874479,4724507327.533661,4724.507327533661,0.8188707439427901,0.07763190664247341
S_Q1,27,B,SRI12,1202,0.0,2066.611824456061,-0.9325509897042552,0.7002061829485026,5161804466.2427435,5161.804466242744,0.8496459956594442,0.06866616857010707
S_Q1,27,B,SRI12,1204,-0.007371885423161929,1785.5313060740946,-1.3062157319665966,0.7,4763262112.8497505,4763.26211284975,0.8168783577044864,0.0872024762514676
S_Q1,27,B,SRI12,1205,0.0,1967.7367964886857,-1.7521188803128491,0.7170219044083384,4494979340.051085,4494.979340051085,0.8081616679119082,0.07336250756039418
S_Q1,27,B,SRI12,1206,-0.008290566817564158,1900.555265781899,-1.3482576313331704,0.7000030080381484,4791874075.279792,4791.874075279792,0.8226420464652933,0.07759632831678942
S_Q1,27,B,SRI12,1207,-0.014560147034102812,1854.6772308001089,0.0,0.7,5505059840.42184,5505.05984042184,0.8697121713452167,0.08179457074750061
S_Q1,27,B,SRI12,1208,0.0,2018.0689649756143,-2.253099357403109,0.7377611687481161,4236493278.728318,4236.493278728318,0.7941438075924147,0.07062297648272671
S_Q1,27,B,SRI12,1209,0.0,2003.2819741983367,-0.005043088170648136,0.7000117570344039,5575739077.986162,5575.739077986163,0.8760095349912831,0.0712633863450386
S_Q1,27,B,SRI12,1210,0.0,1445.1822005332883,-0.0012749965792817064,0.7,5277744641.703181,5277.7446417031815,0.8477603443981927,0.133062938058135
S_Q1,27,B,SRI12,1211,-0.009197582760851586,305.5306095529679,0.0,0.7008721091785008,4130836443.2796597,4130.83644327966,0.7153022378766857,0.3377806240438325
S_Q1,27,B,SRI12,1212,0.0,1665.3208739396896,-0.9318386745189837,0.7003209761359696,4959524539.911154,4959.524539911154,0.8285480485288362,0.09798270893371758
S_Q1,27,B,SRI12,1213,-9.245350011815711e-06,1778.4814086025606,-0.5813119033612915,0.7020029379808533,5212908382.635577,5212.908382635577,0.8490055857971323,0.08780730778809549
S_Q1,27,B,SRI12,1214,-1.7177876398115702e-05,1402.5328569980402,-0.751391702189977,0.7000938272394818,4919265938.810856,4919.265938810856,0.8191909488739461,0.14177962785071335
S_Q1,27,B,SRI12,1215,-0.0036579421049057867,1759.040323793968,-1.5049543843741735,0.725917292794048,4547737740.949459,4547.737740949459,0.803287437293201,0.08958622407229516
S_Q1,27,B,SRI12,1216,-0.008290566817564158,1934.7162522840724,-2.317715878474281,0.7002900936119085,4198792223.6448402,4198.79222364484,0.7888070587398156,0.07539047212438181
S_Q1,27,B,SRI12,1217,-0.06800959686305616,236.45707020627503,-0.001673994716936821,0.7006460338509967,3980762677.0011625,3980.7626770011625,0.6991140996904684,0.34454050592379126
S_Q1,27,B,SRI12,1219,0.0,1677.8800981585728,-1.2041477571746537,0.7493658952017095,4618883776.034172,4618.883776034172,0.8044259437150887,0.09673746753477783
S_Q1,27,B,SRI12,1220,-0.0017796404514836377,1005.3523271905658,-0.00030145735245004635,0.7005836811531756,4968249501.766112,4968.249501766112,0.8106877290354717,0.2305831287579606
S_Q1,27,B,SRI12,1221,-1.2226235690234146,0.0,-0.8225608970950533,0.7045550089779198,1189577758.0265105,1189.5777580265105,0.5964706300921478,0.3692318639484825
S_Q1,27,B,SRI12,1222,0.0,1650.0699796769163,0.0,0.7,5396942892.010856,5396.942892010856,0.8602127583875903,0.10022414345180915
S_Q1,27,B,SRI12,1224,-0.001939777285013316,1454.3485365843771,-0.8944165973196172,0.7001610279161611,4861789848.6920185,4861.7898486920185,0.813960934998399,0.1313907567509873
S_Q1,27,B,SRI12,1225,-2.3506192668229503e-07,597.9177025820975,0.0,0.7000280224945716,4576593414.786891,4576.593414786891,0.7656811470452202,0.30405237129540685
S_Q1,27,B,SRI12,1226,-4.317488112746153e-06,1784.1152391929177,-1.2664255307209737,0.7000227671450158,4787540897.998415,4787.540897998415,0.81815917742911,0.08734478955420356
S_Q1,27,B,SRI12,1227,-0.008290566817564158,1934.3116328001556,-1.361700276847666,0.7000030080381484,4796732631.90912,4796.73263190912,0.824100757818337,0.07539047212438181
S_Q1,27,B,SRI12,1228,0.0,358.6823153390894,0.0,0.7,4234402212.873289,4234.4022128732895,0.7268296153982993,0.3322304052371296
S_Q1,27,B,SRI12,1229,-1.0927471457573252,0.0,-1.4414791345293152,0.7000368103375573,783812997.8009473,783.8129978009473,0.5443839612907817,0.3692318639484825
S_Q1,27,B,SRI12,1230,0.0,1760.0163319674284,-1.900406949265726,0.7003437694884904,4324234460.32071,4324.23446032071,0.787846443946348,0.08951506742092714
S_Q1,27,B,SRI12,1233,0.0,1972.4965725344007,-0.8069028905673828,0.701137483397263,5191248253.4546995,5191.2482534547,0.8506777671042802,0.0732201942576582
S_Q1,27,B,SRI12,1234,0.0,1631.457779650912,-0.6293197370331458,0.7,5117429618.984614,5117.4296189846145,0.8396129078165582,0.1027857829010567
S_Q1,27,B,SRI12,1235,0.0,2005.1695622858874,-2.0811632416454864,0.7000022333858552,4345933978.566744,4345.9339785667435,0.8006190628669017,0.0711922296936706
S_Q1,27,B,SRI12,1236,-0.7558618021071482,0.0,-0.9747409922202628,0.7,1113270048.7632945,1113.2700487632944,0.5869356388088376,0.3692318639484825
S_Q1,27,B,SRI12,1237,-0.0009279099469564657,2020.6927420664351,-1.9706897845675986,0.7043815636910001,4408305785.147096,4408.305785147096,0.8045326786921408,0.07048066317999074
S_Q1,27,B,SRI12,1238,0.0,557.5820611675961,-4.3487052357490643e-07,0.7000350592274138,4527267501.118028,4527.267501118028,0.759917458284413,0.3092468068452699
S_Q1,27,B,SRI12,1239,-0.0026861021050804414,1768.3753140768545,-1.5488049244667585,0.7018960635780157,4578268972.469026,4578.268972469025,0.8050307752517166,0.08873234425587932
S_Q1,27,B,SRI12,1241,-0.0022826141357708604,275.7050094553804,-9.627840059398766e-05,0.7,4074087893.738641,4074.0878937386406,0.7096452840929305,0.340448998470132
S_Q1,27,B,SRI12,1242,0.0,2015.602512314653,-1.4118453819205499,0.7000015100891344,4799658637.680865,4799.6586376808655,0.8266979755932686,0.07069413313409471
S_Q1,27,B,SRI12,1243,0.0,476.02791777497276,0.0,0.7,4418782199.50363,4418.782199503629,0.7484612374141676,0.31967125627067994
S_Q1,27,B,SRI12,1244,-0.00044816755862424167,661.2962457937767,0.0,0.7001271268162012,4648719296.402499,4648.719296402499,0.7738641619525384,0.2950866332230405
S_Q1,27,B,SRI12,1245,-1.8522329786608682,0.0,-0.0028292190537903307,0.7016717095174684,1569732831.5428007,1569.7328315428006,0.643434019995019,0.3692318639484825
S_Q1,27,B,SRI12,1246,-0.009542875319152282,1687.0580450326493,-1.4686770727344136,0.7373837505164594,4501655620.193242,4501.655620193242,0.7975593268580781,0.09663073255772581
S_Q1,27,B,SRI12,1247,-0.0001010101319913817,1675.3715668027357,-1.4269242387860814,0.7003821513424393,4616001969.731975,4616.001969731975,0.8042836304123527,0.09691535916319778
S_Q1,27,B,SRI12,1249,0.0,1730.9793376569176,-1.6351626463856088,0.7119783480257015,4471256960.982518,4471.256960982519,0.797381435229658,0.09140071868217883
S_Q1,27,B,SRI12,1251,-0.006602111289272638,0.0,-0.01371502866141465,0.9778387915300254,116483982.96950999,116.48398296951,0.4649731383641086,0.3692318639484825
S_Q1,27,B,SRI12,1252,-0.000819237870838558,1588.8413093423935,-0.0064429772096975535,0.7,5360330119.38939,5360.33011938939,0.8562991425623511,0.10862062831323156
S_Q1,27,B,SRI12,1253,-0.0008445813375909161,1717.4693478156842,-1.369239476695805,0.7000755204995458,4681148074.161727,4681.148074161727,0.8095492226135839,0.0925392251040666
S_Q1,27,B,SRI12,1254,-3.3183112522024085e-05,1648.6869262900932,-1.9706897845675986,0.7043815636910001,4218175280.224854,4218.175280224854,0.7751449816771625,0.1004020350802291
S_Q1,27,B,SRI12,1255,-2.1885785109581593e-06,2094.682263853169,-2.147748885731259,0.7000060741273001,4357393040.464027,4357.393040464028,0.8036076422243569,0.06774113210232326
S_Q1,27,B,SRI12,1256,-0.002368559549498293,2045.2417522635915,-1.8469732102310703,0.7,4498296650.757202,4498.296650757202,0.8106165723841038,0.06941331340947095
S_Q1,27,B,SRI12,1257,0.0,54.620079714782264,0.0,0.7000003273899492,3280946620.568885,3280.946620568885,0.6595510015298679,0.3632902835592557
S_Q1,27,B,SRI12,1258,-0.01883191315610143,1716.0117047988722,-1.1038823822598585,0.729001769819907,4777564354.499658,4777.564354499657,0.8153840680257589,0.0934998398975344
S_Q1,27,B,SRI12,1259,-0.003892595754436144,2100.0,-1.418281960960825,0.7,4834821169.381357,4834.821169381357,0.8308962180239796,0.0675632404739033
S_Q1,27,B,SRI12,1260,-0.0010566613627809307,1590.382917712066,-1.2250568127786503,0.7021862179734054,4703099878.768278,4703.099878768278,0.8059913900451844,0.10826484505639165
S_Q1,27,B,SRI12,1261,0.0,1429.5674919630246,-0.891058974831671,0.7,4848727284.155582,4848.727284155582,0.8119329704344113,0.13615825239264243
S_Q1,27,B,SRI12,1262,-0.008097667921761831,1021.2214624827631,0.0,0.7,4983989899.52345,4983.98989952345,0.8126089586224071,0.2270608745152453
S_Q1,27,B,SRI12,1263,-0.000654702817606151,1734.5669975412516,-0.024881303207593353,0.7000789864634139,5433216607.405122,5433.216607405122,0.8628811328138899,0.09118724872807486
S_Q1,27,B,SRI12,1264,-0.0020897793299923416,1663.6877934152433,-0.9710112484657872,0.7159312384338593,4876525834.470776,4876.525834470775,0.8228199380937135,0.09823175721350554
S_Q1,27,B,SRI12,1265,-0.04479316608681476,2025.455435933678,0.0,0.7,5588222259.078956,5588.222259078956,0.8745508236382397,0.07218842281282242
S_Q1,27,B,SRI12,1268,-0.0008165392798355491,1734.832231077648,-2.0264658613931212,0.7,4243615194.380657,4243.615194380657,0.781798128580069,0.09118724872807486
S_Q1,27,B,SRI12,1270,-0.0013081234300164647,1653.1393770695192,-1.8988173171023535,0.7,4268220655.979688,4268.220655979688,0.7784893442914576,0.09979720354360123
S_Q1,27,B,SRI12,1271,-0.0017124607827088186,1974.469708409856,-1.1470541450102747,0.7,4979114112.145868,4979.114112145869,0.8358771836197388,0.07307788095492224
S_Q1,27,B,SRI12,1274,-0.01876427160974818,1716.0117047988722,-1.3655547109796113,0.729001769819907,4601987583.949498,4601.987583949498,0.8042480520866688,0.0934998398975344
S_Q1,27,B,SRI12,1275,0.0,1892.8725211470664,-2.0962376978701616,0.7000002138518331,4284858608.4077506,4284.858608407751,0.7916177464688512,0.07816558152773331
S_Q1,27,B,SRI12,1276,0.0,728.5447607571297,-0.0026435280879347645,0.700044393625728,4719415810.6615925,4719.415810661592,0.7819760202084889,0.28437755719215857
S_Q1,27,B,SRI12,1279,-0.0017482061653374644,1820.7110433659386,-1.971928128908717,0.7011381494822191,4313620460.7553005,4313.620460755301,0.7904436617212794,0.08371580033443626
S_Q1,27,B,SRI12,1280,-0.05558063091141641,1552.7430647408457,-0.6073482568858535,0.7,5083153543.168831,5083.153543168831,0.8313587362578717,0.11783541466538584
S_Q1,27,B,SRI12,1283,-1.701181991764212,0.0,-1.1231227177005365,0.902353004513441,331130477.81381774,331.1304778138177,0.4876009534991283,0.3692318639484825
S_Q1,27,B,SRI12,1285,0.0,2060.0976747576688,0.0,0.7000080784898689,5604801087.746665,5604.801087746665,0.8784288611377948,0.06891521684989504
S_Q1,27,B,SRI12,1286,-1.3483919222371512e-06,118.2278288122775,-0.0009523674957246271,0.7,3621299034.924421,3621.299034924421,0.6744227416657772,0.3568506066104529
S_Q1,27,B,SRI12,1287,-0.0003364936947717562,1422.4559869089187,-0.037772156310328375,0.700630076543959,5247628833.415295,5247.628833415295,0.8444871384352652,0.1375458070943181
S_Q1,27,B,SRI12,1288,0.0,1038.930749377378,-0.0424115371903222,0.7,4983200226.404024,4983.200226404024,0.8127156935994592,0.22261358380474616
S_Q1,27,B,SRI12,1289,-0.0014312407712733788,1441.164924844861,-1.1241335967733008,0.7000081678462265,4705811708.984486,4705.811708984485,0.7992670864909096,0.13348987796634293
S_Q1,27,B,SRI12,1291,-3.950815840743571,0.0,-2.1993455383625986,0.7089952984060895,291171352.6965939,291.1713526965939,0.48354502437115304,0.3692318639484825
S_Q1,27,B,SRI12,1292,-0.007497203860815968,854.1246034098148,-3.13259567591216e-05,0.7,4842131959.943682,4842.131959943682,0.7968477603443982,0.26242573024513466
S_Q1,27,B,SRI12,1293,0.0,0.0,-0.851838584256321,0.9580109163322511,166763922.61433193,166.76392261433193,0.46938485074892383,0.3692318639484825
S_Q1,27,B,SRI12,1294,0.0,2063.231761534555,-2.457734954184325,0.7,4201904140.329914,4201.904140329914,0.793574554381471,0.06880848187284305
S_Q1,27,B,SRI12,1295,0.0,1466.7725480084243,-0.18776321707921584,0.7000133690793283,5225355332.705682,5225.355332705682,0.8436332586188494,0.12918490055857973
S_Q1,27,B,SRI12,1296,0.0,0.0,-0.7215261026660498,0.7080364559562962,1233815725.3810596,1233.8157253810596,0.6018429572704308,0.3692318639484825
S_Q1,27,B,SRI12,1297,-0.7024511413013605,0.0,-1.3121573471725352,0.7015103587894157,871714215.7205477,871.7142157205477,0.5557690255096595,0.3692318639484825
S_Q1,27,B,SRI12,1298,-0.19142138285431984,331.4687982673824,0.0,0.7,4185165870.8404675,4185.1658708404675,0.7187889137937169,0.3377094673924645
S_Q1,27,B,SRI12,1299,-0.062372475310090665,1688.279196899988,-1.8133964768094335,0.701113280873593,4339786571.115968,4339.7865711159675,0.7821183335112252,0.10146938485074894
S_Q1,27,B,SRI12,1300,-0.11042958956608984,162.32954028713763,-0.007377336932829306,0.7000002462557733,3777861607.3869915,3777.8616073869916,0.6829259615042516,0.3520119543174298
S_Q1,27,B,SRI12,1301,-0.003666514729852603,1566.4927050606193,-1.2004653924268514,0.7018113664863167,4710746500.006178,4710.7465000061775,0.8057779200910808,0.11235635251005087
S_Q1,27,B,SRI12,1302,-0.033365641078207595,290.78511093463976,-0.00038044605058841507,0.7000005347627368,4105637588.259746,4105.637588259746,0.712384815170598,0.33916817874550814
S_Q1,27,B,SRI12,1303,0.0,801.4469437383912,0.0,0.7,4793045164.444963,4793.045164444963,0.7905859750240154,0.27220976980823286
S_Q1,27,B,SRI12,1304,0.0,991.9639389631268,0.0,0.7,4960516704.770668,4960.516704770668,0.8098338492190555,0.23442558793183196
S_Q1,27,B,SRI12,1305,-0.027663065649732154,0.0,-0.025573215187612408,0.9922418842074093,40751621.205593094,40.751621205593096,0.457750738250258,0.3692318639484825
S_Q1,27,B,SRI12,1306,0.0,1475.413643288397,0.0,0.7,5296296038.332933,5296.296038332934,0.8498238872878644,0.12740598427438002
S_Q1,27,B,SRI12,1307,0.0,721.3883591625537,-0.01452800606418622,0.7,4708210053.301431,4708.210053301431,0.7807307788095491,0.28548048528836234
S_Q1,27,B,SRI12,1308,-0.001470624630732032,72.39253957239887,0.0,0.7000641048083274,3397636951.619401,3397.636951619401,0.6640338705660511,0.36151136727505606
S_Q1,27,B,SRI12,1309,0.0,1648.1952741853488,-1.096373312558599,0.711570093275105,4806083562.8523445,4806.083562852345,0.8157754296082828,0.10054434838296507
S_Q1,27,B,SRI12,1310,-0.013043201526870463,0.0,-0.14694564473358945,0.9861825270815768,70697983.64480995,70.69798364480995,0.4605258476536093,0.3692318639484825
S_Q1,27,B,SRI12,1311,0.0,2100.0,-2.0783207556216157,0.7249801477183762,4362867776.846984,4362.867776846984,0.8051019319030845,0.0675632404739033
S_Q1,27,B,SRI12,1312,-0.003885288070057392,1659.3122805579846,-1.1907565234145916,0.7712386094432414,4548507898.8754635,4548.507898875463,0.798093001743338,0.09894332372718538
S_Q1,27,B,SRI12,1313,0.0,331.4687982673824,-0.0016421499341349177,0.7,4184397825.0215077,4184.397825021508,0.7217419148254884,0.335005514640481
S_Q1,27,B,SRI12,1315,0.0,1670.1488280334243,-1.9480426174886531,0.7050893972757681,4241353799.2346535,4241.353799234654,0.7783114526630376,0.09755576902550962
S_Q1,27,B,SRI12,1316,-0.0409835545112882,0.0,-0.8350036123724974,0.9092074276236535,363645168.5941117,363.6451685941117,0.4918703525812074,0.3692318639484825
S_Q1,27,B,SRI12,1317,-0.1721089248409644,0.0,-0.008038463317247224,0.7009536412933925,1572000192.1676335,1572.0001921676335,0.643896538228911,0.3692318639484825
S_Q1,27,B,SRI12,1318,-6.132884911471656e-07,1578.3964501882679,-0.8467882819638652,0.7138805153658734,4911482509.8600235,4911.482509860023,0.8232468780019211,0.11071974952858721
S_Q1,27,B,SRI12,1320,-0.01695337081425022,358.1683385562333,0.0,0.7,4233498557.0562925,4233.498557056292,0.7266517237698793,0.33230156188849747
S_Q1,27,B,SRI12,1321,0.0,1575.6828592170168,0.0,0.700117476408634,5354511109.52496,5354.5111095249595,0.8555875760486714,0.11093321948269115
S_Q1,27,B,SRI12,1323,-0.025623775064142325,389.30965152179215,-0.020168268667420303,0.7,4279056294.6018248,4279.056294601824,0.7313836410858505,0.3286725726687302
S_Q1,27,B,SRI12,1325,-0.027432641020844084,1570.678623429475,-1.4099151213834038,0.7,4570791040.123511,4570.791040123511,0.7963140854591383,0.11235635251005087
S_Q1,27,B,SRI12,1326,0.0,62.21202710584519,0.0,0.7,3334039588.669465,3334.039588669465,0.6613654961397516,0.3625787170455758
S_Q1,27,B,SRI12,1328,-0.0013863744559503548,172.7384684859882,0.0,0.7003019372943131,3811290111.5821505,3811.2901115821505,0.6861991674671789,0.35016188138186216
S_Q1,27,B,SRI12,1329,-0.027071132107953966,1861.534133820723,-1.3452327325860918,0.7037126678202987,4763220319.360191,4763.220319360192,0.8190842138968939,0.0812608958622407
S_Q1,27,B,SRI12,1330,0.0,1476.9690569868822,-0.8745938360127495,0.7030030576883934,4874980288.733718,4874.980288733718,0.8155975379798627,0.1270502010175401
S_Q1,27,B,SRI12,1333,-0.0057496014694003224,1924.0487153701258,-1.777324632224004,0.7092978424455301,4475043495.344123,4475.043495344123,0.8047461486462448,0.07595972533532572
S_Q1,27,B,SRI12,1334,0.0,1867.3595816519482,-0.6446654146175517,0.7,5234344827.082043,5234.344827082043,0.8524566833884798,0.08012238944035292
S_Q1,27,B,SRI12,1335,-0.056730186531183585,1822.3901668149956,-0.0033957960211288968,0.7000969438022734,5486198360.289118,5486.198360289118,0.8648735190521936,0.08955064574661119
S_Q1,27,B,SRI12,1337,0.0,1401.7859738789932,-0.8866226004638298,0.7217022706268527,4749368712.540789,4749.368712540789,0.8041768954353009,0.14192194115344933
S_Q1,27,B,SRI12,1339,0.0,1536.5276296708098,-2.1151265969669306,0.7135839643440032,4068751385.888804,4068.751385888804,0.7581385420002135,0.116874799871918
S_Q1,27,B,SRI12,1340,-1.7258258390422804e-05,1867.0766738697284,-2.1428908794519703,0.7000001267985513,4250051743.3105526,4250.051743310552,0.7888426370654997,0.0801935460917209
S_Q1,27,B,SRI12,1341,-0.0007103310633975307,1991.4471321952174,-1.1636567363622388,0.7017302423005822,4966876423.4893,4966.8764234893,0.835379087060163,0.07193937453303446
S_Q1,27,B,SRI12,1342,-0.08676084465444811,0.0,-0.0016251934341256,0.7217022706268527,1464857153.481454,1464.857153481454,0.6299142562351016,0.3692318639484825
S_Q1,27,B,SRI12,1343,-1.6784224233865115,0.0,-1.135281351757107,0.7437311542488877,860756345.5202934,860.7563455202934,0.5547728323905077,0.3692318639484825
S_Q1,27,B,SRI12,1344,-1.784968048415593,0.0,-1.1281644189431803,0.7118006588100823,973648669.0060617,973.6486690060617,0.5681502828476892,0.3692318639484825
S_Q1,27,B,SRI12,1345,0.0,185.02396651817833,-0.005557481721026214,0.7000089382756901,3847228571.809679,3847.228571809679,0.6887963852421104,0.34884548333155446
S_Q1,27,B,SRI12,1347,-2.6718208247321615,0.0,-0.05401988975649186,0.7062845479150376,1528447636.003885,1528.447636003885,0.63827516277084,0.3692318639484825
S_Q1,27,B,SRI12,1348,-0.03503705898662749,0.0,-0.002568037587480143,0.7187062425051984,1480271208.3226178,1480.2712083226177,0.6320133774504572,0.3692318639484825
S_Q1,27,B,SRI12,1349,-0.001685169660836634,2057.9668919405144,-1.654496811353451,0.7532399098823224,4532181307.295569,4532.181307295569,0.813925356672715,0.069057530152631
S_Q1,27,B,SRI12,1350,0.0,1871.601707681675,-0.9494637049948035,0.7191702775539405,4985551783.774632,4985.551783774633,0.834952147151955,0.07969544953214501
S_Q1,27,B,SRI12,1351,0.0,1684.5421322380676,-1.5307547663495138,0.7000445211245468,4553574229.545033,4553.574229545034,0.8007257978439535,0.09616821432383389
S_Q1,27,B,SRI12,1353,0.0,1830.3330608815245,-2.1097911185340363,0.7215668232594955,4221944193.34979,4221.94419334979,0.7853915394741523,0.0829686554950724
S_Q1,27,B,SRI12,1354,-5.021760153888313e-06,1686.6570617477191,-0.9936336465981492,0.7001365524000487,4933247300.28514,4933.24730028514,0.8275162770840004,0.09591916604404595
S_Q1,27,B,SRI12,1355,-3.48766314271446,0.0,-1.206370295439452,0.7027439539796467,939851259.0193352,939.8512590193352,0.5649482335361298,0.3692318639484825
S_Q1,27,B,SRI12,1356,0.0,0.0,0.0,0.7342395173095175,1399609750.6326463,1399.6097506326464,0.6208417831856833,0.3692318639484825
S_Q1,27,B,SRI12,1357,-0.4455581224629559,0.0,-1.0948395746115664,0.7001235683743062,1037551651.6878227,1037.5516516878226,0.5766535026861636,0.3692318639484825
S_Q1,27,B,SRI12,1358,-0.01695337081425022,1363.6673434132106,-0.00016437872429688263,0.7006269470111371,5223649047.342577,5223.649047342577,0.8420322339630698,0.14950012452413994
S_Q1,27,B,SRI12,1360,0.0,31.193674673902365,-5.499108312698696e-05,0.7000070453714556,3070099789.0585227,3070.0997890585227,0.6533603728608532,0.3658519230085033
S_Q1,27,B,SRI12,1362,-0.026278284021244568,426.2634312084707,-0.03218992017964848,0.7,4333719161.615722,4333.7191616157215,0.7381079446401253,0.32468780019212296
S_Q1,27,B,SRI12,1363,-0.005349727461650078,1537.9137690134346,-3.679027698112172e-05,0.7000001848285519,5333283665.753485,5333.2836657534845,0.8532038282278437,0.11676806489486602
S_Q1,27,B,SRI12,1364,-5.781543691039633e-05,1599.5999068639999,-2.0448855038715124,0.7010750314735622,4155856508.741455,4155.856508741455,0.7687764613797277,0.10677055537766392
S_Q1,27,B,SRI12,1365,-0.6618272259256588,0.0,-0.9878022847320596,0.7,1105645112.0706418,1105.6451120706417,0.5860817589924218,0.3692318639484825
S_Q1,27,B,SRI12,1366,0.0,0.0,-0.5879680368964633,0.7106157030801132,1287406807.2559173,1287.4068072559173,0.6080335859394457,0.3692318639484825
S_Q1,27,B,SRI12,1368,-0.016731720940373777,622.3644283134092,0.0,0.7,4605405970.054667,4605.405970054668,0.7689899313338314,0.30120610524068736
S_Q1,27,B,SRI12,1369,0.0,1786.0231560351604,-2.1151265969669306,0.7135961300146262,4205952203.681894,4205.9522036818935,0.781762550254385,0.0872024762514676
S_Q1,27,B,SRI12,1370,-2.1472098766848026e-06,313.89922113539643,0.0,0.7000002077841749,4151856826.908761,4151.856826908761,0.717757142348881,0.33678443092468063
S_Q1,27,B,SRI12,1371,-1.7258258390422804e-05,1897.9142416331936,-2.1428908794519703,0.700000113125203,4265530231.548778,4265.530231548778,0.7908706016294873,0.07777421994520937
S_Q1,27,B,SRI12,1372,-0.006581191490678197,2038.1253719331294,-0.8193832091747613,0.7116013108582128,5173153494.848916,5173.153494848916,0.8507489237556481,0.0696267833635749
S_Q1,27,B,SRI12,1373,-0.06649466474731922,481.1581840215534,0.0,0.7010898111359761,4420173336.099948,4420.173336099948,0.7468246344327037,0.32073860604119964
S_Q1,27,B,SRI12,1374,-2.5430728469495296,0.0,-0.8307576817100015,0.9719770393556741,112575880.47276583,112.57588047276583,0.46461735510726865,0.3692318639484825
S_Q1,27,B,SRI12,1375,-0.0005968331696310633,749.8348244427651,0.0,0.7,4742548512.528795,4742.548512528795,0.7846443946347883,0.2811043512292311
S_Q1,27,B,SRI12,1376,0.0,1789.067641773772,-0.7549982507789508,0.7,5137477932.12918,5137.47793212918,0.8443448251325294,0.0867043796918917
S_Q1,27,B,SRI12,1377,0.0,1504.3907932760437,-0.7662009570500374,0.7,4973255874.059005,4973.255874059005,0.8254883125200126,0.12231828370156898
S_Q1,27,B,SRI12,1378,0.0,1476.021740555942,-0.9180167455643309,0.7116679432021853,4815579043.636985,4815.579043636985,0.8112925605720994,0.12726367097164404
S_Q1,27,B,SRI12,1380,-0.03462875520435632,1090.4909243819643,0.0,0.7000000879301999,5037485721.261364,5037.485721261364,0.8183014907318461,0.2117621944711282
S_Q1,27,B,SRI12,1381,-0.0023215630353250485,0.0,-1.0637787208442644,0.7015103587894157,1053745592.0505278,1053.7455920505279,0.5792151421354111,0.3692318639484825
S_Q1,27,B,SRI12,1382,-1.666558945706389e-08,1548.7003389716378,-0.8559720357680202,0.7138805153658734,4886358651.296529,4886.3586512965285,0.8197246237592059,0.11498914861066639
S_Q1,27,B,SRI12,1383,-0.015557172394657308,0.0,-1.317275984640799,0.7454483518899194,740991451.3268112,740.9914513268112,0.5392251040666026,0.3692318639484825
S_Q1,27,B,SRI12,1384,0.0,20.31032084461424,0.0,0.7,2926531459.839736,2926.531459839736,0.6503362151777137,0.367026007756075
S_Q1,27,B,SRI12,1385,-1.701181991764212,0.0,-0.844806660724534,0.902353004513441,388999866.42356515,388.99986642356515,0.4946810403102431,0.3692318639484825
S_Q1,27,B,SRI12,1386,-0.04825926966679019,0.0,-0.04495648887989237,0.7,1564722812.6177237,1564.7228126177238,0.6429359234354431,0.3692318639484825
S_Q1,27,B,SRI12,1387,0.0,1757.8421569591105,-2.1151265969669306,0.7135839643440032,4191195773.2719207,4191.195773271921,0.7789874408510334,0.08962180239797915
S_Q1,27,B,SRI12,1388,-1.5288293919905145e-05,1848.1154267732902,-0.5523076206328366,0.7005522977628352,5268635118.27158,5268.63511827158,0.8545558046038353,0.08161667911908065
S_Q1,27,B,SRI12,1390,0.0,1765.5702962779553,-0.573094682794238,0.7002399068625931,5218439145.772662,5218.439145772662,0.8490767424485003,0.08898139253566725
S_Q1,27,B,SRI12,1391,-0.07684253254895898,667.1487053988168,-1.9816495878545557e-06,0.7001380102836158,4654921366.436477,4654.921366436477,0.7723698722738107,0.29633187462198024
S_Q1,27,B,SRI12,1392,-6.337308578184276e-06,1700.383818386815,-0.005773871024206678,0.700495692689664,5419604760.6409235,5419.604760640924,0.8621695663002099,0.09442487636531822
S_Q1,27,B,SRI12,1394,-0.3452337937170038,95.64209188719782,0.0,0.7,3521617042.614901,3521.617042614901,0.6673070765289786,0.3599459209449603
S_Q1,27,B,SRI12,1395,-0.10743274951313049,554.0961077029937,0.0,0.7,4522916220.648492,4522.916220648492,0.7572490838581137,0.31205749457430537
S_Q1,27,B,SRI12,1397,-0.7024511413013605,0.0,-0.8124158610540928,0.70618927169511,1188136449.7306283,1188.1364497306283,0.5963638951150959,0.3692318639484825
S_Q1,27,B,SRI12,1398,-4.450352887294039e-06,1105.7575588539187,0.0,0.7000169008507582,5048977974.201309,5048.977974201309,0.8204717685985697,0.2083110968797809
S_Q1,27,B,SRI12,1399,-0.0006157420892713757,1701.5152809381425,-1.9515644521434203,0.7000000373401248,4263971726.4945965,4263.971726494597,0.7809086704379692,0.09428256306258226
S_Q1,27,B,SRI12,1400,-1.4807856820338566e-06,2057.508401344638,-1.2004653924268514,0.7000266808526739,4970017905.195501,4970.017905195501,0.8375137866012026,0.069057530152631
S_Q1,27,B,SRI12,1401,-0.0013863744559503548,95.93334124691035,0.0,0.7000021082050284,3523055726.7419157,3523.055726741916,0.6697975593268581,0.3589141495001244
S_Q1,27,B,SRI12,1402,0.0,1348.9774142707267,-0.5817640890692769,0.7183028353662931,4891704752.897387,4891.704752897386,0.8142811399295549,0.15245312555591134
S_Q1,27,B,SRI12,1403,-0.032020752780062264,1854.7386067438454,-0.867638885364334,0.7042088219238709,5082680839.083898,5082.680839083898,0.8397196427936102,0.08179457074750061
S_Q1,27,B,SRI12,1404,-0.0014312407712733788,1686.6570617477191,-1.4349478651821372,0.7002447272082178,4616711601.624479,4616.711601624479,0.8048884619489807,0.09591916604404595
S_Q1,27,B,SRI12,1405,-0.03277555333539195,38.27191149283266,0.0,0.7,3143877646.150537,3143.877646150537,0.6550681324936848,0.3651759348205074
S_Q1,27,B,SRI12,1406,-0.051362202960333336,213.79532018588623,-0.004932981814119004,0.7,3926183194.644223,3926.183194644223,0.6953072188422814,0.34607037392820295
S_Q1,27,B,SRI12,1407,0.0,911.4037321849991,0.0,0.7,4892959249.158373,4892.959249158373,0.8019710392428933,0.2513608709574127
S_Q1,27,B,SRI12,1408,-0.04259199628487642,0.0,-0.8078131162736746,0.9949352074334148,20657406.51969233,20.65740651969233,0.4556160387092184,0.3692318639484825
S_Q1,27,B,SRI12,1409,-0.00014529701272053552,1889.4972019137076,-0.8436951374633246,0.711473315075923,5088195683.697885,5088.195683697884,0.8432063187106414,0.07837905148183727
S_Q1,27,B,SRI12,1410,0.0,1558.7912980892781,-0.5735293874727782,0.7000371572102116,5105511062.191873,5105.511062191873,0.8363752801793148,0.11299676237236277
S_Q1,27,B,SRI12,1411,-0.003992598573944875,1819.9646892872968,-0.9409189678520943,0.7005640097088704,5035382860.571806,5035.382860571806,0.8369089550645745,0.08385811363717224
S_Q1,27,B,SRI12,1412,0.0,1989.9846211306328,-1.2640107766110613,0.7181698214076303,4836431892.265339,4836.431892265339,0.8281211086206285,0.07215284448713842
S_Q1,27,B,SRI12,1414,-0.0014362944450131056,230.90395484940439,-1.6534770754027348e-05,0.7000000607785595,3971563998.608243,3971.563998608243,0.6993987262959406,0.3442203009926353
S_Q1,27,B,SRI12,1415,0.0,2023.7118766739206,-2.1204521333749713,0.7014100204766115,4334672961.5574665,4334.672961557467,0.8002988579357455,0.07037392820293877
S_Q1,27,B,SRI12,1416,0.0,1431.4162059781106,0.0,0.7,5269458775.9198,5269.4587759198,0.8468353079304088,0.13587362578717047
S_Q1,27,B,SRI12,1417,-5.443705222539833e-05,1648.0154784717238,-0.8804865074767299,0.7029470956443231,4970730973.618831,4970.730973618831,0.8284768918774682,0.10054434838296507
S_Q1,27,B,SRI12,1418,-0.006392435169665795,2057.5455735632986,-1.6371264673004629,0.7378484822231914,4577359889.261446,4577.359889261446,0.8160244778880705,0.069057530152631
S_Q1,27,B,SRI12,1419,-0.0008001947149222019,2018.4878399207587,-0.8989277864018388,0.7080744830848165,5130878042.567201,5130.8780425672,0.8471555128615649,0.07062297648272671
S_Q1,27,B,SRI12,1420,-0.002469350269103413,1857.9317181657625,-0.0021057010049405633,0.7007619836771496,5501722398.767573,5501.722398767573,0.8695698580424805,0.0807272209769808
S_Q1,27,B,SRI12,1422,-0.08537326265512515,276.2968220945189,-1.6534770754027348e-05,0.7000000607785595,4075312602.4903927,4075.3126024903927,0.7085423559967268,0.3413740349379158
S_Q1,27,B,SRI12,1423,0.0,1575.8405326560464,-2.0448855038715124,0.7002399068625931,4143427967.4276524,4143.427967427652,0.7663215569075319,0.11093321948269115
S_Q1,27,B,SRI12,1424,0.0,1635.6542668036057,-1.818726799379839,0.7020761989666244,4304169316.661569,4304.169316661569,0.7803749955527093,0.10193190308464085
S_Q1,27,B,SRI12,1425,-0.003992598573944875,1833.938779644811,-0.9411008940884461,0.7005640097088704,5042252490.649348,5042.252490649348,0.8374426299498344,0.08271960721528446
S_Q1,27,B,SRI12,1426,-0.001691140285670285,1668.3736175996528,-1.1138261220081365,0.7000230413803262,4846710335.159709,4846.710335159709,0.8189774789198423,0.0976625040025616
S_Q1,27,B,SRI12,1427,-2.7562566474992312e-05,1708.327851116071,-1.1159503920125378,0.7001412805924451,4865729539.121445,4865.729539121445,0.8214323833920376,0.09378446650300634
S_Q1,27,B,SRI12,1428,-5.980839989897153e-05,1772.1338254764955,-1.83902196059161,0.7015103587894157,4365346067.9140215,4365.346067914022,0.7914398548404312,0.08826982602198742
S_Q1,27,B,SRI12,1430,-0.011796531685942793,1181.7192100970788,0.0,0.7000001024411647,5104538001.82809,5104.538001828089,0.8268047105703208,0.19137581385420002
S_Q1,27,B,SRI12,1431,-0.2608523900491888,331.4687982673824,0.0,0.7,4185121129.1459293,4185.121129145929,0.7170811541608851,0.3382075639520404
S_Q1,27,B,SRI12,1432,0.0,111.78204857815803,0.0,0.7,3594559389.403786,3594.559389403786,0.6731419219411534,0.35731312484434485
S_Q1,27,B,SRI12,1433,-0.0002318382329699587,1855.365066887885,-1.777324632224004,0.7092978424455301,4440849901.466747,4440.849901466748,0.7999074963532216,0.08101184758245275
S_Q1,27,B,SRI12,1436,-0.0013863744559503548,86.65683039724662,0.0,0.7000021082050284,3476899152.186274,3476.899152186274,0.6670580282491906,0.35994592094496025
S_Q1,27,B,SRI12,1437,-0.004473572089120947,1924.0487153701258,-1.777324632224004,0.7319363274647214,4434145041.273026,4434.145041273026,0.8022200875226814,0.07595972533532572
S_Q1,27,B,SRI12,1438,-0.05687712237095732,1897.8974501564217,-1.5385053538072353,0.7251623594938353,4597117819.513738,4597.117819513737,0.8075568363752801,0.08385811363717226
S_Q1,27,B,SRI12,1439,-0.007861287086092572,0.0,-0.8647481722019666,0.9282849789585077,282245434.31729,282.24543431729,0.4825844095776854,0.3692318639484825
S_Q1,27,B,SRI12,1440,-0.009710735199980145,1744.69123479204,-1.3079208403694238,0.7,4741017303.367789,4741.017303367789,0.8139609349983992,0.09118724872807486
S_Q1,27,B,SRI12,1441,-1.0726030271697714e-05,1876.4928868592722,-0.012908890603350431,0.7099431904990539,5459076041.237456,5459.076041237457,0.8672928451987049,0.07937524460098906
S_Q1,27,B,SRI12,1442,-0.7135501243374793,0.0,-1.2981253847730163,0.7015103587894157,881466520.916012,881.4665209160121,0.5566229053260753,0.3692318639484825
S_Q1,27,B,SRI12,1443,-0.004832204701770504,1783.4802792839225,-1.6416307245170618,0.7090827614707473,4499420211.963517,4499.420211963517,0.8017931476144734,0.08741594620557157
S_Q1,27,B,SRI12,1444,-2.374499253852396,0.0,-0.8578330434719649,0.7030043735299814,1172652135.8362443,1172.6521358362443,0.5942291955740563,0.3692318639484825
S_Q1,27,B,SRI12,1445,-0.012742201776689732,1019.8359995536534,0.0,0.7,4982887544.418969,4982.887544418969,0.8125022236453552,0.2277368627032412
S_Q1,27,B,SRI12,1447,-0.0003259453208897074,1811.0470687063996,-1.1123320233118401,0.7190707733879337,4857582677.040994,4857.582677040994,0.824634432703597,0.08485430675632406
S_Q1,27,B,SRI12,1448,0.0,1667.7404156761709,-2.0191301273631703,0.7000678672066822,4212007916.415954,4212.007916415954,0.7762834880990499,0.09773366065392962
S_Q1,27,B,SRI12,1449,-6.0926969205048655e-05,2049.9232516074167,-2.045730118020867,0.7232923130190002,4358529430.298781,4358.529430298781,0.8031807023161489,0.06919984345536699
S_Q1,27,B,SRI12,1450,0.0,300.2398137212152,0.0,0.7,4124908519.5423126,4124.908519542312,0.7146974063400577,0.3382075639520404
S_Q1,27,B,SRI12,1451,-0.0010716516592415445,1859.442496806903,-1.6053769093590458,0.7000051558307651,4585293043.58402,4585.29304358402,0.8087664994485361,0.08069164265129682
S_Q1,27,B,SRI12,1452,0.0,441.43114959632516,0.0,0.7,4368385373.447991,4368.385373447992,0.7428754402817803,0.3230867755363433
S_Q1,27,B,SRI12,1453,-0.0006248122991531558,1701.5152809381425,-1.8502101736409162,0.7000019506991624,4322880638.954708,4322.880638954708,0.7850713345429966,0.09428256306258226
S_Q1,27,B,SRI12,1456,0.0,1938.0847614390755,-1.3352185589991246,0.750570696860219,4674159563.437324,4674.159563437323,0.817589924218166,0.07510584551890988
S_Q1,27,B,SRI12,1457,-0.00252842099040848,1601.7908139248766,-1.8891911513339466,0.7004384283095747,4244742544.121301,4244.742544121301,0.7742911018607466,0.106450350446508
S_Q1,27,B,SRI12,1460,-1.0726030271697714e-05,1876.4928868592722,-1.2893278061130204,0.7099431904990539,4791057880.205932,4791.057880205932,0.8213968050663537,0.07937524460098906
S_Q1,27,B,SRI12,1461,0.0,1181.6695844652563,-0.06730330363323876,0.7,5082079155.422856,5082.079155422856,0.8245632760522291,0.1910200305973601
S_Q1,27,B,SRI12,1464,-0.0008242122025906139,1952.6586112571579,-1.1116029590043741,0.7196266323229827,4926784551.578773,4926.784551578772,0.8330664958907035,0.074358700679546
S_Q1,27,B,SRI12,1466,-2.818696632901803e-05,342.03611855350914,0.0,0.7000078915864842,4204674400.9061136,4204.674400906114,0.7239833493435798,0.33404489984701313
S_Q1,27,B,SRI12,1467,-0.003973315419466163,1807.853845050358,-1.4062557939249418,0.7005665714379207,4699643965.463055,4699.643965463055,0.8148148148148147,0.085067776710428
S_Q1,27,B,SRI12,1468,-7.638426508565436e-05,1665.7564093022706,-1.380770609342123,0.7015103587894157,4640561741.835632,4640.561741835632,0.8057067634397127,0.09794713060803358
S_Q1,27,B,SRI12,1469,-0.01471938285512421,2100.0,-0.9204943317576757,0.7333866348743826,5056533552.461829,5056.5335524618295,0.8451987049489452,0.06831038531326715
S_Q1,27,B,SRI12,1470,-0.10557861237401223,350.6410972996058,0.0,0.7,4220128584.033469,4220.128584033469,0.7239477710178958,0.334649731383641
S_Q1,27,B,SRI12,1471,-0.015922302964816858,521.0575051612744,0.0,0.7,4480358405.313116,4480.358405313116,0.7549009143629701,0.314263350766713
S_Q1,27,B,SRI12,1472,-5.065574531430288e-05,2020.9171979820148,-1.30219321658701,0.7020487673457295,4876977722.253567,4876.977722253567,0.8309317963496639,0.07048066317999074
S_Q1,27,B,SRI12,1473,-7.663815119237499e-08,1554.4723057012295,-1.599373605670502,0.7,4424732022.510924,4424.732022510924,0.7868502508271961,0.11367275056035862
S_Q1,27,B,SRI12,1474,-0.0010960069193111652,1629.96704037216,-1.6161732612596198,0.7000051558307651,4455373852.781443,4455.373852781443,0.7925427829366349,0.10303483118084464
S_Q1,27,B,SRI12,1475,-0.0176681256953668,0.0,-0.7167410076554283,0.7050224002784341,1250912863.0994732,1250.9128630994733,0.6041911267655744,0.3692318639484825
S_Q1,27,B,SRI12,1476,-0.01287800266278456,605.0236541663297,0.0,0.7004902487031602,4582565706.607219,4582.565706607219,0.766321556907532,0.303198491478991
S_Q1,27,B,SRI12,1477,-0.011580835334626921,144.17914725970775,-0.0005320885713123002,0.7,3719322781.6133137,3719.3227816133135,0.6803643220550042,0.3534706656704735
S_Q1,27,B,SRI12,1478,0.0,1647.1651994689742,-0.0009441021124141566,0.700000011530655,5395196451.712255,5395.196451712254,0.8599281317821185,0.10057992670864906
S_Q1,27,B,SRI12,1479,-7.87746451479324e-06,1860.050703255394,-0.058224745439792946,0.7098939912893628,5435516793.865154,5435.516793865154,0.8653716156117691,0.08069164265129682
S_Q1,27,B,SRI12,1481,0.0,1931.3424354391711,-1.317663769789235,0.7002027284272601,4829010772.68184,4829.01077268184,0.8255238908456968,0.07563952040416978
S_Q1,27,B,SRI12,1483,0.0,1608.5966415559124,-1.4384757195188822,0.750570696860219,4438970072.987878,4438.970072987878,0.7895897819048634,0.10556089230440815
S_Q1,27,B,SRI12,1484,-0.017526432348348695,1929.2180448221711,-1.344375470504974,0.7240747321093585,4739419297.772369,4739.41929777237,0.8206140819013058,0.07656455687195361
S_Q1,27,B,SRI12,1485,-0.0014362944450131056,5.689239929347721,-1.6534770754027348e-05,0.7000000607785595,2577057778.849662,2577.0577788496616,0.6464581776781585,0.36859145408617067
S_Q1,27,B,SRI12,1486,0.0,424.1571268687307,-0.0011302563227548479,0.7,4341992598.451333,4341.992598451333,0.739495499341801,0.32483011349485896
S_Q1,27,B,SRI12,1487,-7.741627981359099e-08,1765.5702962779553,-2.045484778792493,0.7005572327376995,4246627103.898914,4246.627103898913,0.7837905148183728,0.08898139253566725
S_Q1,27,B,SRI12,1488,0.0,796.3065058190678,-0.02890761199946994,0.7,4777868192.832674,4777.868192832674,0.7892339986480236,0.2731703846017006
S_Q1,27,B,SRI12,1489,-1.7258258390422804e-05,1867.0766738697284,-1.1309025032284312,0.7000001267985513,4936617632.628849,4936.617632628849,0.8307894830469278,0.0801935460917209
S_Q1,27,B,SRI12,1490,-0.01695337081425022,1939.2573733219965,-0.0017558094198783306,0.7000078915864842,5546127861.131872,5546.127861131872,0.8735190521934038,0.07581741203258974
S_Q1,27,B,SRI12,1491,-0.002958939726216852,1725.1489598113053,-0.8645528625084049,0.7286954682263014,4920681325.647175,4920.681325647175,0.8279432169922083,0.09186323691607072
S_Q1,27,B,SRI12,1492,0.0,1665.7724498458608,-1.5325181406785238,0.7069295944006277,4525295823.238633,4525.295823238634,0.798057423417654,0.09794713060803358
S_Q1,27,B,SRI12,1493,-0.001356329533249866,1856.6025803480418,-1.8539178948013126,0.7096166591193606,4386183326.961245,4386.183326961244,0.7964919770875585,0.08094069093108477
S_Q1,27,B,SRI12,1495,-0.00045106110732384013,0.0,-1.1993730083265535,0.8354215382225166,523445757.8312165,523.4457578312165,0.5100864553314121,0.3692318639484825
S_Q1,27,B,SRI12,1496,-2.259473945780805e-05,1870.6666279239541,-1.271061402859543,0.7001690129273407,4829424615.290208,4829.424615290208,0.8235670829330772,0.079731027857829
S_Q1,27,B,SRI12,1497,-0.01671358463894164,1829.205179592193,-1.4267507166238962,0.7018990954344113,4693184156.320447,4693.184156320447,0.8148859714661829,0.08375137866012025
S_Q1,27,B,SRI12,1498,-0.005523502243898271,1856.6025803480418,-1.9327371548675112,0.7096166591193606,4339166926.852751,4339.166926852751,0.7937524460098908,0.08094069093108477
S_Q1,27,B,SRI12,1499,0.0,0.0,-0.0017159035248116416,0.7306682182335051,1417668024.9108973,1417.6680249108972,0.6235101576119829,0.3692318639484825
S_Q1,27,B,SRI12,1500,-0.0009098999255824497,579.6725727819219,0.0,0.7,4554787314.8934555,4554.787314893456,0.7631195075959724,0.30611591418507844
S_Q1,27,B,SRI12,1502,-0.005119704913577328,1898.7418893905933,-1.5348905536405837,0.7251623594938353,4601087221.407235,4601.087221407235,0.8118262354573593,0.07763190664247341
S_Q1,27,B,SRI12,1503,0.0,970.4267804043017,-1.6649316335013396e-05,0.7000506095743576,4942594494.677563,4942.594494677563,0.8078058846550682,0.23908634859643507
S_Q1,27,B,SRI12,1504,-0.0003259453208897074,1842.6638843825529,-1.1433583167895376,0.7004903583229298,4915238362.027171,4915.238362027171,0.8286547835058883,0.08211477567865656
S_Q1,27,B,SRI12,1505,-0.0009722269766582158,936.6991981366887,0.0,0.7010351538322503,4909138375.216413,4909.138375216413,0.8040701604582488,0.24630874871028574
S_Q1,27,B,SRI12,1506,-0.00563477740634184,1925.6218619843366,-0.5569103269355018,0.7010900849790773,5303061062.058886,5303.061062058886,0.8585761554061269,0.07592414700964172
S_Q1,27,B,SRI12,1507,-3.13626515632474,0.0,-1.4424703948521533,0.7362112374339763,688634255.8097788,688.6342558097788,0.531967125627068,0.3692318639484825
S_Q1,27,B,SRI12,1508,-0.002469350269103413,1889.4798490210521,-0.7726593003594351,0.7006039311271218,5175153109.259965,5175.153109259965,0.8486142242146085,0.07837905148183727
S_Q1,27,B,SRI12,1509,0.0,1553.2837439695822,-1.1422229909402748,0.7009101983450589,4757831933.999883,4757.8319339998825,0.8075212580495963,0.11392179884014658
S_Q1,27,B,SRI12,1510,-8.867825179024146e-06,1852.1876539078935,-0.7686916294647005,0.7052965859700292,5138378498.468145,5138.378498468145,0.8457323798342048,0.08108300423382075
S_Q1,27,B,SRI12,1511,-0.051362202960333336,217.26587517919825,-0.004932981814119004,0.7,3935153460.257476,3935.1534602574757,0.6959120503789092,0.34571459067136306
S_Q1,27,B,SRI12,1512,-5.7519132908530335e-05,1804.6099278240388,-2.0448855038715124,0.701089725246707,4266556992.7679863,4266.556992767986,0.7875262390151921,0.085138933361796
S_Q1,27,B,SRI12,1513,0.0,1807.0107110549793,-1.3366596858556932,0.7,4753337395.562166,4753.337395562166,0.8173408759383782,0.085067776710428
S_Q1,27,B,SRI12,1514,0.0,1476.021740555942,-0.9180167455643309,0.7199504772643344,4783696794.003579,4783.696794003579,0.8093001743337958,0.12726367097164404
S_Q1,27,B,SRI12,1515,-0.0005505878568882529,1682.9606725924393,-1.3774848239424404,0.7,4656683199.849677,4656.683199849677,0.8077347280037002,0.09634610595225389
S_Q1,27,B,SRI12,1517,0.0,1635.0265777739278,-1.9939657537795676,0.7138858883215026,4188376969.643549,4188.376969643549,0.7727256555306506,0.10210979471306082
S_Q1,27,B,SRI12,1518,0.0,1799.5154048400075,-0.6368257816245079,0.7360954369814305,5046228844.820443,5046.228844820444,0.8397196427936101,0.08574376489842389
S_Q1,27,B,SRI12,1520,-0.015899469781735724,2067.413730229369,-1.440857441434013,0.7352089911339752,4712677420.757799,4712.677420757799,0.8238517095385489,0.06941331340947093
S_Q1,27,B,SRI12,1521,-0.0013096394520039183,2096.8262652772974,-2.427898155309868,0.7,4226105150.6723366,4226.105150672337,0.7964919770875584,0.06774113210232326
S_Q1,27,B,SRI12,1522,-0.0015471742399105481,729.152957804416,0.0,0.7,4721517848.264298,4721.517848264299,0.7822962251396449,0.2843419788664746
S_Q1,27,B,SRI12,1523,-0.003988802177987839,1462.5870856708957,-0.5748487102404695,0.7,5048406236.629915,5048.406236629915,0.8291528800654642,0.12989646707225957
S_Q1,27,B,SRI12,1524,-0.016139254010065517,497.18109054179666,-0.0014400737002180919,0.7000133690793283,4447809271.450047,4447.809271450046,0.7514498167716227,0.31735866510122035
S_Q1,27,B,SRI12,1525,0.0,1209.0628443074093,-0.0002322164278337601,0.7,5123768134.990455,5123.768134990455,0.829437506670936,0.18433130536876938
S_Q1,27,B,SRI12,1528,-0.06622710972461071,0.0,-0.784807594414069,0.7004367723187592,1229068731.806383,1229.0687318063829,0.6016650656420109,0.3692318639484825
S_Q1,27,B,SRI12,1530,-0.056730186531183585,2021.733368216486,-0.0033957960211288968,0.7000971797211104,5584238625.580982,5584.238625580982,0.8737681004731915,0.07667129184900558
S_Q1,27,B,SRI12,1532,-0.011751221228267427,1631.934671849442,-1.882361157842866,0.7014640097033608,4264104621.537641,4264.104621537641,0.776781584658626,0.10342619276336855
S_Q1,27,B,SRI12,1533,-0.007398202142948283,880.5517676264001,-3.13259567591216e-05,0.7000765765515644,4865501177.343187,4865.501177343187,0.7993738214679618,0.25790728288326753
S_Q1,27,B,SRI12,1534,-0.000179183098048704,1570.678623429475,-1.4099151213834038,0.7225089763916037,4510083762.226494,4510.0837622264935,0.792507204610951,0.111715942647739
S_Q1,27,B,SRI12,1535,0.0,389.52180289447153,0.0,0.7,4286876138.129734,4286.876138129734,0.7327711957875261,0.3285302593659942
S_Q1,27,B,SRI12,1536,0.0,2092.3854472327553,-0.5552733470682907,0.7000201380944976,5388168759.126234,5388.168759126234,0.866225495428185,0.06774113210232326
S_Q1,27,B,SRI12,1537,-0.17602744609490673,0.0,-1.028493489378247,0.7016884287565841,1074624917.0866263,1074.6249170866263,0.5822748781442347,0.3692318639484825
S_Q1,27,B,SRI12,1538,-2.1472098766848026e-06,133.36100570097932,0.0,0.7000002077841749,3680365259.9442706,3680.3652599442707,0.6781228875369125,0.3548582203721492
S_Q1,27,B,SRI12,1539,-0.0006997225915499746,1833.054940983896,-1.388521865281136,0.7019371668608531,4722555972.751219,4722.555972751219,0.8173764542640625,0.08271960721528446
S_Q1,27,B,SRI12,1540,0.0,2082.4630433144707,-1.3020777953435918,0.750570696860219,4762651945.639087,4762.651945639087,0.8269470238730565,0.06827480698758316
S_Q1,27,B,SRI12,1542,0.0,1600.3854679844428,-1.4384757195188822,0.7006132321175887,4565658835.262353,4565.658835262353,0.798270893371758,0.10669939872629594
S_Q1,27,B,SRI12,1544,0.0,285.9131160325198,0.0,0.7,4095632748.434878,4095.632748434878,0.7117799836339701,0.3396662753050841
S_Q1,27,B,SRI12,1545,-2.4546620447929435,0.0,-1.0789742175718107,0.8901260657445821,384150434.26339537,384.15043426339537,0.49368484719109107,0.3692318639484825
S_Q1,27,B,SRI12,1546,-0.0007430199374257075,1990.5842818297876,0.0,0.7,5571914988.779565,5571.914988779565,0.8754402817803394,0.07197495285871847
S_Q1,27,B,SRI12,1547,0.0,1435.7590510884597,0.0,0.7,5272127442.895788,5272.127442895789,0.8472266695129328,0.13452164941117872
S_Q1,27,B,SRI12,1548,-0.0007430199374257075,63.98810175990036,-0.000350190880985239,0.7,3345676609.9896674,3345.676609989667,0.6618635926993276,0.3623296687657879
S_Q1,27,B,SRI12,1549,-2.023847625130752,0.0,-1.0789742175718107,0.8217667271433786,623070440.8417517,623.0704408417517,0.5237129540683815,0.3692318639484825
S_Q1,27,B,SRI12,1550,-2.2960493140606855,0.0,-1.0729497665539114,0.8067111703378216,678407317.5376077,678.4073175376077,0.5315046073931761,0.3692318639484825
S_Q1,27,B,SRI12,1551,-2.4546620447929435,0.0,-0.0831118543042807,0.7025817145720482,1540903317.2076304,1540.9033172076304,0.6395559824954637,0.3692318639484825
S_Q1,27,B,SRI12,1553,0.0,1626.763155177879,-0.6232469819074606,0.7,5118388710.269336,5118.388710269336,0.8393994378624542,0.10324830113494858
S_Q1,27,B,SRI12,1554,-3.197293883933987,0.0,-1.4128243451502231,0.9596165143790694,108177244.59457853,108.17724459457854,0.4630874871028569,0.3692318639484825
S_Q1,27,B,SRI12,1555,-3.826420358298254,0.0,-0.15263214059002506,0.991463104819754,43653333.123574264,43.653333123574264,0.457786316575942,0.3692318639484825
S_Q1,27,B,SRI12,1556,-2.4546620447929435,0.0,-1.0789742175718107,0.9581817782852291,146291619.0580108,146.29161905801078,0.46735688618493615,0.3692318639484825
S_Q1,27,B,SRI12,1557,-3.288123452870204,0.0,-2.397812278568235,0.9408781692015189,40681428.757666,40.681428757666,0.45728822001636593,0.3692318639484825
S_Q1,27,B,SRI12,1560,0.0,1921.977024977928,-0.9791299013838008,0.7,5065325061.05763,5065.32506105763,0.8407514142384458,0.07610203863806168
S_Q1,27,B,SRI12,1561,-0.0010143758566775185,1566.7949919511552,-1.3396261311011148,0.7,4620631744.491489,4620.631744491489,0.8000853879816416,0.11228519585868289
S_Q1,27,B,SRI12,1562,0.0,470.9520675594721,-0.031029516234940602,0.7,4400405494.645503,4400.4054946455035,0.7464688511758637,0.32013377450457187
S_Q1,27,B,SRI12,1563,0.0,1605.2791766519783,-1.0785988827744308,0.7387396509533831,4699352468.148695,4699.352468148695,0.8069875831643363,0.10602341053830006
S_Q1,27,B,SRI12,1564,0.0,930.8405702198361,0.0,0.7,4909627180.988849,4909.6271809888485,0.8039990038068807,0.24758956843490948
S_Q1,27,B,SRI12,1565,-0.00036465987594169616,0.0,-0.0013284927435630728,0.7215919639891427,1466083649.5732207,1466.0836495732208,0.6300565695378376,0.3692318639484825
S_Q1,27,B,SRI12,1567,-0.09262178781973888,326.6765932397681,-0.01135468449440967,0.700282471408325,4171316780.8916755,4171.316780891675,0.7186110221652969,0.3367844309246808
S_Q1,27,B,SRI12,1568,-2.265815866645167,0.0,-0.014923986776848253,0.7328273649739531,1402074800.7993956,1402.0748007993955,0.6214110363966271,0.3692318639484825
S_Q1,27,B,SRI12,1569,0.0,1363.382076879723,-0.002001478574566562,0.700508043392613,5223149455.899456,5223.149455899456,0.8420678122887538,0.149179919592984
S_Q1,27,B,SRI12,1570,-0.005283923664375131,1673.151384604534,-0.831334806793774,0.7003073839204662,5028561073.905088,5028.561073905088,0.8342761589639593,0.09705767246593375
S_Q1,27,B,SRI12,1571,-0.0014360167246990144,2063.5787298352407,-1.4653578786602024,0.7549194584495665,4647937657.85337,4647.937657853369,0.8199736720389941,0.06880848187284305
S_Q1,27,B,SRI12,1572,0.0,1721.6805269625881,-1.7609392548354665,0.7686134243310926,4270810577.0246515,4270.810577024651,0.7832212616074288,0.09229017682427865
S_Q1,27,B,SRI12,1573,-0.11451595092995914,1718.3794556228397,0.0,0.7,5433510705.946794,5433.510705946794,0.8583271071263385,0.10260789127263671
S_Q1,27,B,SRI12,1574,-2.559555474636395,0.0,-1.1229871784157557,0.7010606583196316,1013455353.7644674,1013.4553537644673,0.5733802967232363,0.3692318639484825
S_Q1,27,B,SRI12,1575,-0.32564694554007323,0.0,-0.7241393688189923,0.7075892832917033,1234350672.8147078,1234.3506728147077,0.6021275838759027,0.3692318639484825
S_Q1,27,B,SRI12,1576,0.0,407.7577003205526,0.0,0.7007546076385032,4312405857.646891,4312.405857646891,0.7357241968192978,0.3265734514533745
S_Q1,27,B,SRI12,1577,0.0,992.9104346010797,-0.0006889818716277005,0.7010587244248175,4955552971.919219,4955.552971919219,0.8095492226135839,0.2342476963034119
S_Q1,27,B,SRI12,1578,0.0,707.858876409315,-0.0031049078416314924,0.7,4697991895.395738,4697.991895395738,0.7794855374106094,0.28736613654961396
S_Q1,27,B,SRI12,1579,-0.003905277811539347,0.0,-0.0010636076202007122,0.7306235151106977,1418528285.71179,1418.52828571179,0.6235813142633508,0.3692318639484825
S_Q1,27,B,SRI12,1580,0.0,2088.0013032073925,-1.0785988827744308,0.7376509544192025,4948952688.538103,4948.952688538103,0.8384032447433023,0.0680257587077952
S_Q1,27,B,SRI12,1582,-2.4543022329365765,0.0,-0.8807685196829773,0.950553873558029,192979578.54047382,192.97957854047382,0.47215996015227524,0.3692318639484825
S_Q1,27,B,SRI12,1583,-1.5684423459620316,0.0,-1.2449242994572496,0.7043676016643701,906259273.6675097,906.2592736675097,0.5606432561283665,0.3692318639484825
S_Q1,27,B,SRI12,1584,-2.1646745943107817,0.0,-1.0057237198013973,0.7,1094319597.969131,1094.3195979691309,0.5850144092219021,0.3692318639484825
S_Q1,27,B,SRI12,1585,-0.004893972705289212,1946.357661296965,-1.6670356439395788,0.7325944689245303,4512186173.858304,4512.186173858304,0.8086953427971679,0.07475006226206994
S_Q1,27,B,SRI12,1586,-6.28970432737854e-05,1767.98014233637,-1.8218777947946234,0.7038622531165635,4370874678.068697,4370.874678068697,0.7915821681431672,0.08873234425587932
S_Q1,27,B,SRI12,1587,-2.7568741379113866e-05,0.0,-1.1699794851353322,0.7012020828692684,977185858.2844414,977.1858582844413,0.569288789269577,0.3692318639484825
S_Q1,27,B,SRI12,1589,-3.826420358298254,0.0,-0.7327086359968982,0.7226933216920748,1166762430.8063686,1166.7624308063687,0.5936243640374286,0.3692318639484825
S_Q1,27,B,SRI12,1590,0.0,1676.4422453186573,-0.7174148838503691,0.700776884503833,5095692151.6337595,5095.69215163376,0.839755221119294,0.09680862418614582
S_Q1,27,B,SRI12,1591,-6.201093414342769e-05,1654.4055241811984,-2.0284233369549054,0.7003817198127494,4198356067.044753,4198.356067044753,0.7747180417689543,0.09958373358949728
S_Q1,27,B,SRI12,1593,-1.782929287987467e-05,1464.772876690753,-0.8728753616578774,0.700185012070394,4880435414.7374735,4880.435414737473,0.8156331163055467,0.12939837051268369
S_Q1,27,B,SRI12,1594,0.0,241.78514368049377,0.0,0.7001837046908831,3996811037.088742,3996.8110370887416,0.701782474116768,0.34343757782758744
S_Q1,27,B,SRI12,1595,-9.748699836387219e-05,505.73372254744004,-0.0018628043324036177,0.7000000570657188,4459018390.447282,4459.0183904472815,0.7525171665421425,0.3159711103995446
S_Q1,27,B,SRI12,1597,0.0,1603.6886983563204,-2.0714551187286747,0.700008145702723,4143250915.106638,4143.250915106638,0.7677802682605759,0.10623688049240404
S_Q1,27,B,SRI12,1598,-2.200942481372841,0.0,-0.7876437149273523,0.7004378981929571,1226655510.390987,1226.6555103909868,0.6014160173622229,0.3692318639484825
S_Q1,27,B,SRI12,1599,-3.0207556900780113e-05,1530.583572539343,0.0,0.7011961843295829,5322697726.907983,5322.6977269079825,0.852349948411428,0.11787099299106982
S_Q1,27,B,SRI12,1601,-0.02019495312696784,1934.1933048937997,-0.570125529675308,0.7,5305531156.263227,5305.531156263228,0.8574376489842391,0.0761376169637457
S_Q1,27,B,SRI12,1602,-0.00029181318588846275,1912.5339095374636,-1.3832136995615416,0.7044668039132485,4758886331.134536,4758.886331134536,0.8216814316718254,0.0766357135233216
S_Q1,27,B,SRI12,1604,0.0,1761.9776575159294,-2.074678237728933,0.7310814214010071,4190825242.1509256,4190.825242150926,0.7797345856903974,0.08937275411819118
S_Q1,27,B,SRI12,1605,-0.0016568415596937961,539.8933147261773,0.0,0.7005852348908592,4501835609.559789,4501.835609559788,0.7571067705553778,0.31187960294588535
S_Q1,27,B,SRI12,1606,-3.0114782855780557e-06,219.11591853838763,-2.122207158272195e-05,0.7,3942076910.855931,3942.0769108559307,0.697157291777849,0.34546554239157506
S_Q1,27,B,SRI12,1607,0.0,1566.7949919511552,-1.902906910329588,0.7,4216549318.5549192,4216.549318554919,0.7703419077098232,0.11228519585868289
S_Q1,27,B,SRI12,1608,-0.11878899786362163,135.43151293760366,-0.0031049078416314924,0.7000200306502018,3686426698.672412,3686.426698672412,0.6776959476287046,0.3550361120005693
S_Q1,27,B,SRI12,1611,-0.08608642395988775,0.0,-0.63751998126717,0.7004357680665284,1308680182.2677858,1308.6801822677858,0.6110933219482692,0.3692318639484825
S_Q1,27,B,SRI12,1612,-0.013880886782509632,303.5193208337976,-0.0012311336508416867,0.7000374886505993,4131123875.7053437,4131.123875705343,0.7155157078307895,0.3379229373465685
S_Q1,27,B,SRI12,1613,-2.44419131555918,0.0,-0.7443001438587107,0.7,1255181756.8787506,1255.1817568787505,0.6052940548617781,0.3692318639484825
S_Q1,27,B,SRI12,1614,0.0,1724.0801055718953,-1.1153070020163551,0.7027084462688572,4866101048.323098,4866.101048323098,0.8217881666488777,0.09196997189312271
S_Q1,27,B,SRI12,1615,-0.0041891060697275065,1605.2791766519783,-1.0785988827744308,0.7128176018274102,4790447417.590663,4790.447417590663,0.8129647418792472,0.10602341053830006
S_Q1,27,B,SRI12,1616,-0.004503713703227628,2100.0,-0.6342646190417167,0.7,5352129017.770423,5352.129017770423,0.8642686875155654,0.0675632404739033
S_Q1,27,B,SRI12,1617,-3.954393104029587e-06,775.4671935032962,-0.0008236472076955104,0.7,4767880619.085805,4767.880619085805,0.787490660689508,0.2767637954957839
S_Q1,27,B,SRI12,1618,-6.055599303007282e-05,313.55685261927783,0.0,0.700000079849831,4151188439.571121,4151.188439571121,0.717614829046145,0.33682000925036465
S_Q1,27,B,SRI12,1619,-0.0034305827144884907,1819.0505786167641,-1.2635281642366722,0.7000587605633053,4807160182.049977,4807.160182049977,0.8207208168783575,0.08392927028854023
S_Q1,27,B,SRI12,1620,-0.00828885521741975,769.7279556284482,-0.01214614566633208,0.7000285231623722,4758129442.418917,4758.129442418916,0.7860675276621483,0.27758209698651576
S_Q1,27,B,SRI12,1621,0.0,0.0,-1.304270308788651,0.737539470445045,770982871.2782938,770.9828712782938,0.5429608282634218,0.3692318639484825
S_Q1,27,B,SRI12,1622,0.0,1743.8830670829689,-1.3753808760040083,0.7000347842963479,4690694901.734504,4690.694901734504,0.8118262354573594,0.09044010388871102
S_Q1,27,B,SRI12,1623,-2.530584947117637,0.0,-0.5185040365306555,0.7006995431455971,1365594288.2681081,1365.5942882681081,0.61778204717686,0.3692318639484825
S_Q1,27,B,SRI12,1624,0.0,559.0540336728067,0.0,0.7,4529293255.155822,4529.2932551558215,0.7602732415412532,0.3089977585654819
S_Q1,27,B,SRI12,1626,0.0,84.54771533832462,0.0,0.7,3465898974.9646244,3465.8989749646244,0.6664176183868787,0.36012381257338016
S_Q1,27,B,SRI12,1627,-0.012981501875347313,2021.100719564829,-2.122680994921904,0.706561568162784,4326411386.156954,4326.411386156954,0.7995517130963816,0.07122780801935462
S_Q1,27,B,SRI12,1628,-0.0024168857358949428,1566.3881436613574,-0.31012930027770746,0.7421027158699446,5028987620.569871,5028.987620569871,0.8323549293770236,0.11235635251005087
S_Q1,27,B,SRI12,1630,-0.001423861199697632,196.2677142325549,-0.001424611603970385,0.7,3880977957.749692,3880.977957749692,0.691749386273882,0.3476002419326147
S_Q1,27,B,SRI12,1631,-0.004485776681402062,1410.829997704282,-0.6342646190417167,0.7,4985848597.7798395,4985.848597779839,0.8232824563276053,0.13996513324082968
S_Q1,27,B,SRI12,1632,-0.0009384183746828506,41.54050919887828,0.0,0.7000841096050537,3174005878.625394,3174.005878625394,0.6560287472871524,0.36489130821503546
S_Q1,27,B,SRI12,1633,-0.004725460542740004,1946.357661296965,-1.6013846169420356,0.7315237492291323,4560316330.712269,4560.316330712269,0.8107588856868396,0.07475006226206994
S_Q1,27,B,SRI12,1635,-0.009209513718831525,680.1537518686961,-7.235538481258465e-06,0.7002280618357257,4668764439.947514,4668.764439947514,0.7761055964706302,0.292382680471057
S_Q1,27,B,SRI12,1636,0.0,1903.0218225540814,-1.138583488847237,0.7071705444178487,4925476652.387453,4925.476652387453,0.8309317963496639,0.07738285836268545
S_Q1,27,B,SRI12,1637,0.0,1491.7720296888606,-0.6694404757722354,0.7,5018631005.257782,5018.631005257782,0.8280143736435762,0.12470203152239658
S_Q1,27,B,SRI12,1639,-0.0012466855991063804,0.0,-0.8898952733878495,0.7019662848654588,1157386935.8335295,1157.3869358335294,0.5923791226384887,0.3692318639484825
S_Q1,27,B,SRI12,1642,-0.08369576633359739,666.3471735733671,0.0,0.7,4654772581.339516,4654.772581339515,0.7722275589710748,0.2965453445760843
S_Q1,27,B,SRI12,1644,-0.0013897761567904987,2063.5787298352407,-0.000570549399292096,0.7,5606330822.006539,5606.330822006539,0.8785355961148469,0.06880848187284305
S_Q1,27,B,SRI12,1645,-0.10202975318148266,171.39975123689266,0.0,0.7000863478230599,3808286389.100918,3808.286389100918,0.6852741309993953,0.35122923115238197
S_Q1,27,B,SRI12,1647,-0.005210625554721515,862.3103393969145,-0.004482503976702032,0.7013203213209436,4840728067.704148,4840.728067704148,0.7969544953214501,0.26078912726367104
S_Q1,27,B,SRI12,1648,-9.748699836387219e-05,1201.6823195259417,-0.025420777946794648,0.7000000571279861,5109363153.328369,5109.363153328369,0.8280499519692603,0.1858611733731811
S_Q1,27,B,SRI12,1650,-0.0006883982066089246,1076.1261461764525,-6.0773800347849974e-05,0.7000586414383072,5026425435.986876,5026.4254359868755,0.8174476109154303,0.21489308713131958
S_Q1,27,B,SRI12,1651,-0.00029203307690362943,1934.1933048937997,-2.1486847503839037,0.7000806490115123,4280219839.028147,4280.219839028147,0.7938236026612586,0.07539047212438181
S_Q1,27,B,SRI12,1652,-0.012272279024549082,1941.9275446665633,-1.3066159684646137,0.7003021795164572,4840967636.140617,4840.967636140617,0.8264133489877968,0.07571067705553773
S_Q1,27,B,SRI12,1653,-0.004440850789858446,0.0,-1.0981798262405649,0.7012148235648064,1030872931.192231,1030.8729311922311,0.5758707795211156,0.3692318639484825
S_Q1,27,B,SRI12,1654,-0.024048904479903488,0.0,-1.279026924146845,0.9335838845191318,198940903.08293438,198.94090308293437,0.47301383996869106,0.3692318639484825
S_Q1,27,B,SRI12,1655,0.0,2076.933869326424,-0.5387226693630152,0.7001331278788101,5386527330.033264,5386.527330033264,0.8655495072401892,0.06838154196463514
S_Q1,27,B,SRI12,1656,-0.02262257990120846,0.0,0.0,0.7157444338513299,1497003512.3754883,1497.0035123754883,0.6339346070373928,0.3692318639484825
S_Q1,27,B,SRI12,1658,-0.004500307639492655,1745.9880560393608,-2.1786115691024306,0.7003896831858746,4170009895.1526294,4170.00989515263,0.7773864161952538,0.09040452556302699
S_Q1,27,B,SRI12,1659,-0.00039678276345930796,1718.3794556228397,0.0,0.703118998243423,5417653107.061824,5417.653107061824,0.8623474579286297,0.09250364677838262
S_Q1,27,B,SRI12,1660,0.0,1881.1668453498849,-0.7632785153550812,0.7019270383702687,5171308257.358778,5171.308257358778,0.8486142242146083,0.07887714804141316
S_Q1,27,B,SRI12,1661,0.0,1491.7720296888606,-0.7076155688938917,0.700119540855602,5001696837.980822,5001.696837980821,0.8270893371757926,0.12470203152239658
S_Q1,27,B,SRI12,1663,-0.01044460700177825,1937.039785148836,0.0,0.700000149550475,5545943879.077427,5545.943879077427,0.8734478955420358,0.07592414700964172
S_Q1,27,B,SRI12,1664,-0.03421506019869214,17.716027043753684,-6.644121977382716e-05,0.700009364855984,2883726049.0452857,2883.726049045286,0.64958907033835,0.36720389938449505
S_Q1,27,B,SRI12,1665,0.0,617.0866161045814,0.0,0.7,4599272959.137082,4599.272959137082,0.7682783648201515,0.3018465151029992
S_Q1,27,B,SRI12,1669,-6.160998105492236e-05,186.58761530911704,-0.004181589036058364,0.7,3852447233.257248,3852.4472332572477,0.6892589034760024,0.34859643505176646
S_Q1,27,B,SRI12,1670,-7.85541343950326e-05,1626.6479084886287,-2.0284233369549054,0.7003817198127494,4182977193.5032206,4182.97719350322,0.7724410289251787,0.10324830113494858
S_Q1,27,B,SRI12,1671,0.0,1015.0438697878519,0.0,0.7,4979091403.0481205,4979.091403048121,0.8119329704344115,0.22830611591418506
S_Q1,27,B,SRI12,1672,-0.0013961802322684969,372.971718868015,0.0,0.7,4259135012.251398,4259.135012251398,0.7295335681502827,0.330024549044722
S_Q1,27,B,SRI12,1674,-0.008908101013773064,1915.9581205928105,-2.1626120066644874,0.7001870641070382,4264108016.1296597,4264.1080161296595,0.7919023730743232,0.07645782189490163
S_Q1,27,B,SRI12,1675,-0.002411123980138802,1707.9817990098297,-0.9329536945012014,0.7019513176252702,4976034057.146307,4976.034057146307,0.830504856441456,0.09382004482869034
S_Q1,27,B,SRI12,1676,-0.0012788985205789225,1575.1831670007525,-0.9174694059621278,0.700142514068199,4918052619.745253,4918.052619745253,0.8227843597680292,0.11100437613405914
S_Q1,27,B,SRI12,1677,0.0,911.0944202821711,0.0,0.7,4892691566.665123,4892.691566665123,0.8018998825915253,0.2513964492830967
S_Q1,27,B,SRI12,1678,-0.012981501875347313,2071.2271029761123,-2.1240988339396436,0.706561568162784,4348874427.824868,4348.874427824868,0.8023979791511012,0.06923542178105098
S_Q1,27,B,SRI12,1679,0.0,2048.2315303424875,-0.7723183974422636,0.7004051715801065,5252752308.889321,5252.752308889321,0.8562991425623508,0.06927100010673497
S_Q1,27,B,SRI12,1680,-0.011200254899066293,1825.0821597483312,-0.9257869780175112,0.7108082192794684,5007171747.719094,5007.171747719094,0.8355925570142667,0.08407158359127621
S_Q1,27,B,SRI12,1681,-1.243595155951213e-05,1115.7905980396745,-0.004481505230234509,0.7003955678436097,5052645786.342471,5052.645786342471,0.8212189134379336,0.2056783007791654
S_Q1,27,B,SRI12,1682,0.0,1622.0162030107936,-0.18620233540698541,0.7359340089159574,5133117590.867699,5133.117590867699,0.8413206674493898,0.10410218095136445
S_Q1,27,B,SRI12,1683,-2.539932928362092,0.0,-1.144610621447076,0.8623247697644428,460158317.0003182,460.1583170003182,0.5027573202405095,0.3692318639484825
S_Q1,27,B,SRI12,1685,-0.00037242315300209123,1977.6808065532343,-1.9796374568005006,0.7078122706031484,4379739475.249853,4379.739475249853,0.8016152559860531,0.07282883267513428
S_Q1,27,B,SRI12,1687,-0.005283923664375131,341.91479721115695,0.0,0.7,4204495581.353826,4204.495581353826,0.7239477710178959,0.33404489984701313
S_Q1,27,B,SRI12,1688,0.0,1775.1232713890483,-1.0335674791458014,0.7021222996934808,4950767091.942277,4950.767091942277,0.8302558081616677,0.08802077774219948
S_Q1,27,B,SRI12,1689,0.0,1210.1885656310042,-0.004382548687785981,0.7,5122755924.527462,5122.755924527462,0.829544241647988,0.18404667876329744
S_Q1,27,B,SRI12,1690,-2.9568368892836803e-06,75.35841481873945,0.0,0.7,3415306455.3357944,3415.3064553357945,0.6648877503824671,0.36129789732095213
S_Q1,27,B,SRI12,1691,0.0,1893.4543675584607,-1.3026523878199514,0.7,4821060497.753339,4821.0604977533385,0.8239940228412853,0.07816558152773331
S_Q1,27,B,SRI12,1692,-0.0026981696998201674,846.9733354349851,-0.016970302925520486,0.7020829293157302,4817407184.278464,4817.407184278464,0.7940014942896788,0.2638844415981784
S_Q1,27,B,SRI12,1693,-0.010518142817475675,1682.5845755014116,-1.4575089118004223,0.7000272129056712,4601167672.920479,4601.167672920479,0.8036787988757248,0.09712882911730174
S_Q1,27,B,SRI12,1694,-0.0025586357038032137,280.23962414311745,-0.012253339884558206,0.7000406966824425,4079500659.970138,4079.5006599701383,0.7103212722809263,0.34009321521329194
S_Q1,27,B,SRI12,1695,0.0,1326.2478649405334,0.0,0.7,5202832056.518438,5202.832056518439,0.8395061728395063,0.15768313943145834
S_Q1,27,B,SRI12,1697,0.0,1554.9162308320815,-1.4554727827248701,0.7,4530302779.548198,4530.302779548198,0.7935389760557868,0.11360159390899065
S_Q1,27,B,SRI12,1698,-5.133274670783561e-08,2066.2651007423024,-1.3400278130462029,0.7,4877358212.693199,4877.358212693199,0.8321414594229195,0.06866616857010707
S_Q1,27,B,SRI12,1699,-0.07809880981659717,486.1724574573349,-3.2855061963591033e-05,0.70001137302182,4432855911.328894,4432.855911328894,0.7482477674600636,0.32045397943572773
S_Q1,27,B,SRI12,1700,-0.010994913690064716,962.7394271229974,-1.540088727581049e-05,0.7003212223989342,4934791965.701347,4934.791965701347,0.8068452698616005,0.2409364215320027
S_Q1,27,B,SRI12,1701,-0.005094172383531381,0.0,-1.0785785922990594,0.846110865954059,537986209.1360667,537.9862091360667,0.5127904080833956,0.3692318639484825
S_Q1,27,B,SRI12,1702,-0.004022367381045999,1731.3515187284577,-1.8203166365337433,0.703859138308763,4352224642.920966,4352.224642920966,0.788344540505924,0.09140071868217883
S_Q1,27,B,SRI12,1703,0.0,1152.6428990435465,0.0,0.7,5083633223.569345,5083.633223569345,0.8243853844238089,0.1976375991745828
S_Q1,27,B,SRI12,1704,-0.0016419947429953327,0.0,-0.6826317899744887,0.7004523274406458,1288483049.4916472,1288.4830494916473,0.6090297790585976,0.3692318639484825
S_Q1,27,B,SRI12,1705,-0.0015501997187669801,1456.2995951047465,-1.157515837522448,0.7,4691719877.538296,4691.719877538296,0.7985555199772298,0.13107055181983138
S_Q1,27,B,SRI12,1706,-0.009277918661033918,2061.438163612726,-1.4966667848931314,0.7126036920619885,4735223418.667441,4735.223418667441,0.8239584445156011,0.06955562671220691
S_Q1,27,B,SRI12,1707,-0.0014360167246990144,1516.2210000477328,-1.3591330865605868,0.7001674983120508,4574138619.225443,4574.138619225443,0.7944995908492546,0.12011242750916142
S_Q1,27,B,SRI12,1708,-0.10386653654999112,655.7461704896649,-0.0001696329527627453,0.7,4643052160.0343,4643.0521600343,0.7706621126409792,0.2987156224428079
S_Q1,27,B,SRI12,1709,0.0,1911.9759345638947,-0.0391159337519601,0.7842178070871051,5077380618.698518,5077.3806186985175,0.8459102714626249,0.07667129184900559
S_Q1,27,B,SRI12,1711,-0.00011876126325817951,1796.6357290752921,-1.4407714456806306,0.7000112393311869,4672168850.8573065,4672.168850857306,0.8126445369480912,0.08602839150389582
S_Q1,27,B,SRI12,1712,-0.001457172140906739,1801.2020717196822,-1.2739836511733618,0.7007749965097086,4791020020.313567,4791.020020313567,0.818977478919842,0.08556587327000391
S_Q1,27,B,SRI12,1713,-6.977440784174571e-05,1892.2355305851054,-1.4808666391039687,0.7000295744217265,4696882590.165747,4696.8825901657465,0.8165225744476466,0.07823673817910129
S_Q1,27,B,SRI12,1714,-0.0036072319572298265,1819.0505786167641,-1.5186224953520733,0.7000002830214641,4634731307.237966,4634.731307237966,0.8107944640125233,0.08392927028854023
S_Q1,27,B,SRI12,1715,-0.000566055917241258,1675.4407220920557,-1.9212449062291324,0.7064934689256193,4256573129.6734385,4256.573129673438,0.7794855374106093,0.09691535916319778
S_Q1,27,B,SRI12,1716,-7.732737013825194e-05,1910.9207611992147,-1.103828987738919,0.7071020778587211,4953391694.336003,4953.391694336004,0.8335290141245951,0.07674244850037358
S_Q1,27,B,SRI12,1717,-0.0052527983548904915,1767.4220219850067,-1.6826337858394893,0.7022358244687538,4473066667.959067,4473.066667959068,0.799231508165226,0.08873234425587932
S_Q1,27,B,SRI12,1718,-2.281496398376861e-08,1798.732712810798,-0.8344915769936668,0.7002424192046361,5093276405.716197,5093.276405716197,0.8410004625182338,0.08588607820115986
S_Q1,27,B,SRI12,1719,0.0,1432.300523069757,-0.9101609352007896,0.7,4839804390.525277,4839.804390525277,0.8115771871775713,0.13551784253033056
S_Q1,27,B,SRI12,1720,-0.001684230168776682,1672.9927514740048,-0.954254853879306,0.7311786286253257,4833632140.179487,4833.632140179488,0.8202938769701498,0.09716440744298573
S_Q1,27,B,SRI12,1721,-0.04432134500976491,2090.1051584167426,0.0,0.7003703607494425,5616526834.580921,5616.526834580921,0.8770413064361191,0.06991140996904686
S_Q1,27,B,SRI12,1722,-0.0013746293301289325,1719.187102819451,-1.4989840375605505,0.7095661696606349,4570903850.6067,4570.9038506067,0.8026470274308889,0.0924680684526986
S_Q1,27,B,SRI12,1723,-0.0006883982066089246,730.0140033598681,-6.0773800347849974e-05,0.7000586414383072,4722094074.625598,4722.094074625598,0.782402960116697,0.28419966556373866
S_Q1,27,B,SRI12,1724,-0.0008489473587324139,1652.6885283785957,-1.4878134090199755,0.7865114975130693,4348114902.941229,4348.114902941229,0.7852136478457323,0.09993951684633721
S_Q1,27,B,SRI12,1725,0.0,1749.5041940856258,0.0,0.7000102118717237,5450705970.42726,5450.705970427261,0.8644821574696698,0.09011989895755505
S_Q1,27,B,SRI12,1727,-0.23868993783088255,238.1547203490693,-0.010411287678977052,0.7007221493288873,3981872156.808565,3981.8721568085653,0.6969082434980609,0.345785747322731
S_Q1,27,B,SRI12,1729,0.0,1596.4248852907115,-1.890740686130019,0.7000886439733192,4241493569.806133,4241.493569806133,0.7740420535809586,0.10716191696018786
S_Q1,27,B,SRI12,1730,0.0,333.5260708964852,-0.017732319152864846,0.7,4181688717.59822,4181.68871759822,0.7213505532429645,0.33489877966342907
S_Q1,27,B,SRI12,1731,-0.011240841822473441,26.795913833381178,0.0,0.7000093206917468,3017548877.477871,3017.548877477871,0.6525420713701211,0.3664923328708151
S_Q1,27,B,SRI12,1732,-0.0011012446904294186,1591.927740785563,-1.4174466991227221,0.7007818873486595,4574991644.39436,4574.991644394359,0.79837762834881,0.10794464012523569
S_Q1,27,B,SRI12,1733,-6.348151338385427e-05,1837.4383907868894,-2.0724363322705175,0.7000022107223565,4268155092.1468406,4268.155092146841,0.7886291671113959,0.0824349806098125
S_Q1,27,B,SRI12,1735,-0.004560777246762414,1833.7147878959834,-1.4402159562696664,0.7002332222995976,4691630770.520699,4691.630770520698,0.8150994414202866,0.08271960721528446
S_Q1,27,B,SRI12,1736,0.0,1817.274797223415,-2.0564338669830726,0.7000080406284324,4268211198.5543094,4268.21119855431,0.7879887572490838,0.08414274024264419
S_Q1,27,B,SRI12,1737,-0.004795077708869578,2089.352159552097,-2.1339810915155533,0.7000002479005732,4361524147.442363,4361.524147442363,0.8036787988757249,0.06784786707937525
S_Q1,27,B,SRI12,1738,-0.012244587122094568,256.42492765058125,-0.002084157297324809,0.7003204203243184,4029042995.9798717,4029.0429959798716,0.7046998968228556,0.34201444480022763
S_Q1,27,B,SRI12,1740,-0.13145768312913658,305.50968701562226,0.0,0.7,4135346537.2482305,4135.346537248231,0.7140569964777457,0.33920375707119227
S_Q1,27,B,SRI12,1741,-0.0014360167246990144,1507.2992020975116,-1.4293141902958926,0.7001819590746343,4518549992.517255,4518.549992517254,0.7900878784644395,0.1217846088163091
S_Q1,27,B,SRI12,1743,-0.0025903016299370953,1703.9270864166322,-1.5880239786924104,0.7094149963264662,4496524610.605381,4496.524610605381,0.7977372184864981,0.09399793645711033
S_Q1,27,B,SRI12,1744,-0.0036072319572298265,1819.0505786167641,-1.3512575950325652,0.7000002932325312,4747714046.600072,4747.714046600072,0.8178389724979541,0.08392927028854023
S_Q1,27,B,SRI12,1745,-0.00013259392507069048,107.82274684535795,-0.0014637359101769285,0.7000490385464493,3576833256.8609962,3576.8332568609962,0.6722168854733696,0.35781122140392063
S_Q1,27,B,SRI12,1746,0.0,1672.53606121116,-0.9484131842887917,0.7094342528380516,4919101325.303743,4919.101325303744,0.8255594691713809,0.0972355640943537
S_Q1,27,B,SRI12,1747,-2.609163383826953e-08,1710.1223856323923,-1.3026947049799118,0.7025282805001852,4718985306.802931,4718.985306802931,0.8112569822464155,0.09346426157185041
S_Q1,27,B,SRI12,1748,-0.1031259581936842,1875.1732775268115,0.0,0.7000863478230599,5514244868.450236,5514.244868450236,0.8662254954281849,0.08965738072366315
S_Q1,27,B,SRI12,1749,-0.0024512723402157605,1706.47905924087,-0.8122029013185239,0.7020512394957501,5049033438.280526,5049.033438280526,0.8359839185967907,0.09392677980574231
S_Q1,27,B,SRI12,1751,-0.0002627839071720888,1959.6110455068265,-1.9961985807837341,0.7,4374906389.931659,4374.906389931659,0.8006190628669013,0.07396733909702208
S_Q1,27,B,SRI12,1752,-3.955173329952146e-05,0.0,-1.3514656861089618,0.7033170799789057,838059963.8588372,838.0599638588372,0.5518554096844204,0.3692318639484825
S_Q1,27,B,SRI12,1753,0.0,576.2379041525917,0.0,0.7,4550593429.409304,4550.593429409304,0.7625858327107126,0.30689863735012635
S_Q1,27,B,SRI12,1754,-7.529352529936085e-05,1801.2098198602384,-0.00029175550532312827,0.7000370319509979,5477592594.81695,5477.59259481695,0.867008218593233,0.08556587327000391
S_Q1,27,B,SRI12,1756,-2.3586809748023762e-08,1816.9191895975216,-0.8081777260090521,0.7002444585944556,5116345980.651714,5116.345980651714,0.8429572704308534,0.08417831856832819
S_Q1,27,B,SRI12,1758,-0.00013259392507069048,96.53305601529519,-0.0014637359101769285,0.7000490385464493,3525301594.562415,3525.301594562415,0.6698331376525423,0.3589141495001244
S_Q1,27,B,SRI12,1760,-0.005287238562016771,390.52807417830996,-0.00022272001594317737,0.7002093366336823,4287425496.8845935,4287.4254968845935,0.7328067741132103,0.3283523677375743
S_Q1,27,B,SRI12,1761,-0.00442248353047089,1619.298813963579,-1.0914434147793406,0.7303365333524935,4728706899.065532,4728.706899065532,0.8090511260540078,0.10435122923115239
S_Q1,27,B,SRI12,1762,-2.637295011610372,0.0,-0.5709432412607822,0.7033184056949376,1328706105.9438536,1328.7061059438536,0.6135838047461486,0.3692318639484825
S_Q1,27,B,SRI12,1763,-0.0034305827144884907,2066.17758985016,-1.2614686180501153,0.7000587605633053,4928919247.504631,4928.919247504631,0.835094460454691,0.06866616857010707
S_Q1,27,B,SRI12,1764,-0.002134378346762583,1405.4805901253887,-0.0066034058320168666,0.700002000180447,5251093762.994078,5251.093762994078,0.8449496566691571,0.14103248301134952
S_Q1,27,B,SRI12,1766,-3.388539357991388e-05,1721.0002535534557,-0.6342646190417167,0.7,5164455146.436663,5164.455146436662,0.8446650300636854,0.09236133347564664
S_Q1,27,B,SRI12,1768,-1.782929287987467e-05,1434.456905097405,-0.8693259870705516,0.700185012070394,4863773265.07457,4863.773265074569,0.8133205251360872,0.1350553242964386
S_Q1,27,B,SRI12,1769,0.0,1626.763155177879,-0.558370511307241,0.7,5151195956.179029,5151.195956179029,0.8418187640089658,0.10324830113494858
S_Q1,27,B,SRI12,1770,0.0,1514.9514659588222,-1.2365449838432137,0.7024965698705282,4650699767.177613,4650.6997671776135,0.7981641583947061,0.12036147578894939
S_Q1,27,B,SRI12,1771,0.0,433.44617936835175,-0.017732319152864846,0.7000210755715494,4348792060.580815,4348.792060580815,0.7403493791582169,0.3239406553527591
S_Q1,27,B,SRI12,1772,-2.9058949572956374,0.0,-1.5391001041963968,0.7009024451856776,716113361.851079,716.1133618510789,0.5356316931725191,0.3692318639484825
S_Q1,27,B,SRI12,1773,-0.004737292058111701,1896.1889117984092,-1.4402159562696664,0.7002332222995976,4723020234.084282,4723.020234084282,0.8187284306400542,0.07795211157362934
S_Q1,27,B,SRI12,1774,-0.015719587722272166,1050.6374863651342,-0.0029075355619486657,0.7000891646928137,5005172052.691842,5005.1720526918425,0.8149927064432346,0.22026541430960261
S_Q1,27,B,SRI12,1775,-1.3944050296725552e-05,1689.041933876948,-1.327166854388432,0.7357230834046048,4593134883.354323,4593.134883354323,0.8026114491052051,0.095705696089942
S_Q1,27,B,SRI12,1776,-1.7639683104779189e-07,1990.5842818297876,-0.8946021554928368,0.7000013450400213,5150339848.940515,5150.3398489405145,0.8476180310954566,0.07197495285871847
S_Q1,27,B,SRI12,1777,-0.00010038997466994004,1575.3062947389997,-2.057075670366795,0.7001061058188037,4136420479.590752,4136.420479590752,0.765574412068168,0.11096879780837515
S_Q1,27,B,SRI12,1779,-0.00014182017118755916,2100.0,-1.2082949385997597,0.7438012788764534,4845218087.17634,4845.21808717634,0.8324972426797596,0.0675632404739033
S_Q1,27,B,SRI12,1780,0.0,1914.9033820295122,-1.9855521052821405,0.707523364545672,4348065878.761581,4348.065878761581,0.7967054470416621,0.07649340022058562
S_Q1,27,B,SRI12,1781,0.0,1270.3288260258835,0.0,0.7,5165754735.967407,5165.754735967407,0.8352367737574271,0.17002881844380402
S_Q1,27,B,SRI12,1782,0.0,1778.2991545086734,-0.8447435942514747,0.7,5077070779.363509,5077.070779363509,0.8395061728395061,0.08780730778809549
S_Q1,27,B,SRI12,1783,-0.003697207633932293,1577.8600384615584,0.0,0.7,5356361710.220913,5356.361710220913,0.8558722026541433,0.11071974952858721
S_Q1,27,B,SRI12,1784,0.0,2055.82259401632,-2.078071588410366,0.8124094124316097,4237505933.7012763,4237.505933701276,0.7953178923399865,0.069093108478315
S_Q1,27,B,SRI12,1785,0.0,1891.763794674891,-0.6713545430480683,0.7,5235015593.159973,5235.015593159973,0.8527057316682677,0.07823673817910129
S_Q1,27,B,SRI12,1786,-0.0035181050613293553,0.0,-0.04628499412391919,0.7000000070241869,1564313115.8669865,1564.3131158669864,0.6429003451097592,0.3692318639484825
S_Q1,27,B,SRI12,1787,-0.00092723714328765,1801.2098198602384,-2.1786115691024306,0.7002716933767147,4199068587.884995,4199.068587884995,0.7826520083964846,0.08556587327000391
S_Q1,27,B,SRI12,1788,0.0,1313.9714464069389,-0.10400459017740671,0.7,5161571299.810993,5161.571299810993,0.8354146653858469,0.16024477888070585
S_Q1,27,B,SRI12,1789,0.0,1370.769553281488,-0.8508515131675853,0.7007785858462496,4835686393.24373,4835.68639324373,0.80969153591632,0.14782794321699222
S_Q1,27,B,SRI12,1790,-0.0007973861270734431,513.8681151120456,-6.71026577755661e-05,0.7000498803542317,4470545487.49009,4470.545487490091,0.7536200946383462,0.31497491728039284
S_Q1,27,B,SRI12,1791,-0.11114244519662808,151.25940878583208,0.0,0.7000297891178605,3743679000.944222,3743.679000944222,0.6805777920091081,0.35325719571636965
S_Q1,27,B,SRI12,1792,-0.007967753442016045,1731.3690494934374,-1.7715539624435508,0.7394192114280431,4323889067.930178,4323.889067930178,0.7874195040381399,0.09140071868217883
S_Q1,27,B,SRI12,1793,-0.03470289546933513,2017.1262602938025,0.0,0.7,5584429479.650734,5584.429479650734,0.875973956665599,0.07144127797345858
