indicator,period,source_policy_index,contract_threshold,contract_action,demand_threshold,demand_action,oos_mean_total_cost,oos_mean_total_cost_million,oos_mean_urban_reliability,oos_mean_agricultural_reliability
SRI3,A,0,-3.3653433611497228,0.0,-0.8022623764615154,0.8463762782389243,87945763.65114047,87.94576365114047,0.7938502864055217,0.5260166506564201
SRI3,A,1,-2.436411025063978,0.0,-0.902143540446972,0.9100594785111911,41317369.23918206,41.317369239182064,0.7836304123527945,0.5260166506564201
SRI3,A,2,-3.3202657565849814,0.0,-0.811133315673919,0.7204764551346131,156518227.83950007,156.51822783950007,0.8109100935709965,0.5260166506564201
SRI3,A,3,-0.03726572735154576,0.0,-0.003777889540228757,0.7021083561438608,572296187.1879869,572.2961871879869,0.9189347849290213,0.5260166506564201
SRI3,A,4,-0.2601169432450072,0.0,-0.46182993636986464,0.701422159853329,320904418.049525,320.904418049525,0.8545558046038353,0.5260166506564201
SRI3,A,5,-1.068511089117911e-06,30.726793930665416,0.0,0.7001835820307573,3064887755.069904,3064.887755069904,0.9250809406909312,0.5241576831394315
SRI3,A,6,-2.737351576305078e-05,252.89566258688666,0.0,0.7000620457114191,4673697780.77386,4673.69778077386,0.9500747144839364,0.5127281460134486
SRI3,A,7,-0.035222988177388115,0.0,-0.9002435725883384,0.7100133885794068,133232841.30443251,133.2328413044325,0.8044704166221938,0.5260166506564201
SRI3,A,8,-0.13956791380448852,0.0,-0.5406673004409805,0.7041709026174701,277998980.88182586,277.99898088182584,0.8430906891521686,0.5260166506564201
SRI3,A,9,-0.277366138053038,0.0,-0.26938706184192296,0.7016626868790042,422269006.0022719,422.2690060022719,0.8837033479204469,0.5260166506564201
SRI3,A,10,-0.00017376382372771663,476.8273803059693,-5.691151896419192e-05,0.7000753080838638,5339406240.354795,5339.406240354795,0.9623047639378092,0.5033176788700323
SRI3,A,11,-3.0406888687537466,0.0,-0.20453736097657504,0.7018278380741575,456298104.6153435,456.2981046153435,0.8925000889458142,0.5260166506564201
SRI3,A,16,-1.3995849256499064,0.0,-0.6038507613865268,0.7019687747028396,250712563.1749563,250.7125631749563,0.8358327107126338,0.5260166506564201
SRI3,A,18,-1.5647900345201721e-06,231.39536536023894,-7.106661684019475e-06,0.7000525444894371,4588225772.293294,4588.225772293294,0.9483758494325258,0.5138399686910734
SRI3,A,19,-3.511695901333507,0.0,-0.26957229436874486,0.7268082315690431,386599867.989412,386.599867989412,0.8745864019639236,0.5260166506564201
SRI3,A,20,-8.947618388475173e-06,274.4119303008569,0.0,0.7001288580778442,4753748055.848945,4753.748055848945,0.95153342583698,0.5118297932899277
SRI3,A,22,-1.3955675953128408,0.0,-0.7112887552832324,0.7187022272209992,196688471.5133061,196.6884715133061,0.8216191696018785,0.5260166506564201
SRI3,A,23,-3.4008287248307343,0.0,-1.0216298772197372,0.7198882885860363,94644610.49345732,94.64461049345732,0.7952200519443555,0.5260166506564201
SRI3,A,24,-2.884105671099869,0.0,-0.03547423923084647,0.9562501646476449,81253393.3952397,81.2533933952397,0.7937435514284699,0.5260166506564201
SRI3,A,25,-1.4223482711178415,0.0,-0.5989933769128368,0.7231874899814298,234983468.73487023,234.98346873487023,0.8315455224677127,0.5260166506564201
SRI3,A,26,-3.5145331697684035,0.0,-0.25564659695522557,0.9946763480052434,7795914.833388896,7.7959148333888955,0.7785427117799836,0.5260166506564201
SRI3,A,29,-2.3849741605425057,0.0,-0.9007303498254191,0.9472084168816203,24354282.243775137,24.35428224377514,0.7810331945778631,0.5260166506564201
SRI3,A,31,-0.0010342344979255315,341.12846798169215,-0.00018846774579088879,0.7000004535388121,4975156080.809685,4975.156080809685,0.9561141352687946,0.5087967410253674
SRI3,A,32,-0.277366138053038,0.0,-0.2713293683256607,0.7080575245822814,412135721.76049083,412.1357217604908,0.8812751271925143,0.5260166506564201
SRI3,A,33,-0.00293333118277339,317.70004479095286,-1.2254206803388113e-07,0.7001206782488392,4901502981.012776,4901.502981012776,0.9546020564272247,0.5098907745401502
SRI3,A,34,0.0,835.3119964573011,-0.003880409367909836,0.700003980123393,6014716625.786829,6014.716625786829,0.967988401465827,0.49279538904899134
SRI3,A,35,-6.788510848829577e-07,558.821389028972,-0.00015839530987632705,0.700530844519879,5521260553.764881,5521.2605537648815,0.9645639876187428,0.500249048279788
SRI3,A,36,-1.1023141279965314e-07,502.9502374156683,-0.0025624631324354897,0.7000403779966102,5398636663.388154,5398.636663388154,0.9631764329170671,0.5022592236809337
SRI3,A,38,-0.00014412908118824038,753.6132172573888,-0.0015092768742997519,0.700146007652808,5884717701.019055,5884.717701019055,0.967294624114989,0.49458319991461197
SRI3,A,41,-2.282622605723789,0.0,-0.7160168117725402,0.7060648793110279,203141188.75363964,203.14118875363963,0.8232735617461843,0.5260166506564201
SRI3,A,42,-1.5647900345201721e-06,296.3699186475496,-4.7468824780489106e-07,0.7000525444894371,4830890619.878379,4830.890619878379,0.9533034475397587,0.510824705589355
SRI3,A,47,-0.17941682037335843,12.601883854590815,0.0,0.7,2593209919.6878085,2593.2099196878085,0.9220034155192658,0.5254029245383712
SRI3,A,48,-0.05125596183643433,0.0,-0.045050869629578855,0.7057316303613952,539839292.5047448,539.8392925047448,0.9112053936741736,0.5260166506564201
SRI3,A,53,-3.5528024316068816,0.0,-0.4885109181075905,0.9570164322277588,44386935.356269166,44.38693535626916,0.7850535453801546,0.5260166506564201
SRI3,A,54,0.0,948.8750381276186,-0.0007207699254777579,0.7000017514644161,6183375792.896206,6183.375792896206,0.9686021275838758,0.4900914362970078
SRI3,A,56,-0.0036925424178968092,714.2946707445265,-0.003969605379580366,0.7000804630303776,5816383731.8742895,5816.38373187429,0.9666275305084141,0.4956505496851318
SRI3,A,57,-0.00012660312343211813,455.22580007528614,0.0,0.7020484378070608,5283408611.983237,5283.408611983237,0.9612907816558154,0.5041004020350802
SRI3,A,59,-3.259628744562446e-05,366.07235066096086,-0.0007677402650052568,0.7000039460436048,5049026766.079703,5049.0267660797035,0.957555057458996,0.5076404454406376
SRI3,A,60,-0.003672458071685131,391.15913873332534,-0.00017177597958587678,0.7000005486025144,5120427963.287513,5120.427963287513,0.9585779343224109,0.5068310385313267
SRI3,A,62,-0.6148473552181202,0.0,-0.43135083045380285,0.7019735865692314,335258785.25906795,335.25878525906796,0.8586917849645994,0.5260166506564201
SRI3,A,63,-0.19744686738084138,0.0,-0.9219781079174485,0.7297066137945933,118535777.31341733,118.53577731341733,0.8006368520297436,0.5260166506564201
SRI3,A,67,-0.11109459715370099,0.0,-0.17465273544368504,0.7023315461327972,473122222.1393537,473.1222221393537,0.8964492830967374,0.5260166506564201
SRI3,A,69,-3.5756374024144923,0.0,-0.09506004182966864,0.7064498752783435,510521761.71074647,510.5217617107465,0.9041253068630589,0.5260166506564201
SRI3,A,70,-2.847216036914417,0.0,-0.785841129342502,0.9890186508501251,6635358.147668933,6.635358147668932,0.7781424556160387,0.5260166506564201
SRI3,A,71,-0.05032513594793864,0.0,-0.0012024440774366096,0.7236266210648062,532348689.7217957,532.3486897217957,0.9104493542533888,0.5260166506564201
SRI3,A,72,-3.822936933317087,0.0,-0.3203796178153001,0.9542742236322511,60617900.352616206,60.6179003526162,0.7889582666239727,0.5260166506564201
SRI3,A,75,0.0,341.1759607091975,0.0,0.7000002402791895,4975574376.283663,4975.574376283663,0.9562475539901095,0.5087433735368414
SRI3,A,76,-2.638977269769626,0.0,-0.5435804705822896,0.7025610975899992,277528317.0044501,277.52831700445006,0.8430906891521684,0.5260166506564201
SRI3,A,79,-3.822936933317087,0.0,-0.3203796178153001,0.7238019122567115,365473712.4731587,365.47371247315874,0.8685647703419077,0.5260166506564201
SRI3,A,81,0.0,193.06895029663525,-1.6678310837570803e-06,0.7004224807757803,4418937066.432392,4418.937066432392,0.9448624897712314,0.5158234603479561
SRI3,A,83,-0.14104253368654818,0.0,-0.20864942637100953,0.7010317183057728,455637330.37864876,455.63733037864876,0.8922065677589214,0.5260166506564201
SRI3,A,85,-2.1690872521533366,0.0,-1.0692204688360005,0.7325730267292611,77806964.20176567,77.80696420176567,0.7913509090262212,0.5260166506564201
SRI3,A,86,-2.1690872521533366,0.0,-0.9173455322536807,0.7325730267292611,118328034.3483156,118.3280343483156,0.8005834845412175,0.5260166506564201
SRI3,A,87,-2.6803938035574726,0.0,-0.8425279947091197,0.7065081508361503,153538577.20420843,153.53857720420842,0.8096292738463728,0.5260166506564201
SRI3,A,88,0.0,1098.0024768925737,-0.001526046791202427,0.700103208845658,6379816335.052063,6379.816335052063,0.9689312270964529,0.4869160707297114
SRI3,A,90,0.0,295.32318387449607,-0.00014339067443447595,0.7001022413703709,4826975706.163488,4826.975706163488,0.9531967125627068,0.510842494752197
SRI3,A,91,-0.0008761492484364829,898.9509006168948,-0.003939436490267678,0.7003954681501233,6109378977.895962,6109.378977895962,0.968184082257089,0.4913188885331057
SRI3,A,92,-0.0029149636498378845,88.60190097607223,-1.1078385954471387e-06,0.7,3772595220.7245445,3772.5952207245446,0.9337620521578257,0.521142420037713
SRI3,A,94,0.0,274.1724941051458,-0.00033512479916672256,0.7001014460262062,4752479447.036525,4752.479447036525,0.9515067420927171,0.5118564770341908
SRI3,A,95,-0.0009516447440171211,149.10565678873928,-5.040568162358393e-08,0.7000067942128558,4191544121.8243504,4191.54412182435,0.9406286690148362,0.5179759490518376
SRI3,A,97,-3.0137617143507467,0.0,-0.7620227181099883,0.7012141834394741,186442470.1901128,186.4424701901128,0.8184615931974238,0.5260166506564201
SRI3,A,98,-3.7566416964382325,0.0,-0.7053573737476946,0.700015122500335,211945437.42788562,211.94543742788562,0.8257907282883268,0.5260166506564201
SRI3,A,99,-3.7075331431291256,0.0,-0.1814974901562854,0.700046472838685,472305668.2884067,472.3056682884067,0.8962980752125806,0.5260166506564201
SRI3,A,100,-4.0,0.0,-0.26766312368790235,0.700218116867491,425267675.98574215,425.26767598574213,0.8845394385740208,0.5260166506564201
SRI3,A,103,0.0,112.0015620106751,0.0,0.7000000278863425,3954815302.239274,3954.815302239274,0.9365994236311237,0.5199149678016153
SRI3,A,104,-3.110992138358193e-06,0.0,-0.3481396726922777,0.7015361193807819,379373965.69463855,379.37396569463857,0.871749030490625,0.5260166506564201
SRI3,A,105,-2.630606531713604,0.0,-0.31798720985361106,0.7027856984335028,394261079.3289622,394.2610793289622,0.8759383783399152,0.5260166506564201
SRI3,A,107,0.0,231.76429482571865,-0.00016377163148477842,0.7000055109693911,4589572201.492492,4589.572201492491,0.9483936385953678,0.5138043903653894
SRI3,A,108,-3.822936933317087,0.0,-0.5536922628939505,0.9542742236322511,42081004.78236398,42.08100478236398,0.7845376596577366,0.5260166506564201
SRI3,A,111,0.0,252.25424399641375,-0.0003335282352003143,0.7000012465663488,4670898121.866444,4670.898121866444,0.9500124524139895,0.5127726189205536
SRI3,A,112,-0.019524664311585758,0.0,-0.0015255479460258362,0.7015252703745837,574757492.2366303,574.7574922366304,0.9193973031629129,0.5260166506564201
SRI3,A,117,0.0,752.5910650183623,0.0,0.7000025908706481,5884479501.738048,5884.4795017380475,0.9674191482548831,0.49456541075177
SRI3,A,119,-0.14292347888758328,0.0,-0.05779690068560667,0.7028072664224613,537525720.2331911,537.5257202331911,0.910511616323336,0.5260166506564201
SRI3,A,120,-0.003212666120510537,446.9380816258509,0.0,0.7001216823754359,5266681857.076207,5266.681857076207,0.9610684171202905,0.5043850286405521
SRI3,A,121,-2.8836096461994198e-05,12.23739793921304,-0.00013700117305090386,0.7000230515052199,2579030545.6474996,2579.0305456474994,0.9220656775892125,0.5252695058170561
SRI3,A,123,-2.4612129243530028,0.0,-0.6497118573214502,0.7075295676994038,228105724.44950593,228.1057244495059,0.830042338207564,0.5260166506564201
SRI3,A,128,-5.9007818539757485e-06,502.8133140650609,-0.00017712189464222448,0.7001625617114717,5399498085.66598,5399.49808566598,0.9632653787312772,0.5022681182623546
SRI3,A,129,0.0,787.402158762289,0.0,0.7000476921734183,5941650431.827197,5941.650431827197,0.9676593019532501,0.4938894225637742
SRI3,A,130,-0.003243494183422073,318.6439586664056,-4.3472845620242035e-06,0.7000507687920654,4904689022.051723,4904.6890220517225,0.9546554239157506,0.5098818799587291
SRI3,A,131,-1.136984368521439e-06,50.304923307384655,-1.365601116234039e-08,0.7000068138172083,3372429592.992146,3372.429592992146,0.9282207279325434,0.5230636496246487
SRI3,A,135,0.0,392.54554490130306,-0.00016333428119962948,0.7000966991033931,5124106164.862691,5124.106164862691,0.9588358771836197,0.5067331981356957
SRI3,A,137,-8.09085997281312e-05,593.1779519470458,-0.0001490763592229086,0.7001025466636954,5592660366.647936,5592.660366647936,0.9652666595510015,0.4991016472764793
SRI3,A,138,-0.001108307346523888,423.71506506158727,0.0,0.7000150254241831,5207836929.437168,5207.836929437168,0.9602856939552427,0.5054168000853879
SRI3,A,139,-0.13805973080695882,0.0,-0.9172455299365913,0.7029057104053484,131439978.33954708,131.43997833954708,0.8040701604582488,0.5260166506564201
SRI3,A,140,-0.6246741814221941,0.0,-0.772254065628978,0.9579491572040579,25723575.635878343,25.723575635878344,0.7814423453232292,0.5260166506564201
SRI3,A,141,-0.0025082631022696894,0.0,-0.8303019604840908,0.8234310761904622,94887892.60782254,94.88789260782254,0.7952734194328813,0.5260166506564201
SRI3,A,142,-0.7464212304641813,0.0,-0.733336101220007,0.7001229736275317,198798637.25972652,198.79863725972652,0.8220994769986125,0.5260166506564201
SRI3,A,143,-0.7148547756127617,0.0,-0.8653064198310577,0.8491623192402822,74550235.08808964,74.55023508808965,0.7902924538371225,0.5260166506564201
SRI3,A,144,-0.00467320782260014,0.0,-0.8697202094592347,0.75012097454043,122399894.73914424,122.39989473914423,0.8010993702636354,0.5260166506564201
SRI3,A,145,-1.240254422631881,0.0,-0.49337437038208937,0.7004747201439356,305379663.7034133,305.3796637034133,0.850704450848543,0.5260166506564201
SRI3,A,148,-8.601020640059266e-05,502.5463435250317,-0.002453410016767721,0.7000363333427486,5397918451.501049,5397.918451501049,0.9631675383356461,0.5023125911694596
SRI3,A,150,-0.9897216019632469,0.0,-0.8528930863073789,0.7866437269753888,108687066.94918579,108.68706694918579,0.7982353150460738,0.5260166506564201
SRI3,A,151,-0.9135030094577421,0.0,-0.031140682570605333,0.7076966449215727,545136586.2256685,545.1365862256686,0.9127352616785854,0.5260166506564201
SRI3,A,153,-9.28133924311108e-05,365.488365107549,0.0,0.7000259623504487,5048010483.977806,5048.010483977806,0.957492795389049,0.5077027075105845
SRI3,A,154,0.0,752.7453007694495,-3.914717775556781e-05,0.7000269624259541,5884672266.54646,5884.67226654646,0.967428042836304,0.49456541075177
SRI3,A,155,-4.786959197607826e-05,555.611391121157,-4.471501159463071e-06,0.7000015651902893,5515787546.537357,5515.787546537357,0.9645195147116377,0.500400256163945
SRI3,A,156,-0.0005130364318010233,30.37936590385244,-0.0002953752230176762,0.7000032331861603,3058151897.5938387,3058.151897593839,0.9249030490625112,0.5242199452093784
SRI3,A,164,-0.002862939903815617,592.2512527889837,-9.087945249983924e-06,0.7000428858772265,5591127262.051422,5591.127262051422,0.9650887679225816,0.4991728039278472
SRI3,A,166,-0.0026768488055539264,674.1378507623776,-0.0008603142048216855,0.700362206769862,5746146952.552301,5746.146952552302,0.9663340093215214,0.49660226989717865
SRI3,A,167,-0.9146239276822057,0.0,-0.8282970497477716,0.7392376447420654,140705013.00712305,140.70501300712306,0.8062315437435514,0.5260166506564201
SRI3,A,168,-0.0017843139293677607,190.63486914922373,0.0,0.7000011050408151,4408219392.057243,4408.219392057244,0.9446579143985484,0.515956879069271
SRI3,A,171,-0.3523157430387558,0.0,-0.3488308547773666,0.7019895390900918,378479027.498018,378.479027498018,0.871499982210837,0.5260166506564201
SRI3,A,173,-0.00018302523016452542,129.48172079603503,-7.920943702445697e-12,0.7001460032699968,4072492606.096711,4072.4926060967114,0.9386896502650586,0.5189365638453055
SRI3,A,175,-2.5164900911418754e-05,473.9704300356029,-7.920943702445697e-12,0.7000248869506034,5332786622.298826,5332.786622298826,0.9622247127050202,0.5034155192656633
SRI3,A,176,-0.010304251485656502,0.0,-0.4506443290089637,0.7035540368084913,323804660.3065531,323.8046603065531,0.8553563169317252,0.5260166506564201
SRI3,A,177,-0.03266560364168414,12.575937498765143,-9.087945249983924e-06,0.7000428858772265,2592163425.9759583,2592.1634259759585,0.9221990963105275,0.5252695058170561
SRI3,A,178,-0.00018866897149533146,446.52135706207656,-5.462690052993333e-06,0.7000004236756097,5265904933.425753,5265.9049334257525,0.9611840466787633,0.5043494503148682
SRI3,A,180,-0.6063940440647108,0.0,-1.1542592464621984,0.9753247274182043,5486324.355806099,5.486324355806099,0.7780801935460917,0.5260166506564201
SRI3,A,181,-2.479007033277072,0.0,-0.19968514596361575,0.7021060612827182,458901667.9588742,458.9016679588742,0.893104920482442,0.5260166506564201
SRI3,A,182,-0.9806802680910197,0.0,-0.6499948257922802,0.7070860191131196,228409679.34753227,228.40967934753226,0.830113494858932,0.5260166506564201
SRI3,A,183,-0.0049046764622889625,0.0,-0.6088781986799536,0.7019525812217917,248335775.75106105,248.33577575106105,0.835379087060163,0.5260166506564201
SRI3,A,184,-0.006674724478002214,0.0,-0.1192361805940579,0.7004796698157522,506718864.112836,506.718864112836,0.9038139965133241,0.5260166506564201
SRI3,A,188,-0.00013168328359958767,341.5638527629437,-3.1820659591515396e-07,0.700024058466941,4976700620.031702,4976.700620031702,0.9562119756644255,0.5087522681182624
SRI3,A,189,-0.8108620136067914,0.0,-0.18086289648244613,0.7015210727292014,470460914.0695756,470.4609140695756,0.8958088732344256,0.5260166506564201
SRI3,A,191,-1.2387939059729276,0.0,-0.5508288235872532,0.7014675870735532,275174076.0665822,275.1740760665822,0.8424947521969616,0.5260166506564201
SRI3,A,192,-0.9897216019632469,0.0,-0.8856006180778575,0.7013711306663843,141542160.65367296,141.54216065367297,0.8065695378375495,0.5260166506564201
SRI3,A,193,-0.733919579415146,0.0,-0.3742973942891289,0.9616342722504921,47069199.62336406,47.069199623364064,0.7857028498238874,0.5260166506564201
SRI3,A,194,-0.0027904673284593617,530.2266909787965,0.0,0.7000075049858214,5461187687.44054,5461.187687440541,0.9637723698722738,0.5013608709574128
SRI3,A,200,-0.006404405567713061,50.192149303925504,-4.070697364082198e-06,0.7000004190258559,3370951484.007013,3370.951484007013,0.9281584658625965,0.5230636496246487
SRI3,A,201,-0.012399310116061824,0.0,-0.8856110304642888,0.911703190117074,41945017.04732849,41.945017047328484,0.7837816202369516,0.5260166506564201
SRI3,A,202,0.0,232.2589836694766,-1.5739361665228222e-06,0.7003290274170646,4591228317.706183,4591.228317706184,0.9484203223396308,0.5137599174582843
SRI3,A,204,-0.3523157430387558,0.0,-0.39817256759477365,0.7019895390900918,351895354.0612144,351.8953540612144,0.8636816451417795,0.5260166506564201
SRI3,A,205,-0.0036407921641717703,0.0,-0.3007922176474219,0.700311519824143,405928992.1247193,405.92899212471934,0.8789091685345289,0.5260166506564201
SRI3,A,206,-0.0025909082591130898,295.5790279589569,-4.009877196771941e-06,0.7000278688720066,4828212281.686916,4828.212281686916,0.9531522396556018,0.51086917849646
SRI3,A,207,-2.9114446521562966e-06,214.08257896169647,-0.0026656438711684075,0.7000080682067922,4513344854.648068,4513.344854648069,0.9467659301953252,0.5146671647632262
SRI3,A,208,-0.003131342845647603,0.0,-0.7591865856013158,0.7035816281458636,186115364.04674512,186.11536404674513,0.81842601487174,0.5260166506564201
SRI3,A,211,0.0,788.3942539776662,-0.003376420879116479,0.7,5941147324.376405,5941.147324376405,0.9676237236275661,0.4938894225637742
SRI3,A,212,0.0,168.09447224569658,0.0,0.7,4295690740.40205,4295.69074040205,0.9426922119045079,0.5170331234212118
SRI3,A,213,0.0,1013.0355091864342,0.0,0.7,6271571542.226276,6271.5715422262765,0.9687978083751377,0.48875724908385815
SRI3,A,214,-2.7496980069041705,0.0,-0.800200508801869,0.8478992021140805,87472815.30662648,87.47281530662649,0.7938058134984167,0.5260166506564201
SRI3,A,216,-0.2811831158818485,0.0,-0.41369757844727784,0.9715692477803805,32961188.39320377,32.96118839320377,0.7830344753975879,0.5260166506564201
SRI3,A,218,0.0,274.6428834388246,-0.0006049753750142326,0.7,4754212863.559602,4754.212863559602,0.9515512149998221,0.5118208987085068
SRI3,A,219,0.0,422.8229449633709,-0.001998824618219428,0.7,5204306009.481014,5204.306009481014,0.9602323264667167,0.505381221759704
SRI3,A,220,0.0,593.1655215293863,0.0,0.7,5593087691.360046,5593.087691360046,0.9652844487138437,0.4990571743693743
SRI3,A,221,-0.025070053812590087,0.0,-0.00707491696652836,0.971709066556643,54306346.031014875,54.306346031014876,0.7877397089692958,0.5260166506564201
SRI3,A,222,0.0,149.6011387264415,-0.00034565976355274523,0.7,4193959755.856298,4193.959755856298,0.940637563596257,0.5179314761447326
SRI3,A,223,-1.0749951804127662e-07,128.71980529493422,-4.946264437881453e-05,0.7,4067842131.3892474,4067.8421313892472,0.9386362827765325,0.5189899313338314
SRI3,A,225,-0.030351480184915625,0.0,-0.9195873025296277,0.700000012271053,132372196.3136133,132.3721963136133,0.8043814708079836,0.5260166506564201
SRI3,A,226,-0.09201271716313819,0.0,-0.3006528433566982,0.7004137789413516,405879102.38238764,405.87910238238766,0.8788913793716868,0.5260166506564201
SRI3,A,227,-3.9653246667121005,0.0,-0.36905759727411097,0.7094130949128133,357967955.18333066,357.9679551833307,0.8659141850784502,0.5260166506564201
SRI3,A,228,-0.0028641751939964925,502.660500773918,0.0,0.7000273195423884,5399639389.238547,5399.639389238548,0.9631052762656991,0.5023481694951436
SRI3,A,230,-2.5862718221188012e-05,633.77808581124,0.0,0.7000264595247023,5672511067.78693,5672.51106778693,0.9660938556231544,0.49779414380759235
SRI3,A,231,-0.00024347338924912264,392.4901459356315,0.0,0.7000581652126844,5124277792.44597,5124.27779244597,0.9588091934393568,0.5067598818799587
SRI3,A,232,-0.2885703557564344,0.0,-0.46299938620123315,0.7017022690966686,320133100.8232686,320.1331008232686,0.8542800725797842,0.5260166506564201
SRI3,A,233,0.0,252.30654621843706,-0.00015310876576399315,0.7000000086887807,4671306166.947437,4671.306166947437,0.9500302415768316,0.5127637243391325
SRI3,A,234,-1.5818682926103502,0.0,-0.7651004590615726,0.7001346554091493,185790655.68985826,185.79065568985826,0.8182214394990571,0.5260166506564201
SRI3,A,235,-0.09201271716313819,0.0,-0.7313888838354936,0.7004137789413516,199475220.56931418,199.4752205693142,0.8222417903013485,0.5260166506564201
SRI3,A,236,0.0,211.46315587023477,0.0,0.7000000001346639,4503567467.557759,4503.567467557759,0.9467570356139041,0.5147472159960151
SRI3,A,238,0.0,529.9685373948436,0.0,0.7000000006266718,5460674570.866658,5460.6745708666585,0.9639235777564308,0.5012808197246239
SRI3,A,239,0.0,446.6188487603087,-0.00019117110924582703,0.7000728015628349,5265757444.180312,5265.757444180312,0.9612107304230263,0.5043138719891842
SRI3,A,242,-1.1313032035555932,0.0,-0.8870357986977079,0.7424041916947821,121557258.96724539,121.55725896724539,0.8010904756822144,0.5260166506564201
SRI3,A,243,0.0,557.4753854504502,-0.002112673940705374,0.7,5518416961.187004,5518.416961187004,0.9645284092930587,0.500311310349735
SRI3,A,244,0.0,89.70800663442878,0.0,0.7000028608458297,3781990015.83702,3781.99001583702,0.9339132600419826,0.521080157967766
SRI3,A,245,-0.025070053812590087,0.0,-0.3029841301989103,0.9546002542015287,61414061.81312888,61.41406181312888,0.7891005799267087,0.5260166506564201
SRI3,A,247,-2.345683082211898,0.0,-0.8298268025399915,0.7000000583650435,161237338.4318521,161.2373384318521,0.8119418650158323,0.5260166506564201
SRI3,A,248,-2.5491768388465093,0.0,-0.8870357986977079,0.7002063666350179,141448032.67739108,141.44803267739107,0.8065517486747075,0.5260166506564201
SRI3,A,249,0.0,838.1230782072682,-0.0003091724745668545,0.7,6021221815.715649,6021.2218157156485,0.968050663535774,0.4927331269790444
SRI3,A,251,-0.0003903188448256406,0.0,-0.20985235233794702,0.7005538073253463,455686257.7398475,455.68625773984746,0.8923133027359732,0.5260166506564201
SRI3,A,252,0.0,366.2732665843085,-2.7515524831121904e-05,0.7000576218806187,5050238816.173789,5050.238816173789,0.9575639520404171,0.5076404454406376
SRI3,A,253,0.0,754.884616805365,-0.0020042877090807893,0.7000000130023206,5887087165.410282,5887.087165410282,0.9674369374177251,0.49450314868182305
SRI3,A,254,0.0,341.7365785507799,-0.00022209158254592643,0.7000000118725617,4977029613.254957,4977.029613254957,0.9562742377343725,0.5087166897925784
SRI3,A,255,-0.0644683783638238,0.0,-0.0035006847929508478,0.7019542421081691,572815824.1154321,572.8158241154322,0.9190059415803893,0.5260166506564201
SRI3,A,258,-0.8452486210699186,0.0,-0.11362641328631473,0.7021368436754568,507143583.1898635,507.1435831898635,0.9039207314903761,0.5260166506564201
SRI3,A,259,-2.067246793002276,0.0,-0.1380013347429485,0.7084938557413661,482920512.4460727,482.9205124460727,0.8983971964279361,0.5260166506564201
SRI3,A,260,0.0,1175.2398033687764,-0.00020680862472658964,0.7000000907741691,6475019414.348138,6475.019414348138,0.9689490162592949,0.48507489237556484
SRI3,A,263,-1.821384253627933,0.0,-0.5273869858258164,0.992551986740145,7260463.5438862955,7.260463543886296,0.7783292418258796,0.5260166506564201
SRI3,A,264,-0.14948240207316754,0.0,-0.3506926451538841,0.7000184241784956,379664165.124994,379.664165124994,0.8717579250720461,0.5260166506564201
SRI3,A,265,-1.0749951804127662e-07,72.67954152333836,-4.946264437881453e-05,0.7000000029428127,3626313458.054746,3626.313458054746,0.931645141779628,0.5219162486213398
SRI3,A,266,-2.474224686824398,0.0,-0.6010837183802118,0.7006635326889536,253060328.46765783,253.06032846765783,0.8364553314121038,0.5260166506564201
SRI3,A,267,-0.0029178886476970405,231.71859157815294,-0.00027326296239699177,0.7001321269441011,4589059680.914108,4589.059680914108,0.9482335361297899,0.5138488632724942
SRI3,A,268,-0.10249306794473635,0.0,-0.2675869065749358,0.7019544128947839,422819881.3082709,422.81988130827085,0.8838367666417618,0.5260166506564201
SRI3,A,270,-0.019276385678207292,0.0,-0.4800469522550812,0.7053276569214231,307546959.83282614,307.54695983282613,0.8508556587327001,0.5260166506564201
SRI3,A,271,-0.06461496634423047,0.0,-0.05681062634150694,0.7021071379620891,539083184.9240603,539.0831849240603,0.910831821254492,0.5260166506564201
SRI3,A,273,-3.041337285328278,0.0,-1.0532127557579236,0.7000011116970142,92025455.8888432,92.0254558888432,0.7947308499662006,0.5260166506564201
SRI3,A,274,-2.772885461264633e-07,672.263007400481,-0.0001499107426653518,0.7000264595247023,5744022118.785478,5744.022118785478,0.9665741630198883,0.49659337531575765
SRI3,A,276,0.0,295.2670024972107,0.0,0.7000010624381893,4827239123.651481,4827.23912365148,0.9532145017255488,0.510851389333618
SRI3,A,277,-1.8211371576407627,0.0,-0.5458491807241858,0.7018532919615054,277060794.34213966,277.0607943421397,0.8429305866865905,0.5260166506564201
SRI3,A,279,-2.772885461264633e-07,474.615875827893,-0.00015306908395046765,0.7000264595247023,5334096616.519677,5334.096616519677,0.9622336072864413,0.5034155192656633
SRI3,A,280,-4.0,0.0,-0.6695381566292559,0.7,226201291.14878693,226.20129114878694,0.8297310278578292,0.5260166506564201
SRI3,A,281,-3.892840774997067,0.0,-1.0378715038607043,0.7096570019925965,93571643.18772571,93.57164318772571,0.7951222115487243,0.5260166506564201
SRI3,A,283,-0.004280573156688838,0.0,-0.5333503568318936,0.706007511989856,278917743.8210029,278.9177438210029,0.8432507916177464,0.5260166506564201
SRI3,A,284,0.0,318.34745017605496,-0.00014119370935484804,0.700000275223295,4903615657.826767,4903.615657826767,0.9547532643113817,0.5098374070516242
SRI3,A,286,-0.0002830638053380277,128.80372559200003,-0.00018495902069192832,0.7000000016535878,4068179609.0285897,4068.1796090285898,0.9385295477994805,0.5189988259152525
SRI3,A,287,-0.005586053504121002,0.0,-0.20951637708536458,0.700140878895888,456455477.0868031,456.45547708680306,0.8925089835272352,0.5260166506564201
SRI3,A,288,-3.9973018753213623,0.0,-0.0014920952312077462,0.9954766816045147,8842700.332148634,8.842700332148635,0.7788540221297185,0.5260166506564201
SRI3,A,289,-3.999734269133492,0.0,-0.8307402273967809,0.7000677226554742,160973923.67837483,160.97392367837483,0.8119151812715693,0.5260166506564201
SRI3,A,290,-3.4911582526693614,0.0,-0.0007769866184175189,0.7024942357594758,573310669.5059906,573.3106695059906,0.9190682036503361,0.5260166506564201
SRI3,A,291,-0.025247232606985248,0.0,-0.3015950917315206,0.7002786879325855,405564135.1038411,405.5641351038411,0.8787846443946349,0.5260166506564201
SRI3,A,294,-0.010600267116608275,0.0,-0.49408302573871377,0.7001593289980038,305572565.6376786,305.5725656376786,0.850802291244174,0.5260166506564201
SRI3,A,296,-1.8258896102641833,0.0,-0.2586828917589301,0.7046034209076095,423612806.8015508,423.6128068015508,0.8842192336428646,0.5260166506564201
SRI3,A,298,-3.838030220931044,0.0,-0.29211702683845,0.7142455134343266,391552792.14324784,391.55279214324787,0.8754669655246023,0.5260166506564201
SRI3,A,304,-6.340181653031502e-06,757.841453705819,-0.0003805832197302068,0.7000779006780324,5892631462.397723,5892.631462397723,0.9674369374177252,0.4944586757747181
SRI3,A,306,-0.006586059880916031,0.0,-0.4055821984381071,0.7001273662656922,350527277.7812081,350.5272777812081,0.8632458106521506,0.5260166506564201
SRI3,A,309,-0.004280573156688838,0.0,-0.5997649339492819,0.706110519142694,249234312.49379578,249.23431249379578,0.8353879816415841,0.5260166506564201
SRI3,A,310,-2.864596403176563,0.0,-0.8899005744613193,0.7143565442675247,133875713.99568926,133.87571399568927,0.8044793112036148,0.5260166506564201
SRI3,A,312,-0.0034283835549678682,954.8405119488978,-8.125168174260861e-07,0.7,6192341410.399992,6192.341410399992,0.9684598142811398,0.4901536983669548
SRI3,A,313,0.0,600.7165743656442,0.0,0.7001291625758944,5607911509.141301,5607.911509141301,0.9654000782723166,0.4987992315081653
SRI3,A,315,-3.4790987934063073,0.0,-0.901680643086892,0.7368580757958949,120721260.53713302,120.72126053713302,0.8010371081936886,0.5260166506564201
SRI3,A,316,-3.6881711317894332,0.0,-0.8874757109365727,0.7006421849991845,141130166.4385263,141.13016643852632,0.8064894866047604,0.5260166506564201
SRI3,A,317,-2.6504803680820925e-05,426.4720767938095,-4.0944972929864975e-05,0.700007841055339,5214999032.820696,5214.999032820696,0.9605436368164516,0.5051944355498631
SRI3,A,319,-0.03107075038054452,0.0,-0.7034730439259329,0.7000651176446389,212696256.3852869,212.6962563852869,0.8259686199167469,0.5260166506564201
SRI3,A,320,-2.9003705212933806,0.0,-0.4622741918035489,0.7019250426564957,320174386.79669696,320.174386796697,0.8542978617426263,0.5260166506564201
SRI3,A,321,-3.8777876541681047,0.0,-0.8616997177917084,0.9504684208156473,24798567.760188647,24.798567760188647,0.7811577187177572,0.5260166506564201
SRI3,A,322,-0.00014694950751350906,149.53354736064722,-2.75681954550746e-05,0.7000021310039624,4194017629.225697,4194.017629225697,0.940682036503362,0.5179403707261535
SRI3,A,324,-0.0010463798346831508,392.68780780569335,-0.0023663207552176158,0.7000667505895632,5123450897.284219,5123.450897284219,0.9586490909737789,0.5067954602056427
SRI3,A,325,-0.0002670617356016771,0.0,-0.06331950193333091,0.7012135333433007,537690458.013906,537.690458013906,0.9106895079517559,0.5260166506564201
SRI3,A,328,-0.5275715543788481,166.27598260628338,-0.00015870022520900738,0.7000068515100532,4284139422.0316777,4284.139422031678,0.93585227879176,0.5217383569929199
SRI3,A,330,-0.0032168321591645637,12.472277705758415,0.0,0.7000614437825428,2588199603.5517497,2588.1996035517495,0.9222079908919485,0.5252606112356352
SRI3,A,331,0.0,252.95849999288913,-0.00017907082314333467,0.7001270140998944,4673547035.837832,4673.5470358378325,0.9500480307396736,0.5127281460134486
SRI3,A,332,-0.00010297420417195306,501.99057549143254,-0.00023801915049943422,0.7000054066603425,5397914431.671765,5397.914431671766,0.9631052762656992,0.5023303803323016
SRI3,A,333,-0.007977067826638498,0.0,-0.11711489434028202,0.701015236845895,506994625.31417555,506.99462531417555,0.903840680257587,0.5260166506564201
SRI3,A,336,-0.0017554320771955875,836.1732626040372,-0.0036589188767325847,0.7001450560992224,6015911841.452461,6015.911841452461,0.9677037748603551,0.4928932294446223
SRI3,A,337,-0.00040175850089874403,29.830424680452445,-0.00014081760131233622,0.7000058015579035,3047659926.965384,3047.659926965384,0.9248318924111433,0.5242733126979044
SRI3,A,340,-0.00011195266324752528,530.2563205840598,-0.00033011113452481675,0.7000000085440816,5460839867.956317,5460.839867956317,0.9637990536165368,0.5013163980503078
SRI3,A,342,-0.00014711807078182648,449.55967425350354,-0.00029604407344697796,0.7000020910823267,5273048821.366746,5273.048821366746,0.9612463087487102,0.5042782936635002
SRI3,A,344,-4.705837858141245e-05,277.7487356868867,-0.00016415145838966777,0.700152187985569,4765441304.972919,4765.441304972919,0.951782474116768,0.5116785854057708
SRI3,A,345,-7.455735528674387e-07,632.2567208635952,-5.9333611528667315e-08,0.7000197728965672,5669602840.253993,5669.602840253993,0.9660760664603124,0.49782082755185536
SRI3,A,346,-0.009821184150050979,115.0048161687169,-0.00018332839743991265,0.7000195456465708,3975706578.6020427,3975.7065786020426,0.9366350019568078,0.5197103924289322
SRI3,A,347,-4.306280693867813e-07,1570.1541673282004,-0.0007244507810436863,0.7000058395617283,6892733269.451881,6892.733269451882,0.9689668054221369,0.4729426833173231
SRI3,A,348,-3.9814480132753456e-05,190.8119121524163,-1.094339325618772e-06,0.7000456776142951,4408984466.70218,4408.98446670218,0.9447201764684955,0.515939089906429
SRI3,A,350,-0.003319804759801509,295.35499043642915,0.0,0.7000633431688321,4827372162.495662,4827.3721624956615,0.9531077667484967,0.510886967659302
SRI3,A,351,0.0,148.6864211278272,-0.00022712062864974032,0.7,4188890164.9130993,4188.890164913099,0.9405486177820471,0.5180115273775215
SRI3,A,352,-5.889731038696419e-05,836.0473650635016,-0.0033457464892358265,0.7000000199710332,6016305301.252681,6016.305301252681,0.968006190628669,0.49278649446757034
SRI3,A,353,-2.8248702064500213,0.0,-0.20038051957030056,0.7029260335413783,457541887.53415084,457.5418875341508,0.8927847155512862,0.5260166506564201
SRI3,A,354,-0.006142641846575683,231.16440111583643,-6.508199670465596e-07,0.7000186639454853,4587292644.499876,4587.292644499876,0.9482068523855268,0.5138933361795993
SRI3,A,357,-5.322961494804414e-11,128.91523747524835,-1.2646125422520674e-06,0.7000384810114247,4069085773.6515536,4069.0857736515536,0.9386629665207955,0.5189810367524105
SRI3,A,358,-3.1270006380845397,0.0,-0.7081357109502657,0.7077229030199093,205445286.2972086,205.4452862972086,0.8238606041199701,0.5260166506564201
SRI3,A,359,-0.0005692832391154798,252.7018825104375,-4.5517288042231446e-07,0.7000191714719356,4673028746.212064,4673.028746212064,0.9500391361582524,0.5127548297577116
SRI3,A,360,0.0,711.9172524202709,-1.649280051627057e-07,0.7000025341069704,5815067169.42209,5815.067169422089,0.9670900487423061,0.49554381470807984
SRI3,A,361,-4.161749417959642e-05,0.0,-0.2878271875173557,0.7034033850720712,409000232.57410365,409.0002325741037,0.8798430995837335,0.5260166506564201
SRI3,A,362,-1.5914693665167774,0.0,-0.1171714152198467,0.701826479107372,505604298.34177256,505.60429834177256,0.9034848970007472,0.5260166506564201
SRI3,A,364,-0.17720889018521047,0.0,-0.264810278754276,0.7029588073848311,423154233.565001,423.154233565001,0.8840769203401286,0.5260166506564201
SRI3,A,365,-0.00012919642706413692,446.2596087963135,-4.5407489584889474e-07,0.7000036658339228,5265244739.0635195,5265.24473906352,0.9611751520973423,0.5043494503148682
SRI3,A,366,-0.0001267427896213963,0.0,-0.2808596360592485,0.9278088706390247,100527596.16910574,100.52759616910573,0.797719429323656,0.5260166506564201
SRI3,A,367,-0.46331375438645517,0.0,-0.4064968257380208,0.7000825889323892,350078959.79913926,350.0789597991393,0.8631301810936777,0.5260166506564201
SRI3,A,368,-0.0034968507561515903,894.7805784925506,-0.0023043098329958043,0.7000037280504454,6105255468.6876,6105.2554686876,0.968059558117195,0.4914878855801047
SRI3,A,370,-0.003652708133496622,341.6273614892101,-4.639125777585471e-06,0.7000182768446778,4976876193.19003,4976.87619319003,0.9561408190130574,0.5087789518625253
SRI3,A,371,-3.7812741934610323,0.0,-0.916751468014871,0.7022223593647662,131801413.40593109,131.80141340593107,0.8041591062724588,0.5260166506564201
SRI3,A,372,0.0,88.56679710937834,-4.2111913859861396e-08,0.700029686207524,3772241393.05031,3772.2413930503103,0.9337798413206676,0.521133525456292
SRI3,A,375,-0.003567955258827249,0.0,-0.8304445468597662,0.700555686779541,160827414.79922912,160.8274147992291,0.8118796029458853,0.5260166506564201
SRI3,A,376,-0.001067516456106643,421.97422327903087,0.0,0.7000718187317863,5203200226.346699,5203.200226346698,0.9601433806525067,0.5054968513181769
SRI3,A,378,-0.2673752420273088,0.0,-0.2788108005070393,0.994519173785525,7779104.462731813,7.779104462731813,0.7785160280357206,0.5260166506564201
SRI3,A,380,-0.006214884244512038,12.091702753236532,-0.00022892181545741078,0.7000006410806083,2573407969.4528937,2573.4079694528937,0.9220567830077917,0.5252695058170561
SRI3,A,384,-0.00897454811562803,0.0,-0.003809823125475967,0.7019533032982681,572564194.3628172,572.5641943628171,0.9190059415803892,0.5260166506564201
SRI3,A,385,-5.8000971969721106e-05,366.4083166667624,-4.5874185885440505e-07,0.7000016439008074,5050744875.265297,5050.744875265297,0.9575728466218381,0.5076404454406376
SRI3,A,388,-1.3459145544612833e-05,632.7250114968112,0.0,0.7001283948749039,5670284543.750065,5670.284543750065,0.9660849610417335,0.49780303838901335
SRI3,A,389,-3.0463023597465093,0.0,-0.6610910037462945,0.7002652819621493,229111466.91372907,229.11146691372906,0.8305938022556659,0.5260166506564201
SRI3,A,390,-0.20058733263320994,0.0,-0.7608992988832917,0.7010073200892264,187190575.45282963,187.19057545282962,0.818657273988686,0.5260166506564201
SRI3,A,393,-7.42655981167201e-06,676.6189966966889,-5.835306949440104e-05,0.7004683519817616,5751260347.828435,5751.2603478284345,0.9666008467641514,0.49643327285017974
SRI3,A,394,-8.812453509727659e-07,1285.117396499768,-0.0009337498133262616,0.700022738921576,6600491892.838469,6600.491892838469,0.9689579108407158,0.4824420962749492
SRI3,A,395,-4.4511682318868135e-05,168.35990794254485,-1.0599154059879696e-06,0.7000036470071231,4297071072.550769,4297.071072550769,0.9427277902301918,0.5170331234212118
SRI3,A,396,-3.7997779409122874,0.0,-0.45253604392337476,0.7022895313131869,324406172.38085246,324.40617238085247,0.8555431031415659,0.5260166506564201
SRI3,A,398,-0.5084478463215261,165.89884154176758,-1.3663930985540598e-05,0.7000405189238955,4282398418.022476,4282.398418022476,0.936047959583022,0.521684989504394
SRI3,A,399,-0.12317878494764628,0.0,-0.575556478293247,0.7059536176517174,259846865.01791847,259.84686501791845,0.8382787206034082,0.5260166506564201
SRI3,A,400,-8.149511846697387e-06,211.4755530334466,-0.00030106834685850187,0.7000828288746207,4503015191.237812,4503.015191237812,0.946712562706799,0.5147472159960151
SRI3,A,402,-0.0035297829141136467,474.47664124412745,-0.00011097233693510783,0.7000285985625283,5333761404.186875,5333.761404186876,0.9619756644252322,0.5035133596612943
SRI3,A,404,-0.02410469811310076,0.0,-0.3328527878598678,0.9738296921266347,34161170.67319057,34.16117067319057,0.7834436261429537,0.5260166506564201
SRI3,A,406,-3.896332091376407,0.0,-0.7960569485002003,0.832544241168895,96987931.90924102,96.98793190924103,0.7959760913651404,0.5260166506564201
SRI3,A,408,-3.816235984501856e-06,71.03768939025497,0.0,0.7000008948312422,3609950098.273014,3609.950098273014,0.9314138826626821,0.5220496673426549
SRI3,A,409,-4.682656788793819e-05,52.037524084361564,0.0,0.7000998984644929,3394695271.169473,3394.695271169473,0.9284875653751735,0.5229924929732808
SRI3,A,412,-0.036897325241874425,0.0,-0.5491448485774202,0.7014612806798335,275901696.8245531,275.9016968245531,0.8426459600811186,0.5260166506564201
SRI3,A,413,-3.4762243061751475e-06,531.259877485303,0.0,0.7001436584955804,5463218741.428381,5463.218741428381,0.9639858398263778,0.5012274522360978
SRI3,A,416,-0.06633254168854519,0.0,-0.3537433942874424,0.7000007354509381,377534795.51437235,377.5347955143724,0.8712420393496282,0.5260166506564201
SRI3,A,417,-8.612574139570963e-05,317.33214373147126,-4.701454079401089e-06,0.700001584487694,4900578945.418928,4900.578945418928,0.9547087914042768,0.5098729853773082
SRI3,A,418,-5.490719237525796e-05,787.9302099540328,-0.0033457464892358265,0.7000000199710332,5940452768.203865,5940.452768203865,0.9676148290461449,0.4938894225637742
SRI3,A,419,-0.016358056645672327,0.0,-0.916751468014871,0.7299315633857688,119549359.43604735,119.54935943604734,0.8009481623794784,0.5260166506564201
SRI3,A,420,-3.4762243061751475e-06,505.0088052159412,-1.3977878855365837e-06,0.7001436584955804,5404759633.360277,5404.759633360277,0.9633187462198031,0.5022147507738285
SRI3,A,422,-1.839630097377658,0.0,-0.6389164488231288,0.7124492520563397,227741077.78815868,227.7410777881587,0.8299711815561961,0.5260166506564201
SRI3,A,423,-0.09194954068258909,0.0,-0.0613535661771365,0.701865110415385,537557350.5974089,537.5573505974089,0.9106450350446508,0.5260166506564201
SRI3,A,425,-0.09194954068258909,0.0,-0.3229553791851836,0.7094261038455346,383023865.6730754,383.02386567307536,0.8731276906108798,0.5260166506564201
SRI3,A,426,-0.9077393028803545,0.0,0.0,0.7028265141399985,573399374.1245205,573.3993741245206,0.9191838332088091,0.5260166506564201
SRI3,A,427,0.0,446.4118215675553,-0.0002836543037698057,0.7001775245939198,5264920232.434662,5264.920232434662,0.9612018358416053,0.5043138719891842
SRI3,A,431,-3.537594571084686,0.0,-0.5868318787067021,0.7084338805523771,252836057.9167397,252.8360579167397,0.8363397018536308,0.5260166506564201
SRI3,A,432,-2.5942456109367513,0.0,-0.4691162470138398,0.7002523925477355,318893539.630592,318.893539630592,0.8539509730672075,0.5260166506564201
SRI3,A,433,-4.372472130111105e-05,788.8596370570801,-1.8567295440844248e-05,0.7000642657471163,5943967185.385212,5943.967185385212,0.9676681965346711,0.49386273881951126
SRI3,A,436,-0.11737471875927374,0.0,-0.8321690193993039,0.8717415279643008,68790540.21397036,68.79054021397036,0.7895542035791797,0.5260166506564201
SRI3,A,438,-1.7360005415336994,0.0,-1.039453062763711,0.7100979848220652,93078635.34129722,93.07863534129723,0.7950065819902514,0.5260166506564201
SRI3,A,439,-2.889925975126726,0.0,-0.2599948015941005,0.7043984023323187,423298602.42919147,423.2986024291915,0.8840858149215498,0.5260166506564201
SRI3,A,440,-0.0038570401054772545,421.91270787848316,-0.00027260229302107587,0.7000220019374849,5202788155.359753,5202.788155359753,0.9599654890240866,0.505505745899598
SRI3,A,441,-3.511272945383177,0.0,-0.4777527103611463,0.7060051884730653,308492208.85541105,308.49220885541104,0.8511047070124881,0.5260166506564201
SRI3,A,442,-2.584855898140143,0.0,-0.7381418396924586,0.7000315548283641,197276136.26735014,197.27613626735013,0.8217347991603516,0.5260166506564201
SRI3,A,443,-0.0037318474225254946,835.2923849188187,0.0,0.7000159096434683,6017183778.037517,6017.183778037516,0.967890561070196,0.49296438609599036
SRI3,A,444,-0.06778781058510774,0.0,-0.753183574522194,0.9275458338118621,46321121.447740555,46.32112144774055,0.7852314370085742,0.5260166506564201
SRI3,A,453,-3.2204232388134573,0.0,-0.544437928252024,0.703109912539122,276240169.0460651,276.2401690460651,0.8427438004767497,0.5260166506564201
SRI3,A,456,-7.673358114877761e-06,192.76280678275344,-0.0007009529625699451,0.7000655722523527,4417463697.286314,4417.463697286314,0.9448002277012846,0.5158234603479561
SRI3,A,457,-0.25037240429091545,0.0,-0.753183574522194,0.7046690551281476,188396379.6717428,188.3963796717428,0.8192087380367878,0.5260166506564201
SRI3,A,458,-0.1691113023556685,0.0,-0.9409406284342379,0.9441863272015277,23453565.210969288,23.453565210969288,0.7809175650193901,0.5260166506564201
SRI3,A,461,-6.347214654246519e-05,505.9888114266889,-0.00035122020957377084,0.7004221385208669,5405972586.907954,5405.972586907954,0.963345429964066,0.5022414345180916
SRI3,A,462,-2.261188474506299,0.0,-0.39599380506406057,0.7027132581520419,352077085.64218295,352.07708564218296,0.8637439072117266,0.5260166506564201
SRI3,A,464,-3.571775207350525e-05,562.8600480619489,-0.0003516037901621693,0.7013167630484066,5527970966.082612,5527.970966082612,0.9646262496886897,0.5001778916284201
SRI3,A,467,-2.704614603590036,0.0,-0.8322505760984314,0.7000283880015631,160630200.8986574,160.63020089865742,0.8118440246202013,0.5260166506564201
SRI3,A,468,-0.0038016809582887695,675.5626363217729,-0.00027479859767816557,0.7005152259817652,5748935323.568305,5748.935323568305,0.9663340093215214,0.49661116447859965
SRI3,A,474,-0.09234481819008977,12.344050276238995,-0.0002775383436629218,0.7000174798762994,2583067114.3827252,2583.0671143827253,0.9219322588678978,0.5253495570498452
SRI3,A,475,-1.9239841677141085,0.0,-0.9746083042059577,0.9829824126751587,6653269.94423396,6.653269944233959,0.7782758743373536,0.5260166506564201
SRI3,A,476,-3.7899261657453826e-05,366.0828892504091,-0.0007002272643499803,0.7000573439072079,5048948360.427853,5048.948360427853,0.957546162877575,0.5076404454406376
SRI3,A,477,-2.46213863348673,0.0,-0.8839598892086091,0.7003916909454798,142546370.87760377,142.54637087760378,0.8068630590244423,0.5260166506564201
SRI3,A,478,-0.0033718593179867936,211.49727271034627,-0.00027489984266455006,0.7001931288674789,4502993985.320564,4502.993985320564,0.946570249404063,0.5147650051588573
SRI3,A,479,-0.0004580606359913188,70.80770515485801,-1.8898741270077676e-05,0.7000047873826419,3607618030.3443136,3607.6180303443134,0.931342726011314,0.5220496673426549
SRI3,A,481,-1.8965559421870017,0.0,-0.18051195781026635,0.7004304100459988,472287655.0662809,472.2876550662809,0.8962802860497386,0.5260166506564201
SRI3,A,483,-3.512997623396699e-05,50.43259664773507,0.0,0.7000135560464709,3374091069.58815,3374.09106958815,0.9282296225139646,0.5230547550432276
SRI3,A,485,-2.1138720979563677,0.0,-0.18051195781026635,0.7077351613807848,460774597.24300027,460.77459724300024,0.8934607037392822,0.5260166506564201
SRI3,A,487,-4.9551114222454954e-05,895.2722747275166,-1.0125453061054997e-05,0.70000050295216,6107388064.27371,6107.38806427371,0.9683797630483509,0.4913010993702636
SRI3,A,490,-0.0036939222723562553,632.8227371419755,-4.721174858172972e-05,0.7000223807521434,5670608644.014861,5670.608644014861,0.9659248585761555,0.4979453516917494
SRI6,A,0,-3.991444443035942,0.0,-0.2579071927376615,0.7004361249666745,453780985.07956606,453.78098507956605,0.8978368377984132,0.5260166506564201
SRI6,A,1,-4.0,0.0,-0.23160205435734488,0.700048371733483,472272139.5123721,472.27213951237206,0.9023552851602803,0.5260166506564201
SRI6,A,5,-0.006649933001618535,0.0,-0.01648070801808188,0.934326773816134,133959497.94082086,133.95949794082085,0.80817945707475,0.5260166506564201
SRI6,A,8,-0.21717948854784108,0.0,-0.38708323592427374,0.7000149008997403,378477721.69332975,378.4777216933297,0.8795851567225247,0.5260166506564201
SRI6,A,9,-3.999407013837137,0.0,-0.7442681356565317,0.7000011785721559,202555248.90505767,202.55524890505768,0.8302469135802468,0.5260166506564201
SRI6,A,10,-0.0025414390365343306,81.04544755801714,-0.0002528470595070556,0.7000000219419524,3749706394.0003567,3749.706394000357,0.9371153093535418,0.5214804141317111
SRI6,A,11,-0.2001068126594545,0.0,-0.5855059354363853,0.701239278324152,275275735.6853936,275.27573568539356,0.8521542676201658,0.5260166506564201
SRI6,A,14,-1.7814119307965283e-08,27.108038856822674,-2.761634553617373e-05,0.7000001100959276,3036576508.96327,3036.57650896327,0.9330149073184615,0.5244156260006404
SRI6,A,15,-3.8979906156074877,0.0,-0.024907568501300357,0.7146318789060878,576007740.4999678,576.0077404999678,0.9229017682427866,0.5260166506564201
SRI6,A,17,-2.5480177177039085,0.0,-1.789991066725312,0.703130790679257,3183561.515895911,3.183561515895911,0.7773152595438858,0.5260166506564201
SRI6,A,18,-0.0014427035599215987,0.0,-0.03819391809479041,0.7237933634832213,549687458.4590945,549.6874584590945,0.9183922154623403,0.5260166506564201
SRI6,A,20,-3.998317722196868,0.0,-0.522299043716735,0.700002572835449,307304978.98209584,307.30497898209586,0.8609332194826911,0.5260166506564201
SRI6,A,23,-3.6530640653794193,0.0,-0.16533754616006457,0.700250060892617,515253557.3383519,515.2535573383519,0.9109652399758068,0.5260166506564201
SRI6,A,26,-2.202180371201173,0.0,-0.43361796512400075,0.7004276644868418,352891776.3931961,352.8917763931961,0.872522859074252,0.5260166506564201
SRI6,A,28,-0.00011509814127142056,558.5907829917912,-0.00055091756431142,0.7000669489435853,5562208824.31048,5562.20882431048,0.9527341943288149,0.49806987583164336
SRI6,A,29,-0.07459974576852596,0.0,-0.03726942054480427,0.8983909648419462,202450337.19407412,202.45033719407414,0.8258174120325897,0.5260166506564201
SRI6,A,31,-3.9160427070718704,0.0,-0.49119105602666036,0.7000040978435259,323939447.68834996,323.93944768834996,0.8657273988686093,0.5260166506564201
SRI6,A,32,-1.70741925469601e-05,379.1670645877806,0.0,0.7000683965946441,5128742977.340472,5128.742977340472,0.9493453588074146,0.5060749991105419
SRI6,A,34,-0.0004319742485078354,158.81597331678796,-0.001901994130699404,0.700001571396977,4288036798.293505,4288.036798293505,0.9410467143416231,0.5174066958408937
SRI6,A,36,-1.3674199562668397e-05,57.85570221351437,-0.00016632522318365053,0.7000214435867105,3510130118.158748,3510.1301181587482,0.9355587576048672,0.5225744476464937
SRI6,A,37,-3.999764687574204,0.0,-0.6229176005573218,0.7000376392469496,259554142.6842883,259.5541426842883,0.8475468744440886,0.5260166506564201
SRI6,A,42,-3.942869599933432,0.0,-0.6952907812960816,0.7000500325321795,225235847.6848688,225.23584768486882,0.8371135304372577,0.5260166506564201
SRI6,A,43,-3.999374407953963,0.0,-1.2456067521944836,0.724217966268401,60204878.51209823,60.20487851209823,0.7895453089977587,0.5260166506564201
SRI6,A,47,-0.00019952768710367074,210.00878289623012,-0.0002528470595070556,0.70000125174079,4540058453.362907,4540.058453362907,0.9434749350695555,0.5145337460419113
SRI6,A,48,0.0,928.4060587271035,-1.6481355015053085e-05,0.700011667153031,6194314497.59326,6194.31449759326,0.9551802042195895,0.4848881061657238
SRI6,A,49,-0.0030932258342829116,0.0,-0.03819391809479041,0.7002655684032968,596499408.9508342,596.4994089508342,0.9264862845554488,0.5260166506564201
SRI6,A,50,-3.99607746345108,0.0,-1.2015395742384596,0.700097177304262,72249274.22293976,72.24927422293976,0.7930141957519479,0.5260166506564201
SRI6,A,51,-3.925743438874146,0.0,-1.5833883147161902,0.7004253350626508,25010635.344422035,25.010635344422035,0.7837994093997936,0.5260166506564201
SRI6,A,52,-1.8185545023793068e-05,131.42177098644714,-0.00020685928690314338,0.700076854954876,4128383890.9733,4128.3838909733,0.9400149428967873,0.5188920909382004
SRI6,A,54,-0.00019952768710367074,185.68815935931354,-0.0001045940017595573,0.7000000249026438,4427512008.216392,4427.512008216391,0.9423809015547729,0.5159301953250081
SRI6,A,55,0.0,235.99899491993787,-0.0005376841283104279,0.7000135531033026,4649706277.370457,4649.7062773704565,0.9444444444444443,0.5131906642473405
SRI6,A,56,-3.617194348857085,0.0,-0.3886928902158837,0.7180505198468572,354807463.61127335,354.80746361127336,0.8732611093321949,0.5260166506564201
SRI6,A,57,0.0,7.328585109828964,0.0,0.7000109244388961,2394988887.8268867,2394.9888878268866,0.9313427260113137,0.5255185540968442
SRI6,A,59,-0.06173913827745583,0.0,-0.038074962533058365,0.7006688900619332,595771634.0960134,595.7716340960134,0.926397338741239,0.5260166506564201
SRI6,A,60,-0.0786419072402833,0.0,-0.3618950752891293,0.7000022604983467,392324939.3337204,392.3249393337204,0.883169673035187,0.5260166506564201
SRI6,A,68,-3.141246329593066,0.0,-0.002168389173991506,0.9266383508203072,151920290.41039985,151.92029041039984,0.8128935852278792,0.5260166506564201
SRI6,A,69,-0.47739785918984756,0.0,-0.30223800346515106,0.7009689980544811,425490150.7061337,425.4901507061337,0.8913793716867685,0.5260166506564201
SRI6,A,70,-3.7349257777976286,0.0,-0.6192004704182478,0.7027279692165928,258704366.25371715,258.7043662537172,0.8473689828156686,0.5260166506564201
SRI6,A,71,-3.8602837065912254,0.0,-0.0641507991992924,0.9129465056103699,168798406.90564695,168.79840690564694,0.8171007222400114,0.5260166506564201
SRI6,A,73,-3.0567916989560064,0.0,-1.2640974275793504,0.7056238463430605,61545215.114327684,61.54521511432768,0.7902390863485964,0.5260166506564201
SRI6,A,75,0.0,651.4136492644659,-7.026925038910309e-06,0.7000050434478795,5745859576.37817,5745.8595763781705,0.9537214928665457,0.49433415163482414
SRI6,A,76,-3.9390492661470606,0.0,-0.0368607173101155,0.9326532207896662,134297481.6283506,134.2974816283506,0.8082506137261182,0.5260166506564201
SRI6,A,77,-9.874657678915257e-06,261.8822430881584,-0.00041818410965019414,0.7000122929746602,4750249251.602772,4750.249251602771,0.9454762158892801,0.5119365282669798
SRI6,A,79,-1.5898661237173215,0.0,-0.1580291445171898,0.7030317776096202,514637309.5110375,514.6373095110375,0.9108496104173338,0.5260166506564201
SRI6,A,82,-0.004284799957824548,0.0,-0.01566710346400233,0.7000499718151253,611622558.4780992,611.6225584780992,0.9287277190735407,0.5260166506564201
SRI6,A,83,-3.5671476336297556,0.0,-0.5886371943685562,0.7000033510977491,275189810.271016,275.18981027101603,0.852127583875903,0.5260166506564201
SRI6,A,85,-1.8010498406186808,0.0,-0.03009179269555462,0.8762211827590421,248566235.13765538,248.56623513765538,0.8386789767673533,0.5260166506564201
SRI6,A,86,-1.0138853766770995e-08,710.7981653883256,-8.090707498251647e-06,0.7000033334690767,5852895025.571731,5852.895025571731,0.9541662219375956,0.4921460846052585
SRI6,A,87,-0.0003899879302049596,107.3399100022242,-0.0001333517084979355,0.7000572695652911,3964545008.4015503,3964.54500840155,0.9386629665207955,0.5200839648486143
SRI6,A,88,0.0,206.3771136792002,-3.8777598367276665e-07,0.7000191394968005,4523874314.6562805,4523.87431465628,0.9432970434411357,0.5147650051588571
SRI6,A,89,-0.04551265509232949,0.0,-0.25961114519668305,0.700020220001053,452777296.9888025,452.7772969888025,0.8974543707973103,0.5260166506564201
SRI6,A,90,-9.342342154400562e-12,1120.5547620724528,-3.3418951216438133e-06,0.7000014179148283,6448041164.961676,6448.041164961675,0.9556071441277972,0.4789554203579179
SRI6,A,91,-0.14004935659262352,0.0,-1.1934234527509036,0.700653742959669,73426385.79918942,73.42638579918942,0.7932721386131569,0.5260166506564201
SRI6,A,92,-1.8550264290706007e-07,316.5833363592225,-9.306681594796305e-05,0.7000656746208977,4940104516.384505,4940.104516384506,0.9475753371046359,0.5091347351193652
SRI6,A,93,-3.779555722489504e-06,379.7597018022944,-9.306681594796305e-05,0.7000922804181391,5130356594.770808,5130.356594770808,0.9493809371330987,0.5060661045291209
SRI6,A,95,-1.6759517049689956e-06,130.94628759867618,-9.54810692821263e-05,0.7000000778419261,4125556102.5591984,4125.556102559199,0.9400060483153664,0.5189098801010424
SRI6,A,97,-3.811540567368565e-06,237.67112582732454,-0.00011657417762193303,0.7000661609084792,4656493148.305738,4656.493148305738,0.9445333902586545,0.5131372967588145
SRI6,A,98,-0.0010839548459183335,424.8163972015311,-0.00031407655201380787,0.7000136146661158,5251897149.309996,5251.897149309995,0.9504038139965132,0.5040381399651332
SRI6,A,100,-0.8718596852631175,0.0,-0.019331541219253207,0.9949935474434894,10299402.305207295,10.299402305207295,0.7793432241078735,0.5260166506564201
SRI6,A,101,-3.945363542341449,0.0,-0.5555944880673637,0.7004634575101952,290370717.19951123,290.3707171995112,0.8565215070978761,0.5260166506564201
SRI6,A,102,-3.712585817526016,0.0,-0.023520676051988147,0.7261135384453694,553615572.6142503,553.6155726142503,0.9187835770448644,0.5260166506564201
SRI6,A,104,-0.4415563615173863,0.0,-0.37242745426067303,0.7049679884265406,380042305.83699983,380.04230583699984,0.8799231508165225,0.5260166506564201
SRI6,A,105,0.0,469.8628304351864,-9.02260239891086e-06,0.7000546985099891,5363843475.012944,5363.8434750129445,0.9513466396271392,0.5020991212153556
SRI6,A,110,0.0,1018.0392751839981,-4.5339452674745094e-06,0.7000050434478795,6317263811.600417,6317.263811600417,0.9555004091507452,0.4821574696694774
SRI6,A,112,-1.5924517732633665,0.0,-0.22629300608927033,0.7013463130304104,473627500.3940635,473.6275003940635,0.9027555413242253,0.5260166506564201
SRI6,A,113,0.0,315.53034838687523,0.0,0.7,4936817696.237265,4936.8176962372645,0.9475397587789518,0.5091792080264702
SRI6,A,118,-0.12848499889663034,0.0,-0.7415410537481922,0.700015993496503,203948609.65250996,203.94860965250996,0.8306916426512968,0.5260166506564201
SRI6,A,119,0.0,841.5377214016553,0.0,0.7000010288644154,6066272335.336572,6066.272335336572,0.9548422101255915,0.48790336926744227
SRI6,A,122,-0.0027748975430891276,7.6178223405440235,-9.278651273283024e-05,0.7000470396272638,2411187814.0295453,2411.1878140295453,0.9313605151741557,0.5255185540968442
SRI6,A,123,-0.14571914803211572,0.0,-0.9626558992758355,0.7000723034820099,127834347.94915253,127.83434794915253,0.8081527733304872,0.5260166506564201
SRI6,A,124,-1.6963845770591197e-05,1015.0180827838406,-5.671764027803058e-07,0.7000711358749042,6313117297.549305,6313.117297549305,0.9554915145693244,0.48224641548368735
SRI6,A,125,-1.2220295507771461,0.0,-0.35361561416726894,0.7025721223948916,394424334.29204893,394.4243342920489,0.8838812395488669,0.5260166506564201
SRI6,A,127,-2.114041666126272,0.0,-1.281337935418164,0.754760114608511,48578154.37773193,48.57815437773193,0.7861653680577794,0.5260166506564201
SRI6,A,129,-4.66164390967714e-06,345.568476352582,-4.549984912565391e-06,0.7000037204232786,5030859504.584156,5030.859504584156,0.9484292169210518,0.5077293912548476
SRI6,A,130,-3.999736457487516,0.0,-0.027826213284355195,0.7259343402165618,551419382.3719022,551.4193823719022,0.9184544775322875,0.5260166506564201
SRI6,A,131,-0.016115532281429923,0.0,-0.01497446259978593,0.7000122564490965,612392065.4654053,612.3920654654054,0.9288077703063294,0.5260166506564201
SRI6,A,136,-0.015091975493053633,0.0,-1.1987394900285868,0.7045125104654681,71604979.3400097,71.6049793400097,0.7926050450065821,0.5260166506564201
SRI6,A,137,-0.7719795559477729,0.0,-1.8093412675735894,0.7043783834094146,2853464.232534041,2.853464232534041,0.7773063649624649,0.5260166506564201
SRI6,A,139,-1.253838138169634,0.0,-0.3002728940011243,0.7025455870082861,424348144.9500568,424.3481449500568,0.8911570071512435,0.5260166506564201
SRI6,A,143,-1.253838138169634,0.0,-1.0065042471993957,0.7025455870082861,114805196.35385235,114.80519635385235,0.8042480520866689,0.5260166506564201
SRI6,A,144,-3.7277649952714595,0.0,-1.1521748446748066,0.9110496397206279,24421259.87638788,24.42125987638788,0.7804461522040774,0.5260166506564201
SRI6,A,147,-4.713868655221823e-08,608.5657898971897,-5.594536904228082e-07,0.7000895406733632,5663707087.517547,5663.707087517547,0.9532945529583379,0.4959351762906038
SRI6,A,150,-1.164899434139308,0.0,-1.0606257607112894,0.7023336331564162,102053675.87536328,102.05367587536328,0.8004856441455864,0.5260166506564201
SRI6,A,151,-7.695839103732732e-06,378.5847223666808,0.0,0.7000708628857801,5127099390.040288,5127.099390040288,0.9493008859003096,0.5060838936919629
SRI6,A,153,-1.3256478107337397,0.0,-0.38492874152982715,0.700009111901728,379612043.17755264,379.61204317755266,0.8797897320952075,0.5260166506564201
SRI6,A,154,-0.004826921913750226,0.0,-0.5822756830014004,0.7025628187191802,275684740.4086541,275.6847404086541,0.8522698971786388,0.5260166506564201
SRI6,A,155,-3.8192863892399678,0.0,-0.4856828994532143,0.7232259690205796,301498771.22392833,301.4987712239283,0.8590742519657025,0.5260166506564201
SRI6,A,157,-0.0066552389069955975,0.0,-0.029432268777450005,0.7023325717180855,598100524.3040212,598.1005243040213,0.9266285978581849,0.5260166506564201
SRI6,A,158,-0.007572979508486899,0.0,-0.23085417992762383,0.7001257333671966,472706290.64475125,472.7062906447513,0.9026132280214892,0.5260166506564201
SRI6,A,159,-3.9864455957963463,0.0,-0.19889862719203608,0.7000783208897723,493787185.3113063,493.7871853113063,0.9065624221724126,0.5260166506564201
SRI6,A,160,-3.195954961505461e-06,928.3839970119534,-0.0004874587154509471,0.7000128995347509,6194131714.49795,6194.131714497949,0.9551535204753264,0.4848881061657238
SRI6,A,161,-0.002240126717079294,560.2851042967493,-2.1151504236726707e-08,0.7000723283666993,5565875106.0423765,5565.8751060423765,0.9527697726544988,0.4980254029245384
SRI6,A,162,-2.254735712038675,0.0,-0.052128058084590125,0.707557874631824,573479704.554352,573.479704554352,0.9225015120788416,0.5260166506564201
SRI6,A,165,-0.00017143727209815171,710.1751598087548,-0.00036694067049187833,0.700004700506137,5851746075.584716,5851.746075584716,0.9541484327747535,0.49216387376810045
SRI6,A,166,0.0,179.78062742016385,0.0,0.7,4398493501.639118,4398.493501639118,0.942185220763511,0.516232611093322
SRI6,A,167,-1.502361906178615e-06,238.51499784565607,0.0,0.7002552071827823,4659480510.737399,4659.4805107373995,0.9445422848400754,0.5131195075959725
SRI6,A,169,-3.1263410098192384e-06,471.3828250349697,-9.56179460083553e-05,0.7000847543044192,5367417187.541001,5367.417187541001,0.9513733233714021,0.5020012808197247
SRI6,A,170,-2.704683594252817,0.0,-0.49247133098247287,0.7,323419058.4801996,323.41905848019957,0.8655939801472944,0.5260166506564201
SRI6,A,171,-2.3406949920645315,0.0,-0.03321350171877762,0.7356045327516121,528859106.3489093,528.8591063489093,0.913855978937631,0.5260166506564201
SRI6,A,174,-3.0872514120297674,0.0,-0.38769657683247155,0.7,378171522.3781161,378.1715223781161,0.8794250542569466,0.5260166506564201
SRI6,A,177,0.0,0.0,-0.01669881781160505,0.7,611338931.7341341,611.3389317341341,0.9286120895150675,0.5260166506564201
SRI6,A,178,0.0,779.3506430915897,0.0,0.7000826778546476,5968037148.051415,5968.037148051416,0.9545664781015405,0.4900647525527449
SRI6,A,180,-3.129324698918743,0.0,-0.3023496294540988,0.7,426854088.6335912,426.8540886335912,0.8916817874550823,0.5260166506564201
SRI6,A,181,-0.07934288982942139,0.0,-0.05627316527349803,0.7061276851202247,574027980.0293478,574.0279800293478,0.9226882982886826,0.5260166506564201
SRI6,A,182,0.0,653.2972229142889,-0.00032420916540860933,0.7,5749321539.549816,5749.321539549816,0.9537303874479668,0.4942718895648771
SRI6,A,183,0.0,27.510550848932237,0.0,0.7,3044995521.290619,3044.995521290619,0.9330238018998825,0.5243800476749564
SRI6,A,185,0.0,711.0220234701759,0.0,0.7,5853292347.924052,5853.292347924053,0.9541751165190165,0.4921460846052585
SRI6,A,186,-2.442939963939233,0.0,-1.2374887693435253,0.7326681773798375,59505052.10232844,59.50505210232844,0.7890383178567617,0.5260166506564201
SRI6,A,188,-3.0993136853517833,0.0,-0.3619698982815847,0.7,392228074.7434792,392.22807474347917,0.883134094709503,0.5260166506564201
SRI6,A,189,0.0,841.629111599131,-0.000520925061931729,0.7,6066265890.345754,6066.265890345754,0.9548155263813285,0.48790336926744227
SRI6,A,190,-0.13323996164085686,0.0,-0.04801867898025443,0.9952000227983766,9582643.654411724,9.582643654411724,0.7791920162237167,0.5260166506564201
SRI6,A,192,0.0,381.0225334642537,0.0,0.7,5134101983.111525,5134.1019831115245,0.9494076208773615,0.506039420784858
SRI6,A,193,-1.9610584103411663,0.0,-0.9624337509652676,0.7,127923877.6208779,127.9238776208779,0.8081616679119081,0.5260166506564201
SRI6,A,194,0.0,316.80026617999124,0.0,0.7,4940945473.641419,4940.945473641419,0.9475931262674779,0.5091258405379443
SRI6,A,196,0.0,56.56418167299404,0.0,0.7,3494817938.992295,3494.817938992295,0.9354609172092361,0.5226544988792828
SRI6,A,197,-2.692826142375832,0.0,-0.2603984007022714,0.7003285453554281,451655679.88636386,451.6556798863639,0.8972409008432064,0.5260166506564201
SRI6,A,199,0.0,422.8635914765166,0.0,0.7,5246943787.58661,5246.94378758661,0.9503682356708292,0.5040826128722382
SRI6,A,200,-0.0023994457368349265,7.779177011348963,0.0,0.7,2420161850.4575186,2420.1618504575185,0.9313960934998399,0.5255185540968442
SRI6,A,203,-2.4892985694892236e-06,606.5052659891376,-8.592047924414547e-06,0.7000001113776909,5659840125.417836,5659.840125417836,0.9532767637954959,0.4960063329419718
SRI6,A,204,0.0,467.9285792417318,-0.0006009520311654494,0.7000042436817437,5359095361.830001,5359.095361830001,0.9512665883943501,0.5021613832853027
SRI6,A,205,-3.0872514120297674,0.0,-1.1964388053790391,0.7,73265640.26427376,73.26564026427376,0.7932365602874728,0.5260166506564201
SRI6,A,207,0.0,236.11404027573144,-0.0003298518107476303,0.7000186816188397,4650248475.063124,4650.248475063124,0.9444622336072863,0.5131906642473405
SRI6,A,208,-7.734756436648699e-05,207.21361414715636,0.0,0.7,4527662722.25956,4527.66272225956,0.9433326217668195,0.5146760593446472
SRI6,A,209,0.0,521.5863820160944,-0.00032420916540860933,0.7000007123634912,5482767495.762478,5482.767495762478,0.952209414024976,0.4996531113245811
SRI6,A,211,-0.003469883361881587,0.0,-1.5678536485805767,0.7068800275211549,26368315.39657113,26.36831539657113,0.7838705660511617,0.5260166506564201
SRI6,A,212,-0.0002101165584142816,153.062891359709,-0.0006162959194964489,0.7000013777160006,4257149593.882969,4257.1495938829685,0.9409666631088341,0.5177091116092076
SRI6,A,213,-0.1772262677745411,0.0,-0.05984701405867551,0.8722586784817533,248678061.58600476,248.67806158600476,0.8388123954886681,0.5260166506564201
SRI6,A,214,-1.460848251792469,0.0,-0.4243993970089831,0.7056864007216577,351798692.2244683,351.7986922244683,0.8719536058633081,0.5260166506564201
SRI6,A,215,0.0,288.031924789071,0.0,0.7,4844576566.184667,4844.576566184666,0.9464457252641691,0.5105845518909881
SRI6,A,216,-0.09680018759480685,0.0,-0.0105482862227189,0.9345051327777218,134349280.11517942,134.34928011517943,0.80835734870317,0.5260166506564201
SRI6,A,218,-0.018958360913804345,0.0,-0.03900350900985361,0.7000959800818702,596219624.1645458,596.2196241645457,0.9264684953926069,0.5260166506564201
SRI6,A,220,-1.9085032159948128,0.0,-1.0100153177976672,0.7,115192965.16473357,115.19296516473358,0.8044704166221938,0.5260166506564201
SRI6,A,221,-3.3928833308253132,0.0,-0.04023077162291733,0.8882948845488483,221766007.12043768,221.76600712043768,0.831065215070979,0.5260166506564201
SRI6,A,225,-2.704683594252817,0.0,-0.5900727123182792,0.7,274750273.9397906,274.7502739397906,0.8520920055502189,0.5260166506564201
SRI6,A,226,-3.661606693273043,0.0,-0.23163397733581598,0.7000201322964016,472316589.6913717,472.3165896913717,0.9023641797417014,0.5260166506564201
SRI6,A,229,-3.9512144622541667,0.0,-0.5588678626970401,0.7004379161814869,288651409.567075,288.651409567075,0.856130145515352,0.5260166506564201
SRI6,A,230,-0.07163450747701727,0.0,-0.01626200681508594,0.9178876168601884,167480045.18646568,167.48004518646567,0.8167983064716973,0.5260166506564201
SRI6,A,231,-3.9512144622541667,0.0,-0.5589918736047189,0.7113789423578465,278031250.04676276,278.03125004676275,0.8526523641797417,0.5260166506564201
SRI6,A,232,0.0,261.9384237462474,0.0,0.7000000529353374,4750627784.388943,4750.627784388943,0.9455028996335431,0.5119365282669798
SRI6,A,233,-3.9904096360795744,0.0,-1.2707603520790784,0.7024155927591178,60868751.077870324,60.86875107787032,0.7902390863485963,0.5260166506564201
SRI6,A,234,-0.9328828357671651,0.0,-0.30295005017634125,0.7011029826494074,424871701.05249923,424.87170105249925,0.8912370583840326,0.5260166506564201
SRI6,A,236,0.0,153.50411897242503,0.0,0.700067808226137,4259694787.588392,4259.694787588392,0.9409933468530971,0.5176913224463657
SRI6,A,237,-3.5153889755663004,0.0,-0.03852959449934235,0.7006552809017306,595369808.5211083,595.3698085211083,0.9263795495783969,0.5260166506564201
SRI6,A,240,0.0,177.76937984589182,0.0,0.7000000002854575,4388446512.728041,4388.446512728041,0.9421318532749849,0.5163749243960579
SRI6,A,241,-4.0,0.0,-1.5407662139991531,0.7478986609974226,24675307.50580619,24.675307505806188,0.782981107909062,0.5260166506564201
SRI6,A,242,0.0,80.15652270423891,-1.2952668481241523e-05,0.7000033651951811,3741578506.003611,3741.578506003611,0.9370441527021739,0.521498203294553
SRI6,A,243,-0.9751616222196771,0.0,-0.2606572753464152,0.7005158102627914,451270821.7800555,451.27082178005554,0.8971608496104173,0.5260166506564201
SRI6,A,245,0.0,469.2296099544572,0.0,0.7000087191197658,5362422818.976383,5362.4228189763835,0.951337745045718,0.5021346995410396
SRI6,A,246,-1.4378352308268276,0.0,-0.007309220070179867,0.724281178631849,567190924.2522768,567.1909242522768,0.9213185327498487,0.5260166506564201
SRI6,A,247,-3.993882245306799,0.0,-1.136745178405369,0.7001385511048521,85558298.7684117,85.5582987684117,0.7964297150176114,0.5260166506564201
SRI6,A,248,-3.086313783381231,0.0,-1.3520732317142883,0.7003566922041262,51162452.05499483,51.16245205499483,0.788202227203188,0.5260166506564201
SRI6,A,249,-1.078406739081328,0.0,-0.386559650681379,0.7254796936888029,346597427.60624987,346.5974276062499,0.8709396235813145,0.5260166506564201
SRI6,A,251,-3.4979050414912276,0.0,-0.3833941613808843,0.7012282708034324,378857424.2717983,378.8574242717983,0.8796296296296298,0.5260166506564201
SRI6,A,252,-0.11470312282147277,0.0,-0.3568716654688855,0.7001825866989051,395286445.549226,395.28644554922596,0.8840057636887607,0.5260166506564201
SRI6,A,253,-2.119671308384514,0.0,-0.8622671606176733,0.7003452654933114,156973790.0764545,156.9737900764545,0.8164336286334364,0.5260166506564201
SRI6,A,254,0.0,1011.9058656658764,0.0,0.7000000452742212,6309123122.074366,6309.123122074366,0.9554826199879033,0.48236204504216035
SRI6,A,255,-0.8435473444753687,0.0,-0.8097782343688745,0.7000158510873766,175105114.14811194,175.10511414811194,0.8218860070445084,0.5260166506564201
SRI6,A,259,0.0,711.4205413715625,0.0,0.7000004698848247,5853978828.081836,5853.978828081836,0.9541840111004375,0.4921460846052585
SRI6,A,261,0.0,345.8478119391894,0.0,0.7000002275262408,5031711503.910069,5031.711503910069,0.9484381115024726,0.5077116020920056
SRI6,A,262,0.0,558.6015329121882,0.0,0.7000883418993037,5562335697.352065,5562.335697352065,0.9527608780730779,0.49806987583164336
SRI6,A,263,-0.05076883533910087,0.0,-0.020297447725914547,0.9332199811917974,135577011.09482324,135.57701109482323,0.808526345750169,0.5260166506564201
SRI6,A,266,-0.2165654143822766,0.0,-0.2064735513349809,0.7063029438401109,478718251.5402648,478.71825154026476,0.903582737396378,0.5260166506564201
SRI6,A,267,-0.0018759385861846932,781.157822009915,-1.8244787615831953e-08,0.7000819340112134,5970962826.093713,5970.9628260937125,0.9545753726829614,0.4900202796456399
SRI6,A,268,-0.07055895347814166,0.0,-0.018468700607421406,0.9253236338802633,151939898.09352115,151.93989809352115,0.8129558472978263,0.5260166506564201
SRI6,A,269,0.0,845.3922088596486,0.0,0.7000032907705994,6072161454.893962,6072.1614548939615,0.9548511047070124,0.4877610559647063
SRI6,A,270,0.0,423.34095273077315,-1.3605091672534973e-05,0.7000033051820931,5248172482.219873,5248.172482219873,0.9503771302522502,0.5040737182908173
SRI6,A,272,0.0,237.46978093223134,-0.0005618260905582151,0.7000008963296245,4655664463.516957,4655.664463516957,0.9445067065143914,0.5131550859216566
SRI6,A,273,0.0,379.8069073771868,0.0,0.700000290928011,5130684969.826782,5130.684969826782,0.9493898317145195,0.5060661045291209
SRI6,A,275,-9.384952319656595e-06,131.9002555969086,-0.00017079439505653644,0.7000033546735641,4131556665.0806465,4131.556665080647,0.9400327320596295,0.5188565126125164
SRI6,A,277,-3.888547632676305,0.0,-0.0421837678772561,0.7337229942528972,527398988.08586323,527.3989880858633,0.9138115060305262,0.5260166506564201
SRI6,A,279,-0.07644564414193958,0.0,-0.01626200681508594,0.700000220296411,611536134.0791074,611.5361340791075,0.9286654570035936,0.5260166506564201
SRI6,A,283,0.0,206.65925994956416,0.0,0.7000435654219666,4525086131.746273,4525.086131746273,0.9433148326039776,0.5147472159960151
SRI6,A,284,-2.519134327957084,0.0,-0.030644022238123375,0.7132875762268791,575451843.2700621,575.4518432700621,0.9227861386843137,0.5260166506564201
SRI6,A,285,-2.705128963124753,0.0,-1.00633502741618,0.7024880284201233,114916905.09458548,114.91690509458547,0.8042836304123528,0.5260166506564201
SRI6,A,286,-0.5462383129825832,0.0,-0.02206305423668576,0.8764078297440101,250324219.21182448,250.32421921182447,0.8391681787455083,0.5260166506564201
SRI6,A,287,-3.5925874027666707,0.0,-0.027840540081209817,0.9050443784075005,191138303.54660517,191.13830354660516,0.8230156188849754,0.5260166506564201
SRI6,A,288,-0.019928211584005373,0.0,-0.4123344077813004,0.709679653063864,352718169.60371023,352.71816960371024,0.8721226029103071,0.5260166506564201
SRI6,A,289,-3.802509091854181,0.0,-0.08277839128834619,0.9114500453624467,168227945.48283747,168.22794548283747,0.8170384601700644,0.5260166506564201
SRI6,A,290,-3.8742253042434527,0.0,-0.6971312925061829,0.7000162511015398,224315630.24570867,224.31563024570866,0.8369623225531007,0.5260166506564201
SRI6,A,293,-0.04035375895797377,0.0,-1.5838171695460301,0.7007460018505713,24984007.666466776,24.984007666466777,0.7837905148183727,0.5260166506564201
SRI6,A,295,0.0,710.1630275636467,-0.0007118954523732664,0.7000297252259753,5851446958.455288,5851.446958455288,0.9541128544490696,0.49216387376810045
SRI6,A,299,-0.008082078425876882,0.0,-0.48729021241944304,0.7001298638224049,325777114.5353471,325.7771145353471,0.8662610737538692,0.5260166506564201
SRI6,A,300,-0.0003745499174665212,0.0,-0.04160562090736296,0.7479822042924709,499391334.9326129,499.3913349326129,0.9077187177571425,0.5260166506564201
SRI6,A,305,-1.1987095919766557,0.0,-0.022811031615711096,0.9757605681214047,49151121.78363609,49.15112178363609,0.7878998114348739,0.5260166506564201
SRI6,A,306,-0.12274080471472792,0.0,-0.3576041771448536,0.7015825641865867,392872037.98043895,392.87203798043896,0.8834987725477639,0.5260166506564201
SRI6,A,307,-0.0010048294809259495,514.9931782339963,-1.8732482576747256e-07,0.7000672739357946,5468059804.9398365,5468.059804939837,0.952120468210766,0.4999555270928951
SRI6,A,308,-0.16235393580866253,0.0,-0.038718475411044714,0.7003904446377907,595819382.842299,595.819382842299,0.9264240224855018,0.5260166506564201
SRI6,A,312,-0.6668844695775111,0.0,-0.034439642094004144,0.7239141791911954,551669956.216303,551.669956216303,0.9186501583235495,0.5260166506564201
SRI6,A,315,-9.410210397881664e-08,7.751163835012972,-0.0005119217417828062,0.700029091979878,2418430534.7418056,2418.4305347418053,0.9313694097555768,0.5255185540968442
SRI6,A,318,-3.7223860458579567,0.0,-0.38643742526986374,0.7000542764446318,378686007.04789346,378.68600704789344,0.8796207350482086,0.5260166506564201
SRI6,A,319,-1.8545618018467598,0.0,-0.30762751105142117,0.7000985077055607,423613386.30183095,423.61338630183093,0.8908812751271925,0.5260166506564201
SRI6,A,321,-0.00254728753544686,53.95192547540306,0.0,0.7000294389630618,3462837325.4170985,3462.8373254170983,0.9352830255808162,0.5228146013448607
SRI6,A,322,-3.6857556211111486,0.0,-0.016629703468251943,0.7000000006105106,611399094.0172311,611.399094017231,0.9286209840964885,0.5260166506564201
SRI6,A,331,-1.05172916898777,0.0,-1.1953985172313168,0.7027977628648154,72669557.45010342,72.66955745010341,0.793014195751948,0.5260166506564201
SRI6,A,332,-0.2820821505131692,0.0,-0.16012550927032893,0.7026973245263813,514084975.870259,514.084975870259,0.9108140320916498,0.5260166506564201
SRI6,A,333,-3.8711782228899625,0.0,-1.8361680324487148,0.7054025816521212,2530507.6126787895,2.5305076126787895,0.7772796812182018,0.5260166506564201
SRI6,A,335,-0.00035014563990887204,179.02713365983251,-8.494790777893556e-05,0.7000341304563205,4394667572.816935,4394.667572816935,0.94217632618209,0.516285978581848
SRI6,A,336,-5.880871779466825e-08,315.8969673889762,-4.247625548425818e-06,0.7000051517358866,4938001313.938815,4938.001313938815,0.9475575479417939,0.5091792080264702
SRI6,A,341,-3.110025019533186,0.0,-0.02995415600319236,0.702079536890649,598122949.0949063,598.1229490949063,0.9266374924396058,0.5260166506564201
SRI6,A,344,-0.00017752938164911948,0.0,-1.199270877893339,0.7019468241759749,72179750.44374639,72.17975044374639,0.792934144519159,0.5260166506564201
SRI6,A,346,-2.172786801212802,0.0,-0.028651681162897236,0.7193343683914739,564336271.582413,564.3362715824129,0.9209271711673248,0.5260166506564201
SRI6,A,349,-2.151026941209249,0.0,-0.23192380892321013,0.7000008872275929,472159413.0827975,472.1594130827975,0.9022930230903333,0.5260166506564201
SRI6,A,350,-7.134638489080593e-07,152.6871821998414,-9.399863433375726e-05,0.7000594088537159,4255127957.9810185,4255.127957981019,0.9409488739459922,0.5177269007720496
SRI6,A,352,-2.488837252453613,0.0,-0.01672187131204452,0.7,611246094.7839428,611.2460947839428,0.9285765111893833,0.5260166506564201
SRI6,A,353,-2.1300179281946176e-07,80.45916773145905,-0.00011638973439664693,0.7,3744366248.96038,3744.3662489603803,0.937053047283595,0.521489308713132
SRI6,A,356,0.0,0.0,-0.5890634083114827,0.7,275177407.33421063,275.1774073342106,0.8521186892944819,0.5260166506564201
SRI6,A,357,0.0,288.53809889800215,-0.00017341045329804725,0.7,4846317098.143754,4846.317098143754,0.9464724090084322,0.510566762728146
SRI6,A,358,-0.00020355025051139314,54.58720292938058,-0.0001236331565729044,0.7001285403541246,3470496162.1602397,3470.4961621602397,0.9352919201622371,0.5227701284377557
SRI6,A,359,-0.00027380882388799196,0.0,-0.033994849871059725,0.8754181779148821,249083161.11106777,249.08316111106777,0.8389102358842992,0.5260166506564201
SRI6,A,361,-3.228452653181996e-09,1120.1932383525382,-0.000438695885777083,0.7000629742166669,6447305141.574535,6447.305141574536,0.9555804603835343,0.47897320952075995
SRI6,A,364,-0.0005204001282631907,263.1897325941628,-0.0007608265422628007,0.7000610579679072,4754843657.984608,4754.8436579846075,0.9455295833778061,0.5119187391041378
SRI6,A,365,-6.22096994719439e-06,106.90644214103125,-0.000425180955731247,0.700000678016913,3961326963.679249,3961.326963679249,0.9386273881951115,0.5201195431742982
SRI6,A,367,-1.7003442315451567,0.0,-0.014607815240562877,0.9254980025125366,152260720.4531038,152.2607204531038,0.8130625822748783,0.5260166506564201
SRI6,A,369,-0.03737471945437356,0.0,-0.48580788500506794,0.7013181588215496,325164474.0525317,325.1644740525317,0.8660564983811864,0.5260166506564201
SRI6,A,370,-2.8437514088493643,0.0,-0.28677790300042405,0.7054611621518477,428063542.2774947,428.0635422774947,0.891859679083502,0.5260166506564201
SRI6,A,372,0.0,0.0,-1.8371000723866433,0.7008417895698273,2567602.576635714,2.5676025766357142,0.7772974703810439,0.5260166506564201
SRI6,A,376,-2.9217449224609173,0.0,-0.8606793280691885,0.7002950552309978,157392224.34008873,157.39222434008872,0.8165492581919095,0.5260166506564201
SRI6,A,377,-0.037509440756883033,0.0,-0.37689730371489916,0.7034435508454832,379344431.1044244,379.3444311044244,0.8797363646066815,0.5260166506564201
SRI6,A,379,-0.1943005312302606,0.0,-1.2613594123407519,0.7006503061000025,62899351.884345576,62.89935188434558,0.7908083395595404,0.5260166506564201
SRI6,A,380,-0.03779484105311238,0.0,-0.38280341077099383,0.7199007197952965,355413574.5492982,355.41357454929823,0.8734478955420358,0.5260166506564201
SRI6,A,384,-2.222019239754685,0.0,-0.19491552980321458,0.7005275313740513,495561828.9956899,495.56182899568995,0.9069004162664106,0.5260166506564201
SRI6,A,385,-4.146734447605662e-06,780.4365927307952,0.0,0.7000634085615028,5969841237.1804285,5969.841237180429,0.9545753726829614,0.4900113850642189
SRI6,A,388,-3.539045319070699e-05,513.8122407388488,-0.00012628819669055903,0.7000008096396598,5465573056.135818,5465.573056135818,0.952102679047924,0.5000177891628421
SRI6,A,390,-6.260945200957941e-06,468.1550763023339,-0.00010099574983406085,0.7000015629569903,5359860200.355462,5359.860200355462,0.9513021667200342,0.5021613832853027
SRI6,A,391,0.0,346.2858514941018,-0.00011974997813163809,0.7,5033035111.183824,5033.035111183824,0.9484559006653147,0.5076938129291636
SRI6,A,393,-2.298505219362353,0.0,-0.2584120614088265,0.7005213167732017,453165395.76160103,453.165395761601,0.8976500515885724,0.5260166506564201
SRI6,A,394,-0.03054563274228412,0.0,-0.3616091306007375,0.7000009025665476,392496400.4529029,392.4964004529029,0.883267513430818,0.5260166506564201
SRI6,A,397,-3.105836703248855e-10,177.53721180965772,-9.352314095640026e-05,0.7000050038592289,4387270671.122926,4387.270671122926,0.942114064112143,0.5163838189774789
SRI12,A,0,-1.303751663543486,0.0,-0.007704526551832809,0.7328188807328632,620517215.485195,620.517215485195,0.8920286761305012,0.5260166506564201
SRI12,A,2,0.0,280.7523130001569,0.0,0.7,4896404707.025682,4896.404707025682,0.9190593090689153,0.5097662504002561
SRI12,A,3,-2.2998011630321695,0.0,-0.40279880648333677,0.766247970638154,329136748.79266715,329.13674879266716,0.8383320880919343,0.5260166506564201
SRI12,A,4,-0.8950407007761896,0.0,-1.056042534249084,0.7233049724575734,127481919.96747996,127.48191996747995,0.7998986017718006,0.5260166506564201
SRI12,A,7,-1.888247761865733,0.0,-1.4402782685403,0.7483650314920965,58834221.01453982,58.83422101453982,0.7874017148752981,0.5260166506564201
SRI12,A,10,-2.723011268475191e-07,911.512966657634,0.0,0.7001298992791823,6246092068.1362915,6246.092068136291,0.9285320382822783,0.4747660725086277
SRI12,A,11,-0.003871756877840759,378.591416979867,-0.00031247296279685553,0.7,5204009678.834112,5204.0096788341125,0.9221902017291066,0.5040737182908173
SRI12,A,12,-0.6879719164988571,0.0,-0.772245070919082,0.7051162651711083,226259986.13184527,226.25998613184527,0.8188262710356852,0.5260166506564201
SRI12,A,15,-0.002507651206188528,248.826221420025,0.0,0.7000122657916438,4778132066.540355,4778.132066540355,0.9178140676699754,0.5116696908243498
SRI12,A,18,-0.00011267089444431765,65.56947036846739,-0.0004522948635262039,0.7000146088935479,3675180079.467688,3675.1800794676883,0.9082879709680862,0.5221297185754438
SRI12,A,19,-0.09363574695694021,0.0,-0.6170702015489027,0.7276312992847064,271971203.62846655,271.9712036284665,0.8278009036894723,0.5260166506564201
SRI12,A,20,-1.888247761865733,0.0,-0.38978829746756205,0.7002934001433736,429013442.7222562,429.0134427222562,0.857402070658555,0.5260166506564201
SRI12,A,21,-1.029861972400111,0.0,-0.2645076971530458,0.7166699251897329,484375113.9900871,484.3751139900871,0.8680044117123848,0.5260166506564201
SRI12,A,23,-1.1620991764320682e-06,119.32754943318783,-2.802214845875323e-07,0.7000720906792138,4127498347.8240023,4127.498347824002,0.9118013306293804,0.5191500337994094
SRI12,A,24,-1.9840944547977541,0.0,-0.7236307099277559,0.701038726192449,249609591.98280254,249.60959198280253,0.8241007578183371,0.5260166506564201
SRI12,A,25,-0.0037695292737127467,31.546996590539955,-3.074652033206478e-07,0.7000084956250937,3203815199.934698,3203.8151999346983,0.9055840182161027,0.5241754723022735
SRI12,A,26,-2.0612316339394767,0.0,-0.276973419763198,0.7003092919519097,504043324.6090627,504.04332460906267,0.8709574127441564,0.5260166506564201
SRI12,A,29,-0.9289632775938644,0.0,-1.1458595318472495,0.7277524217751001,108520402.61654948,108.52040261654948,0.7966431849717153,0.5260166506564201
SRI12,A,30,-0.6813481125209502,0.0,-0.9996167553723645,0.7023918683711525,153078586.7293862,153.07858672938622,0.8052531397872417,0.5260166506564201
SRI12,A,31,-1.0057072955467596,0.0,-0.35962673601283607,0.7002931564406306,447301236.8067116,447.3012368067116,0.8604707012487992,0.5260166506564201
SRI12,A,32,-2.313295389223461,0.0,-0.4067647163958458,0.7069346616722807,410948349.31075746,410.94834931075746,0.8542800725797844,0.5260166506564201
SRI12,A,33,-0.9075999654572868,0.0,-0.4547822404425656,0.7069836737658918,381130568.3224536,381.1305683224536,0.8482406517949264,0.5260166506564201
SRI12,A,35,-0.8492692523742434,0.0,-1.2880369592620369,0.7207201159479169,89420549.49113728,89.42054949113728,0.7943750667093608,0.5260166506564201
SRI12,A,36,-7.082997545820139e-05,310.8054453885241,-0.00031316932034573634,0.7000007734284907,4998385514.596422,4998.385514596423,0.9202689721421711,0.5078005479062155
SRI12,A,39,0.0,182.71524088019856,-4.059084417060847e-05,0.7000648667054145,4490692629.054283,4490.692629054283,0.9149766961966769,0.5155833066495892
SRI12,A,41,-0.07019267746639124,0.0,-0.8365310022921649,0.7000003326053023,206001323.98680875,206.00132398680876,0.8149482335361298,0.5260166506564201
SRI12,A,43,-0.022318791615050987,0.0,-0.48286279270807514,0.7081303883832475,363698955.2829178,363.6989552829178,0.844905183762052,0.5260166506564201
SRI12,A,44,-2.3286689306698687,0.0,-0.005090644191385545,0.7056897854606476,685814326.9229642,685.8143269229643,0.9009143629700788,0.5260166506564201
SRI12,A,45,0.0,90.64623225912314,-2.4614757486358038e-08,0.7000126861972376,3912115910.5553265,3912.1159105553265,0.9101380439036538,0.5207510584551891
SRI12,A,46,-0.0038806841804300877,514.1922344221632,-0.00031260661700163066,0.7000154825912591,5542833530.905548,5542.833530905548,0.925107624435194,0.49608638417476075
SRI12,A,48,-0.00417507496392964,0.0,-0.023190215065104738,0.7075564088676531,667893703.959625,667.893703959625,0.8980236240082541,0.5260166506564201
SRI12,A,49,0.0,348.68376950170807,-0.0003117515554377585,0.7000648667054145,5116936582.792177,5116.936582792177,0.9214430568897428,0.5055591133881239
SRI12,A,51,-0.003871756877840759,819.2036955364723,-0.00031247296279685553,0.7000125289067411,6107648675.247042,6107.648675247042,0.9278560500942825,0.48002277012843775
SRI12,A,55,-2.309263560696522,0.0,-0.4286812527455091,0.7656582589879768,317730687.94201595,317.73068794201595,0.8357793432241079,0.5260166506564201
SRI12,A,57,-0.40955266608982716,0.0,-0.34375291588400947,0.8403211792903432,244257399.92613944,244.25739992613944,0.819359945920945,0.5260166506564201
SRI12,A,60,-0.9550945445061025,0.0,-0.03292106624818313,0.7181040967466545,637008183.0465236,637.0081830465235,0.8940833244387519,0.5260166506564201
SRI12,A,62,-2.280524027239985,0.0,-0.4322165651340949,0.7506396984952262,336497577.31589216,336.49757731589216,0.8397285373750313,0.5260166506564201
SRI12,A,64,-1.1212533599352856,0.0,-0.39999258973474194,0.7531784421406668,349050375.7121408,349.0503757121408,0.8424147009641727,0.5260166506564201
SRI12,A,67,-0.9983143921491437,0.0,-0.035982160859810305,0.9929076756799844,16103005.44252405,16.10300544252405,0.7796545344576084,0.5260166506564201
SRI12,A,68,-2.164222759394992,0.0,-0.0019074846013455264,0.7506396984952262,583117035.8498675,583.1170358498674,0.8860070445084856,0.5260166506564201
SRI12,A,69,-0.004359657088192012,613.5431279511349,0.0,0.7000637388616048,5749984073.153385,5749.984073153385,0.9263884441598179,0.49030490625111184
SRI12,A,72,-0.12491770826171567,0.0,-0.40959505219330244,0.7057607634322712,410419200.3582023,410.41920035820226,0.8541644430213116,0.5260166506564201
SRI12,A,74,-0.005817539703473354,343.54402216329737,-3.6179944333123804e-05,0.7001009746509411,5101579092.366644,5101.579092366644,0.9213185327498488,0.5060305262034368
SRI12,A,75,0.0,64.66277449178665,0.0,0.7001936018137765,3665448365.835868,3665.4483658358677,0.9082523926424022,0.5222097698082327
SRI12,A,78,-0.04741790146739655,0.0,-0.40270421070205314,0.8091498562854598,268762147.1902207,268.76214719022073,0.8250791617746467,0.5260166506564201
SRI12,A,79,-9.63002030793956e-08,1112.5782419864706,0.0,0.7000000027273173,6514230820.815099,6514.230820815099,0.9290835023303802,0.46529334329526456
SRI12,A,80,-0.005816235630325761,311.38259225324083,0.0,0.7000978963028781,5000276596.070336,5000.276596070336,0.92026007756075,0.5078805991390045
SRI12,A,81,-2.851762612788916e-05,419.930603795139,0.0,0.7000001518713826,5316291245.775394,5316.291245775395,0.9233464973138363,0.5015209734229907
SRI12,A,83,-5.249663358172438e-05,665.5576006150965,0.0,0.7000739409105052,5848293439.214811,5848.293439214812,0.9270021702778666,0.48738748354502437
SRI12,A,84,-2.164222759394992,0.0,-0.030642614672747204,0.7506396984952262,565071607.3114358,565.0716073114359,0.882849468104031,0.5260166506564201
SRI12,A,85,-2.851762612788916e-05,465.8124158441406,0.0,0.7000323860372876,5431038894.948716,5431.038894948716,0.9243249012701462,0.4990304906251112
SRI12,A,89,-0.8912183914593113,0.0,-0.35634175714822114,0.7015670973994603,447506932.0315384,447.50693203153844,0.8605329633187462,0.5260166506564201
SRI12,A,91,0.0,147.26809686000047,-2.1883552026711283e-05,0.7000034378289212,4302358685.726374,4302.358685726374,0.9134023552851602,0.5175934820507347
SRI12,A,93,-0.15314991734209502,0.0,-0.40157102580212145,0.7792551843233445,311442331.29339486,311.4423312933949,0.8347475717792721,0.5260166506564201
SRI12,A,96,-1.0027419203487526,0.0,-1.2830403427148571,0.7262305073759481,88244591.81812634,88.24459181812634,0.7940192834525208,0.5260166506564201
SRI12,A,98,-1.4534420963193846,0.0,-0.3872141404306363,0.7006496513857101,429920588.9786836,429.9205889786836,0.857553278542712,0.5260166506564201
SRI12,A,99,-0.005328539199048745,282.0146539417509,-3.3336056906841944e-05,0.7000627200645262,4900670989.421167,4900.670989421167,0.9190682036503364,0.5097840395630981
SRI12,A,101,-1.9451525216851566,0.0,-0.8965323457719134,0.701919552786529,183125603.46144328,183.12560346144326,0.8105632048955775,0.5260166506564201
SRI12,A,102,-0.0004806352802067442,378.83125353113354,0.0,0.7000824609677194,5204803399.460912,5204.803399460911,0.9222791475433166,0.5039669833137653
SRI12,A,103,-0.010226671311171394,0.0,-0.0012961395769629028,0.7199482439160909,655277177.2807333,655.2771772807333,0.8969473796563134,0.5260166506564201
SRI12,A,105,-1.3211421952329805,0.0,-0.7240889580159443,0.7018456243996892,248799996.19008064,248.79999619008063,0.8239406553527592,0.5260166506564201
SRI12,A,107,-3.9075707538346176,0.0,-0.40270421070205314,0.723177792115909,389770600.14503825,389.77060014503826,0.850562137545807,0.5260166506564201
SRI12,A,108,-0.9430666573735371,0.0,-0.32870292523163513,0.7004419622868459,467929919.2680629,467.9299192680629,0.8644465791439856,0.5260166506564201
SRI12,A,110,-0.00816342489538716,248.80249289847387,-0.0006060622589581129,0.7000010467471584,4777459460.601063,4777.459460601062,0.9176183868787134,0.5117052691500338
SRI12,A,111,-1.7364824406632346,0.0,0.0,0.7579234721520083,567508769.4621438,567.5087694621437,0.8835877183619739,0.5260166506564201
SRI12,A,112,-1.505902289185069,0.0,-1.2964638838124793,0.7120290124381022,90917798.9058828,90.9177989058828,0.7948109011989897,0.5260166506564201
SRI12,A,113,-3.1481367186226934,0.0,-0.409982018610664,0.7046195612177455,411717253.25606203,411.717253256062,0.8544935425338883,0.5260166506564201
SRI12,A,114,-3.090215259115383,0.0,-0.29831214824374463,0.7,489062437.52611876,489.06243752611874,0.8680222008752267,0.5260166506564201
SRI12,A,119,-2.993421215222168,0.0,-0.6188972870309396,0.7049352617779381,293990860.1830007,293.9908601830007,0.8321236702600777,0.5260166506564201
SRI12,A,120,-0.007197721665604734,215.1456113881758,0.0,0.7000808775343428,4640032961.010142,4640.032961010143,0.9162753050841427,0.5135820258298645
SRI12,A,121,-1.7629676373590688,0.0,-0.2580154121442073,0.7093120813265087,501383263.7025543,501.3832637025543,0.8708239940228414,0.5260166506564201
SRI12,A,122,-0.0007082342142718592,465.396736476241,-1.1050557251979652e-06,0.7000196435129933,5430031245.11018,5430.03124511018,0.9242626392001992,0.4990927526950582
SRI12,A,126,-0.0592620110532704,0.0,-0.2188503984049338,0.7046014693968837,536466846.64572155,536.4668466457216,0.8769701497847512,0.5260166506564201
SRI12,A,127,0.0,119.79207928333827,-5.625238480742141e-09,0.7000013079443537,4130816248.977985,4130.816248977985,0.9118546981179064,0.5190877717294624
SRI12,A,128,-0.0010380822550677916,0.0,-0.0331313013765403,0.7259240418926494,619214097.3060422,619.2140973060422,0.8914416337567155,0.5260166506564201
SRI12,A,130,-0.06942381366850636,0.0,-0.49335967792972657,0.7175115800654001,345790283.28793997,345.79028328794,0.8414540861707048,0.5260166506564201
SRI12,A,132,-0.006921540147667715,311.1394020467991,-3.0326822974452475e-09,0.7001084748656629,4999450117.317457,4999.450117317458,0.9201177642580141,0.5078894937204256
SRI12,A,133,-2.979183865848908,0.0,-0.4552852770510988,0.7053415287584289,382776678.97785825,382.77667897785824,0.8485252784003984,0.5260166506564201
SRI12,A,137,-3.166499894849607,0.0,-0.3781223521662527,0.7050604192752454,429066285.2486287,429.0662852486287,0.8574821218913438,0.5260166506564201
SRI12,A,138,-0.0003538907321458309,0.0,-0.03860692788172636,0.7012670382507069,670891266.9596028,670.8912669596028,0.8986462447077241,0.5260166506564201
SRI12,A,140,-0.0003318173378834312,0.0,-0.007000984498348048,0.7258837098442095,637057094.0769691,637.0570940769692,0.8943946347884868,0.5260166506564201
SRI12,A,143,-3.0796041411998694,0.0,-0.012839772712249928,0.9929992258299606,16306392.659544086,16.306392659544088,0.7797079019461344,0.5260166506564201
SRI12,A,145,-0.0012384888475373773,5.084631515740853,0.0,0.7000010515122078,2328268587.7259564,2328.2685877259564,0.9034671078379053,0.5256341836553171
SRI12,A,146,-0.0006472414573804484,248.6528482630375,-0.0003504522885817191,0.7001086848430117,4776976133.220215,4776.976133220215,0.9177962785071334,0.5116430070800867
SRI12,A,155,-0.00022984172420936018,512.5510248136195,-1.167747789808893e-06,0.7000049154797533,5539529821.457092,5539.529821457092,0.9251787810865622,0.49599743836055077
SRI12,A,158,-1.5431350311490115,0.0,-0.3469995304043677,0.7039218214787712,450770154.5802417,450.7701545802417,0.861244529832426,0.5260166506564201
SRI12,A,160,-0.022142351546216243,0.0,-0.0006374119473711304,0.7068617746288622,686607222.9770204,686.6072229770203,0.9009410467143416,0.5260166506564201
SRI12,A,163,-5.939458883123371e-05,342.8971617128203,0.0,0.7000641597014643,5099759593.503522,5099.7595935035215,0.921363005656954,0.5059415803892269
SRI12,A,165,-0.10371153746308326,0.0,-0.6596828579127256,0.7049117002010642,274688187.1288156,274.68818712881557,0.8285569431102572,0.5260166506564201
SRI12,A,167,-1.3545706413312237,0.0,-0.26146845222087356,0.7194982961317364,481137116.19504976,481.13711619504977,0.867381791012915,0.5260166506564201
SRI12,A,170,-0.00026254467012122763,378.7489512404645,-0.0003657414330923299,0.7000080108852919,5204432186.156707,5204.432186156707,0.9222435692176325,0.5039402995695023
SRI12,A,174,-0.011508326275484926,420.5915699720014,-0.0003328857148615559,0.7000000114283257,5317644250.779182,5317.644250779183,0.9230440815455224,0.5016988650514106
SRI12,A,176,-2.12930856582568e-06,342.65914157108057,-0.00046306964047232587,0.700002252431673,5098730823.61065,5098.73082361065,0.9212740598427439,0.5059415803892269
SRI12,A,178,-0.8509055759401987,0.0,-0.04225003473712621,0.7237089176549493,618103878.7392962,618.1038787392962,0.8913526879425054,0.5260166506564201
SRI12,A,180,-0.05518660199900707,0.0,-0.3159398472313393,0.7057529580947216,467630071.3238594,467.6300713238594,0.8643754224926176,0.5260166506564201
SRI12,A,182,-1.1337904296386018e-05,613.3138488878751,-0.000657675924406256,0.7000115769461223,5749055633.545716,5749.055633545716,0.9263884441598178,0.49011812004127087
SRI12,A,183,-1.9925980430027044,0.0,-0.7290340494100097,0.700262505564993,248028950.22658333,248.02895022658333,0.8237805528871811,0.5260166506564201
SRI12,A,185,0.0,314.5596755494681,-0.0004620280564341234,0.7000118121449301,5010417271.302644,5010.417271302644,0.9203579179563811,0.5075070267193227
SRI12,A,186,-0.9152757392356914,0.0,-0.4074385021115368,0.7065220258744048,411096091.0637168,411.0960910637168,0.8542889671612056,0.5260166506564201
SRI12,A,189,-3.8343742355312003,0.0,-0.4074385021115368,0.7628165460800839,332266017.18582606,332.26601718582606,0.8389191304657202,0.5260166506564201
SRI12,A,190,-0.0020466463985335526,215.1451660896088,-0.0003094630153093089,0.7000043634173869,4639945756.795633,4639.945756795633,0.9163197779912478,0.5135642366670224
SRI12,A,191,-0.036132340840129576,0.0,-1.3188970350273679,0.8573518822995314,43741210.10407987,43.74121010407987,0.7833013128402176,0.5260166506564201
SRI12,A,192,-0.054575831532362534,0.0,-0.5009871722255159,0.7811379687278142,265047054.94786155,265.04705494786157,0.8246344327035969,0.5260166506564201
SRI12,A,193,-0.0032594835580457794,819.0983254251715,-0.00037269342658974335,0.7002188380595127,6106947116.473098,6106.947116473098,0.9278382609314405,0.48002277012843775
SRI12,A,194,-0.9247752933636071,0.0,-0.21539401278087758,0.7065243270644933,535467589.12254024,535.4675891225403,0.8768189419005941,0.5260166506564201
SRI12,A,198,-0.3605469304311905,0.0,-0.8694079499688754,0.7193846024422523,180634035.5789494,180.63403557894938,0.8097626925676877,0.5260166506564201
SRI12,A,200,-0.003440109364455747,466.55477986920255,-0.0006497426171495745,0.70001762196214,5432117234.587035,5432.1172345870355,0.9242181662930942,0.49912833102074206
SRI12,A,201,-1.7982364269473432,0.0,-0.45383674217230974,0.7081974039887137,380286778.50288546,380.28677850288545,0.8480627601665064,0.5260166506564201
SRI12,A,203,-0.30618648198996623,0.0,-0.4872611880129761,0.7076392302851453,361904447.9872765,361.9044479872765,0.8445138221795282,0.5260166506564201
SRI12,A,206,-0.02493521805799781,0.0,-0.49917227563520994,0.7664876083612069,283611388.4492474,283.61138844924744,0.8286014160173623,0.5260166506564201
SRI12,A,207,-0.0002947371260282137,184.85046349788573,-0.0003888590064443011,0.7000003080439972,4500944959.226516,4500.9449592265155,0.915030063685203,0.5154587825096951
SRI12,A,208,-0.0002485584768899732,31.779725233289717,0.0,0.7000639680453635,3208034911.7327538,3208.0349117327537,0.9056018073789447,0.5241665777208524
SRI12,A,210,-0.3072843925241322,0.0,-0.9989545873931279,0.7076392302851453,150482095.0006471,150.4820950006471,0.8045949407620876,0.5260166506564201
SRI12,A,212,-0.004433021689533283,738.5296463951672,-0.00035006861562395983,0.7,5976560499.824471,5976.560499824472,0.9273668481161276,0.48404312093072904
SRI12,A,216,-0.042589165225084075,0.0,-0.3577894725693779,0.7003551568289331,448182716.5133,448.1827165133,0.8605863308072721,0.5260166506564201
SRI12,A,218,-0.054706864199842956,0.0,-1.2988487420454136,0.7060587088057995,92617482.24651012,92.61748224651012,0.7953178923399866,0.5260166506564201
SRI12,A,221,-0.18744039983922534,0.0,-0.2548132718191624,0.7003556819041389,519197943.4394733,519.1979434394733,0.8737592058917706,0.5260166506564201
SRI12,A,222,-2.9065346532431216e-05,311.2538246802166,-0.00015187546575521423,0.7,4999942112.843976,4999.942112843976,0.9203045504678551,0.5077827587433735
SRI12,A,224,-0.11855846946000104,0.0,0.0,0.7069691604946424,686934514.4739561,686.9345144739561,0.9010033087842885,0.5260166506564201
SRI12,A,225,-2.3750861247628103,0.0,-1.293418854776169,0.7041456280015801,93822133.25488484,93.82213325488483,0.7956380972711424,0.5260166506564201
SRI12,A,227,-0.09607060303297024,0.0,-0.493267009637141,0.7350790551568434,324294531.8539428,324.29453185394283,0.8373092112285195,0.5260166506564201
SRI12,A,228,-2.7963424748909977e-09,819.6468133919467,-9.13307189575314e-07,0.700213178567555,6108222876.926654,6108.222876926654,0.9280161525598604,0.4797025651972819
SRI12,A,229,-0.9295852762849811,0.0,-0.4439673442543522,0.7130386184766982,379551424.25652224,379.55142425652224,0.8479115522823496,0.5260166506564201
SRI12,A,233,-1.7986760602705782,0.0,-0.2600332494468949,0.719555674077086,481918429.8023666,481.91842980236663,0.8674796314085461,0.5260166506564201
SRI12,A,235,-3.917844919185561,0.0,-0.4879444842794525,0.724017920553806,341306328.003585,341.306328003585,0.840635784679973,0.5260166506564201
SRI12,A,237,-0.00993699909177014,420.5356284801155,0.0,0.70002456408902,5317743335.229443,5317.743335229443,0.9231597111039954,0.5016721813071476
SRI12,A,239,0.0,565.6919622954559,0.0,0.7000725385404708,5653815007.828314,5653.815007828314,0.9260059771587149,0.49308001565446324
SRI12,A,243,-0.008760778727392522,737.7110462025066,-0.0001596671197256636,0.700021364908465,5975198603.851121,5975.198603851121,0.9272245348133916,0.4841320667449391
SRI12,A,246,-4.0,0.0,-0.4909068983988231,0.7052626093869339,362267343.6078918,362.2673436078918,0.8446116625751592,0.5260166506564201
SRI12,A,247,-0.49596158055763295,0.0,-0.4181611652014781,0.7003021169828965,413404276.71023977,413.40427671023974,0.8546625395808876,0.5260166506564201
SRI12,A,248,-2.2224631721851854e-05,91.69179635781802,-3.286604613730957e-06,0.7002317810536188,3920306884.6001163,3920.306884600116,0.9101647276479169,0.5207154801295051
SRI12,A,250,-0.0065999605200312665,280.59469595844234,-9.223996497581711e-07,0.7001268042634656,4895497016.592184,4895.497016592184,0.9188547336962324,0.5098907745401502
SRI12,A,251,-3.748412488098078,0.0,-1.0873763033497164,0.7048016777994274,129844766.55412552,129.84476655412553,0.8008770057281106,0.5260166506564201
SRI12,A,252,-0.006336463852021759,0.0,-0.024265760507470098,0.9209878790128184,180339832.73856738,180.3398327385674,0.8077880954922262,0.5260166506564201
SRI12,A,253,-2.168928113155284,0.0,-0.036009131202919875,0.702694980665632,669525985.5818114,669.5259855818115,0.898361618102252,0.5260166506564201
SRI12,A,254,-0.08816250206092624,0.0,-0.2555914898867636,0.7002487359138501,518685509.28580135,518.6855092858013,0.8736969438218238,0.5260166506564201
SRI12,A,255,-0.17136687836248726,0.0,-0.2256854553093003,0.7013490425650057,537083797.4217248,537.0837974217249,0.8771035685060661,0.5260166506564201
SRI12,A,260,-6.8418719311832315e-06,0.0,-0.34224476794668135,0.705505761981488,451220080.3254501,451.2200803254501,0.861404632298004,0.5260166506564201
SRI12,A,265,-0.002643126464550238,119.36498039949221,0.0,0.700101812020857,4127659947.852615,4127.659947852615,0.9117568577222754,0.5191945067065143
SRI12,A,268,-2.01750718147706,0.0,-0.016507810748577753,0.7239261897150027,634716864.6541575,634.7168646541576,0.8937720140890169,0.5260166506564201
SRI12,A,271,-0.04630882508896794,0.0,-0.3094868163820395,0.7042270654939915,474594904.13444483,474.59490413444485,0.8654783505888214,0.5260166506564201
SRI12,A,278,-3.612892611199676,0.0,-0.1301985232490006,0.7007419606153056,605018778.9687376,605.0187789687376,0.8877592770484221,0.5260166506564201
SRI12,A,279,0.0,63.639795404458255,0.0,0.7,3654765150.6933594,3654.7651506933594,0.9082168143167183,0.5222720318781797
SRI12,A,280,-3.1423943079300396,0.0,-0.00039282211951888364,0.7069638770507946,686628816.424341,686.6288164243409,0.9009588358771836,0.5260166506564201
SRI12,A,281,0.0,513.6138412163546,0.0,0.7,5541926199.830143,5541.926199830143,0.9252232539936671,0.4959351762906038
SRI12,A,282,0.0,148.64228653931494,0.0,0.7,4310286903.760205,4310.286903760205,0.9134735119365281,0.5175490091436297
SRI12,A,283,0.0,181.98393394770213,0.0,0.7,4487254710.746914,4487.254710746914,0.9149678016152558,0.515645568719536
SRI12,A,285,-3.7300012899957355,0.0,0.0,0.7578938023483001,567578308.9828825,567.5783089828825,0.8836055075248159,0.5260166506564201
SRI12,A,288,-3.3051470193136385,0.0,-0.27479695958534345,0.7001041343364005,505816602.64062417,505.8166026406242,0.8713843526523641,0.5260166506564201
SRI12,A,289,-4.0,0.0,-0.47945657242744905,0.725491044914963,343779033.98682225,343.77903398682224,0.8413562457750738,0.5260166506564201
SRI12,A,290,-4.0,0.0,-0.3547996254931249,0.7023971243671389,447313333.9303742,447.3133339303742,0.8605240687373252,0.5260166506564201
SRI12,A,291,0.0,737.0177648278479,-0.00034003549589214054,0.7000101212803933,5974056129.240596,5974.0561292405955,0.9274557939303376,0.4838652293023091
SRI12,A,293,-3.4309566466957477,0.0,-0.49049710112327166,0.7042494296279118,363749311.48699135,363.74931148699136,0.8449229729248943,0.5260166506564201
SRI12,A,295,0.0,613.835243314,0.0,0.7000107611648978,5750746451.712684,5750.746451712684,0.9264773899740278,0.4901092254598499
SRI12,A,298,-3.846836553784049,0.0,-1.1616642416377734,0.7023042816644722,116006911.7303799,116.0069117303799,0.7988312520012809,0.5260166506564201
SRI12,A,299,0.0,247.91507920861642,0.0,0.7000001735496698,4774660986.892094,4774.660986892093,0.9178407514142384,0.5116252179172447
SRI12,A,300,0.0,379.74315843861365,-4.471585475588664e-05,0.7002706534583787,5206925689.125953,5206.925689125953,0.9222969367061586,0.5039047212438182
SRI12,A,301,-0.008701977543165183,465.57979152745713,0.0,0.7000000092036565,5430477990.03282,5430.477990032819,0.9241203258974632,0.4992350659977941
SRI12,A,302,-0.00010745081023559914,419.83552815730366,-0.00032697043083643515,0.7000105874927248,5315744472.204002,5315.744472204003,0.9233020244067314,0.5015387625858327
SRI12,A,304,0.0,90.91956475627421,0.0,0.7000435483460903,3914327327.2162356,3914.3273272162355,0.910146938485075,0.5207510584551891
SRI12,A,309,0.0,1307.2195924427024,0.0,0.7000015863149168,6740113974.051241,6740.113974051241,0.9291190806560643,0.4543352189845946
SRI12,A,310,-0.2854472462449108,0.0,-1.2874362784404267,0.7231823696144143,88681354.7128478,88.68135471284779,0.7941971750809408,0.5260166506564201
SRI12,A,312,-1.086217457010339,0.0,-0.040194081441851846,0.7240144881578495,618580399.4037287,618.5803994037287,0.8914238445938735,0.5260166506564201
SRI12,A,313,0.0,279.4546708266911,0.0,0.7000011325705595,4891799892.991896,4891.799892991896,0.9190326253246522,0.5098374070516241
SRI12,A,314,0.0,990.5963824572453,0.0,0.7002969659128138,6355996207.172411,6355.996207172411,0.9288522432134343,0.4709591916604405
SRI12,A,315,0.0,311.2867476922463,0.0,0.7000032231380263,5000230439.097912,5000.230439097912,0.920340128793539,0.5077827587433735
SRI12,A,316,0.0,916.3814642710558,0.0,0.7000000913444459,6253393368.590727,6253.393368590727,0.9285498274451203,0.4746059700430497
SRI12,A,318,-4.0,0.0,-0.9898225085872001,0.7088758890764993,152337520.8133146,152.3375208133146,0.8048084107161917,0.5260166506564201
SRI12,A,319,0.0,564.7186364380992,0.0,0.7000102623333853,5651942274.912758,5651.942274912758,0.925997082577294,0.4931422777244102
SRI12,A,320,-0.4176013654983632,408.77310803585596,0.0,0.7002405831805075,5284068459.199813,5284.068459199813,0.9195307218842282,0.5120254740811897
SRI12,A,323,-0.008701977543165183,665.1335378717366,0.0,0.7000000092036565,5847605750.257035,5847.605750257036,0.9267798057423418,0.4876810047319173
SRI12,A,324,0.0,4.832138267359337,0.0,0.7000157775543725,2308811207.167237,2308.8112071672367,0.9034137403493793,0.5256519728181591
SRI12,A,325,-3.632273672044996,0.0,-0.2930773022797179,0.7001378817826268,492884662.2655564,492.8846622655564,0.8687248728074857,0.5260166506564201
SRI12,A,326,-3.278474636566235,0.0,-0.3230799358721007,0.7003173065029978,471895941.8321774,471.8959418321774,0.8650869890062975,0.5260166506564201
SRI12,A,328,-0.00098225720842135,214.52378086063752,-0.0007359634933299252,0.7,4636816528.076445,4636.816528076444,0.9162041484327749,0.5135642366670224
SRI12,A,331,-2.677614861925726,0.0,-0.017946369853044576,0.9939718251975089,13959819.266187511,13.95981926618751,0.7792987512007684,0.5260166506564201
SRI12,A,332,-3.159043191728746,0.0,-0.4298554612720358,0.7059346074518918,397901007.6020604,397.90100760206036,0.8517806952004838,0.5260166506564201
SRI12,A,333,0.0,343.2159130997932,0.0,0.700000056561194,5100867811.918287,5100.867811918287,0.9213807948197958,0.5059237912263848
SRI12,A,335,-0.6594939565457738,0.0,-0.019563382280217534,0.760135551981471,549495732.0991528,549.4957320991527,0.8801988828405736,0.5260166506564201
SRI12,A,336,-0.09137361150283718,0.0,-0.4646070991782593,0.7,385057039.1053927,385.0570391053927,0.8490411641228164,0.5260166506564201
SRI12,A,337,-1.4369451730893408,0.0,-0.412865685246842,0.7617752579778281,331068561.8029036,331.0685618029036,0.8386433984416694,0.5260166506564201
SRI12,A,338,-1.181726146352262,0.0,-0.2587927187184793,0.7206172558756083,481023824.7994508,481.02382479945084,0.867292845198705,0.5260166506564201
SRI12,A,341,-0.004922919285615279,0.0,-0.7939141201466531,0.7595206026478768,177267889.08894575,177.26788908894574,0.8075301526310172,0.5260166506564201
SRI12,A,343,-0.11217242310286168,0.0,-0.7270063413551265,0.7014020104167483,247828961.92438674,247.82896192438673,0.8237005016543922,0.5260166506564201
SRI12,A,345,-0.011667587222397358,0.0,-0.7696398682602997,0.7078523428037689,225113176.4960733,225.1131764960733,0.8186750631515282,0.5260166506564201
SRI12,A,348,-0.004064352789582573,989.9602308351505,-1.044962228804024e-06,0.7000257437307444,6355692919.27189,6355.69291927189,0.9286387732593303,0.47131497491728047
SRI12,A,349,-0.010600113445703926,310.6350495001817,-0.00014610826413680514,0.7000401771669077,4997812258.699492,4997.812258699492,0.920055502188067,0.5079695449532144
SRI12,A,350,0.0,64.57649557361106,0.0,0.7001940003926286,3664512733.2640777,3664.5127332640777,0.9082346034795603,0.5222097698082327
SRI12,A,351,-0.24503197995621773,0.0,-1.1651270531968043,0.7049340326082326,114501232.79368104,114.50123279368104,0.7983598391859679,0.5260166506564201
SRI12,A,352,-0.033355708938707096,0.0,-1.086998118492677,0.7062497973009921,129282497.94499548,129.28249794499547,0.8006991140996904,0.5260166506564201
SRI12,A,353,0.0,0.0,-0.7597428759757227,0.7469248494311679,198479095.63831118,198.47909563831118,0.8122976482726725,0.5260166506564201
SRI12,A,354,-0.005426262902815038,215.66130078931866,-2.6611113855720973e-05,0.7001154026784068,4642185937.056587,4642.185937056587,0.9163553563169318,0.5135642366670224
SRI12,A,355,-0.0038017434223828438,565.1119474240373,-0.000623244758589132,0.7000691766843882,5651946960.770411,5651.94696077041,0.9258280855302949,0.49330238018998823
SRI12,A,356,-1.5684505465737106,0.0,-1.2939988844672299,0.7088541724972552,92275685.97105733,92.27568597105733,0.7951933682000926,0.5260166506564201
SRI12,A,357,-1.164684987821086,0.0,-0.0031506331953193856,0.7572686480695578,566616879.6705084,566.6168796705084,0.883427615896396,0.5260166506564201
SRI12,A,358,-0.0025709204015003295,0.0,-0.9933194049007006,0.7068499916457067,152384722.89831623,152.38472289831623,0.8048261998790337,0.5260166506564201
SRI12,A,359,-0.0076032618417158915,0.0,-1.3626393042596336,0.8170566281291985,51171260.75648853,51.17126075648853,0.7849379158216815,0.5260166506564201
SRI12,A,360,-0.002505094938290324,0.0,-0.024691118459025108,0.7069575760061036,668170994.5853696,668.1709945853696,0.8980680969153592,0.5260166506564201
SRI12,A,361,-0.0004031604085002051,378.7626087607581,-0.0006180377279565212,0.7000234798199554,5204147868.1248865,5204.147868124886,0.9221990963105275,0.5039758778951863
SRI12,A,362,0.0,665.1343735259153,-0.0006091565670141921,0.7000563728534452,5846956589.45212,5846.95658945212,0.9269221190450777,0.48738748354502437
SRI12,A,364,-0.0002855336945996956,0.0,-0.004842217182142561,0.7057023310931755,685981074.0028359,685.9810740028358,0.9009321521329207,0.5260166506564201
SRI12,A,366,-0.0038009129746206976,910.33852325152,-6.196511526688347e-05,0.700065533194016,6244451976.198699,6244.451976198699,0.9283363574910163,0.47509517202120466
SRI12,A,369,-1.6409280294333697,0.0,-0.446197125787853,0.7602928470634198,316148951.673233,316.148951673233,0.835290141245953,0.5260166506564201
SRI12,A,374,-0.005849086855561255,512.9614372338872,-0.000605570604599928,0.7000917123949882,5539576211.635744,5539.576211635744,0.925045362365247,0.49615754082612884
SRI12,A,375,-0.007243954514484351,279.2555592505571,-7.631987175107084e-05,0.7000913894294037,4890814776.320339,4890.814776320339,0.9188369445333903,0.5099441420286761
SRI12,A,378,-0.010054046866127514,474.9932194776952,-4.7667815492805604e-05,0.7000526486306,5452861019.290322,5452.8610192903225,0.9243426904329882,0.49865691820542923
SRI12,A,379,-1.1962988633728004,0.0,-0.4156011154086185,0.7020850169188305,412197539.46933705,412.1975394693371,0.8545735937666775,0.5260166506564201
SRI12,A,380,-0.18377366991818705,0.0,-0.22492764369278895,0.7011106619947435,537750739.2615304,537.7507392615304,0.8771836197388552,0.5260166506564201
SRI12,A,381,-0.015004876967547764,0.0,-0.3247204821893217,0.7018046938488276,468405939.9079312,468.4059399079312,0.8646333653538265,0.5260166506564201
SRI12,A,382,-0.04563902030882255,256.1653062714633,-0.0005700626090619834,0.7000710863424178,4805528967.335003,4805.528967335003,0.9171380794819796,0.5118564770341907
SRI12,A,384,-0.03637919701359897,4.753151795098432,-1.0911708044452922e-06,0.700002204453109,2302606729.186025,2302.606729186025,0.9034048457679582,0.5256608673995801
SRI12,A,385,-0.01593851807334945,0.0,-0.38667321969477375,0.7010719302324127,429567529.5845412,429.5675295845412,0.8575532785427119,0.5260166506564201
SRI12,A,387,-2.9806329466682255,0.0,-0.6603409589275533,0.7056704837832063,273699813.1947601,273.6998131947601,0.8282367381791013,0.5260166506564201
SRI12,A,388,-0.006729928664689502,343.32252024133805,-9.969742173976528e-05,0.7000234798199554,5101050581.892688,5101.050581892688,0.9211851140285339,0.5060305262034368
SRI12,A,389,-3.4824329734222306,0.0,-0.4875482106310236,0.7066490322517509,363002045.51914984,363.0020455191498,0.844656135482264,0.5260166506564201
SPI3,A,2,-1.3593464572931149,0.0,-0.08616620290254881,0.7419933028281676,831891058.6490958,831.8910586490957,0.909631052762657,0.5260166506564201
SPI3,A,3,-1.226096961130576,0.0,-1.5595629766753316,0.7990335985827485,86351314.2885583,86.3513142885583,0.7896342548119685,0.5260166506564201
SPI3,A,4,-0.5575169645630442,0.0,-0.29266105852516333,0.8881230260729549,306148217.2906223,306.1482172906223,0.8249190593090688,0.5260166506564201
SPI3,A,5,-0.5417989083964743,0.0,-0.07280456572657573,0.758876194879527,784449945.674459,784.449945674459,0.9029601166969082,0.5260166506564201
SPI3,A,6,-0.005118711214486038,0.0,-0.041924015652485616,0.7781747761452772,737834716.8899765,737.8347168899764,0.8958978190486355,0.5260166506564201
SPI3,A,7,-1.922669759778792e-06,1341.8101075728916,-0.001962090141460461,0.7001308514622704,7101140785.146839,7101.140785146839,0.9635855836624327,0.39684953926068234
SPI3,A,9,-1.1456920691130268,0.0,-0.08558936372507325,0.7650449742312319,757956786.1490146,757.9567861490146,0.8993933895470877,0.5260166506564201
SPI3,A,10,0.0,2.6054457021703703,0.0,0.7000330628184056,2413291292.9847035,2413.2912929847034,0.9325968619916745,0.5257676023766323
SPI3,A,11,-0.8655936028825209,0.0,-0.29428165643261245,0.8020507408184236,540765049.0795866,540.7650490795867,0.8657007151243463,0.5260166506564201
SPI3,A,12,-1.8564127250240214,0.0,-0.18395489067318305,0.7088971275665202,872839125.5738426,872.8391255738427,0.9143273917529442,0.5260166506564201
SPI3,A,15,-0.009936459952165466,0.0,-0.10937882706680384,0.9127333640896709,276737265.87311035,276.73726587311035,0.8198135695734158,0.5260166506564201
SPI3,A,16,-1.7572134059625313,0.0,-1.5474923211392357,0.7013323254190517,131629975.8920806,131.6299758920806,0.7978172697192869,0.5260166506564201
SPI3,A,17,-0.9027614641668625,0.0,-0.003615289672077991,0.9353675538309549,220314535.45588136,220.31453545588136,0.8111235635251005,0.5260166506564201
SPI3,A,26,-0.04412258845677737,0.0,-0.08594072771118758,0.9387832639480045,197547547.26271728,197.54754726271727,0.8074234176539653,0.5260166506564201
SPI3,A,28,0.0,871.712089393887,-0.0003055420245095188,0.7000148105879206,6513107774.548775,6513.107774548775,0.9624470772405448,0.4384317074038495
SPI3,A,30,-0.000626870462375694,760.4544145965637,0.0,0.7000199093347782,6338610427.333866,6338.610427333866,0.9617266161454441,0.44810011740847466
SPI3,A,32,-0.04412258845677737,0.0,-0.08594072771118758,0.7117201502063535,929785876.4487087,929.7858764487087,0.9213185327498491,0.5260166506564201
SPI3,A,34,-1.1452685240787521,0.0,-1.652468758183725,0.7041911632985199,103497555.42646246,103.49755542646245,0.7933344006831038,0.5260166506564201
SPI3,A,36,-0.00018195942483925203,302.1192141254768,-3.091853421429104e-05,0.7000405462679841,5294521514.729303,5294.521514729303,0.9515423204184009,0.49485893193866304
SPI3,A,37,0.0,459.2160466507962,-1.3018656563610598e-06,0.7000273237507213,5739937556.7677965,5739.937556767796,0.9565588643398442,0.4782883267513431
SPI3,A,38,-7.997418057369522e-07,425.447987733343,0.0,0.7000382229277973,5655357104.049599,5655.357104049599,0.9555804603835342,0.48184615931974234
SPI3,A,39,-0.00048089979835130425,72.34913523880431,0.0,0.7000003449787153,4069327838.126474,4069.327838126474,0.9388942256377416,0.5189721421709893
SPI3,A,40,-1.1452685240787521,0.0,-1.652468758183725,0.9245146151456317,26510930.666579798,26.5109306665798,0.7803305226456044,0.5260166506564201
SPI3,A,43,-1.2026959153871462,0.0,-0.06911766101082172,0.7006239365962483,976410182.2884157,976.4101822884156,0.9265574412068169,0.5260166506564201
SPI3,A,44,-0.00012177537826459843,596.1879294815926,0.0,0.7000001281292986,6040955493.818171,6040.955493818171,0.9596097057672466,0.4637812644536947
SPI3,A,46,-1.0516034314525957,0.0,-0.18109186172102942,0.7648077954409791,706839365.5430396,706.8393655430395,0.8922688298288681,0.5260166506564201
SPI3,A,48,-0.002906791720250818,527.8855915411793,0.0,0.7000337596660724,5898235652.932219,5898.235652932219,0.958017575692888,0.4712527128473334
SPI3,A,49,0.0,1655.7829495052881,-0.0020599572937781384,0.7000668873611584,7411149089.771935,7411.149089771936,0.9636745294766428,0.34933468530970935
SPI3,A,50,-0.0002901733361011339,146.47606975093913,-0.0001017666104726608,0.7000475335515758,4621830358.970554,4621.830358970555,0.9439997153733946,0.5113761696374569
SPI3,A,51,-1.99640484391896,0.0,-0.2155143781471785,0.8861055608100621,332606687.6655528,332.6066876655528,0.8296331874621982,0.5260166506564201
SPI3,A,53,-0.0002900429540260434,94.64701220759127,0.0,0.700027921941022,4268895894.4639554,4268.895894463955,0.9405397232006264,0.5168018643042659
SPI3,A,56,-0.00020079875750480115,27.739330837563045,-6.9249706946379e-05,0.700097170149169,3451885467.4479055,3451.8854674479057,0.9349094531611344,0.5235083786956986
SPI3,A,58,-0.9027614641668625,0.0,-0.003615289672077991,0.7058916453285822,1002058631.3501388,1002.0586313501387,0.929919592983954,0.5260166506564201
SPI3,A,59,0.0,219.7866080872607,0.0,0.7001851513424749,4984062585.209054,4984.062585209054,0.9479133311986337,0.5035578325683994
SPI3,A,60,-1.1465253786703409,0.0,-0.08118782458923546,0.7974690109193827,655409917.0146067,655.4099170146067,0.8834454050592379,0.5260166506564201
SPI3,A,62,-6.270733970718536e-06,193.7667038197427,0.0,0.7000401564001563,4868166708.551216,4868.166708551216,0.9466947735439569,0.5062706799018037
SPI3,A,63,-0.04043319819409763,0.0,-0.18561834266806743,0.7970413006170214,607564685.6939098,607.5646856939097,0.8764720532251752,0.5260166506564201
SPI3,A,68,-4.3368015423122315e-05,341.66700155737163,-0.0031089813385897225,0.7004001028760195,5417317078.623291,5417.317078623291,0.9527519834916568,0.49069626783363574
SPI3,A,69,-0.000542739022617606,791.9345124187013,-0.00010434677058341627,0.7000474165565348,6389740632.794387,6389.740632794387,0.9619311915181269,0.44560963461059516
SPI3,A,70,-1.709543069006844e-05,272.9001720830831,-0.00010738441643282429,0.7000165504611746,5192923387.498156,5192.9233874981555,0.9504749706478812,0.49822997829722127
SPI3,A,71,-1.9824498389840306,0.0,-0.1252128744390221,0.8867571771367764,354788386.35068727,354.7883863506873,0.8328530259365995,0.5260166506564201
SPI3,A,72,-0.12423137009015495,0.0,-0.18320227382010332,0.8494403927672813,451810123.4976685,451.8101234976685,0.8497349414736542,0.5260166506564201
SPI3,A,73,-0.0365837421940679,0.0,-0.18395489067318305,0.7000558312239058,899344672.915413,899.3446729154131,0.9174493898317145,0.5260166506564201
SPI3,A,75,-0.09180183028726935,0.0,-0.3071690637491285,0.8502336885708882,404961773.0741413,404.9617730741413,0.8419343935674388,0.5260166506564201
SPI3,A,78,-0.24990591021732209,0.0,-0.2541177257132997,0.8831436721586602,330713945.31270283,330.71394531270283,0.8293663500195679,0.5260166506564201
SPI3,A,79,-0.3281659775417206,0.0,-1.6182586778759733,0.8856381029559639,43646824.35596202,43.646824355962025,0.7828832675134308,0.5260166506564201
SPI3,A,80,-0.3399499747383876,0.0,-1.6394989485013065,0.7742420356360872,81861560.49815594,81.86156049815594,0.7892517878108656,0.5260166506564201
SPI3,A,81,-1.5442641367122198,0.0,-0.17629767362244186,0.7021518089980596,898742841.4510142,898.7428414510142,0.9172714982032948,0.5260166506564201
SPI3,A,82,-2.98995465574858e-05,0.0,-0.17923321943941867,0.7415602585171396,777909769.0491872,777.9097690491872,0.9024531255559113,0.5260166506564201
SPI3,A,83,-4.128880644116214e-05,122.0707893927147,0.0,0.7000017472619486,4470194176.875692,4470.194176875692,0.9424698473689829,0.5140267549009143
SPI3,A,85,-0.24380327712001226,0.0,-0.08089315994236679,0.7977101100984461,654786168.8674017,654.7861688674017,0.8833564592450279,0.5260166506564201
SPI3,A,88,-0.00039316434017435986,2.3004717062711393,-0.00013217299649737443,0.7000088617426315,2373100974.070433,2373.100974070433,0.9325790728288326,0.5257853915394742
SPI3,A,90,-0.27080317827752975,0.0,-0.06448562424850571,0.7096620138030487,950216527.2047044,950.2165272047044,0.9238979613619382,0.5260166506564201
SPI3,A,91,-1.890160163325721,0.0,-0.248476125453652,0.9315792243293577,194615276.08410507,194.61527608410506,0.8068185861173375,0.5260166506564201
SPI3,A,93,-0.0003518736069238887,1213.6193416829065,-5.220603301026548e-07,0.7000421172836534,6960226408.783104,6960.226408783104,0.9634877432668018,0.4094620557156581
SPI3,A,94,-0.08567308762246417,0.0,-0.1768603333381927,0.7269426418582823,823629951.8529274,823.6299518529274,0.9083858113637172,0.5260166506564201
SPI3,A,96,-0.00047313135290730695,717.9665625915645,-0.0017607821777843279,0.7000599537534311,6265343965.408029,6265.343965408028,0.9612107304230262,0.4519514711637671
SPI3,A,97,-3.9278980694431036,0.0,-0.001649545584094407,0.7066368372535138,1000849130.9464126,1000.8491309464125,0.9297950688440602,0.5260166506564201
SPI3,A,100,-0.258900190173765,0.0,-2.140845074475856,0.9314276478978768,6999026.944513345,6.9990269445133455,0.7777421994520938,0.5260166506564201
SPI3,A,101,-0.00019230711520529502,219.65860672267002,-0.0009917097521349395,0.7000528325709556,4983152357.385998,4983.152357385998,0.9478065962215817,0.5036023054755043
SPI3,A,104,-0.1518769353811673,0.0,-0.24898971425453797,0.9135134970045111,245885665.37685558,245.88566537685557,0.8149304443732878,0.5260166506564201
SPI3,A,108,-0.2565251721520817,0.0,-1.5396174351522645,0.7036052479009464,132803650.23742716,132.80365023742715,0.7978884263706552,0.5260166506564201
SPI3,A,109,-0.007694335806333996,0.0,-0.06466601614638955,0.7844876919793841,705103240.3839692,705.1032403839691,0.8909791155228233,0.5260166506564201
SPI3,A,111,-0.2501587301152729,0.0,-0.18401147967122383,0.7178411671841738,845998556.5001638,845.9985565001638,0.9111609207670688,0.5260166506564201
SPI3,A,112,-0.00023344664653957709,424.68398591686486,-2.1009118793077305e-06,0.7001004635327743,5653164965.657256,5653.164965657256,0.9555626712206922,0.4819351051339524
SPI3,A,115,-1.6122129119108816e-05,95.30713528457815,-0.00011222602358866812,0.7000504642935274,4274099132.758074,4274.099132758074,0.9406019852705731,0.5167484968157399
SPI3,A,117,-0.12589463031530768,0.0,-0.3193501885226868,0.8476516961616511,407381740.2007291,407.3817402007291,0.8424947521969618,0.5260166506564201
SPI3,A,121,-3.965515159279597e-08,192.59010962027023,-0.00011222602358866812,0.7000524460979973,4862528154.94815,4862.52815494815,0.9465969331483259,0.5064396769488029
SPI3,A,122,-1.9772506391991225e-06,634.4118376266465,-0.0005045255773019996,0.7000078070892127,6115026156.485848,6115.026156485848,0.9601967481410324,0.46001885651261254
SPI3,A,126,-0.2630338104595259,0.0,-0.19283858066317516,0.8028937787988442,586079730.4712758,586.0797304712758,0.8729231152381968,0.5260166506564201
SPI3,A,127,-1.5442641367122198,0.0,-1.5316544458110943,0.8509907736009954,67743392.74246219,67.74339274246219,0.7862543138719891,0.5260166506564201
SPI3,A,129,-3.2093868287020104,0.0,-0.19925032814970794,0.7844876919793841,637825261.0863084,637.8252610863084,0.8813196000996193,0.5260166506564201
SPI3,A,130,-0.32320227962606407,0.0,-0.08271091138012915,0.7659573482634202,756472482.8894368,756.4724828894368,0.899073184615932,0.5260166506564201
SPI3,A,138,-3.373739093468354,0.0,-0.0009999061242551214,0.8428983129827745,536271966.34356654,536.2719663435665,0.8632902835592555,0.5260166506564201
SPI3,A,141,-1.7499007794651853,0.0,-0.06261291291386936,0.7016805700610287,978108740.4364119,978.1087404364118,0.9270377486035508,0.5260166506564201
SPI3,A,142,-1.9772506391991225e-06,548.095192701578,-0.0005045255773019996,0.7000078070892127,5941670214.993982,5941.670214993982,0.9585779343224109,0.46900238374782083
SPI3,A,147,-0.06768416986665515,0.0,-0.17670324609448804,0.841265809327908,478916855.2752964,478.91685527529637,0.8540843917885224,0.5260166506564201
SPI3,A,150,-0.3425799603017625,0.0,-0.029776210567069042,0.9342920907987332,220240888.56430078,220.24088856430077,0.8110079339666276,0.5260166506564201
SPI3,A,151,0.0,1340.2261921045279,0.0,0.7000024888255197,7101349059.759701,7101.349059759701,0.9636300565695377,0.3969473796563133
SPI3,A,152,-1.3858964386785886,0.0,-0.25955957208673897,0.8474298769296288,430053038.56498593,430.0530385649859,0.8466485217205678,0.5260166506564201
SPI3,A,154,-0.4446868847562251,0.0,-0.09907107787937108,0.7086238775821762,931133682.5346861,931.133682534686,0.9215853701924787,0.5260166506564201
SPI3,A,155,-2.481193545565504e-05,0.0,-0.286694110438454,0.8899165299697585,302942387.8279912,302.9423878279912,0.8244031735866508,0.5260166506564201
SPI3,A,156,-0.6614648610433458,0.0,-0.20862031788361302,0.88699128441256,331880971.20709854,331.8809712070985,0.829464190415199,0.5260166506564201
SPI3,A,157,-2.6882896353318015,0.0,-0.18466642639699268,0.7086087951361898,873066999.5910505,873.0669995910505,0.9144074429857332,0.5260166506564201
SPI3,A,159,-2.5444483504057135e-08,1473.5282361269187,0.0,0.700017683077231,7239119335.269592,7239.119335269593,0.9636567403138007,0.3810972355640943
SPI3,A,160,-0.0010159239957912279,334.0807718575811,-4.418307698411675e-05,0.7000020656562755,5397618293.269689,5397.618293269688,0.9525829864446578,0.49145230725442063
SPI3,A,161,-5.216112635158196e-06,245.4152661246903,-0.0002388549063727781,0.7000039188694995,5089350223.218425,5089.350223218425,0.9492297292489413,0.5008805635606788
SPI3,A,165,0.0,560.5014317414626,-0.00014085261447574883,0.7000411900748797,5967920052.582872,5967.920052582873,0.9588803500907247,0.4676326182089871
SPI3,A,170,-0.028541073683106266,0.0,-0.08257257549422453,0.8048128762591711,630994803.0233767,630.9948030233767,0.8795051054897356,0.5260166506564201
SPI3,A,171,-0.6614648610433458,0.0,-0.20862031788361302,0.8088375960784063,561307673.668076,561.3076736680761,0.8690272885757994,0.5260166506564201
SPI3,A,173,-0.0009669488732934343,753.1463022233454,0.0,0.7000015325341516,6326479955.803827,6326.479955803828,0.9616109865869711,0.4486960543636816
SPI3,A,175,-1.3205618387284704e-05,26.606688067050754,0.0,0.7000052281202133,3428416918.714484,3428.4169187144844,0.9348116127655033,0.5235617461842245
SPI3,A,178,0.0,674.2402822476598,-4.49336765441682e-05,0.7000413701241466,6189192438.078522,6189.192438078522,0.9607393176077134,0.4559985057103213
SPI3,A,179,-1.608463254003302,0.0,-0.19033808188391235,0.8474298769296288,454796436.4011846,454.7964364011846,0.850562137545807,0.5260166506564201
SPI3,A,181,-1.399321417256956,0.0,-2.2073956597464646,0.9142461525956933,7355430.737295751,7.355430737295752,0.7778489344291459,0.5260166506564201
SPI3,A,182,-0.04538379421592308,0.0,-0.02460820299268876,0.7093632310847118,977180561.5993121,977.1805615993121,0.9269843811150246,0.5260166506564201
SPI3,A,183,-0.05620894947644073,0.0,-0.2868835652379927,0.8521205465344766,406859992.31964827,406.85999231964826,0.8421745472658055,0.5260166506564201
SPI3,A,184,-2.4819384879249586,0.0,-0.1559493041436898,0.7449178593372016,781298542.5415154,781.2985425415153,0.9027110684171203,0.5260166506564201
SPI3,A,185,-0.00038329579720131567,426.2963346480418,-0.0004142049269361417,0.7000021111744104,5657420052.156181,5657.420052156182,0.9556071441277972,0.4817394243426904
SPI3,A,187,-2.636235919961651,0.0,-1.6430659736298454,0.7100420551715645,104110091.50469129,104.11009150469128,0.7933610844273667,0.5260166506564201
SPI3,A,189,-1.4831948827109604,0.0,-0.0018982065529463202,0.7066835787751099,1000588572.4426656,1000.5885724426656,0.9297505959369552,0.5260166506564201
SPI3,A,192,-0.42511451679215123,0.0,-0.1740772875066724,0.702524666735074,899014313.2686954,899.0143132686953,0.9172803927847156,0.5260166506564201
SPI3,A,197,-1.3861214324041042,0.0,-0.29212581383847314,0.9392299981450934,166412065.89539015,166.41206589539016,0.8020955633827873,0.5260166506564201
SPI3,A,200,-3.077473296569072,0.0,-0.008981925479277786,0.9263252448119049,250314997.06862125,250.31499706862124,0.8160422670509127,0.5260166506564201
SPI3,A,204,-1.4223492439754173,0.0,-0.07999775008023269,0.9142461525956933,277865571.2952419,277.86557129524186,0.8200270395275197,0.5260166506564201
SPI3,A,207,-0.0009771533201633695,391.59180157364426,-0.0012536092008287028,0.7004237707141424,5562859930.50724,5562.85993050724,0.9542284840075426,0.4856085672608248
SPI3,A,210,-1.2870234421656988,0.0,-0.1740772875066724,0.8826249875786306,354805970.6240317,354.8059706240317,0.8328886042622833,0.5260166506564201
SPI3,A,211,-7.162451192960635e-06,718.0846076354343,-0.00014742537723602873,0.7000996744012424,6266638802.968281,6266.638802968281,0.9612552033301311,0.4519514711637671
SPI3,A,214,-3.707074824652419,0.0,-0.15149937798055158,0.8009403580263488,611885125.2390774,611.8851252390774,0.8769434660404881,0.5260166506564201
SPI3,A,216,-0.0013034166226841577,170.54132952327666,-1.365138970093932e-05,0.7001102045831596,4753526496.659461,4753.526496659461,0.9451826947023872,0.5086544277226314
SPI3,A,219,-0.010616747215720118,0.0,-0.030516261137659817,0.8396303560001935,537173437.7909591,537.1734377909592,0.8634592806062548,0.5260166506564201
SPI3,A,220,-2.463724825301236,0.0,-0.15764622537902245,0.7368642552106881,804861567.6836505,804.8615676836505,0.9059575906357847,0.5260166506564201
SPI3,A,221,-0.0009276262114158676,791.7812778133501,-2.157611836947898e-07,0.7000900795260439,6389374006.2125025,6389.3740062125025,0.961895613192443,0.4456985804248052
SPI3,A,222,0.0,300.2977569236982,-6.987126835401522e-06,0.7000023385509602,5288540955.992882,5288.540955992882,0.9514800583484541,0.49512576938129294
SPI3,A,224,-2.2353171937793343e-05,193.03764342996445,-1.3665364967280324e-05,0.7001174199443251,4864471412.650344,4864.471412650344,0.9466414060554311,0.5063952040416978
SPI3,A,226,-2.6071211141004476,0.0,-0.07989054513692097,0.7973063121748173,656657406.7531235,656.6574067531235,0.8836410858504998,0.5260166506564201
SPI3,A,230,-3.24107605069097,0.0,-0.1812730043348132,0.8405996241058633,479019938.12364984,479.0199381236498,0.8542533888355215,0.5260166506564201
SPI3,A,232,-3.278106383008956,0.0,-1.5961575895424018,0.837609943721986,64568497.860760674,64.56849786076067,0.7861120005692531,0.5260166506564201
SPI3,A,233,-0.8045404126487893,0.0,-1.3847740686928791,0.8420994547526583,95227763.41509941,95.22776341509942,0.7902924538371224,0.5260166506564201
SPI3,A,234,-3.8568084373074414,0.0,-0.18728421707598747,0.7161226856188216,848274139.66715,848.27413966715,0.9115789660938555,0.5260166506564201
SPI3,A,235,-0.0024540388063506945,0.0,-0.17145920616624216,0.8818599886257246,357821390.72659045,357.82139072659044,0.8333511224961753,0.5260166506564201
SPI3,A,236,-0.03311767806672922,0.0,-1.4576346887508804,0.7007049077104976,156682851.1796061,156.6828511796061,0.8014907318461594,0.5260166506564201
SPI3,A,238,-0.988907221778399,0.0,0.0,0.7773574233860318,760533283.974939,760.533283974939,0.8994912299427189,0.5260166506564201
SPI3,A,241,-0.000326467894497905,121.22848554341923,-8.963077252466511e-08,0.7000009534227944,4464555398.8226385,4464.555398822638,0.942416479880457,0.5140979115522823
SPI3,A,243,-5.351512345978343e-06,193.0994544319604,0.0,0.7000088858288304,4865137175.300707,4865.137175300707,0.946659195218273,0.5063952040416978
SPI3,A,245,-0.00012206173900312402,53.79861416515957,0.0,0.7001935427510868,3862789369.027492,3862.789369027492,0.9373465684704878,0.5205731668267691
SPI3,A,248,-0.7519495358665704,0.0,-0.03422698534187051,0.7153462671417672,951087196.1357621,951.087196135762,0.9240936421532001,0.5260166506564201
SPI3,A,249,-0.0028677318584481907,0.0,-0.12448637442271461,0.7735273648258016,709888653.5488449,709.8886535488449,0.8923666702244993,0.5260166506564201
SPI3,A,251,-0.00019033948321559935,73.66869121002026,0.0,0.7000094021466788,4082332194.5760307,4082.332194576031,0.9389564877076886,0.5188920909382004
SPI3,A,253,-0.0036823278426243444,0.0,-0.06316504924195843,0.798044633104915,661945624.8472395,661.9456248472395,0.8841124986658128,0.5260166506564201
SPI3,A,254,-3.1301964807907305,0.0,-0.047885280062717306,0.7778160834976857,736250493.2811536,736.2504932811536,0.8956487707688475,0.5260166506564201
SPI3,A,257,-3.8982532656258635,0.0,-0.17284830786617483,0.8075817787251833,582106595.9841694,582.1065959841694,0.871918027537624,0.5260166506564201
SPI3,A,258,-0.0017244000872092685,390.99473028230193,-0.00021126988696062,0.7000000236408683,5563551322.526572,5563.551322526572,0.9544330593802256,0.48568861849361367
SPI3,A,260,-0.00027564504111033647,301.1046127905683,0.0,0.7000000283005731,5291261565.459141,5291.261565459141,0.9514978475112961,0.49501903440424094
SPI3,A,261,-0.00683830723483056,0.0,-1.6818470580115654,0.8736742189331974,41641462.867407866,41.64146286740787,0.7826075354893798,0.5260166506564201
SPI3,A,268,-3.8568084373074414,0.0,-0.18728421707598747,0.7235258015738275,826155863.8827927,826.1558638827927,0.9088483295976092,0.5260166506564201
SPI3,A,269,0.0,752.8007294407116,-0.00040142948664277704,0.7,6325777492.242023,6325.777492242023,0.9616287757498131,0.44865158145657663
SPI3,A,271,-0.00011124187801458605,218.39742443746735,-0.0013791500990891319,0.7000000132677155,4977667529.867947,4977.6675298679465,0.9477710178958977,0.5037357241968193
SPI3,A,278,-3.2349330400205467,0.0,-1.9230253300450335,0.8733815287259813,24007392.81646152,24.00739281646152,0.7801437364357633,0.5260166506564201
SPI3,A,279,-4.932313489658092e-07,1062.278517526099,-0.0016563727431111142,0.700006527409574,6775017818.968229,6775.017818968229,0.9632653787312768,0.42252819582310447
SPI3,A,283,-0.0002797660689099195,1213.1859753552776,-0.0016620185660938098,0.7000087000880373,6958566328.819745,6958.566328819745,0.9634521649411177,0.40950652862276304
SPI3,A,285,-0.032989137383127094,0.0,-1.6658444734893998,0.7016584399407635,101428609.94700424,101.42860994700425,0.7930942469847369,0.5260166506564201
SPI3,A,286,0.0,675.085378991227,-0.00040142948664277704,0.7,6190689699.608857,6190.689699608857,0.9607571067705553,0.45587398157042724
SPI3,A,287,-0.0002843638082556369,93.9966286567246,-0.00025676617199785635,0.7000483194486778,4263384672.3935127,4263.384672393513,0.9404774611306793,0.5168552317927919
SPI3,A,290,-0.0036823278426243444,0.0,-0.12338169332534438,0.798044633104915,633418809.9264617,633.4188099264617,0.8802878286547836,0.5260166506564201
SPI3,A,299,-2.185584010905619e-08,363.8144865330364,0.0,0.700004351632438,5486881186.58269,5486.88118658269,0.9537392820293876,0.4884192549898602
SPI3,A,300,-4.844250535710728e-07,1656.0660996247957,-0.001637361981629333,0.7000081085023293,7411818551.014931,7411.818551014931,0.9636834240580637,0.34929910698402533
SPI3,A,303,-3.24107605069097,0.0,-0.1813245801211014,0.831992383777058,504878614.8371952,504.87861483719524,0.8587629416159674,0.5260166506564201
SPI3,A,304,-1.9064546211217592,0.0,-0.0012228892690659965,0.9103964591827607,305880407.5015027,305.8804075015027,0.8247322730992279,0.5260166506564201
SPI3,A,306,-3.7321816998841664,0.0,-0.36167189302402947,0.8512371782332745,381800283.033845,381.800283033845,0.8382253531148822,0.5260166506564201
SPI3,A,307,0.0,1051.5998300750741,0.0,0.7,6762619348.313244,6762.619348313244,0.9632386949870138,0.42326644608104746
SPI3,A,309,-3.2542524536511563,0.0,-1.6953515101223253,0.8654221580276839,42866970.62060102,42.86697062060102,0.7828654783505888,0.5260166506564201
SPI3,A,311,-1.2648662853333996,0.0,-0.22049308381911015,0.8067629358755875,561667033.7373023,561.6670337373023,0.8690984452271676,0.5260166506564201
SPI3,A,312,-2.7253582499154034,0.0,0.0,0.784854451614197,734928424.9550487,734.9284249550486,0.8954175116519018,0.5260166506564201
SPI3,A,314,0.0,1655.117174989897,0.0,0.7,7412232672.122008,7412.232672122008,0.9637190023837476,0.3494236311239193
SPI3,A,316,-2.663242904320467,0.0,-1.6205449574192494,0.7785291409721836,83902458.58593342,83.90245858593342,0.7895453089977585,0.5260166506564201
SPI3,A,319,-3.49244580122424,0.0,-1.8873418160502382,0.8768357111845312,25399016.112908807,25.399016112908807,0.7802949443199204,0.5260166506564201
SPI3,A,322,-0.0024837601076631716,248.08906194650137,0.0,0.7,5099934887.572487,5099.934887572487,0.9493008859003095,0.5005158857224179
SPI3,A,323,-0.8395072162164643,0.0,-0.0706200243342581,0.7440024824165086,834061466.165841,834.061466165841,0.9096577365069201,0.5260166506564201
SPI3,A,324,0.0,529.6099730767689,0.0,0.7,5902171471.652525,5902.171471652525,0.9581954673213079,0.47084356210196743
SPI3,A,326,0.0,753.2570802461898,0.0,0.7,6326709934.043824,6326.709934043824,0.961637670331234,0.44859821396805055
SPI3,A,327,-1.8830080051337899,0.0,-0.15384813510477047,0.7929031735165974,635370412.6674014,635.3704126674014,0.8807859252143593,0.5260166506564201
SPI3,A,328,0.0,301.4570465309642,0.0,0.7,5292441838.12983,5292.44183812983,0.9515245312555591,0.494965666915715
SPI3,A,332,0.0,1133.0267807034852,0.0,0.7,6864702849.177626,6864.7028491776255,0.9634432703596969,0.41647988045682566
SPI3,A,334,-3.8769255303499532,0.0,-1.6094159678502966,0.7190968055754985,108723184.87919588,108.72318487919588,0.7939837051268368,0.5260166506564201
SPI3,A,337,-0.652934260461806,0.0,-0.3042733252815166,0.8973773374669839,278365377.1427868,278.3653771427868,0.8200893015974666,0.5260166506564201
SPI3,A,338,-0.0004016093059358017,0.0,-0.05740089044963878,0.7098607309612621,954833832.685142,954.833832685142,0.9242181662930942,0.5260166506564201
SPI3,A,340,0.0,1213.253414377345,-0.0025084347889268895,0.7,6958135012.346644,6958.1350123466445,0.9634521649411177,0.40949763404134204
SPI3,A,341,-1.7920602026801258,0.0,-0.00023566113188899784,0.7068690005506449,1001130655.5243086,1001.1306555243085,0.929830647169744,0.5260166506564201
SPI3,A,342,0.0,828.7980431184569,-0.0018816061822591566,0.7,6446721640.505791,6446.721640505791,0.9621268723093889,0.4423542178105098
SPI3,A,344,0.0,95.05375602885954,0.0,0.7,4272286918.408666,4272.286918408666,0.9405930906891522,0.5167751805600029
SPI3,A,345,0.0,26.928378061003677,0.0,0.7,3435267785.839472,3435.267785839472,0.9348471910911873,0.5235350624399615
SPI3,A,346,0.0,149.91030072752534,0.0,0.7,4641831537.484545,4641.831537484545,0.9441865015832356,0.5110203863806169
SPI3,A,347,0.0,397.0751202244154,0.0,0.7003785075124442,5579031595.005322,5579.031595005323,0.9546287401714877,0.4849681573985129
SPI3,A,348,0.0,597.2912246076718,0.0,0.7000775209598902,6042892644.411699,6042.8926444117,0.9596186003486674,0.46366563489522183
SPI3,A,349,0.0,121.49786130287524,0.0,0.7000054802773726,4466346296.985354,4466.3462969853545,0.9424431636247199,0.5140712278080193
SPI3,A,350,-0.04745935842845564,0.0,-0.09754506426268804,0.7323771383459621,855971533.1466105,855.9715331466105,0.9127530508414274,0.5260166506564201
SPI3,A,351,0.0,0.0,-0.18281876851184137,0.7,900513741.6330708,900.5137416330708,0.9175294410645035,0.5260166506564201
SPI3,A,352,0.0,721.0321266020258,0.0,0.7000001082678304,6272127732.148922,6272.127732148922,0.9612996762372361,0.4517113174654001
SPI3,A,353,0.0,168.2079430277588,-5.920126063901476e-06,0.7,4741781887.261387,4741.781887261387,0.9451026434695983,0.5089924218166293
SPI3,A,354,-3.9899536031396066,0.0,-0.0664497733200452,0.716439834604064,926642190.3444732,926.6421903444732,0.9213185327498489,0.5260166506564201
SPI3,A,355,0.0,677.6866413380944,0.0,0.7000000086334663,6195576412.616985,6195.576412616985,0.9607926850962393,0.45561603870921835
SPI3,A,356,-0.23608486888912683,0.0,-0.05284737875969541,0.7333304948851582,880696158.6752517,880.6961586752517,0.915706051873199,0.5260166506564201
SPI3,A,357,0.0,1953.9187512020392,-0.00010957549847987987,0.7,7667474384.64353,7667.474384643529,0.9637278969651687,0.2902568755114385
SPI3,A,359,0.0,76.87630052615273,0.0,0.7,4113330822.5335765,4113.330822533577,0.9392322197317396,0.5186252534955705
SPI3,A,362,0.0,1343.92871193475,0.0,0.7,7105321127.167231,7105.321127167231,0.9636389511509587,0.3966093855623154
SPI3,A,365,0.0,277.594348807194,0.0,0.7,5209909691.642997,5209.909691642997,0.9506083893691963,0.49773188173764543
SPI3,A,366,0.0,872.0185550061009,0.0,0.7,6513783054.779665,6513.783054779665,0.9624559718219658,0.43840502365958656
SPI3,A,367,0.0,425.59742066733804,0.0,0.7000001096507849,5655867619.709545,5655.867619709546,0.9555893549649552,0.48181947557547933
SPI3,A,368,0.0,51.2321628745467,0.0,0.7000000016115405,3830854140.988037,3830.854140988037,0.9371775714234888,0.5208400042693991
SPI3,A,369,-1.1656815724014347,0.0,-0.1556934781921584,0.9344635841591199,200895697.47103876,200.89569747103877,0.8076635713523322,0.5260166506564201
SPI3,A,370,-0.0002820526885676418,362.14455790348813,0.0,0.7,5482026131.766158,5482.026131766158,0.9536681253780197,0.4886505141068062
SPI3,A,371,-3.450880560918402,0.0,0.0,0.9354587598713102,220564337.83257106,220.56433783257106,0.8112480876649946,0.5260166506564201
SPI3,A,372,-3.1751097493735134,0.0,-1.9239935281192608,0.9570735300788764,8221180.967392091,8.22118096739209,0.7778578290105669,0.5260166506564201
SPI3,A,379,0.0,933.6379649857225,0.0,0.7001541802999659,6602736762.544862,6602.736762544861,0.9628028604973848,0.43329953392393356
SPI3,A,381,0.0,632.9630204335876,-0.0008905853660989595,0.7,6111796132.457155,6111.796132457155,0.9601611698153483,0.46012559148966464
SPI3,A,386,0.0,0.0,-0.025862482687131205,0.9345511069159497,219998601.26561564,219.99860126561563,0.8109545664781016,0.5260166506564201
SPI3,A,387,-2.9730368449522975,0.0,-0.1868684597271989,0.7321239108336264,800677440.9599794,800.6774409599794,0.9056551748674706,0.5260166506564201
SPI3,A,388,0.0,146.18742229470666,0.0,0.7,4620374017.90229,4620.374017902291,0.9439908207919735,0.5113850642188779
SPI3,A,389,-1.8216025113623915,0.0,-0.1872787558455613,0.8894132444556192,330534258.99084574,330.53425899084573,0.8289127263670971,0.5260166506564201
SPI3,A,390,-1.7760248062300357,0.0,-0.1872787558455613,0.7722614888014785,680548341.6998605,680.5483416998604,0.8884886327249439,0.5260166506564201
SPI3,A,391,0.0,75.77199359966363,-0.00023261626227576854,0.7000254808663933,4102542718.6237755,4102.542718623776,0.9391254847546876,0.5187230938912014
SPI3,A,394,-0.08564272546622442,0.0,-0.17887547215659505,0.7982927576997657,607407261.1630157,607.4072611630157,0.8764008965738072,0.5260166506564201
SPI3,A,395,-2.0042432113305444,0.0,-0.07542731326726226,0.7075328539448467,949957278.3690168,949.9572783690168,0.9236933859892553,0.5260166506564201
SPI3,A,396,-0.028362628748523577,0.0,-0.06857656546397276,0.7313372324137797,876700811.7049681,876.7008117049681,0.9152079553136231,0.5260166506564201
SPI3,A,397,-0.12960869282309576,0.0,-0.26226929946627675,0.8725362593224615,358474594.6609399,358.4745946609399,0.8339826377770663,0.5260166506564201
SPI3,A,401,-1.8090965861957071,0.0,-0.16728365929462546,0.7194739292373576,852131154.0628625,852.1311540628625,0.9117835414665386,0.5260166506564201
SPI3,A,403,-0.31582537851550707,0.0,-0.08466340101239564,0.7735967332108626,730839369.2648292,730.8393692648292,0.8952663037677445,0.5260166506564201
SPI3,A,406,0.0,1503.7888986646042,-4.5264504696015575e-09,0.7000143246430889,7269063260.650256,7269.063260650256,0.9636656348952216,0.3763475290852813
SPI3,A,407,-2.196238317379968,0.0,-1.6492402504813493,0.7077573584029665,103212483.79112583,103.21248379112583,0.793236560287473,0.5260166506564201
SPI3,A,408,-0.36723170129210847,65.70693723787792,0.0,0.7,4000594049.199576,4000.5940491995757,0.9367061586081759,0.5208577934322411
SPI3,A,409,0.0,52.21503819078868,0.0,0.7000125349891845,3843439235.3245625,3843.4392353245626,0.9372754118191197,0.520777742199452
SPI3,A,410,-2.9407426197696944,0.0,-0.18544180793318693,0.8495557176661441,450434785.2670028,450.43478526700284,0.8495303661009713,0.5260166506564201
SPI3,A,412,-1.8376585945242007e-08,526.5513016306113,-0.00025578364968767637,0.7000003376891644,5895329482.87024,5895.32948287024,0.9581243106699399,0.4712260291030703
SPI3,A,416,-2.8280289904160716,0.0,-0.29781650135134985,0.9386844208895857,167207394.61141914,167.20739461141915,0.8022111929412603,0.5260166506564201
SPI3,A,418,-0.00034513214558517657,756.3483116508921,-8.355520003687749e-05,0.7000252868286192,6331725161.399344,6331.725161399345,0.9616465649126551,0.4483847440139467
SPI3,A,420,-1.887933594905507,0.0,-0.17419795476003908,0.7261577285734386,827546192.2642657,827.5461922642656,0.9089105916675563,0.5260166506564201
SPI3,A,423,-2.8280289904160716,0.0,-1.5655259599407325,0.7936067106885851,87280688.07657698,87.28068807657698,0.7898299356032304,0.5260166506564201
SPI3,A,424,-0.00025731538026290524,1049.938509067303,-0.0007656872168465157,0.7000230323925198,6759745306.959074,6759.745306959074,0.9632298004055927,0.42336428647667845
SPI3,A,425,-0.01953296945198152,0.0,-0.058743763757115194,0.7702886393363964,755113993.4775515,755.1139934775515,0.898708506777671,0.5260166506564201
SPI3,A,426,0.0,96.36633358156439,-0.00019026383617014043,0.7000123454171682,4282658760.4756904,4282.6587604756905,0.9407798768989933,0.516632867257267
SPI3,A,427,0.0,1951.454014544293,0.0,0.700086492861865,7665260318.794683,7665.260318794683,0.9637190023837477,0.29070160458248834
SPI3,A,430,0.0,876.996699275518,-0.00018734012910999999,0.7000068705802174,6521036819.910327,6521.036819910327,0.9625004447290708,0.4379247162628527
SPI3,A,431,0.0,334.41075346616907,-6.8330327002510835e-06,0.7000000086489002,5398666302.363132,5398.666302363133,0.9526808268402889,0.49140783434731566
SPI3,A,433,-1.0443027279496055e-05,3.0882674432439785,-0.00011417492100997953,0.7000081942824709,2470192862.3080726,2470.1928623080726,0.9326680186430427,0.5257409186323693
SPI3,A,434,-0.0004397311598488742,167.53378976992389,-5.814802701189408e-05,0.7000001932223227,4738251358.089276,4738.251358089276,0.9450759597253353,0.5090902622122603
SPI3,A,437,-1.2250362748533945,0.0,-1.6492402504813493,0.8727911113009594,45002769.91927411,45.00276991927411,0.7832034724445868,0.5260166506564201
SPI3,A,438,-0.0004999284267992107,272.6291863656041,-0.00014917262365563336,0.7000003294067132,5192006952.793522,5192.006952793522,0.9504660760664602,0.4982655566229053
SPI3,A,439,-0.00034332771636069953,718.3202335941467,-4.525135885101244e-05,0.7000439354636704,6267295859.613963,6267.295859613963,0.961272992492973,0.45192478741950404
SPI3,A,441,0.0,599.4818784659824,-0.0012453996754764121,0.7000128611890534,6046480524.0836115,6046.480524083611,0.9596541786743514,0.4633987974525918
SPI3,A,442,-0.0004223959933986919,121.10103000339659,0.0,0.7000127886218037,4463659133.711262,4463.659133711261,0.9423809015547729,0.5141157007151244
SPI3,A,443,-3.0045071226582167,0.0,-0.1868684597271989,0.9074291939841062,276780656.09900355,276.7806560990036,0.8199025153876258,0.5260166506564201
SPI3,A,445,0.0,218.41384519069572,-0.0012133578023326732,0.7000895001682933,4977562545.824079,4977.562545824078,0.9477621233144767,0.5037268296153983
SPI3,A,447,0.0,489.5912135603903,-9.016890538812287e-05,0.7,5812154676.996971,5812.154676996971,0.9573504820863129,0.47529974739388764
SPI3,A,450,-2.7961219606724432,0.0,-0.1868684597271989,0.8392298507635854,480593205.2746697,480.5932052746697,0.8546091720923614,0.5260166506564201
SPI3,A,451,0.0,1126.3409734857864,-0.0002625353432172024,0.7000000102926415,6856359894.004114,6856.359894004114,0.9634343757782758,0.4170224499235066
SPI3,A,452,0.0,996.1049187250305,0.0,0.7000006133357337,6689488179.142131,6689.488179142131,0.9630785925214359,0.4279538904899136
SPI3,A,453,-0.0003369674527528072,828.2755680752509,-4.37611975870637e-05,0.7000433676358448,6447142469.436602,6447.1424694366015,0.9621624506350729,0.44240758529903584
SPI3,A,458,-0.0004397311598488742,362.30078797981884,-0.0008369896325943621,0.7000001932223227,5481760612.106665,5481.760612106665,0.9535880741452307,0.48864161952538515
SPI3,A,460,-1.12405703861061,0.0,-0.28516518269528307,0.8620123156833284,380163614.09626544,380.16361409626546,0.8377005728110435,0.5260166506564201
SPI3,A,461,-1.1354958446679293,0.0,-1.6760445952996128,0.8768138227947903,41053564.87873631,41.05356487873631,0.782554168000854,0.5260166506564201
SPI3,A,463,-1.5154827048526263,0.0,-0.18409792815835924,0.7,899437891.5523565,899.4378915523565,0.9174582844131356,0.5260166506564201
SPI3,A,464,0.0,991.4338105283387,-0.0002985332136284567,0.7000333747737597,6682898077.840389,6682.898077840389,0.9630519087771728,0.4282563062582276
SPI3,A,465,-1.5172638365985587,0.0,-0.18673805104467078,0.8050037453103328,583039697.1898286,583.0396971898286,0.8724161240972002,0.5260166506564201
SPI3,A,466,-0.9137338841710898,0.0,-0.09093242613989497,0.7402819345441921,834676075.5379511,834.6760755379511,0.9099868360194969,0.5260166506564201
SPI3,A,467,-2.436674516938126,0.0,-0.25027365582155514,0.8496309788708873,427067405.10503536,427.0674051050354,0.8459636389511508,0.5260166506564201
SPI3,A,473,-0.0734104157668567,0.0,-0.21331734634269062,0.708322129880797,853476826.1048371,853.4768261048371,0.9117924360479597,0.5260166506564201
SPI3,A,478,-1.1209127550969593,0.0,-0.2754947590351793,0.7978868623018792,561864320.9114599,561.8643209114599,0.8694186501583236,0.5260166506564201
SPI3,A,479,0.0,334.0988553470925,-0.0002636381762219918,0.7,5397549414.314764,5397.549414314764,0.9526363539331839,0.4914434126729997
SPI3,A,481,-0.012613520676162837,0.0,-0.07545023705086362,0.8059004891470962,630496339.9372289,630.4963399372289,0.8793538976055786,0.5260166506564201
SPI3,A,485,-1.3815582493481031,0.0,-1.7194639351473415,0.7951110965593147,61872026.8841636,61.8720268841636,0.7860853168249904,0.5260166506564201
SPI3,A,488,-1.381521838414991,0.0,-0.07359994664413294,0.8902833998512382,356750381.73676574,356.75038173676575,0.8331643362863341,0.5260166506564201
SPI3,A,490,-0.0003033691204888875,1065.2202526783144,-0.0011072255784705387,0.7001722871875662,6778635909.527307,6778.6359095273065,0.9632742733126977,0.4222613583804746
SPI3,A,491,-0.08570610103731591,0.0,-1.6461382699881344,0.7710694552738829,81497079.57949248,81.49707957949248,0.7892162094851817,0.5260166506564201
SPI3,A,492,0.0,424.31521374824,-0.0002692600842547291,0.7000093845123837,5652370548.247693,5652.3705482476935,0.95554488205785,0.48196178887821534
SPI3,A,497,-2.3373910226003023,0.0,-0.10920539573167076,0.9128993788559684,276216734.41480494,276.21673441480493,0.8197424129220479,0.5260166506564201
SPI3,A,499,-1.9198004420802566e-05,146.14793603628914,-3.5810334751540504e-05,0.7000018969280056,4620137647.016795,4620.137647016795,0.9439819262105525,0.5114117479631409
SPI3,A,501,-1.6981789193380953e-06,95.94023912338196,-0.00018375144846232048,0.7001590804352156,4278760838.3871846,4278.760838387185,0.9406197744334152,0.5166595510015299
SPI3,A,502,-0.00302761865181142,2.6832862827344837,-2.2465394105670234e-05,0.7000376386080678,2422960779.153814,2422.9607791538137,0.9326057565730955,0.5257498132137902
SPI3,A,505,-0.0484170327514899,0.0,-0.25419197816232886,0.8569227282090398,404825749.8800053,404.8257498800053,0.8419254989860178,0.5260166506564201
SPI3,A,506,-9.872071082687246e-05,490.03243781604414,-0.0011056998589985276,0.7001707296785186,5811773540.912276,5811.773540912276,0.957252641690682,0.4752196961610987
SPI3,A,507,-1.4746559415056264,0.0,-0.030295623058509313,0.708322129880797,976907142.1755493,976.9071421755493,0.9269399082079196,0.5260166506564201
SPI3,A,514,-0.0484170327514899,0.0,-0.2521535665913428,0.9317259362733413,193623137.525133,193.62313752513302,0.8066140107446544,0.5260166506564201
SPI3,A,515,-1.0065739341587963,0.0,-0.062305984101795,0.7845709202007571,706456973.6943427,706.4569736943428,0.8910591667556125,0.5260166506564201
SPI3,A,518,-2.374646479141299,0.0,-1.7190647208471015,0.9714227213934332,8756546.103335844,8.756546103335845,0.7780357206389867,0.5260166506564201
SPI3,A,519,-0.003566821433151634,0.0,-0.17963000430294074,0.741048636680986,779304674.0626702,779.3046740626702,0.9026399117657523,0.5260166506564201
SPI3,A,520,-1.3308135477192458,0.0,-0.029353171562092193,0.8395457093335201,537791410.7384322,537.7914107384322,0.8635482264204647,0.5260166506564201
SPI3,A,521,-3.454775006839673,0.0,-1.5180573544805709,0.7115256011298983,134742627.14537036,134.74262714537036,0.7980218450919702,0.5260166506564201
SPI3,A,522,-1.1172406743253005,0.0,-0.0716644451424057,0.7978868623018792,658177494.0824786,658.1774940824787,0.883676664176184,0.5260166506564201
SPI3,A,523,0.0,599.2111697511232,0.0,0.7,6046974522.449225,6046.974522449225,0.9596897570000356,0.46341658661543383
SPI3,A,531,-1.1882037575165376,0.0,-0.28516518269528307,0.9098380730510311,248447625.36284712,248.4476253628471,0.8153040167929698,0.5260166506564201
SPI3,A,532,-0.00010291818882687191,934.1462014760464,-0.0014434180026103214,0.7004106866767921,6601477224.202785,6601.477224202785,0.9627494930088588,0.4332550610168286
SPI3,A,533,-0.9908496822377317,0.0,-0.06425949395832865,0.7531648916869269,808025819.9511117,808.0258199511117,0.9061176931013627,0.5260166506564201
SPI3,A,535,-9.919634562190549e-05,633.836344861493,-3.7115197666224656e-05,0.7001169685366105,6113837596.132905,6113.837596132905,0.9601878535596114,0.4600633294197176
SPI6,A,0,-2.221337182684876,0.0,-1.1896029118447728,0.860919820883477,127123924.27530642,127.12392427530642,0.7979062155334972,0.5260166506564201
SPI6,A,3,-1.5459550789211842,0.0,-1.9896141700848256,0.700542532770243,48777034.51837144,48.777034518371444,0.7854982744512045,0.5260166506564201
SPI6,A,4,0.0,483.4460564540982,0.0,0.7000020225133617,5830755785.653194,5830.755785653195,0.968184082257089,0.4717685985697514
SPI6,A,5,0.0,575.1659212558338,0.0,0.7005821648886731,6029556945.8658285,6029.556945865828,0.9701408901697087,0.46121073042302635
SPI6,A,7,0.0,57.83887829466994,0.0,0.7000084657832987,3943592002.4816475,3943.5920024816473,0.946623616892589,0.5194791333119864
SPI6,A,8,-1.4930102001363668,0.0,-0.03828276829992594,0.7073610256793635,1005408160.0632553,1005.4081600632553,0.935291920162237,0.5260166506564201
SPI6,A,9,-1.7299765416615478,0.0,-0.4937961750069038,0.7009923294034517,706682085.3891253,706.6820853891253,0.8984416693350412,0.5260166506564201
SPI6,A,10,-1.7449822145532674,0.0,-0.8224198213638926,0.7026365057676622,481477640.630935,481.477640630935,0.8644999466325113,0.5260166506564201
SPI6,A,11,-0.025044200613695278,0.0,-0.34072818686425244,0.7130935211439442,782317628.9683654,782.3176289683654,0.9084658625965063,0.5260166506564201
SPI6,A,12,-0.3126439136095422,0.0,-0.5331970816171038,0.7098167340568922,657519459.7198966,657.5194597198965,0.8911925854769274,0.5260166506564201
SPI6,A,13,-0.14682628602154335,0.0,-0.8188003176960856,0.7193422280778747,456605230.10870844,456.60523010870844,0.8603194933646422,0.5260166506564201
SPI6,A,14,-2.7963581941371216,0.0,-0.5834983890886432,0.703500994654446,637909617.1977594,637.9096171977594,0.8886932080976271,0.5260166506564201
SPI6,A,16,0.0,345.65034775790053,-0.000215396191034398,0.7001266629823425,5464943016.418901,5464.943016418902,0.963496637848223,0.4873874835450244
SPI6,A,17,-0.0001341913917197842,75.86254876768514,0.0,0.7,4134937677.7306285,4134.937677730629,0.9481179065713167,0.5178958978190487
SPI6,A,18,-3.2225775044949323,0.0,-1.1015270958960959,0.7027161706071323,316520271.66723126,316.52027166723127,0.8347119934535882,0.5260166506564201
SPI6,A,19,-1.7426144254111766,0.0,-1.024246500744984,0.717206552470424,342254647.48548585,342.25464748548586,0.8389991816985093,0.5260166506564201
SPI6,A,20,0.0,323.2724657408969,0.0,0.7000144774390312,5395919156.101087,5395.919156101087,0.9627317038460171,0.489913544668588
SPI6,A,21,-2.6980053640402167e-07,423.8699977243803,0.0,0.7002287822432078,5683300092.5994,5683.300092599399,0.9662717472515744,0.47853737503113103
SPI6,A,22,0.0,393.22252252640305,0.0,0.7,5602393463.167283,5602.393463167283,0.9653289216209485,0.48224641548368735
SPI6,A,23,-1.7299765416615478,0.0,-1.566552915043792,0.7009923294034517,134866102.79938158,134.8661027993816,0.8014996264275803,0.5260166506564201
SPI6,A,26,0.0,457.88023288052227,0.0,0.7000606732287024,5769433288.5098,5769.4332885098,0.9673657807663572,0.47468602127583875
SPI6,A,28,-0.0257544550842852,19.735671290789355,0.0,0.7000152315696649,3295503442.7621956,3295.5034427621954,0.9426744227416657,0.5239353186039065
SPI6,A,30,0.0,210.98552674817995,-5.9739560126377225e-05,0.700001257612325,4978461272.295936,4978.4612722959355,0.957119222969367,0.5024637990536165
SPI6,A,31,-0.39208840634602343,299.3213086825413,0.0,0.7006259498092009,5313790180.792723,5313.790180792723,0.958239940228413,0.4984879211584304
SPI6,A,32,0.0,539.3937333228164,0.0,0.7000084657832987,5956337544.442187,5956.337544442187,0.96952716405166,0.46538228910947455
SPI6,A,33,-0.004318348239742663,0.0,-0.2828765398455577,0.7004693498344129,856641585.2668825,856.6415852668825,0.9182232184153413,0.5260166506564201
SPI6,A,35,-0.3157557746834879,0.0,-0.49885954282002887,0.7080115985435776,686429070.0681745,686.4290700681745,0.8953552495819544,0.5260166506564201
SPI6,A,38,0.0,1723.277665317339,0.0,0.7000271807399402,7508153368.867043,7508.153368867042,0.9746148646244707,0.3316789411890277
SPI6,A,39,-0.312704049235314,0.0,-0.4118705234165318,0.7097294713536441,741807703.9273207,741.8077039273207,0.9027555413242253,0.5260166506564201
SPI6,A,41,-0.3179540628274262,257.5745559654008,-0.0007365337916299619,0.700000322950002,5167138279.668483,5167.138279668483,0.9574483224819441,0.5014231330273597
SPI6,A,43,0.0,0.0,-0.3779008879349227,0.7111514923620594,760322037.317282,760.3220373172819,0.9053171807734729,0.5260166506564201
SPI6,A,44,-2.1429833844329456,0.0,-0.24781926069810004,0.7006691692834446,881604836.0903205,881.6048360903204,0.920749279538905,0.5260166506564201
SPI6,A,45,-0.00010235931313501037,162.4363509785183,0.0,0.700000000408826,4742898487.115242,4742.898487115242,0.9543796918916996,0.5080584907674245
SPI6,A,46,0.0,371.2166288865348,-0.000187755855123144,0.7000144774390312,5540632690.53493,5540.632690534931,0.9645728822001637,0.48463905788593586
SPI6,A,47,-0.49626273296817075,0.0,-2.524120174997313e-05,0.70800859947985,1026641563.493802,1026.6415634938019,0.9377023517273275,0.5260166506564201
SPI6,A,48,-0.3359466699567639,0.0,-1.1904761098289187,0.7034604444780936,270420428.2487683,270.4204282487683,0.8265645568719535,0.5260166506564201
SPI6,A,49,0.0,254.37816538808968,-5.055186752682986e-05,0.700001257612325,5156185539.059216,5156.185539059215,0.9594318141388266,0.4976340413420144
SPI6,A,50,0.0,0.0,0.0,0.7000526014069154,1054611184.7957231,1054.6111847957231,0.9407354039918879,0.5260166506564201
SPI6,A,51,-0.00023296526971318746,635.2692669957135,0.0,0.70020091126348,6149580795.476958,6149.580795476958,0.9711993453588074,0.4547888426370655
SPI6,A,52,-0.015461618419183143,0.0,-0.7619134164851818,0.7098957327814177,508544026.7471586,508.54402674715857,0.8689650265058527,0.5260166506564201
SPI6,A,53,-3.8837803643768423,0.0,-1.8711206074801718,0.7070681649591215,63596844.246925555,63.596844246925556,0.7880865976447149,0.5260166506564201
SPI6,A,54,0.0,512.4329231282877,0.0,0.7000002778599941,5897129437.325231,5897.12943732523,0.9689401216778739,0.4684953926068239
SPI6,A,55,-0.9356025589945731,0.0,-0.6055357932591661,0.7193422280778747,588390321.2224971,588.390321222497,0.8808748710285693,0.5260166506564201
SPI6,A,56,-3.1010449345658495,0.0,-0.9182562116467791,0.70126891978651,422316192.2204079,422.3161922204079,0.8540932863699436,0.5260166506564201
SPI6,A,59,0.0,697.1319204181833,-6.375394133361842e-05,0.7000043502505141,6263736060.534502,6263.736060534502,0.9720443305938021,0.4486337922937348
SPI6,A,61,-3.3469274295790097,0.0,-0.1627391393785593,0.7005355795769618,940905696.1151057,940.9056961151058,0.9276336855587576,0.5260166506564201
SPI6,A,62,-0.5735262047218314,0.0,-0.6400458742023597,0.7202593971679613,565266858.5689002,565.2668585689003,0.8772636709716441,0.5260166506564201
SPI6,A,63,0.0,801.3701956976397,-1.3373011830857312e-07,0.7000004741003957,6438773844.13864,6438.77384413864,0.972987156224428,0.4392944818016865
SPI6,A,65,-0.49422529023514805,0.0,-0.17044210665532944,0.7080086500184747,912643945.9477243,912.6439459477243,0.9242359554559362,0.5260166506564201
SPI6,A,66,-0.8372989658380131,0.0,-0.2781651553597382,0.7111107230022053,829369036.7283494,829.3690367283494,0.9145764400327321,0.5260166506564201
SPI6,A,67,-0.3663328713278452,0.0,-0.7518378013680198,0.7006217981735612,531275968.55608225,531.2759685560823,0.8729942718895646,0.5260166506564201
SPI6,A,68,-1.688999195015644,0.0,-1.2443807572217065,0.7010943155651316,249733159.04502618,249.73315904502618,0.8230245134663962,0.5260166506564201
SPI6,A,69,0.0,926.0228269645058,-2.5544566579204043e-06,0.7000032769422067,6626394505.436022,6626.394505436022,0.9737343010637919,0.42890561070196037
SPI6,A,70,-0.02519445906657851,98.62958364840469,0.0,0.7000234489040347,4332008392.962517,4332.008392962517,0.9499412957626213,0.5154498879282741
SPI6,A,75,-2.2628337349930607,0.0,-0.9990321681947515,0.7081917425463613,368365507.0164088,368.3655070164088,0.8441936172483722,0.5260166506564201
SPI6,A,79,0.0,606.6190350057904,-1.724921783533834e-06,0.7000004197575884,6094858904.877785,6094.858904877785,0.9707635108691784,0.4577685274130999
SPI6,A,82,-2.552146527571436e-09,277.1327096454297,0.0,0.7000161480782301,5240318604.029454,5240.318604029454,0.9605347422350304,0.4952680826840289
SPI6,A,83,-0.2818109147923127,0.0,-0.043661797826221094,0.7192143344549409,960845022.0618072,960.8450220618072,0.9301686412637421,0.5260166506564201
SPI6,A,87,0.0,392.54729279596165,0.0,0.7,5600543450.519478,5600.543450519478,0.9653022378766855,0.4822997829722134
SPI6,A,88,-3.589569718222788,0.0,-1.2538849913418337,0.7263316246329895,224742998.63334316,224.74299863334315,0.8184793823602662,0.5260166506564201
SPI6,A,89,-0.5741576670109387,0.0,-0.2997598809775204,0.705961920793557,830229197.4142388,830.2291974142388,0.914745437079731,0.5260166506564201
SPI6,A,90,-4.0,0.0,-0.5788569338680726,0.7059586882763121,636091771.4135678,636.0917714135678,0.8884352652364179,0.5260166506564201
SPI6,A,91,0.0,538.9221683438154,0.0,0.7,5955348809.918297,5955.348809918297,0.9695182694702389,0.4654623403422636
SPI6,A,93,-2.4541832994811235,0.0,-0.8137358838022988,0.7203234635230205,458462618.56071734,458.4626185607173,0.8605151741559042,0.5260166506564201
SPI6,A,94,-0.47562818944126795,103.79538009691838,-0.0005033014199198275,0.7,4371319758.200914,4371.319758200914,0.9484292169210518,0.5173177500266838
SPI6,A,96,-0.0807518323985772,0.0,-0.20789707649730044,0.7000514380121211,911956805.5668685,911.9568055668685,0.9239246451062013,0.5260166506564201
SPI6,A,99,-0.3651985976927685,0.0,-0.5349272543891581,0.7079567615394956,660332245.3170958,660.3322453170957,0.8916017362222933,0.5260166506564201
SPI6,A,100,-0.0020547026038868106,701.215226493748,0.0,0.700000924722907,6270987230.409145,6270.987230409145,0.9720888035009071,0.4482246415483687
SPI6,A,101,-3.1399198868640084,0.0,-0.2185058163210698,0.7080730899769623,879640644.5572232,879.6406445572233,0.920037713025225,0.5260166506564201
SPI6,A,102,-2.9797537074553073,0.0,-0.46872124906696055,0.7094942452643549,703667262.0864586,703.6672620864585,0.8978101540541502,0.5260166506564201
SPI6,A,103,0.0,608.0731086066185,0.0,0.7000433144624766,6097566851.5205,6097.5668515205,0.9707813000320202,0.45759063578468
SPI6,A,105,-3.986233018434814,0.0,-0.9506352970499268,0.7000361251230699,407187432.93871737,407.1874329387174,0.851078023268225,0.5260166506564201
SPI6,A,108,-2.182850942738356,0.0,-0.46147276718783214,0.7,731058519.3161283,731.0585193161282,0.9016348240651795,0.5260166506564201
SPI6,A,110,-0.02122684960874448,76.30128772275884,0.0,0.7,4139114082.4794226,4139.114082479423,0.9480734336642116,0.5179136869818906
SPI6,A,111,0.0,424.2174975808407,0.0,0.7003679282368364,5683702991.4058485,5683.7029914058485,0.9662806418329954,0.478510691286868
SPI6,A,116,-3.19125283559997,0.0,-0.051546924643723666,0.7118489243194741,980499369.8327922,980.4993698327921,0.9323033408047818,0.5260166506564201
SPI6,A,118,0.0,883.438713914584,0.0,0.7,6564595224.740315,6564.595224740316,0.9736097769238979,0.4321165545949408
SPI6,A,119,0.0,733.1105466263571,0.0,0.7000020710921706,6326295375.895251,6326.295375895252,0.9724534813391682,0.44531611342370225
SPI6,A,121,-4.0,0.0,-1.249429838181894,0.7000690590242562,248235142.10595092,248.23514210595093,0.8227665706051873,0.5260166506564201
SPI6,A,123,-1.5810258906745933,0.0,-1.314191258691108,0.7209525892170137,204895188.07241794,204.89518807241794,0.8138630946027681,0.5260166506564201
SPI6,A,124,-0.0333674290243447,19.355248517558096,0.0,0.7000016140778403,3285270995.372355,3285.270995372355,0.9426388444159819,0.5239975806738534
SPI6,A,125,-3.5093183559380097,0.0,-0.037154485979572334,0.7000112732089235,1031437151.509426,1031.437151509426,0.9382271320311667,0.5260166506564201
SPI6,A,126,-0.1318089163201456,220.52326139431716,0.0,0.7002412740556346,5018603841.029811,5018.603841029811,0.9567545451311061,0.5029441064503504
SPI6,A,127,-3.744555398607878,0.0,-0.2743800381121604,0.7037483507050305,853611547.3720292,853.6115473720292,0.9177695947628706,0.5260166506564201
SPI6,A,128,0.0,575.2761516797464,0.0,0.7,6031848497.518642,6031.848497518642,0.9702565197281816,0.46121073042302635
SPI6,A,134,-0.0023171747736687757,349.54142481644243,-0.00010785517042777316,0.7002355846099934,5476256374.504183,5476.2563745041825,0.9636033728252749,0.48703170028818443
SPI6,A,135,-0.002437542962504091,0.0,-1.0018207926472735,0.7088602777235022,365921063.5829055,365.92106358290545,0.8435798911303233,0.5260166506564201
SPI6,A,136,-3.2289809607083155,0.0,-1.0530148991539745,0.7088385045532788,335931533.8818172,335.93153388181724,0.8381008289749885,0.5260166506564201
SPI6,A,140,-0.0005428553020579985,322.74175571967515,0.0,0.7000094127320414,5394240844.370355,5394.240844370354,0.9627228092645962,0.489993595901377
SPI6,A,141,-3.58154050422468,0.0,-1.9886648483425104,0.7043143894148459,48178991.412499994,48.1789914125,0.7853648557298896,0.5260166506564201
SPI6,A,143,-0.028411576398414295,36.67746135887631,0.0,0.7000005181934201,3648806861.9344463,3648.8068619344463,0.9444711281887074,0.5221386131568648
SPI6,A,144,0.0,144.081844701568,0.0,0.7001872755355693,4638984842.331257,4638.984842331257,0.9532233963069698,0.5102643469598321
SPI6,A,145,0.0,0.0,-0.12851534663838426,0.7012286281180898,960780812.2328447,960.7808122328447,0.9297861742626393,0.5260166506564201
SPI6,A,147,0.0,95.40257823917801,0.0,0.700010173891442,4306419316.278382,4306.419316278382,0.9497545095527804,0.515707830789483
SPI6,A,148,0.0,57.081604398533045,0.0,0.7000017786780397,3934632001.4443336,3934.6320014443336,0.946561354822642,0.5195769737076172
SPI6,A,149,-3.465217744198281e-05,256.1835561237523,0.0,0.7000012920281914,5163128158.661454,5163.128158661454,0.9595296545344576,0.4974561497135945
SPI6,A,150,-0.08827373929650806,0.0,-1.097687862574737,0.7058984735575353,314678990.0047199,314.67899000471994,0.8344629451738002,0.5260166506564201
SPI6,A,151,-0.3868151399432554,0.0,-0.8139111732939919,0.7085144087194607,477587256.9936858,477.5872569936858,0.8637261180488844,0.5260166506564201
SPI6,A,152,-0.3810538156893377,0.0,-0.13380199404016124,0.7085144087194607,933977197.7783842,933.9771977783842,0.9266552816024478,0.5260166506564201
SPI6,A,153,-0.0015840117460155859,116.44240254968624,0.0,0.7000001478594876,4463425114.379726,4463.425114379726,0.9513822179528232,0.5133596612943395
SPI6,A,154,-3.981705751020012,0.0,-1.1953931155702224,0.7017256060892283,269896611.7123786,269.8966117123786,0.8263777706621127,0.5260166506564201
SPI6,A,155,0.0,456.51909641055545,0.0,0.7001964035389203,5765619430.210371,5765.619430210371,0.9672768349521473,0.47479275625289075
SPI6,A,157,-0.4047191694877967,0.0,-0.6052929406460599,0.7098016861917109,608887048.0585828,608.8870480585828,0.883961290781656,0.5260166506564201
SPI6,A,158,-1.845315767992171,0.0,-0.9179082590284214,0.7001904132413599,423934484.1314547,423.9344841314547,0.8543601238125736,0.5260166506564201
SPI6,A,159,-0.00034078755536253065,485.08743527077553,0.0,0.7,5834609119.298438,5834.609119298438,0.9682196605827729,0.4715996015227524
SPI6,A,161,-0.000171426717169761,303.2576795192632,-6.013266705783135e-07,0.7001837318166548,5330033538.443984,5330.033538443984,0.9618066673782333,0.49206603337246946
SPI6,A,163,-3.6609089481821755,0.0,-1.4610090071983124,0.7139266350351964,158316815.5841933,158.31681558419328,0.8056445013697656,0.5260166506564201
SPI6,A,164,0.0,278.92602492883816,0.0,0.7003635517287321,5245493515.61741,5245.49351561741,0.9605614259792934,0.49500124524139894
SPI6,A,166,-0.0013517297968500194,229.41453450465053,0.0,0.7000000604727478,5057105273.697056,5057.105273697056,0.9581598889956238,0.5005603586295229
SPI6,A,168,-0.24321664133730492,0.0,-0.4085579159178525,0.7015306315040717,764743429.6435487,764.7434296435488,0.9058775394029956,0.5260166506564201
SPI6,A,170,-1.7629496690396962,0.0,-0.37294185915910527,0.7014752467580799,790452414.2885352,790.4524142885352,0.909551001529868,0.5260166506564201
SPI6,A,171,0.0,663.9852718797528,0.0,0.7000034197741186,6203997776.213118,6203.9977762131175,0.9716529690112782,0.45178247411676803
SPI6,A,173,0.0,1091.749024552559,0.0,0.7,6848015876.986874,6848.015876986874,0.9743658163446827,0.4159639947344078
SPI6,A,176,0.0,188.4578407486116,0.0,0.7000000038564862,4874972256.604412,4874.972256604412,0.9559451382217952,0.5051410680613371
SPI6,A,177,-0.005320989558997291,0.0,-1.5462676060395975e-05,0.7001279905776557,1054346151.2277688,1054.3461512277688,0.9407265094104669,0.5260166506564201
SPI6,A,178,-3.5573092211811663,0.0,-1.45963161752085,0.7165764395311215,157209180.1109491,157.2091801109491,0.8052620343686628,0.5260166506564201
SPI6,A,179,0.0,344.2353793011104,0.0,0.7,5461152399.070649,5461.152399070649,0.9634521649411179,0.4875031131034973
SPI6,A,180,0.0,36.181074342193256,0.0,0.7003373912395283,3639287609.049429,3639.2876090494287,0.9443910769559183,0.5221119294126018
SPI6,A,182,-0.00033737593625829767,1021.0680136863602,-2.5678942609905664e-06,0.7000729478012451,6756625856.812718,6756.625856812719,0.9741345572277368,0.4215586864482158
SPI6,A,184,0.0,423.8395439332062,0.0,0.7,5684031944.671673,5684.031944671673,0.9663251147401004,0.478546269612552
SPI6,A,185,0.0,116.40017298375315,-2.4090818058631735e-06,0.7001388454432181,4462637305.081724,4462.637305081724,0.9513555342085602,0.5133596612943395
SPI6,A,187,-1.7033317565392014,0.0,-0.4711030558072068,0.7174010152846833,683013306.921891,683.013306921891,0.8949283096737469,0.5260166506564201
SPI6,A,188,-1.014322130327038,0.0,-1.1632306861397903,0.7157943490935383,272584689.8408365,272.5846898408365,0.8269914967801614,0.5260166506564201
SPI6,A,189,-1.7276454497639206,0.0,-0.8993097879070199,0.7085728390544772,423573938.3246816,423.5739383246816,0.8542000213469952,0.5260166506564201
SPI6,A,190,0.0,0.0,-0.45962698201220586,0.7001824494729374,731646828.7479295,731.6468287479295,0.9016881915537055,0.5260166506564201
SPI6,A,193,-0.00030339072530354873,300.54358008868763,-2.4450653566151744e-06,0.7001464429449259,5321058942.989668,5321.058942989668,0.9616643540754972,0.4924840786992564
SPI6,A,194,0.0,839.2140514116176,0.0,0.7000179808065058,6497901903.909303,6497.901903909303,0.9732184153413741,0.43606574874586407
SPI6,A,195,-0.3018462796699355,0.0,-0.7567436235403149,0.7139217150129705,504423573.49847424,504.42357349847424,0.8681734087593838,0.5260166506564201
SPI6,A,197,-0.11286557735829095,0.0,-1.3285100224676696,0.7178562339361044,202355509.94944426,202.35550994944427,0.8131871064147721,0.5260166506564201
SPI6,A,198,0.0,537.864728807204,0.0,0.7,5953071302.656395,5953.071302656395,0.9694915857259758,0.46552460241221055
SPI6,A,199,-0.0003791826138389602,97.14162753429535,0.0,0.7003373912395283,4319178603.2135725,4319.178603213572,0.9497989824598854,0.515529939161063
SPI6,A,200,0.0,1507.597621385807,0.0,0.7000744189990876,7307256896.117313,7307.256896117314,0.9745703917173656,0.37335894972782585
SPI6,A,203,-2.090050649759699,0.0,-0.6175583786340488,0.7168825266248404,586511484.6790525,586.5114846790525,0.8804924040274663,0.5260166506564201
SPI6,A,205,-0.00010941534648731873,207.51527975136332,-1.1467299178533454e-09,0.7000019090736558,4963127863.515678,4963.127863515679,0.9569769096666312,0.5028195823104563
SPI6,A,206,-0.14097803417047983,0.0,-0.1326597715345308,0.7085126223495761,934671309.0326004,934.6713090326004,0.9267620165794997,0.5260166506564201
SPI6,A,208,-0.15792706236430054,0.0,-0.8002565975699479,0.7127363844069896,480101557.46603954,480.10155746603954,0.8641708471199344,0.5260166506564201
SPI6,A,209,-0.2352017621375373,0.0,-0.24335166208552528,0.7012129544702114,883399629.6014079,883.3996296014079,0.9208560145159569,0.5260166506564201
SPI6,A,210,0.0,162.0194860439658,0.0,0.7000107998097762,4740614516.428127,4740.614516428127,0.9543530081474365,0.5081385420002135
SPI6,A,213,0.0,142.10519782316527,0.0,0.7,4627947605.104626,4627.947605104626,0.9531611342370229,0.510504500658199
SPI6,A,214,0.0,636.5547385016064,0.0,0.7,6152728775.611381,6152.728775611381,0.9712260291030703,0.4546109510086455
SPI6,A,217,-1.0564370350316118e-10,516.139329601086,-1.973371629460987e-05,0.7003268094043461,5904258624.435997,5904.258624435997,0.968984594584979,0.468112925605721
SPI6,A,221,-0.06021866096143724,0.0,-1.5191817607963138,0.7350726456158323,130956284.4472424,130.95628444724238,0.8001120717259046,0.5260166506564201
SPI6,A,222,-5.266306772428384e-05,80.05663681958956,-0.000341274378580639,0.7003912931033704,4172902640.5600224,4172.9026405600225,0.9483402711068416,0.5173711175152097
SPI6,A,223,-2.1652877633794487,0.0,-0.5556856264787701,0.7007024157423908,663757125.1261477,663.7571251261478,0.8922065677589212,0.5260166506564201
SPI6,A,224,0.0,0.0,-0.43198184006731244,0.7171047380983637,709954606.7452096,709.9546067452096,0.8987174013590921,0.5260166506564201
SPI6,A,228,-3.7541683319728065,0.0,-1.0199015170431267,0.7344290323341022,323568370.2917937,323.5683702917937,0.8358593944568968,0.5260166506564201
SPI6,A,229,-0.8924712070372555,0.0,-1.0293861295062539,0.7180439808464069,338714960.16973203,338.714960169732,0.8384299284875653,0.5260166506564201
SPI6,A,230,-3.661202750619287,0.0,-0.9238340624851098,0.7162449592714721,397638542.98792195,397.63854298792194,0.8497527306364963,0.5260166506564201
SPI6,A,231,-2.038866842264561,0.0,-0.0057887380439665065,0.706671197157929,1027954806.6450639,1027.9548066450639,0.9378446650300637,0.5260166506564201
SPI6,A,233,-3.661202750619287,0.0,-1.2258880019327338,0.7158415311062709,244284125.63182393,244.28412563182394,0.8217614829046144,0.5260166506564201
SPI6,A,236,0.0,324.3703796630965,0.0,0.7000703873573155,5399234950.979741,5399.234950979741,0.9627405984274382,0.489824598854378
SPI6,A,239,0.0,229.19434840598683,0.0,0.7,5056196875.034761,5056.196875034761,0.9581509944142028,0.5005692532109438
SPI6,A,240,-0.015892903234026923,19.34873227014875,0.0,0.7,3285101798.751942,3285.101798751942,0.9426477389974027,0.5239797915110115
SPI6,A,242,0.0,758.9357503908933,0.0,0.7000000022313115,6369727361.718577,6369.727361718577,0.972622478386167,0.4429145764400328
SPI6,A,244,-2.2501662990477493,0.0,-1.2560666787720858,0.725198236702968,224742837.81807616,224.74283781807617,0.8184349094531611,0.5260166506564201
SPI6,A,246,0.0,611.6749521616555,0.0,0.7,6104781179.511272,6104.781179511272,0.9708435621019674,0.45711922296936713
SPI6,A,247,-3.377471732255737,0.0,-1.7445243662582266,0.711505450653321,86093500.00945097,86.09350000945098,0.7918223218415342,0.5260166506564201
SPI6,A,248,-2.0432367980010664,0.0,-0.35215922008262374,0.7001822999151323,809070392.9847697,809.0703929847697,0.9120325897463266,0.5260166506564201
SPI6,A,249,-2.2773145822150784,0.0,-0.34940408911020615,0.7112580161134048,781474079.1453788,781.4740791453788,0.9082523926424023,0.5260166506564201
SPI6,A,251,-1.014322130327038,0.0,-0.8319534791707883,0.7157943490935383,454366150.58676857,454.3661505867686,0.8597413455722774,0.5260166506564201
SPI6,A,254,-1.344359643158693,0.0,-1.9950279046740027,0.7007623075966638,48064846.727012776,48.06484672701278,0.7853114882413634,0.5260166506564201
SPI6,A,257,-1.752256579116594e-05,576.549904203187,-1.025255954480766e-06,0.7001467543213031,6033941023.761042,6033.941023761042,0.9702832034724446,0.4610951008645533
SPI6,A,258,-0.00010941534648731873,275.18088232613655,-3.0345774918393774e-11,0.7000020498122831,5233364306.235262,5233.364306235262,0.9604724801650837,0.4955260255452378
SPI6,A,260,-0.7244626977046523,0.0,-0.11906656836781881,0.7115612504729635,934332735.5817441,934.332735581744,0.9267353328352367,0.5260166506564201
SPI6,A,261,-0.8578147438411274,0.0,-0.31264866612381825,0.7187829827498581,785248529.3169134,785.2485293169134,0.9089550645746612,0.5260166506564201
SPI6,A,266,-2.6383185408213663,0.0,-1.1967233996082025,0.7012176045837568,269506323.79809475,269.50632379809474,0.8263777706621125,0.5260166506564201
SPI6,A,270,-0.7999023707588111,0.0,-0.31264866612381825,0.70171525002393,832898980.8971187,832.8989808971187,0.915021169103782,0.5260166506564201
SPI6,A,272,0.0,393.22833625788496,0.0,0.7000189997753553,5602342194.255663,5602.342194255663,0.9653111324581064,0.48224641548368735
SPI6,A,274,-0.03512181958630123,0.0,-1.141511384189093,0.7001000436495316,298337360.90904766,298.3373609090477,0.8318123599103427,0.5260166506564201
SPI6,A,278,-0.17005516968936718,0.0,-0.2092046877187888,0.7001066894727173,910788174.9086235,910.7881749086234,0.9238445938734123,0.5260166506564201
SPI6,A,279,-0.14628783664694062,0.0,-0.8540593017634139,0.7080470274032451,452973971.94740224,452.9739719474022,0.8594656135482263,0.5260166506564201
SPI6,A,280,-0.8434176146567504,0.0,-0.5527924976507056,0.7036507243244273,658854434.7411515,658.8544347411514,0.8915127904080834,0.5260166506564201
SPI6,A,281,-0.0031141041309965534,0.0,-0.013299499312693253,0.7188147587627576,980881008.7295921,980.881008729592,0.9328459102714626,0.5260166506564201
SPI6,A,282,0.0,882.8856987890515,0.0,0.7,6563777910.529333,6563.777910529333,0.9736008823424769,0.43216102750204577
SPI6,A,283,-0.7951584527970021,0.0,-0.39851474559899525,0.7035348774815957,766619788.7531866,766.6197887531866,0.9060643256128366,0.5260166506564201
SPI6,A,289,0.0,0.0,-0.9164567145769926,0.7015935543757941,422729879.22990066,422.72987922990063,0.8541021809513645,0.5260166506564201
SPI6,A,290,-0.5286099626828898,0.0,-0.5807960389714121,0.7064230282082437,633747840.103833,633.7478401038329,0.8879905361653682,0.5260166506564201
SPI6,A,292,-0.8364912560869665,0.0,-1.350398748867051,0.7036023622221786,203611816.7405021,203.6118167405021,0.8136407300672431,0.5260166506564201
SPI6,A,297,-0.0004338743598644723,229.7569650672118,0.0,0.7000091022623307,5058488109.346978,5058.4881093469785,0.9581776781584658,0.5005425694666809
SPI6,A,299,-0.000265929131474358,1721.4367583781884,-0.0008335875079462417,0.7000090862636933,7506212032.1185465,7506.212032118547,0.9745792862987868,0.3321325648414986
SPI6,A,300,-0.009820557819480859,370.4174029395883,0.0,0.7000210141693628,5538319896.641593,5538.319896641593,0.9644572526416908,0.48489700074714476
SPI6,A,305,-0.1332780509465335,0.0,-1.4921586784196905,0.7053620516960443,153448235.3278729,153.4482353278729,0.8047194649019815,0.5260166506564201
SPI6,A,309,-0.0031727763756142294,0.0,-0.5133995672499471,0.703862065228354,685873356.1239667,685.8733561239667,0.8952396200234817,0.5260166506564201
SPI6,A,310,-0.006611746608543779,35.80189538861646,-1.6676363801825743e-09,0.7002447380920324,3633186161.588431,3633.186161588431,0.9443821823744973,0.5221386131568648
SPI6,A,312,-0.004485798649401265,77.22644797559387,0.0,0.7,4147936779.027285,4147.936779027285,0.9482246415483687,0.5177269007720496
SPI6,A,315,-0.0049812314704500565,430.2875453827453,0.0,0.7000837742302067,5700308619.892554,5700.308619892554,0.9665030063685204,0.47791475433166114
SPI6,A,316,-0.009637257913821999,488.45829858440896,-1.0612820358044209e-07,0.7001838716531577,5841755029.946027,5841.755029946027,0.9682819226527198,0.47154623403422635
SPI6,A,317,-0.6014110493336229,0.0,-0.4557016409640221,0.700929311477643,732908677.6904272,732.9086776904272,0.9018305048564416,0.5260166506564201
SPI6,A,318,-2.762614973883477,0.0,-0.6877796435748528,0.7092355473922792,558002723.6282916,558.0027236282916,0.8768367310634363,0.5260166506564201
SPI6,A,324,-0.01396576398030408,0.0,-0.01097077873359796,0.7051629483678529,1029547864.6986262,1029.5478646986262,0.9379691891699576,0.5260166506564201
SPI6,A,326,-0.7964607799310714,0.0,-1.7623827262000813,0.7033420497782092,84740777.63341068,84.74077763341067,0.7917333760273244,0.5260166506564201
SPI6,A,327,-2.018881780432478e-06,456.42321289079314,0.0,0.700010998597783,5766042609.888611,5766.042609888611,0.9673213078592521,0.47480165083431175
SPI6,A,329,-0.584525415293635,0.0,-0.6584228670134084,0.7063993717200667,581062358.0983875,581.0623580983874,0.8797363646066815,0.5260166506564201
SPI6,A,330,-0.0769187527088081,0.0,-0.7405695669478485,0.7057869975082202,529445634.0202323,529.4456340202323,0.872602910307041,0.5260166506564201
SPI6,A,331,-0.7983833035755388,0.0,-0.9188669219275597,0.7168574888002706,399961520.1747083,399.9615201747083,0.8500462518233891,0.5260166506564201
SPI6,A,332,-0.0014160570855724086,0.0,-0.7676430082703504,0.706909429945943,510510590.0649811,510.5105900649811,0.8692407585299036,0.5260166506564201
SPI6,A,333,-2.8564711820210302,0.0,-2.2109589833229215,0.7003716984206582,25922671.833744105,25.922671833744104,0.7815312911374391,0.5260166506564201
SPI6,A,336,-3.95328667936553e-05,540.6253075258537,-1.3326236630339695e-07,0.7000741313266925,5958749131.949927,5958.749131949928,0.9695538477959228,0.4652933432952646
SPI6,A,338,-2.19340562592107,0.0,-2.5173810928327196,0.7155815318313923,8767859.362238677,8.767859362238678,0.7784003984772476,0.5260166506564201
SPI6,A,340,0.0,188.55070878785878,-1.7142324043341035e-06,0.7000069965640102,4875389235.145228,4875.389235145229,0.9559629273846371,0.505132173479916
SPI6,A,341,-0.010352498086788276,0.0,-0.2798765318712025,0.7007068947950875,857805671.711028,857.805671711028,0.9183566371366562,0.5260166506564201
SPI6,A,342,0.0,575.1591000744968,-7.555579271165437e-07,0.7005481081477575,6029664369.073054,6029.664369073054,0.9701497847511297,0.46121073042302635
SPI6,A,344,0.0,344.8759109096548,0.0,0.7,5463094890.38435,5463.09489038435,0.96346995410396,0.4874675347778134
SPI6,A,347,-0.9125503393577998,0.0,-1.5721653463308947,0.7056415887864721,131445870.27975957,131.44587027975956,0.8008236382395845,0.5260166506564201
SPI6,A,348,0.0,1152.7816411563185,0.0,0.7,6923047845.231013,6923.0478452310135,0.9744191838332087,0.41123207741843676
SPI6,A,349,-0.355415284042519,98.14087462639702,0.0,0.7003941311152139,4326497443.1700735,4326.497443170074,0.9483936385953676,0.5171220692354218
SPI6,A,350,0.0,760.3283609538585,0.0,0.7,6372041584.1175,6372.0415841175,0.9726402675490091,0.4428167360444018
SPI6,A,353,0.0,299.61510915287863,0.0,0.7,5318454507.9621525,5318.454507962152,0.9616554594940762,0.4925641299320454
SPI6,A,354,0.0,965.5716086743449,0.0,0.7,6681928150.273522,6681.928150273522,0.9739566655993167,0.42588145301882085
SPI6,A,355,0.0,635.0014094966954,0.0,0.7,6149782891.002377,6149.782891002376,0.9712171345216495,0.4548333155441704
SPI6,A,356,-2.115623029685885,0.0,-0.845784661152057,0.7085674594846961,457606543.2306488,457.6065432306488,0.8603283879460633,0.5260166506564201
SPI6,A,357,-0.08948276354156806,0.0,-0.33647927133738925,0.7044933203556766,808331221.5509367,808.3312215509367,0.9117835414665386,0.5260166506564201
SPI6,A,360,-0.9697118296302214,0.0,-0.03546907871931537,0.7001971675935766,1031852817.3549242,1031.8528173549241,0.9382627103568505,0.5260166506564201
SPI6,A,361,-3.307629528043751,0.0,-1.1368679830838286,0.7257063939418368,274883748.7851328,274.8837487851328,0.8274984879211582,0.5260166506564201
SPI6,A,362,0.0,483.60004731783664,0.0,0.7000131858670885,5831076958.784559,5831.076958784559,0.9681929768385099,0.47174191482548833
SPI6,A,363,0.0,610.8027379253306,0.0,0.7,6103068150.143995,6103.068150143995,0.9708079837762833,0.457243747109261
SPI6,A,364,-0.3364186148263619,0.0,-0.2792496203757078,0.7031788601738967,851327331.3474685,851.3273313474685,0.9175472302273456,0.5260166506564201
SPI6,A,365,0.0,1020.9659757654182,0.0,0.7,6756749056.700477,6756.749056700477,0.9741523463905787,0.4215586864482158
SPI6,A,366,-0.0028868298975836095,457.98212590976715,-3.847618298280422e-05,0.7000069055904496,5769804130.009408,5769.804130009408,0.9673479916035151,0.4747393887643647
SPI6,A,367,0.0,839.6957842801991,-6.37545173550784e-11,0.700002864099958,6498695599.802495,6498.695599802495,0.973227309922795,0.43606574874586407
SPI6,A,368,-1.962581254746715,0.0,-1.814710118551047,0.7330985065853042,67112537.50505728,67.11253750505728,0.7883534350873448,0.5260166506564201
SPI6,A,369,0.0,927.0452906576722,0.0,0.7,6627860400.507778,6627.860400507778,0.9737431956452127,0.4287988757249085
SPI6,A,370,-0.4484336091346494,0.0,-0.4349443701364656,0.7061070790582881,735227942.5814987,735.2279425814987,0.9023552851602803,0.5260166506564201
SPI6,A,372,-0.6407098405115068,0.0,-0.9241327508704327,0.7150459246868412,399084148.6235524,399.0841486235524,0.8499306222649161,0.5260166506564201
SPI6,A,373,-1.9624397804302842,0.0,-1.960480877488711,0.7278408530006931,47379465.31938047,47.37946531938047,0.7848311808446296,0.5260166506564201
SPI6,A,376,0.0,76.13059514815495,0.0,0.7000011797410275,4137502431.6124516,4137.502431612452,0.9481268011527377,0.5178603194933648
SPI6,A,378,-0.5255011859511795,0.0,-1.2787378469385156,0.7092887574267083,228379347.26517394,228.37934726517395,0.8191464759668409,0.5260166506564201
SPI6,A,379,-0.0021449396217656375,151.43810761523326,-3.5807194537077956e-08,0.7004258116103642,4680655761.00226,4680.65576100226,0.9535702849823887,0.5093748888177324
SPI6,A,380,-0.863588200829938,0.0,-1.7606319415172857,0.700133631924088,86185396.05268139,86.18539605268138,0.7919379514000072,0.5260166506564201
SPI6,A,382,0.0,36.506990694197576,0.0,0.7,3645971160.609854,3645.971160609854,0.9444800227701283,0.5221030348311808
SPI6,A,383,-0.12142431813946278,0.0,-0.06950800681477809,0.7000054442964542,1008256610.2426865,1008.2566102426865,0.9354964955349202,0.5260166506564201
SPI6,A,385,0.0,275.092595541126,0.0,0.7000007231066289,5233051250.644224,5233.051250644224,0.9604635855836625,0.4955438147080798
SPI6,A,386,-0.35800826852514267,0.0,-0.49221195761120207,0.7114343598031561,683306258.650621,683.3062586506211,0.8950439392322198,0.5260166506564201
SPI6,A,388,-0.42219868569150804,0.0,-1.3511940642954383,0.7036679238269522,203459238.68527636,203.45923868527635,0.813587362578717,0.5260166506564201
SPI6,A,389,0.0,425.62769087393997,0.0,0.7,5688644712.402204,5688.644712402203,0.9663962713914684,0.47836837798413206
SPI6,A,390,0.0,57.54564713139632,-6.210574709432151e-06,0.7,3940153620.9029346,3940.1536209029346,0.946614722311168,0.5195236062190913
SPI6,A,391,0.0,728.2831060916317,0.0,0.7,6318083115.234161,6318.083115234162,0.9724179030134841,0.4458142099832782
SPI6,A,392,-0.13432369916153863,0.0,-0.9171876017591615,0.7001046095006516,424486494.8022091,424.48649480220905,0.8544223858825204,0.5260166506564201
SPI6,A,393,-3.279525863674251,0.0,-0.7151927703009987,0.72059848012711,518281192.56519616,518.2811925651962,0.8705571565802115,0.5260166506564201
SPI6,A,394,-0.5348693266859557,0.0,-0.9216009212752294,0.7430595365209538,361653142.9511899,361.65314295118986,0.8434820507346925,0.5260166506564201
SPI6,A,395,0.0,886.3883591867291,-0.00018546197237207434,0.700012159932982,6568857068.933791,6568.857068933791,0.9736186715053189,0.4318586117337318
SPI6,A,398,-0.0012119196178067171,230.23238155922436,0.0,0.7,5060478348.231796,5060.478348231796,0.9581954673213078,0.5004892019781548
SPI6,A,399,-1.0695991869690435,0.0,-0.61058824004362,0.7092203668381777,605887002.5874217,605.8870025874216,0.883614402106237,0.5260166506564201
SPI6,A,401,-1.5159984704994313e-06,161.69704780129018,0.0,0.7000008860689023,4738906418.775573,4738.906418775573,0.9543352189845946,0.5081919094887395
SPI6,A,402,-2.651334340742424,0.0,-0.12190374596388472,0.7031788601738967,959438727.244248,959.4387272442481,0.9296349663784824,0.5260166506564201
SPI6,A,405,-0.011623878550601097,0.0,-0.14398102060453305,0.7056950049943729,936714336.5712266,936.7143365712266,0.926779805742342,0.5260166506564201
SPI6,A,407,-0.09641698875018645,0.0,-1.4852932015166833,0.7051952260978595,155269000.700057,155.269000700057,0.8050930373216636,0.5260166506564201
SPI6,A,408,-0.3042732757218663,0.0,-0.4293948923418218,0.7166673036672113,712785948.4680964,712.7859484680964,0.8991799195929838,0.5260166506564201
SPI6,A,410,-0.008751334321706938,96.19116742272072,0.0,0.7000849354468646,4312477876.211515,4312.477876211516,0.9497811932970434,0.5156633578823779
SPI6,A,411,-0.8074690404591665,0.0,-0.6877956746981227,0.7081518933018403,560081850.8023468,560.0818508023468,0.8770946739246452,0.5260166506564201
SPI6,A,415,-0.8194878742572878,0.0,-0.545611890017221,0.705612732233685,659604360.835068,659.604360835068,0.8915216849895045,0.5260166506564201
SPI6,A,416,-0.7383788719801798,0.0,-0.7308656702445946,0.7072569496249285,533030645.7069036,533.0306457069036,0.8731454797737217,0.5260166506564201
SPI6,A,417,-0.0018378866475645683,322.8814383474543,0.0,0.700016049305637,5394656416.031258,5394.656416031257,0.9627228092645962,0.490002490482798
SPI6,A,418,-3.1756473332072686,0.0,-1.0317087259376758,0.7137622094712798,342802063.8519237,342.8020638519237,0.8390703383498773,0.5260166506564201
SPI6,A,419,0.0,1495.2620345427613,0.0,0.7000160946603491,7295301872.446262,7295.301872446263,0.9745614971359446,0.3752890738961825
SPI6,A,421,-0.00010472408697768972,208.37967274969466,-6.37545173550784e-11,0.7000001310454124,4966978480.078496,4966.978480078496,0.957012487992315,0.5026950581705625
SPI6,A,423,-1.0548935630715792,0.0,-1.2292969608838986,0.7128395460874517,245873329.10321888,245.87332910321888,0.8221706336499802,0.5260166506564201
SPI6,A,425,-0.009744261445538527,188.98844419197036,0.0,0.7000208683894167,4877411190.532959,4877.411190532959,0.9559718219660581,0.505141068061337
SPI6,A,426,-1.5050370398687751,0.0,-0.8122272549225547,0.7081518933018403,479405608.03483325,479.4056080348333,0.8639840609100935,0.5260166506564201
SPI6,A,428,0.0,1350.7191990387437,0.0,0.7,7147156340.335634,7147.156340335634,0.9745348133916816,0.3933361795993881
SPI6,A,429,0.0,1723.6349380397319,-6.37545173550784e-11,0.7001226179554761,7508135494.220433,7508.135494220433,0.9746059700430497,0.33158999537481776
SPI6,A,431,-0.5070225154097907,0.0,-1.4987578464610616,0.7,154374099.72798166,154.37409972798164,0.804763937809087,0.5260166506564201
SPI6,A,432,-0.7069707495897215,0.0,-1.1855154553039684,0.7072610055720849,269369097.8318238,269.3690978318238,0.8263599814992708,0.5260166506564201
SPI6,A,433,-0.20185541972953724,0.0,-0.34373335448118225,0.7021174137721384,809860676.0009797,809.8606760009797,0.9122282705375885,0.5260166506564201
SPI6,A,434,-0.0744819693393457,0.0,0.0,0.7080751051071602,1026407760.3690053,1026.4077603690052,0.9376756679830647,0.5260166506564201
SPI6,A,435,-1.3795291296637537,0.0,-0.6720781737640684,0.7095360462145867,566328667.6624609,566.3286676624609,0.8777795566940619,0.5260166506564201
SPI6,A,436,-1.5309021390964745,0.0,-1.0125125484327049,0.7213165430457726,343813502.12388426,343.81350212388423,0.8393638595367703,0.5260166506564201
SPI6,A,437,-0.33798600047000626,0.0,-0.6429925578440877,0.7104660092725922,582875302.5650277,582.8753025650277,0.8801721990963107,0.5260166506564201
SPI6,A,438,0.0,514.2776395646522,0.0,0.7,5901258806.569929,5901.258806569929,0.9689490162592947,0.4683086063969829
SPI6,A,441,-3.7942413714206866,0.0,-0.46522465263266743,0.7178021366803847,685290885.2052779,685.290885205278,0.8952218308606397,0.5260166506564201
SPI6,A,442,0.0,143.15288948222513,0.0,0.7,4634164119.852645,4634.164119852645,0.9532145017255488,0.510388871099726
SPI6,A,443,-0.6228390118474889,0.0,-0.9235307337118127,0.712566251634823,403183656.4241101,403.1836564241101,0.850686661685701,0.5260166506564201
SPI6,A,444,0.0,370.37650316883753,0.0,0.7,5538322059.599048,5538.322059599048,0.9645195147116377,0.48472800370014585
SPI6,A,447,0.0,970.4779394658748,0.0,0.7,6688686224.384995,6688.6862243849955,0.9739833493435798,0.425410040203508
SPI6,A,451,-2.257818980562487e-06,538.4945712109618,0.0,0.7,5954434826.899206,5954.434826899206,0.9695093748888178,0.4654890240865265
SPI6,A,452,-0.31389371800240795,0.0,-0.34844965700726965,0.7108504778853149,783276407.1310008,783.2764071310007,0.9085014409221903,0.5260166506564201
SPI6,A,453,-1.1569764840986347,0.0,-0.5060801038324929,0.7162317663348164,661907173.9992158,661.9071739992158,0.8918063115949765,0.5260166506564201
SPI6,A,454,0.0,638.0429421276511,0.0,0.7000395747998002,6155411813.403812,6155.411813403813,0.9712527128473333,0.45448642686875146
SPI6,A,456,-0.8458407694728587,0.0,-0.6325243167452519,0.7011991030539384,608599860.1164244,608.5998601164245,0.883925712455972,0.5260166506564201
SPI6,A,462,0.0,94.28477646395027,0.0,0.7,4297403151.933003,4297.403151933004,0.9496477745757285,0.5158234603479559
SPI6,A,465,-1.379235393493075,0.0,-0.40904600802051183,0.7002929091231996,767882894.4271178,767.8828944271178,0.9062689009855197,0.5260166506564201
SPI6,A,466,-0.8058253388865446,0.0,-0.8316747353711911,0.7000194258976548,479766376.25775856,479.76637625775857,0.8640018500729355,0.5260166506564201
SPI6,A,467,-4.0,0.0,-1.755682722008238,0.7,87288445.75922562,87.28844575922562,0.7920535809584801,0.5260166506564201
SPI6,A,468,0.0,696.8450555925292,0.0,0.7,6263291446.219752,6263.291446219752,0.9720354360123812,0.44865158145657674
SPI6,A,469,0.0,424.0277814610403,0.0,0.7,5684519358.09021,5684.51935809021,0.9663340093215212,0.478510691286868
SPI6,A,472,-0.009551068655111905,306.96481110838175,0.0,0.7001065277122613,5342609706.121928,5342.609706121928,0.9619845590066534,0.4918258796741025
SPI6,A,473,-1.3516475005024913,0.0,-1.561514280628819,0.7094929482604478,132352076.26539652,132.35207626539653,0.8009303732166365,0.5260166506564201
SPI6,A,475,-2.528122651182432,0.0,-0.4751188386399581,0.7073708419894983,704336296.4092252,704.3362964092253,0.8979791511011491,0.5260166506564201
SPI6,A,476,-1.3694385160696991,0.0,-0.4133650595680987,0.7102640056329715,739320398.2956147,739.3203982956147,0.9023641797417014,0.5260166506564201
SPI6,A,477,0.0,255.0790363539088,0.0,0.7000015051997858,5158919830.938105,5158.9198309381045,0.9594673924645107,0.49759846301633043
SPI6,A,479,-0.72682768305095,0.0,-1.9891884957452837,0.7036850526073143,48266576.727979176,48.26657672797918,0.7853826448927316,0.5260166506564201
SPI6,A,481,-0.9187072971034591,0.0,-0.7692795666136708,0.7096801731478569,504471960.27505535,504.4719602750553,0.8683068274806987,0.5260166506564201
SPI6,A,482,0.0,759.3309567626172,-3.6126820239972994e-06,0.7000015402375985,6370377985.533223,6370.377985533223,0.9726313729675881,0.4428878926957698
SPI6,A,484,-0.00021290563165965622,20.56386076386815,-1.3781085015174028e-05,0.7000262991806091,3317332181.9962792,3317.3321819962794,0.9427633685558757,0.5238374782082754
SPI6,A,486,-3.8117227949671015,0.0,-1.6581593011186115,0.7036383715647524,108784743.79624961,108.78474379624961,0.7965987120646103,0.5260166506564201
SPI6,A,487,-0.6127892541636721,0.0,-0.13517222588026656,0.708499019104369,933117709.0467944,933.1177090467944,0.9265307574625538,0.5260166506564201
SPI6,A,488,0.0,666.4139021501511,-0.000345186577075668,0.7,6208384495.471443,6208.384495471443,0.9716885473369622,0.45157789874408505
SPI6,A,489,0.0,322.46586364268694,0.0,0.700000379116965,5393393241.052001,5393.393241052001,0.9627139146831751,0.490002490482798
SPI6,A,493,0.0,208.63778056460973,0.0,0.7,4968126210.268519,4968.12621026852,0.957030277155157,0.5026861635891415
SPI6,A,495,-0.007123786352232542,77.14805981093792,-0.00048654998365968774,0.7000520812130584,4146923254.187383,4146.9232541873835,0.9481979578041057,0.5177713736791547
SPI6,A,496,0.0,802.1918896050248,0.0,0.7000071001342564,6440057023.565267,6440.057023565267,0.972996050805849,0.4392411143131605
SPI6,A,497,-9.706960019397479e-05,344.43443651242796,0.0,0.7,5461756028.36673,5461.75602836673,0.963461059522539,0.48748532394065547
SPI6,A,500,0.0,163.34445895986383,0.0,0.7,4747769957.960911,4747.769957960911,0.9543974810545416,0.5079250720461095
SPI6,A,501,0.0,462.8986488830672,0.0,0.7,5781845461.489614,5781.845461489614,0.9675080940690931,0.4740811897392109
SPI6,A,502,-0.0049833678036129425,116.43960868360884,-0.0003445586529673718,0.7,4463314897.157976,4463.314897157976,0.9513644287899811,0.5133863450386025
SPI6,A,503,-0.14716946199676773,0.0,-1.0937583640172726,0.7093192325083306,312935570.31824356,312.93557031824355,0.834089372754118,0.5260166506564201
SPI6,A,504,-0.000858958387725125,1382.5086319972092,0.0,0.700000348106073,7180729675.904525,7180.729675904525,0.9745526025545236,0.3897605578681467
SPI6,A,506,0.0,0.0,-1.200639093604234,0.7237604563438093,247793296.39750284,247.79329639750284,0.8222417903013484,0.5260166506564201
SPI6,A,509,-3.0942828665254853e-06,483.0899524146946,0.0,0.7000001902548554,5829931103.130681,5829.931103130681,0.9681485039314048,0.47180417689543536
SPI6,A,511,-4.0,0.0,-1.8668356703838938,0.7077453917801474,64424777.135638416,64.42477713563842,0.7882289109474511,0.5260166506564201
SPI6,A,512,0.0,229.38600763998738,0.0,0.7000008688149658,5056985205.55207,5056.98520555207,0.9581598889956238,0.5005514640481019
SPI6,A,514,-0.38716851907623595,0.0,-0.06349278908033829,0.7085262845313789,983876337.4942485,983.8763374942486,0.9328548048528836,0.5260166506564201
SPI6,A,516,-0.6527521589911636,0.0,-0.9360682526412525,0.737707394241752,362590092.63718045,362.5900926371805,0.8435265236417975,0.5260166506564201
SPI6,A,520,-2.5923766224080245,0.0,-0.5544694702568855,0.703615377974195,658078915.5602366,658.0789155602366,0.8913971608496104,0.5260166506564201
SPI6,A,522,0.0,95.25866025221876,0.0,0.7000039428873781,4305280594.407284,4305.280594407283,0.9497367203899385,0.515734514533746
SPI6,A,523,-1.9470074436931781,0.0,-0.7467828400143071,0.715934239099918,506964663.1906231,506.9646631906231,0.8686715053189596,0.5260166506564201
SPI6,A,525,-0.041889367656136794,0.0,-1.2316370955681455,0.7090295159367621,248029863.86057952,248.02986386057952,0.8227220976980825,0.5260166506564201
SPI6,A,526,-0.13042952825158005,220.5821716765461,-6.973172155365641e-05,0.7,5019663444.526319,5019.663444526319,0.9567901234567903,0.5029263172875085
SPI6,A,528,-1.254483878555976,0.0,-0.6070144932806061,0.7097616867463029,607237855.594261,607.2378555942611,0.8837389262461309,0.5260166506564201
SPI6,A,531,-3.005724491616033,0.0,-0.23908436035597114,0.703367262161334,879689135.1032348,879.6891351032348,0.920286761305013,0.5260166506564201
SPI6,A,532,-0.00013879355838680545,1241.158569731217,-4.247845747296433e-05,0.7000360306474348,7026356180.299811,7026.356180299811,0.9745081296474187,0.4038406802575871
SPI6,A,536,-2.2600293547042867,0.0,-0.5824203008397356,0.705102489374717,635184145.1497251,635.184145149725,0.8883463194222081,0.5260166506564201
SPI6,A,537,-9.601795548515687e-06,853.8207783379046,-0.0024150935549358157,0.7000533171436053,6518688086.618107,6518.688086618107,0.9732806774113208,0.4347849290212403
SPI6,A,538,-1.2723583239166643,0.0,0.0,0.70818103756015,1026035350.7019144,1026.0353507019145,0.9376400896573805,0.5260166506564201
SPI6,A,542,0.0,0.0,-1.4691607992746252,0.713787219133376,155741833.9699998,155.7418339699998,0.8051997722987158,0.5260166506564201
SPI6,A,543,-1.1059602110608564,0.0,-1.2787450461831749,0.7099062380763946,227894547.20078966,227.89454720078967,0.8190486355712099,0.5260166506564201
SPI6,A,544,-0.2757455978027792,0.0,-1.0822806011194053,0.7139759954982196,314359016.67833644,314.35901667833645,0.8342050023125912,0.5260166506564201
SPI6,A,546,-1.2966839462178636,0.0,-0.8140315131461282,0.7084247140346257,477635145.95780116,477.63514595780117,0.8637439072117266,0.5260166506564201
SPI6,A,551,0.0,728.8259089720293,0.0,0.7000167000481734,6318953802.104017,6318.953802104017,0.9724267975949051,0.4457252641690682
SPI6,A,554,-1.0805004028072e-05,117.412453194948,0.0,0.7000411206136683,4469985511.539695,4469.985511539695,0.9514978475112962,0.5132973992243924
SPI6,A,558,-3.0651438759642735,0.0,-0.4622131843759997,0.7189756612761238,684332230.5116484,684.3322305116484,0.8951506742092719,0.5260166506564201
SPI6,A,560,-0.022677227589302504,170.19431641060538,-0.001577549553821641,0.7004254324889945,4781373511.25634,4781.37351125634,0.9544241647988045,0.5073024513466396
SPI6,A,565,-6.912093136544895e-05,211.87672699862725,-6.973172155365641e-05,0.7000003453794429,4982386422.761181,4982.386422761181,0.957163695876472,0.5023125911694595
SPI6,A,567,-1.112998584961033,0.0,-0.27346134005893497,0.7132033111533994,826935273.5958358,826.9352735958358,0.9142740242644181,0.5260166506564201
SPI6,A,568,-1.3288162309302132,0.0,-0.9112299488492445,0.7004658863289605,427107582.8036767,427.10758280367673,0.8547870637207814,0.5260166506564201
SPI6,A,569,-0.0006258289191603133,576.6897152561457,-8.965789533738728e-06,0.7000077172362658,6034705509.797089,6034.705509797089,0.9703187817981287,0.4610862062831323
SPI6,A,570,-1.2199049471898953,0.0,-0.4499542639099361,0.7003228959014184,739380213.0783119,739.380213078312,0.9027377521613834,0.5260166506564201
SPI6,A,572,-0.0006184124394737012,397.78563216244356,-0.00016222356950852006,0.7000329239546584,5614694017.784746,5614.694017784746,0.9654712349236845,0.48165047852848036
SPI6,A,573,-0.1563490876708681,0.0,-0.7514897584992204,0.700264340591496,532303834.0246129,532.3038340246129,0.8730743231223537,0.5260166506564201
SPI6,A,574,-0.011228214673377312,543.6689736799875,0.0,0.7001340988011339,5964966326.855402,5964.966326855402,0.9695983207030279,0.46522218664389653
SPI6,A,575,-0.029270403542050183,0.0,-0.36811224733518877,0.7137258253801466,761996326.8921351,761.9963268921351,0.9057352261002598,0.5260166506564201
SPI6,A,576,-0.0006206389064192797,0.0,-0.0350012675062744,0.7077716242844294,1005852133.7796866,1005.8521337796866,0.9354431280463941,0.5260166506564201
SPI6,A,578,-0.043372617049290074,0.0,-1.8642127664665995,0.7144329379467282,63277427.67167403,63.277427671674026,0.7878731276906109,0.5260166506564201
SPI6,A,580,-0.005342197686212975,189.64463066619163,0.0,0.700087984752739,4880325569.905379,4880.325569905379,0.9559985057103211,0.5050343330842849
SPI6,A,582,-0.14234446712663362,0.0,-0.20250086869836115,0.7,915543557.1517198,915.5435571517198,0.9243515850144093,0.5260166506564201
SPI6,A,583,-1.2176727746778133,0.0,-0.9511682118645985,0.7004658863289605,406414675.79960513,406.4146757996051,0.850926815384068,0.5260166506564201
SPI6,A,584,-1.1059602110608564,0.0,-1.1772684303177967,0.7097165511195229,270840536.41358703,270.840536413587,0.8266268189419006,0.5260166506564201
SPI6,A,585,-0.5961591570874845,0.0,-0.2734979968374709,0.7037316373822959,854188407.7958268,854.1884077958268,0.9178496459956595,0.5260166506564201
SPI6,A,588,-0.006398734856892546,430.6005165269376,-0.0006977243752446932,0.7001727722539149,5700496568.360362,5700.496568360362,0.9664496388799942,0.4779236489130821
SPI6,A,591,-8.124765923530849e-07,369.30173181062116,-0.00022944839905729187,0.7000782794017775,5534900836.895398,5534.900836895398,0.9644928309673747,0.4848258440957768
SPI6,A,593,-0.0006238073779385657,642.0075345846807,-0.00015791624406134394,0.7002875347413815,6161979141.569298,6161.979141569298,0.9712616074287544,0.45404169779770176
SPI6,A,597,0.0,141.3887884227133,-1.3993280579598648e-06,0.7000167573552287,4623615278.706993,4623.615278706993,0.9531166613299178,0.5105845518909881
SPI6,A,598,-1.2986475029699878,0.0,-0.814181643377891,0.7186829190409855,460676424.0816672,460.67642408166716,0.8608976411570071,0.5260166506564201
SPI6,A,600,-1.254483878555976,0.0,-1.656719779997223,0.7099179696544142,106889932.51782635,106.88993251782635,0.7962162450635074,0.5260166506564201
SPI12,A,1,-3.4054290523324657,0.0,-1.0380330576785222,0.9205551814073714,105469685.26249017,105.46968526249017,0.7937257622656279,0.5260166506564201
SPI12,A,4,0.0,236.8498483637183,0.0,0.7,5115456075.399321,5115.456075399321,0.978733055822393,0.5014942896787278
SPI12,A,5,0.0,648.5878459438419,-0.0017903158451436378,0.7,6202934313.148647,6202.934313148648,0.9875475860106024,0.45872024762514674
SPI12,A,6,0.0,446.4229119994521,-0.0015825154539450825,0.7000399032470456,5768473607.674752,5768.473607674752,0.9849236844914079,0.4795780410573879
SPI12,A,8,-3.9907098885974284,0.0,-1.005264338270975,0.7006269317171451,413933839.99123836,413.93383999123836,0.8634503860248338,0.5260166506564201
SPI12,A,9,0.0,402.431414899012,0.0,0.7,5655949432.510997,5655.949432510997,0.9841320667449389,0.48435443128046396
SPI12,A,10,0.0,1011.0823782419511,0.0,0.7,6772533508.647005,6772.533508647005,0.9890596648521721,0.42915465898174826
SPI12,A,11,-0.14541081878786732,0.0,-0.31187805542962743,0.7006633079415171,880564554.6151094,880.5645546151095,0.9434749350695557,0.5260166506564201
SPI12,A,14,-0.7576076240628965,0.0,-1.035972676748274,0.7084736970035752,387631064.5292409,387.6310645292409,0.8580157967766039,0.5260166506564201
SPI12,A,15,-3.92973921512196,0.0,-1.288487217711399,0.7088106741998204,260465927.10610542,260.4659271061054,0.8322126160742874,0.5260166506564201
SPI12,A,16,-3.2551421651212764,0.0,-0.04857006969917521,0.7,1046865409.8587843,1046.8654098587842,0.9607837905148183,0.5260166506564201
SPI12,A,17,-2.6562643701663733,0.0,-0.7246097609186355,0.7220258475909069,545946629.0072353,545.9466290072353,0.8905699647774578,0.5260166506564201
SPI12,A,18,-0.15355062870657488,402.2486086117142,0.0,0.700130141886405,5654339540.425409,5654.33954042541,0.9833671327427331,0.4871918027537624
SPI12,A,19,-3.9951738712517093,0.0,-0.11927463926877888,0.7001480907847921,1004555199.0272212,1004.5551990272212,0.9568434909453161,0.5260166506564201
SPI12,A,21,-0.004665120278663171,308.1983301683508,0.0,0.7,5375341585.082807,5375.341585082807,0.9817127405984273,0.4939338954708792
SPI12,A,22,-2.9315040048992778,0.0,-0.38163354552875195,0.7008705506722892,834397724.0492843,834.3977240492843,0.9376223004945387,0.5260166506564201
SPI12,A,26,-0.5541250655246459,0.0,-0.7315303533022073,0.7084063502132155,568105082.0962628,568.1050820962628,0.8946881559753798,0.5260166506564201
SPI12,A,28,0.0,949.453856848338,0.0,0.7000000000933273,6688420720.129694,6688.420720129694,0.98895292987512,0.4337442629949835
SPI12,A,29,-1.7108268406563039,0.0,-0.9586645133917482,0.70110000590458,437893789.6443105,437.89378964431046,0.8690984452271677,0.5260166506564201
SPI12,A,30,-3.760735955674045,0.0,-0.5051584488003058,0.7060915067820598,734970545.937982,734.9705459379819,0.9228217170099975,0.5260166506564201
SPI12,A,33,-3.944523279818357,0.0,-0.5251378033233539,0.7491506181613391,614385298.6199713,614.3852986199713,0.9021240260433344,0.5260166506564201
SPI12,A,34,-0.5148893075722804,0.0,-0.9265589694339791,0.7000231563262139,458693166.3312138,458.6931663312138,0.8731010068666168,0.5260166506564201
SPI12,A,35,-0.7892337759447634,0.0,-0.17545965254028095,0.700000321682244,970603518.9609046,970.6035189609046,0.9531255559113389,0.5260166506564201
SPI12,A,36,-0.007976376392903512,124.40307740814504,-0.00013501234401925959,0.7000000000212353,4544485317.258717,4544.485317258716,0.9732006261785321,0.5136087095741274
SPI12,A,39,0.0,98.41007816774973,0.0,0.7000003906743134,4357712461.488808,4357.712461488808,0.9715640231970684,0.516108086953428
SPI12,A,40,-3.9749037241504768,0.0,-1.8700930926297463,0.746412623777616,79292417.41508669,79.29241741508669,0.7912886469562742,0.5260166506564201
SPI12,A,44,-3.9385141610002306,0.0,-0.7267667499592798,0.7457776612633639,497838153.6544942,497.83815365449425,0.8809993951684634,0.5260166506564201
SPI12,A,47,-4.0,0.0,-0.16884075514617208,0.7081036322140574,947836413.7201437,947.8364137201437,0.9504127085779343,0.5260166506564201
SPI12,A,49,0.0,36.18050408963573,0.0,0.7,3667301911.722863,3667.301911722863,0.9664318497171523,0.5224143451809158
SPI12,A,50,-4.0,0.0,-0.6416716606005697,0.9775899392459417,48635275.23571702,48.63527523571702,0.7846799729604724,0.5260166506564201
SPI12,A,51,0.0,472.15307150696833,-0.00039383955443928246,0.7,5832363910.198204,5832.363910198204,0.9854128864695627,0.4768385099797203
SPI12,A,53,0.0,174.19736419423663,0.0,0.7000000000582255,4832111134.303045,4832.111134303045,0.9759223680933575,0.5080673853488454
SPI12,A,54,0.0,13.503910608965612,-0.0017757670647695985,0.7000453604246768,3128447627.854776,3128.447627854776,0.9642882555946917,0.5246913580246914
SPI12,A,55,-0.8615041945272832,0.0,-0.010213685759821095,0.7000410361224356,1074121978.2077765,1074.1219782077765,0.962776176753122,0.5260166506564201
SPI12,A,57,-1.614449723178733,0.0,-0.46856837730588596,0.7008546647594485,775903821.4893368,775.9038214893368,0.9283630412352795,0.5260166506564201
SPI12,A,58,-0.1289289870948161,84.32829767172194,0.0,0.7,4240054164.508383,4240.054164508383,0.9702832034724446,0.5180560002846266
SPI12,A,59,-4.0,0.0,-1.334453622841134,0.7148612183320479,235355718.48840463,235.35571848840462,0.8268491834774255,0.5260166506564201
SPI12,A,63,0.0,785.3623421020516,-0.0017757670647695985,0.7000462651112818,6440425790.894729,6440.425790894728,0.9883125200128082,0.44676593019532507
SPI12,A,64,-1.5447885355004563e-07,260.3890347153581,-0.006251217340716042,0.7,5203290705.374554,5203.290705374554,0.9796580922901769,0.49906606895079514
SPI12,A,65,-0.5534340504531121,0.0,-0.7256555621899194,0.7006268209335007,587054010.145371,587.054010145371,0.8983082506137262,0.5260166506564201
SPI12,A,66,-5.2893521762752e-06,355.2905676654257,0.0,0.7000054484750274,5522659957.864405,5522.6599578644045,0.9830113494858933,0.489175294410645
SPI12,A,67,-0.001561420295687732,535.6092466145939,0.0,0.7,5977030262.316201,5977.0302623162015,0.9863912904258726,0.47010531184402465
SPI12,A,69,-3.9458520873258545,0.0,-0.5031026837064497,0.7320942306077574,671470936.1828806,671.4709361828807,0.9125217917244817,0.5260166506564201
SPI12,A,71,-2.873084051391075,0.0,-0.4967375280126666,0.7240641388575018,695975789.0473707,695.9757890473707,0.9166844558295087,0.5260166506564201
SPI12,A,73,-1.6276858295113982e-05,829.8292759725354,-0.00013350787420206116,0.7000122743773254,6512239182.148945,6512.239182148945,0.9885170953854912,0.4432080976269257
SPI12,A,74,-0.25632000010830325,232.454773139405,0.0,0.7,5096934819.078637,5096.934819078637,0.9774611306791904,0.5052033301312838
SPI12,A,77,-3.6844431429160838,0.0,-0.505307594839897,0.7223123325837929,694273590.1047102,694.2735901047103,0.9165243533639307,0.5260166506564201
SPI12,A,79,0.0,80.93593460779522,-3.389916176643517e-05,0.7004991836083668,4207796083.8999104,4207.796083899911,0.9702565197281815,0.5179937382146795
SPI12,A,86,0.0,123.69582140901787,-0.0017606744549267805,0.7000035659724609,4538515092.792275,4538.515092792275,0.9731561532714271,0.5135820258298645
SPI12,A,87,-3.1425140735890693,0.0,-0.08080737624749029,0.7000000424086817,1026966805.0123825,1026.9668050123826,0.9589781904863558,0.5260166506564201
SPI12,A,88,-2.174875082451252,0.0,-0.49235973947628514,0.7176924625852682,715977336.0546837,715.9773360546836,0.9197797701640162,0.5260166506564201
SPI12,A,90,-0.9603867143094973,0.0,-1.7667256215975446,0.7164124831772732,112645281.6226696,112.64528162266961,0.7985555199772298,0.5260166506564201
SPI12,A,91,0.0,100.64168728403433,-0.0066270136683889555,0.7000008146388517,4370940014.523152,4370.940014523152,0.9716084961041734,0.5158857224179031
SPI12,A,92,0.0,193.20653655734827,-0.00035039962012102803,0.7000000415066998,4925085759.394978,4925.085759394978,0.9767762479097735,0.5060661045291208
SPI12,A,93,-1.0954974471497687,0.0,-0.9570905218138837,0.7045494479750002,433931287.0414344,433.9312870414344,0.8681911979222259,0.5260166506564201
SPI12,A,94,0.0,691.2028081651081,0.0,0.7000003942621753,6282315060.050097,6282.315060050098,0.9878588963603373,0.4545220051944356
SPI12,A,96,-0.08643850412001797,0.0,-0.495732021468234,0.7326340331346614,675130859.9730967,675.1308599730967,0.9129932045397945,0.5260166506564201
SPI12,A,98,-4.0,0.0,-0.72230552320575,0.7015062836176342,587802400.1037363,587.8024001037363,0.8985217205678302,0.5260166506564201
SPI12,A,99,-3.9809891038590024,0.0,-0.7631910629306774,0.7001655299386105,560671740.0685927,560.6717400685926,0.8930070800868113,0.5260166506564201
SPI12,A,102,-3.944531355497222,0.0,-1.9438832420863512,0.9373292056697722,16468943.498060092,16.468943498060092,0.7792631728750844,0.5260166506564201
SPI12,A,103,-0.1484916267603722,0.0,-1.088737526153874,0.7054326788633568,363530997.8244601,363.5309978244601,0.8530259365994235,0.5260166506564201
SPI12,A,104,-0.04194007767993289,0.0,-1.433566116997121,0.7349002595606493,184984339.974117,184.984339974117,0.8148948660476037,0.5260166506564201
SPI12,A,105,-0.31776486973084683,0.0,-0.9242187244945389,0.7010936066319048,458120258.5413581,458.1202585413581,0.8729853773081437,0.5260166506564201
SPI12,A,106,0.0,891.5639348704206,-0.0018983453637792247,0.7000004567668612,6604036801.231715,6604.036801231715,0.9887839328281212,0.4380403458213257
SPI12,A,107,-0.00014486373180956635,357.101060526159,-0.005360286089334087,0.7000002045578151,5524875602.756334,5524.875602756334,0.9830736115558402,0.4889796136193831
SPI12,A,109,-0.05819692359062145,0.0,-0.6745449725790023,0.7000893391708091,625613259.6962122,625.6132596962121,0.9051214999822109,0.5260166506564201
SPI12,A,110,-1.3178370981826315,0.0,-0.35016901279388385,0.7092231826970147,830729516.9710093,830.7295169710093,0.9367773152595439,0.5260166506564201
SPI12,A,111,-1.7624394240553312,0.0,-0.7615880412741585,0.7127221626793214,538324990.9164869,538.3249909164869,0.88863094602768,0.5260166506564201
SPI12,A,112,-3.95774994360516e-05,649.2654501859744,-0.00018379003775945987,0.7000467457392977,6205330466.6402645,6205.330466640265,0.9875564805920235,0.4586490909737788
SPI12,A,113,-0.04194007767993289,0.0,-0.007920546750557311,0.7006601454529325,1073285839.9120097,1073.2858399120098,0.9626071797061229,0.5260166506564201
SPI12,A,114,-3.28294474225542,0.0,-0.22992180389581604,0.7059474356265643,917327259.6414416,917.3272596414416,0.9470683459636389,0.5260166506564201
SPI12,A,116,-0.22660267841655035,0.0,-0.0458738026561884,0.7000895285907366,1048781829.5881476,1048.7818295881477,0.9609438929803963,0.5260166506564201
SPI12,A,120,-0.022703285723947447,0.0,-0.35684694945205886,0.7001641811114531,852659322.6039002,852.6593226039003,0.9400149428967872,0.5260166506564201
SPI12,A,121,-0.04197800544042164,0.0,-1.433566116997121,0.7004309365030567,209019262.73021215,209.01926273021215,0.8211655459494076,0.5260166506564201
SPI12,A,125,-1.6593214602369544,0.0,-1.204310900923733,0.7013257710558496,308454250.54583794,308.45425054583797,0.8424324901270147,0.5260166506564201
SPI12,A,126,-2.12964415116523e-05,336.1290582384658,-0.00037879006078194436,0.7004695293308822,5462601396.110918,5462.601396110918,0.9824509908563703,0.4910431565090548
SPI12,A,127,-1.5822168790104698e-05,237.63177287783657,-0.00020672016500316857,0.7000388592422095,5118265116.628423,5118.265116628423,0.9787508449852351,0.5014409221902016
SPI12,A,128,-0.5613609571194139,0.0,-0.10300261267110569,0.956143039315041,148439436.3901997,148.4394363901997,0.8032073860604118,0.5260166506564201
SPI12,A,129,-1.7624394240553312,0.0,-1.1203959051333088,0.7165029749078091,334997537.14374924,334.99753714374924,0.8471199345358807,0.5260166506564201
SPI12,A,130,0.0,282.31916833466926,0.0,0.7000008656954957,5286993925.348974,5286.993925348974,0.9806098125022237,0.49668232112996763
SPI12,A,135,-2.8764805902051895,0.0,-1.9239043777227898,0.7282541767402946,74159823.66924207,74.15982366924207,0.7905770804425942,0.5260166506564201
SPI12,A,138,-3.937697424587952,0.0,-0.8452917609372708,0.7123910487160446,485405887.8949132,485.4058878949132,0.877735083786957,0.5260166506564201
SPI12,A,139,-1.4819658203455464,0.0,-0.19640822404248026,0.7000006157228594,957377373.8694476,957.3773738694476,0.951826947023873,0.5260166506564201
SPI12,A,142,-0.0024139182645671027,260.30501181833375,-2.553277293370791e-05,0.7000151415914949,5206728863.606286,5206.728863606286,0.979693670615861,0.49919059309068914
SPI12,A,143,0.0,143.8482653226913,0.0,0.7000000101948408,4665808265.67386,4665.80826567386,0.9743658163446829,0.5114384317074038
SPI12,A,144,-0.022703285723947447,0.0,-0.31508381454431944,0.7012293325896016,876858807.9412723,876.8588079412723,0.9430124168356637,0.5260166506564201
SPI12,A,145,-0.7622692066321564,0.0,-0.40565588028271926,0.7002667842631961,822262803.8647548,822.2628038647548,0.9362258512114421,0.5260166506564201
SPI12,A,146,-3.836229528747029,0.0,-0.46888416633320185,0.7010936066319048,775050118.9939387,775.0501189939387,0.9283185683281745,0.5260166506564201
SPI12,A,148,-0.1484916267603722,0.0,-0.1531440476763511,0.7054326788633568,965775370.5926745,965.7753705926744,0.952280570676344,0.5260166506564201
SPI12,A,150,0.0,169.5930475061695,-0.0003578827854908755,0.7000034113020785,4808175691.143618,4808.175691143618,0.9756288469064646,0.5085476927455793
SPI12,A,151,0.0,474.26742803637575,-3.357916829074573e-05,0.7002181392659171,5836962945.911696,5836.962945911697,0.9854306756324047,0.4766606183513004
SPI12,A,152,-0.9330024621543078,0.0,-1.4352658273745076,0.7688820268250179,160876518.24178797,160.87651824178798,0.8086241861457999,0.5260166506564201
SPI12,A,153,-0.16330911012188953,0.0,-1.0393524578709843,0.7074061391033024,387442962.37181634,387.44296237181635,0.8579891130323408,0.5260166506564201
SPI12,A,154,-1.714299628193126,0.0,-0.07357551651578495,0.7005728740602055,1029902061.6740532,1029.9020616740531,0.9590315579748817,0.5260166506564201
SPI12,A,155,0.0,733.2713004372765,0.0,0.700001712428218,6355592946.439726,6355.592946439726,0.9880367879887573,0.4510353292774043
SPI12,A,157,-1.714299628193126,0.0,-0.4667919837907978,0.7017667121166135,774895665.0125375,774.8956650125375,0.9283007791653326,0.5260166506564201
SPI12,A,159,-0.0025823505286751945,0.0,-1.3101163266502045,0.8478977926343931,130624463.20442082,130.6244632044208,0.7998185505390116,0.5260166506564201
SPI12,A,160,-0.35272056234917093,0.0,-0.466726688639887,0.7179754053358333,732894103.7657499,732.89410376575,0.9220567830077917,0.5260166506564201
SPI12,A,161,-0.014430923878564428,0.0,-1.005779398537154,0.7009886884279554,412918639.8628285,412.9186398628285,0.8632813889778348,0.5260166506564201
SPI12,A,163,0.0,212.66249803297293,0.0,0.7000000295670447,5013731956.111217,5013.731956111216,0.9777368627032411,0.5039402995695023
SPI12,A,164,0.0,236.40454483396525,0.0,0.7000002952628708,5113654749.753184,5113.654749753185,0.9787152666595511,0.5015209734229907
SPI12,A,165,-0.16345467121197468,0.0,-0.735398192538641,0.7074061391033024,567470590.7821246,567.4705907821246,0.8944480022770128,0.5260166506564201
SPI12,A,167,0.0,77.00695488418508,-0.00014163891564361727,0.7000379667161272,4172714954.9636693,4172.71495496367,0.9700697335183407,0.5183495214715195
SPI12,A,168,-0.6715137674572906,0.0,-0.381273962999251,0.7086916551277764,812808603.1023368,812.8086031023367,0.9345447753228733,0.5260166506564201
SPI12,A,169,-2.0522288131243803e-05,169.5420622282548,-0.0008010436810063221,0.7000221843031669,4807108499.737351,4807.108499737352,0.9756199523250437,0.5085565873270004
SPI12,A,171,-1.6385146830320627,0.0,-0.25652922602755224,0.7,918225780.6173288,918.2257806173287,0.947281815917743,0.5260166506564201
SPI12,A,173,-0.0005590689502275262,0.0,-0.6736513305020646,0.7000627173341337,626126055.4904281,626.1260554904281,0.9052371295406837,0.5260166506564201
SPI12,A,174,-7.153725541328426e-05,402.97068360758817,-0.00014374563335318113,0.7000004909650555,5657244810.248387,5657.244810248388,0.98414096132636,0.4842921692105171
SPI12,A,175,-1.7690921015719248,0.0,-0.3520064319028955,0.7012477590206365,852403502.4514138,852.4035024514137,0.9398548404312094,0.5260166506564201
SPI12,A,176,-0.23010163019367785,0.0,-0.004501375785952534,0.7013011591377767,1072873963.7958062,1072.8739637958063,0.962527128473334,0.5260166506564201
SPI12,A,180,-3.154139960804244,0.0,-0.16712892496171206,0.70882064647696,946660759.4614692,946.6607594614692,0.9502792898566192,0.5260166506564201
SPI12,A,182,-5.739352490631046e-05,13.076703719495605,-0.0011451885212226884,0.7000222565480463,3113450755.4068856,3113.4507554068855,0.9642170989433235,0.5247180417689544
SPI12,A,183,-0.6715137674572906,0.0,-0.381273962999251,0.7004661344747666,835755657.0978401,835.7556570978401,0.9378179812858007,0.5260166506564201
SPI12,A,184,0.0,380.92410282438095,-0.00010400917143988495,0.7,5596544775.89037,5596.54477589037,0.98369623225531,0.4865247091471876
SPI12,A,185,0.0,350.84761371230394,0.0,0.7000000001425123,5509418032.142487,5509.4180321424865,0.9829312982531042,0.48972675845874697
SPI12,A,186,-0.0038573550949743975,98.53299159441102,0.0,0.7000284007761436,4358574424.670112,4358.5744246701115,0.9715640231970684,0.516161454441954
SPI12,A,188,-9.347905776340776e-06,259.7265864018106,-0.0002079376811939867,0.7,5204404724.553847,5204.404724553848,0.979622513964493,0.4991372256021631
SPI12,A,190,-0.6639544645120017,0.0,-0.5106149768569026,0.7284023986666001,675295666.310634,675.295666310634,0.9132778311452666,0.5260166506564201
SPI12,A,191,-1.7247818499453658,0.0,-0.17478042461927015,0.7005818942897565,969087226.1954386,969.0872261954386,0.9529120859572348,0.5260166506564201
SPI12,A,192,-0.32141015076185897,0.0,-0.3911054444133273,0.775351764158483,622830831.8341798,622.8308318341798,0.9022663393460703,0.5260166506564201
SPI12,A,193,-0.0002292664554158069,1013.3464931186929,-0.0003416359501074308,0.7,6775331200.486494,6775.331200486494,0.9890685594335932,0.4290034510975913
SPI12,A,194,-1.7284783016916125,0.0,-1.0651203185057536,0.7180700403782297,359894259.1488432,359.8942591488432,0.8519407976660618,0.5260166506564201
SPI12,A,195,0.0,0.0,-0.049345160802188336,0.7,1046593362.530389,1046.593362530389,0.9607215284448714,0.5260166506564201
SPI12,A,196,-3.265775526868374,0.0,-0.8761053542564246,0.700080324212249,487032869.6163259,487.0328696163259,0.8783932828121108,0.5260166506564201
SPI12,A,197,-2.0484980183338797e-05,193.1384779881652,0.0,0.7000003306337825,4924976047.975898,4924.976047975898,0.9767584587469315,0.5060661045291208
SPI12,A,198,-0.6519915089015158,0.0,-0.7246718502448213,0.7013738223860069,586453476.0818197,586.4534760818196,0.8982370939623581,0.5260166506564201
SPI12,A,200,-8.619528844006161e-05,785.00773476563,-0.0001411217293135049,0.7000792719119486,6441023450.487553,6441.0234504875525,0.9883125200128082,0.44678371935816713
SPI12,A,201,0.0,653.8411598591324,-0.007383634532785344,0.7000416982862182,6209553648.967472,6209.553648967472,0.9875831643362865,0.4582132564841499
SPI12,A,202,-0.0012901955996799733,949.7504054684542,-0.0004360879350701896,0.7000027710258054,6688447734.008806,6688.447734008806,0.98895292987512,0.43390436546056144
SPI12,A,204,0.0,573.6242175645766,-0.0008151854569757033,0.7000000000254686,6056446179.76972,6056.44617976972,0.9867915465898176,0.46594264773899746
SPI12,A,205,0.0,0.0,-0.31758177227891937,0.7000916232727358,878157019.0310674,878.1570190310674,0.9431992030455046,0.5260166506564201
SPI12,A,208,-0.15270274051352625,0.0,-1.2043135602291226,0.7004222331312331,309386967.99317545,309.38696799317546,0.8425836980111717,0.5260166506564201
SPI12,A,210,-0.3591764494126649,0.0,-0.7484458534923675,0.7148733073548993,543518948.5446978,543.5189485446978,0.8899028711708828,0.5260166506564201
SPI12,A,212,-0.0012871571975483752,891.2429911196893,0.0,0.7001095015712324,6604652468.920261,6604.6524689202615,0.9887839328281212,0.4382271320311667
SPI12,A,213,-1.151200563914888,0.0,-1.0574045584205085,0.9189804280220951,104615601.98376864,104.61560198376864,0.7935567652186288,0.5260166506564201
SPI12,A,216,-0.01430196083628743,59.86076725551618,-0.00014163891564361727,0.7,3994036867.281869,3994.036867281869,0.9686021275838761,0.5199238623830363
SPI12,A,217,-0.0012824927910536328,281.3577592108225,-0.00011884033635895793,0.7000344686820134,5283341106.6290455,5283.3411066290455,0.9805564450136977,0.4967979506884407
SPI12,A,218,-0.001250164979028995,477.91717685123257,-2.089112455368029e-05,0.7000724846361697,5846143975.2596445,5846.143975259644,0.9854929377023517,0.47622478386167155
SPI12,A,220,0.0,123.90258778443155,-0.00017237061366630056,0.700001712428218,4541177103.534761,4541.177103534761,0.9731917315971111,0.5135553420856014
SPI12,A,221,-6.523606889130952e-05,303.28986736687324,0.0,0.7000027137224012,5359036070.83469,5359.03607083469,0.9815348489700073,0.49436972996050815
SPI12,A,222,-0.9217077756991985,0.0,-0.9193052688478174,0.7004661344747666,462092704.4236999,462.0927044236999,0.8738392571245598,0.5260166506564201
SPI12,A,223,-0.0026296298570686045,34.50742152597195,-0.00017314712085583425,0.7000017430090557,3638369176.0350738,3638.369176035074,0.9662895364144164,0.5225566584836518
SPI12,A,225,-7.076849336965023e-05,144.83629933223645,-1.879485414057455e-05,0.7000029639297771,4671616956.676781,4671.61695667678,0.9744191838332088,0.5113405913117728
SPI12,A,226,0.0,260.8448527678052,0.0,0.7,5208818501.644979,5208.818501644979,0.9797470381043868,0.4990127014622691
SPI12,A,227,0.0,952.3900195536278,0.0,0.7,6692521876.566461,6692.52187656646,0.9889618244565411,0.43355747678514256
SPI12,A,230,0.0,193.48001108236485,-0.001154628103177513,0.7,4925566185.967512,4925.566185967512,0.9768029316540364,0.5059771587149109
SPI12,A,233,-0.1578918074941203,400.96889266072384,0.0,0.7,5651345619.980805,5651.345619980805,0.9833226598356282,0.48747642935923435
SPI12,A,234,0.0,691.8145414522617,-1.6302926017421673e-05,0.7000022313987776,6283409677.141885,6283.4096771418845,0.9878677909417583,0.4544953214501727
SPI12,A,235,-1.4173655515216947,0.0,-0.7226025992642271,0.7008073836580774,588985151.2941462,588.9851512941461,0.8986551392891451,0.5260166506564201
SPI12,A,236,-1.4173655515216947,0.0,-1.1262688981476483,0.7139103326171721,335299517.58170396,335.299517581704,0.8474223503041948,0.5260166506564201
SPI12,A,238,-0.05476388930610332,0.0,-1.0388194300215585,0.7073642642590772,387843414.84753126,387.8434148475313,0.8580691642651298,0.5260166506564201
SPI12,A,239,0.0,146.45949761533632,0.0,0.7,4681117775.861654,4681.117775861654,0.9745170242288398,0.5111804888461948
SPI12,A,240,0.0,97.72782917936004,0.0,0.7,4352337682.461692,4352.337682461692,0.9715106557085422,0.516205927349059
SPI12,A,241,-0.0011754683084249928,330.3937621336828,-0.00044767384823657386,0.7,5446404591.249957,5446.404591249957,0.9823709396235814,0.4917547230227345
SPI12,A,242,0.0,652.3601314868052,0.0,0.700002017559919,6211428521.0711975,6211.428521071198,0.9875653751734444,0.45834667520546485
SPI12,A,243,0.0,75.85488880648757,0.0,0.7,4161994666.325123,4161.994666325123,0.9699807877041308,0.5184829401928346
SPI12,A,244,-0.20852797734716974,0.0,-0.5733809268459388,0.7033410530768421,692177622.0994322,692.1776220994323,0.9156882627103567,0.5260166506564201
SPI12,A,246,0.0,780.1687541734657,0.0,0.7000000221262702,6433613076.315767,6433.613076315767,0.9882947308499661,0.447237343010638
SPI12,A,247,-0.010898804906919662,0.0,-0.03755185076864151,0.7023594903516025,1046110156.6663972,1046.1101566663972,0.9605169530721882,0.5260166506564201
SPI12,A,249,0.0,376.8822881531577,0.0,0.7000019784609821,5585256335.859734,5585.256335859734,0.9835806026968371,0.48693385989255344
SPI12,A,253,-0.34559415550066697,0.0,-0.12053924445447783,0.7000974632850665,1003809851.1597358,1003.8098511597358,0.9567901234567903,0.5260166506564201
SPI12,A,256,-2.749565908394187,0.0,-0.4944790805705363,0.7097310338424824,734210307.1046188,734.2103071046188,0.9225281958231045,0.5260166506564201
SPI12,A,257,-3.7714962011845263,0.0,-1.5511313311172,0.9211829479672671,45257738.68299542,45.257738682995424,0.7835770448642689,0.5260166506564201
SPI12,A,259,0.0,353.3929334784968,-0.001064581124727182,0.7000018183149136,5516037075.56642,5516.03707556642,0.9829846657416303,0.48935318603906497
SPI12,A,260,0.0,122.70576153758226,0.0,0.7000022015791058,4533379986.66738,4533.379986667381,0.97309389120148,0.5136353933183904
SPI12,A,261,0.0,574.6330322964405,0.0,0.7000491667503208,6059285409.773285,6059.285409773285,0.9868182303340807,0.46581812359910346
SPI12,A,263,-0.13700684609463537,0.0,-0.12485731508173631,0.71765026052328,942270292.4292102,942.2702924292101,0.9494965666915713,0.5260166506564201
SPI12,A,264,0.0,1111.0703628536014,0.0,0.7,6901009477.807854,6901.009477807854,0.989166399829224,0.4218255238908457
SPI12,A,266,-9.357179629315097e-06,404.2703785634992,0.0,0.7000139688218848,5660838162.809782,5660.838162809782,0.984149855907781,0.48416764507062304
SPI12,A,267,-0.35458371583287396,0.0,-0.4968131589828363,0.7000812300324507,756454699.4850295,756.4546994850294,0.9259170313445049,0.5260166506564201
SPI12,A,271,-0.051506907894306536,36.12145886098659,-9.751188890083553e-05,0.7001654594325252,3665554980.7289166,3665.5549807289167,0.9663340093215214,0.5224677126694418
SPI12,A,273,0.0,305.2652061201418,-0.0001716410245823643,0.7000621454688903,5365250682.746972,5365.250682746972,0.9815882164585333,0.4941651545878252
SPI12,A,274,0.0,440.8557365846575,0.0,0.7000000009116066,5756003331.447105,5756.003331447106,0.9848347386771978,0.48015618884975275
SPI12,A,276,-3.1021186498539643,0.0,-1.0717683316359143,0.9196522486826345,101723878.83303624,101.72387883303624,0.7929875120076849,0.5260166506564201
SPI12,A,280,-0.05922234209475985,0.0,-0.44089502429586985,0.7012806033449556,794197821.8623283,794.1978218623283,0.931280463941367,0.5260166506564201
SPI12,A,284,-0.5816950138150006,0.0,-0.8739226266913867,0.7000974632850665,488513984.12624514,488.51398412624513,0.8787223823246877,0.5260166506564201
SPI12,A,285,-0.0238030443851786,0.0,-0.3820387342027683,0.7001623932707651,836171103.6207219,836.171103620722,0.9378713487743268,0.5260166506564201
SPI12,A,286,-0.002303448386753143,170.39108984551697,-9.643105105288826e-05,0.7000114090450658,4812366784.735284,4812.3667847352835,0.9756733198135696,0.5085121144198953
SPI12,A,287,0.0,615.4148603378114,0.0,0.7000066524511421,6140991656.244501,6140.991656244501,0.9872540648237094,0.4618333511224962
SPI12,A,288,0.0,475.9452210217587,0.0,0.7000787600907044,5841457979.626802,5841.457979626803,0.9854484647952466,0.47649162130430145
SPI12,A,289,-0.1955037321987234,0.0,-0.46571350456018307,0.7015788944691211,776086514.6007018,776.0865146007018,0.9284697762123315,0.5260166506564201
SPI12,A,293,-0.007601624358332559,0.0,-1.4968690346876894,0.7031237668438401,187417906.92545426,187.41790692545425,0.8164158394705946,0.5260166506564201
SPI12,A,294,-0.039141786709378984,0.0,-0.49986003928204226,0.7240133932410665,693940972.095925,693.940972095925,0.9164265129682998,0.5260166506564201
SPI12,A,295,0.0,0.0,-0.9560609038530984,0.7199803327943324,411756475.414362,411.756475414362,0.8632724943964137,0.5260166506564201
SPI12,A,296,-0.023613628083299476,0.0,-0.34674025823479154,0.7000989148369234,859448002.4255322,859.4480024255322,0.940682036503362,0.5260166506564201
SPI12,A,297,-0.23642508778792926,0.0,-0.9217625282539867,0.7024937920375681,457741750.6113911,457.7417506113911,0.8728964314939339,0.5260166506564201
SPI12,A,298,-0.039141786709378984,0.0,-1.917630600873376,0.7240133932410665,76332398.96464314,76.33239896464313,0.7911730173978013,0.5260166506564201
SPI12,A,299,-0.1628368293545983,0.0,-0.2822454100292647,0.7002644546942021,901388548.2889642,901.3885482889641,0.9455918454477532,0.5260166506564201
SPI12,A,300,-3.375958319430561,0.0,-0.0801998365515176,0.7001004022367243,1027230521.8397936,1027.2305218397935,0.9590048742306188,0.5260166506564201
SPI12,A,302,0.0,192.16429076947426,0.0,0.7,4920369880.786839,4920.369880786839,0.9767317750026685,0.5061906286690149
SPI12,A,303,0.0,121.88521375946476,0.0,0.7,4527912709.744161,4527.912709744161,0.9730761020386381,0.5137243391326004
SPI12,A,305,0.0,169.30236185605074,-2.4099232800582706e-05,0.7000561799179269,4806678833.54355,4806.678833543549,0.9756021631622017,0.5085921656526844
SPI12,A,306,-3.241773064346615,0.0,-1.1500843493895139,0.7016684417869002,338466623.62807876,338.46662362807876,0.8484897000747146,0.5260166506564201
SPI12,A,308,-2.3479674513889983,0.0,-0.7248943807646889,0.7600503531457935,471063830.225914,471.063830225914,0.8749066068950796,0.5260166506564201
SPI12,A,309,0.0,439.55321743938157,0.0,0.7,5752729923.174156,5752.729923174156,0.9848080549329349,0.4803429750595937
SPI12,A,311,0.0,76.0757646959477,0.0,0.7,4164115055.9216347,4164.115055921635,0.9699985768669727,0.5184473618671506
SPI12,A,312,-0.8541445109761894,0.0,-0.6671150655580609,0.7013196291671474,628509424.2438282,628.5094242438282,0.9058597502401539,0.5260166506564201
SPI12,A,313,0.0,1010.6980031397215,-8.277124057775448e-06,0.700057647233609,6771809336.923235,6771.809336923235,0.9890507702707511,0.4292080264702743
SPI12,A,318,-1.5502557525460234,0.0,-0.7890315212235298,0.7279356755533897,492386418.11829907,492.38641811829905,0.8799765183050483,0.5260166506564201
SPI12,A,321,0.0,144.68592194867296,0.0,0.7,4670744641.826304,4670.744641826304,0.9744102892517879,0.5113494858931938
SPI12,A,322,-0.0010302892790038203,613.9579338457033,-1.8101443824587292e-08,0.7000000792639991,6138168211.392651,6138.168211392651,0.9872362756608674,0.4620823994022841
SPI12,A,323,-0.22394796588249288,0.0,-0.4074816165879036,0.700040316362955,821689885.5008527,821.6898855008527,0.9360835379087061,0.5260166506564201
SPI12,A,324,0.0,284.7012420899916,-0.005535240671701979,0.7000642484009469,5291833542.34414,5291.83354234414,0.9807076528978546,0.4963976945244957
SPI12,A,325,-9.807236725064688e-09,0.0,-1.2486946704859807,0.7012380580390435,285505671.96942496,285.50567196942495,0.8381008289749884,0.5260166506564201
SPI12,A,326,-0.8390344620331489,0.0,-0.7957223071070436,0.7012814165963299,536185080.818959,536.185080818959,0.888435265236418,0.5260166506564201
SPI12,A,328,-2.2913405902115973,0.0,-0.7582908914677678,0.7016292231732572,561020402.5958302,561.0204025958302,0.8932561283665992,0.5260166506564201
SPI12,A,329,-2.670633622135649,0.0,-0.30871657413785514,0.7016796242241978,879514942.9730638,879.5149429730639,0.9432792542782936,0.5260166506564201
SPI12,A,330,-0.506053051750176,0.0,-1.8171021407408534,0.9545241256534007,16253747.637949271,16.25374763794927,0.7790408083395597,0.5260166506564201
SPI12,A,331,0.0,378.32277733971875,0.0,0.7000176690635338,5589281133.885923,5589.281133885924,0.9835894972782581,0.48677375742697543
SPI12,A,333,0.0,212.4583605913129,-4.76251736144438e-07,0.7000000819788376,5012835800.320629,5012.8358003206295,0.9777279681218203,0.5039491941509233
SPI12,A,336,-1.829720292666396,0.0,-0.988818056354241,0.925342826107078,105471418.01970667,105.47141801970666,0.7938147080798378,0.5260166506564201
SPI12,A,337,0.0,574.1799795110218,0.0,0.7000416787777033,6058379897.867986,6058.379897867986,0.9868004411712386,0.4659248585761555
SPI12,A,339,-1.5537064224448855,0.0,-0.48949065443349316,0.7278763194259754,692528788.519432,692.5287885194319,0.9158750489201979,0.5260166506564201
SPI12,A,341,0.0,351.6090483559158,-8.28231765995852e-06,0.7000001637193999,5511695156.182593,5511.695156182594,0.982940192834525,0.48960223431885297
SPI12,A,342,-4.4494337431443755e-08,0.0,-0.19739139033643566,0.7005360361065849,955263835.7174315,955.2638357174316,0.9515778987440849,0.5260166506564201
SPI12,A,343,-2.216612508016229,0.0,-1.4065319033047117,0.8160286666601902,134536517.18539822,134.53651718539822,0.8012416835663714,0.5260166506564201
SPI12,A,345,0.0,33.764523136769014,0.0,0.700055314309379,3625208152.199342,3625.208152199342,0.9662005906002065,0.5226189205535987
SPI12,A,346,-1.4915953381736693,0.0,-1.0251955934439336,0.727946480465566,366508467.98866487,366.50846798866485,0.8533283523677376,0.5260166506564201
SPI12,A,347,-2.8957138171326866,0.0,-1.205092019085085,0.7011001323257307,308313542.1183623,308.3135421183623,0.8423346497313836,0.5260166506564201
SPI12,A,349,-0.39868482103725333,0.0,-0.719537581297262,0.7004057487300126,592369526.6201946,592.3695266201945,0.899224392500089,0.5260166506564201
SPI12,A,351,-1.5537064224448855,0.0,-0.3936493408718918,0.7278763194259754,753229470.0324476,753.2294700324476,0.9258280855302949,0.5260166506564201
SPI12,A,352,-0.021551357711191932,0.0,-0.2461393679288241,0.7104947077527856,892412745.2991815,892.4127452991814,0.9438840858149213,0.5260166506564201
SPI12,A,353,-2.609935130892257,0.0,-0.25545461429354943,0.7005381565283743,917568932.8448657,917.5689328448657,0.947210659266375,0.5260166506564201
SPI12,A,357,0.0,59.27547122911869,0.0,0.700000000037196,3987430075.8116803,3987.43007581168,0.968602127583876,0.5198971786387733
SPI12,A,358,-1.667849792549199,0.0,-2.1076621351669975,0.703765771547723,50602056.98647747,50.60205698647747,0.7860942114064111,0.5260166506564201
SPI12,A,359,-0.2868507852292772,0.0,-0.1514538671252282,0.7059610731617421,965140492.3617381,965.1404923617381,0.952253886932081,0.5260166506564201
SPI12,A,360,-0.00023643026368340184,741.2532605409913,-0.005862473206182815,0.70006761798145,6365293819.627803,6365.293819627803,0.9880723663144413,0.45029707901946137
SPI12,A,361,-1.6826487420024083,0.0,-0.46647648463877156,0.702228070993226,773982899.3518633,773.9828993518632,0.9280962037926495,0.5260166506564201
SPI12,A,364,-0.031123734418030832,0.0,-0.35576546432536893,0.7,853797195.6287988,853.7971956287988,0.9401394670366812,0.5260166506564201
SPI12,A,365,-0.0010773934579462827,0.0,-0.5119043390200387,0.7018487382036852,740231359.4637496,740.2313594637496,0.9233998648023625,0.5260166506564201
SPI12,A,366,0.0,262.63641822184303,-0.0038861762741313477,0.7000001731370911,5212961769.449666,5212.9617694496665,0.979791511011492,0.49887038815953316
SPI12,A,367,-1.0058996968450722,0.0,-1.915987460388799,0.7278763194259754,75581391.45487146,75.58139145487146,0.7910040203508023,0.5260166506564201
SPI12,A,369,-0.00013802733539030286,509.26003102406446,0.0,0.7005427553794439,5916844767.803413,5916.844767803414,0.9859999288433486,0.4728804212473761
SPI12,A,370,-0.8390344620331489,0.0,-0.46207439656402394,0.7444058256771773,667429652.385156,667.429652385156,0.910778453765966,0.5260166506564201
SPI12,A,371,0.0,11.923635457012779,-0.0002841339436266345,0.7000000301988062,3070466909.7772775,3070.4669097772776,0.9641192585476926,0.5247980930017433
SPI12,A,372,-3.89501611420303,0.0,-1.0024333114275787,0.700409385854947,415846787.9944345,415.84678799443446,0.8638862205144628,0.5260166506564201
SPI12,A,373,0.0,236.1299143423982,0.0,0.7000000017009013,5112544815.975309,5112.54481597531,0.978688582915288,0.5015476571672538
SPI12,A,374,-3.862204481137974,0.0,-0.5422194141384398,0.7332126804265495,643095494.3810891,643.0954943810891,0.9077454015014054,0.5260166506564201
SPI12,A,375,0.0,647.7264740836239,0.0,0.7,6202767930.917248,6202.767930917248,0.9875297968477604,0.4587914042765148
SPI12,A,377,-3.582648475557251,0.0,-0.6714947448744195,0.7,628177955.2666932,628.1779552666933,0.9057085423559966,0.5260166506564201
SPI12,A,378,0.0,380.0210325845573,0.0,0.7,5594137474.968629,5594.137474968629,0.983678443092468,0.4866136549613975
SPI12,A,380,0.0,303.34243366009457,0.0,0.7,5359221827.235876,5359.221827235876,0.9815526381328494,0.49436972996050815
SPI12,A,382,0.0,404.3472094601558,0.0,0.7,5661095681.751075,5661.095681751075,0.984158750489202,0.48416764507062304
SPI12,A,383,0.0,280.2693011167149,0.0,0.7,5279744154.747429,5279.744154747429,0.9805208666880136,0.49693136940975563
SPI12,A,384,0.0,171.12590208314512,0.0,0.7,4816348654.076702,4816.348654076702,0.9757355818835166,0.5083964848614224
SPI12,A,385,-1.1017621196474792,0.0,-0.6309218204434413,0.7004754518352085,656758486.6641288,656.7584866641288,0.9103070409506528,0.5260166506564201
SPI12,A,386,0.0,1109.4461471735885,0.0,0.7,6899001030.130053,6899.001030130053,0.9891486106663822,0.4219589426121607
SPI12,A,388,-3.9591654706651265,0.0,-0.4059454486497022,0.9533466358659679,128045061.51591007,128.04506151591008,0.7989913544668586,0.5260166506564201
SPI12,A,389,-0.7400674611423301,0.0,-0.1217824227187645,0.7,1003422125.1539235,1003.4221251539235,0.9566122318283701,0.5260166506564201
SPI12,A,391,0.0,11.897439797225303,0.0,0.7,3069644362.4339814,3069.6443624339813,0.9641103639662716,0.5247980930017433
SPI12,A,393,-3.0724346959307516,0.0,-0.7232167770068404,0.7003304703094054,589626486.509139,589.6264865091389,0.8987085067776711,0.5260166506564201
SPI12,A,394,-0.9867789629484489,0.0,-0.5325150025385699,0.7017302521598832,725852144.3146348,725.8521443146348,0.9213185327498488,0.5260166506564201
SPI12,A,395,-0.01262535183648703,0.0,-0.5083448249261491,0.719717853575745,698654587.6901217,698.6545876901216,0.9171202903191378,0.5260166506564201
SPI12,A,396,-4.0,0.0,-0.9043751272362327,0.7493493516568211,393463014.5672357,393.4630145672357,0.8584338421033906,0.5260166506564201
SPI12,A,397,-1.9291972587638728,0.0,-1.1986880977909027,0.7016189800557074,311794245.90318626,311.79424590318627,0.8432863699434305,0.5260166506564201
SPI12,A,398,-1.316949356467235,0.0,-0.46569334471160845,0.7000188179834864,780206040.3326793,780.2060403326793,0.9290301348418544,0.5260166506564201
SPI12,A,399,-0.03485549266723679,0.0,-0.3542356416240913,0.7,854834512.2025576,854.8345122025576,0.9402106236880493,0.5260166506564201
SPI12,A,400,-0.36013905036968885,0.0,-1.9205948354511972,0.936512507154695,17538077.511907533,17.538077511907535,0.7793788024335574,0.5260166506564201
SPI12,A,401,-1.0090242297152607,0.0,-0.8778968046381833,0.7,486060979.5346584,486.0609795346584,0.8780019212295869,0.5260166506564201
SPI12,A,402,0.0,121.51647409374667,0.0,0.7,4525440818.657826,4525.440818657827,0.9730583128757961,0.5137421282954424
SPI12,A,403,-1.3558519367101223,0.0,-0.1878232203547976,0.7098841163766066,930018960.7473775,930.0189607473775,0.9483491656882628,0.5260166506564201
SPI12,A,404,-0.5817183238902732,0.0,-1.3587261260237808,0.7002094516980187,237043817.41328076,237.04381741328075,0.8278809549222614,0.5260166506564201
SPI12,A,405,0.0,329.86962087537245,0.0,0.7,5445133410.392776,5445.133410392776,0.9823620450421602,0.49176361760415555
SPI12,A,406,-0.9197179768160095,0.0,-0.7452297429572751,0.704632318232696,565289061.3069588,565.2890613069588,0.8941366919272781,0.5260166506564201
SPI12,A,408,-0.19414905067114435,0.0,-0.16991795231370416,0.7,973769396.6988617,973.7693966988617,0.9534368662610737,0.5260166506564201
SPI12,A,411,-0.000986573286584136,474.346191888605,0.0,0.7,5837951795.755108,5837.951795755108,0.9854395702138257,0.4767139858398264
SPI12,A,412,-0.3049983792214265,0.0,-0.7330891931253942,0.7195374830743151,545386450.8432959,545.386450843296,0.8904009677304585,0.5260166506564201
SPI12,A,413,-0.003910864183423733,58.95500642608823,-0.00021620231388566613,0.7000015197153381,3983504395.996029,3983.504395996029,0.9685932330024549,0.5199594407087202
SPI12,A,416,0.0,734.1294408156838,0.0,0.7,6357068035.602788,6357.068035602788,0.9880456825701782,0.45091080513751036
SPI12,A,417,0.0,33.18165201535022,0.0,0.7,3614957659.2592206,3614.9576592592207,0.9661650122745223,0.5227078663678087
SPI12,A,418,-1.5451400002761058,0.0,-1.0743344010345066,0.7110123345268045,364578529.0458191,364.5785290458191,0.8530259365994236,0.5260166506564201
SPI12,A,419,-1.3627901501809117,0.0,-0.2794046510059257,0.7006014757005753,902370255.819906,902.370255819906,0.9456007400291742,0.5260166506564201
SPI12,A,420,-0.11568609343667001,0.0,-1.0718144631211899,0.9201206493046863,101131646.10325724,101.13164610325724,0.792889671612054,0.5260166506564201
SPI12,A,421,-0.9867904231623141,0.0,-0.3830335273403957,0.7002362197063683,835489086.7097887,835.4890867097887,0.9377023517273279,0.5260166506564201
SPI12,A,422,-0.9869680351712335,0.0,-0.5325150025385699,0.7196396158024488,682277015.3857466,682.2770153857466,0.9144252321485753,0.5260166506564201
SPI12,A,423,-0.36013905036968885,0.0,-1.9205948354511972,0.7271270756097478,74936365.59234619,74.93636559234619,0.7907994449781194,0.5260166506564201
SPI12,A,426,-0.5038327807828251,0.0,-0.07643616639019898,0.9553850317881877,153323615.9267421,153.3236159267421,0.804150211691038,0.5260166506564201
SPI12,A,428,-2.0687705838196018,0.0,-1.2494140714179671,0.7000114090993306,286279636.930958,286.27963693095796,0.8382965097662504,0.5260166506564201
SPI12,A,433,-2.1567018374762243,0.0,-0.7810385285797347,0.7555490405394423,447108950.77455586,447.10895077455586,0.8700145871135305,0.5260166506564201
SPI12,A,434,-3.9667557496500097,0.0,-1.0968930384447244,0.9617285556070806,46747932.62457102,46.74793262457102,0.7835859394456897,0.5260166506564201
SPI12,A,436,-0.12036026640150194,0.0,-0.12203280275418754,0.7171376537329013,945957275.2400069,945.9572752400069,0.9498612445298323,0.5260166506564201
SPI12,A,437,-0.6379311043139699,0.0,-0.43958842200475307,0.7,798583399.4884597,798.5833994884597,0.9318675063151528,0.5260166506564201
SPI12,A,438,-3.8221761155856884,0.0,-1.1395025442734081,0.7084074997937688,335841119.24531364,335.8411192453136,0.8476180310954567,0.5260166506564201
SPI12,A,440,-0.3411201796369194,102.61447161129036,0.0,0.7000452895116657,4389822798.2228,4389.8227982228,0.9709947699861246,0.5175312199807878
SPI12,A,441,-0.0025152574397493306,145.03921916229783,0.0,0.7,4672815370.740331,4672.815370740331,0.9744280784146299,0.5113761696374568
SPI12,A,442,-0.47751569900893953,0.0,-0.07643616639019898,0.7010351070614178,1026655219.839223,1026.655219839223,0.9587914042765148,0.5260166506564201
SPI12,A,443,-1.4036772481947337,0.0,-0.9187310880665087,0.7024795499038738,459260288.47022355,459.26028847022354,0.8732344255879319,0.5260166506564201
SPI12,A,444,-0.004572046493445564,260.33734945406127,0.0,0.7000117369770443,5206863107.211855,5206.863107211855,0.9797025651972818,0.49917280392784713
SPI12,A,445,0.0,439.40330729873676,-7.466322137133182e-05,0.7,5752352000.351783,5752.352000351782,0.984799160351514,0.4803874479666987
SPI12,A,447,0.0,538.6354053653755,0.0,0.7002715463243554,5982605468.398287,5982.605468398287,0.9864001850072937,0.46974952858718466
SPI12,A,448,-0.07572672339579967,0.0,-0.4977562501549089,0.7,755881282.5563155,755.8812825563156,0.925854769274558,0.5260166506564201
SPI12,A,451,0.0,0.0,-0.1714589659445608,0.7136410593393245,928608263.4166414,928.6082634166413,0.9479400149428969,0.5260166506564201
SPI12,A,452,-1.9319248857408904,0.0,-0.5642077331164989,0.7258223623265366,646499442.5614058,646.4994425614058,0.9081189739210872,0.5260166506564201
SPI12,A,453,-1.563298963740635,0.0,-0.11821428650814064,0.7003095563579979,1004574617.6929907,1004.5746176929906,0.9568523855267371,0.5260166506564201
SPI12,A,454,0.0,404.50619167464055,-0.00012859398726315402,0.7000002877734696,5661390398.422734,5661.3903984227345,0.984167645070623,0.4841409613263601
SPI12,A,455,-0.08265931571529064,0.0,-1.2842745355323215,0.9187218989230411,73226092.00524056,73.22609200524056,0.7880243355747679,0.5260166506564201
SPI12,A,458,-0.0008487991893219235,472.47138743710343,0.0,0.7000041888133182,5833456544.595375,5833.456544595375,0.9854128864695627,0.4768740883054044
SPI12,A,459,-3.0374469484148503,0.0,-0.4070747606225599,0.7003803301609123,820985712.9643312,820.9857129643311,0.9360034866759172,0.5260166506564201
SPI12,A,461,-1.5464029732489643e-05,76.2742005886557,-0.0005593865369057476,0.7,4165378593.7635765,4165.378593763577,0.9699985768669728,0.5184206781228875
SPI12,A,462,-7.679145106264654e-06,570.8601557091366,-7.444587115358029e-05,0.7000002148670845,6051691792.36657,6051.691792366571,0.9867826520083965,0.4663429039029424
SPI12,A,463,-0.003087391806367556,194.48640452667667,-0.0020328083503828144,0.7,4929828563.314912,4929.828563314912,0.9768474045611414,0.5059860532963318
SPI12,A,465,-0.0006897282260603067,173.23319292070505,-0.0008903683501746938,0.7003048912365014,4825131500.771374,4825.131500771374,0.9757800547906216,0.5082096986515814
SPI12,A,466,-2.35439910494048,0.0,-1.4156503956180642,0.7106631395037548,208006765.53922042,208.00676553922042,0.8205162415056747,0.5260166506564201
SPI12,A,467,-2.7972762722218474,0.0,-0.3151456464245173,0.70045850557128,879022245.2671659,879.0222452671659,0.9432703596968728,0.5260166506564201
SPI12,A,468,-1.3935329647254044,0.0,-0.7218403932152954,0.9461641498715999,106188987.0834012,106.1889870834012,0.7946152204077277,0.5260166506564201
SPI12,A,469,-0.12132412345715485,0.0,-1.3303814196005423,0.7172092970273458,234779894.5706925,234.7798945706925,0.8264756110577437,0.5260166506564201
SPI12,A,470,0.0,509.2833479373711,-9.0152785196959e-05,0.7000003537022139,5918747576.859553,5918.747576859553,0.9860444017504536,0.47286263208453405
SPI12,A,472,-1.7195193749502404,0.0,-0.533424047761968,0.7015416706215967,725724729.5813359,725.7247295813359,0.9212740598427439,0.5260166506564201
SPI12,A,473,-1.447290572330648,0.0,-0.46858647195416886,0.7000540766497844,777979975.4171497,777.9799754171497,0.9286743515850143,0.5260166506564201
SPI12,A,474,-1.7195193749502404,0.0,-0.533424047761968,0.7181089710977042,685447506.32304,685.44750632304,0.9149589070338351,0.5260166506564201
SPI12,A,476,-0.04743843401063075,0.0,-0.9149009480472748,0.7026266734978506,461198736.3880206,461.19873638802056,0.8736168925890349,0.5260166506564201
SPI12,A,477,-0.00027596758325714767,0.0,-0.0013996626924366712,0.7021490458598009,1071420152.4981581,1071.4201524981581,0.962260291030704,0.5260166506564201
SPI12,A,478,-0.003582762121151266,125.21773942471742,-0.0024268711909828837,0.7000000309008924,4548205191.553918,4548.205191553918,0.9732539936670581,0.5134752908528124
SPI12,A,479,-1.3935329647254044,0.0,-0.7218403932152954,0.7475670551293453,497417691.8784389,497.4176918784389,0.8807948197957806,0.5260166506564201
SPI12,A,481,-0.000970674986066733,330.1704698254005,-6.33118723782648e-07,0.7000042106180938,5446052924.254856,5446.052924254856,0.9823620450421602,0.4917725121855765
SPI12,A,483,-1.978442868678468,0.0,-0.7235807434904966,0.7231003607224811,544519697.0683396,544.5196970683396,0.8903031273348276,0.5260166506564201
SPI12,A,484,-0.0008487991893219235,12.429950532495667,0.0,0.7000041888133182,3090306454.2737985,3090.3064542737984,0.9641726260362186,0.5247447255132174
SPI12,A,486,-3.682488728240712,0.0,-1.1804826797734902,0.7272428063387882,294389317.2463849,294.3893172463849,0.8385099797203546,0.5260166506564201
SPI12,A,490,-0.4975399201474118,0.0,-1.1399837017822685,0.7084388670702959,335623833.54497886,335.6238335449789,0.84755576902551,0.5260166506564201
SPI12,A,495,-1.421510491759003,0.0,-0.9587026590701342,0.7028601360070638,435271391.33515924,435.27139133515925,0.868475824527698,0.5260166506564201
SPI12,A,497,-0.02503907139732709,34.30207618738038,-0.0014722633347383429,0.7000030199673176,3633663748.503967,3633.663748503967,0.9662272743444694,0.5225744476464937
SPI12,A,500,-3.7866862139977146e-05,276.2733621543308,-0.015665003893864604,0.7004305244204257,5253301319.674987,5253.301319674987,0.9800850321983847,0.4974383605507525
SPI12,A,502,-1.3935329647254044,0.0,-0.7218403932152954,0.701521799544421,588125089.8281716,588.1250898281717,0.898575088056356,0.5260166506564201
SPI12,A,505,-0.00012802277678076318,282.5552601291292,-0.002031782328514825,0.7,5286339779.630339,5286.339779630339,0.9806187070836446,0.4966556373857048
SPI12,A,506,0.0,58.52084948877939,0.0,0.7,3978641420.146183,3978.641420146183,0.9685932330024549,0.5199505461272993
SPI12,A,508,0.0,352.1270493672085,-7.37607190158528e-05,0.7,5513243850.139507,5513.243850139507,0.9829668765787883,0.489539972248906
SPI12,A,510,-2.46324413735468e-05,384.26252034557115,-0.003695194879316563,0.7000036113658668,5603484431.749908,5603.484431749908,0.983740705162415,0.48623118796029463
SPI12,A,512,-1.3780087517275903,0.0,-0.9997332451513232,0.7015441408918001,415610195.258271,415.610195258271,0.8637972747002527,0.5260166506564201
SPI12,A,513,-0.08265931571529064,0.0,-1.2813117059923604,0.7137772451066562,258526701.2619833,258.5267012619833,0.8314209983278187,0.5260166506564201
SPI12,A,514,-2.4123041320096707e-05,1017.4914182872158,-0.003118921275960608,0.7000036113658668,6778772832.707426,6778.7728327074265,0.989077454015014,0.42872771907354046
SPI12,A,515,-0.06666744932803725,0.0,-0.7218403932152954,0.7123930732632413,566709095.0876328,566.7090950876328,0.894412423951329,0.5260166506564201
SPI12,A,516,-1.5807751055779296,0.0,-0.551845167334883,0.7024507726451716,709915659.567617,709.915659567617,0.9188013662077064,0.5260166506564201
SPI12,A,517,-5.028263921511252e-07,444.5415651827015,-0.00258260570759738,0.7002000327951079,5762683340.432145,5762.683340432145,0.9848970007471449,0.4798359839185967
SPI12,A,518,-1.7921570756346892,0.0,-0.46053813955746864,0.7119732973955256,752964939.0237579,752.9649390237579,0.9249297328067743,0.5260166506564201
SPI12,A,519,-1.217431527689765,0.0,-0.1752465301103716,0.700383480474095,969518838.5860022,969.5188385860022,0.9529832426086027,0.5260166506564201
SPI12,A,521,-0.056906063875846,0.0,-0.5689352733484945,0.7340364835739747,623797046.3702362,623.7970463702361,0.9041164122816381,0.5260166506564201
SRI3,B,2,-1.673028909913607,0.0,-0.2685581355608586,0.996196002675266,12320348.91868117,12.320348918681171,0.7566887252285908,0.6100348667591704
SRI3,B,3,0.0,1570.4316206906065,0.0,0.7,8579436685.013232,8579.436685013232,0.9430835734870316,0.4030846408368023
SRI3,B,5,0.0,774.615363566963,0.0,0.7,7426245516.545612,7426.245516545612,0.9245472658056711,0.5242021560465365
SRI3,B,6,0.0,109.34775686109153,0.0,0.7,5078337341.580895,5078.337341580896,0.8838278720603411,0.5993257907282883
SRI3,B,8,-1.478316999921114,0.0,-0.5390426929841361,0.8554630697135495,400675689.59321445,400.67568959321443,0.8013306293805813,0.6100348667591704
SRI3,B,10,-1.2447507806525593,408.17824804197926,-0.006587066860398644,0.7,6529379395.77807,6529.379395778071,0.8932650229480201,0.5918543423346497
SRI3,B,11,0.0,287.4765449224905,0.0,0.7,6101689888.618708,6101.689888618707,0.8996068595011919,0.5810118475824528
SRI3,B,15,-3.0232131287586443,0.0,-1.5672877850989821,0.7927976177889178,214330471.25892806,214.33047125892807,0.7817358665101222,0.6100348667591704
SRI3,B,18,-2.5178866307029435,763.8701237452243,0.0,0.7,7399355538.928401,7399.355538928401,0.8797986266766286,0.6042355996726796
SRI3,B,26,0.0,1878.3522686404997,0.0,0.7,8903412132.46979,8903.41213246979,0.9471395026150069,0.356485928772192
SRI3,B,29,-1.478316999921114,0.0,-1.6240616090651745,0.8554630697135495,137037596.9497142,137.0375969497142,0.7713647845732381,0.6100348667591704
SRI3,B,34,-0.7659015305019086,370.0550055137892,0.0,0.7,6408830582.5531025,6408.830582553102,0.8980503077525173,0.585076671291849
SRI3,B,42,-0.004780717638249422,720.498998744474,0.0,0.7000014786767281,7318496051.435911,7318.496051435911,0.9224214608460527,0.5311043512292313
SRI3,B,47,-3.492279478931358,0.0,-0.29249420374371854,0.7032721205401217,939605705.2835335,939.6057052835334,0.861884939694738,0.6100348667591704
SRI3,B,48,-3.253500847020749,0.0,-0.7762154035214834,0.7304275391597645,636118070.6159887,636.1180706159887,0.8321147756786565,0.6100348667591704
SRI3,B,49,0.0,603.4149594348266,0.0,0.7000000016022786,7062583473.077256,7062.583473077256,0.9177162272743445,0.5455046785498274
SRI3,B,53,0.0,1077.0000012309292,0.0,0.7,7940236681.837169,7940.236681837168,0.9332728501796704,0.4821129967623723
SRI3,B,56,-0.9787770403296614,0.0,-0.33467141540116174,0.9748944431663515,78124853.06089771,78.1248530608977,0.7639555982495466,0.6100348667591704
SRI3,B,58,-0.13638271280848513,0.0,-1.2421173074380767,0.8981603489122935,158607500.35842606,158.60750035842605,0.7738018998825915,0.6100348667591704
SRI3,B,60,0.0,259.1717680101806,0.0,0.7,5980422416.221185,5980.422416221185,0.8974187924716263,0.5838847973814354
SRI3,B,61,-4.4216190539736466e-05,464.32893007661437,0.0,0.7,6703552442.42943,6703.55244242943,0.9110275020457538,0.5614704522005194
SRI3,B,70,0.0,34.62929238791776,0.0,0.7,4130098672.447944,4130.098672447944,0.8764898423880174,0.6068417120290319
SRI3,B,71,0.0,1023.7351380809978,0.0,0.7,7858522942.717285,7858.522942717285,0.9319653467107839,0.4900647525527448
SRI3,B,75,-0.13719864654692338,0.0,-0.7440267363888733,0.7964119056214232,491771465.72150826,491.77146572150826,0.814032091649767,0.6100348667591704
SRI3,B,76,-0.004780717638249422,728.9854902630799,0.0,0.70000148079246,7335791374.260825,7335.791374260825,0.9227594549400506,0.5301437364357633
SRI3,B,78,0.0,1522.8524567163468,0.0,0.7000000016411589,8525155901.096046,8525.155901096046,0.9423097449034047,0.4106539296260718
SRI3,B,79,-2.043242541481535e-06,197.9827554182001,0.0,0.7,5678819214.260341,5678.819214260341,0.8919041519906074,0.5901110043761341
SRI3,B,80,-2.6586246101396007,0.0,-0.032888711409560345,0.7,1075783044.5934353,1075.7830445934353,0.8716778738392572,0.6100348667591704
SRI3,B,84,0.0,393.6838911439712,0.0,0.7003483566882418,6487307363.011851,6487.3073630118515,0.9069982566620415,0.56931547301384
SRI3,B,85,-3.4155416515226342,0.0,-1.660688497506992,0.9037271172204657,86997622.94065669,86.9976229406567,0.765271996299854,0.6100348667591704
SRI3,B,87,-0.08370271477189409,677.4320404032821,0.0,0.7,7228108957.136256,7228.108957136256,0.9197886647454369,0.5400256163944925
SRI3,B,91,-0.08366689469785935,563.947939163424,0.0,0.7,6967467869.731797,6967.467869731797,0.9147721208239942,0.5526203436866263
SRI3,B,93,0.0,1941.1417060060278,0.0,0.7002471206636576,8963585872.58506,8963.58587258506,0.9478332799658448,0.3485608567260825
SRI3,B,95,-1.0587356275119113,186.47548111475413,0.0,0.7,5613565230.17159,5613.56523017159,0.8846283843882307,0.600268616358914
SRI3,B,96,-0.0015915254954905582,160.28334358496022,-0.007172553698759301,0.7,5451982909.027623,5451.9829090276235,0.8883374248407869,0.5941135660155832
SRI3,B,100,0.0,344.898793786238,0.0,0.7000277790132313,6322182699.404299,6322.182699404299,0.904000782723165,0.5750080051232789
SRI3,B,103,0.0,379.29780694440456,0.0,0.7000720421928522,6440977076.507789,6440.977076507788,0.9061265876827834,0.5710854947166187
SRI3,B,105,0.0,432.7993122399036,0.0,0.7000581306896795,6610702605.952747,6610.702605952747,0.9093464261571851,0.5650193901874977
SRI3,B,110,-0.0010574472093954918,280.8314026509379,0.0,0.7007769432966361,6071246397.309075,6071.246397309075,0.8988863984060911,0.5817234140961326
SRI3,B,113,-0.00023363575146737037,571.1505639097838,0.0,0.7,6985371445.352928,6985.371445352928,0.9160796242928808,0.5492670864909098
SRI3,B,114,-8.418452506738698e-05,951.6490895262053,0.0,0.7,7742492624.300579,7742.492624300579,0.9301330629380581,0.5005959369552069
SRI3,B,115,-0.9864845694064035,248.61365198647067,0.0,0.7008483904551309,5928477254.452246,5928.477254452246,0.88871989184189,0.5960614793467819
SRI3,B,120,-3.492279478931358,0.0,-0.7851351929243,0.7034005991197951,695629079.6456386,695.6290796456386,0.8389813925356674,0.6100348667591704
SRI3,B,127,0.0,935.8490421117397,0.0,0.7000011832691442,7716169703.074067,7716.169703074067,0.9297328067741132,0.5029441064503504
SRI3,B,128,-0.0042481290850119174,1449.3408285946737,0.0,0.7000480323939356,8438449565.006712,8438.449565006711,0.940966663108834,0.4226260362187355
SRI3,B,130,-0.0014550855062817124,640.858092083061,-1.3816250068489832e-05,0.7000971498342853,7147916562.749581,7147.916562749581,0.9193706194186502,0.5412352794677482
SRI3,B,131,-0.012285625888132985,1.7490011936070484,0.0,0.7,2592818281.4647603,2592.8182814647603,0.8729586935638809,0.6098836588750134
SRI3,B,132,0.0,1164.3205695729168,-0.0038340527455053702,0.7,8065749127.939441,8065.749127939441,0.9353008147436581,0.4692158537019248
SRI3,B,135,0.0,402.40711120186563,0.0,0.7000720421928522,6516378070.118035,6516.378070118035,0.9075675098729854,0.5683459636389512
SRI3,B,136,-0.011299001018400978,98.16025512268118,0.0,0.7000118935851832,4977915582.222642,4977.915582222642,0.882893941011136,0.6005176646387022
SRI3,B,138,0.0,0.0,-0.44703663630302015,0.7,877561227.4449941,877.5612274449941,0.8571352332159249,0.6100348667591704
SRI3,B,139,0.0,222.208298412702,0.0,0.7000157916960988,5805638679.763703,5805.638679763703,0.8941189027644358,0.5877183619738855
SRI3,B,141,-0.0019741525545124983,805.7579213169417,-0.004373762776000434,0.7,7483599865.492283,7483.599865492283,0.9254900914362969,0.5200572811043512
SRI3,B,146,-0.02831709771827466,11.485570432998358,0.0,0.7,3432952241.3631287,3432.9522413631285,0.8739993595901376,0.6089675169886506
SRI3,B,149,-3.5397206265953742,0.0,-0.14254595807408008,0.7011377600145046,1020166696.501927,1020.166696501927,0.8680399900380688,0.6100348667591704
SRI3,B,151,-1.5202581763174647,332.5051916227569,-0.0186430312349255,0.7,6266387380.223439,6266.387380223439,0.8853933183904367,0.5992457394954994
SRI3,B,154,0.0,911.5940989759788,0.0,0.7000011470101151,7675175816.917446,7675.175816917446,0.9289767673533283,0.5061016828548048
SRI3,B,156,-0.08691613861540004,43.64138177445966,-0.0017731036302091096,0.7000709597778239,4299754299.174422,4299.754299174422,0.877352616785854,0.606227985910983
SRI3,B,163,-1.876260107625665,210.51312309677473,-0.008624520379195363,0.7,5740239310.8409605,5740.239310840961,0.878233180346533,0.606067883445405
SRI3,B,167,-0.0012311992968700482,1768.2373897650443,0.0,0.7000138622874119,8792535101.781471,8792.535101781472,0.9457163695876472,0.37282527484256595
SRI3,B,171,0.0,1223.2457110032165,0.0,0.7,8149594548.599927,8149.594548599927,0.9368484719109118,0.4598765432098766
SRI3,B,172,0.0,206.87533456734582,-0.00113086760006487,0.7000084351129593,5726319402.657194,5726.319402657195,0.8926512968299712,0.5892927028854024
SRI3,B,175,-1.8636386704403403,395.6825816090856,0.0,0.7000000231903276,6492155440.511023,6492.155440511023,0.883134094709503,0.6022787917600597
SRI3,B,179,-1.188997458895106,0.0,-0.5125484550456706,0.704046439073671,833410125.3844774,833.4101253844774,0.8529547799480556,0.6100348667591704
SRI3,B,180,0.0,86.28018537224195,-2.115890294072595e-05,0.7000156033769904,4861245226.307604,4861.245226307604,0.8816753833564591,0.6017273277119579
SRI3,B,183,0.0,68.8553127854197,-6.713657784914267e-08,0.7000011047630089,4665645352.926598,4665.645352926597,0.8801899882591526,0.6034172981819476
SRI3,B,184,-0.0005917596663047864,82.0452594871345,0.0,0.7,4816738914.090051,4816.7389140900505,0.8812573380296724,0.6021097947130607
SRI3,B,185,0.0,834.4778854713024,0.0,0.700000246640628,7538860753.520435,7538.8607535204355,0.9266552816024478,0.516312662326111
SRI3,B,187,0.0,660.5553331498877,0.0,0.700001196072695,7191846643.382055,7191.846643382055,0.9202778667235919,0.5387981641583947
SRI3,B,189,-1.0218752087726408,209.86960234071222,0.0,0.7001793482035132,5740980512.241461,5740.980512241461,0.8861048849041163,0.5988632724943964
SRI3,B,190,-5.187796818701459e-05,677.7797263982168,0.0,0.7000000307289614,7229115994.375438,7229.115994375437,0.9209538549115878,0.5367701995944071
SRI3,B,194,0.0,1500.7428813974593,-0.0070112045901935165,0.7,8496011816.920218,8496.011816920218,0.9417582808553029,0.41431849717152314
SRI3,B,195,-0.0014550855062817124,55.40163957250479,-1.3816250068489832e-05,0.7000971498342853,4486413888.477566,4486.413888477566,0.8788735902088447,0.6048137474650443
SRI3,B,196,-0.0003065713996500309,448.363914218751,-1.767996867269262e-06,0.7000364508441412,6657124033.066537,6657.124033066537,0.910209200555022,0.5630892660191411
SRI3,B,201,-0.0018183788978138882,190.52397110490784,0.0,0.7,5637378129.465643,5637.378129465643,0.8912548475468746,0.590955989611129
SRI3,B,203,-1.483045935102665,0.0,-0.5390426929841361,0.9897991727483136,28402985.04257456,28.40298504257456,0.7584854306756326,0.6100348667591704
SRI3,B,204,-3.025150215916437,0.0,-1.0960366360397114,0.8914019471532025,196433348.86242256,196.43334886242255,0.7781691393603019,0.6100348667591704
SRI3,B,205,-1.5012095208710707,0.0,-0.2878057412500873,0.7001186692554686,952036001.3319677,952.0360013319677,0.8629256057209947,0.6100348667591704
SRI3,B,206,-4.846894610367286e-06,586.6270067433455,0.0,0.7,7022824016.279022,7022.8240162790225,0.9169246095278757,0.5474348027181841
SRI3,B,208,0.0,144.3290537962663,0.0,0.7,5348603612.447734,5348.603612447734,0.8872078130003204,0.5956167502757319
SRI3,B,209,0.0,534.8883521798002,0.0,0.7,6894597445.449804,6894.597445449805,0.9143273917529441,0.5535631693172519
SRI3,B,212,0.0,231.1643688198858,0.0,0.7000157916960988,5849891358.373747,5849.891358373747,0.8949283096737467,0.5867399580175757
SRI3,B,217,-0.05315359286844079,248.61365198647067,-3.0439161572069347e-05,0.7000339460705932,5932422160.744178,5932.422160744178,0.8961290781655816,0.5854591382929519
SRI3,B,221,0.0,324.3167325776537,0.0,0.700022148643763,6246603214.488454,6246.603214488454,0.9024887038815953,0.5771160209200555
SRI3,B,226,-0.0005917596663047864,1001.5267842039779,0.0,0.7000272056003981,7823407558.67895,7823.40755867895,0.9314049880812608,0.49356921763261824
SRI3,B,230,-0.0007160748807352527,0.0,-0.324216596580629,0.7024896973408682,928555511.2196637,928.5555112196637,0.861093321948269,0.6100348667591704
SRI3,B,232,-0.06277038125156731,169.47303058647393,-6.001867668420889e-06,0.7000044279451559,5513239604.944336,5513.239604944336,0.8889333617959937,0.5935532073860604
SRI3,B,236,0.0,870.134476219908,0.0,0.7000159198536733,7602937326.524773,7602.937326524772,0.9279094175828086,0.5117764258014018
SRI3,B,237,0.0,317.19796269153983,-0.0003712970000995337,0.7,6219625165.242216,6219.625165242216,0.9018927669263884,0.5778453765965773
SRI3,B,238,-0.035509140533430406,20.332057263643264,0.0,0.7,3771015229.8284464,3771.0152298284465,0.8749066068950795,0.6081758992421817
SRI3,B,244,0.0,908.8740704368972,0.0,0.7,7670527890.836749,7670.527890836749,0.9288967161205393,0.5065108336001709
SRI3,B,246,-0.06760555760267657,0.0,-1.237082677802468,0.8867879546740594,177257770.62872136,177.25777062872135,0.7759543885864733,0.6100348667591704
SRI3,B,248,-4.0,0.0,-1.1727104389668956,0.8197809694148089,302093228.1329513,302.0932281329513,0.7921692105169531,0.6100348667591704
SRI3,B,250,-0.0005264699345673418,446.95632428930844,0.0,0.7,6653116056.474993,6653.116056474993,0.9101736222293378,0.5632849468104031
SRI3,B,251,-3.382253821895284,0.0,-0.6287930898821568,0.933948674933556,173368709.35213768,173.36870935213767,0.7746024122104813,0.6100348667591704
SRI3,B,257,-0.011127609826864893,0.0,-0.44703135929234117,0.7,877561227.4449941,877.5612274449941,0.8571352332159249,0.6100348667591704
SRI3,B,258,-1.465933460615419,506.0040023066251,0.0,0.7,6815515897.951225,6815.515897951225,0.8921176219447113,0.5918988152417547
SRI3,B,263,0.0,935.7192876419099,-0.0011094771107093143,0.70078206486454,7712734895.407512,7712.734895407511,0.9296171772156401,0.5029441064503504
SRI3,B,267,-1.1487763395619628,0.0,-0.9829954410377759,0.7015763115901779,600268621.3328173,600.2686213328174,0.8288415697157292,0.6100348667591704
SRI3,B,268,0.0,1317.6667367392558,0.0,0.7,8274891192.895745,8274.891192895746,0.9387519123350055,0.4443643932116554
SRI3,B,271,-0.49644538162817553,399.8758795748513,0.0,0.7,6507622733.30736,6507.622733307359,0.9025064930444373,0.5776319066424734
SRI3,B,274,-1.745325162214468e-05,565.0942177645286,-0.00018002176860376206,0.7,6970470035.7454,6970.4700357454,0.9158216814316718,0.5499341800974846
SRI3,B,275,0.0,2079.6311919377913,0.0,0.7,9093817272.237495,9093.817272237495,0.9493364642259935,0.33279076386665235
SRI3,B,277,-0.2600627174688812,0.0,-1.1727104389668956,0.7005436289914273,501876601.1146828,501.8766011146828,0.8181591774291102,0.6100348667591704
SRI3,B,283,-1.745325162214468e-05,489.89345646888273,-0.0011801107578291795,0.7,6774725093.799635,6774.725093799635,0.9124417404916925,0.558766499448536
SRI3,B,286,-2.115299028836959,317.2845048712668,0.0,0.7006146355866455,6215447906.337775,6215.447906337775,0.8787579606503718,0.605765467677091
SRI3,B,288,-0.5756817703544352,126.94264199478175,0.0,0.7007352151617205,5218468725.72734,5218.46872572734,0.883276408012239,0.600482086313018
SRI3,B,294,-0.053894208201657134,20.12365226158704,0.0,0.7,3764503610.103576,3764.503610103576,0.8748621339879745,0.6082114775678659
SRI3,B,295,-0.054677540759834026,0.0,-0.1569390231767523,0.9707530794182669,99324867.59657976,99.32486759657976,0.7661703490233748,0.6100348667591704
SRI3,B,296,0.0,133.58198507507632,0.0,0.7000376806457077,5271316760.199968,5271.3167601999685,0.8861938307183265,0.59675525669762
SRI3,B,297,0.0,655.9992202718176,-0.0021306283651337105,0.7000407664289908,7180730135.187188,7180.730135187188,0.9199665563738569,0.5393674173693386
SRI3,B,298,-0.029727374473770322,196.6835252905252,-6.591138966585111e-05,0.700296045409419,5670577708.326576,5670.577708326577,0.8914505283381365,0.59060910093571
SRI3,B,300,-0.13728666080029875,0.0,-0.1160266285183369,0.9915974452976088,29148102.945683293,29.14810294568329,0.7586900060483153,0.6100348667591704
SRI3,B,301,-0.0025862559791075546,0.0,-0.395039309223079,0.7001349729269184,902518932.275921,902.518932275921,0.8592788273383853,0.6100348667591704
SRI3,B,302,-0.013084308217489855,169.7135695988396,0.0,0.7,5514762858.99692,5514.76285899692,0.8892891450528337,0.5932863699434304
SRI3,B,303,0.0,0.0,-0.904260731320656,0.7,644174846.891641,644.174846891641,0.8335734870317003,0.6100348667591704
SRI3,B,304,-3.6297013111774215,0.0,-0.4708466068154089,0.7044972657109526,852955057.3893517,852.9550573893517,0.8546447504180453,0.6100348667591704
SRI3,B,305,-0.008072104201514774,0.0,-0.7914384927758451,0.7286246790533324,633834789.1978992,633.8347891978992,0.8319368840502368,0.6100348667591704
SRI3,B,306,0.0,0.0,-0.5602660080066173,0.7006918522198541,819180304.7261674,819.1803047261675,0.8515850144092217,0.6100348667591704
SRI3,B,309,-0.055623865193366984,0.0,-0.059148738093583134,0.7004784457861659,1061886549.2635738,1061.8865492635737,0.8707617319528943,0.6100348667591704
SRI3,B,311,-0.0030361982807318223,0.0,-1.0445091201820047,0.7,570482790.4838474,570.4827904838473,0.8259775144981676,0.6100348667591704
SRI3,B,312,-0.015031589198632123,1133.1034187430923,-0.0005556983305771684,0.7016161510058214,8016984571.979562,8016.984571979562,0.9342690432988223,0.4750684882769417
SRI3,B,314,-0.0033059775504045152,0.0,-1.1997178518338885,0.7426529035010604,418901092.87438655,418.90109287438656,0.8078236738179102,0.6100348667591704
SRI3,B,319,-0.010840496543197416,0.0,-0.16293444154389913,0.7,1014500766.8471828,1014.5007668471827,0.8677998363397018,0.6100348667591704
SRI3,B,321,-0.04827448366378506,0.0,-1.0992383436561441,0.7,540936643.4299961,540.9366434299961,0.8226865193723983,0.6100348667591704
SRI3,B,322,-1.0980998221667544,403.94046728125323,-0.0009875262923175407,0.700235057616535,6518317203.327008,6518.317203327008,0.8951951471163767,0.5896662753050842
SRI3,B,332,-0.00514825434898325,0.0,-0.9331091233484907,0.9918335768375158,17286110.831266757,17.286110831266758,0.7572846621837976,0.6100348667591704
SRI3,B,340,-0.0009271057718934633,271.883886952221,0.0,0.7000506721363096,6035868342.910124,6035.868342910124,0.898414985590778,0.5825239264240225
SRI3,B,341,0.0,1199.5367917742067,0.0,0.7001791598845708,8116340049.532719,8116.340049532719,0.9362169566300209,0.4636300565695378
SRI3,B,344,0.0,54.50030852970525,0.0,0.7001172582618924,4473211424.0099325,4473.211424009933,0.8787668552317928,0.6049560607677803
SRI3,B,347,-1.7394470390674332e-05,616.7422426385322,-0.00040671806062199167,0.7000000788654853,7093465286.187227,7093.465286187227,0.9183299533923934,0.5441882804995196
SRI3,B,349,0.0,298.69127740313263,0.0,0.7,6147270425.853761,6147.270425853761,0.9004162664105027,0.579793289927776
SRI3,B,351,-0.07885281350192098,420.2314271831112,-7.063255167290587e-05,0.7000073959285507,6572355346.393151,6572.355346393151,0.9078788202227203,0.5680346532892162
SRI3,B,357,-2.423275277428951e-07,1.9447132696102472,0.0,0.7000000000343422,2630898174.0327535,2630.8981740327536,0.8729675881453018,0.6098480805493294
SRI3,B,359,-0.8007095095471821,0.0,-1.117224359235058,0.7036341020138576,525611293.65602565,525.6112936560256,0.8212011242750916,0.6100348667591704
SRI3,B,360,-0.02509326653850341,480.3840842702035,0.0,0.7000154125436966,6748727836.018517,6748.727836018516,0.9116590173266446,0.5604920482442096
SRI3,B,363,0.0,323.7858332536175,0.0,0.7000844866687925,6244378303.615516,6244.3783036155155,0.9023819689045433,0.5771782829900025
SRI3,B,367,-1.8988388211313087e-05,110.85939047001538,-0.0011617349519268737,0.7000899906431944,5090532465.916542,5090.532465916542,0.8839346070373929,0.5991567936812894
SRI3,B,368,0.0,1075.6321969259754,0.0,0.7,7938134279.541717,7938.134279541717,0.9332194826911446,0.4823175721350553
SRI3,B,370,-0.5188269012205088,174.47828869698333,0.0,0.7,5543451990.175371,5543.451990175371,0.8873590208844772,0.5964083680222009
SRI3,B,371,-0.00010780366978638007,0.0,-0.21581122038957987,0.7011923837981909,983874693.2365471,983.8746932365472,0.8653449318675064,0.6100348667591704
SRI3,B,373,0.0,1765.8123604898276,-0.003198296242711507,0.7000778883939214,8788066303.980038,8788.066303980038,0.9455651617034901,0.3730209556338279
SRI3,B,374,-0.014103702064181003,158.02451423630077,-0.0012577304944637463,0.7000023068704283,5440340023.308057,5440.3400233080565,0.8882929519336819,0.5944693492724232
SRI3,B,379,-1.7394470390674332e-05,585.1539831449704,-0.000459921952163327,0.7000000788654853,7019227724.63629,7019.227724636289,0.9168178745508236,0.5476571672537092
SRI3,B,391,-0.018057011874592868,0.0,-0.31057292468792896,0.7,942825046.8724326,942.8250468724326,0.8624897712313659,0.6100348667591704
SRI3,B,395,0.0,308.30202906458936,0.0,0.7,6185289010.750158,6185.289010750158,0.9012345679012347,0.5788237805528872
SRI3,B,401,-1.8249034662741486,0.0,-0.8877361715649461,0.8102289368415412,413340601.8486854,413.34060184868537,0.8047995161347707,0.6100348667591704
SRI3,B,404,0.0,1818.5586393883389,0.0,0.7,8843819154.217735,8843.819154217736,0.9463034119614332,0.3652470914718754
SRI3,B,407,-0.0005739661462995187,85.84849171965385,-0.001948661100176885,0.7000000915684927,4855992064.966261,4855.992064966261,0.8816131212865123,0.6017540114562209
SRI3,B,408,-0.37461662518460725,130.97373379970057,-0.000830222411231183,0.7,5251718250.932255,5251.718250932255,0.8846194898068097,0.5991478990998684
SRI3,B,410,-0.0005973016529325743,840.5198355014471,-0.007316356711957055,0.7000000318646816,7546447936.848766,7546.447936848766,0.9267353328352369,0.5154854662539582
SRI3,B,411,0.0,818.6250767533226,-1.4992575407902717e-05,0.700230908034193,7508824556.703895,7508.824556703895,0.926032660902978,0.5184562564485715
SRI3,B,414,-0.019190203443093277,208.1811849145019,0.0,0.7,5733563032.30673,5733.56303230673,0.8926512968299714,0.5894261216067173
SRI3,B,415,-0.005746859630867532,0.0,-0.1991997622238726,0.7009891997269763,993049934.2303032,993.0499342303032,0.8662877574981321,0.6100348667591704
SRI3,B,419,0.0,1139.9147315272128,0.0,0.7,8032866284.140913,8032.866284140913,0.9348827694168712,0.473067207457217
SRI3,B,422,-0.004045227126631072,81.66445710596345,0.0,0.7,4812648384.913739,4812.648384913739,0.8812128651225672,0.6021542676201657
SRI3,B,423,-4.0,0.0,-1.3189804655666644,0.92957672111659,100460026.94755258,100.46002694755258,0.7668463372113709,0.6100348667591704
SRI3,B,427,-0.0005494740811211075,31.32607384390269,-0.0009586633927113368,0.7000001425708915,4058754578.9324822,4058.754578932482,0.8760806916426512,0.607215284448714
SRI3,B,429,-1.9330995945110097,421.65005919797113,0.0,0.7000073982143651,6573778969.669409,6573.778969669409,0.882965097662504,0.6025901021097946
SRI3,B,430,0.0,1943.6109165688817,0.0,0.7,8966849372.771925,8966.849372771925,0.9478866474543708,0.34822286263208463
SRI3,B,434,-0.0024022717035318292,1350.2893338580739,0.0,0.7000237945229633,8316437372.357854,8316.437372357854,0.9393033763831075,0.43912548475468755
SRI3,B,436,-0.005211801376264477,780.9494591501032,0.0,0.7000049835279081,7438429859.648406,7438.429859648406,0.9246540007827233,0.5233660653929626
SRI3,B,438,-3.1294454914693876e-05,123.13311297317702,0.0,0.7000861407978489,5191468696.369892,5191.468696369892,0.8850375351335967,0.5979115522823497
SRI3,B,440,-0.06811578838476914,0.0,-1.3086262260301944,0.887771462196751,161906598.99159762,161.90659899159763,0.7742733126979046,0.6100348667591704
SRI3,B,442,-0.007249348457478266,0.0,-0.42155266019877385,0.7004997180963808,889237084.9326082,889.2370849326082,0.8582381613121286,0.6100348667591704
SRI3,B,443,-0.04555722986075739,14.454049059975148,0.0,0.7,3563573136.719064,3563.573136719064,0.8742928807770307,0.6087451524531255
SRI3,B,444,-0.008337674487505664,670.6578417198546,-0.00016321379604375126,0.7000983190675035,7213363539.976035,7213.363539976035,0.9204468637705909,0.5377574981321379
SRI3,B,445,-2.7887636774302137e-06,348.51217095512516,-5.0069474677938474e-05,0.7001518503204222,6334645127.091844,6334.645127091843,0.9042142526772688,0.5745721706336501
SRI3,B,448,-2.1986323926728637e-06,796.1704109621048,-0.0009429485546287167,0.7001994776455244,7466583125.370423,7466.583125370424,0.9253655672964028,0.521427046643185
SRI3,B,454,-0.0007689478750508918,691.7055722911504,0.0,0.7000073049855473,7258695791.704049,7258.695791704049,0.9215142135411107,0.5348845483331554
SRI3,B,455,-0.28166380494343457,0.0,-0.11679430377734877,0.7001193790903748,1035308547.6346054,1035.3085476346055,0.8689917102501157,0.6100348667591704
SRI3,B,456,-0.009182987953380867,546.5152417242922,-8.635773924963895e-05,0.7001014407135115,6923774725.504252,6923.774725504252,0.9146831750097839,0.5525047141281532
SRI3,B,458,0.0,387.90451813324756,0.0,0.7000002797188193,6469721696.291245,6469.721696291245,0.9067225246379905,0.5700448286903619
SRI3,B,459,-0.00118803007984002,260.84328137502445,-8.170903330198325e-05,0.700320608594286,5986659905.074146,5986.659905074146,0.89745437079731,0.5837780624043833
SRI3,B,460,-0.5679043445506509,124.25349215430765,-0.005807458276061177,0.7000532654097738,5197297912.834038,5197.297912834038,0.883080727220977,0.6006866616857011
SRI3,B,461,-1.9000523923663546,650.7446396582443,-9.51777423044848e-06,0.7000000052661417,7165432997.975277,7165.4329979752765,0.8865851923008502,0.5971733020244068
SRI3,B,463,-0.0003517590453799638,101.14373923599527,-0.0010247304978370235,0.7000191107356463,5005141459.611077,5005.141459611077,0.883142989290924,0.6000907247304943
SRI3,B,464,0.0,1175.7794991528424,0.0,0.7001784807124254,8083238745.065556,8083.238745065555,0.935647703419077,0.46747251574340903
SRI3,B,465,0.0,42.37898714265509,0.0,0.7,4278533322.381671,4278.533322381671,0.8774237734372221,0.606156829259615
SRI3,B,472,0.0,1052.2484825541928,0.0,0.7,7902603765.776904,7902.603765776904,0.9326591240616215,0.48577756430782365
SRI3,B,474,0.0,861.8262517765552,0.0,0.7,7588257058.671844,7588.257058671844,0.9277048422101257,0.5127281460134486
SRI3,B,475,0.0,600.6210551643838,-0.0003415506698478607,0.7,7055960155.145189,7055.96015514519,0.9175828085530296,0.5458515672252463
SRI3,B,478,0.0,1055.1438556879627,0.0,0.7,7907029473.776532,7907.0294737765325,0.9327302807129897,0.48542178105098366
SRI3,B,479,-1.1070137231394215,0.0,-0.5947693513228485,0.9431340719673629,152430364.88445562,152.43036488445563,0.772405450599495,0.6100348667591704
SRI3,B,480,0.0,324.4171195945222,0.0,0.7,6247065245.688546,6247.065245688546,0.9025064930444373,0.5770982317572135
SRI3,B,482,-0.12559822060384795,0.0,-0.9626347272549023,0.7,614840017.4647763,614.8400174647762,0.8305404347671399,0.6100348667591704
SRI3,B,483,0.0,954.7309303939586,0.0,0.7,7747589023.1822815,7747.589023182281,0.9302131141708471,0.50017789162842
SRI3,B,485,0.0,1196.4762142702923,0.0,0.7,8112749997.216752,8112.7499972167525,0.936172483722916,0.4640214181520617
SRI3,B,488,0.0,2074.81951765186,-0.0003415506698478607,0.7,9089374892.695757,9089.374892695758,0.9492475184117836,0.3331732308677553
SRI3,B,492,-0.012915996896603943,569.1273769496748,0.0,0.7,6980374107.42561,6980.3741074256095,0.9158661543387767,0.5500053367488527
SRI3,B,493,-0.9437192116726705,0.0,-0.7290171539159251,0.8062142128845811,472944484.2625104,472.9444842625104,0.8114526630376774,0.6100348667591704
SRI3,B,494,-1.8157007391892355,0.0,-0.7566752623744317,0.8314307532871672,403199555.75490886,403.1995557549089,0.802718184082257,0.6100348667591704
SRI3,B,495,0.0,1420.9886394432137,0.0,0.7,8404396633.728092,8404.396633728093,0.940566406944889,0.42715337816202364
SRI3,B,496,-2.1552925990324683,350.7018250596443,0.0,0.7,6340320908.61382,6340.32090861382,0.8791404276514747,0.6056320489557763
SRI3,B,500,-0.42312691091166954,157.55836767087655,-0.00027373868234459395,0.7,5437446180.513794,5437.446180513794,0.8865318248123244,0.5971555128615647
SRI3,B,504,0.0,795.9108202574287,-0.0005292286647018843,0.7,7467001648.684019,7467.0016486840195,0.9254011456220871,0.521462624968869
SRI3,B,505,-7.361103933928349e-11,0.0,-0.8407621561870606,0.7005708471431484,675014239.2657725,675.0142392657725,0.8366510122033657,0.6100348667591704
SRI3,B,506,-3.3678890052196984,0.0,-1.9589432790625714,0.9050492590881688,52841623.540017076,52.841623540017075,0.7613583804746149,0.6100348667591704
SRI3,B,508,-3.4077258559668264,0.0,-1.9942426674863076,0.954378978030729,23934534.143555474,23.934534143555474,0.7577827587433735,0.6100348667591704
SRI3,B,509,-0.0006590309583936488,0.0,-0.5931293107612934,0.7270102544963669,731996500.1622442,731.9965001622442,0.8420944960330167,0.6100348667591704
SRI3,B,511,0.0,841.8031546541315,0.0,0.7000195972821968,7552117430.271309,7552.117430271309,0.9269754865336038,0.5153787312769061
SRI3,B,512,-2.0388278480471516,0.0,-1.0729425323561863,0.7,554643262.8443694,554.6432628443694,0.8243320169352829,0.6100348667591704
SRI3,B,513,0.0,0.0,-0.2848759287974105,0.7,953824189.7671958,953.8241897671958,0.8632013377450456,0.6100348667591704
SRI3,B,514,0.0,433.28392991060747,0.0,0.7,6612377532.095289,6612.377532095289,0.909399793645711,0.5649749172803927
SRI3,B,515,0.0,1357.5437544850465,0.0,0.7,8325716414.031887,8325.716414031887,0.9394812680115274,0.43763119507595977
SRI3,B,516,-0.016371670026109647,157.55836767087655,-0.00027373868234459395,0.7,5437684790.093274,5437.684790093274,0.8882662681894189,0.5945049275981071
SRI3,B,523,0.0,336.555117322101,0.0,0.7004911143401038,6290273037.695555,6290.273037695555,0.903298110790906,0.5758440957768527
SRI3,B,529,-0.02275209266156993,0.0,-0.5428786908506311,0.7,829774942.675648,829.7749426756479,0.8526968370868467,0.6100348667591704
SRI3,B,531,0.0,1169.355379917428,0.0,0.7,8074832091.748407,8074.832091748407,0.9355320738606041,0.46840644679261395
SRI3,B,534,-3.5219100904881953,0.0,-0.06193095203094914,0.7,1062190364.4410492,1062.1903644410493,0.8708951506742092,0.6100348667591704
SRI3,B,536,0.0,254.17959386255706,-4.77988058965602e-06,0.7,5957985884.138582,5957.985884138582,0.8968495392606824,0.5844006831038531
SRI3,B,537,-1.912525079102834,0.0,-0.16833455453763968,0.7015343800227568,1006187888.614937,1006.1878886149369,0.866999324011812,0.6100348667591704
SRI3,B,538,0.0,670.0624007743315,-0.00028808366425160344,0.7000429809575412,7212296908.180357,7212.296908180357,0.9205802824919057,0.5376596577365069
SRI3,B,539,-0.011220302871550798,623.8670809003589,0.0,0.7,7109802065.773232,7109.802065773232,0.9184633721137084,0.5436723947771017
SRI3,B,540,-0.10954112071898008,463.3851734555783,0.0,0.7,6700597070.734306,6700.597070734307,0.9098000498096561,0.564014302486925
SRI3,B,541,-1.8411317302502002,486.94956559155463,0.0,0.7,6763488042.292251,6763.488042292251,0.8854022129718575,0.6000996193119151
SRI3,B,542,0.0,1381.1983912851504,0.0,0.7,8355336540.524346,8355.336540524346,0.9399082079197352,0.43377094673924643
SRI3,B,543,0.0,387.5694316420754,0.0,0.7,6468623223.247254,6468.623223247254,0.9067136300565695,0.5700626178532039
SRI3,B,544,0.0,276.92136032701256,0.0,0.7000121608716189,6057529255.777728,6057.529255777728,0.8988063471733021,0.5820525136087095
SRI3,B,546,0.0,729.2076372909819,-1.2456103965557074e-07,0.7000013611909146,7336268914.399626,7336.268914399626,0.9229106628242076,0.5300992635286584
SRI3,B,547,-0.07128969288973963,0.0,-0.016779407946146352,0.9828891152788977,61933803.49991344,61.93380349991344,0.7621588928025046,0.6100348667591704
SRI3,B,552,0.0,752.6653264466731,0.0,0.7,7383265794.26746,7383.26579426746,0.9238090155477283,0.5270128437755719
SRI3,B,555,0.0,1231.752646227932,0.0,0.7009187473986953,8157849078.361647,8157.849078361646,0.9369641014693847,0.45856903974098984
SRI3,B,557,0.0,374.5095684586621,0.0,0.7,6425190539.733187,6425.190539733187,0.9058152773330486,0.5715746966947736
SRI3,B,558,-0.7420992961958622,248.9767092161292,0.0,0.7,5933472123.654829,5933.472123654829,0.8910324830113495,0.5930551108264844
SRI3,B,560,-0.0010088466180130234,1631.4811603072162,-0.0014061022943025283,0.7000798060948985,8646514005.343975,8646.514005343975,0.9440175045362365,0.393273917529441
SRI3,B,564,0.0,1820.5317102268139,0.0,0.7001562558760936,8845241604.032347,8845.241604032346,0.9463212011242751,0.36492688654071936
SRI3,B,567,-3.8580904306728756e-05,1281.2859244561043,0.0,0.7000472155628314,8227313196.091498,8227.313196091498,0.9381203970541145,0.45017255487956737
SRI3,B,568,-0.10954112071898008,490.5687704215717,0.0,0.7,6776752560.004598,6776.752560004597,0.9112676557441207,0.5613014551535204
SRI3,B,569,0.0,1250.5216413268172,0.0,0.7,8186579899.577802,8186.579899577801,0.9375066709360658,0.4553758850108514
SRI3,B,572,0.0,1142.3408574014416,0.0,0.7001095447790154,8035957842.135441,8035.957842135441,0.9349450314868183,0.47268474045611414
SRI3,B,577,0.0,478.9052404158594,-0.0038377460194457536,0.7,6742765277.937629,6742.7652779376285,0.9116679119080656,0.5600295300103176
SRI3,B,578,0.0,1947.3012251843204,0.0,0.7,8970396980.239836,8970.396980239835,0.9478955420357918,0.34773366065392963
SRI3,B,580,0.0,1713.6285320976122,-0.0001057505577519895,0.7,8735537159.699154,8735.537159699154,0.9450492759810722,0.38035009072473047
SRI3,B,582,0.0,1876.0011456049504,0.0,0.7,8901088533.135307,8901.088533135307,0.9471039242893229,0.35677944995908495
SRI3,B,586,0.0,403.4198510465042,-0.002337063228764258,0.7,6518833794.614435,6518.833794614436,0.9076208773615114,0.5682036503362152
SRI3,B,588,0.0,545.3614825872443,-0.0019055076848671984,0.7000240853841735,6920373821.56611,6920.37382156611,0.9147454370797308,0.5523712954068382
SRI3,B,589,-1.1070137231394215,0.0,-0.5972940494150988,0.7000587157388068,802275646.448886,802.275646448886,0.8498327818692852,0.6100348667591704
SRI3,B,590,-0.015561128600298058,78.9680321356749,0.0,0.7,4783247340.071826,4783.247340071826,0.8810260789127263,0.6024655779699007
SRI3,B,592,-0.00041814543442669566,245.8045810630034,-0.00012623815433493316,0.7000011428643154,5919559100.361843,5919.559100361843,0.8961468673284235,0.5851656171060591
SRI3,B,593,0.0,636.4429553885263,-0.0002129998418519477,0.7000023787882165,7138301765.172746,7138.301765172746,0.9191482548831252,0.5416711139573772
SRI3,B,596,-2.1096942665372596,0.0,-0.5648063111360654,0.701824309002069,813713618.2524595,813.7136182524596,0.8510068666168569,0.6100348667591704
SRI3,B,597,-0.020033950264890202,43.131660522365735,-0.0014314471527218636,0.7,4291354788.403138,4291.354788403138,0.87749493008859,0.6061212509339311
SRI3,B,599,-0.009604289197628714,1489.804887664628,-0.004421156555239895,0.7,8484567607.120853,8484.567607120853,0.9413046572028321,0.4169601878535596
SRI3,B,600,-1.9465570876369833,401.2468066572573,0.0,0.7,6509966867.91402,6509.9668679140195,0.8825025794286122,0.6029725691108975
SRI3,B,602,0.0,360.6713684093903,0.0,0.7,6377894894.133412,6377.894894133412,0.9049436083537907,0.5732379834205003
SRI3,B,603,-0.008023892542672002,2006.9976657390996,0.0,0.7,9026771719.061886,9026.771719061886,0.9482780090368946,0.34141850784502076
SRI3,B,606,0.0,345.2444906506764,0.0,0.7,6323524133.604732,6323.524133604731,0.904036361048849,0.574954637634753
SRI3,B,607,0.0,166.1330393038561,0.0,0.7,5492523886.460432,5492.523886460432,0.8890312021916246,0.5935265236417974
SRI3,B,611,-0.00744329920511734,463.11470987671356,0.0,0.7000936665735754,6699720285.723266,6699.720285723266,0.9108318212544917,0.5616394492475183
SRI3,B,613,-0.6504428946404429,342.98309493386284,-0.020906480439278972,0.7000002052543435,6304453461.436463,6304.453461436463,0.8971697441918383,0.585112249617533
SRI3,B,614,-0.05143902791103442,667.4680682221513,0.0,0.7,7206777098.0637045,7206.777098063704,0.920064396769488,0.5395808873234424
SRI3,B,616,0.0,584.9348616764586,0.0,0.7,7018763123.765621,7018.7631237656215,0.9168089799694026,0.547683850997972
SRI3,B,617,0.0,692.4885125187952,0.0,0.7,7260375546.847297,7260.375546847296,0.9215497918667948,0.5347511296118405
SRI3,B,620,0.0,57.0085439071836,0.0,0.7,4509777434.10324,4509.77743410324,0.8790247980930017,0.6046892233251503
SRI3,B,621,0.0,85.80437197690787,0.0,0.7,4856380557.949812,4856.380557949812,0.8816398050307752,0.6017629060376419
SRI3,B,628,-0.42944699697151706,0.0,-0.7887092624600033,0.7014505931179247,698660935.4843059,698.6609354843058,0.8391503895826662,0.6100348667591704
SRI3,B,630,-1.484825602146989,509.02386757371295,0.0,0.7,6823539605.630833,6823.539605630833,0.8918507845020812,0.5921656526843846
SRI3,B,631,-1.9738810841238084,0.0,-0.7893819236535087,0.8484648302310297,354488451.43626887,354.48845143626886,0.7969544953214504,0.6100348667591704
SRI3,B,636,-1.9992400614627763,0.0,-0.09996657075825288,0.7029774533819153,1032468320.2815325,1032.4683202815324,0.8684936136905398,0.6100348667591704
SRI3,B,637,0.0,977.0014935119547,0.0,0.7,7784074573.4836445,7784.074573483645,0.93077347280037,0.49712705020101755
SRI3,B,639,0.0,530.8429711802962,0.0,0.7,6884182077.128401,6884.182077128401,0.9141672892873662,0.5541235279467748
SRI3,B,653,0.0,0.0,-0.4167181855050186,0.7,892887813.2342626,892.8878132342626,0.8586295228946526,0.6100348667591704
SRI3,B,654,-0.12537417348651492,0.0,-1.2878861009462168,0.7003803862854455,442465301.9355264,442.4653019355264,0.8107677802682607,0.6100348667591704
SRI3,B,660,0.0,100.49572896720998,0.0,0.7,4999613531.893364,4999.613531893364,0.883134094709503,0.6002063542889672
SRI3,B,661,0.0,1024.5686496519618,0.0,0.7,7859826098.031713,7859.826098031713,0.9320187141993097,0.4899135446685879
SRI3,B,668,-0.0947135208401606,12.192357417770715,0.0,0.7,3466204673.6009912,3466.204673600991,0.8740171487529795,0.6089853061514927
SRI3,B,669,-0.00011904114020044876,220.0329815082906,0.0,0.7,5794739759.556458,5794.739759556459,0.8938965382289111,0.5879851994165154
SRI3,B,673,0.0,134.12679238094628,0.0,0.7,5275478551.92893,5275.47855192893,0.8862560927882734,0.5967196783719358
SRI3,B,674,0.0,0.0,-0.4710090999197579,0.7,865911960.241783,865.911960241783,0.8560678834454051,0.6100348667591704
SRI3,B,675,0.0,211.89004491898837,-0.009970293938579428,0.7,5748245511.237638,5748.245511237638,0.8928291884583913,0.5886700821859323
SRI3,B,678,-3.8685454584741485e-05,1770.1821205354272,-0.0013215151963965645,0.7007687884773244,8791358822.227371,8791.358822227372,0.9456541075177001,0.3723983349343581
SRI3,B,680,-0.009535724710641895,1446.6165647148268,-7.150693054643227e-05,0.7,8435318202.979646,8435.318202979646,0.9407442985733091,0.42377343722204436
SRI3,B,681,0.0,462.2539258836594,0.0,0.7018573307228793,6690838090.170445,6690.838090170446,0.9105560892304406,0.5616661329917814
SRI3,B,682,-0.056045338841747894,22.818000195486775,0.0,0.7000486841982391,3844833735.222116,3844.833735222116,0.8751467605934464,0.6079624292880779
SRI3,B,683,-0.10081447098788532,0.0,-0.02789961965969186,0.7000351755591923,1077811918.7472882,1077.8119187472882,0.8718557654676771,0.6100348667591704
SRI3,B,685,-9.816934081008756e-05,914.581704776413,-0.001757053087841262,0.7,7679662924.266026,7679.662924266026,0.9290034510975913,0.5057547941793858
SRI3,B,688,0.0,311.8315632908889,-0.0016112758587434198,0.7000002058274638,6198474038.63029,6198.47403863029,0.9015280890881276,0.5784857864588893
SRI3,B,689,0.0,773.618035473271,0.0,0.7,7424317374.006809,7424.31737400681,0.9245205820614081,0.5243444693492725
SRI3,B,690,-2.0388278480471516,0.0,-1.0919917819190554,0.7000287922696973,544286328.9374945,544.2863289374945,0.8232379834205003,0.6100348667591704
SRI3,B,691,-2.312756884965732,0.0,-1.489038968045569,0.8885393089370887,127651482.15921319,127.65148215921319,0.7699327569644572,0.6100348667591704
SRI3,B,696,-0.039772490694409135,183.28435974622477,0.0,0.7,5595900583.222874,5595.900583222874,0.8904632298004057,0.5920944960330167
SRI3,B,697,-2.0656181774340308,0.0,-1.5249793059893628,0.9840065294477185,17627536.42990067,17.62753642990067,0.7575248158821646,0.6100348667591704
SRI3,B,698,-2.1381327897046885,0.0,-1.4708006785881707,0.873916197094478,147870824.1027393,147.8708241027393,0.7723965560180737,0.6100348667591704
SRI3,B,700,0.0,462.610069212263,0.0,0.7,6698640783.391987,6698.640783391987,0.9109207670687018,0.5616216600846764
SRI3,B,702,0.0,194.67358970890604,0.0,0.7,5660584253.136959,5660.584253136959,0.8916284199665564,0.590484576795816
SRI3,B,704,0.0,230.93636208835113,0.0,0.7,5848839080.017439,5848.839080017439,0.8949194150923258,0.5867666417618387
SRI3,B,705,-0.07151306463549778,32.25539094588146,0.0,0.7,4079552221.987473,4079.552221987473,0.8761162699683354,0.6071797061230298
SRI3,B,706,-2.1759724891660794,0.0,-1.5517947841673592,0.9139171261187787,91078108.96856318,91.07810896856319,0.7655032554168,0.6100348667591704
SRI3,B,707,0.0,689.1662549734165,0.0,0.7,7253355900.964331,7253.35590096433,0.9213807948197957,0.5352225424271534
SRI3,B,709,0.0,832.3065590781111,0.0,0.7,7534883922.925456,7534.883922925456,0.9265485466253958,0.5166061835130039
SRI3,B,710,-1.932806521798808,488.69929420188106,0.0,0.7,6768235332.673588,6768.235332673587,0.8840769203401287,0.60130038780375
SRI3,B,711,0.0,731.2450586956159,0.0,0.7,7340407198.638302,7340.407198638301,0.9230440815455225,0.5299035827373964
SRI3,B,715,0.0,272.92437503423685,0.0,0.7,6040523965.22607,6040.523965226071,0.8984861422421462,0.5824260860283915
SRI3,B,717,0.0,1252.5023009943636,0.0,0.7,8189226337.341312,8189.2263373413125,0.9375511438431707,0.45494894510264355
SRI3,B,718,-2.2549462611423743,0.0,-0.2605541835945669,0.7018241500503971,959116971.41055,959.11697141055,0.8633792293734657,0.6100348667591704
SRI3,B,722,0.0,285.41163510768945,0.0,0.7,6093151780.587371,6093.151780587371,0.8994734407798769,0.5811897392108728
SRI3,B,726,0.0,325.72551400326836,0.0,0.7,6251978896.100416,6251.978896100416,0.9025865442772263,0.5769826021987404
SRI3,B,727,-2.3731512411602926,0.0,-0.22830415527237946,0.7007443950032196,978741700.4647032,978.7417004647032,0.8651314619134024,0.6100348667591704
SRI3,B,728,0.0,857.4019586744726,0.0,0.7,7580322307.453446,7580.322307453446,0.9275714234888107,0.5134575016899705
SRI3,B,729,0.0,1001.5355209570703,0.0,0.7,7823520854.307774,7823.520854307773,0.9314138826626818,0.49356921763261824
SRI3,B,730,0.0,447.5771541987687,0.0,0.7,6654941298.675893,6654.9412986758925,0.91019141139218,0.563187106414772
SRI3,B,733,-0.06778934160509904,208.56754421844175,-8.459130388435753e-05,0.7,5735543963.282392,5735.543963282392,0.8922332515031842,0.5897374319564521
SRI3,B,735,0.0,307.60745543799396,0.0,0.700011573955686,6182530186.913978,6182.530186913978,0.9011545166684456,0.5788860426228342
SRI3,B,737,0.0,76.57043450868343,0.0,0.7,4756454703.561436,4756.454703561436,0.8809371330985165,0.6026879425054257
SRI3,B,738,0.0,345.92125992098806,0.0,0.7,6325946988.168437,6325.946988168437,0.9040897285373748,0.5748656918205429
SRI3,B,739,0.0,334.0996007832474,0.0,0.7,6283047179.255683,6283.047179255683,0.9032625324652221,0.5761109332194826
SRI3,B,740,0.0,656.5684081198582,0.0,0.7,7183106131.023858,7183.106131023858,0.920046607606646,0.5393229444622336
SRI3,B,741,0.0,87.19469490456268,-0.003320951932266546,0.7,4868960687.733538,4868.960687733537,0.8817020671007222,0.6015939089906429
SRI3,B,747,0.0,1463.4013920417237,0.0,0.7,8455470466.17762,8455.47046617762,0.941295762621411,0.42022449923506605
SRI3,B,748,-1.7113869688118535,0.0,-1.4126247375637442,0.9108659784614948,113130206.9373003,113.1302069373003,0.7681894190059415,0.6100348667591704
SRI3,B,750,0.0,979.3658426793252,0.0,0.7,7787904778.444329,7787.904778444329,0.9308535240331589,0.49676237236275655
SRI3,B,751,0.0,617.6530645270025,0.0,0.7,7095622964.078393,7095.622964078393,0.9183566371366565,0.5440815455224676
SRI3,B,752,-0.012730559133080771,0.0,-0.30030882427516165,0.9903787766328032,30489857.95829425,30.48985795829425,0.7587522681182625,0.6100348667591704
SRI3,B,756,-1.3892357510955158,508.91743470190966,-8.459130388435753e-05,0.7,6823428652.042295,6823.428652042296,0.8943412672999609,0.5898975344220302
SRI3,B,762,-0.15258377423060487,0.0,-0.7554137989072627,0.7100874331836764,694019550.2078623,694.0195502078623,0.8384121393247234,0.6100348667591704
SRI3,B,763,-2.2045249777021985,0.0,-0.8216414155227774,0.713514636353618,654965347.1776742,654.9653471776742,0.8344362614295371,0.6100348667591704
SRI3,B,765,0.0,709.892987728884,0.0,0.7,7296709179.898846,7296.709179898846,0.9222524637990537,0.532322908883908
SRI3,B,766,-2.2196701090485464,0.0,-0.840322177858908,0.7,676681507.0808263,676.6815070808262,0.8368377984132067,0.6100348667591704
SRI3,B,767,0.0,1321.3771243020187,0.0,0.7,8279672274.699623,8279.672274699624,0.9388230689863734,0.4437773508378695
SRI3,B,768,-0.965696520320682,194.12325909720425,0.0,0.7,5656776536.185949,5656.776536185949,0.8860337282527484,0.5988899562386593
SRI3,B,769,0.0,1050.874817371915,-5.481910792595435e-05,0.7,7900504874.716191,7900.504874716191,0.9326324403173586,0.48596435051766457
SRI3,B,770,-1.9901386157377396,220.9624504675255,0.0,0.7,5797942301.832659,5797.942301832659,0.878081972462376,0.6064592450279288
SRI3,B,771,-0.002679072047105824,360.829768041342,0.0,0.7001932342306756,6377730969.048191,6377.730969048191,0.904827978795318,0.5732290888390792
SRI3,B,772,0.0,600.51317261137,0.0,0.7,7055774264.734692,7055.774264734691,0.9175739139716085,0.5458515672252463
SRI3,B,774,0.0,1173.3489695127585,0.0,0.7005117800025218,8078618436.192482,8078.618436192482,0.9355409684420251,0.46787277190735416
SRI3,B,775,-0.014436719966741007,0.0,-0.5535202717818397,0.7037463787279984,814095359.1913118,814.0953591913118,0.8511136015939091,0.6100348667591704
SRI3,B,776,-0.002690499542248509,135.48678689094277,0.0,0.7,5285463997.406794,5285.463997406793,0.8863717223467467,0.5966040488134629
SRI3,B,779,-1.0076751273245446,0.0,-0.9088318387455253,0.7005353100849828,641141395.2942002,641.1413952942002,0.8332354929377023,0.6100348667591704
SRI3,B,780,0.0,98.7926855913045,0.0,0.7000083114403135,4983833941.074872,4983.833941074872,0.883009570569609,0.600366456754545
SRI3,B,782,0.0,0.0,-0.5172227666736484,0.7,842589826.8269691,842.5898268269691,0.8539865513928915,0.6100348667591704
SRI3,B,784,0.0,476.06846820035486,0.0,0.7,6736781015.30648,6736.78101530648,0.9116590173266446,0.5602785782901056
SRI3,B,785,-3.845823038548348,0.0,-1.1233324912068303,0.8123376296974062,330961270.6652164,330.9612706652164,0.7960561425979295,0.6100348667591704
SRI3,B,786,0.0,156.82677178314702,0.0,0.7,5432978546.503002,5432.978546503002,0.8882484790265769,0.5943981926210552
SRI3,B,792,0.0,1075.9647641012768,0.0,0.7000000334857542,7938634933.192684,7938.634933192684,0.9332372718539865,0.48225531006510824
SRI3,B,793,-0.41940764912682926,0.0,-0.8963725422434665,0.82163057009247,385701594.8400227,385.70159484002266,0.8012061052406874,0.6100348667591704
SRI3,B,794,-0.07549142101531492,184.9206057660772,0.0,0.7,5605354323.47918,5605.3543234791805,0.8902942327534065,0.5921834418472266
SRI3,B,795,-0.002690499542248509,297.39024466761055,0.0,0.7,6142046363.355103,6142.046363355103,0.9002650585263459,0.5799533923933541
SRI3,B,801,0.0,0.0,-0.4577187365393819,0.7,872774880.4864495,872.7748804864494,0.8566905041448749,0.6100348667591704
SRI3,B,804,-0.002690499542248509,1387.886264824282,0.0,0.7000008039770262,8363602784.954744,8363.602784954744,0.9399615754082612,0.4328014373643576
SRI3,B,806,-1.602198686046852e-07,147.86511112773508,-0.0058236674491861295,0.7000153424540598,5370160986.665623,5370.160986665623,0.8872344967445832,0.5952876507631552
SRI3,B,810,0.0,1569.1210004210302,0.0,0.7,8577968475.843663,8577.968475843663,0.9430657843241896,0.40326253246522226
SRI3,B,817,-3.9265946897859014,0.0,-0.5850862205841765,0.7062409179843445,792491729.7529769,792.4917297529769,0.8489166399829224,0.6100348667591704
SRI3,B,818,-0.04732372901748394,656.5684081198582,0.0,0.7,7182976362.719682,7182.976362719682,0.919646351442701,0.5407104991639093
SRI3,B,819,-1.0076751273245446,0.0,-0.41812061245529275,0.7005315158371247,890435508.3111581,890.4355083111581,0.8583448962891806,0.6100348667591704
SRI3,B,823,0.0,1279.9089415062842,0.0,0.7000041539757708,8225689223.221139,8225.68922322114,0.9381115024726936,0.45036823567082934
SRI3,B,825,0.0,641.6863050594194,0.0,0.7,7150119886.317472,7150.119886317472,0.9194328814885971,0.5411018607464332
SRI3,B,828,0.0,11.890211850737614,0.0,0.7000407627568507,3452026837.778353,3452.026837778353,0.8740349379158218,0.6089141495001246
SRI3,B,829,0.0,55.53323602199863,0.0,0.7000003353434259,4488674975.533022,4488.674975533022,0.8789091685345286,0.6048048528836233
SRI3,B,831,0.0,66.06110734526345,0.0,0.7,4630858700.688842,4630.858700688842,0.8799854128864696,0.6037197139502616
SRI3,B,832,-1.6273372954887049,229.9226732491114,-7.471849107706479e-06,0.7000990307430419,5842102266.834947,5842.102266834947,0.8811239193083573,0.6034084036005266
SRI3,B,836,0.0,1526.5815405457918,0.0,0.7000115126131077,8529414369.833986,8529.414369833987,0.9423364286476679,0.4099690468566549
SRI3,B,837,-0.00013198483926587937,1418.7256542732277,-0.001107201866580079,0.7,8401265287.981761,8401.265287981762,0.9405486177820471,0.42760700181449457
SRI3,B,840,0.0,21.442815401031282,0.0,0.7,3804887032.5322614,3804.8870325322614,0.8750133418721314,0.6080780588465509
SRI3,B,841,-0.0004691572072808847,757.3897721238733,0.0,0.7000001035388153,7392595330.912872,7392.595330912873,0.9239602234318852,0.526363539331839
SRI3,B,842,-0.002777502935369696,2074.060781205313,-0.0006307100801122324,0.7000137691415538,9088565518.012209,9088.565518012208,0.9491941509232574,0.33343117372896425
SRI3,B,847,-0.000828269392124957,545.7676180946758,-8.459130388435753e-05,0.7,6922285739.745692,6922.285739745692,0.914789909986836,0.5523090333368912
SRI3,B,852,0.0,243.31013311859704,0.0,0.7000002516589311,5907959713.102063,5907.959713102063,0.8959600811185825,0.5854235599672679
SRI3,B,858,-0.00012391307518689774,796.3287524578761,0.0,0.7000008120709378,7467852809.915135,7467.852809915135,0.9254278293663499,0.5213914683175009
SRI3,B,863,-1.8966396990148096,660.300340214969,-1.6417116792854183e-08,0.7,7186396721.099099,7186.3967210990995,0.8870210267904791,0.5969509374888818
SRI3,B,864,-0.4569002113354943,178.08666540734907,-1.2162727435165652e-06,0.7,5565054821.483458,5565.054821483458,0.887901590351158,0.595750168997047
SRI3,B,871,-0.00025992837016436344,491.7142114403812,0.0,0.7,6780179298.594928,6780.179298594928,0.9125217917244813,0.558579713238695
SRI3,B,872,-0.0009488359343889474,122.86664213228494,-0.002465848741602392,0.7000000048754232,5188569256.236344,5188.569256236345,0.8849663784822286,0.5979471306080335
SRI3,B,876,0.0,773.2586985738841,0.0,0.7,7423621133.552702,7423.621133552702,0.9245027928985662,0.5244067314192195
SRI3,B,877,-0.00575013216834983,114.87274181769448,-0.006666063365499749,0.7000003840383842,5121790767.403735,5121.790767403735,0.8840502365958659,0.5988276941687124
SRI3,B,880,0.0,1630.7655116980197,0.0,0.7,8646472765.31753,8646.47276531753,0.9440175045362366,0.393247233785178
SRI3,B,884,0.0,0.0,-0.48355607596756406,0.7,859882970.1915795,859.8829701915795,0.8554274735830931,0.6100348667591704
SRI3,B,888,0.0,0.0,-0.2066761258588805,0.7,991501440.5061846,991.5014405061846,0.8660476037997652,0.6100348667591704
SRI3,B,890,-2.6190348363316375e-06,257.76209297004584,-1.5147441986757672e-06,0.7002594669644508,5973173725.628262,5973.173725628261,0.8971252712847332,0.5840360052655922
SRI3,B,896,0.0,670.1643708012124,0.0,0.7000119985720308,7212691131.83655,7212.69113183655,0.9205980716547478,0.5376596577365069
SRI3,B,897,0.0,419.52387992770355,0.0,0.7000007386479162,6570367344.657449,6570.3673446574485,0.9086081758992421,0.5664247340520154
SRI3,B,898,0.0,1485.1681027604625,0.0,0.7000001810793052,8481198759.516952,8481.198759516952,0.941687124203935,0.41687124203934967
SRI3,B,901,0.0,406.6098330557835,0.0,0.7000230606271148,6529923395.870992,6529.923395870992,0.9078076635713523,0.5678745508236381
SRI3,B,902,0.0,814.2153282554289,0.0,0.7,7501464207.951579,7501.464207951579,0.9259703988330309,0.5189988259152524
SRI3,B,903,0.0,508.0114980492466,0.0,0.7,6824213439.971655,6824.213439971655,0.9131888853310564,0.5565695378375494
SRI3,B,904,0.0,881.7260245509785,-0.0006486870312693991,0.7000001822507974,7623374139.139464,7623.374139139464,0.9282118333511226,0.5102376632155691
SRI3,B,905,-0.01657370668868763,42.53777455993198,-0.00016601149099524683,0.7,4281304829.4977326,4281.3048294977325,0.8774148788558013,0.606183513003878
SRI3,B,913,-0.003617583307088539,1147.4550824619755,0.0,0.7,8043660505.092346,8043.660505092346,0.9350161881381863,0.47199985768669717
SRI3,B,915,-0.8262698164243756,0.0,-0.3648382836924309,0.7,917278569.8942548,917.2785698942548,0.8603728608531682,0.6100348667591704
SRI3,B,922,-1.5267140989952521,0.0,-1.1816182930911001,0.8722626788416541,211933337.4810887,211.9333374810887,0.7801348418543426,0.6100348667591704
SRI3,B,927,-2.2307899996235148,0.0,-0.2715937216467208,0.9601882812241531,127494145.71032608,127.49414571032608,0.7689365638453054,0.6100348667591704
SRI3,B,928,0.0,981.4311075988493,0.0,0.7,7791262824.504378,7791.262824504378,0.9309068915216849,0.4964599565944426
SRI3,B,930,-0.030142787776431573,25.198486461631084,-0.0066723696300367025,0.7,3907042186.7457285,3907.0421867457285,0.8751645497562885,0.6077756430782367
SRI3,B,933,-1.2279650394869885,0.0,-1.770619278254597,0.8293809807745421,128738543.64006771,128.73854364006772,0.7706443234781373,0.6100348667591704
SRI3,B,938,-1.6015184086067624,0.0,-0.4484901802219223,0.7,876836314.0423949,876.8363140423949,0.8570818657273989,0.6100348667591704
SRI3,B,939,0.0,1698.740645428376,0.0,0.7027362747100974,8709910522.133879,8709.91052213388,0.9445956523286014,0.3828227843597681
SRI3,B,942,-4.0,0.0,0.0,0.9831878274390033,61273082.06251107,61.27308206251107,0.7621144198953996,0.6100348667591704
SRI3,B,944,0.0,730.5252831199872,0.0,0.7,7338940103.735805,7338.940103735805,0.9230085032198384,0.5299569502259224
SRI3,B,945,-0.5750414869635039,0.0,-0.33861138436235727,0.7,930404777.759225,930.404777759225,0.8616447859963712,0.6100348667591704
SRI3,B,946,-0.29682403963270587,0.0,-0.48876989386020253,0.7056095016557494,841081861.157154,841.081861157154,0.8534350873447897,0.6100348667591704
SRI3,B,950,0.0,362.16167373987446,0.0,0.7,6383051602.94319,6383.051602943189,0.9050592379122636,0.5731312484434482
SRI3,B,957,0.0,816.5464652449928,0.0,0.7,7505808788.290392,7505.808788290392,0.9260237663215569,0.5187141993097805
SRI3,B,959,-0.007253656604141162,528.527502705986,0.0,0.7000678236471019,6877905325.472676,6877.905325472676,0.9139805030775251,0.5544615220407727
SRI3,B,965,0.0,333.022314131498,0.0,0.7,6279090020.173548,6279.090020173548,0.9032447433023802,0.5762176681965346
SRI3,B,971,-0.01886896363874957,11.685644111230232,0.0,0.7,3442520469.706568,3442.520469706568,0.8740171487529798,0.6089319386629667
SRI3,B,973,-3.3820050064145,0.0,-0.20581684808417555,0.7000068958843666,992058024.3300401,992.0580243300401,0.866074287544028,0.6100348667591704
SRI3,B,976,-0.059813863546591906,0.0,-0.24159051397662806,0.7025666560951506,966194629.967701,966.194629967701,0.8639129042587255,0.6100348667591704
SRI3,B,977,0.0,223.25562863788622,0.0,0.7,5810939652.458083,5810.939652458083,0.894234532322909,0.5875938378339916
SRI3,B,980,-0.31420132306319465,0.0,-0.030971914489891318,0.7,1076354955.114704,1076.354955114704,0.8717134521649411,0.6100348667591704
SRI3,B,982,0.0,673.5588381593166,0.0,0.7,7220051829.362577,7220.051829362577,0.920749279538905,0.5373127690610879
SRI3,B,983,0.0,1024.868010872748,0.0,0.7,7860296408.298519,7860.296408298519,0.9320276087807308,0.48986017718006186
SRI3,B,984,0.0,1489.7715849655244,0.0,0.7,8486602043.662061,8486.60204366206,0.9417493862738818,0.4160707297114598
SRI3,B,995,0.0,0.0,-0.7513945321163582,0.852451970994563,354464655.68610495,354.46465568610495,0.7967588145301882,0.6100348667591704
SRI3,B,998,0.0,66.75614784959494,0.0,0.7,4639615573.344328,4639.615573344328,0.8800120966307325,0.6036218735546306
SRI3,B,1003,-4.0,0.0,-0.8355654397671611,0.7,679231563.1174278,679.2315631174279,0.8371046358558366,0.6100348667591704
SRI3,B,1004,-4.0,0.0,-0.9847127536230748,0.7,602309337.1604058,602.3093371604058,0.8291173017397802,0.6100348667591704
SRI3,B,1005,0.0,1524.4356665209923,0.0,0.7,8526980382.630641,8526.980382630642,0.9423186394848259,0.41042267050912584
SRI3,B,1009,-0.5305053703189072,117.77470106769789,0.0,0.7,5148672135.124617,5148.672135124617,0.8829206247553992,0.601078023268225
SRI3,B,1011,0.0,110.06372178181499,0.0,0.7,5084494594.933374,5084.494594933374,0.8838812395488669,0.5992279503326573
SRI3,B,1015,0.0,124.88155238300651,0.0,0.7,5205457108.733605,5205.457108733605,0.8852510050877007,0.5977336606539296
SRI3,B,1016,-0.022233859988946558,312.8913211539506,-0.0031272615536560543,0.7,6201419315.69126,6201.419315691261,0.9012790408083395,0.5787793076457822
SRI3,B,1020,-3.2826036158475653,0.0,-1.1436068142686175,0.8159851950714544,317881260.399665,317.881260399665,0.7945173800120967,0.6100348667591704
SRI3,B,1025,-3.157989438618775,0.0,-0.7850935753189465,0.8396452099226382,376149675.33526903,376.149675335269,0.7996495534920127,0.6100348667591704
SRI3,B,1026,-3.3927354709073856,0.0,-1.180098980281789,0.8223224907077207,295164295.2425122,295.16429524251225,0.7911107553278541,0.6100348667591704
SRI3,B,1027,-2.2620955117145654,0.0,-0.12338976570817356,0.7,1033119078.9101877,1033.1190789101877,0.8689917102501156,0.6100348667591704
SRI3,B,1028,-0.07077862719945305,656.9625804200928,-1.4986810530959876e-05,0.7,7183766450.9973345,7183.766450997335,0.9191037819760203,0.5416800085387982
SRI3,B,1030,-0.00011448447862845912,54.564461824803686,0.0,0.7,4474580175.791967,4474.580175791967,0.8788380118831607,0.6049471661863592
SRI3,B,1031,0.0,489.62079686680005,0.0,0.7,6774415234.058022,6774.415234058021,0.9124239513288503,0.558837656099904
SRI3,B,1033,-0.007120177682699902,470.2607710118128,0.0,0.7,6720385471.707295,6720.385471707295,0.9112765503255418,0.5609634610595226
SRI3,B,1035,-0.048663794562837426,487.11890497232775,0.0,0.7000678236471019,6767228282.360869,6767.228282360869,0.9119436439321166,0.5601362649873698
SRI3,B,1036,-0.008772085047139147,76.33662127211545,0.0,0.7,4753807012.026241,4753.807012026241,0.8808748710285697,0.6027502045753727
SRI3,B,1037,0.0,167.4494876638207,0.0,0.7,5500753389.505809,5500.753389505809,0.8892001992386237,0.5932952645248514
SRI3,B,1038,0.0,2005.0394235314354,0.0,0.7,9024988101.300652,9024.98810130065,0.9485181627352616,0.34086704379691884
SRI3,B,1041,-3.3927354709073856,0.0,-1.2620560559402652,0.8223224907077207,270525381.6347281,270.5253816347281,0.7882467001102929,0.6100348667591704
SRI3,B,1047,0.0,1313.0493462564295,0.0,0.7,8268936731.832589,8268.93673183259,0.9386896502650585,0.44520048386522937
SRI3,B,1053,0.0,1422.9970963674991,-0.0005417919255757747,0.7000956903387122,8406414689.1790905,8406.41468917909,0.9405841961077313,0.4268331732308677
SRI3,B,1069,-0.0020837179143360536,250.2009325547751,-0.007577377584667958,0.7,5936232080.127886,5936.232080127886,0.8962358131426335,0.5848009392677981
SRI3,B,1070,-1.5170299701137786,330.5786400830118,0.0,0.7,6267937705.78703,6267.937705787031,0.8859625716013805,0.5992457394954994
SRI3,B,1072,-0.00045120352727137745,2.357877662182716,0.0,0.7,2702546905.14003,2702.54690514003,0.873020955633828,0.6098213968050664
SRI3,B,1073,-0.026120983020931687,0.0,-0.6808126238114304,0.703174370408038,750101312.3397467,750.1013123397468,0.8447895542035793,0.6100348667591704
SRI3,B,1074,0.0,0.0,-0.3885855004736424,0.7,906159767.093318,906.159767093318,0.8596435051766463,0.6100348667591704
SRI3,B,1076,0.0,751.7698406381219,-0.0004854193535539066,0.7,7381426270.482812,7381.426270482812,0.9237645426406234,0.5271640516597288
SRI3,B,1079,0.0,1105.9772988141547,0.0,0.7,7983401856.686755,7983.401856686755,0.9341089408332444,0.4779948055644501
SRI3,B,1080,0.0,1584.7241384679874,0.0,0.7,8595511722.920546,8595.511722920546,0.9433682000925037,0.4009855196214466
SRI3,B,1081,0.0,2079.2823328597224,-0.0015343796934995358,0.7,9093003946.832804,9093.003946832803,0.9493186750631515,0.33279965844807335
SRI3,B,1090,-0.06792923764247549,0.0,-0.4118043275213357,0.7391049207609788,778433913.4772362,778.4339134772362,0.845607855694311,0.6100348667591704
SRI3,B,1092,-0.0034687016070751517,384.93560493537154,0.0,0.7,6459946424.931245,6459.946424931245,0.9065268438467284,0.5704717685985697
SRI3,B,1095,0.0,195.668392232732,-0.00023126356241172895,0.7,5666050366.321544,5666.050366321544,0.8916639982922404,0.590386736400185
SRI3,B,1097,-0.007225085084772563,780.1114263695574,-0.00043745943108334726,0.7000743199199595,7436490555.364458,7436.4905553644585,0.9246184224570392,0.5235172732771196
SRI3,B,1099,0.0,599.4620108547529,-0.00024875020458971914,0.7000453428527625,7053064842.527702,7053.064842527702,0.9175294410645036,0.5458960401323514
SRI3,B,1101,0.0,0.0,-0.781612076607888,0.7093100622682693,683457508.0602527,683.4575080602526,0.8375404703454656,0.6100348667591704
SRI3,B,1102,0.0,1875.9316403804287,0.0,0.7000735492842178,8900751184.350904,8900.751184350904,0.9470861351264809,0.35677944995908495
SRI3,B,1106,0.0,505.86205102479244,0.0,0.7,6818462189.633901,6818.4621896339,0.9131444124239514,0.5568719536058633
SRI3,B,1114,0.0,712.6210885444357,0.0,0.7003210896478583,7301160033.1007395,7301.160033100739,0.9222613583804746,0.531958231045647
SRI3,B,1117,0.0,881.9980950539767,0.0,0.7001923238934046,7623242112.7564,7623.2421127564,0.9282029387697015,0.510184295727043
SRI3,B,1119,-0.18589121666514952,0.0,-0.7364295768314121,0.7,727526533.2126886,727.5265332126886,0.8419966556373858,0.6100348667591704
SRI3,B,1122,0.0,1355.8196433014687,0.0,0.7,8323536844.623559,8323.536844623559,0.9394634788486854,0.4379336108442737
SRI3,B,1127,-0.003683960597824555,31.452278870087355,0.0,0.7,4061814324.7494745,4061.8143247494745,0.8760895862240724,0.6071797061230298
SRI3,B,1133,-0.008326420420179781,0.0,-1.2650075664581224,0.8658292189881578,203828216.2461033,203.8282162461033,0.7796011669690824,0.6100348667591704
SRI3,B,1136,-0.00605883694975926,290.8840459653638,-0.0017033162472829288,0.7000391077539312,6114972041.589227,6114.972041589227,0.8997135944782437,0.5806382751627709
SRI3,B,1138,-1.316270140150879,462.59402669879086,-0.0031671366821790325,0.7,6694106361.461692,6694.106361461691,0.8940032732059628,0.5905824171914469
SRI3,B,1139,-0.022233859988946558,327.43637586854373,-0.0031272615536560543,0.7000000000608861,6256669871.785317,6256.669871785318,0.9024264418116482,0.5772494396413704
SRI3,B,1140,-0.0001182210869466831,45.71420964935976,0.0,0.7,4336061809.148187,4336.0618091481865,0.877930764578219,0.605809940584196
SRI3,B,1144,-1.98288089573597,0.0,-1.6991857286404843,0.9747762465932613,21531726.985486276,21.531726985486277,0.7577738641619526,0.6100348667591704
SRI3,B,1145,0.0,96.71359945619145,0.0,0.7,4964352818.944254,4964.352818944254,0.8827605222898212,0.6005799267086492
SRI3,B,1147,0.0,181.44807534745632,0.0,0.7,5585234877.9864,5585.2348779864,0.8905077027075107,0.5919521827302807
SRI3,B,1148,-1.4015975924297295,434.9324911311814,-0.004635325096569432,0.7,6612310171.233176,6612.310171233176,0.8918152061763974,0.5935621019674814
SRI3,B,1149,-3.472775849313161,0.0,-0.8318888625144607,0.952535906391111,107891315.31257161,107.89131531257162,0.7669886505141069,0.6100348667591704
SRI3,B,1152,-2.4377035010693833,0.0,-0.774712814294547,0.7465543194081632,598836210.7118735,598.8362107118735,0.8273383854555805,0.6100348667591704
SRI3,B,1154,-0.00761793004284623,156.10296925747002,0.0,0.7000015097700705,5428224586.801612,5428.224586801612,0.888123954886683,0.5945138221795282
SRI3,B,1157,-3.883309243156785,0.0,-0.6768398304309637,0.8856343035822403,290053571.1725225,290.0535711725225,0.7884779592272387,0.6100348667591704
SRI3,B,1159,-4.0,0.0,-0.14199302457947194,0.7008613594344029,1021306405.4500223,1021.3064054500223,0.8681467250151208,0.6100348667591704
SRI3,B,1160,0.0,905.8911308876443,0.0,0.7,7665407349.326618,7665.407349326618,0.9288166648877504,0.5069021951826946
SRI3,B,1165,-0.4152279113578081,0.0,-1.4876255731768033,0.8245835720153021,201303941.9737495,201.3039419737495,0.7794855374106094,0.6100348667591704
SRI3,B,1166,-0.9878884491016828,251.84644196736895,0.0,0.7002664260330438,5945386650.449831,5945.386650449831,0.8891468317500979,0.5960259010210978
SRI3,B,1169,0.0,599.6602246506158,0.0,0.7,7053764983.099995,7053.764983099994,0.9175472302273455,0.5458782509695093
SRI3,B,1170,-1.228342468063067,0.0,-1.4838044928680052,0.8053699873134944,224645915.20940402,224.64591520940402,0.7829010566762727,0.6100348667591704
SRI3,B,1171,-4.0,0.0,-0.8935724184750792,0.8133991154774596,404145450.86224174,404.1454508622418,0.8037944284341978,0.6100348667591704
SRI3,B,1172,0.0,11.602135832039039,0.0,0.7000044538790169,3438526642.5565853,3438.526642556585,0.8740082541715588,0.6089319386629666
SRI3,B,1174,-0.002345954066826722,0.0,-1.6194257823795608,0.8791545284630624,115389470.64564572,115.38947064564572,0.7684117835414666,0.6100348667591704
SRI3,B,1178,-1.267214047086242,211.48311759146932,0.0,0.7,5749838287.814821,5749.838287814821,0.8842281282242859,0.600820080407016
SRI3,B,1179,-2.052009874501268,251.84644196736895,0.0,0.7002664260330438,5944621286.14615,5944.62128614615,0.8781531291137439,0.6061301455153519
SRI3,B,1181,-1.7750859457381232,0.0,-0.757287466073556,0.7038534604311734,707986418.7067981,707.9864187067981,0.8400398477247661,0.6100348667591704
SRI3,B,1182,-0.139794573530848,0.0,-0.9014493727354171,0.8632898368854096,294296631.0774727,294.2966310774727,0.7896164656491265,0.6100348667591704
SRI3,B,1183,-0.0051654158341430945,87.99477449367336,0.0,0.7002664260330438,4877892995.9426,4877.8929959426005,0.8817910129149323,0.6014693848507491
SRI3,B,1186,0.0,796.0145922593456,0.0,0.7002682134066218,7466275497.771966,7466.275497771966,0.9253210943892979,0.521444835806027
SRI3,B,1187,0.0,465.7879254691389,0.0,0.7,6707713607.544603,6707.713607544603,0.9111253424413848,0.5613548226420464
SRI3,B,1188,0.0,0.0,-0.2854327508378668,0.7,953495148.7663114,953.4951487663114,0.8631924431636248,0.6100348667591704
SRI3,B,1190,0.0,530.1091540594712,0.0,0.7,6882270987.754486,6882.270987754486,0.9141317109616821,0.5542124737609847
SRI3,B,1192,0.0,0.0,-0.5540064021764675,0.7008988723082081,821770969.5567642,821.7709695567643,0.8519407976660617,0.6100348667591704
SRI3,B,1193,0.0,836.2963711333866,0.0,0.7,7542181037.828256,7542.181037828255,0.9267353328352367,0.515992457394955
SRI3,B,1194,0.0,1054.152956736652,0.0,0.7,7905514471.3527,7905.514471352701,0.9327213861315686,0.48556409435371967
SRI3,B,1195,-0.03521295238517219,455.56791995406735,0.0,0.7,6678248368.158955,6678.248368158955,0.9102536734621268,0.5631871064147722
SRI3,B,1196,-0.008107127936324673,0.0,-0.199765836567683,0.7015315510768468,990763593.1257613,990.7635931257613,0.8659141850784501,0.6100348667591704
SRI3,B,1197,-0.0012594164946005681,377.5791606596084,0.0,0.7003564747347611,6434200214.018286,6434.200214018286,0.9059575906357847,0.5712100188565126
SRI3,B,1198,0.0,1286.3184978697789,0.0,0.7003673584974967,8232767243.826667,8232.767243826667,0.9381648699612195,0.44923862383036245
SRI3,B,1202,-3.149770860008772e-05,1077.503197665016,-0.0009502723172513155,0.7002795636811162,7939734844.835797,7939.734844835797,0.9332461664354074,0.4820418401110043
SRI3,B,1203,-0.024159148920038252,370.3604343323718,-0.005297350242737036,0.7000224272840769,6408362978.901989,6408.362978901989,0.9051748674707367,0.5724730494182944
SRI3,B,1206,-4.0,0.0,-0.7820224790474354,0.8907170223127744,256930882.925536,256.930882925536,0.7848400754260507,0.6100348667591704
SRI3,B,1209,0.0,2008.5052305852307,-0.00017776569522970527,0.7000053223988335,9028186559.326939,9028.18655932694,0.9485448464795246,0.34043120930728993
SRI3,B,1215,0.0,170.38432412556938,0.0,0.7,5518896127.136753,5518.896127136753,0.8894670366812538,0.5930728999893264
SRI3,B,1216,0.0,1240.0456979265543,0.0,0.7,8172415582.491143,8172.415582491143,0.9372042551677517,0.4569858042480521
SRI3,B,1220,-0.37899580279598855,337.8549283747356,0.0,0.7008027667933132,6293333121.0104265,6293.333121010426,0.899980431920874,0.5813676308392927
SRI3,B,1221,-0.19765911923443924,0.0,-0.8027569260254509,0.7002437004859321,694340128.082419,694.340128082419,0.8387234496744581,0.6100348667591704
SRI3,B,1223,-0.02511817752477863,250.6892741772383,-0.005986492499624537,0.7,5939069005.752806,5939.069005752805,0.8961646564912655,0.5850855658732699
SRI3,B,1227,-0.00011581733137405433,1138.086076392605,0.0,0.7000006867116904,8030233820.196942,8030.233820196942,0.9348294019283452,0.473325150318426
SRI3,B,1232,0.0,858.4041065774786,0.0,0.7000900512692043,7581790268.3088,7581.7902683088,0.9275803180702317,0.5133240829686555
SRI3,B,1233,0.0,1541.2854675766428,0.0,0.700000360679087,8546365753.643725,8546.365753643726,0.9426032660902978,0.4076742448500373
SRI3,B,1234,-0.5909806725362814,0.0,-0.864921252801141,0.7002759308462745,663464899.663452,663.464899663452,0.8354591382929519,0.6100348667591704
SRI3,B,1238,0.0,32.105279247379315,0.0,0.7,4076266680.465967,4076.266680465967,0.8761607428754403,0.607117444053083
SRI3,B,1239,-0.04991413164712177,0.0,-2.5421744525763614,0.7970257040945705,41505954.5589873,41.5059545589873,0.760397765681147,0.6100348667591704
SRI3,B,1241,-0.102188734753351,341.3806655822673,-1.5646058626598028e-07,0.7003232029801264,6308217829.995353,6308.217829995353,0.9026310171843314,0.5769025509659517
SRI3,B,1243,0.0,671.8505481275662,0.0,0.7000236669057722,7216289742.723949,7216.2897427239495,0.9206603337246949,0.5375351335966129
SRI3,B,1245,0.0,393.5263265843864,-0.005086991052580221,0.7000118335004741,6485592528.189482,6485.5925281894815,0.9068559433593056,0.569333262176682
SRI3,B,1247,-0.5840015181844546,0.0,-0.034417493261451715,0.7000029552529179,1075472468.102984,1075.4724681029838,0.8716334009321522,0.6100348667591704
SRI3,B,1248,0.0,731.8232171861232,0.0,0.7,7341571058.426464,7341.571058426464,0.9230618707083645,0.5298768989931334
SRI3,B,1251,0.0,20.171453817321787,0.0,0.7000009833311358,3766000027.0761933,3766.0000270761934,0.8748888177322376,0.6081670046607607
SRI3,B,1253,0.0,402.5084426013136,0.0,0.7,6516964989.841907,6516.964989841907,0.9076119827800903,0.5683370690575301
SRI3,B,1258,-0.37899580279598855,185.68784619242456,0.0,0.700027491038462,5609462566.193015,5609.462566193015,0.8889778347030989,0.5945049275981071
SRI3,B,1262,-0.05134579139421375,0.0,-2.2846538058545445,0.794031610429611,65489651.76419156,65.48965176419156,0.7630216672003415,0.6100348667591704
SRI3,B,1263,-0.5831142740715947,0.0,-0.3160431299646208,0.7037630001296079,928250420.5398595,928.2504205398595,0.860995481552638,0.6100348667591704
SRI3,B,1266,-0.005553164194875872,336.7876644843675,0.0,0.7000090178546722,6292824043.774669,6292.824043774669,0.9033425836980112,0.5758440957768527
SRI3,B,1267,-0.05000547607951952,737.2638753003589,0.0,0.70000122384233,7352367530.843488,7352.367530843488,0.9227950332657345,0.5308641975308642
SRI3,B,1268,-0.11742423329284057,0.0,-0.4643388584634658,0.7003259911638866,868354187.3252295,868.3541873252295,0.8561212509339311,0.6100348667591704
SRI3,B,1275,-0.5212355013857933,0.0,-0.2566696203287562,0.7,967198611.5488784,967.1986115488784,0.8643754224926175,0.6100348667591704
SRI3,B,1276,-0.0727610150299895,203.256305118169,0.0,0.7,5707355645.144542,5707.355645144542,0.8918329953392394,0.5903956309816061
SRI3,B,1280,-2.9392369727349497,0.0,-0.5017702268901796,0.7004652492180006,849495704.3874776,849.4957043874776,0.8545380154409934,0.6100348667591704
SRI3,B,1284,0.0,206.96933260157016,0.0,0.7,5727200853.685321,5727.200853685321,0.8926601914113923,0.5892927028854024
SRI3,B,1285,-0.07926085976566158,330.2762251705851,0.0,0.7002726360287356,6267821590.78717,6267.821590787171,0.9022129718575443,0.5778275874337354
SRI3,B,1288,-7.730324120157633e-05,749.9983116480287,-6.013945531049966e-05,0.7,7377971032.383093,7377.971032383093,0.9236667022449924,0.5274042053580958
SRI3,B,1289,-0.005918370571400544,1670.4062853261694,0.0,0.7,8689496603.425596,8689.496603425596,0.9443821823744976,0.38734123172163526
SRI3,B,1290,-1.5539718726239726e-05,256.7030866858819,0.0,0.7000000001166329,5969368565.438524,5969.3685654385245,0.8971163767033123,0.5841249510798022
SRI3,B,1292,0.0,44.28882774526596,0.0,0.7002692687336447,4310901678.556586,4310.901678556586,0.877557192158537,0.605987832212616
SRI3,B,1294,-0.03577089145100398,0.0,-0.8941455663367778,0.7047284729719304,639354907.8558218,639.3549078558218,0.8329775500764933,0.6100348667591704
SRI3,B,1295,-0.026870988770685,116.06831763202592,0.0,0.700849220668565,5131827295.150373,5131.827295150373,0.8841213932472337,0.5988721670758174
SRI3,B,1298,-0.004063861925496754,300.9164041992239,0.0,0.7,6156146038.605749,6156.146038605749,0.9005852634575017,0.579535347066567
SRI3,B,1302,-1.9016981422623724,398.06911682320487,0.0,0.700091390739177,6499473438.19486,6499.47343819486,0.8825559469171382,0.6025545237841107
SRI3,B,1304,-1.0114684712634117,319.7922040987276,-0.016733059604316966,0.7001869902610903,6220006561.268,6220.006561268,0.8917440495250295,0.5925925925925926
SRI3,B,1307,-0.05178828007667905,352.90609489820497,-2.527351181916607e-06,0.7000001216389594,6350682262.139268,6350.682262139268,0.90413420144448,0.574874586401964
SRI3,B,1309,0.0,419.9286146135834,0.0,0.7000009897339521,6571616707.473756,6571.616707473756,0.908625965062084,0.5663713665634895
SRI3,B,1313,-3.70113012415239e-06,0.0,-0.6403172147763233,0.7000120151762869,781017754.9438891,781.0177549438891,0.8478848685380868,0.6100348667591704
SRI3,B,1315,-0.005583180149887443,1766.0992227764468,-7.012294160196799e-05,0.7002433652411058,8789421241.607178,8789.421241607177,0.9454584267264381,0.3732611093321949
SRI3,B,1319,-0.007350707569048487,1817.121578787613,0.0,0.7000825904411387,8842034727.940544,8842.034727940543,0.946063258263066,0.3661009712882912
SRI3,B,1321,0.0,1253.690042707129,0.0,0.7000005100655632,8190816234.093698,8190.816234093698,0.9375689330060127,0.45476215889280264
SRI3,B,1322,0.0,286.74060263020704,0.0,0.7,6098653627.62069,6098.653627620691,0.8995712811755078,0.5810741096523998
SRI3,B,1324,-0.00026396047341275056,1726.1972331366321,0.0,0.7002664260330438,8747833442.666946,8747.833442666946,0.9451471163767032,0.3784377557192159
SRI3,B,1326,-0.0005776782834812227,1577.1655641441814,-0.000105330324692882,0.7007688908996745,8584226082.323195,8584.226082323195,0.9430924680684526,0.40222186643896546
SRI3,B,1330,-4.967834018908095e-05,2076.796930392341,-0.0019213015131258212,0.7,9090407540.883858,9090.407540883858,0.9492564129932044,0.33300423382075633
SRI3,B,1333,0.0,951.7707833063041,-2.5444677342574074e-06,0.7000776485861298,7742410120.457784,7742.410120457784,0.9301152737752161,0.5005781477923649
SRI3,B,1335,-0.37397021642046435,172.2944774017227,-0.008754356401474594,0.7000283547722682,5525961373.302296,5525.961373302296,0.8876614366527911,0.5956434340199949
SRI3,B,1337,0.0,1387.6357608964527,0.0,0.7,8363326257.666177,8363.326257666176,0.9400060483153662,0.43275696445725265
SRI3,B,1344,-0.03160454019907433,482.4815927310197,0.0,0.7,6754640188.360398,6754.6401883603985,0.9116945956523287,0.5603764186857366
SRI3,B,1346,0.0,1353.3244540782473,0.0,0.7,8320387681.555858,8320.387681555858,0.9394367951044222,0.4384317074038496
SRI3,B,1348,0.0,55.456062764713884,-2.255617512741804e-05,0.7,4487560507.855564,4487.5605078555645,0.8789002739531077,0.6048048528836233
SRI3,B,1350,-0.025397762445285466,0.0,-8.814481155987573e-08,0.9870199593591785,47337260.43728775,47.337260437287746,0.7604956060767779,0.6100348667591704
SRI3,B,1352,0.0,139.1109995982397,0.0,0.7,5311706572.048315,5311.706572048315,0.8867719785106914,0.5962482655566228
SRI3,B,1360,-4.0,0.0,-1.6482991561406055,0.7961136335859261,186922138.21557653,186.92213821557652,0.7779378802433556,0.6100348667591704
SRI3,B,1363,0.0,0.0,-0.11609602101767381,0.7,1035972979.3905035,1035.9729793905035,0.8691073398085886,0.6100348667591704
SRI3,B,1370,-0.005713124647768785,548.3380047374656,-6.562165941663514e-07,0.7000348956464726,6928652158.478011,6928.652158478011,0.9148254883125199,0.5520866688013663
SRI3,B,1371,0.0,1455.5757285468674,0.0,0.7,8446110835.331399,8446.1108353314,0.9411890276443591,0.42151421354111074
SRI3,B,1374,-0.0002720037689602664,0.0,-0.2964321626127442,0.7033312248787673,937859472.6373156,937.8594726373157,0.861795993880528,0.6100348667591704
SRI3,B,1375,-0.2929544087668188,348.22585194624264,-1.6727131654991953e-05,0.7000048285988962,6333704994.776116,6333.704994776116,0.9015369836695486,0.5794108229266731
SRI3,B,1376,-0.0005467809629041975,232.80827822355195,-1.6687285270997937e-05,0.7,5857929072.601719,5857.929072601719,0.8950884121393247,0.5865442772263137
SRI3,B,1379,-0.009932353495490043,97.481287827192,-2.4047487775144313e-05,0.7000888118475111,4971268149.108058,4971.268149108058,0.8827605222898212,0.6005977158714911
SRI3,B,1380,-0.0002488830288825039,1422.0739622809137,0.0,0.7,8405703138.924353,8405.703138924353,0.9405841961077311,0.42697548653360373
SRI3,B,1381,0.0,434.4721673927609,-0.0002602534407729957,0.700000005539091,6615880291.3219185,6615.880291321919,0.9094531611342369,0.5648414985590778
SRI3,B,1385,0.0,375.33541889163035,0.0,0.7,6427970680.023843,6427.970680023843,0.9058686448215746,0.5715035400434055
SRI3,B,1386,0.0,297.872999938641,0.0,0.7,6143990929.014189,6143.990929014189,0.9003717935033977,0.579891130323407
SRI3,B,1392,0.0,657.0300680922625,0.0,0.7,7184119215.949566,7184.119215949566,0.9200643967694879,0.5392784715551286
SRI3,B,1394,0.0,600.9946957387272,0.0,0.7,7056905817.084876,7056.905817084876,0.9175917031344505,0.5457981997367204
SRI3,B,1398,-0.0020187968728780786,242.85316917646054,0.0,0.7,5905814203.343127,5905.814203343128,0.8958800298857936,0.585512505781478
SRI3,B,1402,0.0,345.66766104976904,0.0,0.7,6325039654.067961,6325.03965406796,0.904080833955954,0.57492795389049
SRI3,B,1403,0.0,1525.0410339017508,0.0,0.7,8527680411.919315,8527.680411919315,0.9423275340662468,0.4103248301134949
SRI3,B,1407,0.0,732.4756771388553,0.0,0.7,7342889436.583831,7342.8894365838305,0.9230796598712065,0.5297879531789234
SRI3,B,1408,-1.8411085835155845,0.0,0.0,0.9965920198111775,12527778.450870506,12.527778450870507,0.7567687764613799,0.6100348667591704
SRI3,B,1413,-3.9327168802945707,0.0,-0.4834198023920554,0.7005023936069265,858581292.6448647,858.5812926448647,0.8552673711175152,0.6100348667591704
SRI3,B,1414,-0.735829173400091,0.0,-1.1630817837863265,0.8817468420189497,200279656.41284984,200.27965641284985,0.7787383925712456,0.6100348667591704
SRI3,B,1415,0.0,755.6836361363005,0.0,0.7,7389233719.395961,7389.233719395961,0.9239157505247804,0.526612587611627
SRI3,B,1416,-0.18823922245611713,0.0,-1.1731978280024393,0.8465212555049183,257133345.4042887,257.1333454042887,0.7861475788949372,0.6100348667591704
SRI3,B,1419,0.0,32.286832921273685,0.0,0.7000071869935208,4080218044.1717134,4080.2180441717132,0.8761785320382823,0.6070907603088199
SRI3,B,1420,0.0,85.85659443219794,0.0,0.7,4856921751.413909,4856.921751413909,0.8816486996121962,0.6017540114562209
SRI3,B,1422,0.0,2006.9429372849638,0.0,0.7002538897812025,9025842691.083109,9025.84269108311,0.9485181627352617,0.3406357846799729
SRI3,B,1429,-1.7984441550910577,575.9706616688466,0.0,0.700780756081458,6990065978.104612,6990.065978104612,0.8871099726046893,0.5967819404418827
SRI3,B,1432,0.0,1712.7357817051782,0.0,0.7,8734666569.29351,8734.666569293511,0.9450403813996512,0.38052798235315055
SRI3,B,1434,-0.8814836712664361,0.0,-1.6412927959210455,0.8519556191773139,137167571.2620471,137.16757126204712,0.771489308713132,0.6100348667591704
SRI3,B,1438,0.0,925.4518582195795,0.0,0.7,7698719622.360203,7698.719622360203,0.9294392855872202,0.5043049774077633
SRI3,B,1441,-4.371148981239647e-06,687.758687236775,0.0,0.7,7250370423.988446,7250.370423988446,0.9213452164941118,0.5353559611484684
SRI3,B,1443,-0.05358744571030388,135.30968006465483,0.0,0.7,5284155778.04911,5284.15577804911,0.8861582523926427,0.5969331483260397
SRI3,B,1449,0.0,1166.2255159945275,0.0,0.7000165116886857,8070347948.33563,8070.3479483356305,0.9354876009534991,0.4689312270964529
SRI3,B,1451,0.0,389.8269584980307,0.0,0.7003217602912323,6474840683.561842,6474.840683561842,0.9068025758707793,0.5697868858291529
SRI3,B,1452,-0.7464796455452403,116.4892634271165,0.0,0.7,5138086025.874336,5138.086025874336,0.8818799587291422,0.6023766321556908
SRI3,B,1456,0.0,1139.921473729056,0.0,0.7,8032875997.407646,8032.8759974076465,0.9348916639982923,0.473067207457217
SRI3,B,1457,0.0,419.0474084722321,0.0,0.7,6568897497.577331,6568.897497577331,0.9085814921549792,0.5664336286334364
SRI3,B,1458,-1.8594295007812183,493.5037624434218,-0.005764730612443314,0.7000232041789052,6778510385.184628,6778.510385184628,0.8846728572953357,0.6002775109403352
SRI3,B,1466,0.0,156.9584287499593,0.0,0.7,5433839636.634986,5433.839636634986,0.8882840573522609,0.5943981926210552
SRI3,B,1472,0.0,583.7424807567581,0.0,0.7,7015900385.3399725,7015.900385339973,0.9167734016437187,0.547852848044971
SRI3,B,1474,-0.7340694461516087,0.0,-1.1896754560506477,0.9071115638703551,152804841.2454185,152.8048412454185,0.7728857579962288,0.6100348667591704
SRI3,B,1476,-0.06057726289645402,0.0,-0.312783471839901,0.7,941776779.4549049,941.776779454905,0.8624275091614189,0.6100348667591704
SRI3,B,1477,0.0,435.93545696575535,0.0,0.7,6620343371.966082,6620.343371966082,0.9095687906927099,0.5646813960934998
SRI3,B,1478,-0.05138415335094211,0.0,-0.02683363220253451,0.7,1078494455.4832218,1078.4944554832218,0.8718824492119401,0.6100348667591704
SRI3,B,1479,0.0,1110.6886265887365,0.0,0.7,7990322285.66135,7990.32228566135,0.9342512541359802,0.4772476607250863
SRI3,B,1480,0.0,312.10503809924825,0.0,0.7,6200085306.390725,6200.085306390725,0.9015369836695485,0.5784591027146263
SRI3,B,1483,-2.5981234827901742,0.0,-0.9015087758568523,0.8744776660833405,270209671.4474453,270.20967144744526,0.786334365104778,0.6100348667591704
SRI3,B,1486,0.0,1392.545378661111,0.0,0.7,8369399836.5361595,8369.39983653616,0.9401127832924182,0.4318941900594159
SRI3,B,1488,0.0,1077.3276474861286,0.0,0.7,7940729597.353559,7940.729597353558,0.9332817447610915,0.4820863130181094
SRI3,B,1489,0.0,121.44305469538035,0.0,0.7,5178409922.187493,5178.409922187493,0.8849219055751236,0.5981339168178746
SRI3,B,1490,-4.0,0.0,-1.4417303889969615,0.9332460104139165,81347541.56314732,81.34754156314732,0.7644448002277014,0.6100348667591704
SRI3,B,1495,-0.008669645104437587,953.6053234137607,0.0,0.70001430040877,7745639525.422782,7745.639525422782,0.9299551713096382,0.5006137261180489
SRI3,B,1499,-3.649607243439542,0.0,-0.3899892295085584,0.7003656983301291,904292030.5680585,904.2920305680585,0.8593677731525953,0.6100348667591704
SRI3,B,1506,-0.01307543594758572,143.13882716073164,0.0,0.7,5340276911.123916,5340.276911123916,0.8870743942790055,0.5959191660440459
SRI3,B,1509,0.0,255.13589987389824,-0.0012020179821206354,0.7,5961876239.783256,5961.876239783255,0.8969651688191553,0.5842939481268011
SRI3,B,1511,-0.02636151009856924,0.0,-0.2728101375411609,0.7009844034317138,955740161.5860795,955.7401615860795,0.8633258618849398,0.6100348667591704
SRI3,B,1517,0.0,890.2461547773,0.0,0.7,7638347611.929547,7638.347611929547,0.9283808303981216,0.5090368947237343
SRI3,B,1521,0.0,68.08671243500066,0.0,0.7,4656197394.108327,4656.197394108327,0.8801455153520477,0.6034617710890525
SRI3,B,1526,0.0,406.62460195754306,-0.0028831985749227964,0.7003537358325495,6527325590.688602,6527.3255906886025,0.9076297719429325,0.5678745508236381
SRI3,B,1530,0.0,110.57571988015933,0.0,0.7,5088876030.308493,5088.876030308493,0.883925712455972,0.5992012665883943
SRI3,B,1537,-4.0,0.0,-0.20010693680067534,0.7,995667071.7614852,995.6670717614852,0.866456754545131,0.6100348667591704
SRI3,B,1538,-4.0,0.0,-0.24392054571600724,0.7,973843868.4469427,973.8438684469427,0.8647756786565625,0.6100348667591704
SRI3,B,1543,-4.988748852072537e-05,285.1515766425772,0.0,0.7001481004530651,6091536974.888488,6091.536974888488,0.8994022841285089,0.5811897392108728
SRI3,B,1548,0.0,1669.0312040288584,0.0,0.7,8688064330.778343,8688.064330778343,0.9445778631657594,0.38731454797737225
SRI3,B,1550,0.0,510.6871349392819,0.0,0.7,6831330244.230219,6831.330244230219,0.9132778311452664,0.5563560678834454
SRI3,B,1551,-2.071969853946648,0.0,-0.4233259249523407,0.7,889625422.2394658,889.6254222394658,0.8583271071263385,0.6100348667591704
SRI3,B,1553,0.0,713.5776752359902,0.0,0.7003334044964535,7303084864.1574955,7303.084864157496,0.9222880421247376,0.531833706905753
SRI3,B,1554,0.0,0.0,-0.7694249590703517,0.7,711345369.298841,711.345369298841,0.8405112605400791,0.6100348667591704
SRI3,B,1558,0.0,1876.7756119454102,-0.005760763633168298,0.7001594110565186,8898433090.845762,8898.433090845761,0.94689934891664,0.356681609563454
SRI3,B,1560,-2.007777947967603,435.93545696575535,0.0,0.7,6617056716.52819,6617.05671652819,0.8821112178460881,0.6030793040879497
SRI3,B,1566,0.0,13.213764216832487,0.0,0.7,3511752758.632308,3511.752758632308,0.8741861457999787,0.6088074145230726
SRI3,B,1568,0.0,322.01970053236414,0.0,0.7,6238023900.058793,6238.0239000587935,0.9022841285089124,0.5773650691998434
SRI3,B,1571,0.0,451.1897101388513,-6.619027874221837e-05,0.7005769429441138,6663449917.503417,6663.449917503417,0.910226989717864,0.5628313231579322
SRI3,B,1572,0.0,272.5074176147459,-0.0011595061506856981,0.700004508686415,6038285586.771932,6038.285586771932,0.898477247660725,0.5824527697726544
SRI3,B,1575,0.0,58.0410646835129,0.0,0.7,4524290160.34394,4524.2901603439395,0.8791048493257908,0.6045824883480985
SRI3,B,1578,0.0,77.45390418113391,0.0,0.7,4766401847.636462,4766.401847636463,0.8809727114242006,0.6025901021097946
SRI3,B,1580,-2.073006865893515,0.0,-0.4597825821344254,0.7,871384920.2973131,871.3849202973131,0.856432561283666,0.6100348667591704
SRI3,B,1581,-0.0038888904714186696,1451.8830339090978,0.0,0.7001921164136526,8440969198.906275,8440.969198906274,0.940993346853097,0.4222257800547907
SRI3,B,1586,-5.5430508605864e-05,570.3524700892215,-0.0004736284216728011,0.7,6983356422.945898,6983.356422945898,0.9160084676415127,0.5493471377236988
SRI3,B,1588,0.0,639.3163494076897,-0.0049619844512039935,0.7,7142485941.316728,7142.485941316728,0.9191571494645461,0.5413686981890632
SRI3,B,1591,-2.1296692145693554,297.872999938641,0.0,0.7,6141829532.948304,6141.829532948304,0.8785178069520048,0.606174618422457
SRI3,B,1593,0.0,999.2400457817686,-0.0012683619668598656,0.7,7819450720.818833,7819.450720818833,0.931360515174156,0.49390721172661617
SRI3,B,1594,0.0,235.60233369521154,0.0,0.7000277633754863,5871295848.218693,5871.295848218693,0.8952663037677447,0.5861973885508948
SRI3,B,1596,0.0,193.9315010999359,0.0,0.7,5656463509.923683,5656.463509923683,0.8915572633151884,0.590591311772868
SRI3,B,1599,-0.47978240453554627,284.5004494131472,0.0,0.7000623304535071,6088535856.243574,6088.535856243574,0.8956131924431636,0.5872024762514676
SRI3,B,1600,0.0,1627.3786343869954,0.0,0.7,8642754841.061602,8642.754841061602,0.9439018749777633,0.393869854484648
SRI3,B,1602,0.0,617.1957794658574,0.0,0.7,7094570648.415186,7094.570648415186,0.9183477425552353,0.5441349130109936
SRI3,B,1603,0.0,191.39737977023026,-0.020356437368608125,0.7,5632656127.2854,5632.6561272854005,0.8907834347315615,0.590813676308393
SRI3,B,1608,-0.9919164807051226,372.2164379543495,-9.404405596048467e-06,0.7,6415835377.93136,6415.83537793136,0.895248514604903,0.5892393353968762
SRI3,B,1610,-0.7936108399258206,151.94454827981485,-0.0066807814092595345,0.7000000011935966,5396920388.161513,5396.920388161513,0.883756715408973,0.6001085138933362
SRI3,B,1615,0.0,1371.8519014434642,0.0,0.7000002328171119,8343667603.19706,8343.66760319706,0.9397303162913153,0.4354164443021311
SRI3,B,1617,0.0,1580.2071427521055,0.0,0.7,8590447863.49882,8590.447863498819,0.9433059380225566,0.40183939943786245
SRI3,B,1619,0.0,208.40480271266665,0.0,0.7,5734762888.0687,5734.7628880687,0.8927936101327072,0.5891326004198243
SRI3,B,1622,0.0,1936.90102268745,-0.00030912706628071754,0.7000277633754863,8960255999.642405,8960.255999642404,0.9478154908030028,0.34905005870423733
SRI3,B,1624,-4.0,0.0,-0.7629955113169017,0.7369189305071033,626561899.9292341,626.5618999292342,0.830602696837087,0.6100348667591704
SRI3,B,1625,-4.296398315491961e-07,1313.3450932347898,0.0,0.700004826659174,8269301534.079488,8269.301534079488,0.9386985448464796,0.4451560109581244
SRI3,B,1626,-0.6347094856893223,0.0,-0.3704587655977436,0.7000045369983694,914535295.3776771,914.5352953776771,0.8602127583875903,0.6100348667591704
SRI3,B,1628,0.0,1023.9077346665613,0.0,0.7000015266854752,7858787280.1281395,7858.787280128139,0.9319831358736257,0.4900291742270608
SRI6,B,0,0.0,942.2381508066575,0.0,0.7,7732257242.355991,7732.257242355991,0.9277582096986515,0.5026505852634574
SRI6,B,1,0.0,574.4782511864397,0.0,0.7,6998756248.195381,6998.756248195381,0.9142295513573131,0.5491425623510159
SRI6,B,3,-1.5113629418838932,346.8389165470043,0.0,0.7,6331803789.045214,6331.803789045213,0.8836855587576048,0.6010513395239618
SRI6,B,4,0.0,491.7673020302659,0.0,0.7,6785503681.111366,6785.503681111366,0.9103604084391785,0.5588465506813249
SRI6,B,5,-1.14787056044393,521.2152749122865,0.0,0.7,6861412616.536934,6861.4126165369335,0.8957644003273205,0.5874070516241505
SRI6,B,9,0.0,842.3847848165549,0.0,0.7,7558618835.276677,7558.618835276677,0.924778524922617,0.5158323549293771
SRI6,B,12,-1.4594380950995,517.3024504593938,0.0,0.7,6850427008.316558,6850.4270083165575,0.8897783470309887,0.5948251325292632
SRI6,B,14,0.0,337.06766961447795,0.0,0.7,6298947167.355038,6298.947167355038,0.9010655708542357,0.5758796741025368
SRI6,B,16,-1.0926626587968,272.13209280095344,0.0,0.7,6040709386.495982,6040.7093864959825,0.8863895115095883,0.5974223503041948
SRI6,B,18,-1.0882430358529658,0.0,-0.6888380313033329,0.7091196735507795,741178263.4193335,741.1782634193335,0.8396040132351372,0.6100348667591704
SRI6,B,21,-3.300832555205315,0.0,0.0,0.706690554332868,1071267110.3972329,1071.267110397233,0.8679510442238588,0.6100348667591704
SRI6,B,22,-2.5963137155855804,730.6879908108046,0.0,0.7,7338223935.933751,7338.223935933751,0.8758138542000212,0.6082381613121287
SRI6,B,23,0.0,1072.9524973011366,0.0,0.7000991609394548,7939171093.955797,7939.171093955797,0.9310936777315261,0.48351834062689014
SRI6,B,24,0.0,398.89657750962897,0.0,0.7,6510525011.0207815,6510.525011020782,0.9050948162379479,0.568835165617106
SRI6,B,29,0.0,869.7497087527574,-1.4497294948538155e-08,0.7,7607730814.929755,7607.730814929755,0.9257213505532428,0.5123634681751876
SRI6,B,31,-1.6741364248445474,432.1386304057311,0.0,0.7000022247554352,6610704175.543305,6610.704175543306,0.8836055075248157,0.601700643967695
SRI6,B,32,-0.005168124519358219,370.011771223492,0.0,0.7000598688484327,6414822334.682002,6414.822334682002,0.9031646920695912,0.5722595794641904
SRI6,B,33,0.0,821.0008458283266,-4.489442559959793e-06,0.7,7519385884.315393,7519.385884315393,0.9239958017575693,0.5187053047283595
SRI6,B,34,-0.35766511476658086,0.0,-1.0116365383019936,0.8806108021365038,238260483.79139906,238.26048379139905,0.7813978724161242,0.6100348667591704
SRI6,B,35,0.0,896.5145688495865,0.0,0.7,7654627243.584735,7654.627243584735,0.9264151279040808,0.5088945814209983
SRI6,B,37,-2.88085608715474,0.0,-1.2041170106279004,0.8831049749588372,196259189.62905362,196.25918962905362,0.7772352083110967,0.6100348667591704
SRI6,B,38,0.0,1385.5340083104022,0.0,0.7,8366338198.835941,8366.338198835942,0.9381292916355356,0.43465151029992527
SRI6,B,42,-0.655081126596623,474.1370928859267,0.0,0.7000153217981273,6734831985.232154,6734.831985232154,0.9010833600170776,0.5776763795495784
SRI6,B,44,0.0,1144.0779963622442,0.0,0.7,8044302887.207606,8044.302887207607,0.9329971181556196,0.473307361155584
SRI6,B,46,-0.03219115594433419,26.222372496396872,-8.925884887980764e-05,0.7000991609394548,3941228881.5656013,3941.2288815656016,0.8733411605649836,0.6076422243569218
SRI6,B,48,-1.4168566962863614,0.0,-0.9565709189022484,0.9508402839958041,102962928.43241102,102.96292843241102,0.7660191411392179,0.6100348667591704
SRI6,B,51,0.0,805.4768564333748,0.0,0.7,7490442901.756343,7490.4429017563425,0.9234977051979935,0.5206976909666631
SRI6,B,52,0.0,166.74263304354693,0.0,0.7,5501200121.995065,5501.200121995064,0.8867541893478493,0.5931974241292205
SRI6,B,54,-0.6996716313166573,0.0,0.0,0.9508449461268009,179643074.2130586,179.64307421305858,0.7737930053011707,0.6100348667591704
SRI6,B,55,0.0,925.6626842137573,-0.0050145078806836385,0.7,7702204511.064756,7702.204511064757,0.9271978510691286,0.5049009143629701
SRI6,B,57,-1.2611380459754478,0.0,-0.9265624636973508,0.8589771877935314,302209725.3986196,302.2097253986196,0.7888515316469208,0.6100348667591704
SRI6,B,60,-1.8123485272411128,421.5512309819003,0.0,0.7000298312488881,6578273792.061653,6578.273792061653,0.8814085459138292,0.6034439819262106
SRI6,B,62,-2.954645557848648,0.0,-0.41926980967375194,0.7,896078723.2270383,896.0787232270383,0.8542089159284165,0.6100348667591704
SRI6,B,63,0.0,119.23071176125362,0.0,0.7000657760734275,5165259312.766219,5165.259312766219,0.8824581065215072,0.5981606005621377
SRI6,B,69,0.0,1554.3157012348574,0.0,0.7,8566810015.276338,8566.810015276338,0.9410467143416231,0.4068915216849895
SRI6,B,71,-1.2333882650444776,476.90151958380653,-0.0001281963984974088,0.7,6741311306.1956215,6741.311306195622,0.8928647667840751,0.5911605649838119
SRI6,B,76,-0.005108067667603614,353.979565246872,-2.8161185156640734e-06,0.7001091076238414,6359198604.834899,6359.198604834899,0.9021951826947023,0.574163019888284
SRI6,B,78,-0.6885456511966288,322.83888724022717,-1.1834855160784664e-05,0.7001007428787188,6244642106.110492,6244.642106110492,0.893425125413598,0.5888479738143522
SRI6,B,81,0.0,61.931439372606405,-0.0002511801226888384,0.7,4581876966.385547,4581.876966385546,0.8772725655530651,0.6040577080442595
SRI6,B,83,0.0,37.03256086584417,0.0,0.7,4183321721.3427715,4183.3217213427715,0.8744174049169244,0.606637136656349
SRI6,B,86,-0.3831144622959438,0.0,-1.0867886172785188,0.7009692546144297,559270810.6489741,559.270810648974,0.8201782474116769,0.6100348667591704
SRI6,B,87,-1.47417459993091,0.0,-0.9271978239256905,0.8868600930327726,242341487.22196496,242.34148722196497,0.781753655672964,0.6100348667591704
SRI6,B,91,-0.003622479009235152,0.0,-1.0677126395796783,0.7000431952686912,570728507.915671,570.728507915671,0.8213612267406696,0.6100348667591704
SRI6,B,94,0.0,320.63152935035157,0.0,0.7004027097597613,6236331013.585863,6236.331013585863,0.899615754082613,0.5774984879211584
SRI6,B,95,-1.3800285172984654,143.92679305473817,0.0,0.7,5349763855.866414,5349.763855866414,0.8772191980645391,0.6052406873732522
SRI6,B,98,0.0,970.5178844056536,0.0,0.7,7778913174.876614,7778.913174876614,0.9284697762123314,0.4987369694382182
SRI6,B,99,0.0,476.7168746587108,-3.396471184522141e-11,0.7003039980249448,6742648228.752876,6742.648228752876,0.909533212367026,0.5604386807556836
SRI6,B,100,0.0,682.8465543256373,-1.9103803678479676e-09,0.7,7245183468.727058,7245.183468727058,0.9190593090689153,0.5363432596861992
SRI6,B,101,0.0,445.48995850199276,-0.0001257650591257823,0.7,6653903920.501339,6653.903920501339,0.9079232931298252,0.563427260113139
SRI6,B,104,0.0,1021.2668524356012,0.0,0.7,7860049262.08518,7860.04926208518,0.9298395417511652,0.49122994271889564
SRI6,B,107,-0.0029034038929944828,630.1822012229504,-0.0004338409996359118,0.7001566642458414,7128751301.312797,7128.751301312796,0.9167467178994557,0.5427918312164229
SRI6,B,112,-1.48113089887264,0.0,-0.9839966801702097,0.8017735031998695,404644397.16759604,404.644397167596,0.8013839968691073,0.6100348667591704
SRI6,B,113,-0.0005657330631829941,779.4671219916756,0.0,0.7000000750957792,7440991334.666357,7440.991334666357,0.9225637741487885,0.5240509481623795
SRI6,B,114,0.0,1750.4898038642298,0.0,0.7,8779913471.390316,8779.913471390317,0.9437951400007115,0.3765698936208062
SRI6,B,115,0.0,646.1692225908316,0.0,0.7,7165357873.057665,7165.357873057665,0.9175828085530296,0.5407549720710144
SRI6,B,118,-6.427059805551825e-07,1052.4291291749037,-1.134040667224816e-06,0.7,7908320854.083227,7908.3208540832275,0.9305866865905291,0.4865424983100295
SRI6,B,120,0.0,515.8809782042822,0.0,0.700029606644241,6850210821.060673,6850.210821060673,0.9114099690468566,0.5560269683708684
SRI6,B,121,-1.012479620313192,0.0,-0.6657411010040962,0.7091196735507795,752151667.7030954,752.1516677030954,0.8405557334471839,0.6100348667591704
SRI6,B,122,-0.00017965394906774464,1424.1491382311365,-0.0004900854885429781,0.7,8413635976.754152,8413.635976754153,0.9387785960792684,0.4282740954210695
SRI6,B,125,-0.003563845746274774,214.47718276404933,0.0,0.7,5771347930.789406,5771.347930789406,0.8910858504998754,0.5881897747891984
SRI6,B,134,-0.5168427989224185,361.0427516908979,-0.005586972872331687,0.7001364922135478,6379971311.078552,6379.971311078552,0.8970719037962073,0.5833155441704913
SRI6,B,137,-0.075380656057917,84.01199498369698,0.0,0.7001064333556151,4841998753.054965,4841.998753054965,0.8790159035115807,0.6020475326431138
SRI6,B,138,0.0,252.0762637337706,0.0,0.7,5953441186.006724,5953.441186006724,0.8942256377414879,0.5844540505923792
SRI6,B,139,0.0,83.42863167273941,0.0,0.7000657761424173,4836015803.780265,4836.015803780265,0.8791849005585797,0.6018251681075889
SRI6,B,141,0.0,223.87056071581756,0.0,0.7,5818967310.652193,5818.967310652193,0.8918507845020811,0.5872113708328887
SRI6,B,143,0.0,1315.5622274112725,0.0,0.7000000556791928,8277815765.203609,8277.81576520361,0.9368573664923328,0.44633009570569615
SRI6,B,144,0.0,201.0803583485532,0.0,0.7,5700594705.139007,5700.594705139007,0.8898672928451987,0.5894439107695592
SRI6,B,147,0.0,536.623153401099,0.0,0.7,6904286541.753071,6904.286541753071,0.9124417404916925,0.553589853061515
SRI6,B,148,-0.5068400747864136,391.70365319082714,0.0,0.7006415447940316,6483817041.001941,6483.817041001941,0.8989130821503541,0.5806026968370868
SRI6,B,149,-2.58018870870934,0.0,-0.6342180605159802,0.7000279236638018,792173874.0898353,792.1738740898353,0.8442647738997401,0.6100348667591704
SRI6,B,151,0.0,754.7156002871343,0.0,0.7001696971234356,7392059780.024805,7392.059780024805,0.9216832105881098,0.5271284733340449
SRI6,B,153,0.0,105.97239127694638,0.0,0.7,5053707760.529069,5053.707760529069,0.8813373892624612,0.5995392606823923
SRI6,B,155,0.0,1514.993942977003,0.0,0.7,8521695433.622405,8521.695433622404,0.9403885153164692,0.4134023552851603
SRI6,B,160,-0.0068932109360808624,728.8128186160994,0.0,0.7,7340801733.738123,7340.8017337381225,0.920687017468958,0.5306596221581812
SRI6,B,163,-0.9522348952310765,0.0,-0.1604535041902131,0.7129073079881105,974940290.577136,974.940290577136,0.8601149179919593,0.6100348667591704
SRI6,B,164,-0.0028441836816572863,0.0,-0.47195805713452976,0.7000496922292875,870021609.6981959,870.0216096981959,0.8518429572704308,0.6100348667591704
SRI6,B,165,0.0,1165.6734131790001,0.0,0.7,8075120717.0297985,8075.1207170297985,0.9334685309709324,0.4699274202156047
SRI6,B,167,-0.03414139901094915,0.0,-0.8700699800439757,0.7000016032805244,671298680.5947776,671.2986805947776,0.8318924111431316,0.6100348667591704
SRI6,B,168,-1.9813604069502053,194.46523126412677,0.0,0.7,5662824902.990923,5662.824902990923,0.8745241398939767,0.6078379051481837
SRI6,B,169,0.0,557.9946451446193,-0.00504059816868457,0.7001206670263033,6955500128.396312,6955.500128396312,0.9133578823780553,0.5510015298680045
SRI6,B,172,0.0,93.59897709101085,-1.6476336202803955e-06,0.7,4939294670.365243,4939.294670365243,0.8803234069804674,0.600731134592806
SRI6,B,173,-0.0026281919003068505,1352.1081259617988,0.0,0.7,8324445073.179942,8324.445073179942,0.9375689330060126,0.44028178033941723
SRI6,B,174,-1.5362960559184735,0.0,-0.9542759244773631,0.7000164341526325,629187635.4419706,629.1876354419705,0.8273117017113175,0.6100348667591704
SRI6,B,176,-0.705946409654646,351.60372408334166,0.0,0.7,6349905031.860579,6349.905031860579,0.8951150958835877,0.5873270003913615
SRI6,B,177,0.0,417.4744589862313,0.0,0.7003341743969501,6567924121.49792,6567.92412149792,0.9061799551713096,0.5666470985875405
SRI6,B,178,-0.029112466091391044,305.65426349452116,-0.000469657208391579,0.7009852699673392,6176099644.148987,6176.099644148987,0.8980858860782012,0.5794730849966201
SRI6,B,180,-0.005120143711197955,131.5183539087047,0.0,0.7,5260927879.677605,5260.927879677604,0.8836944533390257,0.5968175187675668
SRI6,B,182,-0.9678306931117964,0.0,-0.5663325317306483,0.7,824886226.3637162,824.8862263637162,0.8475468744440888,0.6100348667591704
SRI6,B,184,-0.6824543495654241,103.45609728604101,-0.0009219770505265517,0.7,5030557698.456807,5030.557698456807,0.8787668552317925,0.6034084036005266
SRI6,B,186,0.0,56.80649958725087,-0.0005543893994748038,0.7000176058072577,4511305236.447834,4511.305236447834,0.8766855231792791,0.6045469100224143
SRI6,B,187,-0.08146638451720634,84.63653968376943,0.0,0.7000077558486094,4848918389.8690195,4848.91838986902,0.8791137439072118,0.6019585868289037
SRI6,B,189,-0.5503328422327861,252.8632241754353,0.0,0.7,5956239832.457921,5956.239832457921,0.8900185007293556,0.5915163482406518
SRI6,B,191,0.0,1228.474537558348,-0.0016343362896277286,0.7003006018995521,8160665987.009896,8160.6659870098965,0.9349983989753441,0.4602945885366634
SRI6,B,194,-3.8478823416577574,0.0,-0.9575400011503739,0.8000290713155604,418153742.4973416,418.15374249734157,0.802762656989362,0.6100348667591704
SRI6,B,196,-1.6762051397524944,393.5933078891977,-1.0643401268745512e-05,0.7,6490345558.341207,6490.345558341207,0.8825915252428221,0.6024122104813749
SRI6,B,198,-0.6056012714793997,359.5463294796567,-0.00526103528416867,0.7000194089303229,6375347821.805365,6375.347821805364,0.8962891806311596,0.584863201337745
SRI6,B,200,-0.5105044552703365,373.20467860298766,-0.0005524906253703069,0.7001531095262049,6424023465.214876,6424.0234652148765,0.8977923648913082,0.5821414594229195
SRI6,B,201,-0.002830433814245276,1258.1634987782159,-0.0140624773108452,0.7000390799885582,8194755254.902844,8194.755254902844,0.9354698117906571,0.4553847795922724
SRI6,B,203,-0.5800651278380755,0.0,-1.4333858116251808,0.9873579503951412,16469630.62412127,16.46963062412127,0.7571423488810617,0.6100348667591704
SRI6,B,204,0.0,270.87586033663064,0.0,0.7000724781198374,6036452981.705274,6036.4529817052735,0.8958889244672144,0.5825506101682856
SRI6,B,205,-0.024541654226953646,0.4024041193926564,0.0,0.7,2157266031.1075373,2157.2660311075374,0.8703792649517913,0.6099903938520653
SRI6,B,209,0.0,590.7272329519748,0.0,0.7,7037825664.563534,7037.825664563534,0.914976696196677,0.5471679652755542
SRI6,B,210,-0.006947210023775685,0.0,-0.5829834529785426,0.7008152205086362,814675407.7009852,814.6754077009851,0.8466307325577259,0.6100348667591704
SRI6,B,215,-0.0022408355603170046,243.24057342517986,-5.618500443354548e-07,0.7001200927705665,5912181596.955696,5912.1815969556965,0.893496282064966,0.585218984594585
SRI6,B,216,0.0,144.9755555252803,0.0,0.7,5357925198.83513,5357.92519883513,0.8849219055751235,0.5953143345074181
SRI6,B,217,0.0,185.82123317720175,0.0,0.7000707615895395,5615215550.438302,5615.215550438302,0.8885242110506278,0.5911249866581278
SRI6,B,220,-1.5301010428970006,464.57453968697314,0.0,0.7000060090496474,6705963306.175142,6705.963306175142,0.8868876080691642,0.5979649197708757
SRI6,B,223,-0.6824280718624198,252.3150976301439,-0.025010855164784185,0.700069500826362,5939902950.208653,5939.902950208653,0.8882662681894189,0.5933130536876935
SRI6,B,224,0.0,707.7782229705676,0.0,0.7000000706109883,7297669508.30708,7297.66950830708,0.9200199238623831,0.5328565837691678
SRI6,B,227,-2.8909078823580994,0.0,-0.790296754902275,0.7042826874195104,701759185.8888426,701.7591858888426,0.83517451168748,0.6100348667591704
SRI6,B,228,0.0,1285.955355593132,-0.001648955611416651,0.7,8238686974.056189,8238.686974056189,0.936252534955705,0.45072401892766933
SRI6,B,229,0.0,1936.0089801538575,0.0,0.7,8965231914.530846,8965.231914530845,0.9460988365887502,0.35026861635891415
SRI6,B,231,-3.445520610941694,0.0,-0.7966478843624142,0.7103997684793124,684555634.6204336,684.5556346204336,0.8331732308677553,0.6100348667591704
SRI6,B,232,-0.10644277243900291,0.0,-0.011953154149480782,0.9836391047121937,59554082.167009294,59.55408216700929,0.7619098445227166,0.6100348667591704
SRI6,B,237,-2.6780747293244502,0.0,-0.5334995031220486,0.7,840367269.5371492,840.3672695371492,0.8488632724943966,0.6100348667591704
SRI6,B,238,0.0,509.58245720471774,0.0,0.7,6833625399.438053,6833.625399438053,0.9111342370228056,0.5566495890703382
SRI6,B,240,-0.6338360432148531,0.0,-0.15390915427215157,0.9816996335707837,62444916.995990515,62.44491699599052,0.7622211548724517,0.6100348667591704
SRI6,B,244,-0.15791545280609917,0.0,-0.8684735278902445,0.7,672141496.4082162,672.1414964082162,0.8320080407016047,0.6100348667591704
SRI6,B,245,0.0,1074.3731475341312,0.0,0.7,7941688589.1868,7941.6885891868,0.931155939801473,0.48333155441704917
SRI6,B,247,-4.0,0.0,-0.7376832546855446,0.9602259124070931,98138534.85999578,98.13853485999579,0.765423204184011,0.6100348667591704
SRI6,B,249,-0.9289541034682227,0.0,0.0,0.9772721893908625,83133791.1680463,83.1337911680463,0.7640445440637563,0.6100348667591704
SRI6,B,253,-1.4384476331617795,0.0,-0.7054997712153708,0.8410372078239481,400448074.96135134,400.4480749613513,0.7995606076778025,0.6100348667591704
SRI6,B,254,-2.787638372459365,0.0,-0.8001794165000735,0.9941519365166668,13917196.454751173,13.917196454751172,0.7569288789269578,0.6100348667591704
SRI6,B,257,-0.0449381207363206,36.99464151565792,0.0,0.7,4182575063.0036073,4182.575063003607,0.8743729320098196,0.6066993987262961
SRI6,B,260,0.0,105.85273325113876,0.0,0.7,5052649033.348998,5052.649033348998,0.8813284946810404,0.5995659444266552
SRI6,B,262,0.0,710.4021364156692,0.0,0.7,7303100833.730413,7303.100833730414,0.9201088696765931,0.5325630625822749
SRI6,B,263,0.0,754.9937953237688,0.0,0.7,7393231056.782518,7393.231056782518,0.9217276834952147,0.527092895008361
SRI6,B,264,0.0,895.0182526364957,0.0,0.7,7652035833.45971,7652.03583345971,0.9264062333226598,0.5090635784679973
SRI6,B,269,0.0,0.0,-0.1795602512343982,0.7001967767027594,1010619209.098543,1010.619209098543,0.8638417476073575,0.6100348667591704
SRI6,B,270,-3.5297354188584107,0.0,-0.7376832546855446,0.8556301009410775,355864634.2702339,355.8646342702339,0.7944284341978869,0.6100348667591704
SRI6,B,272,-0.14071543174268997,0.0,-0.6163977161950586,0.7248082942601334,734294200.100244,734.2942001002441,0.8382253531148824,0.6100348667591704
SRI6,B,273,0.0,73.22607751501229,0.0,0.7000679418026523,4722509365.934019,4722.509365934019,0.8782954424164797,0.6028747287152667
SRI6,B,274,-0.0011275873317772613,1326.3724667382296,-0.0034461717901194955,0.7005831649467219,8288198518.20923,8288.19851820923,0.9369729960508059,0.4444533390258655
SRI6,B,275,0.0,0.0,-0.2996085489697766,0.7,954865925.1443475,954.8659251443476,0.8593055110826483,0.6100348667591704
SRI6,B,278,-0.7450817480623598,302.04466352714053,-2.9794086926681544e-06,0.7000593764608125,6164308325.775905,6164.308325775904,0.8917974170135552,0.5912761945422849
SRI6,B,279,-0.014972311280711432,419.4214713170351,0.0,0.7000807901628722,6574861182.741963,6574.861182741964,0.9061532714270465,0.5669761981001175
SRI6,B,280,-0.0744498116237553,0.0,-0.025122182518767744,0.7,1082342274.2587879,1082.342274258788,0.8694898068096913,0.6100348667591704
SRI6,B,281,-0.19079974873098787,0.0,-0.780869532481575,0.929222219944235,169256965.91127223,169.25696591127223,0.7733304870672787,0.6100348667591704
SRI6,B,282,0.0,437.723903546996,-0.008710323827764183,0.7,6626090256.244373,6626.090256244373,0.9072473049418294,0.5645212936279219
SRI6,B,284,-0.16827422631647027,0.0,-1.229410913698246,0.8369988869793683,266373193.45307353,266.37319345307355,0.7856316931725194,0.6100348667591704
SRI6,B,286,0.0,0.0,-0.5942414841379495,0.7,811136683.4883238,811.1366834883238,0.8462215818123598,0.6100348667591704
SRI6,B,287,-1.8345252653558246e-06,1146.815681216944,-0.0011004765110947659,0.7000004056429827,8047703068.474933,8047.7030684749325,0.9330326964813035,0.4729426833173231
SRI6,B,289,0.0,1715.4542839708931,-0.00022947299526582515,0.7007889527983877,8740185964.371128,8740.185964371129,0.9433326217668195,0.38159533212367025
SRI6,B,290,0.0,50.6523711238284,0.0,0.7000552474527992,4420153712.591212,4420.153712591212,0.8760895862240722,0.6052051090475682
SRI6,B,291,0.0,1396.5932975531505,-0.0007534134800053572,0.7,8379642904.798347,8379.642904798347,0.9383605507524817,0.4328103319457786
SRI6,B,293,-0.09315183481334459,15.31966228538073,0.0,0.7,3602421179.760672,3602.421179760672,0.8720158679332549,0.6086206283132317
SRI6,B,299,-0.528460387263554,0.0,-0.9631669467770969,0.9848284850929906,31664005.844539125,31.664005844539126,0.7588145301882093,0.6100348667591704
SRI6,B,301,0.0,225.57953966453223,0.0,0.700050177860849,5827281242.959936,5827.281242959936,0.8919308357348702,0.5870779521115737
SRI6,B,304,-2.8883594318568386e-05,809.9594592170284,0.0,0.7,7498848871.157377,7498.848871157377,0.9236044401750453,0.5202529618956132
SRI6,B,307,-0.0002503730678627919,284.5548099429668,0.0,0.7001266343025818,6094152595.11136,6094.15259511136,0.8969295904934713,0.5812075283737147
SRI6,B,308,-1.7255092665274216,255.50007017343077,-3.387003350020443e-05,0.7,5966991822.964408,5966.991822964408,0.8784288611377947,0.6054541573273562
SRI6,B,313,-2.5946802929207644,0.0,-0.9584702846138907,0.7004289450862734,625940442.4798772,625.9404424798772,0.8269292347102146,0.6100348667591704
SRI6,B,316,-0.011703432091826869,0.0,-0.802748807020058,0.7,705742071.3630263,705.7420713630263,0.8355214003628989,0.6100348667591704
SRI6,B,317,-0.4783701336187368,0.0,-0.7613818203777557,0.7005563226093047,725457743.7347298,725.4577437347298,0.8378073077880955,0.6100348667591704
SRI6,B,325,0.0,728.5624399859995,0.0,0.7000009905598652,7340304007.091361,7340.304007091361,0.9207492795389051,0.5305350980182872
SRI6,B,326,0.0,398.9941807645421,-0.000962763470359649,0.7,6510330849.858538,6510.3308498585375,0.9050859216565269,0.568835165617106
SRI6,B,327,-1.2389084291145773,419.4214713170351,0.0,0.7004522671306391,6570919473.711659,6570.9194737116595,0.8906944889173516,0.5937133098516383
SRI6,B,330,0.0,995.689216435187,0.0,0.7,7819607664.477356,7819.607664477356,0.9291101860746432,0.49502792898566195
SRI6,B,331,-0.6727013440172056,0.0,-0.20529021079759488,0.7,999556075.8072144,999.5560758072144,0.8628188707439428,0.6100348667591704
SRI6,B,332,-0.4870703272600939,0.0,-0.7071235363360985,0.7000284059532458,754865034.0412514,754.8650340412514,0.8412050378909169,0.6100348667591704
SRI6,B,334,-2.2992438106809296,0.0,-1.0258274243832637,0.7012001815530639,589771894.9239415,589.7718949239415,0.8231223538620273,0.6100348667591704
SRI6,B,336,-0.005437973002641393,1228.0427700892722,-0.0010996622902290643,0.7,8161222081.610528,8161.222081610528,0.9349272423239762,0.4606592663749244
SRI6,B,344,-1.172557504239226,428.24466163174714,-0.000620761034551387,0.7001549650579953,6598932684.793262,6598.932684793262,0.8921354111075532,0.5920856014515957
SRI6,B,348,0.0,328.20278724868376,-0.005440223434104564,0.7,6263635824.192267,6263.635824192267,0.9003184260148717,0.5767691322446366
SRI6,B,350,-9.010282426843031e-06,357.8306738383649,-0.0011775606780368673,0.7001309731719004,6372086549.76512,6372.086549765119,0.9023997580673851,0.5736649233287081
SRI6,B,352,0.0,1043.5909997901122,0.0,0.7,7894747876.744943,7894.747876744943,0.930408794962109,0.4879300530117053
SRI6,B,353,-0.020580910739638303,0.0,-1.1690105490536822,0.8829151213774195,203073411.16313842,203.07341116313842,0.7779912477318817,0.6100348667591704
SRI6,B,354,0.0,272.44351788576716,0.0,0.7000457360868558,6043298773.733087,6043.298773733087,0.8960312377699504,0.5823638239584445
SRI6,B,359,-3.975129841798887e-05,605.0488524206025,0.0,0.700088677667991,7071270528.756515,7071.270528756515,0.9156793681289358,0.5455224677126694
SRI6,B,360,-0.006916150815662995,1585.9480615552625,-0.001970804791180284,0.7000410414430165,8601687063.57863,8601.68706357863,0.9414469705055679,0.4029067492083822
SRI6,B,361,-1.3152891953263188,352.1009500356566,0.0,0.7,6350692984.6437025,6350.692984643702,0.8871900238374782,0.5975557690255096
SRI6,B,363,-2.957015466509981e-05,877.1009540172524,-0.0012941923936957145,0.7,7620211105.079948,7620.2111050799485,0.9258814530188209,0.5114829046145088
SRI6,B,364,0.0,945.0024351259377,0.0,0.7000009794085457,7736853115.698203,7736.8531156982035,0.9278026826057565,0.5022592236809336
SRI6,B,367,-0.001170441338175232,296.3790714817054,0.0,0.7,6143041928.917965,6143.041928917965,0.8978546269612551,0.580024549044722
SRI6,B,368,-0.00660675390617698,623.9323225677152,0.0,0.7000234387473858,7115155281.0736885,7115.1552810736885,0.9164443021311418,0.5436368164514178
SRI6,B,369,-0.10312340305181511,0.0,-0.6729899050660777,0.7000894174920863,772089570.1404558,772.0895701404559,0.8426904329882234,0.6100348667591704
SRI6,B,372,-0.020580910739638303,0.0,-1.1690105490536822,0.7,520113592.33849293,520.1135923384929,0.8160244778880708,0.6100348667591704
SRI6,B,373,-2.695790933571474,0.0,-1.0929891178839666,0.7011396434494196,556163421.9905959,556.1634219905959,0.8199647774575729,0.6100348667591704
SRI6,B,376,-0.0008479117190676386,0.0,-0.7927824014260618,0.9077384760155665,218706730.6684899,218.7067306684899,0.7790852812466645,0.6100348667591704
SRI6,B,377,0.0,1019.6969145890519,0.0,0.7001447077535193,7857064131.641625,7857.064131641625,0.9297950688440602,0.4914612018358416
SRI6,B,379,0.0,534.8296500736317,0.0,0.7,6899673474.804801,6899.673474804801,0.9123261109332194,0.5537499555270929
SRI6,B,381,-0.006916150815662995,121.07069766290795,-2.579582987158682e-05,0.7000410414430165,5180097182.89586,5180.09718289586,0.8826804710570322,0.5980983384921906
SRI6,B,382,-1.0044508679444983,0.0,-0.9161114240169138,0.7001331296192719,648334180.572921,648.334180572921,0.8292418258796742,0.6100348667591704
SRI6,B,384,-1.4900433584274173,235.85644279958387,0.0,0.7,5875967830.63705,5875.96783063705,0.8801544099334684,0.6036752410431565
SRI6,B,389,0.0,1752.2796976865243,-0.0005336018402448406,0.7000650062097757,8781334564.753826,8781.334564753826,0.9438040345821326,0.3761963212011243
SRI6,B,392,-0.00717246415211331,574.2419451817732,-0.0019011780938141363,0.7000410414430165,6997335721.926091,6997.3357219260915,0.914078343473156,0.5493649268865408
SRI6,B,397,-0.6851062912148678,125.89445318987794,0.0,0.700088677667991,5217412972.549963,5217.412972549963,0.8802789340733624,0.6018073789447469
SRI6,B,398,-2.6949887652033686,0.0,-0.46472395547288514,0.7003943221408382,872401534.0236627,872.4015340236626,0.8520119543174298,0.6100348667591704
SRI6,B,400,-1.720112264095505,313.5933856641989,0.0,0.7,6208470215.11195,6208.47021511195,0.8801099370263635,0.6043779129754154
SRI6,B,404,-0.0010143167933802425,1169.6359127644605,0.0,0.7000212119622257,8080656562.263409,8080.656562263409,0.9335485822037215,0.4693759561675028
SRI6,B,405,-0.003456763473838386,253.25447638533706,0.0,0.7,5958800889.136786,5958.800889136786,0.894287899811435,0.5843828939410111
SRI6,B,407,-1.4595837057717271,493.6962174445001,-0.0001550582527713451,0.7,6787249219.186177,6787.2492191861775,0.8892891450528336,0.595554488205785
SRI6,B,408,-0.004074219907550496,384.79033347375093,-0.000962763470359649,0.7,6464063661.298916,6464.063661298916,0.9041075177002171,0.5706051873198847
SRI6,B,413,-8.510546245043757e-05,66.54752175077681,-0.003150638586238874,0.7,4640482070.1199665,4640.482070119967,0.8776728217170098,0.6034350873447895
SRI6,B,414,-1.4643244830575597,949.0962073315422,-0.0001286302635896119,0.7000000030306598,7737624373.71056,7737.62437371056,0.8993844949656669,0.5787526239015193
SRI6,B,415,-4.071334250137649e-05,187.99295923549977,0.0,0.7000313638551852,5627800152.602161,5627.800152602162,0.8887198918418898,0.5908492546340769
SRI6,B,416,0.0,135.80463529355083,0.0,0.7,5292611301.801155,5292.611301801155,0.8841747607357596,0.5963461059522538
SRI6,B,417,0.0,1424.6650647895096,-0.00046308629643351015,0.7002133662424247,8413487111.575889,8413.487111575889,0.9387519123350054,0.42815846586259654
SRI6,B,420,-0.0012715933728606327,0.0,-0.6359944960778099,0.7000926539500358,790630777.306391,790.630777306391,0.8441669335041092,0.6100348667591704
SRI6,B,422,-0.04509840522076658,245.29131830798605,0.0,0.7,5922152414.328785,5922.152414328785,0.8933361795993882,0.585539189525741
SRI6,B,423,-1.2226384024272114,481.4582910886657,0.0,0.7,6754068574.136387,6754.068574136387,0.8931316042267051,0.5908403600526559
SRI6,B,424,0.0,202.6340964870767,-2.4886007426689592e-06,0.7000617798234917,5708754334.285975,5708.754334285975,0.8899740278222508,0.5893549649553491
SRI6,B,426,0.0,0.0,-0.5612738490236622,0.7,827301095.3758513,827.3010953758512,0.8477692389796138,0.6100348667591704
SRI6,B,429,-0.00010755936142953275,216.81502057975922,-2.803900638995159e-06,0.7000480456843046,5783165367.276908,5783.165367276908,0.8912726367097163,0.5879051481837264
SRI6,B,430,-1.462810761142672,292.1522517420958,0.0,0.7000003784531296,6123868548.779662,6123.868548779662,0.8828316789411889,0.601638381897748
SRI6,B,432,-0.000296964034153485,1103.037467924591,0.0,0.7,7984491303.239307,7984.491303239308,0.9319475575479417,0.479133311986338
SRI6,B,434,-0.0553557710754613,25.772840385522155,0.0,0.7000107848189862,3929981127.6382823,3929.9811276382825,0.8732700039136155,0.6076778026826057
SRI6,B,436,-0.6802686930303004,512.7730207403882,0.0,0.7,6840292667.781425,6840.292667781426,0.9024620201373323,0.5753282100544348
SRI6,B,437,-0.7203794860792341,0.0,-0.7378434864875815,0.7281364916539966,669969573.9663978,669.9695739663978,0.8318479382360265,0.6100348667591704
SRI6,B,439,0.0,1262.4540485123648,-0.0016511377429469926,0.7000689819353108,8207336192.892523,8207.336192892522,0.935781122140392,0.4546287401714875
SRI6,B,441,-0.0010143167933802425,340.92762263188445,0.0,0.7000224821751323,6312894811.099717,6312.894811099717,0.9013768812039706,0.5754883125200129
SRI6,B,445,0.0,371.2951030651244,0.0,0.7,6419406267.191768,6419.406267191767,0.9032536378838012,0.5720105311844025
SRI6,B,446,0.0,847.6271825905003,0.0,0.7000134013066485,7568104224.876571,7568.104224876571,0.924974205713879,0.5151830504856442
SRI6,B,447,-0.017223417714981926,481.3788478244107,0.0,0.7,6756750865.094987,6756.750865094987,0.9096221581812359,0.5605632048955775
SRI6,B,450,0.0,553.676029836461,-0.001970804791180284,0.7000410414430165,6946610127.430104,6946.6101274301045,0.9132689365638453,0.5514818372647383
SRI6,B,451,-1.9612103872511049,225.57953966453223,0.0,0.7000410194489051,5825569227.150256,5825.569227150256,0.8752890738961824,0.6073398085886077
SRI6,B,454,0.0,969.1240730845252,0.0,0.7000024289043001,7776636959.400323,7776.636959400323,0.9284341978866474,0.4989148610666381
SRI6,B,455,-0.0010722241077660939,1460.6616973984237,-5.685472737559933e-05,0.7000556813351367,8457638374.657477,8457.638374657477,0.9395257409186323,0.42231472586900065
SRI6,B,458,-0.057690495726719554,0.13993586638579814,0.0,0.7000002323950926,1922970972.5004163,1922.9709725004163,0.8703525812075283,0.6100170775963284
SRI6,B,459,0.0,160.07634722925368,0.0,0.7,5458912843.684279,5458.912843684279,0.8861582523926425,0.5938556231543743
SRI6,B,460,-1.1923432643276723,754.4706805749694,0.0,0.7,7387947434.582066,7387.947434582065,0.9012612516454976,0.5767780268260576
SRI6,B,461,-2.0960211225630725e-05,1301.1457666104634,-0.01165053079237155,0.7001781358619279,8252555138.668177,8252.555138668176,0.936341480769915,0.4484736898281567
SRI6,B,462,-0.11539076628517744,336.71812149776474,-0.00010435207505449022,0.7013585751709057,6292500352.56473,6292.50035256473,0.8999537481766109,0.5780588465506814
SRI6,B,463,-0.000296964034153485,2006.8686792559263,0.0,0.7,9032421661.540623,9032.421661540622,0.9468104031024301,0.3411338812395489
SRI6,B,467,-1.4695247815618115,385.1812027785978,0.0,0.7,6463140759.94914,6463.1407599491395,0.8861226740669584,0.5990589532856584
SRI6,B,468,0.0,493.0932284572091,-0.0021634019535779255,0.7000103323079591,6788340535.918269,6788.340535918269,0.9104048813462837,0.558704237378589
SRI6,B,469,0.0,2008.6109921821885,0.0,0.7,9034048549.854027,9034.048549854027,0.9468281922652719,0.3409026221226029
SRI6,B,470,-3.894938830588955,0.0,-0.006687636501638505,0.9833927629942523,60593209.32398745,60.593209323987445,0.7619810011740846,0.6100348667591704
SRI6,B,474,-0.6966360303028967,327.3921301161837,0.0,0.7,6262097105.119874,6262.097105119874,0.8937809086704379,0.5887323442558793
SRI6,B,475,0.0,605.7857532195443,0.0,0.7,7073316954.72683,7073.31695472683,0.9157327356174619,0.5454602056427225
SRI6,B,476,0.0,252.42944483763893,0.0,0.7,5955049756.44699,5955.04975644699,0.894261216067172,0.5844362614295372
SRI6,B,478,0.0,622.920037474314,0.0,0.7,7112944106.4544,7112.9441064544,0.9164531967125626,0.5436101327071549
SRI6,B,479,-1.2760657425866928,130.09955697762166,0.0,0.7,5249550945.274244,5249.550945274244,0.8774326680186428,0.6051695307218843
SRI6,B,480,-0.7347241817380342,285.02864301720996,0.0,0.7,6095495115.407729,6095.495115407729,0.8907834347315614,0.5920767068701747
SRI6,B,481,0.0,462.2612183570103,0.0,0.7,6702755842.232302,6702.755842232302,0.9087504892019781,0.5617639733874125
SRI6,B,482,0.0,1137.3183968617923,0.0,0.7,8034568288.633089,8034.568288633089,0.9328014373643575,0.4742590813676309
SRI6,B,483,0.0,447.39511611781387,0.0,0.7,6659541908.932097,6659.541908932098,0.9079855551997722,0.5632671576475612
SRI6,B,484,0.0,1223.284161902126,0.0,0.7,8155256285.955721,8155.256285955721,0.9349183477425552,0.4610773117017112
SRI6,B,486,-0.8175203861269676,0.0,-0.5294549928358215,0.9421781182824159,162397894.89228922,162.39789489228923,0.7723876614366529,0.6100348667591704
SRI6,B,487,0.0,213.67664272284057,0.0,0.7007360201250445,5764514402.9828615,5764.514402982862,0.8907300672430354,0.5882431422777243
SRI6,B,488,0.0,284.58463426090134,0.0,0.7,6094741956.981482,6094.741956981482,0.8969918525634184,0.5811808446294517
SRI6,B,489,0.0,1458.9908158530905,0.0,0.7,8455876555.851856,8455.876555851857,0.9394901625929484,0.4226616145444196
SRI6,B,490,0.0,1172.4105793599083,0.0,0.7,8084652714.438385,8084.652714438385,0.9336108442736685,0.46893122709645285
SRI6,B,491,0.0,479.80699888309834,0.0,0.7,6752413407.406471,6752.413407406471,0.909693314832604,0.5601362649873697
SRI6,B,493,-1.0167133130637729,252.42944483763893,0.0,0.7,5953743681.731939,5953.743681731939,0.8858647312057493,0.5973956665599317
SRI6,B,494,-2.015504573009793,0.0,-1.1150556348997762,0.991120139484089,16317486.365305426,16.317486365305424,0.7571245597182198,0.6100348667591704
SRI6,B,497,0.0,132.427015232953,0.0,0.7,5267708355.736312,5267.708355736312,0.8838278720603406,0.5967196783719357
SRI6,B,500,0.0,844.7327524993411,0.0,0.7,7562873265.752842,7562.873265752842,0.9248674707368272,0.5155388337424841
SRI6,B,501,0.0,954.4906534847082,0.0,0.7,7752620768.239715,7752.620768239714,0.9280517308855445,0.5009072473049417
SRI6,B,503,-3.154089723195516,0.0,-0.7247414000773834,0.701338540212104,742315116.5182729,742.3151165182729,0.839853061514925,0.6100348667591704
SRI6,B,504,-1.928105109432088,481.9547288661826,0.0,0.7,6754411688.880036,6754.411688880036,0.8808748710285693,0.6039331839043655
SRI6,B,506,-1.928105109432088,433.56929614475894,0.0,0.7000013012827546,6614796166.722256,6614.796166722255,0.8801010424449425,0.6046091720923613
SRI6,B,512,-3.1923025861908183,0.0,-0.0007083027349267393,0.7068017217708905,1070549387.2224991,1070.549387222499,0.8678354146653858,0.6100348667591704
SRI6,B,515,0.0,1031.3138764962332,0.0,0.7,7875733872.23598,7875.73387223598,0.9300441171238482,0.48962891806311604
SRI6,B,516,0.0,1257.3104000024791,0.0,0.7,8201251187.861626,8201.251187861626,0.935701070907603,0.4555181983135874
SRI6,B,517,-1.6869435831914064,435.66155124464376,0.0,0.7001750650185411,6620618568.4266615,6620.618568426661,0.8835165617106058,0.6018696410146939
SRI6,B,518,0.0,188.31802895020647,0.0,0.700151593712076,5629209678.533714,5629.209678533714,0.8887287864233109,0.5908047817269719
SRI6,B,520,0.0,576.7533262472565,0.0,0.7,7004260138.109608,7004.260138109607,0.914398548404312,0.548857935745544
SRI6,B,521,0.0,176.1390518051636,0.0,0.7,5558665425.665239,5558.665425665239,0.8876436474899491,0.5922368093357526
SRI6,B,522,0.0,819.5284248459362,0.0,0.7,7516667526.21246,7516.66752621246,0.9239513288504644,0.5188831963567795
SRI6,B,523,-2.4114630483626733,0.0,-0.7992305918296527,0.9066994198636107,220219149.10101587,220.21914910101586,0.7792275945494005,0.6100348667591704
SRI6,B,525,0.0,1087.8674975917024,0.0,0.7000470733509325,7961741118.571959,7961.741118571958,0.931529512221155,0.4813391681787455
SRI6,B,526,-1.3254219360667105,0.0,-0.8102116311839505,0.7028560191821764,695219591.7317873,695.2195917317873,0.8344362614295371,0.6100348667591704
SRI6,B,527,0.0,994.9974193843993,0.0,0.7,7818504492.436089,7818.504492436088,0.9290835023303804,0.49516134770697695
SRI6,B,528,0.0,107.24781112285633,0.0,0.7,5064908984.308122,5064.908984308122,0.8814530188209342,0.5994236311239194
SRI6,B,530,-2.9043051105697306,0.0,-0.6870749305426693,0.7,765181917.1241417,765.1819171241417,0.8422545984985946,0.6100348667591704
SRI6,B,532,-0.007328470666277062,50.45089289333361,0.0,0.7,4417226971.392528,4417.226971392528,0.8760717970612303,0.605249581954673
SRI6,B,534,0.0,418.37555012157566,0.0,0.7,6571966057.115016,6571.966057115016,0.9062955847297824,0.5665670473547515
SRI6,B,542,0.0,870.9133666148551,0.0,0.7,7609789427.185008,7609.789427185008,0.9257569288789268,0.5122389440352936
SRI6,B,543,0.0,1622.1114045117786,0.0,0.7,8642751649.797304,8642.751649797305,0.9420695912050379,0.39621802397979144
SRI6,B,544,0.0,900.1228533061962,0.0,0.7000604522932163,7660627564.264852,7660.627564264852,0.9264596008111857,0.5084231686056855
SRI6,B,545,0.0,529.3518860473363,0.0,0.7,6885537040.808833,6885.537040808833,0.9120859572348526,0.5545237841107197
SRI6,B,547,0.0,1531.1777593877086,-0.007592841466895539,0.7006838610266006,8533762707.210676,8533.762707210677,0.9404418828049951,0.4108407158359128
SRI6,B,553,-1.3804743295743762,0.0,-0.328924680228178,0.7,939531713.4328111,939.5317134328111,0.8580157967766037,0.6100348667591704
SRI6,B,554,0.0,397.1272986713979,0.0,0.7,6504829012.262514,6504.829012262514,0.9049791866794749,0.569013057245526
SRI6,B,557,0.0,663.0535884368867,0.0,0.7,7202532510.774924,7202.532510774924,0.9182499021596043,0.5387270075070267
SRI6,B,558,0.0,1703.6790723184565,0.0,0.7,8730771445.075819,8730.77144507582,0.9433237271853985,0.3834720888035009
SRI6,B,560,-0.10061912366517263,64.64684061810352,0.0,0.7,4617515483.3468075,4617.515483346808,0.8774148788558009,0.6040132351371545
SRI6,B,561,-1.5110078568305578,536.808299339946,0.0,0.7,6900899138.71435,6900.89913871435,0.8889689401216778,0.5957234852527841
SRI6,B,562,-0.134224043897764,0.0,-0.6933090892771153,0.7389015790134333,663143018.4175872,663.1430184175872,0.8307450101398227,0.6100348667591704
SRI6,B,568,-0.037521838666432994,0.04453805541447764,0.0,0.7,1727048062.3144531,1727.048062314453,0.8703436866261074,0.6100259721777493
SRI6,B,569,-1.5338341150305106,505.08730157850965,0.0,0.7,6817898628.253918,6817.898628253918,0.8878215391183691,0.5968975700003557
SRI6,B,572,-0.05602539045154588,38.17633815789185,0.0,0.7,4205578135.7432675,4205.578135743268,0.8745063507311345,0.606601558330665
SRI6,B,573,-2.4254074364368643,0.0,-0.5052415888350525,0.7,853144545.7742307,853.1445457742307,0.8500195680791263,0.6100348667591704
SRI6,B,574,0.0,92.97070808079343,0.0,0.700048017710491,4933007526.994203,4933.007526994203,0.8802344611662575,0.6008022912441741
SRI6,B,577,-0.8480166496428776,0.0,-0.8060673166389852,0.72098825150906,655034414.8539361,655.034414853936,0.829988970719038,0.6100348667591704
SRI6,B,580,0.0,0.0,-0.569191878140412,0.7,823279415.4263208,823.2794154263208,0.8473334044899848,0.6100348667591704
SRI6,B,582,-1.6869435831914064,427.6610892345175,0.0,0.7001750650185411,6596485336.006993,6596.485336006994,0.8833119863379228,0.6019852705731668
SRI6,B,584,0.0,929.4423483528993,0.0,0.7,7710828713.214424,7710.828713214424,0.9273668481161276,0.5043672394777103
SRI6,B,586,0.0,239.32356268214113,0.0,0.7003082831093898,5893032963.365318,5893.032963365318,0.893104920482442,0.5856903974098978
SRI6,B,594,-0.763644253466585,0.0,-0.4692275151287123,0.7014136552077059,867388671.2420027,867.3886712420027,0.8515316469206959,0.6100348667591704
SRI6,B,597,-0.7420839203656839,302.80940850700415,0.0,0.7,6167562592.742539,6167.562592742539,0.8918418899206602,0.5911516704023908
SRI6,B,598,0.0,157.52863168688134,0.0,0.7007360201250445,5439699277.039856,5439.699277039856,0.8856779449959086,0.5940779876898993
SRI6,B,599,-2.010060028573702,246.2408417707889,0.0,0.7,5924589903.151643,5924.589903151643,0.8754047034546553,0.6073842814957128
SRI6,B,600,0.0,1561.7008991097864,0.0,0.7,8575196747.383228,8575.196747383228,0.941224605970043,0.4058330664958907
SRI6,B,602,-0.7917848413957377,0.0,-1.3511413157401067,0.9203451236226935,113634324.3202608,113.63432432026079,0.7677535845163126,0.6100348667591704
SRI6,B,603,-1.9286298356628981,0.0,-1.1150556348997762,0.9213921302513667,143393058.51569155,143.39305851569154,0.771009001316398,0.6100348667591704
SRI6,B,607,0.0,327.0043591798759,0.0,0.7000604522932163,6261608397.668693,6261.608397668692,0.9002472693635037,0.5768758672216886
SRI6,B,608,-1.1522629235759991,536.808299339946,0.0,0.7,6901718511.259246,6901.718511259246,0.8960668160956345,0.5869178496459956
SRI6,B,611,0.0,1953.8620942863313,0.0,0.7,8982385761.423971,8982.385761423971,0.9462500444729072,0.3479560251894545
SRI6,B,615,-2.8396906591576694,0.0,-0.9278456431179878,0.7,641960523.7713461,641.9605237713461,0.8287081509944144,0.6100348667591704
SRI6,B,616,-1.7680977931637543,727.5293915210598,0.0,0.7,7332649594.840069,7332.649594840069,0.8880616928167361,0.5969954103959867
SRI6,B,621,-0.022529208797556863,63.02375702338543,0.0,0.7,4596447481.998629,4596.447481998629,0.8773615113672751,0.6040399188814175
SRI6,B,622,-3.7380278921024317,0.0,-0.6887156656233007,0.8436336991051238,398491659.64745736,398.49165964745737,0.7992759810723308,0.6100348667591704
SRI6,B,623,0.0,86.78100676770951,0.0,0.7,4871233936.698098,4871.233936698098,0.8795673675596826,0.6014782794321699
SRI6,B,624,-0.6966360303028967,140.16968398990196,0.0,0.7,5323656196.2030945,5323.656196203095,0.8814441242395132,0.600846764151279
SRI6,B,625,0.0,547.2238499628211,0.0,0.7001240977387707,6930780261.380944,6930.7802613809445,0.9129131533070053,0.5522912441740492
SRI6,B,626,0.0,381.8588546349014,0.0,0.7000349585099196,6454742269.980384,6454.742269980384,0.90395630981606,0.5709164976696196
SRI6,B,627,-0.008833376802060826,272.14715155989495,0.0,0.7,6042183627.177552,6042.183627177552,0.8959333973743194,0.5825417155868645
SRI6,B,628,0.0,777.6464263275335,0.0,0.700006083543203,7437457536.66694,7437.45753666694,0.9224570391717365,0.5242733126979044
SRI6,B,629,-1.5838313411055693,284.58463426090134,0.0,0.7,6092701027.419304,6092.7010274193035,0.8809104493542533,0.6032483011349485
SRI6,B,630,-2.18980953824712,0.0,-0.9421097240364393,0.7001585255818757,634904627.2219032,634.9046272219032,0.8278009036894723,0.6100348667591704
SRI6,B,631,0.0,370.5345627281984,0.0,0.7,6416823505.537597,6416.823505537597,0.9032269541395381,0.5720905824171915
SRI6,B,633,0.0,354.66006349334873,0.0,0.7,6361990497.694001,6361.9904976940015,0.9022485501832284,0.573994022841285
SRI6,B,634,0.0,588.453212336547,0.0,0.7,7032403335.597338,7032.403335597338,0.9148877503824671,0.5474170135553421
SRI6,B,635,0.0,1873.885983286661,0.0,0.7,8904694754.093805,8904.694754093805,0.9453872700750702,0.3582915288006546
SRI6,B,637,0.0,201.8913133186715,0.0,0.7,5704978315.371244,5704.978315371244,0.8899562386594086,0.5893905432810331
SRI6,B,638,-2.225325334808226,0.0,-0.9882875072288231,0.7041763691841567,601541101.3083429,601.541101308343,0.824287544028178,0.6100348667591704
SRI6,B,641,-1.974885081050351,276.5622745261127,0.0,0.7,6058835874.290013,6058.835874290014,0.8762852670153343,0.6068861849361369
SRI6,B,645,0.0,732.3035786181342,0.0,0.7,7347891538.998131,7347.891538998131,0.9209360657487459,0.5301882093428683
SRI6,B,648,0.0,223.99335592605587,-3.6178627822027e-06,0.7000003491978778,5819579747.743593,5819.5797477435935,0.891859679083502,0.5871846870886257
SRI6,B,650,0.0,1804.0086187353877,0.0,0.7,8834881416.019651,8834.88141601965,0.9444266552816024,0.36855587576048665
SRI6,B,651,0.0,1115.368107511298,0.0,0.7,8002633377.822122,8002.6333778221215,0.9322944462233607,0.4773721848649803
SRI6,B,656,-0.763644253466585,0.0,-0.040390374661423124,0.9880262456806437,43068812.00113074,43.06881200113074,0.7600241932614651,0.6100348667591704
SRI6,B,658,-2.3951727584145717,0.0,-0.9976771470063751,0.733376545148351,537373574.4787952,537.3735744787951,0.8169050414487494,0.6100348667591704
SRI6,B,660,0.0,1048.8559306304226,0.0,0.7000340058985133,7902724843.3954,7902.7248433954,0.9305155299391612,0.48696054363681646
SRI6,B,666,-0.0353244155609056,73.77174238810719,-0.0015314553625953246,0.7000293853355352,4728438039.471375,4728.438039471375,0.8782687586722167,0.6029192016223718
SRI6,B,670,-0.6532627968441114,237.71183730156267,-0.00983763254545164,0.7,5880324669.604534,5880.324669604534,0.8879460632582631,0.5939801472942683
SRI6,B,674,0.0,313.8156188295621,0.0,0.7000003491978778,6211743807.123628,6211.743807123627,0.899268865407194,0.5782723165047853
SRI6,B,675,-0.009926647424013477,0.0,-0.9252210215175355,0.8843078618461931,248268440.15456963,248.26844015456962,0.782385170953855,0.6100348667591704
SRI6,B,676,-0.7032894918760556,123.75078828803362,0.0,0.7,5201042821.923165,5201.042821923165,0.8801010424449424,0.6021186892944818
SRI6,B,677,-1.589280970161176,447.6432991014452,0.0,0.7,6656946140.772802,6656.946140772802,0.8856868395773295,0.5994592094496034
SRI6,B,678,0.0,435.34983723744756,0.0,0.7001513053913493,6623195776.403307,6623.195776403307,0.9072295157789874,0.5648503931404988
SRI6,B,680,0.0,303.623592097463,0.0,0.7007953557626246,6169039264.184875,6169.039264184875,0.8982370939623581,0.5792685096239372
SRI6,B,681,0.0,1350.8606614422729,0.0,0.7,8322866710.869114,8322.866710869113,0.9375600384245916,0.4405397232006262
SRI6,B,684,-3.3051655841323897,0.0,-1.0262154529062426,0.7,591869267.897886,591.8692678978861,0.8233625075603942,0.6100348667591704
SRI6,B,685,0.0,971.4829039441205,0.0,0.7,7780489343.999604,7780.489343999604,0.9284786707937522,0.49855018322837735
SRI6,B,686,-3.250602368833934e-05,119.43307507337468,0.0,0.7,5167132029.577598,5167.132029577598,0.8824936848471913,0.5981428113992956
SRI6,B,690,-1.6423927551002067,0.0,-0.17750596038356503,0.7,1012118430.6158382,1012.1184306158382,0.8640552175614616,0.6100348667591704
SRI6,B,694,0.0,1768.4614305311025,0.0,0.7000076454190991,8798460636.003141,8798.460636003141,0.9440175045362365,0.37402604333440076
SRI6,B,695,-2.427879532739272,0.0,-0.5929998565817123,0.7002850858412026,810948586.5709049,810.9485865709048,0.846159319742413,0.6100348667591704
SRI6,B,696,0.0,2077.1812539986454,-3.533056074460635e-06,0.7,9097342150.28409,9097.34215028409,0.9475664425232148,0.3329686554950724
SRI6,B,698,0.0,141.20085454619993,0.0,0.7,5331438072.390452,5331.438072390452,0.8846817518767566,0.5957234852527841
SRI6,B,702,0.0,688.4350654912126,0.0,0.7,7257073835.509576,7257.0738355095755,0.9192283061159143,0.5355516419397303
SRI6,B,705,0.0,340.01604331954593,0.0,0.7000604522932163,6309451200.479414,6309.451200479414,0.9012612516454976,0.5755950474970649
SRI6,B,706,-0.31191313506568297,0.0,-0.6096312172764287,0.9689859176814436,83220781.13474101,83.220781134741,0.7640712278080194,0.6100348667591704
SRI6,B,712,-0.5155765479831231,335.2740671037403,0.0,0.7,6291477270.353778,6291.477270353778,0.8957821894901625,0.585379087060163
SRI6,B,713,0.0,1615.596104578771,0.0,0.7,8635590778.288834,8635.590778288833,0.9419806453908279,0.3972497954246274
SRI6,B,714,0.0,64.62387037281233,0.0,0.7,4617250120.956465,4617.250120956464,0.877566086739958,0.6037641868573665
SRI6,B,715,0.0,1143.0666742105734,0.0,0.7,8042854100.151258,8042.8541001512585,0.9329704344113565,0.4734407798768989
SRI6,B,717,0.0,1176.435203143363,0.0,0.7001410564842863,8089833351.263831,8089.833351263831,0.9336820009250365,0.468335290141246
SRI6,B,718,0.0,692.8637295711934,0.0,0.7,7266443326.69735,7266.443326697349,0.9194684598142812,0.5349557049845234
SRI6,B,722,0.0,1661.4396141488737,0.0,0.7,8685603329.523458,8685.60332952346,0.9427989468815597,0.38987618742661967
SRI6,B,725,-1.8036197269809477,138.25201709714065,0.0,0.7,5309410711.471847,5309.410711471846,0.8744262994983456,0.6078112214039207
SRI6,B,727,-0.48730526037684285,0.0,-0.619850358995056,0.9437497894614353,149954988.66709697,149.95498866709698,0.771124630874871,0.6100348667591704
SRI6,B,728,-0.48730526037684285,0.0,-0.619850358995056,0.7038334904480338,788964109.292949,788.9641092929489,0.8438734123172162,0.6100348667591704
SRI6,B,730,0.0,131.71667777089684,0.0,0.7,5262411315.532561,5262.411315532561,0.8837211370832885,0.5967552566976198
SRI6,B,732,0.0,508.3064950498014,0.0,0.7,6830230513.929204,6830.230513929204,0.9110986586971216,0.5567563240473903
SRI6,B,735,-2.611623114183107,0.0,-0.3559638337121702,0.7,926048165.4709772,926.0481654709772,0.8568150282847689,0.6100348667591704
SRI6,B,738,0.0,735.7388954750691,0.0,0.7,7354816683.024523,7354.816683024523,0.9210339061443769,0.5298057423417655
SRI6,B,740,0.0,1505.8926934530668,0.0,0.7,8511152003.519651,8511.152003519652,0.9402373074323123,0.41493222328957197
SRI6,B,741,-0.009108728514438138,796.8174294727274,0.0,0.7,7474106284.936525,7474.106284936525,0.9229907140569965,0.5222898210410218
SRI6,B,745,-4.0,0.0,-0.8036658141770552,0.906293322415001,220382232.86817688,220.38223286817689,0.7792720674565055,0.6100348667591704
SRI6,B,750,-2.269155594714843,0.0,-0.8490323109666424,0.7176869218275771,641631826.6091838,641.6318266091838,0.8284324189703631,0.6100348667591704
SRI6,B,751,-0.5772484858933016,249.95219522933672,-0.0019384944436440232,0.700007926694059,5942223551.53571,5942.223551535711,0.8896360337282526,0.5920589177073327
SRI6,B,753,0.0,942.4698629507633,0.0,0.7,7732643449.157621,7732.643449157621,0.9277671042800726,0.5025972177749315
SRI6,B,754,-3.620016386853598,0.0,-1.0268017879169666,0.9462527449200673,106108324.85219066,106.10832485219066,0.7663660298146369,0.6100348667591704
SRI6,B,755,-0.6800471072415675,154.41009645498852,0.0,0.7,5421415938.852392,5421.415938852392,0.8824225281958229,0.5996548902408653
SRI6,B,756,0.0,203.10090437058994,-0.0038270633867806894,0.7,5709955748.132323,5709.955748132324,0.8899918169850927,0.5893371757925072
SRI6,B,757,0.0,843.210311703468,0.0,0.7,7560116909.378566,7560.116909378566,0.9247963140854591,0.515752303696588
SRI6,B,758,-3.848876694848572,0.0,-1.0517232936995458,0.7,578238226.1343699,578.2382261343698,0.8220638986729285,0.6100348667591704
SRI6,B,759,0.0,393.60062043707626,-0.01005730215256863,0.7,6488066210.343676,6488.066210343675,0.904614508841214,0.5694133134094709
SRI6,B,760,0.0,1422.3405604581421,0.0,0.7,8411603323.549732,8411.603323549733,0.9387519123350053,0.42857651118938334
SRI6,B,761,0.0,1553.388242363953,0.0,0.7,8565755748.183909,8565.755748183909,0.941028925178781,0.4070427295691465
SRI6,B,763,0.0,1071.7966737266927,0.0,0.7,7937786429.625955,7937.786429625955,0.9310580994058419,0.48370512683673106
SRI6,B,764,-0.8208889642261796,0.0,-0.7786186130571523,0.9941949895326179,14026496.55705785,14.02649655705785,0.7569377735083788,0.6100348667591704
SRI6,B,768,0.0,158.67978722869236,0.0,0.7,5449884990.049378,5449.884990049379,0.8860693065784324,0.5939801472942683
SRI6,B,770,0.0,0.0,-1.1145243175745247,0.8399226241753587,292046434.1923734,292.0464341923734,0.7885313267157648,0.6100348667591704
SRI6,B,771,-0.0530919454681078,52.90927159952326,0.0,0.7,4454753736.568538,4454.7537365685375,0.8762585832710712,0.6050539011634112
SRI6,B,774,0.0,1856.9496650415808,0.0,0.7,8887980328.814043,8887.980328814043,0.9451826947023874,0.3607820115985342
SRI6,B,776,0.0,662.0810839408261,0.0,0.7,7200412403.757999,7200.4124037579995,0.9182321129967624,0.5389048991354467
SRI6,B,778,-0.015741513283095088,13.44178750870475,0.0,0.7,3526211129.2578053,3526.211129257805,0.8718646600490979,0.6087540470345466
SRI6,B,779,-1.796701475025924,814.7431782676123,0.0,0.7,7501629809.31078,7501.62980931078,0.888497527306365,0.5958657985555199
SRI6,B,780,-1.4806157202680665,171.02422222895296,0.0,0.7,5526570281.709462,5526.5702817094625,0.877797345856904,0.6052584765360941
SRI6,B,781,-1.4657347909249125,824.7284788621587,0.0,0.7,7520819891.852202,7520.819891852202,0.8969651688191553,0.5840804781726973
SRI6,B,782,-1.2118628945682401,248.47820800547643,0.0,0.7,5935476515.858153,5935.476515858153,0.8837567154089728,0.6000195680791264
SRI6,B,783,-0.046336383224570565,113.05058544673369,0.0,0.7,5114622433.020194,5114.622433020194,0.8818621695663004,0.5990233749599745
SRI6,B,784,0.0,397.7724436479998,0.0,0.7,6506907801.365455,6506.907801365454,0.9050414487494218,0.568968584338421
SRI6,B,787,0.0,800.6206208665557,0.0,0.7,7481310133.551951,7481.310133551951,0.9233731810580993,0.521391468317501
SRI6,B,791,-1.6593003881580586,368.54643613377795,0.0,0.7,6407245648.666051,6407.245648666051,0.882155690753193,0.6025812075283737
SRI6,B,793,0.0,116.74283965662492,0.0,0.7,5145274215.3663225,5145.274215366322,0.8822535311488244,0.5985074892375566
SRI6,B,800,0.0,1393.8387626505923,0.0,0.7,8376647243.5824585,8376.647243582458,0.9383160778453766,0.43326395559824954
SRI6,B,801,0.0,0.0,-0.21370382481307454,0.7023111342508234,987323598.0731592,987.3235980731592,0.8618137830433702,0.6100348667591704
SRI6,B,807,-1.240166783421693,326.61671268694454,0.0,0.7,6258378007.303716,6258.378007303716,0.8870566051161632,0.5974757177927207
SRI6,B,808,-2.6097730773865777,0.0,-0.38498032791388914,0.7007269026862116,909815024.6247821,909.815024624782,0.8553918952574092,0.6100348667591704
SRI6,B,813,-1.2382303236332515,347.93396847820543,0.0,0.7,6336019976.637987,6336.019976637987,0.88809727114242,0.5965951542320419
SRI6,B,815,-2.0797868241685307,0.0,-1.192087867373377,0.9461844510244117,91586828.87193616,91.58682887193616,0.7651029992528552,0.6100348667591704
SRI6,B,817,-1.0919644339205465,327.5753483938927,0.0,0.7,6262201232.851782,6262.201232851782,0.8892001992386236,0.5950652862276301
SRI6,B,818,0.0,168.78467862542652,0.0,0.7,5513888151.3748255,5513.888151374826,0.8870121322090582,0.5929216921051695
SRI6,B,821,-3.515805601744306,0.0,-0.9813785328171601,0.7004562823794039,612655579.8923484,612.6555798923484,0.8254794179385919,0.6100348667591704
SRI6,B,822,0.0,500.4940826606861,0.0,0.7,6809232394.084911,6809.232394084911,0.9108229266730707,0.5577347280037002
SRI6,B,828,-0.13144202999401938,0.0,-0.503009886884156,0.7,854129631.2707804,854.1296312707805,0.850046251823389,0.6100348667591704
SRI6,B,829,-0.0003577276934708857,183.39132325079834,-0.0004770772751475916,0.7,5601226300.547179,5601.22630054718,0.8883374248407868,0.5913562457750738
SRI6,B,831,0.0,287.7586607990127,0.0,0.7,6107902257.006355,6107.902257006355,0.8972142170989433,0.5809584800939268
SRI6,B,832,0.0,569.2556689782555,0.0,0.7,6985999901.5157175,6985.999901515717,0.9139360301704201,0.5497473938876437
SRI6,B,836,-1.7396723770953724,344.2384999865071,0.0,0.7,6322291474.699926,6322.291474699927,0.8806791902373073,0.6040043405557334
SRI6,B,838,-1.3685999394310817,240.59468759812017,0.0,0.7,5898594888.075385,5898.594888075385,0.8814263350766713,0.6019941651545878
SRI6,B,842,0.0,608.6110461318308,0.0,0.7,7079903394.51404,7079.90339451404,0.9158750489201979,0.5451755790372506
SRI6,B,845,-0.008560246873162147,326.61671268694454,0.0,0.7,6260369812.202709,6260.369812202709,0.9001316398050309,0.5770626534315295
SRI6,B,846,-0.8924283517035403,0.0,-0.9398686156585627,0.9848922528065459,32169171.682366375,32.169171682366375,0.7588501085138931,0.6100348667591704
SRI6,B,847,-4.563615652419459e-05,1028.6913316065193,-0.001810090276240628,0.7,7870967729.063094,7870.967729063094,0.9299907496353221,0.4899669121571139
SRI6,B,848,-1.272500354149148,476.9938697611625,0.0,0.7,6741522327.943372,6741.522327943372,0.8922599352474472,0.5921567581029636
SRI6,B,851,-2.4073730459134857,0.0,-0.6567237520312529,0.7452600340546629,662423571.5638405,662.4235715638405,0.8303714377201409,0.6100348667591704
SRI6,B,853,-0.6674843243482389,0.0,-0.4787995143090081,0.7,865907820.3176787,865.9078203176787,0.8513982281993809,0.6100348667591704
SRI6,B,854,-1.2181896471967864,424.71110868813224,0.0,0.7,6588894172.27353,6588.89417227353,0.8912548475468746,0.5930728999893264
SRI6,B,855,0.0,37.371414450936456,0.0,0.7,4189970197.454363,4189.970197454363,0.8744707724054506,0.6066104529120859
SRI6,B,857,-4.0,0.0,-1.1725012585875583,0.8923123159123831,186221106.5304668,186.22110653046678,0.7761945422848401,0.6100348667591704
SRI6,B,859,0.0,432.99762673672353,0.0,0.700323633940012,6615484164.966272,6615.484164966272,0.9070605187319885,0.5651083360017078
SRI6,B,860,-2.8682513547400514,0.0,-0.7474206745285384,0.7183769751531742,689503692.3011245,689.5036923011245,0.8339203757071192,0.6100348667591704
SRI6,B,861,-1.24814227544783,0.0,-1.0999292052847232,0.700837523173717,553102663.7454988,553.1026637454988,0.819724623759206,0.6100348667591704
SRI6,B,863,-1.083248558233683,543.94035053171,-0.007725256071176728,0.7013474986817585,6910924851.593286,6910.924851593286,0.8967961717721564,0.5842583698011171
SRI6,B,864,-3.5844100550944282,0.0,-1.011589411484163,0.828092871528171,343009393.9542408,343.0093939542408,0.7937079731027857,0.6100348667591704
SRI6,B,866,0.0,0.0,-0.5680209172658883,0.7,824119240.5645751,824.1192405645751,0.8474579286298789,0.6100348667591704
SRI6,B,870,-0.008560246873162147,93.35470541691285,0.0,0.7,4936920468.996061,4936.920468996062,0.8802878286547833,0.6008022912441741
SRI6,B,871,0.0,253.69469506656804,0.0,0.7,5960798034.646503,5960.798034646504,0.8943323727185399,0.584329526452485
SRI6,B,872,0.0,24.153960696300373,0.0,0.7,3886942385.7399445,3886.9423857399443,0.8731899526808266,0.607775643078237
SRI6,B,874,0.0,268.6757553671982,0.0,0.7,6027251789.773347,6027.251789773347,0.8957377165830573,0.5827196072152845
SRI6,B,876,0.0,2075.7162044737333,0.0,0.7,9096007112.591003,9096.007112591004,0.9475397587789518,0.3331198633792294
SRI6,B,877,-0.004681940402030438,353.1971870141879,-0.0005554333930711947,0.7,6356596109.0547285,6356.596109054729,0.9021596043690182,0.574207492795389
SRI6,B,878,0.0,549.0421925217167,0.0,0.7002928037188023,6934735354.770995,6934.735354770995,0.9129932045397944,0.5521133525456292
SRI6,B,880,-1.3831797288646046,0.0,-0.4236483404067366,0.7,893726127.3721358,893.7261273721358,0.8539865513928915,0.6100348667591704
SRI6,B,882,-3.515805601744306,0.0,-0.9935606835971288,0.7064520083830476,594128281.8320951,594.1282818320951,0.823531504607393,0.6100348667591704
SRI6,B,885,-0.0002465096080485306,74.84436394805506,0.0,0.7,4741536854.769846,4741.536854769846,0.8785000177891628,0.6026968370868467
SRI6,B,888,-4.932184109510212e-05,242.14208802442397,-0.001810090276240628,0.7,5906780851.295185,5906.780851295185,0.8934073362507561,0.585370192478742
SRI6,B,889,0.0,918.6576892301973,0.0,0.7,7692598317.624935,7692.598317624936,0.9270466431849717,0.505745899597965
SRI6,B,890,0.0,1101.2381387076616,0.0,0.7,7981816260.404046,7981.816260404046,0.9318941900594157,0.4793467819404419
SRI6,B,895,-0.0050387797747217565,625.9928206894915,0.0,0.7,7119955883.276229,7119.955883276229,0.9166044045967198,0.5432810331945779
SRI6,B,900,-1.190864974862616,484.50940438183443,-0.0022963360249972364,0.7,6761753310.607718,6761.753310607718,0.89388764364749,0.590128793538976
SRI6,B,903,0.0,912.4872297540063,-0.005528714243216315,0.700354363486307,7678088791.406348,7678.088791406348,0.9266730707652897,0.5066442523214858
SRI6,B,905,-1.4806157202680665,389.39419212537507,0.0,0.7,6476943837.779792,6476.9438377797915,0.8860159390899064,0.5991923720069734
SRI6,B,906,-3.5957185129419127,0.0,-0.6188445309780901,0.7240793639065142,735505303.6862483,735.5053036862483,0.8383676664176183,0.6100348667591704
SRI6,B,908,0.0,533.9136741337283,0.0,0.7000117703540668,6897276649.794881,6897.2766497948805,0.9122816380261144,0.553856690504145
SRI6,B,913,-1.8351028248194328,454.98444502307984,0.0,0.7001410564842863,6677564332.804238,6677.564332804238,0.8816931725193013,0.6032216173906856
SRI6,B,916,-2.4872226347712867,0.0,-0.667079383868297,0.7090033989039305,751911109.0424336,751.9111090424336,0.8405023659586581,0.6100348667591704
SRI6,B,918,0.0,340.3681902795606,0.0,0.700072872950158,6310683077.372461,6310.683077372461,0.9013057245526026,0.5755594691713808
SRI6,B,920,0.0,756.5192499488168,0.0,0.7,7396242678.078256,7396.242678078255,0.9217632618208987,0.526915003379941
SRI6,B,922,0.0,2003.8837441113246,0.0,0.7,9029647992.442379,9029.647992442378,0.946774824776746,0.3415430319849149
SRI6,B,925,-0.5043643304389818,476.9938697611625,0.0,0.7,6743239177.47714,6743.23917747714,0.9029601166969082,0.5738428149571282
SRI6,B,927,-0.5063109920607674,0.0,-1.3141282206144373,0.8175410137086969,272388094.1357157,272.38809413571573,0.78653004589604,0.6100348667591704
SRI6,B,928,0.0,1301.3692540119796,-0.013252285857231094,0.7005861616473833,8250373888.4005,8250.3738884005,0.93629700786281,0.4484381115024727
SRI6,B,931,-1.8830426153454565,0.0,-0.9728006961965796,0.8204030685407117,370356988.19008535,370.35698819008536,0.7968388657629772,0.6100348667591704
SRI6,B,934,0.0,590.4544100689131,-0.002218111418704094,0.7,7036359971.294857,7036.359971294857,0.914932223289572,0.5472124381826592
SRI6,B,935,-1.2879406673107159,171.02422222895296,0.0,0.7,5526695868.2744,5526.6958682744,0.8793183192798945,0.6035685060661046
SRI6,B,938,0.0,1360.2654610202335,0.0,0.7,8334686166.061226,8334.686166061227,0.9377112463087487,0.4387163340093215
SRI6,B,947,-0.0002465096080485306,216.93717502948556,0.0,0.7,5783966265.594683,5783.966265594683,0.8912904258725582,0.5878962536023055
SRI6,B,948,0.0,82.52863110659348,0.0,0.7,4826685604.229362,4826.685604229361,0.8791137439072118,0.6018874301775358
SRI6,B,949,0.0,890.5816216298415,-0.005528714243216315,0.700354363486307,7640278761.627285,7640.278761627285,0.9260504500658198,0.5096595154232043
SRI6,B,953,-1.5051285371753271,916.6680790078061,0.0,0.7,7683250821.247322,7683.250821247322,0.8972053225175223,0.5830753904721244
SRI6,B,954,-0.020728756102612444,150.88197777412933,0.0,0.7,5398316161.62306,5398.31616162306,0.8852776888319633,0.5949318675063152
SRI6,B,956,-0.004487760184374684,377.6645585253499,-0.0005554333930711947,0.7,6440623315.264099,6440.623315264099,0.9036449994663251,0.5713345429964066
SRI6,B,957,-3.983730359449236,0.0,-1.1046142336908966,0.9607357203661822,72385478.81352285,72.38547881352285,0.7628259864090794,0.6100348667591704
SRI6,B,958,-2.8588469196883604,0.0,-0.8198340265637487,0.8366898037581955,379320897.7505603,379.3208977505603,0.7972924894154481,0.6100348667591704
SRI6,B,959,-1.683735590820139,0.0,-0.9719511673254777,0.9242248987947784,156496997.39379936,156.49699739379938,0.7721741914825488,0.6100348667591704
SRI6,B,960,-0.004901325136409479,1458.8160636506082,0.0,0.7,8455659446.643729,8455.65944664373,0.9393923221973174,0.42295513573131244
SRI6,B,961,-0.37402155676833965,0.0,-0.42684326716339965,0.9905568871749981,28210838.227074716,28.210838227074717,0.7583342227914754,0.6100348667591704
SRI6,B,962,-0.1908426938634884,0.0,-1.136849072773836,0.7365862454474013,470877238.811747,470.877238811747,0.8101718433130538,0.6100348667591704
SRI6,B,964,-4.0,0.0,-0.3796858806273713,0.9632494706503704,112143479.73936656,112.14347973936655,0.7669708613512648,0.6100348667591704
SRI6,B,966,-2.4732337736849503,0.0,-0.7986347738662105,0.7001711443811891,707689155.2731391,707.6891552731391,0.83579713238695,0.6100348667591704
SRI6,B,968,-0.16170327938435358,0.0,-0.6887566871581747,0.7001794069422724,763954398.3856204,763.9543983856204,0.8420678122887537,0.6100348667591704
SRI6,B,969,0.0,61.30524994583692,0.0,0.7,4573662548.257302,4573.662548257303,0.8772369872273811,0.6040932863699434
SRI6,B,970,0.0,872.9773257350543,-4.951641850574291e-06,0.7000725229299626,7613178317.213464,7613.178317213464,0.9258014017860319,0.5119543174298218
SRI6,B,971,-2.9909699370597886,0.0,-1.100737692771428,0.7693329767972311,426084056.0910023,426.0840560910023,0.8049329348560857,0.6100348667591704
SRI6,B,974,0.0,1619.7679567431976,0.0,0.7,8640188541.17261,8640.188541172609,0.9420340128793538,0.3965915963994735
SRI6,B,975,0.0,607.5488653799007,0.0,0.7,7077424432.327973,7077.424432327974,0.9158216814316719,0.5452912085957236
SRI6,B,976,0.0,252.73231279584155,0.0,0.7,5956427791.209778,5956.427791209778,0.8942790052300138,0.5844095776852741
SRI6,B,978,-0.477823638468474,296.85804312098486,0.0,0.7,6144173614.851636,6144.173614851636,0.8936563845305441,0.5875582595083075
SRI6,B,979,-1.2917525352192465,103.5796314486255,0.0,0.7,5031857987.370348,5031.857987370348,0.8759294837584943,0.606388088376561
SRI6,B,984,-4.0,0.0,0.0,0.97284994032246,99283341.190102,99.28334119010199,0.7657434091151671,0.6100348667591704
SRI6,B,988,-0.002594532415903029,225.54675227931983,0.0,0.7,5827303074.724758,5827.3030747247585,0.8919397303162911,0.5870779521115737
SRI6,B,991,0.0,356.85044467208775,-0.005855205770165582,0.7,6366615459.68365,6366.61545968365,0.9022841285089123,0.5738072366314442
SRI6,B,994,-0.0021505582353049772,1145.7086987247171,-0.0023408470086276733,0.7008503476246652,8042546667.541656,8042.546667541656,0.9328992777599886,0.47309389120148004
SRI6,B,995,0.0,532.4600793929563,0.0,0.7,6893579161.838657,6893.5791618386575,0.9122104813747465,0.5541591062724588
SRI6,B,996,-0.0067058203287978305,433.8211968555149,-0.0035921278656105005,0.7,6617680805.751745,6617.6808057517455,0.9070427295691466,0.5651350197459708
SRI6,B,999,-2.7959777430621857,0.0,-1.1046142336908966,0.83077401126662,311530876.0144743,311.53087601447425,0.7907638666524354,0.6100348667591704
SRI6,B,1000,-0.004901325136409479,1933.7264436925016,0.0,0.7000012473353423,8963028670.702608,8963.028670702608,0.9459832070302772,0.35089123705838404
SRI6,B,1007,0.0,199.5412265711551,0.0,0.7,5692245187.222389,5692.245187222389,0.8897516632867258,0.5896484861422421
SRI6,B,1008,-1.1968760741719193,383.2611604787552,0.0,0.7,6457228490.22719,6457.22849022719,0.8902230761020387,0.5946828192265272
SRI6,B,1009,-1.118415080012485,356.3216565590658,-2.5402588054473062e-05,0.7,6365813603.103698,6365.8136031036975,0.8902052869391965,0.5943003522254243
SRI6,B,1012,-0.4196449265965707,77.05659242035495,-0.0024679678175867866,0.700021863310672,4765460572.073539,4765.460572073539,0.8774504571814851,0.6042444942541004
SRI6,B,1015,-1.7899024143975573,322.48992506994443,0.0,0.7,6242326125.539345,6242.3261255393445,0.8795495783968406,0.6046981179065712
SRI6,B,1016,-1.4204334186251857,0.0,-1.124097127955967,0.818212232042582,328849619.0962926,328.8496190962926,0.7929341445191589,0.6100348667591704
SRI6,B,1017,-2.334204491667987,0.0,-0.7889047607857591,0.8881897478673016,265665830.15567723,265.6658301556772,0.7841551926566337,0.6100348667591704
SRI6,B,1019,-2.375430427623926e-06,1807.2975105616022,0.0,0.7000132692243181,8838158541.29882,8838.15854129882,0.9444711281887074,0.36812004127085773
SRI6,B,1021,-0.01143767943319926,0.0,-0.030508146655242707,0.7056911116294482,1059541434.6478882,1059.541434647888,0.8674351585014412,0.6100348667591704
SRI6,B,1022,-0.012812839243658603,15.04552862408434,0.0,0.7,3591758994.748394,3591.758994748394,0.872042551677518,0.6086028391503897
SRI6,B,1024,0.0,1164.870475571287,0.0,0.7,8073980556.740264,8073.980556740264,0.9334507418080904,0.4700608389369197
SRI6,B,1025,0.0,916.9906195088074,0.0,0.7,7689763522.913702,7689.763522913702,0.9270110648592876,0.506066104529121
SRI6,B,1026,-0.00020863810518407817,447.9731860823124,-0.0008239683966663035,0.7,6660841467.769091,6660.841467769091,0.908012238944035,0.5631782118333511
SRI6,B,1027,0.0,759.4252764103235,0.0,0.7,7401962769.373272,7401.962769373272,0.9218255238908456,0.526612587611627
SRI6,B,1029,-0.3545536368444029,123.56244585726085,-0.0004860934317237322,0.7,5199522902.849288,5199.522902849288,0.8814085459138293,0.5999839897534422
SRI6,B,1034,-1.6709841955950626,387.29902985060073,-0.00010420926639685907,0.7000010051028843,6469820391.4681225,6469.820391468123,0.882449211940086,0.6024211050627957
SRI6,B,1035,-0.005965584184669415,550.3916254617254,0.0,0.7,6939209687.639912,6939.209687639912,0.9131088340982674,0.5520955633827873
SRI6,B,1036,-0.002795315367416249,2012.2258472070932,0.0,0.7000012055916297,9037420359.110558,9037.420359110558,0.9468548760095351,0.340324474330238
SRI6,B,1038,0.0,1505.4946723139667,-0.0008162850754203019,0.700000712641742,8510284820.496291,8510.284820496292,0.9402017291066281,0.4149855907780979
SRI6,B,1041,-1.6668039260899343,0.0,-0.8274876353098406,0.7158637698078211,656117992.3820572,656.1179923820572,0.8301401786031948,0.6100348667591704
SRI6,B,1043,-4.0,0.0,-1.117350623334073,0.9487008137291871,93437367.70169327,93.43736770169326,0.7652631017184333,0.6100348667591704
SRI6,B,1049,0.0,310.500595053297,0.0,0.7,6198902913.1836405,6198.9029131836405,0.8990287117088271,0.5786192051802043
SRI6,B,1054,-2.7988149102458766,0.0,-0.744036940038969,0.9318993616305586,167201169.2497478,167.2011692497478,0.7729924929732805,0.6100348667591704
SRI6,B,1055,0.0,467.9655747628402,0.0,0.700037540336733,6718910483.878526,6718.910483878526,0.909061799551713,0.5613014551535206
SRI6,B,1057,-0.10557312486845269,0.0,-0.5657791383847153,0.7137333136066644,787574326.1130729,787.5743261130729,0.8437310990144804,0.6100348667591704
SRI6,B,1058,-8.07700896260392e-05,29.247757837599238,-0.002703345741959206,0.7006704456165351,4012465409.465731,4012.465409465731,0.8733856334720888,0.607348703170029
SRI6,B,1059,-3.1313130386345455e-06,211.16319576365925,-0.0003496585920432497,0.7000011949234289,5754018699.145629,5754.0186991456285,0.8907211726616145,0.5884744013946703
SRI6,B,1061,0.0,490.59470807858213,0.0,0.7,6782285497.132564,6782.285497132563,0.9103070409506527,0.5589621802397979
SRI6,B,1063,-2.565712546517455,0.0,-0.7543915207088974,0.7060706541814062,716035039.114702,716.0350391147019,0.8367488525989967,0.6100348667591704
SRI6,B,1064,0.0,661.2890019689894,0.0,0.700001457034915,7198675738.207318,7198.675738207318,0.9181965346710783,0.5389938449496567
SRI6,B,1065,-1.6873171150075574,490.59470807858213,-1.2074988789931803e-06,0.7,6778429879.462955,6778.429879462956,0.8847884868538087,0.600731134592806
SRI6,B,1067,0.0,238.13123327604717,0.0,0.7,5888442721.8259115,5888.442721825912,0.8930871313196002,0.5857971323869497
SRI6,B,1068,-2.6824768170366807e-05,574.5228278271936,-0.005394575133647437,0.7,6996285215.606233,6996.285215606233,0.914122816380261,0.5491425623510159
SRI6,B,1069,-0.1198426876496157,0.0,-1.0624613750851428,0.8103095155742717,362399019.5452884,362.3990195452884,0.7967232362045044,0.6100348667591704
SRI6,B,1071,0.0,731.1822775088152,0.0,0.7,7345629359.817865,7345.629359817865,0.9209271711673248,0.5302949443199203
SRI6,B,1072,-0.0028240752854033872,717.4784406021781,-0.0015379564868527756,0.7,7317112430.698597,7317.112430698597,0.9203045504678551,0.531753655672964
SRI6,B,1074,0.0,150.43594890709468,-0.002432465391251948,0.7002552423065248,5393431846.951733,5393.431846951733,0.8851798484363326,0.5947628704593162
SRI6,B,1076,0.0,1761.0141381996252,0.0,0.7,8790791446.19398,8790.79144619398,0.9439285587220264,0.37511118226776247
SRI6,B,1077,-1.8090618769182991,427.7695770672917,-0.002321157636085574,0.7,6596412681.964357,6596.412681964357,0.8814797025651973,0.6033461415305796
SRI6,B,1078,-1.5947775611641766,387.29902985060073,-0.00010420926639685907,0.7000010051028843,6469902339.551672,6469.902339551672,0.8838100828974987,0.601069128686804
SRI6,B,1081,0.0,1314.140245298422,0.0,0.7000000170308459,8275994457.036333,8275.994457036333,0.9368306827480697,0.44657024940406304
SRI6,B,1086,0.0,286.74680229433505,0.0,0.7,6103704032.808759,6103.704032808759,0.8971430604475754,0.5810296367452948
SRI6,B,1090,-1.4197600679556786,0.0,-0.9726587932588273,0.701685669756298,615142238.5688976,615.1422385688976,0.8257106770555379,0.6100348667591704
SRI6,B,1094,-0.5908975997230281,95.05948831269023,0.0,0.7,4953121654.434996,4953.121654434995,0.8784911232077418,0.6035774006475255
SRI6,B,1096,-8.074617926729737e-06,50.99271330733046,0.0,0.7000125964787363,4425572766.092945,4425.572766092945,0.8761429537125982,0.6051428469776212
SRI6,B,1097,-0.0015826542200874094,1104.7766867877112,0.0,0.7000109120677706,7987024238.388258,7987.024238388258,0.9319920304550466,0.47896431493933894
SRI6,B,1100,0.0,337.56742065369536,-1.3117887029690141e-05,0.7000267249056706,6300670898.641451,6300.670898641451,0.9011100437613407,0.5758085174511687
SRI6,B,1101,-1.6668039260899343,0.0,-1.0793599231814017,0.7350694740205986,498631135.11001915,498.63113511001916,0.8131604226705093,0.6100348667591704
SRI6,B,1103,0.0,191.14143968867916,-1.835286076203764e-08,0.7000015962280378,5645743090.423446,5645.743090423446,0.8890400967730457,0.5904756822143951
SRI6,B,1104,-2.2680673159310385,0.0,-0.1687340494096033,0.7016829077347586,1009857651.842369,1009.8576518423689,0.8635926993275695,0.6100348667591704
SRI6,B,1106,-0.48853782516819844,331.2022791957015,-5.0279801514994204e-06,0.7000748649511904,6276265942.837231,6276.265942837231,0.8959422919557406,0.5851567225246379
SRI6,B,1107,0.0,400.2925009748884,0.0,0.7000700303388367,6514746084.053176,6514.746084053176,0.9052104457964207,0.568666168570107
SRI6,B,1108,-1.7993540715269551,140.37930059968357,-1.9472128390042507e-07,0.700122829273091,5324175700.102827,5324.175700102827,0.8745063507311346,0.6077044864268687
SRI6,B,1110,-2.6422456704821844,0.0,-0.6051251545299241,0.7015322886126278,801934398.505351,801.9343985053509,0.8451809157861031,0.6100348667591704
SRI6,B,1112,-1.1088663874887434,448.57925023416846,-0.0008144961698997749,0.7,6660145820.159661,6660.1458201596615,0.8940121677873838,0.5896040132351372
SRI6,B,1114,-0.00044797736590344774,1658.4219054839205,0.0,0.7000012135896537,8682332641.177229,8682.332641177229,0.9427455793930337,0.3903298110790906
SRI6,B,1115,-0.0034184670635989192,0.0,-0.5657791383847153,0.7000543752500691,825201275.0974034,825.2012750974034,0.8475913473511938,0.6100348667591704
SRI6,B,1120,0.0,977.8308430744814,0.0,0.700037540336733,7790676865.931732,7790.676865931732,0.9286120895150674,0.49765183050485645
SRI6,B,1121,-0.7736554398408249,335.8094220629589,-0.0026592371148302296,0.7,6291978092.812158,6291.978092812157,0.8933895470879141,0.5897196427936101
SRI6,B,1123,-0.002594532415903029,993.8419864212447,-5.2415758557847495e-05,0.7000001535039595,7816619876.197262,7816.619876197262,0.9290568185861174,0.49530366100971285
SRI6,B,1125,-1.6668039260899343,0.0,-1.108761553038201,0.7350694740205986,485773782.6652298,485.7737826652298,0.8119418650158323,0.6100348667591704
SRI6,B,1128,-0.5777185715846898,191.82093727112488,0.0,0.7,5648999186.318615,5648.999186318615,0.8856423666702246,0.5961148468353079
SRI6,B,1129,-3.5626098391332e-05,783.4887999769973,0.0,0.7007942506124479,7445794569.027718,7445.794569027717,0.9225815633116305,0.5235706407656455
SRI6,B,1130,-2.551576758148035,0.0,-0.8488106823918602,0.7000158318251857,681911548.6934218,681.9115486934219,0.8329152880065466,0.6100348667591704
SRI6,B,1131,-0.5714721029995632,154.6591446019133,-0.00011853104439166814,0.700028195115856,5422995353.663157,5422.995353663157,0.8828405735226099,0.5987743266801864
SRI6,B,1133,-1.8164806633522297,849.5585252608173,-0.0014817585925944907,0.7,7564625995.186839,7564.625995186839,0.8883463194222079,0.59586579855552
SRI6,B,1134,-0.6063141495351018,483.43391831254525,-0.00106151362132903,0.7007423178893903,6757691407.567238,6757.691407567238,0.9019817127405985,0.5755416800085388
SRI6,B,1135,-1.6226931904785449,0.0,-1.00675613822042,0.7037570414264417,593254650.5241742,593.2546505241742,0.8234247696303413,0.6100348667591704
SRI6,B,1136,-0.07704933320536955,166.6181700270846,0.0,0.7,5500361241.199754,5500.361241199754,0.8863094602767994,0.5937044152702173
SRI6,B,1140,-3.72555013997932,0.0,-0.4222878501995527,0.7000059186931228,894898256.3790793,894.8982563790794,0.8541199701142064,0.6100348667591704
SRI6,B,1142,-1.2987078629193329e-05,1253.230498786892,0.0,0.7,8195783030.653674,8195.783030653674,0.9356121250933931,0.45614971359447826
SRI6,B,1143,-1.1701339058824312,490.537539072977,-0.0007708425256496955,0.7,6778922293.970274,6778.922293970274,0.8943501618813818,0.589310492048244
SRI6,B,1145,-1.4337836884039186,490.0028582764606,0.0,0.7,6777270188.438462,6777.270188438462,0.8896982957981997,0.5948785000177892
SRI6,B,1146,-1.7762148978488579,343.48358129244264,0.0,0.700001167598817,6319562948.021846,6319.562948021846,0.8802344611662576,0.6042711779983633
SRI6,B,1150,-2.0331070085007097,0.0,-0.9580509575382519,0.9938879691827429,12906517.335948333,12.906517335948333,0.7567954602056427,0.6100348667591704
SRI6,B,1152,-7.928012593082755e-06,1198.2502626618918,0.0,0.7000048294838497,8120846691.64069,8120.84669164069,0.9342423595545595,0.4649553492012665
SRI6,B,1153,-3.3313183045755537,0.0,-0.46640091848412757,0.700704637922892,870802326.8683145,870.8023268683145,0.8518785355961149,0.6100348667591704
SRI6,B,1155,-0.35701898783634145,97.68959415760632,-0.004705450822979903,0.7,4976063994.834154,4976.063994834154,0.8794072650941046,0.6023321592485856
SRI6,B,1159,0.0,514.2904448178958,-0.0057448465834576724,0.7000267249056706,6843192471.418191,6843.1924714181905,0.9112142882555946,0.5561603870921834
SRI6,B,1160,0.0,271.57584809905325,0.0,0.7000015494001911,6039730263.443994,6039.730263443994,0.8959956594442664,0.5824883480983386
SRI6,B,1162,-0.00013460410766022706,417.32107636544777,0.0,0.7,6568684683.607933,6568.684683607933,0.9062422172412566,0.5666737823318034
SRI6,B,1163,0.0,118.13654094388039,0.0,0.7,5156644683.530757,5156.644683530757,0.8823602661258763,0.5983295976091367
SRI6,B,1166,0.0,386.61873303042233,0.0,0.7002380469831068,6469741798.102044,6469.741798102044,0.904249831002953,0.5703027715515707
SRI6,B,1167,-3.9327066764704517,0.0,-1.0334317233515158,0.705654447940422,577488582.6846786,577.4885826846786,0.8217525883231935,0.6100348667591704
SRI6,B,1168,0.0,1227.7712604405913,0.0,0.7,8161381297.586912,8161.381297586912,0.9350428718824491,0.46042800725797833
SRI6,B,1169,-0.0017479588323808387,110.63704156291,-0.005413439612229757,0.7,5091639219.656884,5091.639219656884,0.8816131212865123,0.5990500587042376
SRI6,B,1172,0.0,373.75488383061565,-0.005446128223461244,0.7,6425067368.091462,6425.067368091462,0.9033158999537482,0.5716992208346675
SRI6,B,1174,-1.989221893818359,661.2890019689894,0.0,0.7000143188192072,7193136310.471986,7193.136310471986,0.8821734799160351,0.6027857829010566
SRI6,B,1178,-1.8243955235484437,681.3555800235059,0.0,0.7,7236695052.092942,7236.695052092942,0.8858202582986444,0.5993080015654463
SRI6,B,1179,0.0,39.69430768215727,0.0,0.7,4234346690.101764,4234.346690101765,0.8747376098480806,0.606334720888035
SRI6,B,1180,0.0,173.3083573168832,-0.0008162850754203019,0.7000007262876163,5541190205.76723,5541.19020576723,0.887341231721635,0.5924413847084357
SRI6,B,1182,-0.012487680064271839,72.31295677598584,0.0,0.7,4712019861.782547,4712.019861782547,0.8782598640907956,0.6029903582737397
SRI6,B,1186,-0.0039098732503618505,784.6402135620297,-0.0015034664755671162,0.7000072544059951,7450331602.64436,7450.33160264436,0.9226705091258405,0.5234728003700145
SRI6,B,1191,-0.5777185715846898,186.30623896563924,0.0,0.7008266810186884,5614694379.805049,5614.694379805049,0.8848863272494396,0.5965062084178319
SRI6,B,1193,-0.001137876967785001,137.93323659128544,-0.005241803654985419,0.7,5305621602.991783,5305.621602991783,0.8842370228057066,0.5961148468353079
SRI6,B,1194,-1.827018832756634,786.6440371223556,0.0,0.700002661144329,7448681019.135766,7448.681019135766,0.8873145479773723,0.5972622478386168
SRI6,B,1198,-0.005532883108950504,106.2082035051535,0.0,0.7,5055786800.795756,5055.786800795757,0.8813640730067243,0.5995748390080763
SRI6,B,1200,0.0,534.4129481673119,0.0,0.7,6898603382.328291,6898.6033823282905,0.9122994271889565,0.5538211121784609
SRI6,B,1202,0.0,224.51083106559489,0.0,0.7,5822155242.688256,5822.155242688256,0.8918863628277651,0.5871402141815207
SRI6,B,1204,0.0,610.0233152764904,0.0,0.7,7083190890.590912,7083.190890590912,0.9159106272458819,0.5450065819902515
SRI6,B,1205,-1.4463953022753915,0.0,-0.45860864465110684,0.7032502183474505,867570418.6136914,867.5704186136915,0.8515672252463798,0.6100348667591704
SRI6,B,1210,0.0,1072.845554281159,0.0,0.7,7939373396.567931,7939.373396567931,0.931111466894368,0.48352723520831103
SRI6,B,1216,0.0,253.101450613025,0.0,0.7,5958106287.547278,5958.106287547278,0.8943056889742769,0.5843739993595902
SRI6,B,1220,0.0,92.96483176969137,0.0,0.7,4933126548.601464,4933.1265486014645,0.8802433557476784,0.6008022912441741
SRI6,B,1221,-0.5643309164041551,0.0,-0.35831248638098157,0.9579506178450521,129789222.82531126,129.78922282531127,0.7688031451239904,0.6100348667591704
SRI6,B,1223,0.0,60.9166591030075,0.0,0.7,4568439063.890664,4568.439063890664,0.8772014089016971,0.6040932863699434
SRI6,B,1225,0.0,311.4809779521572,0.0,0.7,6202716874.724709,6202.716874724709,0.899117657523037,0.5785035756217313
SRI6,B,1226,-0.0001510758225502797,1137.1574854970556,0.0,0.7,8034341167.553383,8034.341167553383,0.9327925427829366,0.4743035542747358
SRI6,B,1228,-0.0002810287848948969,71.35635432416007,-1.528181801257306e-05,0.7000016727282914,4700662780.0059595,4700.66278000596,0.8781442345323227,0.6029992528551608
SRI6,B,1230,0.0,897.720420189804,0.0,0.7,7656712226.575407,7656.712226575407,0.9264329170669228,0.5087255843739994
SRI6,B,1231,-2.0220363565242403,0.0,-0.953073040642471,0.7902065481840573,440397648.2310099,440.3976482310099,0.8055377663927135,0.6100348667591704
SRI6,B,1233,-0.7405990231920838,344.89823748328786,0.0,0.700284360677156,6324938206.571313,6324.938206571313,0.894190059415804,0.5885722417903013
SRI6,B,1236,0.0,430.9824962262896,0.0,0.7,6610592289.782887,6610.592289782888,0.9070249404063045,0.5652506493044438
SRI6,B,1237,0.0,947.2206311455204,0.0,0.7,7740557385.831556,7740.5573858315565,0.9278738392571246,0.5020279645639876
SRI6,B,1239,-1.4463953022753915,0.0,-0.6496917757025716,0.7032502183474505,775805544.6186934,775.8055446186934,0.8428238517095384,0.6100348667591704
SRI6,B,1245,-0.32961717958504605,0.0,-1.3618362266401305,0.7994353872611404,282862608.9398085,282.86260893980847,0.7879264951791366,0.6100348667591704
SRI6,B,1246,-0.0009605160802377463,385.32663233054177,0.0,0.7001689785774805,6465721999.372333,6465.721999372333,0.9041697797701642,0.5704717685985697
SRI6,B,1247,-0.7961228920996615,279.16284007480897,0.0,0.7,6070912706.699418,6070.912706699418,0.8900451844736187,0.5931707403849573
SRI6,B,1248,0.0,0.0,-0.016082706941603894,0.9828068918508494,62407901.33292832,62.407901332928326,0.7621322090582416,0.6100348667591704
SRI6,B,1250,-0.7961228920996615,272.0214971561165,0.0,0.7,6040544151.0395,6040.5441510395,0.8896627174725156,0.5935532073860604
SRI6,B,1252,0.0,1392.5315853031875,0.0,0.7,8375023931.971606,8375.023931971606,0.9383071832639556,0.43345074180809046
SRI6,B,1253,-0.004702389645103352,852.3086876894643,-0.00040372345452326444,0.7,7576447553.775468,7576.447553775468,0.9250542569466682,0.5146938485074892
SRI6,B,1256,0.0,167.24238053384443,0.0,0.7,5504315927.165707,5504.315927165707,0.8868253459992173,0.5930906891521686
SRI6,B,1258,0.0,1196.7959778605848,0.0,0.7,8118845526.166905,8118.845526166905,0.9342067812288753,0.46516881915537056
SRI6,B,1259,0.0,199.14995073641353,0.0,0.7,5690113755.943844,5690.113755943844,0.8897160849610417,0.5897018536307681
SRI6,B,1265,0.0,1464.8519825722294,0.0,0.7,8462863896.723848,8462.863896723848,0.9395702138257372,0.4216921051695308
SRI6,B,1268,0.0,327.2274482831115,-0.001577677211844878,0.7,6262094001.713018,6262.094001713019,0.9003006368520298,0.5768580780588466
SRI6,B,1273,0.0,994.641756774575,0.0,0.7,7817935815.610753,7817.935815610753,0.9290746077489592,0.4952058206140819
SRI6,B,1274,-0.0009605160802377463,1946.3667671927278,0.0,0.7001689785774805,8974630563.680704,8974.630563680705,0.9461522040772761,0.34888995623865937
SRI6,B,1282,-1.2664840325462819e-05,1862.8293834625297,0.0,0.7,8893788366.856148,8893.788366856148,0.9452627459351762,0.35987476429359233
SRI6,B,1283,-0.7019948940990729,315.93009272327305,0.0,0.7,6218731570.017916,6218.731570017916,0.8929981855053901,0.5895239620023482
SRI6,B,1284,-1.6509788528239828,0.0,-0.9617480514061514,0.7,624898791.8105451,624.898791810545,0.8267691322446367,0.6100348667591704
SRI6,B,1285,-1.7530490563947103,0.0,-0.5015310051748683,0.7,854973545.8459958,854.9735458459958,0.85014409221902,0.6100348667591704
SRI6,B,1286,-2.762734762339386,1290.1754428793865,0.0,0.7,8234999530.188201,8234.9995301882,0.8759561675027572,0.6071708115416087
SRI6,B,1288,-0.20618299899969708,0.0,-0.9820537045149476,0.8027038940115969,403333741.8380506,403.3337418380506,0.8011883160778455,0.6100348667591704
SRI6,B,1289,0.0,0.0,0.0,0.7065597386028561,1071744834.5468267,1071.7448345468267,0.868013306293806,0.6100348667591704
SRI6,B,1290,-3.7092320543801094,0.0,-0.4242921316249969,0.7,893352334.5640882,893.3523345640882,0.8539509730672075,0.6100348667591704
SRI6,B,1296,0.0,1611.5712468772128,0.0,0.7,8631138140.995037,8631.138140995037,0.9419539616465649,0.3977923648913081
SRI6,B,1297,0.0,2005.327600311797,0.0,0.7,9031000341.041222,9031.000341041221,0.9468015085210091,0.3413384566122319
SRI6,B,1298,0.0,0.0,-0.0750427739869437,0.9773175686321562,80129024.11900266,80.12902411900265,0.7638310741096525,0.6100348667591704
SRI6,B,1300,-0.019791410359414372,0.0,-1.0327876259183482,0.891917413680795,212250157.5472281,212.2501575472281,0.7786850250827198,0.6100348667591704
SRI6,B,1301,-1.7090075878736741,414.8108426025333,0.0,0.7,6557632565.937366,6557.632565937365,0.882973992243925,0.6025189454584269
SRI6,B,1302,-0.5392322367077047,422.72578565309686,0.0,0.7016208111785834,6578164543.206962,6578.164543206962,0.8998292240367168,0.5784857864588893
SRI6,B,1304,0.0,446.4228510176513,0.0,0.7,6656683849.165279,6656.68384916528,0.9079499768740882,0.5633649980431921
SRI6,B,1306,-1.402448977670271,449.0607434951859,0.0,0.7,6661362293.3807,6661.3622933807,0.888728786423311,0.595554488205785
SRI6,B,1308,-0.6470396641285716,407.2611137775846,0.0,0.7007525272767364,6533006122.506672,6533.006122506672,0.8979880456825703,0.5819991461201836
SRI6,B,1309,-1.3702184988784039,388.38587493889725,0.0,0.7000105178953825,6473763737.126991,6473.763737126991,0.8872700750702671,0.5970220941402498
SRI6,B,1317,-0.02752294701939101,0.0,-0.38785924542634337,0.7001733639848184,910095863.4274582,910.0958634274582,0.8554185790016722,0.6100348667591704
SRI6,B,1318,0.0,1315.8427249061992,0.0,0.7,8278178237.207996,8278.178237207996,0.9368662610737538,0.4462767282171701
SRI6,B,1319,-7.773266468007992e-05,0.0,-0.7025995519921028,0.7123709340335531,725811141.9710891,725.8111419710891,0.8379674102536735,0.6100348667591704
SRI6,B,1321,-1.4416750025625413,0.0,-0.6285517870589922,0.7004490854781231,793800623.0804423,793.8006230804423,0.8443981926210554,0.6100348667591704
SRI6,B,1322,0.0,0.0,-1.005124429744577,0.8393130364706759,322238837.83848673,322.23883783848675,0.7912886469562742,0.6100348667591704
SRI6,B,1323,-0.005562270765888471,337.3455382958594,0.0,0.7,6299957258.014382,6299.957258014382,0.9010655708542358,0.5759330415910627
SRI6,B,1325,-0.6280510222138957,0.0,-1.14422648913892,0.8230308044854303,314446702.00846165,314.44670200846167,0.7911374390721172,0.6100348667591704
SRI6,B,1328,-0.005618980303019532,158.00250688394055,0.0,0.7004843065786037,5443713067.39642,5443.713067396419,0.8858558366243285,0.5940957768527413
SRI6,B,1331,-0.7596112625033878,0.0,-0.00970900481965522,0.9957388907878066,15621228.350443361,15.621228350443362,0.7569644572526418,0.6100348667591704
SRI6,B,1332,0.0,1100.7211497649967,0.0,0.7,7981049189.02842,7981.04918902842,0.9318852954779947,0.4794446223360729
SRI6,B,1333,-0.014089337440356564,500.9966926657472,-1.0642962652767414e-06,0.7,6810561587.010071,6810.561587010071,0.9106539296260716,0.558072722097698
SRI6,B,1336,0.0,575.0559130371709,0.0,0.7,7000160626.49428,7000.16062649428,0.914265129682997,0.5490625111182269
SRI6,B,1341,-0.7170586046359513,364.65190392754346,0.0,0.7,6395342976.945917,6395.342976945917,0.8957555057458997,0.5865798555519978
SRI6,B,1343,-1.821788542767631,358.8871471536422,0.0,0.7,6373931293.784691,6373.931293784691,0.8799854128864694,0.6045558046038353
SRI6,B,1345,-1.7065941223038323,625.0522258070143,0.0,0.7,7112998464.715986,7112.998464715986,0.8873056533959511,0.5980894439107696
SRI6,B,1348,0.0,1280.6391432082764,-0.00013060136255668795,0.7,8232221121.068081,8232.221121068082,0.9362169566300209,0.45161347706976906
SRI6,B,1350,-1.4559762623115877,352.8082593729797,0.0,0.7001062814132064,6352606410.594177,6352.606410594177,0.8850464297150176,0.5998594656135482
SRI6,B,1352,-0.0013413219802004808,718.8163354220636,-0.006020664841031191,0.7007720067940693,7314331663.831118,7314.331663831118,0.9201177642580141,0.531593553207386
SRI6,B,1353,-9.816104299381688e-06,625.0522258070143,-0.0034271851058674044,0.700025022509789,7116315642.766778,7116.315642766778,0.9165065642010887,0.5433521898459459
SRI6,B,1355,-0.29369636044370107,0.0,-1.06630278626243,0.7294560511196356,515259101.0717435,515.2591010717435,0.8150994414202866,0.6100348667591704
SRI6,B,1356,-0.2534439623455361,0.0,-0.3251812428329602,0.7,941775833.4266961,941.7758334266961,0.8582915288006547,0.6100348667591704
SRI6,B,1357,-1.4463953022753915,0.0,-1.0115328296944723,0.7046691238292057,589282145.3155218,589.2821453155218,0.8228822001636603,0.6100348667591704
SRI6,B,1358,-0.008387681329611901,14.84302545313818,-8.7968426045415e-05,0.700133100016223,3583267011.946402,3583.267011946402,0.8719625004447289,0.6086206283132317
SRI6,B,1363,0.0,0.802963753179597,0.0,0.7000229632220043,2345241213.7218237,2345.241213721824,0.8704415270217383,0.6099459209449604
SRI6,B,1364,0.0,982.0861434625203,0.0,0.7004067389505781,7796189766.124101,7796.189766124101,0.9287277190735403,0.49703810438680757
SRI6,B,1365,-0.7128975020518755,95.0307768292331,-0.0036223310399692956,0.7,4951270774.787175,4951.2707747871755,0.878046394136692,0.6042000213469954
SRI6,B,1366,-3.0258567173062323,0.0,-0.953073040642471,0.8654194161179615,282559259.3913525,282.5592593913525,0.786547835058882,0.6100348667591704
SRI6,B,1368,-0.0007364696994183817,285.184464495181,0.0,0.7,6097231529.4203205,6097.231529420321,0.8970185363076814,0.5811541608851888
SRI6,B,1370,0.0,793.8056171101242,-0.009642413360103212,0.7,7463161372.68119,7463.161372681189,0.9229729248941545,0.5222186643896539
SRI6,B,1373,-0.00019467451052137662,686.5422944429113,-4.6398287013040896e-05,0.7000257216168012,7252946181.594782,7252.946181594782,0.9191571494645463,0.5357740064752553
SRI6,B,1378,0.0,133.29939162525343,0.0,0.7000155305191526,5274133398.777641,5274.133398777642,0.8839346070373926,0.5965951542320418
SRI6,B,1379,-1.4106511698965358,291.169207461754,0.0,0.7000089132175357,6119898340.706897,6119.898340706897,0.8831429892909239,0.600997972035436
SRI6,B,1380,-1.5984689321066214,0.0,-0.9713697268778725,0.7030537735513451,613129280.0323457,613.1292800323456,0.82563952040417,0.6100348667591704
SRI6,B,1389,-1.8696754712703223,166.05350099644937,-7.760062594488679e-05,0.7000676732062492,5495405493.50644,5495.4054935064405,0.8746308748710285,0.6076955918454477
SRI6,B,1392,-0.0002810287848948969,142.52548084364253,-1.528181801257306e-05,0.7000015514055835,5340785963.976574,5340.785963976574,0.8847618031095456,0.5956078556943111
SRI6,B,1394,0.0,1559.9111634984465,-1.190303718408281e-05,0.7,8573169616.91594,8573.16961691594,0.9411890276443591,0.4060643256128367
SRI6,B,1395,0.0,1516.8892189709238,0.0,0.7000004908937364,8523890241.983562,8523.890241983563,0.9404240936421531,0.4131710961682144
SRI6,B,1397,0.0,414.8108426025333,0.0,0.7000315228227805,6560769031.132626,6560.769031132626,0.9060554310314157,0.5669850926815384
SRI6,B,1398,0.0,369.34840735850116,0.0,0.7000244344140621,6412694954.96647,6412.69495496647,0.9031469029067493,0.5722417903013484
SRI6,B,1401,0.0,590.5666431973973,0.0,0.7,7037443268.03487,7037.44326803487,0.9149678016152559,0.5471857544383961
SRI6,B,1402,0.0,35.326432868432676,0.0,0.7,4149123305.511497,4149.123305511497,0.8742661970327675,0.606717187889138
SRI6,B,1408,0.0,546.6794457129374,0.0,0.7,6929860440.586796,6929.860440586795,0.9128953641441633,0.5523535062439962
SRI6,B,1409,0.0,1801.2985099632026,0.0,0.7000126055552017,8832067663.814322,8832.067663814321,0.9444177607001814,0.3690006048315367
SRI6,B,1415,-1.3655455863607437,0.0,-0.6697652173475301,0.7045483300219911,761953878.1362891,761.9538781362891,0.8415963994734409,0.6100348667591704
SRI6,B,1416,-0.706143001002546,293.44191362964744,0.0,0.7,6130051461.272243,6130.051461272243,0.8915928416408724,0.5910627245881809
SRI6,B,1430,-1.4372805663925365,267.2123425240863,0.0,0.7,6019049961.460421,6019.0499614604205,0.881960009961931,0.602056427224535
SRI6,B,1432,-0.005532883108950504,126.05509868739215,0.0,0.7000120527776921,5219331927.895982,5219.331927895982,0.8831607784537661,0.5974401394670367
SRI6,B,1433,0.0,86.35052016543473,-0.006479174804084573,0.7,4863458965.726472,4863.458965726472,0.8793361084427366,0.6015494360835378
SRI6,B,1434,-0.004754895560006855,354.3143442653353,0.0,0.7,6360775173.393489,6360.775173393489,0.9022218664389653,0.5740829686554951
SRI6,B,1435,-1.7162335305021532,510.7002750209258,-0.005256563980436835,0.7,6830149297.8031,6830.149297803099,0.8848062760166506,0.6006243996157541
SRI6,B,1437,-1.3297625716614296e-07,464.7522332672213,-0.0013471517668334765,0.7,6709362888.231625,6709.362888231624,0.908910591667556,0.5615416088518875
SRI6,B,1440,0.0,24.090096966188085,0.0,0.7,3885197977.420612,3885.197977420612,0.8731810580994057,0.607775643078237
SRI6,B,1444,0.0,1858.4068995803611,0.0,0.7,8889426069.621885,8889.426069621886,0.9452004838652293,0.3605596470630092
SRI6,B,1445,0.0,328.7814639370445,0.0,0.7,6268454240.020003,6268.454240020003,0.9004963176432916,0.5767157647561105
SRI6,B,1446,-1.7070477316423789,316.2988866132654,0.0,0.7,6218856122.067366,6218.8561220673655,0.8803945636318354,0.6042533888355214
SRI6,B,1447,-4.0,0.0,-0.6270433887047995,0.7,795698563.7758224,795.6985637758224,0.8446116625751592,0.6100348667591704
SRI6,B,1450,0.0,870.244685013718,0.0,0.7,7608605349.959148,7608.605349959148,0.9257302451346638,0.5123189952680827
SRI6,B,1451,0.0,299.13151762126734,0.0,0.7,6154089298.218361,6154.08929821836,0.8980058348454121,0.5797399224392501
SRI6,B,1453,0.0,309.44301701594236,0.0,0.7,6194787929.397194,6194.787929397194,0.8989130821503541,0.5787437293200982
SRI6,B,1454,0.0,169.51117658640845,0.0,0.7,5518376126.873003,5518.376126873003,0.8870654996975842,0.5928772191980646
SRI6,B,1458,-3.732066709485852,0.0,-0.4465638232525819,0.9958191277216699,12436292.235147247,12.436292235147247,0.7566442523214859,0.6100348667591704
SRI6,B,1460,-2.6215339719298822,0.0,-0.9195776056657805,0.82146811275199,385245531.2420232,385.2455312420232,0.7984309958373359,0.6100348667591704
SRI6,B,1461,0.0,461.7980238891332,0.0,0.7,6701426100.55578,6701.42610055578,0.9087415946205571,0.5618173408759384
SRI6,B,1462,0.0,55.68765385427912,0.0,0.7000101769154978,4495569121.246419,4495.569121246419,0.876667734016437,0.6046269612552032
SRI6,B,1464,-2.0063426182270403,281.40513617259,0.0,0.7,6079211597.099034,6079.211597099034,0.8761518482940192,0.607064076564557
SRI6,B,1466,0.0,270.1377567780547,0.0,0.7,6033533356.107885,6033.533356107885,0.8958622407229514,0.5825950830753905
SRI6,B,1468,0.0,1510.0860846811247,0.0,0.7000352303100044,8515902512.498223,8515.902512498224,0.9403084640836802,0.4142028676130501
SRI6,B,1469,-2.605088013490601,0.0,-1.100347816299374,0.8321820964811171,310142016.3451717,310.14201634517167,0.7904970292098054,0.6100348667591704
SRI6,B,1470,-2.2786585464873395,0.0,-1.0949073167633272,0.8623429788544197,255723918.26882097,255.72391826882097,0.7840306685167396,0.6100348667591704
SRI6,B,1471,0.0,183.79387041182167,0.0,0.7,5603767827.949718,5603.767827949719,0.8883996869107338,0.5912939837051268
SRI6,B,1472,-0.3267763387290259,71.25006050814636,0.0,0.7,4699281616.84731,4699.28161684731,0.877343722204433,0.6042000213469955
SRI6,B,1477,0.0,352.994746004953,0.0,0.7,6356130512.157689,6356.130512157689,0.9021862881132813,0.5741897036325471
SRI6,B,1478,-1.9754703694466103,0.0,-0.10690984784320712,0.7001722646475874,1042295476.7852373,1042.2954767852373,0.8659319742412921,0.6100348667591704
SRI6,B,1479,0.0,436.9674833194765,0.0,0.7,6628606834.236347,6628.606834236347,0.9073807236631444,0.5646191340235528
SRI6,B,1480,0.0,107.49524040773323,0.0,0.7,5067068585.46681,5067.06858546681,0.8814619134023552,0.5993969473796565
SRI6,B,1481,-1.2053923926328758,265.40675614155055,0.0,0.7,6011406453.350582,6011.4064533505825,0.8846639627139147,0.5993880527982353
SRI6,B,1482,-2.932131669888604,0.0,-1.120994692117796,0.7032690391883414,537983372.0192337,537.9833720192337,0.8182036503362151,0.6100348667591704
SRI6,B,1483,0.0,821.4209453485489,0.0,0.7,7520164862.205664,7520.164862205664,0.9240046963389902,0.5186341480769916
SRI6,B,1484,-2.458083880706244,0.0,-0.6612093636442928,0.8467847904066519,397386524.7133367,397.3865247133367,0.7987512007684919,0.6100348667591704
SRI6,B,1486,0.0,650.0617977115469,0.0,0.7,7173993815.914201,7173.993815914201,0.9177251218557655,0.5402924538371225
SRI6,B,1489,0.0,753.0507617211347,0.0,0.7,7389390902.904354,7389.390902904354,0.9216654214252678,0.5273063649624649
SRI6,B,1490,0.0,667.6098286958394,0.0,0.7,7212464178.182034,7212.464178182034,0.9184188992066034,0.5382467001102929
SRI6,B,1491,-2.2451722275315467,0.0,-0.45792534826249837,0.7,877656074.2534083,877.6560742534083,0.8525278400398478,0.6100348667591704
SRI6,B,1493,-0.5163285719501325,15.840050337586263,0.0,0.7,3622250695.448006,3622.2506954480064,0.87179350339773,0.6089230440815456
SRI6,B,1496,-2.458083880706244,0.0,-0.6612093636442928,0.7000203907708544,777913154.8939552,777.9131548939553,0.8432774753620095,0.6100348667591704
SRI6,B,1501,-0.4891637421906999,316.2988866132654,0.0,0.7000855550628453,6220111914.637166,6220.111914637166,0.8948393638595368,0.5861795993880529
SRI6,B,1502,-2.352047675802969,0.0,-0.2516626471810997,0.9801226771904221,64881274.4437562,64.8812744437562,0.7623278898495037,0.6100348667591704
SRI6,B,1503,0.0,447.6613665453147,0.0,0.7,6660320615.047816,6660.320615047816,0.9079944497811931,0.5632137901590352
SRI6,B,1505,0.0,157.96406074472307,-0.0007584293732737224,0.7,5444854079.442296,5444.854079442296,0.8859536770199595,0.5940513039456363
SRI6,B,1506,0.0,382.2884146385605,0.0,0.7,6456296470.214898,6456.296470214898,0.904009677304586,0.5708542355996725
SRI6,B,1507,0.0,681.1086766529622,0.0,0.7,7241476791.710729,7241.476791710728,0.9190059415803893,0.53653004589604
SRI6,B,1508,-1.5094347274066353,794.3267945863945,0.0,0.7,7463971533.3315115,7463.971533331512,0.8946703668125379,0.5875404703454656
SRI6,B,1509,-2.8596867324554363,0.0,-0.869514353069655,0.7,671630608.8929658,671.6306088929658,0.8319279894688156,0.6100348667591704
SRI6,B,1510,-0.08046243545316423,0.0,-1.092002304276956,0.7027494222872793,553698229.8774499,553.6982298774499,0.8197779912477318,0.6100348667591704
SRI6,B,1511,0.0,1617.7005768413935,0.0,0.7,8637903485.20247,8637.90348520247,0.9420073291350909,0.39688511758636646
SRI6,B,1512,-3.7266041641689474,0.0,-0.8422703013279261,0.9565805522736474,99214754.80887853,99.21475480887852,0.7656544633009571,0.6100348667591704
SRI6,B,1514,0.0,283.5514022262828,0.0,0.7000042631826217,6090427677.428795,6090.427677428795,0.8969206959120504,0.5813409470950298
SRI6,B,1516,0.0,338.9328176944826,0.0,0.7000255405507108,6305650374.81369,6305.65037481369,0.9011812004127087,0.5757195716369589
SRI6,B,1517,-2.6215378813425945,0.0,-1.0291743869505043,0.8823933781824869,231678116.82899168,231.67811682899168,0.7807218842281283,0.6100348667591704
SRI6,B,1518,-0.003992266112237125,202.2229247904462,0.0,0.7,5706766556.604845,5706.766556604845,0.8899562386594086,0.5893994378624542
SRI6,B,1520,0.0,0.0,-0.183436140540951,0.7106627856627634,973629548.8993545,973.6295488993544,0.8599903938520654,0.6100348667591704
SRI6,B,1523,-3.7332306135948786e-05,912.0053609984459,0.0,0.7000000989144622,7681291117.049358,7681.291117049358,0.9268331732308677,0.5066798306471698
SRI6,B,1525,-1.6497755786495563,363.7466703298238,0.0,0.7,6390835663.653026,6390.835663653025,0.882164585334614,0.6025634183655316
SRI6,B,1527,-0.0009316326823065046,588.58388827307,-3.4342706731901006e-06,0.7000011995427914,7032710951.178899,7032.7109511788985,0.9148966449638881,0.5474081189739212
SRI6,B,1528,-0.005167809535762557,707.8823926644126,-2.278419859154399e-06,0.7000020860519679,7297876510.98949,7297.876510989489,0.9199576617924362,0.5329633187462197
SRI6,B,1531,0.0,803.3550452481826,0.0,0.7,7486461916.836792,7486.461916836792,0.9234087593837835,0.5209289500836092
SRI6,B,1532,-2.089361968630378,0.0,-0.7743573364821938,0.7011133870492241,716945707.1224154,716.9457071224155,0.8369712171345218,0.6100348667591704
SRI6,B,1535,0.0,729.420669136523,0.0,0.7,7342050132.985781,7342.050132985781,0.9208115416088519,0.5304194684598142
SRI6,B,1536,-0.4836465611066204,296.6500703156074,0.0,0.7000075759333653,6143288738.87032,6143.28873887032,0.893638595367702,0.5876205215782545
SRI6,B,1537,-9.862026184279376e-05,1199.8131325186375,0.0,0.7,8123025130.791215,8123.025130791215,0.9342868324616644,0.4647863521542676
SRI6,B,1538,0.0,843.8846069625602,-0.0003993338537927535,0.7000443268756841,7561033951.518892,7561.0339515188925,0.9248052086668802,0.515645568719536
SRI6,B,1539,0.0,1071.2175559441666,0.0,0.7,7936908201.450448,7936.908201450448,0.931040310243,0.483811861813783
SRI6,B,1541,-9.840997306415207e-05,480.1537841831344,0.0,0.7,6753382497.333754,6753.382497333753,0.9097288931582879,0.5601273704059486
SRI6,B,1542,0.0,2075.422690640276,-0.0027184834098165633,0.7,9094679579.704727,9094.679579704727,0.9475041804532678,0.33314654712349223
SRI6,B,1543,0.0,414.5820276849828,0.0,0.7,6560171428.973839,6560.171428973838,0.9060465364499947,0.5670206710072224
SRI6,B,1544,0.0,36.5447892434341,0.0,0.7,4173669329.559684,4173.669329559684,0.8743640374283985,0.6066549258191911
SRI6,B,1546,0.0,142.7711835678781,0.0,0.7,5342519947.390293,5342.519947390293,0.8847795922723876,0.5955633827872061
SRI6,B,1547,-1.4950056737729107,0.0,-1.0639251116348383,0.7021829555362656,568160821.8200868,568.1608218200869,0.8211032838794606,0.6100348667591704
SRI6,B,1548,-0.577043185733685,283.4730837732835,-0.0021301537704887467,0.7,6088491474.3794565,6088.491474379456,0.8919575194791333,0.5897641157007151
SRI6,B,1552,0.0,79.30633525948065,0.0,0.7,4791752213.035762,4791.752213035762,0.8788646956274236,0.6022076351086917
SRI6,B,1553,-2.2948669175920564,0.0,-0.48835680481280996,0.7024432569242258,854706271.7441748,854.7062717441748,0.850108513893336,0.6100348667591704
SRI6,B,1555,-1.0410417382641306,0.0,-0.013955104580493982,0.7008522203044295,1085199145.5816324,1085.1991455816324,0.8696499092752695,0.6100348667591704
SRI6,B,1556,-0.5163285719501325,0.41043710395921007,0.0,0.7,2162231005.0473633,2162.2310050473634,0.8703703703703703,0.6100081830149073
SRI6,B,1558,-1.5086387581321896,189.2034784114419,-0.003538280112361329,0.7,5632050184.636819,5632.050184636819,0.8780997616252179,0.6050450065819902
SRI6,B,1561,0.0,1279.817334134276,0.0,0.7000025601441284,8231174832.847648,8231.174832847648,0.9362080620486,0.451773579535347
SRI6,B,1562,-0.13149299584858354,0.0,-0.20497263504708285,0.7001579624506997,999200733.417573,999.200733417573,0.8627299249297329,0.6100348667591704
SRI6,B,1565,-0.006553448940960898,1224.048184619343,0.0,0.7000013877054306,8156275145.911998,8156.275145911998,0.9348294019283451,0.4614419895399722
SRI6,B,1569,-1.2800268654897873,0.0,-0.9968453584358623,0.701125694786644,603014450.2295846,603.0144502295846,0.8243498060981252,0.6100348667591704
SRI6,B,1575,0.0,2030.48915186343,-0.0027512519628505195,0.7017057158219191,9047138462.505499,9047.1384625055,0.9468815597537981,0.33801188316077846
SRI6,B,1578,-0.00020361895981535483,241.2128371513426,0.0,0.7000029553042837,5903084744.48708,5903.08474448708,0.893380652506493,0.5854502437115309
SRI6,B,1581,0.0,231.04996461100976,0.0,0.7,5854352081.750755,5854.352081750755,0.8924822997829721,0.5864909097377877
SRI6,B,1582,-0.0018536174459501558,622.3238453188869,0.0,0.7000013489937956,7111575484.646339,7111.57548464634,0.9164443021311416,0.5436812893585228
SRI6,B,1586,-0.0018666622654138964,1754.0756424908786,0.0,0.7000136803927369,8783571242.941324,8783.571242941323,0.9438307183263956,0.3759383783399152
SRI6,B,1588,-2.113409526868627,0.0,-0.16773395724794327,0.991478612113817,28988534.153791122,28.98853415379112,0.7586010602341053,0.6100348667591704
SRI6,B,1590,-0.6445949011452711,228.84102876945374,0.0,0.7,5842823288.455498,5842.823288455498,0.8876881203970541,0.5944693492724232
SRI6,B,1591,0.0,256.9666422395193,0.0,0.7,5975554070.372227,5975.554070372226,0.8946881559753797,0.5839737431956452
SRI6,B,1594,0.0,1108.6850270204627,0.0,0.7,7992815735.307151,7992.815735307151,0.9321343437577828,0.4784217454726581
SRI6,B,1596,-0.7092169771612864,283.4730837732835,-0.0021301537704887467,0.7,6088315196.763302,6088.315196763302,0.8909791155228234,0.5917920802647028
SRI6,B,1597,-0.4891637421906999,360.59600010616157,0.0,0.7000864926492889,6381409973.825319,6381.409973825319,0.8975611057743621,0.5827996584480734
SRI6,B,1599,-0.49335348240555066,332.15790643402283,0.0,0.7000855550628453,6279762702.123656,6279.762702123657,0.8959956594442665,0.585156722524638
SRI6,B,1607,-0.49778084660084193,103.7438534842481,0.0,0.7,5033631789.470738,5033.631789470738,0.8793361084427366,0.6024299996442167
SRI6,B,1608,0.0,0.0,-0.4770938374410492,0.7,866826909.8509828,866.8269098509828,0.8515138577578538,0.6100348667591704
SRI6,B,1610,-0.00529321537044319,779.726969240127,-5.576866203324503e-10,0.7000020860519679,7441485835.864089,7441.485835864089,0.9225104066602626,0.5241487885580105
SRI6,B,1611,-1.757602281978447,869.5063408518223,0.0,0.7000953128997816,7600542038.529677,7600.5420385296775,0.8905877539402995,0.5937488881773224
SRI6,B,1612,0.0,98.17281524707674,0.0,0.7,4982857610.666949,4982.857610666949,0.8807325577258334,0.6003308784288612
SRI6,B,1613,-0.5334365348697551,473.31206788907883,0.0,0.7,6732824598.445474,6732.824598445473,0.9025687551143842,0.5745454868893871
SRI6,B,1615,0.0,1262.9510725296454,0.0,0.7000012434695468,8208812257.801169,8208.81225780117,0.9358611733731811,0.4545397943572776
SRI6,B,1617,-1.6208916472936907,505.07776608497016,0.0,0.7000937553686191,6817381428.277837,6817.381428277837,0.8861849361369053,0.5988810616572384
SRI6,B,1623,-2.794869062094497,1810.1088781138817,0.0,0.7,8829174758.841915,8829.174758841915,0.8764008965738072,0.6065570854235598
SRI6,B,1624,0.0,1357.586080964832,0.0,0.7,8331321829.745259,8331.321829745259,0.9376667734016437,0.4391877468246345
SRI6,B,1625,0.0,131.1860395348204,0.0,0.7,5258436408.288283,5258.436408288283,0.8836766641761838,0.5968175187675667
SRI6,B,1627,-8.467112570690547e-06,508.19117310429726,0.0,0.7000418023081381,6829765637.790918,6829.765637790918,0.9110897641157005,0.5568007969544952
SRI6,B,1628,-1.7781753565562766,143.7530682758624,0.0,0.7000006433510588,5348412738.329414,5348.412738329414,0.8747376098480806,0.6074999110541859
SRI6,B,1629,0.0,546.7878233023707,0.0,0.7,6930132282.523521,6930.132282523521,0.9129042587255843,0.5523268224997331
SRI6,B,1630,-5.889924574220472e-05,1427.8506711181928,-0.0046532571377449795,0.7000108485390131,8416183513.562011,8416.183513562011,0.9387874906606894,0.4276425801401786
SRI6,B,1635,-1.7027765077189145,516.2095059631122,0.0,0.7000011734761298,6847150006.232971,6847.1500062329715,0.8852154267620165,0.6003575621731242
SRI6,B,1636,0.0,1176.83107928644,0.0,0.7,8090907533.855067,8090.907533855067,0.9336908955064573,0.46827302807129895
SRI6,B,1637,0.0,997.5695202523353,-1.7752687593019254e-06,0.7,7822611855.785897,7822.611855785897,0.9291635535631693,0.4948233536129789
SRI6,B,1638,-0.005925631475119332,213.55383009365462,-0.002754386546744869,0.7001334659246276,5765028885.644916,5765.028885644915,0.8908723805457712,0.5883320880919344
SRI6,B,1639,-0.0002933266223673356,570.7039976506749,0.0,0.7,6989528493.005183,6989.528493005183,0.914007186821788,0.5495606076778028
SRI6,B,1640,-2.622969039208297,0.0,-1.1079811307226497,0.7320736309853092,491610088.7183259,491.6100887183259,0.8128757960650371,0.6100348667591704
SRI6,B,1643,0.0,0.0,-0.41529669412428327,0.7,897624400.5681422,897.6244005681422,0.8542889671612054,0.6100348667591704
SRI6,B,1646,-1.4180614868220272,265.40675614155055,0.0,0.7,6011184373.845574,6011.184373845575,0.8821290070089302,0.6018518518518519
SRI6,B,1648,-0.6916903750964365,169.29626307613046,0.0,0.7,5516498052.328231,5516.498052328231,0.8833475646636069,0.5988721670758174
SRI6,B,1651,0.0,0.0,0.0,0.7109434136071736,1055736152.6142586,1055.7361526142586,0.8663233358238162,0.6100348667591704
SRI6,B,1652,-2.295569371819097,0.0,-1.0893432176058262,0.7548950724636444,457460520.62928087,457.4605206292809,0.8083395595403281,0.6100348667591704
SRI6,B,1655,-1.7783088832942555,769.4105894140487,0.0,0.7000010747991879,7415641028.440464,7415.641028440464,0.888204006119472,0.5963105276265699
SRI6,B,1656,-6.484592183974083e-05,944.7016399394884,0.0,0.7,7736356371.20055,7736.35637120055,0.9277937880243355,0.5023125911694596
SRI6,B,1657,0.0,1137.7658671637657,0.0,0.7,8035214161.537594,8035.214161537594,0.9328192265271995,0.4742057138791048
SRI6,B,1661,-0.0011088972622511654,1396.4354630654575,0.0,0.7000034957464923,8379815725.2492695,8379.81572524927,0.9383783399153235,0.4328281211086206
SRI6,B,1662,-3.9376678621017907,0.0,-1.193521049211613,0.9228386173260922,131073098.07683375,131.07309807683376,0.7697103924289322,0.6100348667591704
SRI6,B,1664,0.0,607.4196357161251,-0.00031902807744535813,0.7,7076983010.434705,7076.983010434705,0.9158127868502509,0.5453089977585655
SRI6,B,1672,-0.0053215900747320966,1804.1672237850817,0.0,0.7000063587937946,8835016248.943369,8835.01624894337,0.9443199203045504,0.36902728857579953
SRI12,B,0,0.0,210.42164188865073,0.0,0.7,5752864047.909492,5752.864047909491,0.8921443056889742,0.5881719856263563
SRI12,B,1,-0.012551942280147334,577.9632352619976,-0.0016229781288269606,0.7,7009228685.716869,7009.228685716869,0.9172092361333476,0.547808375137866
SRI12,B,3,0.0,287.28550605950034,0.0,0.7,6108581556.310857,6108.581556310857,0.8989931333831429,0.5803091756501938
SRI12,B,4,0.0,360.49225602005623,0.0,0.7,6385027417.566731,6385.027417566732,0.9046589817483187,0.5725531006510833
SRI12,B,5,0.0,847.1256629485267,0.0,0.7,7570098289.101427,7570.098289101427,0.9284430924680683,0.5135019745970754
SRI12,B,7,0.0,1109.8891080749975,0.0,0.7,7997695576.469462,7997.695576469462,0.936288113281389,0.47731881737645426
SRI12,B,10,-0.6502466920414585,0.0,-0.801968019642394,0.9594923000921245,96107290.25203288,96.10729025203288,0.7655744120681682,0.6100348667591704
SRI12,B,12,-0.36616821688743517,340.8370598780077,0.0,0.7,6314679350.044615,6314.679350044615,0.9005230013875547,0.5818123599103425
SRI12,B,16,0.0,200.66091953649612,0.0,0.7,5700884298.582649,5700.8842985826495,0.8912726367097163,0.5891148112569823
SRI12,B,18,0.0,992.357337211925,-8.103147967259208e-05,0.7,7817286585.076574,7817.286585076575,0.9328636994343045,0.49414736542498305
SRI12,B,22,-0.015100557034490258,1440.6827062230284,0.0,0.7,8437144264.810778,8437.144264810777,0.9439908207919734,0.4290390294232754
SRI12,B,23,-0.00731877040016198,0.0,-1.3502893022611477,0.7846784661441062,321047438.8305692,321.0474388305692,0.7932187711246307,0.6100348667591704
SRI12,B,24,-0.046764125244702415,193.07083794685798,-0.0001811000754062906,0.7004408935408357,5657369510.130444,5657.369510130444,0.8904276514747216,0.590422314725869
SRI12,B,25,-4.0,0.0,-2.0615443051935975,0.8396513796038114,87627841.83505791,87.62784183505791,0.7648717401359093,0.6100348667591704
SRI12,B,28,-0.05228031407016265,1411.27933248289,0.0,0.7,8401258481.621034,8401.258481621033,0.9427455793930336,0.4374621980289607
SRI12,B,29,0.0,539.500478903263,0.0,0.7,6914386008.233379,6914.3860082333795,0.9153235848720956,0.5519176717543673
SRI12,B,30,-0.02306246650576514,107.96421626284985,0.0,0.7001953465975863,5072920437.454973,5072.920437454974,0.8826004198242431,0.5993524744725512
SRI12,B,31,-0.15721066392893235,339.69841967586706,0.0,0.7,6310942692.379612,6310.942692379612,0.9022129718575442,0.5777564307823674
SRI12,B,32,-0.36616821688743517,449.88856048038895,0.0,0.7,6668728745.656178,6668.728745656178,0.9069804674991995,0.5717970612302984
SRI12,B,34,0.0,1011.6765745343884,0.0,0.7,7848105269.017818,7848.1052690178185,0.9334418472266693,0.49141672892873656
SRI12,B,35,0.0,29.34373750491129,0.0,0.7,4020603383.52107,4020.60338352107,0.8745241398939764,0.6073398085886078
SRI12,B,37,0.0,1995.3523185810277,-0.000501020328999454,0.7,9024961363.732313,9024.961363732313,0.9516757391397161,0.35053545380154416
SRI12,B,42,-0.052073142504182934,99.0259864419316,0.0,0.7,4993269268.522642,4993.269268522642,0.8819511153805103,0.6003575621731242
SRI12,B,44,-0.044061191108133,0.0,-1.3090090773277896,0.7052237726898822,458377934.7280421,458.37793472804213,0.8092112285195858,0.6100348667591704
SRI12,B,46,0.0,1471.5864615199937,0.0,0.7,8474176076.427239,8474.176076427239,0.9445422848400754,0.42308855445262744
SRI12,B,47,-0.044325531414036695,168.15024748701936,0.0,0.7,5512496510.93585,5512.49651093585,0.8882929519336821,0.5929127975237485
SRI12,B,48,0.0,961.4826118870674,-0.002137794649074598,0.7,7766429568.815321,7766.429568815321,0.9319742412922047,0.4983278186928523
SRI12,B,50,-0.15604425169845215,0.0,-1.3678083296768624,0.7043274634965159,432114742.7634346,432.1147427634346,0.8059558117195004,0.6100348667591704
SRI12,B,54,-0.4802580303986006,0.0,-1.0681290666265713,0.7104305602725834,564040944.5049099,564.0409445049098,0.8203650336215176,0.6100348667591704
SRI12,B,55,0.0,731.9581729846872,-0.002126276076850987,0.7,7349266861.465691,7349.26686146569,0.9240758529903584,0.5286227630127726
SRI12,B,56,0.0,750.0064241529653,0.0,0.7,7386236930.604325,7386.236930604326,0.924778524922617,0.5260611235635251
SRI12,B,58,-1.639293506580149,0.0,-1.1210278058776044,0.7060195492837591,547763101.2956637,547.7631012956637,0.8186039065001601,0.6100348667591704
SRI12,B,61,-1.8465360358321383,0.0,0.0,0.7402109362707734,950742551.7166765,950.7425517166765,0.856743871633401,0.6100348667591704
SRI12,B,62,-0.004918738802433903,1932.5644018566884,0.0,0.7,8965458794.800463,8965.458794800463,0.9510709076030882,0.3584249475219695
SRI12,B,65,-0.04532858550649238,429.7553243626885,0.0,0.7,6609453068.691113,6609.453068691114,0.909088483295976,0.5652328601416018
SRI12,B,66,-0.009512242690404765,620.0475729056903,0.0,0.7,7109139307.597608,7109.1393075976075,0.9192727790230192,0.5432187711246309
SRI12,B,68,-0.13049528701744287,250.59944870301803,0.0,0.7,5949159777.529281,5949.15977752928,0.8951684633721138,0.5857882378055288
SRI12,B,70,-2.8559939148086224,0.0,-0.7759513151174566,0.7032215611114538,717080238.1170682,717.0802381170681,0.8380563560678832,0.6100348667591704
SRI12,B,73,-0.0024516661037589545,479.92026503847615,-0.007124964940148193,0.7,6752885641.433709,6752.885641433709,0.9121749030490625,0.5588198669370621
SRI12,B,76,-0.021956201084218918,2074.3980481105036,-0.0001965939002392305,0.7001894023690782,9097536501.910873,9097.536501910874,0.9524228839790799,0.34503860248336715
SRI12,B,79,0.0,0.0,-1.3335014784971635,0.7304097891387819,409291594.2722277,409.2915942722277,0.8037232717828301,0.6100348667591704
SRI12,B,81,-0.0033165305328421045,1278.8497176204924,0.0,0.7,8233040980.352004,8233.040980352003,0.9407531931547302,0.45238730565339585
SRI12,B,84,0.0,417.0344750463712,-0.0013331810970873548,0.7005447980686049,6568032249.17347,6568.03224917347,0.9084213896894009,0.5656953783754936
SRI12,B,85,0.0,1864.9175300181184,-0.004508109764314483,0.7,8897592693.056278,8897.592693056278,0.9501814494609884,0.3662166008467642
SRI12,B,87,-0.6502466920414585,0.0,-1.1136154907554423,0.8762610115986925,232254249.20920485,232.25424920920486,0.7809264596008112,0.6100348667591704
SRI12,B,88,-0.0017104014733070796,380.6613695297067,-0.009627911808567813,0.7,6450267129.791619,6450.2671297916195,0.9059131177286797,0.5701248799231509
SRI12,B,89,-0.0022351019909420677,1186.710471144577,0.0,0.7004732358342858,8106282109.072723,8106.282109072723,0.9381826591240616,0.46654747927562534
SRI12,B,91,-0.04296928645180742,1546.3144953004817,0.0,0.7,8560989271.27701,8560.98927127701,0.9451382217952822,0.41572384103604076
SRI12,B,92,-1.9347547399659537,0.0,-1.0681290666265713,0.9845408013287328,30239605.160476677,30.23960516047668,0.7587878464439464,0.6100348667591704
SRI12,B,93,-0.7189185453390046,0.0,-1.422618008549935,0.830357684621205,233899131.54733944,233.89913154733944,0.7818959689757,0.6100348667591704
SRI12,B,95,0.0,1079.392231833048,0.0,0.7,7952403181.007049,7952.403181007048,0.9353186039065001,0.48160600562137545
SRI12,B,101,-2.95257859110697,0.0,-0.728710945619111,0.7234760900990806,689351527.4819857,689.3515274819857,0.8350855658732702,0.6100348667591704
SRI12,B,102,-0.007220649295020623,156.33459792756275,0.0,0.7002081898585059,5436381924.121068,5436.381924121068,0.887127761767531,0.5939267798057424
SRI12,B,105,0.0,558.8411036084501,-0.003738789713197913,0.7,6961676427.356678,6961.676427356678,0.9162575159213006,0.5495695022592237
SRI12,B,109,-3.114256525812489,0.0,-0.036803560966787566,0.7005494780854313,1080316928.444933,1080.316928444933,0.8700234816949516,0.6100348667591704
SRI12,B,110,-1.682216390427718,0.0,-1.3090090773277896,0.78242000114374,338372764.1415932,338.3727641415932,0.7951488952929877,0.6100348667591704
SRI12,B,111,-0.007723316272399222,0.0,-1.285494746196223,0.7,478344047.33958906,478.34404733958905,0.8112391930835736,0.6100348667591704
SRI12,B,115,-0.046764125244702415,602.4367741731978,-0.00018093181570040932,0.700015124770976,7068051810.716076,7068.051810716076,0.9180986942754473,0.5461361938307182
SRI12,B,116,0.0,0.0,-0.6980857122284829,0.702767583066067,754494678.6630256,754.4946786630256,0.8421389689401216,0.6100348667591704
SRI12,B,117,-0.004896847417201526,1043.98287522137,-0.0021039353655217807,0.7000256822608125,7897659997.298345,7897.659997298345,0.9343401999501902,0.48704948945102644
SRI12,B,119,-0.10514979947381242,1011.6765745343884,-0.0010560094590853714,0.7,7847312866.420623,7847.312866420622,0.9324011812004126,0.49935959013768805
SRI12,B,120,0.0,907.678714288495,0.0,0.700154872002752,7676326005.609014,7676.326005609014,0.9302842708222151,0.505496851318177
SRI12,B,122,-0.38872707762514014,23.129104505654993,-0.0039320258510250755,0.7,3859401880.086694,3859.401880086694,0.8735190521934039,0.6081936884050236
SRI12,B,126,-1.0526324173617034,0.0,-0.07252655811628106,0.7037121624411004,1052454736.6856345,1052.4547366856345,0.8677731525954387,0.6100348667591704
SRI12,B,133,-0.15721066392893235,306.8296726888117,0.0,0.7004020561285855,6185502097.815896,6185.502097815896,0.8994200732913508,0.5806293805813498
SRI12,B,135,-0.39816012072849755,265.74161532387575,0.0,0.7,6016549077.447043,6016.549077447044,0.8946881559753799,0.5886078201159853
SRI12,B,136,-0.04403490791605165,684.2006006913441,-0.002270017329665197,0.700420295606501,7248442511.758076,7248.442511758076,0.9216209485181628,0.5363076813605152
SRI12,B,137,-0.012307563439384946,51.49751476745529,-0.00014778793635240178,0.7,4435757932.241668,4435.757932241668,0.877094673924645,0.6051517415590424
SRI12,B,139,-0.03179353620986003,0.0,-0.6395372651274774,0.7005515028423953,786632451.0363284,786.6324510363285,0.8455811719500481,0.6100348667591704
SRI12,B,141,-0.0016927466215029205,83.7349898641329,-8.365519662985094e-05,0.7001499225430441,4841337062.628299,4841.337062628299,0.8802522503290996,0.601691749386274
SRI12,B,143,-0.019027698971785918,808.6614619508207,-0.003997200377356069,0.7,7497836387.667076,7497.836387667076,0.9267975949051838,0.5196125520333013
SRI12,B,147,0.0,0.0,-0.18628772045266162,0.7016734903295251,1003006757.5288911,1003.0067575288911,0.8643932116554596,0.6100348667591704
SRI12,B,148,0.0,0.0,-0.5919958983020932,0.7,812520157.3159508,812.5201573159508,0.8483295976091364,0.6100348667591704
SRI12,B,149,-0.007219217743323006,512.7718435589799,0.0,0.7,6844837385.012463,6844.837385012463,0.9139538193332621,0.5550752481588217
SRI12,B,150,0.0,1641.5570173579526,0.0,0.7,8667460527.298374,8667.460527298374,0.9472996050805849,0.39744547621588927
SRI12,B,152,0.0,73.81822124688999,0.0,0.7,4732122955.332141,4732.122955332141,0.8794695271640516,0.6027768883196356
SRI12,B,157,-0.0030000806222049772,490.8329057020212,0.0,0.7000709207126955,6785400002.942168,6785.400002942169,0.9129398370512682,0.5575301526310171
SRI12,B,158,-0.021956201084218918,1765.2791840251793,-0.0006327924015905109,0.7001894023690782,8797752926.47825,8797.75292647825,0.9486960543636818,0.38310741096524
SRI12,B,160,-0.38170246154691617,178.97274130263673,0.0,0.7,5577786718.903401,5577.786718903401,0.8875724908385811,0.595305439925997
SRI12,B,168,0.0,786.9245284409678,0.0,0.7,7458218570.481324,7458.218570481325,0.9262283416942397,0.52120468210766
SRI12,B,171,-0.07385974582672254,1665.4160811794673,0.0,0.7,8692951280.513365,8692.951280513365,0.9465435656598001,0.40338705660511615
SRI12,B,175,-3.9981349635369217,0.0,-0.7373283575211642,0.7041459621275665,733592405.8640977,733.5924058640977,0.8395684349094532,0.6100348667591704
SRI12,B,185,-3.9428374791368492,0.0,-0.8899407291185601,0.7048013151455543,658362921.129223,658.362921129223,0.8319368840502365,0.6100348667591704
SRI12,B,191,-0.032379766396212845,442.7686292927528,-0.002061619681414109,0.7,6647771002.726009,6647.771002726009,0.9100313089266018,0.5635517842530331
SRI12,B,194,-0.018109855067066763,390.7910479271608,0.0,0.7000007965894335,6486983409.424543,6486.983409424543,0.9067314192194117,0.5691375813854199
SRI12,B,195,-0.018109855067066763,331.762265478118,0.0,0.7004235067097373,6280615836.502156,6280.6158365021565,0.9025064930444371,0.5760486711495356
SRI12,B,196,-4.0,0.0,-0.03529055400203723,0.7302292689998506,973632043.5298073,973.6320435298073,0.8597413455722774,0.6100348667591704
SRI12,B,197,-0.05599241470854588,664.9455732282443,0.0,0.7002997102252413,7208271547.55105,7208.27154755105,0.9207048066317997,0.5395719927420216
SRI12,B,198,-0.46501267426461446,0.0,-1.3714706535474854,0.8184561319497556,264484724.9838013,264.4847249838013,0.7856316931725195,0.6100348667591704
SRI12,B,203,-0.009442218675692554,280.8169746870009,0.0,0.7005826119812352,6079514398.949716,6079.5143989497155,0.898299356032305,0.5812786850250826
SRI12,B,209,-3.8771300523815615,0.0,-0.8741118736907967,0.7048013151455543,665541493.3932678,665.5414933932677,0.8327107126338633,0.6100348667591704
SRI12,B,210,-0.08776996713658122,719.17894083063,-0.00053483775682806,0.7001403955352126,7323083760.4617605,7323.083760461761,0.9227416657772084,0.5342263493080015
SRI12,B,211,-0.0005082554008364604,929.7779712921067,0.0,0.7000087955987051,7714462276.554993,7714.462276554993,0.9310403102429999,0.5027217419148255
SRI12,B,214,-4.0,0.0,-2.0615443051935975,0.705196159703668,160992663.60666618,160.99266360666618,0.7737485323940655,0.6100348667591704
SRI12,B,215,-0.009525534500788413,0.0,-1.116046286894448,0.7393034963528339,488021580.86212295,488.02158086212296,0.8117639733874126,0.6100348667591704
SRI12,B,221,0.0,0.0,-1.4011683158155523,0.7190553837829334,396711852.96148926,396.7118529614893,0.802344611662575,0.6100348667591704
SRI12,B,228,-0.0036976324450826853,339.2593500435218,0.0,0.7,6309621655.926948,6309.621655926948,0.9032447433023799,0.5749991105418578
SRI12,B,230,-0.2842063723383425,91.06008123260986,-1.07581391920568e-06,0.7,4916753550.675033,4916.753550675033,0.8803678798875725,0.6022698971786388
SRI12,B,231,-0.032924996000299245,0.0,-1.0185021925808497,0.7,607790321.0232164,607.7903210232164,0.8258618849396947,0.6100348667591704
SRI12,B,233,-0.04695035129201819,0.0,-0.9636400696364564,0.7047407084242319,624795982.3539435,624.7959823539435,0.8282011598534174,0.6100348667591704
SRI12,B,235,-0.05268525600623148,1837.05496083595,-0.00018093181570040932,0.7005513570121857,8869293536.20601,8869.29353620601,0.9490518376205216,0.3772636709716441
SRI12,B,236,-0.012448692218997434,314.88501924834355,0.0,0.7,6218520050.931806,6218.520050931806,0.9012345679012347,0.5776230120610524
SRI12,B,241,0.0,1210.0686764826366,-0.0020645951627791094,0.7002703101420569,8138592968.033372,8138.592968033372,0.9388942256377416,0.46306969794001496
SRI12,B,243,0.0,65.76778053268106,0.0,0.7,4634345652.534515,4634.3456525345155,0.8786868039990038,0.6036129789732094
SRI12,B,250,-0.04672917908398803,835.060214736878,-0.0024481126884506156,0.7,7547158985.433863,7547.158985433863,0.9274557939303376,0.5173622229337886
SRI12,B,253,-0.3844286999630546,233.8019144595521,0.0,0.7,5869884673.82179,5869.88467382179,0.8920820436190273,0.590778097982709
SRI12,B,256,-0.00967118904446923,119.57272888178562,-4.636788651175535e-06,0.7000059323076107,5170725221.848977,5170.7252218489775,0.8837656099903939,0.5979738143522967
SRI12,B,258,-0.00872237697509342,255.5416232199475,0.0,0.7007424153509946,5969038253.549919,5969.038253549919,0.8960757106770557,0.5836090653573842
SRI12,B,259,-0.0009967832568136305,0.0,-1.083944763786954,0.7257389873054406,527614205.9785309,527.6142059785309,0.8164781015405416,0.6100348667591704
SRI12,B,260,-2.7470396008613142e-05,1307.182742811274,-0.003750577076000322,0.7,8268722441.037759,8268.722441037758,0.941331340947095,0.44816237947842175
SRI12,B,261,0.0,4.593254649135346,0.0,0.7,2984250035.836947,2984.250035836947,0.871749030490625,0.6095367701995945
SRI12,B,267,-1.9060811488894984,0.0,-1.1317871522930885,0.8439708977108753,287752334.9702041,287.7523349702041,0.787588501085139,0.6100348667591704
SRI12,B,268,0.0,576.7929560916319,0.0,0.7,7007121974.652576,7007.121974652577,0.9172092361333476,0.547452591881026
SRI12,B,269,0.0,491.12551125356737,0.0,0.7,6786467484.373652,6786.467484373652,0.9129576262141103,0.5574945743053332
SRI12,B,270,0.0,1996.7326172154242,0.0,0.7,9026460537.454918,9026.460537454917,0.9516846337211371,0.35033977301028213
SRI12,B,271,-0.9093726576007796,0.0,-0.2930892757601413,0.7252118051889195,881031314.1587135,881.0313141587135,0.8527768883196357,0.6100348667591704
SRI12,B,275,0.0,512.6230912818382,0.0,0.7,6844443425.578822,6844.443425578822,0.9139538193332621,0.5548439890418757
SRI12,B,276,-0.10455800581210917,1803.2881043157108,0.0,0.7,8837016948.865982,8837.016948865981,0.9480467499199489,0.3900362898921977
SRI12,B,277,0.0,756.1752659258705,0.0,0.7,7398470525.753382,7398.4705257533815,0.925027573202405,0.5251805600028463
SRI12,B,278,-0.4178164986128867,0.0,0.0,0.7416425127074721,945504193.3745371,945.5041933745371,0.856272458818088,0.6100348667591704
SRI12,B,279,0.0,169.51408522247658,0.0,0.7,5520963101.528435,5520.963101528435,0.8885242110506282,0.5924858576155406
SRI12,B,280,0.0,298.80432194257503,0.0,0.7016691144359648,6149283449.367627,6149.283449367627,0.8992955491514569,0.5791261963212011
SRI12,B,281,0.0,195.87935630601817,0.0,0.7,5674728126.754545,5674.728126754545,0.8908279076386664,0.5896662753050842
SRI12,B,282,-0.741907446817939,0.0,-1.0570506409409108,0.9003894093913002,195790165.06747994,195.79016506747993,0.7770573166826767,0.6100348667591704
SRI12,B,283,-0.6744464032059643,0.0,-1.168936887096832,0.9921777340798121,14086896.48920958,14.086896489209579,0.7570356139040096,0.6100348667591704
SRI12,B,286,-2.0015199940354043,0.0,-1.2235845501983118,0.7,507342968.3483007,507.3429683483007,0.8140143024869249,0.6100348667591704
SRI12,B,287,-2.060250620584117,0.0,-1.2478677656577664,0.8643759446218567,224160839.79802087,224.16083979802087,0.7801971039242893,0.6100348667591704
SRI12,B,288,-2.4982176192877775e-09,1351.6491944400932,0.0,0.7,8327172348.088276,8327.172348088276,0.9423631123919308,0.44159817838972504
SRI12,B,290,0.0,328.51309551576304,-0.00015771190866850594,0.7,6270064669.660717,6270.064669660717,0.9024709147187532,0.5760842494752196
SRI12,B,292,-3.0756769346775656,0.0,-1.060448933270977,0.7033139250158953,581010477.6805031,581.0104776805032,0.8224641548368735,0.6100348667591704
SRI12,B,294,-0.005824353474198435,144.61702188773447,0.0,0.7,5357956633.007573,5357.956633007573,0.8862205144625895,0.5950919699718931
SRI12,B,296,0.0,675.0406882065491,0.0,0.7,7231335574.408446,7231.3355744084465,0.9217009997509517,0.5358985306151492
SRI12,B,298,-0.010576713579099728,884.7195088603454,-0.003294192240349318,0.7,7635875507.223812,7635.875507223812,0.9296082826342191,0.5092859430035223
SRI12,B,301,-0.0164633146674813,162.67574006119725,0.0,0.7000110307833097,5478076118.247328,5478.076118247328,0.887874906606895,0.5933664211762194
SRI12,B,303,-2.4982176192877775e-09,1156.7991475621043,0.0,0.7,8065708219.496006,8065.708219496006,0.9374444088661187,0.4707190379620735
SRI12,B,304,-0.19032731758577756,242.41606254984276,0.0,0.7,5911127262.483552,5911.127262483552,0.8941100081830149,0.5874871028569396
SRI12,B,305,-8.336194843727002e-05,318.8605054982997,-0.0030580290273105847,0.7,6232730303.77406,6232.73030377406,0.9014747215996015,0.5769203401287935
SRI12,B,307,-0.10455800581210917,1942.7005161397858,0.0,0.7,8974597424.32541,8974.597424325411,0.9498523499484113,0.37355463051908777
SRI12,B,311,0.0,1430.0666762578721,0.0,0.7,8424308846.316825,8424.308846316824,0.9437773508378695,0.4294037072615363
SRI12,B,315,-3.215861138409756,0.0,-1.0083591267110898,0.7,613043286.9213687,613.0432869213687,0.8266357135233215,0.6100348667591704
SRI12,B,319,-2.6305415112383757,0.0,-1.7539390569905808,0.7,268515823.9416485,268.5158239416485,0.7860052655922013,0.6100348667591704
SRI12,B,321,0.0,302.1948573460499,0.0,0.7,6168939553.401137,6168.939553401137,0.9002027964563986,0.5786992564129931
SRI12,B,325,-0.10691350566910557,1857.3191338352206,0.0,0.7,8891212634.013456,8891.212634013456,0.9487850001778916,0.383231935105134
SRI12,B,326,-0.01293775663109653,478.3317896136684,-0.0032434734369375085,0.7000691329987465,6749611998.55464,6749.61199855464,0.9121660084676415,0.5593713309851639
SRI12,B,327,-0.00011992094894781088,908.3047760981937,-7.229375927771798e-05,0.700000368153451,7677909419.843599,7677.9094198436,0.9303376383107412,0.505416800085388
SRI12,B,328,0.0,1242.0038594342293,0.0,0.7000067261337217,8183843971.430886,8183.843971430886,0.9397747891984203,0.4579908919486249
SRI12,B,329,-0.0007660631510268311,62.35350986286597,-3.394725294652255e-05,0.7000000735457973,4590079152.23339,4590.07915223339,0.8782865478350588,0.6040221297185754
SRI12,B,333,-0.05916743962858839,0.0,-0.18390191087155006,0.7020075365739098,1003134406.135509,1003.134406135509,0.8644376845625644,0.6100348667591704
SRI12,B,334,-0.10321098482584394,281.874604501808,-0.005541165971755821,0.7,6083895997.403442,6083.895997403442,0.897943572775465,0.5825683993311275
SRI12,B,335,0.0,1181.4895391625769,0.0,0.7000300227343673,8100588088.830226,8100.588088830226,0.9380937133098516,0.4671967837193582
SRI12,B,338,-0.12725821592046865,576.7929560916319,0.0,0.7,7006834126.1656475,7006.834126165648,0.9161418863628277,0.5519799338243141
SRI12,B,339,-3.201853596009274,0.0,-0.0927142072965445,0.7057412831837523,1036305470.6433434,1036.3054706433434,0.866465649126552,0.6100348667591704
SRI12,B,340,-0.008820471045362587,1310.8624228181234,-0.0023577929382411957,0.7,8274022952.504921,8274.022952504922,0.941429181342726,0.4484292169210517
SRI12,B,342,-3.0252892791818105,0.0,-1.4764132728140347,0.7082440361411821,380654489.44953585,380.65448944953584,0.8005479062155335,0.6100348667591704
SRI12,B,343,0.0,931.2673235344566,0.0,0.7000000172443093,7716994298.028907,7716.994298028907,0.9311025723129468,0.5024371153093536
SRI12,B,345,-0.05458841869405706,0.0,-1.0533123543361183,0.9244128425662436,148945839.40699634,148.94583940699633,0.7717294624114986,0.6100348667591704
SRI12,B,347,-0.021903846941325966,0.0,-0.5709693678253023,0.7024897063933634,816212097.5189078,816.2120975189077,0.8485341729818194,0.6100348667591704
SRI12,B,348,-0.01192937489417567,344.48188505425134,0.0,0.7000000172443093,6328496719.117292,6328.496719117293,0.903627210303483,0.574687800192123
SRI12,B,349,0.0,242.87644495145966,0.0,0.7000000002456949,5913503413.04242,5913.50341304242,0.8951595687906928,0.5847475717792721
SRI12,B,351,-0.12360837608383629,333.22514323373787,0.0,0.7,6287385537.335084,6287.385537335084,0.9020973422990713,0.5778542711779984
SRI12,B,353,-0.0006909638656201339,4.304191166289542,0.0,0.7000000172443093,2955523150.9868593,2955.5231509868595,0.8717134521649412,0.6095634539438576
SRI12,B,354,-3.3152573853150047,0.0,-1.3078663217773367,0.7195996906225868,436465989.1090411,436.4659891090411,0.8066584836517593,0.6100348667591704
SRI12,B,355,0.0,775.3902211121024,0.0,0.7001202416965137,7435607693.344771,7435.607693344771,0.925730245134664,0.5227612338563348
SRI12,B,356,0.0,372.11222362159316,0.0,0.7,6424877609.601806,6424.8776096018055,0.9054594940762087,0.5711566513679865
SRI12,B,357,-0.13272073775594517,663.6977161970647,-0.0005564395337105607,0.7,7206196720.966315,7206.196720966315,0.9199932401181199,0.542969722844843
SRI12,B,360,-0.22935244844419211,493.657270513503,-5.278285894052344e-05,0.7,6792805913.891297,6792.805913891298,0.9108229266730709,0.5641744049525029
SRI12,B,361,-0.1204406857347337,112.99820398381209,-0.001582764211281451,0.7,5116079246.38488,5116.07924638488,0.8829295193368201,0.5993257907282884
SRI12,B,362,-2.6816715430116966e-07,1756.8775004063223,-0.004597547274003966,0.7,8788219927.882679,8788.21992788268,0.9487405272707866,0.38136407300672426
SRI12,B,364,-1.809813285443148,0.0,-1.252365440674211,0.7016494734101822,490717958.3912322,490.7179583912322,0.8124043832497242,0.6100348667591704
SRI12,B,365,-0.000520082065399538,640.9320692837977,0.0,0.7,7156504422.307782,7156.504422307782,0.9202778667235919,0.5401590351158075
SRI12,B,367,-3.388999136911552e-07,1413.4004099016104,0.0,0.7013153882071824,8399213828.335243,8399.213828335243,0.9432970434411355,0.43196534671078385
SRI12,B,369,-0.004036876824919669,849.5830453856511,0.0,0.7,7574528073.510014,7574.528073510013,0.9285231437008574,0.5134219233642865
SRI12,B,373,0.0,1073.0577987898014,0.0,0.7,7942856581.933619,7942.856581933618,0.9351318176966592,0.48254883125200143
SRI12,B,374,-0.0011065398024811372,51.10981293658847,0.0,0.7000023220147141,4429855684.013936,4429.855684013936,0.87705020101754,0.6051517415590424
SRI12,B,375,-3.9714601871751016,0.0,-0.9089009138594315,0.7140268053597847,628952108.2026961,628.9521082026961,0.8286280997616252,0.6100348667591704
SRI12,B,388,0.0,363.363798401061,0.0,0.7000000174911823,6394957980.12018,6394.95798012018,0.9048724517024227,0.5722328957199274
SRI12,B,392,-0.001623362709236768,1654.730130045753,-0.002122445919163867,0.7,8681013274.862741,8681.013274862742,0.9475219696161098,0.3955776141174796
SRI12,B,393,-0.13272073775594517,495.8087258695141,-0.0005564395337105607,0.7,6798774258.310955,6798.774258310955,0.9121126409791157,0.5609723556409434
SRI12,B,394,-2.778536887962704e-06,985.2832475418098,0.0,0.7002380637573458,7805071309.986482,7805.0713099864815,0.9326769132244637,0.49500124524139894
SRI12,B,405,-1.0733121447898026,0.0,-0.0005054962989618217,0.7343449579461494,972032153.5441922,972.0321535441922,0.8590831465471235,0.6100348667591704
SRI12,B,407,-0.00019608453791008715,458.806195951685,0.0,0.7001283211629465,6695033240.048078,6695.0332400480775,0.9110808695342797,0.5609545664781015
SRI12,B,416,-1.9991929911091568,0.0,-1.1725636483630335,0.7,533402791.0718118,533.4027910718117,0.8171096168214323,0.6100348667591704
SRI12,B,417,-0.17788899813996822,384.7333715335295,-0.019657943518523235,0.7,6458174652.907825,6458.1746529078255,0.9045611413526881,0.5735492937702351
SRI12,B,419,0.0,598.6152897321165,0.0,0.7001202416965137,7058862895.388911,7058.862895388911,0.9182854804852882,0.5449798982459885
SRI12,B,420,-3.4832124355945417,0.0,-1.122411671061834,0.7000521499924807,558174378.4044067,558.1743784044066,0.8196979400149429,0.6100348667591704
SRI12,B,422,-0.002814685217547295,807.0349671678441,0.0,0.7000973349149253,7495936262.001527,7495.936262001527,0.9270199594407088,0.5187230938912014
SRI12,B,423,0.0,715.414569330204,-0.0036330706887235387,0.7000171602453925,7314933594.090113,7314.933594090113,0.9233998648023624,0.5304461522040772
SRI12,B,426,-0.012036980438389203,0.0,-0.8419639590539723,0.7000010841409572,692993549.849057,692.993549849057,0.8358149215497919,0.6100348667591704
SRI12,B,427,-3.3261674109115007,0.0,-1.4110588032922171,0.7,418727899.00388664,418.72789900388665,0.8048350944604548,0.6100348667591704
SRI12,B,429,-0.08718275608872017,1802.0845500677597,-0.00011071304079444658,0.7000025622755826,8835814506.41271,8835.81450641271,0.9481356957341588,0.3872878642331092
SRI12,B,432,0.0,1578.3924859898148,0.0,0.7000001039736058,8597524225.987505,8597.524225987505,0.9463034119614332,0.40697157291777847
SRI12,B,436,-3.349262344284464e-05,120.74404328470965,0.0,0.7000000004766134,5180139909.247486,5180.139909247486,0.8838634503860249,0.5978226064681396
SRI12,B,443,-3.2940906952502225,0.0,-0.5286569456869401,0.7379767941985858,739225003.3806282,739.2250033806282,0.8397641157007153,0.6100348667591704
SRI12,B,444,-1.0832247644172862e-05,1042.6520667570048,-0.00024412075649005854,0.7000616156083942,7896113504.139871,7896.11350413987,0.9343135162059274,0.4869694382182374
SRI12,B,446,0.0,441.7353609896954,0.0,0.7000001407469302,6645469561.231975,6645.469561231975,0.9102180951364427,0.5630003202049312
SRI12,B,448,0.0,133.2307270732573,-0.005664605443709585,0.7,5274016794.947356,5274.016794947356,0.8850464297150177,0.596337211370833
SRI12,B,450,-0.08718275608872017,555.3196930879897,-0.00011071304079444658,0.7000001292371629,6954064200.331531,6954.064200331531,0.9153947415234639,0.553002810687729
SRI12,B,453,-1.095783430682917,0.0,-0.027474596802296178,0.7462404183571479,918378620.6937075,918.3786206937075,0.8537641868573665,0.6100348667591704
SRI12,B,456,-0.015177241712052814,0.0,-1.8095408108296356,0.7,245715655.1030042,245.7156551030042,0.7832835236773756,0.6100348667591704
SRI12,B,465,0.0,564.036522709911,0.0,0.7000300830851164,6975824988.556235,6975.824988556235,0.9165421425267726,0.5489201978154908
SRI12,B,469,-3.204654750987569,0.0,-0.8183964314075772,0.7111276314383328,677760298.8153676,677.7602988153676,0.8337869569858042,0.6100348667591704
SRI12,B,472,-0.0062241035286160935,1542.0740063763176,-0.0014099578094589355,0.7,8555826379.762994,8555.826379762993,0.9456541075177002,0.4127174725157434
SRI12,B,474,-0.009714990823700967,228.90671386566444,-0.003034363278793551,0.7008406970909083,5842363792.842233,5842.363792842233,0.893594122460597,0.5864464368306828
SRI12,B,476,-0.013864754877430552,423.99193464864607,0.0,0.7000001037179033,6591944109.041405,6591.944109041405,0.9089995374817661,0.5651439143273917
SRI12,B,477,-0.0033627942256115873,2072.8518081624015,0.0,0.7000888237888778,9096643893.232738,9096.643893232738,0.9526007756074999,0.3419432881488597
SRI12,B,481,-3.204654750987569,0.0,-0.09873465536517001,0.7423406321863558,904962689.2282603,904.9626892282603,0.8533639306934214,0.6100348667591704
SRI12,B,483,-2.4982176192877775e-09,1107.3880153084333,0.0,0.7,7994017854.597532,7994.017854597532,0.936199167467179,0.47769238979613626
SRI12,B,484,-0.02975486394327942,0.0,-0.5546855180829038,0.7,832045785.853714,832.0457858537139,0.8500818301490732,0.6100348667591704
SRI12,B,485,0.0,961.37712254641,0.0,0.7,7767016691.428297,7767.016691428297,0.9320009250364677,0.4983456078556944
SRI12,B,487,-1.8904652278375143,0.0,-1.1367266465845296,0.9560894311253465,80745455.93884799,80.74545593884798,0.7638043903653894,0.6100348667591704
SRI12,B,492,-0.05524618152128735,95.30846834684024,0.0,0.70000545048007,4958189659.659422,4958.1896596594215,0.8814263350766715,0.6007222400113851
SRI12,B,493,-0.017138400241520788,1937.59912907574,0.0,0.7,8970378359.512465,8970.378359512464,0.9511064859287721,0.3594300352225424
SRI12,B,495,-0.6524686136677837,0.0,-1.036494653110963,0.9436809360666967,112455306.10731538,112.45530610731538,0.7676023766321556,0.6100348667591704
SRI12,B,496,-0.11970824987921114,269.2127278026419,0.0,0.7000002473429496,6032023860.035632,6032.023860035632,0.8969206959120505,0.5838225353114882
SRI12,B,499,-0.002109100530266708,1854.4291411349063,-0.002791960647210434,0.7001419698030833,8887450821.119333,8887.450821119333,0.9500302415768315,0.3676931013626498
SRI12,B,506,-0.011856451510119605,413.174125684141,0.0,0.7,6558458684.345354,6558.458684345354,0.9082523926424022,0.5663891557263315
SRI12,B,507,-3.215861138409756,0.0,-0.6401942707199075,0.7,787770900.5632538,787.7709005632538,0.8457768527413101,0.6100348667591704
SRI12,B,509,0.0,1271.5755299083914,0.0,0.7000001429669459,8223422524.877723,8223.422524877722,0.9405930906891521,0.4535791795638097
SRI12,B,510,-2.780438326959632e-09,1694.268731495364,0.0,0.7000000208294732,8724282886.046402,8724.282886046401,0.9480378553385277,0.39000071156651367
SRI12,B,511,-0.1021413431074091,675.0406882065491,0.0,0.7012721619690158,7226437784.341005,7226.437784341006,0.9205358095848007,0.5405415021169104
SRI12,B,514,-3.686859874690964,0.0,-0.8497260359232736,0.7145109321483807,655867579.9634535,655.8675799634535,0.8316967303518696,0.6100348667591704
SRI12,B,515,-0.10282716703048117,849.5830453856511,0.0,0.7,7574291013.770659,7574.291013770659,0.9275892126516525,0.5195325008005123
SRI12,B,516,-0.13909763494758692,302.3335930163703,-0.0015369680996448927,0.7,6168733614.716366,6168.733614716366,0.8993400220585618,0.5809051126054007
SRI12,B,518,0.0,751.8744189229909,0.0,0.7,7389949256.873387,7389.949256873388,0.9248763653182481,0.5258387590280001
SRI12,B,519,0.0,933.5676330758785,0.0,0.7,7720861056.362239,7720.861056362239,0.9311915181271568,0.5021435941224606
SRI12,B,520,0.0,1073.4915661432076,0.0,0.7,7943511342.622316,7943.511342622316,0.9351407122780802,0.4824598854377914
SRI12,B,521,-0.007656037418505781,372.8458414272447,0.0,0.7,6427361496.940509,6427.361496940509,0.9055128615647348,0.5711655459494077
SRI12,B,522,0.0,774.2116157840418,0.0,0.7,7433756849.488795,7433.7568494887955,0.9256857722275589,0.5228590742519656
SRI12,B,524,0.0,883.4275577290407,0.0,0.7,7634775135.752801,7634.775135752801,0.9296082826342191,0.5087433735368413
SRI12,B,526,-0.007403131599572605,537.0868937198741,0.0,0.7000588493772947,6908001108.847388,6908.001108847388,0.9151901661507809,0.5525225032909952
SRI12,B,527,0.0,515.6671036769792,-0.0038189480438710413,0.7,6851045229.917658,6851.045229917658,0.9140160814032089,0.5544971003664568
SRI12,B,528,-0.024376290586000472,225.58609594504685,0.0,0.700001742310473,5830069853.88847,5830.06985388847,0.893549649553492,0.5869534279716797
SRI12,B,530,-0.021153558980302543,108.985230261178,-0.0025679347181184475,0.7,5081590842.819668,5081.590842819668,0.8827249439641369,0.5992190557512364
SRI12,B,532,-0.00039679122586568603,964.1767855237323,0.0,0.7001036435708099,7771229393.156221,7771.229393156222,0.9320809762692568,0.4979186679474864
SRI12,B,535,-0.020183770240828174,1483.6057400928566,0.0,0.7,8488371510.2730665,8488.371510273066,0.9445956523286013,0.4236222293378873
SRI12,B,537,-5.6681833344398094e-05,1747.4313935020493,-0.0002889609104189707,0.7,8780054868.066109,8780.054868066109,0.9486160031308927,0.382644892731348
SRI12,B,540,-0.07375756442296318,1896.7842107271535,-5.979972827531779e-05,0.7,8930311408.753855,8930.311408753854,0.9494431992030454,0.37318995268082694
SRI12,B,542,0.0,339.51493137039125,0.0,0.7,6310550148.211176,6310.550148211176,0.903262532465222,0.5749635322161739
SRI12,B,543,-0.31594748057330646,463.05453077961096,0.0,0.7,6706929033.380929,6706.929033380929,0.9082879709680861,0.5696712562706798
SRI12,B,548,-2.240537554547316,0.0,-0.1747630106964798,0.703140148281161,1004497526.8808588,1004.4975268808588,0.8645444195396165,0.6100348667591704
SRI12,B,550,0.0,2061.566899113549,-9.078012256985554e-07,0.7,9086604530.242386,9086.604530242386,0.952449567723343,0.3430817945707475
SRI12,B,553,0.0,642.1379615943182,0.0,0.7000001942510671,7159205518.079396,7159.205518079396,0.920304550467855,0.5399811434873875
SRI12,B,561,0.0,329.555968546553,-0.0038189480438710413,0.7,6272553124.532048,6272.553124532048,0.9025242822072791,0.5759597253353257
SRI12,B,563,0.0,392.6133947209597,-0.0039576398801782,0.7000042640990964,6491447269.937848,6491.447269937848,0.9069004162664106,0.5685950119187391
SRI12,B,566,-0.0008582407738634574,856.080709387567,-0.0004232100161540766,0.7,7586066927.271689,7586.06692727169,0.9288255594691712,0.5123101006866616
SRI12,B,570,-0.042136982392398464,668.8402771178726,-0.011424378851111118,0.7003104823725081,7212683082.059306,7212.683082059306,0.9207848578645887,0.5381933326217668
SRI12,B,574,-0.2901299738649407,0.0,-1.2259190960315804,0.9179604176706542,138462681.64769855,138.46268164769856,0.7706532180595581,0.6100348667591704
SRI12,B,575,-0.9294810070370048,0.0,-1.2493033402714189,0.7395891889910413,429512618.0178712,429.5126180178712,0.8052353506243997,0.6100348667591704
SRI12,B,578,-0.1123517947533057,202.93523642391824,-0.00027590258675079873,0.7,5712958557.555871,5712.958557555871,0.8910591667556124,0.5901376881203971
SRI12,B,581,-0.007440750175223851,621.040714979414,-0.00031395228504732097,0.7001748754302543,7110637123.474389,7110.637123474389,0.9192905681858611,0.5428985661934749
SRI12,B,585,-0.08720488634741796,0.0,-0.7634085940111914,0.7006444930342195,729845204.7335173,729.8452047335173,0.8393905432810332,0.6100348667591704
SRI12,B,587,0.0,1268.543201910329,0.0,0.7,8219393269.959669,8219.39326995967,0.9404952502935211,0.4539794357277546
SRI12,B,590,0.0,424.4934577386339,0.0,0.7,6593484127.435719,6593.484127435719,0.90903511580745,0.5647703419077098
SRI12,B,591,-0.011301791646232517,72.6125881067433,-0.0002571005162475818,0.7,4717893497.3175335,4717.893497317534,0.8793627921869996,0.6029103070409506
SRI12,B,592,-0.0018524762389914573,98.6408479772816,0.0,0.7,4989697116.256036,4989.697116256036,0.8819777991247733,0.6000996193119151
SRI12,B,593,-0.2901299738649407,0.0,-0.0510828296989565,0.703760901075192,1061818871.0552008,1061.8188710552008,0.8685380865976448,0.6100348667591704
SRI12,B,602,0.0,241.53398007169721,0.0,0.7,5907196352.403795,5907.196352403796,0.8950439392322198,0.5849165688262711
SRI12,B,604,-5.165319543297842e-05,0.0,-1.642185121976811,0.9111676299982846,94021538.63535479,94.02153863535479,0.765476571672537,0.6100348667591704
SRI12,B,607,-0.023948446612336242,600.9856781458914,-0.0017906468509707452,0.7,7064134330.321088,7064.134330321088,0.9181965346710784,0.5456914647596683
SRI12,B,608,-0.011025289383915192,134.50224840269493,0.0,0.7,5285572191.026685,5285.572191026685,0.8853132671576475,0.596292738463728
SRI12,B,610,0.0,1239.4369228572632,0.0,0.700006179271788,8180377093.2107315,8180.377093210732,0.9397481054541573,0.45844451560109584
SRI12,B,617,-3.844150208750436,0.0,-1.1752135687800513,0.7001886573934791,531896901.278922,531.896901278922,0.8168605685416446,0.6100348667591704
SRI12,B,622,-0.019130174635783925,1038.8097570593718,-0.0032581331381320577,0.7,7889317586.367549,7889.317586367549,0.9340288896004553,0.4888284057352261
SRI12,B,623,-0.0009176643699110639,440.42831985353996,0.0,0.7,6641592851.473721,6641.592851473721,0.9101202547408117,0.5631248443448251
SRI12,B,624,-4.814351861448461e-07,1179.6315319505286,-2.964715966278093e-06,0.7002867367433495,8097038262.9649105,8097.03826296491,0.9380225566584836,0.46749030490625115
SRI12,B,627,-0.1627599104481504,0.0,-1.0366786027742192,0.7078549841126297,582688309.4165981,582.688309416598,0.8229622513964491,0.6100348667591704
SRI12,B,629,-0.024949118439713175,427.80053849047994,0.0,0.7000017827933377,6603585006.524537,6603.585006524537,0.9090795887145551,0.5650816522574448
SRI12,B,630,-0.0034404622411178167,1214.8118417153646,-0.0038731107444474715,0.7,8145414470.616858,8145.414470616857,0.9390721172661615,0.46238481517059804
SRI12,B,632,-7.691276315408669e-07,1801.870301390205,-0.0038731107444474715,0.7000008878967026,8834819310.294588,8834.819310294588,0.9493275696445725,0.3749243960579215
SRI12,B,633,0.0,920.9729555101562,0.0,0.7008484202518015,7696502527.294018,7696.502527294017,0.9306400540790549,0.5037179350339773
SRI12,B,634,-0.0010367627953534798,0.0,-0.8121761598212657,0.7017896549957219,702313258.219435,702.3132582194349,0.8364731205749457,0.6100348667591704
SRI12,B,635,-3.482238692271916e-07,358.46622717996735,-0.00026373471709584435,0.7000272682802473,6377788413.254176,6377.788413254176,0.9045077738641618,0.5728999893265023
SRI12,B,638,-0.004228117425947531,1145.3161233684668,-6.0492188557121187e-05,0.7,8049312109.629075,8049.312109629075,0.9371864660049097,0.4728448429216921
SRI12,B,639,-0.012895048052944773,1532.831443557935,-0.00045723202463603016,0.7002418588819026,8544636585.497078,8544.636585497077,0.9454851104707012,0.41490553954530895
SRI12,B,643,-0.0021694453294995933,1706.6545659264043,0.0,0.7010059872388343,8733724488.277636,8733.724488277636,0.9480823282456328,0.3883374248407871
SRI12,B,645,-4.0,0.0,-0.9529298052432674,0.7019619609037372,635616009.268909,635.616009268909,0.829232931298253,0.6100348667591704
SRI12,B,647,-0.001129514690134923,65.72450216182585,-0.000443225670220234,0.7000024956123502,4633634830.288892,4633.634830288892,0.8786779094175827,0.6036218735546305
SRI12,B,648,0.0,157.05034211308885,0.0,0.7002481970509468,5440921669.619439,5440.921669619439,0.8872344967445831,0.5938289394101114
SRI12,B,652,-0.0014949796303032892,0.0,-1.2259190960315804,0.7002638687631302,505524353.9478077,505.52435394780775,0.813898672928452,0.6100348667591704
SRI12,B,657,-4.0,0.0,-0.9805574696695888,0.7009440939667929,624729977.0362002,624.7299770362001,0.8279165332479456,0.6100348667591704
SRI12,B,660,-0.00010724504764247304,85.66517400409953,-0.00041468077031137605,0.7,4862007094.727277,4862.007094727277,0.8805190877717295,0.6014693848507489
SRI12,B,661,0.0,409.65068825101724,0.0,0.7,6547399211.344209,6547.399211344209,0.9080122389440353,0.5665759419361724
SRI12,B,663,-0.0022304505130465394,1313.6500670027594,0.0,0.7000138187679897,8278511247.118827,8278.511247118828,0.9415092325755151,0.44731739424342687
SRI12,B,664,-0.001548580095437374,37.865396123640835,0.0,0.7000138187679897,4201941001.88418,4201.94100188418,0.8754580709431814,0.606494823353613
SRI12,B,665,-7.60232187657713e-07,0.0,-1.0650285347508284,0.7211332553624694,544302074.7640505,544.3020747640505,0.8183904365460563,0.6100348667591704
SRI12,B,667,-0.9294810070370048,0.0,-0.8580783044902756,0.7002766494605472,684527061.4265573,684.5270614265573,0.8347742555235349,0.6100348667591704
SRI12,B,668,0.0,680.6860543273089,0.0,0.7000010007711011,7243424725.379595,7243.424725379595,0.9219856263564237,0.5351247020315225
SRI12,B,670,-0.31594748057330646,520.77801090299,-1.0224004577041954e-05,0.7,6865064746.138924,6865.0647461389235,0.9110541857900166,0.564361191162344
SRI12,B,672,-0.013186456830039432,0.0,-2.2880752833369677,0.7116683724951071,103074275.08481587,103.07427508481588,0.7666417618386879,0.6100348667591704
SRI12,B,674,-0.00418407709443501,0.0,-1.282530049085236,0.702936813719738,474820094.44996715,474.82009444996714,0.8108834098267336,0.6100348667591704
SRI12,B,675,-0.17946227784247462,0.0,-1.637687770099772,0.7508952810609795,265023875.17762634,265.02387517762634,0.7858451631266232,0.6100348667591704
SRI12,B,677,-1.3659982205559826,0.0,-1.6351730449888964,0.9444462027472972,59449512.11423766,59.449512114237656,0.7617853203828227,0.6100348667591704
SRI12,B,680,0.0,253.3882168433724,0.0,0.7,5962007359.171571,5962.007359171571,0.8960757106770556,0.5836891165901733
SRI12,B,685,-0.04377972801216545,0.0,-0.17850471990644085,0.7107832326011387,976641894.3610718,976.6418943610719,0.8618137830433699,0.6100348667591704
SRI12,B,687,0.0,53.39386173545245,-0.004195494289313428,0.7,4462990639.299043,4462.990639299042,0.8772725655530651,0.6049115878606754
SRI12,B,688,-0.001129514690134923,26.978859731066557,-0.000443225670220234,0.7000024956123502,3963024825.1649895,3963.0248251649896,0.8743462482655566,0.6075710677055539
SRI12,B,691,-0.1619525161444965,0.0,-2.709174830506867,0.7523385770365985,36126085.484834634,36.12608548483463,0.7590635784679972,0.6100348667591704
SRI12,B,693,-3.9975943094493296,0.0,-0.9301142310621802,0.7000405969350891,649946275.0067499,649.9462750067498,0.8310918988152416,0.6100348667591704
SRI12,B,694,-0.9294810070370048,0.0,-0.011282832768357953,0.7395891889910413,949605128.2746239,949.6051282746239,0.8567082933077171,0.6100348667591704
SRI12,B,697,-0.024662513767544098,212.24096722482926,0.0,0.7,5762346663.384776,5762.346663384777,0.8922777244102891,0.5882075639520404
SRI12,B,698,-0.15515623257258881,336.2185393567958,-0.009504420030076554,0.7001259210382771,6294543984.460708,6294.543984460708,0.9016970861351262,0.5779876898993133
SRI12,B,699,-0.019186117221588306,121.35038151233996,-2.4897242053368955e-05,0.700124034973229,5184515477.680639,5184.515477680639,0.8838189774789199,0.5978492902124026
SRI12,B,706,0.0,172.54796322227048,0.0,0.7,5539545668.117958,5539.5456681179585,0.888826626818942,0.5921478635215427
SRI12,B,711,-0.2743616205930136,0.0,-1.2259190960315804,0.733801803561827,448975499.6160324,448.97549961603244,0.807485679723912,0.6100348667591704
SRI12,B,713,-0.31594748057330646,335.7845197481475,0.0,0.7,6296362664.564802,6296.362664564802,0.9006030526203435,0.5815988899562387
SRI12,B,715,-0.013186456830039432,0.0,-0.66981956359473,0.7116864036254791,743653813.7125406,743.6538137125407,0.84078699256413,0.6100348667591704
SRI12,B,716,-0.00031426556833096843,1109.1344739743652,-6.0647187434402326e-05,0.7000017789838879,7996579073.849304,7996.579073849304,0.936243640374284,0.4774878144234532
SRI12,B,720,-0.013186456830039432,0.0,-0.66981956359473,0.7009343119750979,771381915.4054945,771.3819154054944,0.8438912014800584,0.6100348667591704
SRI12,B,721,-0.11647976735254703,194.79924930124412,-0.00027590258675079873,0.7008575545442786,5665388754.928201,5665.388754928201,0.8900807627993025,0.5909204112854448
SRI12,B,723,-0.006874277284692663,143.95208851094048,0.0,0.7001251051649553,5352858899.217919,5352.858899217919,0.8861404632298004,0.5951720212046822
SRI12,B,731,-2.087193365399471e-05,299.6639265075912,0.0,0.7001152319348612,6158432952.667415,6158.432952667415,0.8998559077809797,0.5790372505069912
SRI12,B,734,-0.11877429459965871,0.0,-0.8761940432112592,0.9910248336143417,20343561.77154698,20.343561771546977,0.7576404454406377,0.6100348667591704
SRI12,B,736,-2.9903721668612184,0.0,-0.0071738410368538605,0.7011509706966659,1091125110.1873305,1091.1251101873304,0.8706727861386844,0.6100348667591704
SRI12,B,743,-0.00039679122586568603,828.35636144262,0.0,0.700001066012698,7535873920.740169,7535.873920740169,0.9276870530472835,0.5159124061621659
SRI12,B,745,-0.0003363406552026662,277.46744770032063,0.0,0.7000017575754597,6067529730.514234,6067.529730514234,0.898219304799516,0.5813854200021347
SRI12,B,750,-2.775481907599307,0.0,-1.067970379013385,0.9411330894138625,114780238.97691147,114.78023897691148,0.7677446899348918,0.6100348667591704
SRI12,B,752,-0.012457337627002796,9.226970363526334,0.0,0.7001259688658862,3321492595.633349,3321.492595633349,0.8721759703988329,0.6091809869427546
SRI12,B,756,-0.001129514690134923,18.446147124239985,-0.00043900947327743436,0.7000024956123502,3716995945.9117236,3716.9959459117235,0.8732877930764578,0.6083360017077596
SRI12,B,758,-0.31594748057330646,143.49261510249858,-0.00012580752488002694,0.7,5349825953.531922,5349.825953531922,0.8850197459707547,0.5978315010495606
SRI12,B,761,-0.16986392477923573,0.0,-1.4730986841959992,0.7052332810231295,385737435.3425466,385.7374353425466,0.8011794214964242,0.6100348667591704
SRI12,B,762,-0.017981991953138415,318.1505323842819,0.0,0.7001289318913404,6230565221.390835,6230.565221390835,0.9013413028782865,0.5772761233856334
SRI12,B,765,-0.3042597782271229,397.6977964613805,0.0,0.7000042093089701,6508684876.827851,6508.684876827851,0.904534457608425,0.5752926317287509
SRI12,B,766,-3.847529298956802e-06,1401.6488195861734,-0.00046191513298671704,0.7002462257719645,8388567250.826319,8388.567250826318,0.9432436759526096,0.43379763048350944
SRI12,B,770,-7.866636847624293e-06,0.0,-1.1001668190640737,0.7000221899370773,569495958.4839438,569.4959584839438,0.8209253922510407,0.6100348667591704
SRI12,B,774,-0.24800578140368318,0.0,-0.015348992898946924,0.7365936095797976,958231459.420745,958.2314594207451,0.8577044864268686,0.6100348667591704
SRI12,B,778,-0.020273528604059905,1063.285240262931,0.0,0.7000004833573183,7927995303.777918,7927.995303777918,0.9346515102999253,0.4858131426335077
SRI12,B,781,-0.08720488634741796,0.0,-1.7268154036619374,0.7017490015836758,277632255.08886987,277.6322550888699,0.787045931618458,0.6100348667591704
SRI12,B,784,0.0,596.6864763526892,0.0,0.7,7054752100.284888,7054.752100284888,0.9181876400896575,0.5451577898744084
SRI12,B,786,0.0,775.704474787469,0.0,0.7,7436653817.442191,7436.653817442191,0.9257569288789269,0.5227256555306506
SRI12,B,787,0.0,727.3059817541282,0.0,0.7,7340611842.36573,7340.61184236573,0.9238890667805173,0.5290763866652435
SRI12,B,790,0.0,618.2642487329006,0.0,0.7,7105039633.053825,7105.039633053825,0.9192194115344933,0.5429519336820009
SRI12,B,791,0.0,802.5473892461852,0.0,0.7,7487849683.207148,7487.849683207148,0.9268687515565518,0.5192923471021453
SRI12,B,792,-3.6522929676270204,0.0,-0.8945594739389047,0.7,667195990.7755576,667.1959907755577,0.8331020742163874,0.6100348667591704
SRI12,B,794,0.0,459.7794282013136,0.0,0.7,6698315495.948203,6698.3154959482035,0.9111787099299107,0.5608745152453126
SRI12,B,795,-2.165028827237719,0.0,-1.050554087409779,0.9937042549085219,12550274.445921991,12.55027444592199,0.7568310385313267,0.6100348667591704
SRI12,B,799,0.0,1315.2741408272427,0.0,0.7,8280643531.95788,8280.64353195788,0.941535916319778,0.4470149784751129
SRI12,B,800,-0.03215522153435245,756.7533344968613,0.0,0.7,7399541025.765452,7399.541025765452,0.9248674707368271,0.526594798448785
SRI12,B,801,-2.4455562663176096,0.0,-0.9950605611038804,0.8871453000769179,233178007.2432249,233.1780072432249,0.7813533995090192,0.6100348667591704
SRI12,B,804,0.0,1397.0657911610476,0.0,0.7,8383980074.399359,8383.980074399358,0.9431992030455046,0.43448251325292625
SRI12,B,805,0.0,1146.8620183986757,0.0,0.7,8051531775.523659,8051.531775523658,0.9372131497491728,0.4723378517806952
SRI12,B,806,-2.1013441944455042,0.0,-1.5695450426405857,0.7308024392302154,313765583.13159806,313.7655831315981,0.7920891592841641,0.6100348667591704
SRI12,B,807,-2.250789009450514,0.0,-1.751303540089468,0.7373578578574965,236050805.19762874,236.05080519762873,0.7823406980467498,0.6100348667591704
SRI12,B,808,0.0,18.284741597641613,0.0,0.7,3711727034.2401924,3711.7270342401926,0.8732611093321948,0.6083360017077596
SRI12,B,810,0.0,534.3770620718565,0.0,0.7,6901264303.722825,6901.264303722825,0.9150567474294659,0.5525225032909952
SRI12,B,811,-2.9014334145202607,0.0,-2.1916639025996667,0.7159910257893305,123650803.98282105,123.65080398282105,0.7694791333119865,0.6100348667591704
SRI12,B,813,0.0,421.797299755853,0.0,0.7,6585195448.693134,6585.1954486931345,0.908848329597609,0.5651439143273917
SRI12,B,815,0.0,967.8221776168932,0.0,0.7,7777580144.793498,7777.580144793498,0.9322232895719927,0.49750062262069955
SRI12,B,816,-2.2619914288219305,0.0,-1.07777734095637,0.7136770450065353,552894106.608225,552.894106608225,0.8191909488739457,0.6100348667591704
SRI12,B,820,0.0,1355.09081478689,0.0,0.7000401374261387,8331397888.419066,8331.397888419066,0.9423897961361938,0.44093997936457113
SRI12,B,822,0.0,665.4938693108793,0.0,0.7,7210674490.09072,7210.674490090721,0.9213185327498487,0.5370548261998791
SRI12,B,823,-0.1743139792215165,463.02875929936545,0.0,0.7,6707283503.707902,6707.283503707902,0.9099423631123918,0.5652239655601806
SRI12,B,824,-2.703658006618287,0.0,-1.0776689459554263,0.9239537818964673,146945152.02051184,146.94515202051184,0.7714448358060269,0.6100348667591704
SRI12,B,828,-0.04960910511426819,912.4683314634057,0.0,0.7,7685011684.523271,7685.011684523271,0.9299907496353221,0.5078539153947416
SRI12,B,830,0.0,1473.828078567476,0.0,0.7,8476837576.380357,8476.837576380356,0.9446045469100225,0.4227416657772085
SRI12,B,831,-1.2900771359116665,0.0,-1.4128575176906888,0.7517973227314179,345757296.29146624,345.7572962914662,0.7961361938307184,0.6100348667591704
SRI12,B,834,-0.0676779427802261,0.0,-0.7263079292650281,0.7135251569725273,715154537.5573593,715.1545375573594,0.8376294161596756,0.6100348667591704
SRI12,B,837,0.0,223.93443963266205,0.0,0.7,5821862523.6600485,5821.862523660048,0.8935140712278081,0.5867666417618388
SRI12,B,838,-1.6141377052554304,219.10481809679922,0.0,0.7,5796041474.478083,5796.041474478083,0.8804123527946773,0.6045380154409934
SRI12,B,839,-3.7882344469852827,0.0,-1.5942487655825808,0.701090966053126,337299847.49553055,337.29984749553057,0.7945618529192017,0.6100348667591704
SRI12,B,846,0.0,272.4856116097208,0.0,0.7,6046276730.387571,6046.276730387572,0.8978990998683604,0.5817500978403957
SRI12,B,847,0.0,210.6185521055209,0.0,0.7,5753893552.455147,5753.893552455147,0.8921532002703954,0.5881541964635144
SRI12,B,849,0.0,1217.8262455123406,0.0,0.7,8151004417.147419,8151.004417147419,0.9391877468246344,0.4618333511224962
SRI12,B,850,-0.12428637760635153,0.0,-0.703802575521125,0.72714091913285,690652014.3198289,690.6520143198288,0.8353168249902161,0.6100348667591704
SRI12,B,851,-3.561532269543456,0.0,-1.0108814261254857,0.7,611734581.7527093,611.7345817527092,0.8263955598249546,0.6100348667591704
SRI12,B,855,-2.2832010450289224,0.0,-0.9920419480002474,0.9860276036042467,29068733.853078548,29.068733853078548,0.7585832710712634,0.6100348667591704
SRI12,B,857,0.0,407.0002368464431,0.0,0.7,6539034945.790071,6539.03494579007,0.9078788202227203,0.5669050414487494
SRI12,B,858,-3.585958448075646e-05,29.2067711051291,0.0,0.7,4017375774.567761,4017.375774567761,0.8745063507311344,0.6073575977514499
SRI12,B,860,0.0,393.7694822345842,-0.001192473120997085,0.7,6496238248.617163,6496.238248617163,0.9070249404063047,0.5683993311274771
SRI12,B,864,-2.5370631424544654,0.0,-0.7650535385895804,0.7,730523275.4896975,730.5232754896974,0.8394972782580852,0.6100348667591704
SRI12,B,865,0.0,0.0,-1.0989745831699607,0.7,569971212.9817288,569.9712129817287,0.8209787597395667,0.6100348667591704
SRI12,B,866,-1.5181498962239988,0.0,-0.9927873340430843,0.9765695034832144,48632022.89150296,48.63202289150296,0.7607357597751451,0.6100348667591704
SRI12,B,868,0.0,254.62001649865206,-0.002174721500926801,0.7,5966836290.425288,5966.836290425288,0.8961824456541075,0.5835379087060163
SRI12,B,869,-3.7204851114381428,0.0,-1.3086854548379978,0.7384538496154308,406790702.702128,406.790702702128,0.8031629131533068,0.6100348667591704
SRI12,B,870,-0.17118826582477253,0.0,-0.015607391625275635,0.7,1091151060.8743246,1091.1510608743245,0.8707795211157363,0.6100348667591704
SRI12,B,872,0.0,0.0,0.0,0.7410874409802495,947535286.188192,947.535286188192,0.8564770341907709,0.6100348667591704
SRI12,B,873,0.0,168.80140188799388,0.0,0.7,5516560915.793119,5516.560915793119,0.8884708435621022,0.5925303305226456
SRI12,B,876,-2.5525184347087886,0.0,-1.0831839352816652,0.7,577733897.1048899,577.7338971048898,0.8219037962073505,0.6100348667591704
SRI12,B,878,-0.007232851870045912,483.14081302504735,0.0,0.7,6764420461.131685,6764.420461131685,0.9125217917244816,0.558739815704273
SRI12,B,884,-2.8290474203175564,0.0,-0.8978355811275383,0.7,665764872.963992,665.764872963992,0.8329597609136513,0.6100348667591704
SRI12,B,886,-0.01347179118795741,1650.9722826623342,0.0,0.7,8677720817.509108,8677.720817509107,0.9474774967090047,0.3975966841000463
SRI12,B,888,-1.328454405290802,0.0,-1.447456567684167,0.7203029089102772,375029410.5094105,375.0294105094105,0.7996584480734337,0.6100348667591704
SRI12,B,895,0.0,1605.979531728805,-0.0006472245322423076,0.7,8628071822.876818,8628.071822876818,0.9467125627067992,0.40281780339417234
SRI12,B,897,-4.0,0.0,-1.702627080899802,0.7009126326253009,289376012.3355586,289.3760123355586,0.7884334863201339,0.6100348667591704
SRI12,B,898,0.0,643.8020919337412,0.0,0.7,7162923905.612458,7162.923905612458,0.920384601700644,0.5396787277190737
SRI12,B,900,0.0,1698.4233664516098,0.0,0.7,8728685368.665205,8728.685368665205,0.9480734336642117,0.3894492475184118
SRI12,B,902,0.0,1275.65287592538,0.0,0.7,8228818118.1375475,8228.818118137548,0.9406731419219411,0.4528409293058668
SRI12,B,907,-0.017772968979889066,938.9150660386565,0.0,0.7,7729754006.497459,7729.754006497459,0.9311915181271568,0.5025883231935105
SRI12,B,908,-0.000461168936604979,146.15267286024135,-5.3509402094088256e-05,0.7,5368616891.873676,5368.616891873677,0.8863450386024833,0.5949051837620521
SRI12,B,910,-4.0,0.0,-1.2751431717528783,0.7275707495832047,439078283.39387923,439.07828339387925,0.8068007969544951,0.6100348667591704
SRI12,B,914,-0.13165679436409472,0.0,-1.2880408117909425,0.7,476952463.15598613,476.95246315598615,0.8110257231294696,0.6100348667591704
SRI12,B,915,-4.0,0.0,-1.0689311656308373,0.7302429573681913,524972085.01451075,524.9720850145108,0.8162379478421745,0.6100348667591704
SRI12,B,919,-3.9228364586424527,0.0,-1.4404532494610294,0.7001330149979961,405350347.85199404,405.35034785199406,0.803020599850571,0.6100348667591704
SRI12,B,922,0.0,106.71116314009663,0.0,0.7,5062687993.173998,5062.687993173998,0.882600419824243,0.5992991069840253
SRI12,B,923,0.0,97.84675814648553,0.0,0.7,4982277660.768701,4982.277660768701,0.8818532749848793,0.600215248870388
SRI12,B,925,0.0,240.07467819436317,0.0,0.7,5900306793.251943,5900.3067932519425,0.8949283096737468,0.5850677767104281
SRI12,B,926,0.0,1525.3168083549845,0.0,0.7,8537050692.962935,8537.050692962935,0.9454050592379123,0.41476322624257306
SRI12,B,928,0.0,1111.3690726755058,0.0,0.7,7999872497.803565,7999.872497803565,0.936341480769915,0.47704308535240336
SRI12,B,930,0.0,1246.3647895350036,-0.0006092496913188278,0.7,8189493973.591048,8189.493973591048,0.9398815241754723,0.45743053331910194
SRI12,B,933,-0.0020796389191742575,374.8320701833113,0.0,0.7,6434074904.08674,6434.0749040867395,0.9056640694488918,0.5708275518554098
SRI12,B,937,-0.062281957880375945,0.0,-2.308905593729995,0.7,102467850.28460328,102.46785028460329,0.766597288931583,0.6100348667591704
SRI12,B,947,0.0,1757.3134506724282,-0.007430882192495658,0.7,8787897705.88177,8787.897705881769,0.9486960543636817,0.3813284946810403
SRI12,B,954,-0.001152966710378828,519.730857275623,0.0,0.7004072656160899,6861693811.482072,6861.693811482072,0.9142117621944709,0.5541235279467748
SRI12,B,956,-2.504247614315676,0.0,-0.17236288816303302,0.7,1016296913.1854209,1016.2969131854209,0.8656117693101363,0.6100348667591704
SRI12,B,960,0.0,200.04645870992232,-0.0005568657045321168,0.7001304989018994,5696874882.375769,5696.874882375769,0.8912014800583483,0.5892037570711922
SRI12,B,962,-3.9679050516572936,0.0,-1.2282207734953083,0.7001366885346874,504589886.00400305,504.58988600400306,0.8138719891841889,0.6100348667591704
SRI12,B,963,-0.0020771955054296487,560.3864040071244,-0.0010005389924027663,0.7,6966514658.346127,6966.514658346126,0.9164265129682996,0.5493115593980148
SRI12,B,966,-0.00019339443772707285,182.03863770634246,0.0,0.7,5596118671.649757,5596.118671649758,0.8896805066353577,0.5911249866581278
SRI12,B,969,0.0,339.0333233873415,0.0,0.7,6308800054.71444,6308.80005471444,0.9032269541395379,0.5750168997046999
SRI12,B,970,0.0,1923.96681385219,0.0,0.7,8957240217.237097,8957.240217237097,0.9509552780446151,0.3592076706870175
SRI12,B,973,-2.9051428192304067,0.0,-1.085562617795515,0.9566905721455133,83359655.91303892,83.35965591303892,0.7641690682036504,0.6100348667591704
SRI12,B,975,0.0,0.0,-0.034224209048253185,0.7417199542625781,932600544.5660906,932.6005445660905,0.8553918952574092,0.6100348667591704
SRI12,B,976,-0.0005691811403321959,357.05332744608364,0.0,0.7,6373075987.041461,6373.075987041461,0.9044366172127938,0.5730511972106593
SRI12,B,978,0.0,1077.2856754525676,0.0,0.7,7949230239.488057,7949.230239488057,0.9353008147436581,0.48188173764542647
SRI12,B,979,-0.003654711404819446,2003.31987405826,-0.004225525065070124,0.7007799215343224,9028311122.536674,9028.311122536674,0.951702422883979,0.3498505710321272
SRI12,B,985,-2.934110701168062,0.0,-0.9702424741357711,0.7,631396264.0062392,631.3962640062392,0.82902835592557,0.6100348667591704
SRI12,B,989,-0.0900193957771775,317.807157802558,0.0,0.7,6229629923.727991,6229.629923727991,0.9009588358771835,0.5786192051802043
SRI12,B,993,0.0,1044.2736407035495,0.0,0.7,7898971600.147766,7898.971600147766,0.9343846728572954,0.48672928451987046
SRI12,B,994,0.0,157.35082658015858,0.0,0.7000746031863622,5443527311.461225,5443.527311461225,0.8873323371402141,0.5937666773401644
SRI12,B,997,0.0,332.7364438945147,0.0,0.700250340475927,6284851958.143938,6284.851958143938,0.902764435905646,0.5756928878926958
SRI12,B,1000,-4.783660998387471e-05,1850.75287705685,0.0,0.7000746031863622,8884988996.848839,8884.988996848839,0.9499946632511473,0.36803999003806875
SRI12,B,1001,-4.0,0.0,-1.2556243208575344,0.7,491782896.3852368,491.7828963852368,0.8126267477852491,0.6100348667591704
SRI12,B,1004,0.0,448.36179004279387,0.0,0.7,6665040434.909114,6665.040434909114,0.9105116163233359,0.5621019674814103
SRI12,B,1010,0.0,6.555585327009112,0.0,0.7,3149519350.170133,3149.5193501701333,0.8719269221190451,0.6093410894083325
SRI12,B,1012,0.0,883.4946794921295,0.0,0.7001019054181314,7634517557.699441,7634.517557699441,0.9295993880527982,0.5087433735368413
SRI12,B,1014,0.0,57.75176144770141,0.0,0.7,4527415745.278216,4527.4157452782165,0.877770662112641,0.6044401750453624
SRI12,B,1019,0.0,75.8187255714488,0.0,0.7000268331748922,4755049617.097714,4755.049617097715,0.8797541537695238,0.6025723129469527
SRI12,B,1023,-0.06317451835646719,44.609428668495056,0.0,0.7,4324500834.847009,4324.500834847008,0.8762852670153343,0.6059611484683531
SRI12,B,1024,0.0,1178.1265665017334,0.0,0.7001397744801022,8095456896.142939,8095.456896142939,0.9380136620770626,0.4677215640231971
SRI12,B,1027,0.0,985.66782272818,0.0,0.7,7806552824.118931,7806.55282411893,0.9327213861315685,0.49493898317145196
SRI12,B,1028,-0.627227428328466,0.0,-1.4183590463301674,0.7355273848482498,366455041.50676185,366.45504150676186,0.7985733091400717,0.6100348667591704
SRI12,B,1031,-3.2423807455325453,0.0,-1.9987511918877137,0.7007988055005666,182336785.51212248,182.33678551212247,0.7764969580531542,0.6100348667591704
SRI12,B,1032,-0.7052058076265282,0.0,-1.2851937909808928,0.8052044643566953,310686508.2188068,310.6865082188068,0.7913331198633793,0.6100348667591704
SRI12,B,1035,-1.3386885873285255,0.0,-0.5771668438177988,0.7167195739476084,774577965.8250142,774.5779658250142,0.8441135660155834,0.6100348667591704
SRI12,B,1036,0.0,710.9473084243251,0.0,0.7,7307083375.274232,7307.083375274232,0.9232753406624684,0.5309620379264951
SRI12,B,1037,-0.045265902958306646,539.4602013805359,-0.0037164177850986984,0.7,6912816562.422297,6912.816562422297,0.9149144341267298,0.55327854271178
SRI12,B,1038,-1.0441562150625785,0.0,-0.5523809559083439,0.7,833120739.1913496,833.1207391913496,0.8501440922190203,0.6100348667591704
SRI12,B,1040,-1.7881210672993215,0.0,0.0,0.7417780857498987,945008110.7626975,945.0081107626975,0.8562546696552461,0.6100348667591704
SRI12,B,1041,-0.0025999533865754265,121.68845823435743,0.0,0.7,5187656166.852736,5187.6561668527365,0.8839168178745509,0.5977069769096667
SRI12,B,1042,-0.04479316608681476,428.58007844637916,0.0,0.7,6605909622.227601,6605.909622227601,0.908990642900345,0.5653395951186537
SRI12,B,1044,0.0,1240.1714512117774,0.0,0.7000740953403608,8181120157.535823,8181.120157535823,0.9397570000355783,0.45832888604262284
SRI12,B,1046,-2.592208791717564,0.0,-1.9967999222894612,0.8288068118808821,104540859.32321046,104.54085932321047,0.7670153342583698,0.6100348667591704
SRI12,B,1047,-1.653665366036274,0.0,-2.481179660763866,0.9228229295748339,18802364.48042584,18.802364480425837,0.7572668730209556,0.6100348667591704
SRI12,B,1048,0.0,623.0157377251927,-0.004697058113950114,0.7,7114140892.837516,7114.140892837516,0.9193706194186503,0.5423382075639519
SRI12,B,1049,-0.04836124715167933,1360.387078593575,0.0,0.7,8338060737.502921,8338.060737502921,0.9419361724837229,0.4446757035613903
SRI12,B,1056,-0.04472451216102234,398.39838737895855,0.0,0.7,6511558313.725256,6511.558313725256,0.9070249404063045,0.5686394848258441
SRI12,B,1057,-0.04097368764094006,1950.2450528308334,0.0,0.7010318503338282,8978529746.633286,8978.529746633285,0.9505283381364072,0.361360159390899
SRI12,B,1058,-0.6697507485954751,0.0,-1.333351153457599,0.7012248896629382,453599880.36050224,453.59988036050225,0.8087220265414309,0.6100348667591704
SRI12,B,1061,0.0,823.0779676841048,0.0,0.7,7526135554.993495,7526.135554993495,0.9275358451631267,0.5166862347457928
SRI12,B,1062,-0.05877073980863865,145.7325403924785,0.0,0.7,5365687374.862398,5365.687374862398,0.8861315686483794,0.595483331554417
SRI12,B,1066,-0.005221907874941297,908.079445334786,0.0,0.7,7677586565.298342,7677.586565298342,0.9303287437293201,0.505674742946597
SRI12,B,1067,0.0,852.5937839005638,0.0,0.7,7579954868.847326,7579.954868847326,0.9286921407478561,0.5128526701533426
SRI12,B,1068,0.0,4.212707754980499,0.0,0.7000047783215173,2946107444.7334695,2946.1074447334695,0.8716867684206782,0.6095723485252785
SRI12,B,1070,-0.036565850929397285,1054.5688722443335,0.0,0.7,7914646363.741197,7914.646363741196,0.9342334649731384,0.48769879389475934
SRI12,B,1072,-0.04836124715167933,760.3315758614206,-0.00010601771174030235,0.7,7406495315.310581,7406.495315310582,0.9246895791084071,0.527092895008361
SRI12,B,1073,0.0,1810.3223089241524,0.0,0.7,8844773500.68058,8844.77350068058,0.9494076208773614,0.37374141672892874
SRI12,B,1074,0.0,314.1859506442152,0.0,0.7,6215835603.782556,6215.835603782555,0.9011634112498667,0.5775073825025794
SRI12,B,1075,0.0,345.86593550881787,0.0,0.7,6333509742.763538,6333.509742763538,0.903716156117693,0.5743142277724411
SRI12,B,1076,0.0,171.29697934056097,0.0,0.7000740953403608,5531638535.526626,5531.638535526626,0.8887109972604691,0.5922812822428577
SRI12,B,1078,-3.2423807455325453,0.0,-0.9478230953560729,0.7007988055005666,640314074.7598709,640.3140747598709,0.8298377628348809,0.6100348667591704
SRI12,B,1080,0.0,94.3681413527504,0.0,0.7,4949187037.109544,4949.187037109544,0.8814619134023554,0.6005087700572811
SRI12,B,1081,-0.7052058076265282,0.0,-1.2851937909808928,0.7005272755299413,477567746.04703784,477.5677460470378,0.8110879851994165,0.6100348667591704
SRI12,B,1083,-1.1930204072499915,0.0,-0.7417959356460407,0.7,741396032.9052598,741.3960329052599,0.8406268900985521,0.6100348667591704
SRI12,B,1087,-0.006602111289272638,0.0,-1.0027093968822287,0.7068286272290886,601853678.1626341,601.8536781626341,0.8254794179385919,0.6100348667591704
SRI12,B,1092,-1.3486729209940485,0.0,-2.210563345368809,0.7058269313164494,123315056.9863554,123.3150569863554,0.7693012416835664,0.6100348667591704
SRI12,B,1093,-1.349284544399762,0.0,-0.5657621221149253,0.7024167563871128,819541626.8777671,819.541626877767,0.8488632724943963,0.6100348667591704
SRI12,B,1097,-4.0,0.0,-1.170972804951018,0.7,534257854.8320831,534.2578548320831,0.8171807734728005,0.6100348667591704
SRI12,B,1101,0.0,1075.573525042513,0.0,0.7000412640575335,7946499008.349618,7946.499008349618,0.9352118689294481,0.4821574696694775
SRI12,B,1102,-0.0060302448398062425,0.0,-1.3615495105714506,0.7000004699444776,441574832.79428566,441.57483279428567,0.8070854235599673,0.6100348667591704
SRI12,B,1106,0.0,492.5950845512706,-0.004697058113950114,0.7,6788688322.672362,6788.688322672362,0.9129754153769523,0.5573344718397552
SRI12,B,1107,-1.2389738581234062,0.0,-0.7518022865512087,0.7080726043805649,716852588.1127213,716.8525881127214,0.8378784644394633,0.6100348667591704
SRI12,B,1110,-0.0010695151498928183,106.53062415416599,0.0,0.7000083584730188,5061071115.271649,5061.071115271649,0.8825648414985592,0.5993257907282883
SRI12,B,1111,-1.0111827373600735,0.0,-1.741399919654127,0.7048562608397708,269243086.2590525,269.2430862590525,0.7861564734763583,0.6100348667591704
SRI12,B,1113,0.0,677.4069169833012,0.0,0.7000000455431055,7236407044.803094,7236.407044803094,0.9218077347280036,0.5356139040096773
SRI12,B,1116,-1.2226235690234146,0.0,-0.8918779997368991,0.7045550089779198,657914960.6807494,657.9149606807495,0.8319190948873946,0.6100348667591704
SRI12,B,1121,0.0,576.124866389617,0.0,0.7000059455296321,7005498580.248386,7005.498580248386,0.9171558686448215,0.547568221439499
SRI12,B,1125,-0.0005659416640727891,1522.2658362989932,0.0,0.7000074811344161,8533515849.728993,8533.515849728994,0.9453694809122283,0.41523463905788593
SRI12,B,1127,-0.06993276636315982,244.64814412487485,-0.0016766584074821187,0.7006644306014806,5918583237.273269,5918.583237273268,0.8946792613939588,0.5855302949443199
SRI12,B,1131,-0.0469500499121674,466.2091821211085,-0.004924830259591726,0.7,6714877751.812486,6714.877751812485,0.9112142882555946,0.5612658768278365
SRI12,B,1133,-0.03146438334842294,1151.0693156046489,-0.000650044488555445,0.7000991809329582,8056839581.668209,8056.839581668209,0.9370975201906998,0.47392108727363286
SRI12,B,1134,-3.9623936376460582,0.0,-2.0474516353680405,0.7075638678459508,163698618.23708338,163.69861823708337,0.7739620023481696,0.6100348667591704
SRI12,B,1136,0.0,776.2924643181223,0.0,0.7,7437787875.235376,7437.787875235376,0.9257747180417689,0.5226544988792827
SRI12,B,1137,-0.06360726778310433,0.0,-0.044504635502250145,0.7060934086361133,1056553917.6564239,1056.553917656424,0.8679510442238587,0.6100348667591704
SRI12,B,1138,-0.6697507485954751,0.0,-1.202530868430512,0.7012248896629382,515120691.4249566,515.1206914249566,0.8149215497918668,0.6100348667591704
SRI12,B,1139,0.0,1180.1076444092714,0.0,0.7,8098759483.0673,8098.7594830673,0.9380670295655887,0.4674280428363042
SRI12,B,1140,-0.007398611011919354,2068.4259370570794,0.0,0.700006402502704,9092866529.883295,9092.866529883295,0.9525563027003949,0.34309068915216845
SRI12,B,1144,-0.006606455879740699,0.0,-1.0288882015179361,0.7068218194099563,588624832.7488741,588.624832748874,0.823700501654392,0.6100348667591704
SRI12,B,1149,-0.0018460532018432889,203.28156446054302,-0.0016147311773834858,0.7001144230451866,5713951351.649738,5713.951351649738,0.8914772120823993,0.5889547087914043
SRI12,B,1150,0.0,877.8699104103388,0.0,0.7,7625014184.528092,7625.014184528092,0.9294837584943252,0.5094994129576262
SRI12,B,1151,0.0,513.2185843773948,0.0,0.7,6846023176.4348955,6846.0231764348955,0.9139716084961039,0.5547906215533497
SRI12,B,1154,-0.09689563664624301,486.99894572081257,0.0,0.7,6774942732.723346,6774.942732723346,0.9120592734905896,0.5609367773152596
SRI12,B,1155,0.0,68.43510562955535,-0.009341284650745994,0.7,4664494243.6432,4664.4942436432,0.8787312769061089,0.6032571957163695
SRI12,B,1156,-0.06363813604516706,261.4361800116145,-0.0015322645200046836,0.7006644306014806,5995043328.027503,5995.043328027503,0.8962269185612125,0.5838403244743302
SRI12,B,1159,-0.00811205581242751,1213.530229443749,0.0,0.7000002562891161,8145113007.996191,8145.113007996191,0.9390543281033195,0.4630785925214359
SRI12,B,1169,0.0,1393.0908014253462,0.0,0.7000981685430295,8378709378.855873,8378.709378855872,0.9431013626498738,0.43514960685950116
SRI12,B,1172,-0.0684165919700559,335.9959223490828,-0.012179063196931768,0.7003834226732026,6291889809.863628,6291.889809863628,0.9021329206247551,0.5765912406162166
SRI12,B,1181,-1.2362389371984683,0.0,-0.754943645577593,0.7017056805992449,731091168.4998413,731.0911684998414,0.8395417511651901,0.6100348667591704
SRI12,B,1183,-3.8253342673494797,0.0,-0.829662994461366,0.7076315343441862,681190615.0089003,681.1906150089003,0.8342227914754331,0.6100348667591704
SRI12,B,1185,-0.11000203049051724,417.97599748069337,0.0,0.7000018387315229,6573224920.959011,6573.224920959011,0.9077542960828262,0.5682659124061623
SRI12,B,1190,-1.8675302800246163,0.0,0.0,0.7364522094446212,964496311.2232274,964.4963112232274,0.8581758992421816,0.6100348667591704
SRI12,B,1191,0.0,29.169596216315956,0.0,0.7004088222436152,4014994122.5894556,4014.9941225894554,0.8743818265912404,0.6073664923328709
SRI12,B,1192,-3.0115120332359577,0.0,-0.5791515584221354,0.7120486705394509,786281370.0793437,786.2813700793437,0.845385491158786,0.6100348667591704
SRI12,B,1193,-0.7928927086531063,0.0,-1.3427261308962903,0.8022894928630823,297547669.897944,297.547669897944,0.7901056676272815,0.6100348667591704
SRI12,B,1194,-1.349284544399762,0.0,-1.4164626815040555,0.7024167563871128,413012035.9125111,413.0120359125111,0.8040612658768277,0.6100348667591704
SRI12,B,1199,-0.0009315494742641369,0.0,-1.1418637978101591,0.7000056805914582,549458842.1730261,549.4588421730261,0.818924111431316,0.6100348667591704
SRI12,B,1207,-0.014560147034102812,1854.6772308001089,0.0,0.7,8889103849.182714,8889.103849182715,0.9500569253210943,0.36929412601842954
SRI12,B,1209,0.0,2003.2819741983367,-0.005043088170648136,0.7000117570344039,9030679281.867052,9030.679281867053,0.9517468957910841,0.34956594442665534
SRI12,B,1210,0.0,1445.1822005332883,-0.0012749965792817064,0.7,8442156703.488945,8442.156703488945,0.9440708720247625,0.4270110648592877
SRI12,B,1217,-0.06800959686305616,236.45707020627503,-0.001673994716936821,0.7006460338509967,5879898458.338514,5879.8984583385145,0.8940121677873839,0.5863397018536308
SRI12,B,1220,-0.0017796404514836377,1005.3523271905658,-0.00030145735245004635,0.7005836811531756,7835803572.836741,7835.803572836741,0.9331305368769345,0.4923061870708365
SRI12,B,1222,0.0,1650.0699796769163,0.0,0.7,8676740568.711264,8676.740568711264,0.9474686021275838,0.3962802860497384
SRI12,B,1225,-2.3506192668229503e-07,597.9177025820975,0.0,0.7000280224945716,7057554433.6080885,7057.554433608088,0.9182676913224463,0.5450421603159354
SRI12,B,1228,0.0,358.6823153390894,0.0,0.7,6378749182.646857,6378.749182646858,0.9045433521898458,0.5728822001636603
SRI12,B,1229,-1.0927471457573252,0.0,-1.4414791345293152,0.7000368103375573,405037109.016529,405.03710901652903,0.8030117052691499,0.6100348667591704
SRI12,B,1232,-0.039166227561188566,989.6704268424706,0.0,0.7,7812927856.296477,7812.927856296477,0.9324812324332016,0.4967267940370726
SRI12,B,1236,-0.7558618021071482,0.0,-0.9747409922202628,0.7,629567321.6337724,629.5673216337724,0.8286280997616253,0.6100348667591704
SRI12,B,1238,0.0,557.5820611675961,-4.3487052357490643e-07,0.7000350592274138,6959818264.169267,6959.8182641692665,0.9161952538513537,0.5496851318176967
SRI12,B,1241,-0.0022826141357708604,275.7050094553804,-9.627840059398766e-05,0.7,6059980390.06984,6059.980390069841,0.8980947806596221,0.5814921549791866
SRI12,B,1243,0.0,476.02791777497276,0.0,0.7,6744562137.400886,6744.562137400885,0.9121304301419576,0.5591400718682178
SRI12,B,1244,-0.00044816755862424167,661.2962457937767,0.0,0.7001271268162012,7201074751.57669,7201.07475157669,0.9211495357028497,0.5375618173408759
SRI12,B,1245,-1.8522329786608682,0.0,-0.0028292190537903307,0.7016717095174684,1090798843.236142,1090.798843236142,0.8705482619987903,0.6100348667591704
SRI12,B,1252,-0.000819237870838558,1588.8413093423935,-0.0064429772096975535,0.7,8606890391.27317,8606.890391273171,0.9463834631942221,0.40543281033194584
SRI12,B,1257,0.0,54.620079714782264,0.0,0.7000003273899492,4482553352.011156,4482.553352011156,0.8774504571814851,0.6047425908136764
SRI12,B,1262,-0.008097667921761831,1021.2214624827631,0.0,0.7,7863118728.047271,7863.11872804727,0.9337531575764045,0.49068737325221473
SRI12,B,1265,-0.04479316608681476,2025.455435933678,0.0,0.7,9053156740.565948,9053.156740565948,0.9514266908599281,0.35330166862347456
SRI12,B,1276,0.0,728.5447607571297,-0.0026435280879347645,0.700044393625728,7342056993.810029,7342.056993810029,0.9239157505247803,0.5289251787810865
SRI12,B,1277,-0.0015281952228632886,931.4038463688191,-0.0005469681186350828,0.7002429589293148,7716136351.868094,7716.136351868095,0.9310580994058418,0.5024460098907745
SRI12,B,1278,-0.4281017992217251,126.0929409544591,-0.0005758606622741497,0.7000480985517313,5221490448.426129,5221.49044842613,0.8828405735226098,0.600117408474757
SRI12,B,1282,-0.07172048630845108,688.9362794640863,0.0,0.7,7260850580.923433,7260.850580923433,0.9215231081225318,0.5373038744796671
SRI12,B,1283,-1.701181991764212,0.0,-1.1231227177005365,0.902353004513441,181673650.1061552,181.67365010615518,0.7754296082826342,0.6100348667591704
SRI12,B,1285,0.0,2060.0976747576688,0.0,0.7000080784898689,9085228022.405752,9085.228022405752,0.9524406731419218,0.3432863699434304
SRI12,B,1286,-1.3483919222371512e-06,118.2278288122775,-0.0009523674957246271,0.7,5159484148.857331,5159.484148857331,0.8836855587576048,0.5981072330736117
SRI12,B,1290,-2.2826000555025385,0.0,-0.7788648330481129,0.9391021014061124,146894331.27138495,146.89433127138494,0.771213576689081,0.6100348667591704
SRI12,B,1291,-3.950815840743571,0.0,-2.1993455383625986,0.7089952984060895,124987983.6966027,124.9879836966027,0.7695413953819333,0.6100348667591704
SRI12,B,1292,-0.007497203860815968,854.1246034098148,-3.13259567591216e-05,0.7,7582700102.252613,7582.700102252613,0.9287632973992243,0.5130750346888675
SRI12,B,1293,0.0,0.0,-0.851838584256321,0.9580109163322511,96494960.71185766,96.49496071185766,0.7657256199523251,0.6100348667591704
SRI12,B,1297,-0.7024511413013605,0.0,-1.3121573471725352,0.7015103587894157,462594665.5523297,462.59466555232973,0.8097271142420038,0.6100348667591704
SRI12,B,1298,-0.19142138285431984,331.4687982673824,0.0,0.7,6280756773.097529,6280.75677309753,0.9014658270181805,0.5794286120895151
SRI12,B,1300,-0.11042958956608984,162.32954028713763,-0.007377336932829306,0.7000002462557733,5473268834.076843,5473.268834076844,0.8873145479773721,0.5942114064112142
SRI12,B,1302,-0.033365641078207595,290.78511093463976,-0.00038044605058841507,0.7000005347627368,6122782855.705792,6122.782855705793,0.8991443412672998,0.5803358593944569
SRI12,B,1303,0.0,801.4469437383912,0.0,0.7,7485767511.644338,7485.767511644338,0.9268420678122887,0.5194613441491444
SRI12,B,1304,0.0,991.9639389631268,0.0,0.7,7816716154.135881,7816.716154135881,0.9328548048528835,0.49419183833208813
SRI12,B,1305,-0.027663065649732154,0.0,-0.025573215187612408,0.9922418842074093,28234581.47527456,28.23458147527456,0.7585210090013165,0.6100348667591704
SRI12,B,1306,0.0,1475.413643288397,0.0,0.7,8478719211.765404,8478.719211765403,0.9446401252357063,0.4224392500088946
SRI12,B,1307,0.0,721.3883591625537,-0.01452800606418622,0.7,7322716532.186462,7322.716532186462,0.9234176539652045,0.5297345856903973
SRI12,B,1308,-0.001470624630732032,72.39253957239887,0.0,0.7000641048083274,4715183660.397297,4715.183660397297,0.8793361084427367,0.6028836232966875
SRI12,B,1310,-0.013043201526870463,0.0,-0.14694564473358945,0.9861825270815768,47524924.31810084,47.52492431810084,0.7604956060767781,0.6100348667591704
SRI12,B,1313,0.0,331.4687982673824,-0.0016421499341349177,0.7,6280371579.485221,6280.3715794852205,0.902684384672857,0.5758174120325896
SRI12,B,1314,-0.03423517907210362,1154.346993902544,0.0,0.700006790099723,8062078049.591258,8062.078049591258,0.9372131497491729,0.4736364606681609
SRI12,B,1316,-0.0409835545112882,0.0,-0.8350036123724974,0.9092074276236535,210863017.34033504,210.86301734033503,0.7788184438040345,0.6100348667591704
SRI12,B,1320,-0.01695337081425022,358.1683385562333,0.0,0.7,6376969892.716902,6376.969892716902,0.9044988792827409,0.5731935105133953
SRI12,B,1321,0.0,1575.6828592170168,0.0,0.700117476408634,8594047927.364456,8594.047927364456,0.9462233607286441,0.40721172661614535
SRI12,B,1323,-0.025623775064142325,389.30965152179215,-0.020168268667420303,0.7,6473457281.515266,6473.457281515266,0.9060732201942577,0.569448891735155
SRI12,B,1324,-0.0176957358018183,1246.896389691922,0.0,0.7,8190445615.372207,8190.445615372207,0.9397303162913153,0.4588180880207777
SRI12,B,1326,0.0,62.21202710584519,0.0,0.7,4588206193.539713,4588.206193539713,0.8782776532536377,0.6040221297185754
SRI12,B,1327,-0.049136616468304015,837.3101410125694,0.0,0.7,7552210329.609291,7552.210329609291,0.9275447397445475,0.5173355391895258
SRI12,B,1331,-2.1472098766848026e-06,1048.9697739595942,0.0,0.7000676993636039,7905935023.765602,7905.935023765602,0.9344469349272423,0.4858487209591917
SRI12,B,1332,-0.43985197051424807,72.39253957239887,0.0,0.7000641048083274,4715051163.539533,4715.051163539532,0.8783488099050059,0.6044223858825204
SRI12,B,1335,-0.056730186531183585,1822.3901668149956,-0.0033957960211288968,0.7000969438022734,8855161114.53865,8855.16111453865,0.9487583164336286,0.3804568257017824
SRI12,B,1336,0.0,51.28790774645468,-5.499108312698696e-05,0.7000000374204044,4432602259.684012,4432.602259684012,0.877076884761803,0.6051517415590424
SRI12,B,1345,0.0,185.02396651817833,-0.005557481721026214,0.7000089382756901,5611315619.339649,5611.315619339649,0.8897872416124096,0.5908403600526559
SRI12,B,1347,-2.6718208247321615,0.0,-0.05401988975649186,0.7062845479150376,1051211961.0843346,1051.2119610843347,0.8675329988970717,0.6100348667591704
SRI12,B,1352,-1.5462981052673166,0.0,0.0,0.7415975195987488,945668830.0787843,945.6688300787844,0.8562991425623511,0.6100348667591704
SRI12,B,1355,-3.48766314271446,0.0,-1.206370295439452,0.7027439539796467,510626673.64071155,510.62667364071154,0.814450136976554,0.6100348667591704
SRI12,B,1357,-0.4455581224629559,0.0,-1.0948395746115664,0.7001235683743062,571332369.9332423,571.3323699332424,0.8210943892980398,0.6100348667591704
SRI12,B,1358,-0.01695337081425022,1363.6673434132106,-0.00016437872429688263,0.7006269470111371,8339985602.106652,8339.985602106652,0.9424787419504037,0.441144554737254
SRI12,B,1360,0.0,31.193674673902365,-5.499108312698696e-05,0.7000070453714556,4063087887.5815907,4063.0878875815906,0.8746931369409755,0.6071352332159249
SRI12,B,1363,-0.005349727461650078,1537.9137690134346,-3.679027698112172e-05,0.7000001848285519,8551552973.850171,8551.552973850172,0.9455740562849111,0.4132867257266873
SRI12,B,1365,-0.6618272259256588,0.0,-0.9878022847320596,0.7,623476523.6268908,623.4765236268908,0.8277653253637884,0.6100348667591704
SRI12,B,1366,0.0,0.0,-0.5879680368964633,0.7106157030801132,786048907.5990038,786.0489075990038,0.8453143345074181,0.6100348667591704
SRI12,B,1367,-2.7378921235675744,0.0,-1.3798289695372004,0.7017337728774323,430593849.13219476,430.59384913219475,0.8059202333938165,0.6100348667591704
SRI12,B,1368,-0.016731720940373777,622.3644283134092,0.0,0.7,7114448350.50724,7114.44835050724,0.9194061977443342,0.5430408794962109
SRI12,B,1370,-2.1472098766848026e-06,313.89922113539643,0.0,0.7000002077841749,6214728969.725006,6214.728969725006,0.9011545166684456,0.5775340662468424
SRI12,B,1373,-0.06649466474731922,481.1581840215534,0.0,0.7010898111359761,6754802722.626837,6754.802722626837,0.9115522823495925,0.5605809940584197
SRI12,B,1374,-2.5430728469495296,0.0,-0.8307576817100015,0.9719770393556741,65379179.95024353,65.37917995024354,0.7626214110363964,0.6100348667591704
SRI12,B,1375,-0.0005968331696310633,749.8348244427651,0.0,0.7,7385896287.904969,7385.8962879049695,0.9247696303411962,0.5260789127263671
SRI12,B,1380,-0.03462875520435632,1090.4909243819643,0.0,0.7000000879301999,7968868489.464742,7968.868489464741,0.9355320738606041,0.48230867755363427
SRI12,B,1383,-0.015557172394657308,0.0,-1.317275984640799,0.7454483518899194,392645289.61485046,392.64528961485047,0.8014640481018964,0.6100348667591704
SRI12,B,1384,0.0,20.31032084461424,0.0,0.7,3777387310.7240405,3777.3873107240406,0.8734834738677199,0.6081225317536557
SRI12,B,1385,-1.701181991764212,0.0,-0.844806660724534,0.902353004513441,225285548.4470295,225.2855484470295,0.7805084142740243,0.6100348667591704
SRI12,B,1386,-0.04825926966679019,0.0,-0.04495648887989237,0.7,1078254940.9356573,1078.2549409356573,0.8699701142064256,0.6100348667591704
SRI12,B,1389,0.0,0.0,-0.8452276549702432,0.7266278642788033,630283928.5053802,630.2839285053801,0.8289216209485181,0.6100348667591704
SRI12,B,1391,-0.07684253254895898,667.1487053988168,-1.9816495878545557e-06,0.7001380102836158,7213602396.338102,7213.602396338102,0.9206069662361688,0.5402479809300175
SRI12,B,1393,-0.33672686055631645,120.5699289895658,0.0,0.7,5178577257.896847,5178.577257896847,0.882813889778347,0.6001174084747573
SRI12,B,1394,-0.3452337937170038,95.64209188719782,0.0,0.7,4961274394.280091,4961.274394280092,0.8806969794001495,0.6022076351086918
SRI12,B,1395,-0.10743274951313049,554.0961077029937,0.0,0.7,6951042370.072669,6951.042370072669,0.9152524282207279,0.5539456363183549
SRI12,B,1397,-0.7024511413013605,0.0,-0.8124158610540928,0.70618927169511,691872773.997761,691.872773997761,0.8353346141530579,0.6100348667591704
SRI12,B,1398,-4.450352887294039e-06,1105.7575588539187,0.0,0.7000169008507582,7991550000.203374,7991.550000203374,0.9361191162343899,0.47793254349450315
SRI12,B,1401,-0.0013863744559503548,95.93334124691035,0.0,0.7000021082050284,4964180423.785925,4964.180423785925,0.8816575941936172,0.6003130892660192
SRI12,B,1405,-0.03277555333539195,38.27191149283266,0.0,0.7,4209828663.517932,4209.828663517932,0.8754936492688654,0.606521507097876
SRI12,B,1406,-0.051362202960333336,213.79532018588623,-0.004932981814119004,0.7,5768544555.987896,5768.544555987896,0.8923755648059202,0.5884121393247234
SRI12,B,1407,0.0,911.4037321849991,0.0,0.7,7683288425.180816,7683.2884251808155,0.930444373287793,0.5049809655957591
SRI12,B,1408,-0.04259199628487642,0.0,-0.8078131162736746,0.9949352074334148,12087709.352486491,12.087709352486492,0.7567243035542747,0.6100348667591704
SRI12,B,1414,-0.0014362944450131056,230.90395484940439,-1.6534770754027348e-05,0.7000000607785595,5856224928.01298,5856.224928012981,0.8941189027644358,0.5860283915038959
SRI12,B,1416,0.0,1431.4162059781106,0.0,0.7,8425945300.440527,8425.945300440528,0.9438218237449746,0.4292524993773793
SRI12,B,1421,-0.03043299093094597,647.0997565373876,0.0,0.7,7170237462.843734,7170.237462843734,0.920411285444907,0.5403636104884905
SRI12,B,1422,-0.08537326265512515,276.2968220945189,-1.6534770754027348e-05,0.7000000607785595,6062467309.691021,6062.467309691021,0.8976411570071512,0.5827462909595474
SRI12,B,1429,-2.5462356469972924,0.0,-0.022996969960211167,0.7428642261031675,932575838.3640139,932.5758383640139,0.8552051090475682,0.6100348667591704
SRI12,B,1430,-0.011796531685942793,1181.7192100970788,0.0,0.7000001024411647,8100985222.736367,8100.985222736367,0.9381026078912725,0.468237449745615
SRI12,B,1431,-0.2608523900491888,331.4687982673824,0.0,0.7,6280573706.407706,6280.573706407707,0.9008076279930266,0.580816166791191
SRI12,B,1432,0.0,111.78204857815803,0.0,0.7,5106422089.220899,5106.422089220899,0.883160778453766,0.5987298537730816
SRI12,B,1434,0.0,0.0,-0.5908893389031492,0.7,813125470.9159261,813.1254709159261,0.8483651759348205,0.6100348667591704
SRI12,B,1435,-0.3201810561355478,144.17914725970775,-0.0005320885713123002,0.7,5354485734.889308,5354.485734889308,0.8850642188778598,0.5977514498167715
SRI12,B,1436,-0.0013863744559503548,86.65683039724662,0.0,0.7000021082050284,4872400212.326622,4872.400212326622,0.8806258227487817,0.6013448607108549
SRI12,B,1442,-0.7135501243374793,0.0,-1.2981253847730163,0.7015103587894157,469572334.1751008,469.5723341751008,0.8101718433130537,0.6100348667591704
SRI12,B,1444,-2.374499253852396,0.0,-0.8578330434719649,0.7030043735299814,678298536.7170899,678.2985367170899,0.834142740242644,0.6100348667591704
SRI12,B,1445,-0.012742201776689732,1019.8359995536534,0.0,0.7,7860943843.488997,7860.943843488997,0.9337175792507204,0.49140783434731566
SRI12,B,1446,-0.021187193496533696,1314.0881935977657,-0.0004815677233947369,0.7,8278881988.445393,8278.881988445393,0.941340235528516,0.4493809371330985
SRI12,B,1450,0.0,300.2398137212152,0.0,0.7,6161159563.868605,6161.159563868605,0.8999715373394528,0.5789394101113602
SRI12,B,1452,0.0,441.43114959632516,0.0,0.7,6644565421.77571,6644.56542177571,0.9102003059736008,0.5630092147863521
SRI12,B,1455,-1.8726858764657102,0.0,-0.5539280134315144,0.7191332303885373,779415843.0040771,779.415843004077,0.844540505923791,0.6100348667591704
SRI12,B,1458,-0.050418817082867474,567.1186188489398,-0.0052012379287681605,0.700000846928766,6981424902.263134,6981.424902263134,0.9162486213398796,0.5503255416800086
SRI12,B,1466,-2.818696632901803e-05,342.03611855350914,0.0,0.7000078915864842,6319653430.993938,6319.653430993939,0.9034848970007469,0.5747144839363859
SRI12,B,1470,-0.10557861237401223,350.6410972996058,0.0,0.7,6350399842.233293,6350.3998422332925,0.9034671078379051,0.5758885686839578
SRI12,B,1471,-0.015922302964816858,521.0575051612744,0.0,0.7,6866679453.660742,6866.679453660742,0.914416337567154,0.5544437328779308
SRI12,B,1476,-0.01287800266278456,605.0236541663297,0.0,0.7004902487031602,7072535441.302997,7072.535441302996,0.9185078450208133,0.5448197957804104
SRI12,B,1477,-0.011580835334626921,144.17914725970775,-0.0005320885713123002,0.7,5354705853.061126,5354.705853061126,0.8861849361369055,0.5951809157861031
SRI12,B,1478,0.0,1647.1651994689742,-0.0009441021124141566,0.700000011530655,8673182497.878542,8673.182497878543,0.9473796563133738,0.3966360693065784
SRI12,B,1485,-0.0014362944450131056,5.689239929347721,-1.6534770754027348e-05,0.7000000607785595,3081997799.751536,3081.9977997515357,0.871864660049098,0.6094300352225425
SRI12,B,1486,0.0,424.1571268687307,-0.0011302563227548479,0.7,6592060775.62968,6592.0607756296795,0.9090084320631872,0.5648148148148148
SRI12,B,1490,-0.01695337081425022,1939.2573733219965,-0.0017558094198783306,0.7000078915864842,8971199960.260365,8971.199960260365,0.9511153805101932,0.35928772191980635
SRI12,B,1494,-2.4622079053946706,0.0,-0.8596023992014782,0.7127536702972923,655212181.714231,655.2121817142311,0.8314832603977657,0.6100348667591704
SRI12,B,1495,-0.00045106110732384013,0.0,-1.1993730083265535,0.8354215382225166,284772542.0762052,284.7725420762052,0.7871526665955101,0.6100348667591704
SRI12,B,1500,-0.0009098999255824497,579.6725727819219,0.0,0.7,7014102152.740918,7014.102152740918,0.9173604440175046,0.5471323869498701
SRI12,B,1503,0.0,970.4267804043017,-1.6649316335013396e-05,0.7000506095743576,7781628286.839964,7781.628286839964,0.9322766570605188,0.4971893122709645
SRI12,B,1507,-3.13626515632474,0.0,-1.4424703948521533,0.7362112374339763,355753028.76236355,355.75302876236356,0.7971857544383961,0.6100348667591704
SRI12,B,1511,-0.051362202960333336,217.26587517919825,-0.004932981814119004,0.7,5786363848.756323,5786.363848756323,0.8927313480627601,0.5881008289749885
SRI12,B,1522,-0.0015471742399105481,729.152957804416,0.0,0.7,7344357528.853502,7344.357528853502,0.9240046963389902,0.5288807058739815
SRI12,B,1524,-0.016139254010065517,497.18109054179666,-0.0014400737002180919,0.7000133690793283,6802427095.238188,6802.427095238188,0.9132511474010032,0.5572010531184401
SRI12,B,1525,0.0,1209.0628443074093,-0.0002322164278337601,0.7,8138841174.075231,8138.841174075231,0.9389031202191624,0.4632386949870139
SRI12,B,1526,-0.05177222306639573,0.0,-1.1287320327734722,0.7030386391934605,549093397.4517802,549.0933974517802,0.8187462198028961,0.6100348667591704
SRI12,B,1527,-0.020102772515841166,253.72057687808325,0.0,0.7,5963514186.794903,5963.514186794903,0.8960134486071085,0.5840004269399082
SRI12,B,1528,-0.06622710972461071,0.0,-0.784807594414069,0.7004367723187592,718910428.1684607,718.9104281684607,0.8382698260219873,0.6100348667591704
SRI12,B,1530,-0.056730186531183585,2021.733368216486,-0.0033957960211288968,0.7000971797211104,9048042258.413815,9048.042258413814,0.9511865371615612,0.35688618493613683
SRI12,B,1533,-0.007398202142948283,880.5517676264001,-3.13259567591216e-05,0.7000765765515644,7629440998.132769,7629.440998132769,0.929546020564272,0.5096417262603622
SRI12,B,1535,0.0,389.52180289447153,0.0,0.7,6482838330.393333,6482.838330393333,0.9067669975450956,0.568941900594158
SRI12,B,1537,-0.17602744609490673,0.0,-1.028493489378247,0.7016884287565841,599273828.7630304,599.2738287630305,0.824812324332017,0.6100348667591704
SRI12,B,1538,-2.1472098766848026e-06,133.36100570097932,0.0,0.7000002077841749,5277138612.900189,5277.138612900189,0.8851887430177539,0.5963283167894119
SRI12,B,1543,-2.4546620447929435,0.0,-1.0789742175718107,0.7,578956692.8439734,578.9566928439734,0.8220638986729285,0.6100348667591704
SRI12,B,1544,0.0,285.9131160325198,0.0,0.7,6102912809.989116,6102.912809989116,0.8988952929875118,0.5804336997900879
SRI12,B,1546,-0.0007430199374257075,1990.5842818297876,0.0,0.7,9020656905.065277,9020.656905065278,0.9516312662326111,0.3511936528266981
SRI12,B,1547,0.0,1435.7590510884597,0.0,0.7,8431202330.692912,8431.202330692911,0.9439285587220264,0.42843419788664744
SRI12,B,1548,-0.0007430199374257075,63.98810175990036,-0.000350190880985239,0.7,4611345618.69518,4611.34561869518,0.8784911232077418,0.6038175543458925
SRI12,B,1551,-2.4546620447929435,0.0,-0.0831118543042807,0.7025817145720482,1051950019.4849105,1051.9500194849104,0.8677553634325967,0.6100348667591704
SRI12,B,1554,-3.197293883933987,0.0,-1.4128243451502231,0.9596165143790694,56368524.93109824,56.368524931098236,0.7613494858931937,0.6100348667591704
SRI12,B,1556,-2.4546620447929435,0.0,-1.0789742175718107,0.9581817782852291,80818809.41912359,80.8188094191236,0.7639022307610204,0.6100348667591704
SRI12,B,1557,-3.288123452870204,0.0,-2.397812278568235,0.9408781692015189,16791559.85038257,16.79155985038257,0.7570711922296935,0.6100348667591704
SRI12,B,1559,0.0,51.96791089487231,-0.003069746424902098,0.7,4441979907.027731,4441.979907027731,0.8771035685060661,0.6050450065819903
SRI12,B,1562,0.0,470.9520675594721,-0.031029516234940602,0.7,6716562058.089657,6716.562058089657,0.9112231828370156,0.5597004304977408
SRI12,B,1564,0.0,930.8405702198361,0.0,0.7,7716277389.261845,7716.277389261844,0.9310936777315258,0.5024993773793005
SRI12,B,1566,0.0,0.0,-0.010600996851220016,0.7401324073140729,947900128.6284347,947.9001286284347,0.8565748745864021,0.6100348667591704
SRI12,B,1567,-0.09262178781973888,326.6765932397681,-0.01135468449440967,0.700282471408325,6258115785.049824,6258.115785049824,0.9013235137154446,0.5778898495036824
SRI12,B,1568,-2.265815866645167,0.0,-0.014923986776848253,0.7328273649739531,972321599.929927,972.321599929927,0.8593233002454904,0.6100348667591704
SRI12,B,1569,0.0,1363.382076879723,-0.002001478574566562,0.700508043392613,8339388730.674302,8339.388730674302,0.9424876365318248,0.4396502650585263
SRI12,B,1573,-0.11451595092995914,1718.3794556228397,0.0,0.7,8749048163.573286,8749.048163573287,0.9467570356139038,0.4016437186466005
SRI12,B,1574,-2.559555474636395,0.0,-1.1229871784157557,0.7010606583196316,555903890.332959,555.903890332959,0.8194488917351549,0.6100348667591704
SRI12,B,1576,0.0,407.7577003205526,0.0,0.7007546076385032,6538679651.614339,6538.679651614339,0.9077809798270894,0.5668516739602234
SRI12,B,1577,0.0,992.9104346010797,-0.0006889818716277005,0.7010587244248175,7814068555.551837,7814.068555551837,0.9327658590386735,0.4940406304479311
SRI12,B,1578,0.0,707.858876409315,-0.0031049078416314924,0.7,7299622896.860231,7299.622896860232,0.9231152381968905,0.531371188671861
SRI12,B,1582,-2.4543022329365765,0.0,-0.8807685196829773,0.950553873558029,111091676.56256028,111.09167656256028,0.7672821717009995,0.6100348667591704
SRI12,B,1583,-1.5684423459620316,0.0,-1.2449242994572496,0.7043676016643701,489161347.21161425,489.16134721161427,0.8122087024584623,0.6100348667591704
SRI12,B,1584,-2.1646745943107817,0.0,-1.0057237198013973,0.7,614429876.5104923,614.4298765104924,0.8268224997331627,0.6100348667591704
SRI12,B,1587,-2.7568741379113866e-05,0.0,-1.1699794851353322,0.7012020828692684,532592893.4502215,532.5928934502215,0.8169584089372754,0.6100348667591704
SRI12,B,1592,-1.8884538374997266,0.0,-0.12626632769434532,0.7346073732647026,919028310.8258346,919.0283108258346,0.8551962144661472,0.6100348667591704
SRI12,B,1595,-9.748699836387219e-05,505.73372254744004,-0.0018628043324036177,0.7000000570657188,6825313840.60164,6825.31384060164,0.913624719820685,0.5555911338812395
SRI12,B,1598,-2.200942481372841,0.0,-0.7876437149273523,0.7004378981929571,717323592.1083232,717.3235921083232,0.8381186181378303,0.6100348667591704
SRI12,B,1606,-3.0114782855780557e-06,219.11591853838763,-2.122207158272195e-05,0.7,5797629565.2398,5797.6295652398,0.893078236738179,0.5872914220656776
SRI12,B,1608,-0.11878899786362163,135.43151293760366,-0.0031049078416314924,0.7000200306502018,5291204116.489016,5291.204116489015,0.8849841676450707,0.5969420429074609
SRI12,B,1610,-0.030036145083300214,601.6156117627205,-0.0013533520278775218,0.7,7065899319.541902,7065.899319541902,0.9182765859038674,0.5457270430853524
SRI12,B,1611,-0.08608642395988775,0.0,-0.63751998126717,0.7004357680665284,788055607.6965747,788.0556076965747,0.8457946419041521,0.6100348667591704
SRI12,B,1612,-0.013880886782509632,303.5193208337976,-0.0012311336508416867,0.7000374886505993,6173624072.689955,6173.624072689955,0.9002917422706086,0.5787882022272032
SRI12,B,1613,-2.44419131555918,0.0,-0.7443001438587107,0.7,740114861.1149936,740.1148611149936,0.840511260540079,0.6100348667591704
SRI12,B,1617,-3.954393104029587e-06,775.4671935032962,-0.0008236472076955104,0.7,7435896800.983557,7435.896800983557,0.925739139716085,0.5227523392749137
SRI12,B,1618,-6.055599303007282e-05,313.55685261927783,0.0,0.700000079849831,6213407635.425282,6213.407635425281,0.9011100437613406,0.5775518554096843
SRI12,B,1620,-0.00828885521741975,769.7279556284482,-0.01214614566633208,0.7000285231623722,7420508536.615731,7420.508536615731,0.925214359412246,0.5239086348596436
SRI12,B,1623,-2.530584947117637,0.0,-0.5185040365306555,0.7006995431455971,850063500.2253847,850.0635002253847,0.851487174013591,0.6100348667591704
SRI12,B,1624,0.0,559.0540336728067,0.0,0.7,6963604832.647889,6963.604832647889,0.9163197779912478,0.5495250293521188
SRI12,B,1625,-0.06356559902119566,840.8156282092128,-0.0036928954346658114,0.7,7557135012.003669,7557.135012003669,0.9274024264418115,0.5177446899348916
SRI12,B,1626,0.0,84.54771533832462,0.0,0.7,4850501604.720964,4850.501604720965,0.8803411961433096,0.6015850144092219
SRI12,B,1630,-0.001423861199697632,196.2677142325549,-0.001424611603970385,0.7,5676375737.198088,5676.375737198087,0.8908901697086135,0.5896395915608211
SRI12,B,1632,-0.0009384183746828506,41.54050919887828,0.0,0.7000841096050537,4270334996.686848,4270.334996686848,0.8758672216885474,0.6061924075852991
SRI12,B,1634,-0.001532864836120744,1853.9197459147858,-6.140169706426674e-05,0.7000562418515915,8888224296.908676,8888.224296908676,0.9500302415768315,0.36771089052549183
SRI12,B,1635,-0.009209513718831525,680.1537518686961,-7.235538481258465e-06,0.7002280618357257,7241449929.996312,7241.449929996312,0.9218966805422136,0.5357651118938344
SRI12,B,1639,-0.0012466855991063804,0.0,-0.8898952733878495,0.7019662848654588,664684418.6225696,664.6844186225695,0.8326662397267582,0.6100348667591704
SRI12,B,1640,0.0,223.96807315970858,-2.073529464898138e-05,0.7,5822031589.337121,5822.031589337121,0.8935229658092291,0.5867666417618388
SRI12,B,1642,-0.08369576633359739,666.3471735733671,0.0,0.7,7212343430.591808,7212.343430591808,0.9205713879104848,0.5405237129540684
SRI12,B,1643,-0.04892321767620737,885.3818392251411,-0.00368655391065475,0.7000119873805744,7636673920.237004,7636.6739202370045,0.9291457644003273,0.5113228021489309
SRI12,B,1644,-0.0013897761567904987,2063.5787298352407,-0.000570549399292096,0.7,9088193529.195341,9088.193529195341,0.9524762514676058,0.3429305866865906
SRI12,B,1645,-0.10202975318148266,171.39975123689266,0.0,0.7000863478230599,5532165272.812148,5532.165272812148,0.888381897747892,0.5932241078734835
SRI12,B,1648,-9.748699836387219e-05,1201.6823195259417,-0.025420777946794648,0.7000000571279861,8117667235.515446,8117.667235515446,0.9383071832639556,0.4642526772690078
SRI12,B,1649,-7.815318130652727e-05,157.7763287984081,-0.004181589036058364,0.7,5445118437.355264,5445.118437355263,0.887341231721635,0.5937222044330595
SRI12,B,1650,-0.0006883982066089246,1076.1261461764525,-6.0773800347849974e-05,0.7000586414383072,7947268237.751359,7947.268237751359,0.9352474472551321,0.48208631301810945
SRI12,B,1653,-0.004440850789858446,0.0,-1.0981798262405649,0.7012148235648064,568037744.5410285,568.0377445410285,0.8206941331340948,0.6100348667591704
SRI12,B,1663,-0.01044460700177825,1937.039785148836,0.0,0.700000149550475,8969844782.499352,8969.844782499351,0.9510975913473513,0.3586028391503895
SRI12,B,1664,-0.03421506019869214,17.716027043753684,-6.644121977382716e-05,0.700009364855984,3692245617.1737328,3692.2456171737326,0.873154374355143,0.6083982637777068
SRI12,B,1665,0.0,617.0866161045814,0.0,0.7,7102327138.554979,7102.32713855498,0.9192016223716513,0.5430764578218948
SRI12,B,1666,-0.08369576633359739,1215.9178289518552,-0.0005851692642897671,0.7000000652511309,8147735252.665618,8147.735252665618,0.9380492404027465,0.46984736898281576
SRI12,B,1667,-2.229693033766072,0.0,-1.1896576600974877,0.7026181015711894,519956440.4054864,519.9564404054864,0.8153307005372329,0.6100348667591704
SRI12,B,1669,-6.160998105492236e-05,186.58761530911704,-0.004181589036058364,0.7,5620990366.332749,5620.9903663327495,0.8900273953107766,0.590635784679973
SRI12,B,1671,0.0,1015.0438697878519,0.0,0.7,7853423304.2078,7853.4233042078,0.9335218984594584,0.49097199985768675
SRI12,B,1672,-0.0013961802322684969,372.971718868015,0.0,0.7,6427787180.820172,6427.787180820173,0.9055217561461556,0.5710410218095137
SRI12,B,1677,0.0,911.0944202821711,0.0,0.7,7682762445.401647,7682.762445401647,0.930426584124951,0.5050343330842851
SRI12,B,1687,-0.005283923664375131,341.91479721115695,0.0,0.7,6319244271.024792,6319.2442710247915,0.903476002419326,0.5747500622620699
SRI12,B,1689,0.0,1210.1885656310042,-0.004382548687785981,0.7,8138882636.8372965,8138.882636837297,0.9389298039634254,0.463060803358594
SRI12,B,1690,-2.9568368892836803e-06,75.35841481873945,0.0,0.7,4749890473.997754,4749.890473997754,0.8797007862809977,0.6026256804354787
SRI12,B,1692,-0.0026981696998201674,846.9733354349851,-0.016970302925520486,0.7020829293157302,7554816067.786425,7554.816067786424,0.9277048422101254,0.5135731312484434
SRI12,B,1695,0.0,1326.2478649405334,0.0,0.7,8294761264.450483,8294.761264450482,0.9418116483438288,0.44536058633080733
SRI12,B,1696,-0.005283923664375131,1474.357023795605,0.0,0.7,8477458638.455011,8477.458638455011,0.9446045469100225,0.42290176824278647
SRI12,B,1699,-0.07809880981659717,486.1724574573349,-3.2855061963591033e-05,0.70001137302182,6772645325.085406,6772.6453250854065,0.9120503789091686,0.5605187319884726
SRI12,B,1700,-0.010994913690064716,962.7394271229974,-1.540088727581049e-05,0.7003212223989342,7768064147.87102,7768.06414787102,0.9319831358736258,0.4990927526950582
SRI12,B,1701,-0.005094172383531381,0.0,-1.0785785922990594,0.846110865954059,297067913.4371915,297.06791343719146,0.788638061692817,0.6100348667591704
SRI12,B,1703,0.0,1152.6428990435465,0.0,0.7,8059804477.669351,8059.8044776693505,0.9373376738890669,0.4712971857544383
SRI12,B,1704,-0.0016419947429953327,0.0,-0.6826317899744887,0.7004523274406458,766907030.2085745,766.9070302085745,0.8433575265947982,0.6100348667591704
SRI12,B,1708,-0.10386653654999112,655.7461704896649,-0.0001696329527627453,0.7,7189066675.991601,7189.066675991601,0.9200643967694879,0.542898566193475
SRI12,B,1721,-0.04432134500976491,2090.1051584167426,0.0,0.7003703607494425,9111103034.946089,9111.103034946089,0.952120468210766,0.34658625965062084
SRI12,B,1723,-0.0006883982066089246,730.0140033598681,-6.0773800347849974e-05,0.7000586414383072,7345888348.094674,7345.888348094674,0.9240135909204114,0.5287561817340877
SRI12,B,1725,0.0,1749.5041940856258,0.0,0.7000102118717237,8782310155.103418,8782.310155103418,0.9486337922937346,0.38235137154445514
SRI12,B,1727,-0.23868993783088255,238.1547203490693,-0.010411287678977052,0.7007221493288873,5884619229.36668,5884.61922936668,0.892900345109759,0.5884388230689864
SRI12,B,1731,-0.011240841822473441,26.795913833381178,0.0,0.7000093206917468,3958550963.3567224,3958.550963356722,0.8743373536841355,0.6076066460312378
SRI12,B,1738,-0.012244587122094568,256.42492765058125,-0.002084157297324809,0.7003204203243184,5973799802.410343,5973.799802410344,0.8962180239797917,0.5835468032874372
SRI12,B,1740,-0.13145768312913658,305.50968701562226,0.0,0.7,6181854452.800329,6181.854452800329,0.8996513324082968,0.5805137510228768
SRI12,B,1742,0.0,0.0,-1.285782682212303,0.7000959040081224,477868614.79633796,477.86861479633797,0.8111769310136266,0.6100348667591704
SRI12,B,1745,-0.00013259392507069048,107.82274684535795,-0.0014637359101769285,0.7000490385464493,5071730048.632413,5071.730048632413,0.882689365638453,0.5992101611698154
SRI12,B,1748,-0.1031259581936842,1875.1732775268115,0.0,0.7000863478230599,8908558040.250065,8908.558040250065,0.9489984701319956,0.38082150354004335
SRI12,B,1752,-3.955173329952146e-05,0.0,-1.3514656861089618,0.7033170799789057,441705219.0162694,441.7052190162694,0.8074056284911232,0.6100348667591704
SRI12,B,1753,0.0,576.2379041525917,0.0,0.7,7005794843.674076,7005.794843674076,0.9171647632262426,0.547550432276657
SRI12,B,1754,-7.529352529936085e-05,1801.2098198602384,-0.00029175550532312827,0.7000370319509979,8835344509.815481,8835.34450981548,0.9493275696445725,0.3750222364535525
SRI12,B,1758,-0.00013259392507069048,96.53305601529519,-0.0014637359101769285,0.7000490385464493,4969204437.819796,4969.204437819795,0.8816842779378803,0.6003041946845982
SRI12,B,1760,-0.005287238562016771,390.52807417830996,-0.00022272001594317737,0.7002093366336823,6485236063.318743,6485.236063318743,0.9067758921265167,0.5688618493613691
SRI12,B,1764,-0.002134378346762583,1405.4805901253887,-0.0066034058320168666,0.700002000180447,8391931249.4339485,8391.931249433948,0.9432436759526097,0.43314832603977654
SRI12,B,1771,0.0,433.44617936835175,-0.017732319152864846,0.7000210755715494,6612730482.757743,6612.730482757743,0.90912406162166,0.563996513324083
SRI12,B,1772,-2.9058949572956374,0.0,-1.5391001041963968,0.7009024451856776,361325622.4654949,361.32562246549486,0.7977372184864981,0.6100348667591704
SRI12,B,1774,-0.015719587722272166,1050.6374863651342,-0.0029075355619486657,0.7000891646928137,7907400127.868417,7907.400127868416,0.9344736186715052,0.4869605436368164
SRI12,B,1781,0.0,1270.3288260258835,0.0,0.7,8221764950.175293,8221.764950175293,0.9405575123634682,0.4537214928665456
SRI12,B,1783,-0.003697207633932293,1577.8600384615584,0.0,0.7,8596917387.720348,8596.917387720348,0.946294517380012,0.4072739886860924
SRI12,B,1786,-0.0035181050613293553,0.0,-0.04628499412391919,0.7000000070241869,1077690934.0281887,1077.6909340281886,0.8699167467178994,0.6100348667591704
SRI12,B,1790,-0.0007973861270734431,513.8681151120456,-6.71026577755661e-05,0.7000498803542317,6847543270.142187,6847.543270142187,0.913989397658946,0.5546927811577187
SRI12,B,1791,-0.11114244519662808,151.25940878583208,0.0,0.7000297891178605,5403256505.781428,5403.256505781428,0.8863539331839043,0.5952965453445761
SRI12,B,1793,-0.03470289546933513,2017.1262602938025,0.0,0.7,9045479346.971046,9045.479346971046,0.9517735795353471,0.35235884299284875
SPI3,B,1,-1.988764150531209,0.0,-1.6177965564694712,0.7026725788339147,111780929.97713153,111.78092997713154,0.7655210445796421,0.6100348667591704
SPI3,B,2,-3.9022941440116368,0.0,-1.9701029458013601,0.7404190435542898,42386363.57282944,42.38636357282944,0.7592147863521541,0.6100348667591704
SPI3,B,3,0.0,472.6681960678993,0.0,0.7,6633698103.951125,6633.698103951125,0.8820400611947202,0.5608745152453126
SPI3,B,4,-4.0,0.0,-0.30921809420075974,0.882290909435202,309773904.0965593,309.7739040965593,0.7829010566762731,0.6100348667591704
SPI3,B,6,0.0,676.593974319708,0.0,0.7,7132746257.402239,7132.746257402239,0.8913971608496105,0.5363966271747252
SPI3,B,7,-3.524601858489868,0.0,-0.2699567765294412,0.7032469840934589,806883681.3598323,806.8836813598323,0.8296776603693031,0.6100348667591704
SPI3,B,8,0.0,1842.1461372030349,0.0,0.7,8772648721.068644,8772.648721068643,0.9160529405486175,0.3565570854235599
SPI3,B,9,-2.814934344318492,0.0,-0.07024859717991044,0.7004545935540696,949891497.3109955,949.8914973109954,0.8431885295477992,0.6100348667591704
SPI3,B,11,0.0,0.0,0.0,0.7037040045733879,986562238.2776767,986.5622382776767,0.8463994734407799,0.6100348667591704
SPI3,B,12,-3.9975933454263677,0.0,-0.4550682167816973,0.7349718643150132,604634542.9281629,604.6345429281629,0.8106877290354717,0.6100348667591704
SPI3,B,13,0.0,1032.4633977401,0.0,0.7,7777673474.504066,7777.673474504067,0.9032536378838012,0.4854662539580887
SPI3,B,14,-0.4264666241392503,0.0,-0.4191419789882169,0.7008507392764767,709964977.296998,709.964977296998,0.8213701213220908,0.6100348667591704
SPI3,B,15,0.0,657.0730181385888,0.0,0.7,7090428334.077572,7090.428334077572,0.8905254918703526,0.5386647454370798
SPI3,B,21,0.0,702.9650688916063,0.0,0.7,7188515615.874236,7188.515615874236,0.8926512968299711,0.5328743729320098
SPI3,B,23,-6.168787486556513e-07,229.9277039757792,0.0,0.7001744130325498,5750320560.143932,5750.320560143932,0.8669993240118122,0.5872380545771516
SPI3,B,24,0.0,944.0237667370352,0.0,0.7000000015158432,7635642674.812859,7635.642674812859,0.9008698900629736,0.4992706443234782
SPI3,B,27,0.0,77.40113993663081,0.0,0.7,4673035358.793532,4673.035358793532,0.8545824883480982,0.6023944213185328
SPI3,B,28,-1.0104496277292933e-07,913.7878679395842,-7.66365565469411e-06,0.7000418268570731,7584661424.71534,7584.661424715339,0.8998559077809799,0.5037179350339774
SPI3,B,29,-0.7478892757179948,0.0,-0.4642098858578695,0.8075608810545296,434577085.0845931,434.57708508459314,0.7945974312448855,0.6100348667591704
SPI3,B,32,0.0,1001.0993357098212,0.0,0.7,7728341664.381706,7728.341664381706,0.9024620201373325,0.4904561141352688
SPI3,B,33,-3.88483177750474,0.0,-1.3412857754361296,0.7040379998181029,192829725.46833614,192.82972546833614,0.7727879176005976,0.6100348667591704
SPI3,B,34,0.0,587.4661449228784,0.0,0.7002394384328515,6930320385.539046,6930.320385539047,0.8875813854200021,0.5470256519728183
SPI3,B,36,0.0,613.4172989809033,0.0,0.7,6992142067.4919815,6992.142067491982,0.8888088376560999,0.5440014942896787
SPI3,B,38,-2.034402691751135,0.0,-1.6177965564694712,0.7368077527860195,98963164.30341437,98.96316430341437,0.7641245952965453,0.6100348667591704
SPI3,B,41,-3.833196034013782e-06,1129.7312846007776,-1.7320272495689292e-05,0.7000000005263103,7923767595.254251,7923.76759525425,0.9054505994947876,0.47021204682107665
SPI3,B,42,-6.063398189487133e-06,46.20783760108722,-7.346910642380295e-09,0.7000000000104972,4251602834.6572785,4251.602834657278,0.851789589781905,0.6057387839328283
SPI3,B,43,0.0,1897.5634346979418,-9.178514615233774e-06,0.7000326287860936,8827205696.479532,8827.205696479532,0.9166755612480876,0.34951257693812937
SPI3,B,44,0.0,1683.7932253160811,0.0,0.7,8609074012.186245,8609.074012186245,0.914300708008681,0.3786334365104778
SPI3,B,46,-0.2736555984763458,0.0,-0.24848707165055034,0.7000269351135108,830531641.4379408,830.5316414379408,0.8321770377486035,0.6100348667591704
SPI3,B,48,-0.029277807367540737,0.0,-0.10370525124594936,0.7017393328641053,923248372.0863322,923.2483720863322,0.8407514142384459,0.6100348667591704
SPI3,B,49,-0.005561602872602905,0.0,-0.10452643196447567,0.7166565939993118,876429516.8040657,876.4295168040657,0.8363308072722098,0.6100348667591704
SPI3,B,50,0.0,494.19280930796276,0.0,0.7,6693392077.126463,6693.392077126463,0.883080727220977,0.558437399935959
SPI3,B,51,-0.7585608415082741,0.0,-0.4642098858578695,0.7103819594577495,653964236.7941811,653.9642367941811,0.8157932187711248,0.6100348667591704
SPI3,B,52,-0.0006954086397462471,971.498958191391,0.0,0.7,7680796901.4562435,7680.796901456243,0.9016881915537055,0.494938983171452
SPI3,B,53,-4.345463362082265e-06,886.414159497406,0.0,0.7000000807341566,7537595614.577881,7537.595614577881,0.8991354466858789,0.5075248158821646
SPI3,B,55,0.0,1305.0323974283822,0.0,0.7,8164059839.465223,8164.059839465223,0.909052904970292,0.44064645817767817
SPI3,B,56,0.0,782.975639064001,0.0,0.7000000000629928,7348437105.870898,7348.437105870898,0.8955776141174796,0.5223431885295478
SPI3,B,57,-0.004814311595961129,0.0,-0.3770887593842327,0.700064235441508,740157895.4989251,740.1578954989251,0.8240029174227061,0.6100348667591704
SPI3,B,58,-1.7241256197841414e-06,1551.5682995492944,0.0,0.7,8463395800.53554,8463.39580053554,0.9127085779343224,0.39950012452413985
SPI3,B,59,0.0,125.73550450394383,0.0,0.7,5119199165.853777,5119.199165853777,0.8586739958017575,0.5975201906998256
SPI3,B,60,0.0,172.185755631145,0.0,0.7,5436947029.708591,5436.947029708592,0.8624630874871029,0.5930995837335895
SPI3,B,62,-0.00010924915881988244,31.778742746637477,0.0,0.7000000045260231,3976422266.1409483,3976.4222661409485,0.8503753513359662,0.6072241790301347
SPI3,B,63,-3.6213522735305823e-10,378.8802362590332,-3.6273569637103107e-10,0.7000007538644849,6346522683.806817,6346.522683806817,0.8769256768776462,0.5710321272280926
SPI3,B,64,0.0,561.2810361289718,0.0,0.7000010336781948,6867478330.245062,6867.478330245061,0.8863450386024833,0.5500409150745366
SPI3,B,65,0.0,1060.0818074405724,0.0,0.7000133515378969,7820152397.581031,7820.1523975810305,0.9039829935603231,0.4812146440388514
SPI3,B,66,-2.6083942488595913e-08,630.7036021978721,0.0,0.7000023081875727,7031694904.74644,7031.6949047464395,0.8894937204255167,0.5418579001672181
SPI3,B,69,-1.811426388519848e-05,141.7522520584048,0.0,0.7000000229723186,5237581547.765029,5237.5815477650285,0.8600882342476963,0.5959369552068879
SPI3,B,70,-3.7608236884585033,0.0,-0.40355403908799165,0.8627633424612973,330011213.01161623,330.01121301161623,0.7849290212402606,0.6100348667591704
SPI3,B,73,-0.0006918455824706061,298.79847834689014,0.0,0.700000439214704,6054529216.449835,6054.529216449835,0.8718913437933611,0.5802024406731419
SPI3,B,74,-0.008043432989199288,0.0,-0.30998888254657786,0.7000713116169796,788451287.7484683,788.4512877484683,0.8280143736435761,0.6100348667591704
SPI3,B,75,0.0,15.388465557306901,0.0,0.7000006148339273,3507837185.8523192,3507.837185852319,0.8489255345643435,0.6086384174760734
SPI3,B,76,0.0,2014.4274472991067,0.0,0.7000000015158432,8938644943.358524,8938.644943358524,0.9177340164371862,0.3361973885508948
SPI3,B,78,-1.0794481457723378e-08,64.99845733340621,0.0,0.7,4524569173.629226,4524.569173629226,0.8535240331589996,0.6037641868573665
SPI3,B,80,-2.036626904382247,0.0,-1.8838439664590287,0.7008488705929796,61944280.378156245,61.94428037815624,0.760993702636354,0.6100348667591704
SPI3,B,81,-0.07320716944060388,348.66777963882043,-2.2066051997683017e-05,0.7000474434504754,6242165050.764452,6242.165050764452,0.8742128295442417,0.5767246593375316
SPI3,B,82,-0.08857885570557777,2.406105414401628,0.0,0.7000158778144169,2617785094.2370906,2617.7850942370906,0.8477514498167719,0.6097858184793823
SPI3,B,84,0.0,261.7223945189622,0.0,0.7000006043421173,5898624745.227566,5898.624745227566,0.8692941260184297,0.5838225353114882
SPI3,B,85,-0.13503608214873308,0.0,-0.3841476102742331,0.895926285872249,254995839.4764463,254.9958394764463,0.7779556694061979,0.6100348667591704
SPI3,B,88,0.0,1461.0089873804268,0.0,0.7000000230039471,8357996009.211995,8357.996009211995,0.9114811256982244,0.41434518091578604
SPI3,B,89,0.0,1606.2476891239091,0.0,0.700000014625509,8524741439.726219,8524.74143972622,0.9134557227736861,0.39078343473156163
SPI3,B,90,0.0,1416.0572698386086,0.0,0.7000135004541334,8303761128.593903,8303.761128593902,0.9107606646031235,0.4218166293094247
SPI3,B,92,0.0,193.6032824155387,0.0,0.7000000001821276,5561629743.940326,5561.629743940326,0.8640374283986196,0.5907869925641299
SPI3,B,93,-7.328652846954868e-07,811.5758530212906,0.0,0.7000428439492138,7402431010.049328,7402.431010049328,0.8965827018180524,0.5182961539829934
SPI3,B,94,-9.19027141569615e-06,93.71937557833701,0.0,0.7000000807105845,4842885315.397429,4842.88531539743,0.8560678834454051,0.600606610452912
SPI3,B,96,-8.618837416541486e-05,0.0,-0.4652048475002549,0.7471472120953601,570304854.018031,570.304854018031,0.8076368876080691,0.6100348667591704
SPI3,B,98,-0.0006954086397462471,1342.525615785859,0.0,0.7,8212331300.731062,8212.331300731063,0.909675525669762,0.43447361867150536
SPI3,B,101,-0.24841368816926052,0.0,-0.40088988924996355,0.8852432182358003,276583516.0867795,276.58351608677947,0.7799480556445013,0.6100348667591704
SPI3,B,102,-0.006982509476092247,0.0,-0.09355505686016463,0.7080701286250977,910410129.3892127,910.4101293892128,0.8394972782580852,0.6100348667591704
SPI3,B,103,-0.07679105086335669,0.0,-0.46467149568281274,0.7025900152129637,671173797.3975952,671.1737973975952,0.8175721350553243,0.6100348667591704
SPI3,B,104,-4.72804246658816e-09,245.98824862702952,0.0,0.7,5827353139.6855545,5827.353139685554,0.868262354573594,0.5854680328743729
SPI3,B,108,0.0,518.8813354771584,-9.276878129427663e-06,0.7000015885329459,6759426868.356904,6759.426868356904,0.8843081794570747,0.5553331910200305
SPI3,B,109,-0.005773135238568003,156.94376313168584,0.0,0.7000000000686264,5340778430.185089,5340.778430185089,0.8612801081581103,0.5947450812964744
SPI3,B,110,-8.603367177326777e-05,1195.41876221809,0.0,0.7000000158319555,8016865261.021241,8016.865261021241,0.9069626783363572,0.4590404525563027
SPI3,B,111,-0.14390185346869971,0.0,-0.20510472295287277,0.7000014114193502,858809208.4022435,858.8092084022435,0.834889885082008,0.6100348667591704
SPI3,B,112,-1.0104496277292933e-07,866.53680482587,-7.742137797816006e-06,0.7000447091641213,7502401869.426935,7502.401869426935,0.8985484043120933,0.5103532927740421
SPI3,B,113,-0.0003432114292485147,830.7971331882426,0.0,0.7000023341009447,7438101489.319023,7438.101489319023,0.8972675845874692,0.515636674138115
SPI3,B,114,-3.6209324033883945,0.0,-0.43399587374909254,0.7551748643797915,572063654.6071873,572.0636546071872,0.8078236738179101,0.6100348667591704
SPI3,B,116,-2.4945652579068835,0.0,-0.5173730963811779,0.8212645479212444,382082692.3320873,382.0826923320873,0.7895364144163375,0.6100348667591704
SPI3,B,118,0.0,0.0,-1.8912233614323455,0.7,60781458.37220344,60.78145837220344,0.7608602839150391,0.6100348667591704
SPI3,B,119,-2.3679032828733195,0.0,-0.42304540902333654,0.7078466894638813,691318253.5042758,691.3182535042758,0.8194133134094712,0.6100348667591704
SPI3,B,120,-2.328504610326116,0.0,-0.18726527657323053,0.8872795801797693,327636400.9858378,327.63640098583784,0.7848044971003665,0.6100348667591704
SPI3,B,121,-2.5043965830998984,0.0,-0.08191073471468202,0.7062571544450693,924172914.5183991,924.1729145183991,0.8408047817269719,0.6100348667591704
SPI3,B,122,0.0,298.78889236776337,0.0,0.7,6054494893.9961605,6054.4948939961605,0.8718913437933611,0.5801046002775109
SPI3,B,123,-3.4164307906912925,0.0,-0.39419908689105176,0.7369955424647874,637847535.6704867,637.8475356704866,0.814165510371082,0.6100348667591704
SPI3,B,124,-3.5905945062859947,0.0,-0.6751841234491729,0.7003169750747378,532950388.688747,532.950388688747,0.8045593624364039,0.6100348667591704
SPI3,B,126,-2.1211428823821157,0.0,-0.030929807802863807,0.9547700198029099,147480527.6638181,147.4805276638181,0.7682072081687836,0.6100348667591704
SPI3,B,127,0.0,706.5332771447535,0.0,0.7002872523658932,7194953002.360113,7194.953002360113,0.8927224534813392,0.5324207492795389
SPI3,B,128,-6.216283272522107e-06,971.5099434178583,-1.184897081218793e-08,0.7000680627620636,7680604256.844618,7680.604256844618,0.9016704023908635,0.49484114277582103
SPI3,B,129,0.0,913.0300506172699,0.0,0.7,7583534332.728029,7583.534332728029,0.8998470131995588,0.5038602483367133
SPI3,B,130,-2.985305623508805,0.0,-2.0115537361124596,0.7179866958253549,41378684.72942733,41.37868472942733,0.7591258405379443,0.6100348667591704
SPI3,B,132,0.0,395.7157588647175,0.0,0.700066351698424,6401553608.491883,6401.553608491883,0.8779930266481659,0.5689507951755791
SPI3,B,135,-0.18193590406940954,0.0,-0.1792423995950732,0.7000408009784229,877194560.5184821,877.194560518482,0.8365620663891556,0.6100348667591704
SPI3,B,136,0.0,1557.5964342102716,-1.6706595560780528e-05,0.700064473643843,8469966936.252488,8469.966936252487,0.9127708400042693,0.3985839826377771
SPI3,B,139,-3.874118943688744e-06,493.1331410976392,-1.055879736879921e-06,0.7000029309551428,6690491101.196369,6690.4911011963695,0.883045148895293,0.5585886078201159
SPI3,B,140,-0.0045190377133861055,227.61413132021028,0.0,0.7000426562607076,5739403425.016444,5739.403425016444,0.8667858540577081,0.5876383107410965
SPI3,B,141,0.0,831.4825946544515,0.0,0.7000046158311806,7439350066.65751,7439.35006665751,0.8972942683317322,0.5155388337424841
SPI3,B,142,0.0,1063.4282232342164,0.0,0.7,7825286995.480426,7825.2869954804255,0.9040452556302699,0.4806542854093285
SPI3,B,143,-2.1038698642607288,0.0,-0.39350695793692764,0.8797889816212824,291747046.05639297,291.74704605639295,0.781442345323229,0.6100348667591704
SPI3,B,147,-2.2176732022762904,0.0,-1.2480206546713686,0.7010680857419207,229169478.63950595,229.16947863950594,0.7761856477034189,0.6100348667591704
SPI3,B,148,-1.8924952378433877e-11,587.1265974215435,0.0,0.7002967278707151,6929317483.507735,6929.317483507735,0.8875724908385813,0.5470612302985022
SPI3,B,150,-2.959803683813523,0.0,-0.39347675059091625,0.7987710831559135,488283460.60371137,488.2834606037114,0.8001921229586936,0.6100348667591704
SPI3,B,151,0.0,125.93439383881464,0.0,0.7000024169949057,5120729945.512713,5120.729945512713,0.8586917849645995,0.5974757177927208
SPI3,B,152,-1.6388063066876652,0.0,-0.9453472724755647,0.706392745710855,365228779.8746574,365.2287798746574,0.7881310705518197,0.6100348667591704
SPI3,B,153,0.0,378.6227587272189,0.0,0.7000133762375269,6345622510.788915,6345.622510788915,0.8769078877148041,0.5710588109723556
SPI3,B,154,-1.6388063066876652,0.0,-1.3574478855895296,0.7004158984668902,189616550.69851863,189.61655069851864,0.7725388693208097,0.6100348667591704
SPI3,B,155,0.0,731.4337933280372,-1.9852128389101324e-05,0.7003724548537379,7245683644.067926,7245.683644067926,0.8937809086704379,0.5295033265734514
SPI3,B,157,-1.717727042661477,0.0,-0.17988697797603687,0.7048728597697588,862725914.8740424,862.7259148740424,0.8351211441989541,0.6100348667591704
SPI3,B,158,-3.992935655826128,0.0,-0.4209796998194633,0.7013179634936595,707796972.8919063,707.7969728919063,0.8211477567865657,0.6100348667591704
SPI3,B,160,0.0,93.254908854865,-4.9323061016318505e-05,0.700000000961833,4838334084.016952,4838.334084016951,0.8559700430497741,0.60067776710428
SPI3,B,161,0.0,314.3298952873633,0.0,0.7,6115467145.018017,6115.467145018017,0.8731010068666168,0.5783612623189952
SPI3,B,162,-0.5710224380183551,0.0,-0.39419908689105176,0.8046176426356233,473882632.04759014,473.88263204759016,0.7987600953499127,0.6100348667591704
SPI3,B,164,0.0,1031.0553310843015,0.0,0.7000000832635506,7775487797.676678,7775.4877976766775,0.9032180595581172,0.4856174618422455
SPI3,B,167,0.0,943.6729292881819,0.0,0.7,7635059137.179958,7635.059137179958,0.9008609954815525,0.49932401181200414
SPI3,B,168,-3.78941249842509,0.0,-1.600999445095891,0.70107955955009,116504088.54408914,116.50408854408914,0.765903511580745,0.6100348667591704
SPI3,B,171,0.0,657.1960467916123,0.0,0.7002869569567657,7089732011.654332,7089.732011654332,0.8904899135446688,0.5386558508556588
SPI3,B,172,0.0,411.17367581724505,0.0,0.7000063721637123,6450943164.698485,6450.943164698486,0.8787757498132138,0.5672964030312734
SPI3,B,173,-3.9378272688666285,0.0,-0.41928001532932935,0.7439492439470733,607634130.3664788,607.6341303664788,0.8113904009677305,0.6100348667591704
SPI3,B,174,-3.452654373739826e-07,564.7049716835631,-9.225689872302567e-05,0.7000457977572575,6875642660.944728,6875.642660944728,0.8864606681609564,0.5496851318176967
SPI3,B,176,0.0,1198.6949320998415,0.0,0.7003279175126362,8020314677.468263,8020.314677468263,0.9069893620806204,0.45845341018251695
SPI3,B,177,0.0,350.60300393611004,0.0,0.7000000539572608,6249340765.630275,6249.340765630275,0.8753424413847086,0.574492119400861
SPI3,B,178,-0.6236995133331587,0.0,-0.2532332197771674,0.7001726407627973,827083561.4196898,827.0835614196898,0.8317767815846586,0.6100348667591704
SPI3,B,179,-1.2212761652920436,0.0,-0.279894865288129,0.7,808404748.4810572,808.4047484810571,0.8299356032305119,0.6100348667591704
SPI3,B,180,-3.4164307906912925,0.0,-0.39419908689105176,0.7012798444659982,724448232.2682165,724.4482322682165,0.8227309922795034,0.6100348667591704
SPI3,B,181,0.0,677.2094966067771,0.0,0.7000000079916453,7134065790.705082,7134.065790705082,0.8914149500124523,0.5363254705233572
SPI3,B,184,-2.6230995617986914,0.0,-0.07123183883924472,0.7000000045801581,950823187.2694092,950.8231872694092,0.8432952645248514,0.6100348667591704
SPI3,B,191,-2.0837869345797992,0.0,-0.38443380766948626,0.8286348883594933,419721735.4131629,419.7217354131629,0.7932632440317359,0.6100348667591704
SPI3,B,194,0.0,636.2855314660885,0.0,0.7000628823424224,7044065871.499493,7044.0658714994925,0.8896449283096738,0.5411018607464333
SPI3,B,196,0.0,1345.973511516576,0.0,0.7000000000026809,8216699705.987733,8216.699705987732,0.9096933148326037,0.4336908955064574
SPI3,B,199,-0.0006560634877733272,1417.459573513309,0.0,0.7000650575761513,8305298273.9979105,8305.29827399791,0.9107606646031238,0.4217632618208987
SPI3,B,200,-0.0017272533228636436,0.0,-0.12911338027262395,0.7000069777908965,910908750.9426379,910.9087509426379,0.8398619560963463,0.6100348667591704
SPI3,B,202,-2.8281359120748664e-05,330.99994472832856,0.0,0.7000709695148476,6178160816.774056,6178.160816774056,0.8743373536841358,0.5764578218949016
SPI3,B,203,-4.5553430643128785e-06,172.55837908034903,-1.1666928833362638e-07,0.7000126168616145,5439174343.074878,5439.1743430748775,0.8624986658127869,0.5930373216636425
SPI3,B,204,0.0,209.71653133391322,-4.5924091199270035e-05,0.700013894394804,5648570337.756474,5648.570337756473,0.8653004589604014,0.5891770733269293
SPI3,B,205,-0.004195367973028961,193.90930786354227,0.0,0.7000718398600111,5563085721.327852,5563.085721327852,0.8640285338171986,0.590893727541182
SPI3,B,206,-3.2091457357651425,0.0,-0.3075755388098498,0.7000400283866234,790331763.7612548,790.3317637612548,0.8282189490162593,0.6100348667591704
SPI3,B,207,-0.0006586112166265477,365.090290967698,0.0,0.7000151709261955,6299800364.962665,6299.800364962664,0.8761785320382822,0.5728733055822393
SPI3,B,208,0.0,140.09759351028006,-0.00010695109964950315,0.700004977123699,5225689002.719983,5225.689002719983,0.8599014480378554,0.59613263599815
SPI3,B,212,-6.654730240973404e-07,262.6775146389872,-3.2363722575190154e-05,0.7000119113225081,5902757169.53104,5902.75716953104,0.8693297043441137,0.5836891165901732
SPI3,B,214,0.0,1093.9482737179003,0.0,0.7000000014658582,7871133853.313963,7871.133853313963,0.9047212438182657,0.47582452769772654
SPI3,B,215,0.0,247.7650491918011,0.0,0.7000000002302352,5835573015.31845,5835.57301531845,0.8683779841320669,0.5852901412459529
SPI3,B,216,0.0,472.91411710272405,0.0,0.7000004241719328,6634389885.04539,6634.38988504539,0.8820578503575622,0.5608478315010496
SPI3,B,219,-3.874118943688744e-06,522.4701697757631,-1.055879736879921e-06,0.7000029309551428,6768814879.558392,6768.814879558392,0.8845127548297577,0.5548706727861387
SPI3,B,221,0.0,546.9937658512484,0.0,0.7000000079916453,6831789600.118849,6831.789600118849,0.8855267371117516,0.5518998825915252
SPI3,B,227,0.0,211.3013927516376,0.0,0.7,5656940390.858185,5656.940390858184,0.8654605614259794,0.5889902871170883
SPI3,B,228,0.0,471.99717629048905,0.0,0.7,6631805244.57414,6631.80524457414,0.8819866937061943,0.5609812502223646
SPI3,B,229,-4.0,0.0,-0.955010401232259,0.7044310244672543,362942318.88578653,362.9423188857865,0.7879531789233997,0.6100348667591704
SPI3,B,230,0.0,0.0,-0.48191494200019,0.7644521861099377,522019425.8324565,522.0194258324565,0.8030117052691501,0.6100348667591704
SPI3,B,232,0.0,314.7282539857711,0.0,0.7,6116999580.650498,6116.9995806504985,0.8731454797737221,0.5782812110862063
SPI3,B,233,0.0,585.8121289138255,0.0,0.7,6927178991.394917,6927.178991394917,0.887572490838581,0.5472835948340272
SPI3,B,235,-7.964461363581775e-05,1431.432931015019,-0.0057206791846560676,0.7,8318750483.763542,8318.750483763542,0.9108407158359126,0.4194417760700181
SPI3,B,236,0.0,1132.525857393658,0.0,0.7,7927816431.662201,7927.816431662201,0.9054683886576297,0.4698740527270787
SPI3,B,237,-1.2282453195815957,0.0,-2.080398844766855,0.8921394618044094,13313386.66373628,13.31338666373628,0.7565642010886967,0.6100348667591704
SPI3,B,238,0.0,860.1907715428545,0.0,0.7,7491245331.914416,7491.245331914416,0.898352723520831,0.51113601593909
SPI3,B,239,-3.5711338140812643,0.0,-0.2539764164140325,0.7,827204545.2358513,827.2045452358512,0.8318123599103427,0.6100348667591704
SPI3,B,240,0.0,433.8379733061914,0.0,0.7,6520581039.51381,6520.5810395138105,0.8800654641192586,0.5650282847689189
SPI3,B,243,0.0,280.6755978165485,0.0,0.7,5980292179.012575,5980.292179012575,0.8707439427900523,0.5820614081901306
SPI3,B,244,-4.0,0.0,-0.7272318180175305,0.7643765774164755,392522132.65527064,392.52213265527064,0.7904080833955952,0.6100348667591704
SPI3,B,245,0.0,98.12771772405928,0.0,0.7,4884847668.398897,4884.847668398897,0.8564147721208242,0.6002508271960721
SPI3,B,246,-4.0,0.0,-0.3108787206312752,0.7046928562908952,775839463.3150996,775.8394633150996,0.8267246593375314,0.6100348667591704
SPI3,B,247,0.0,1303.326071569024,0.0,0.7,8161843101.26318,8161.84310126318,0.9090262212260289,0.4408866118760451
SPI3,B,251,0.0,810.5142851570258,0.0,0.7,7400590489.292613,7400.590489292613,0.8965649126552103,0.5184295727043085
SPI3,B,253,-1.703308392058291,0.0,-1.5121253596224613,0.706472858396444,138428205.90704322,138.4282059070432,0.7673978012594729,0.6100348667591704
SPI3,B,254,0.0,783.609694322721,0.0,0.7,7349653133.353204,7349.653133353204,0.8956131924431637,0.5222720318781798
SPI3,B,255,-0.00010315363153939056,1006.3009292472893,0.0,0.7,7736596483.962792,7736.596483962792,0.9025954388586472,0.489611128900274
SPI3,B,257,0.0,494.13049598270135,0.0,0.7,6693222259.201232,6693.222259201232,0.883071832639556,0.558437399935959
SPI3,B,258,0.0,301.7015994600652,0.0,0.7,6066107236.717122,6066.107236717122,0.8722026541430962,0.57973992243925
SPI3,B,260,0.0,1231.366417592339,0.0,0.7,8066326851.5929575,8066.326851592958,0.9078076635713521,0.45318781798128577
SPI3,B,261,0.0,608.9295005797845,0.0,0.7,6981719540.420125,6981.719540420125,0.8886487351905219,0.5445796420820437
SPI3,B,263,0.0,1028.9083671828216,-0.00010286767897404599,0.7,7772015024.297404,7772.015024297404,0.9031291137439074,0.4859020884477176
SPI3,B,264,-3.880172644680938,0.0,-1.1081581509535008,0.7065938836005473,287778976.0373239,287.7789760373239,0.7806329384139183,0.6100348667591704
SPI3,B,265,-4.0,0.0,-0.3753303711292822,0.7,741261632.0332488,741.2616320332488,0.8241096523997583,0.6100348667591704
SPI3,B,266,0.0,565.9589144250718,0.0,0.7,6879009837.499507,6879.009837499507,0.8866118760451133,0.5494894510264346
SPI3,B,267,-3.0755288684861126,0.0,-0.5611318662023052,0.7914690373008196,424916241.8449192,424.9162418449192,0.7935300814743657,0.6100348667591704
SPI3,B,269,-0.3752621164773008,0.0,-0.4672841199473129,0.7089562319955057,654727556.2458911,654.7275562458912,0.8158732700039137,0.6100348667591704
SPI3,B,272,0.0,521.0124896747236,0.0,0.7,6765013230.834859,6765.013230834859,0.8844771765040738,0.5550396698331376
SPI3,B,273,0.0,228.059202402238,0.0,0.7,5741742254.527566,5741.742254527566,0.8668836944533391,0.5874426299498346
SPI3,B,274,-3.8863893419231097,0.0,-1.248060314188376,0.7033056202509727,227381884.28197345,227.38188428197344,0.7759277048422102,0.6100348667591704
SPI3,B,275,-1.8894768419576409,0.0,-0.12865911636764438,0.7,911241867.3719361,911.2418673719361,0.8398886398406092,0.6100348667591704
SPI3,B,276,0.0,1166.0509745015518,0.0,0.7,7975762995.558107,7975.762995558107,0.9063400576368873,0.4641637314547978
SPI3,B,277,-0.3170353593475025,56.49034768001923,0.0,0.7,4409585385.847831,4409.58538584783,0.8516650656420109,0.6057832568399332
SPI3,B,278,-3.5312427319737374,0.0,-0.4636966154688199,0.7548729062213427,553961075.9565332,553.9610759565333,0.8060803358593943,0.6100348667591704
SPI3,B,279,-2.674407298733618,0.0,-0.6075842678177407,0.7,578065267.7142432,578.0652677142432,0.809033336891166,0.6100348667591704
SPI3,B,280,-2.140863060975235,0.0,-0.1682381305498089,0.7,883672725.0704069,883.672725070407,0.8370601629487316,0.6100348667591704
SPI3,B,281,-0.4794572337459789,0.0,-1.3895082583839282,0.7,178209346.8887832,178.2093468887832,0.771658305760131,0.6100348667591704
SPI3,B,282,0.0,1958.154878459395,0.0,0.7,8885744018.669954,8885.744018669955,0.9172714982032943,0.34279716796527554
SPI3,B,284,0.0,171.96686776611895,0.0,0.7000000897907542,5435612915.820344,5435.612915820344,0.8624541929056819,0.5931084783150106
SPI3,B,285,-3.0767618086426616,0.0,-0.4699959583497921,0.7,672858185.2581987,672.8581852581988,0.8177411321023234,0.6100348667591704
SPI3,B,286,-3.7563709096650717,0.0,-1.0770120162583445,0.7,309559879.747017,309.559879747017,0.7826075354893798,0.6100348667591704
SPI3,B,287,0.0,1688.9661134831983,0.0,0.7,8614610012.610565,8614.610012610565,0.914327391752944,0.37791297541537694
SPI3,B,288,-0.006959501312370876,15.759379882237521,0.0,0.7,3521986794.741506,3521.986794741506,0.8489255345643436,0.6086295228946526
SPI3,B,289,-0.2635782789385453,0.0,-0.4727450505018266,0.8041958638467727,438054145.7952259,438.0541457952259,0.7948375849432525,0.6100348667591704
SPI3,B,290,-0.12479540064652572,0.0,-0.07358521360183662,0.7001265294995451,949147449.8903015,949.1474498903015,0.8430995837335894,0.6100348667591704
SPI3,B,292,0.0,110.83487015190539,0.0,0.7,4998245202.416042,4998.245202416042,0.8574554381470809,0.5988632724943964
SPI3,B,293,-1.4631640303532047,0.0,-0.398764311398335,0.7415377035800907,624001210.4650209,624.0012104650209,0.813009214786352,0.6100348667591704
SPI3,B,294,0.0,2064.8430357439206,0.0,0.7,8985292096.358015,8985.292096358015,0.9181698509268151,0.33122531753655665
SPI3,B,295,0.0,704.2463023053642,0.0,0.7,7191168088.135561,7191.1680881355605,0.8927046643184972,0.5327320596292738
SPI3,B,296,-1.700559326621628e-05,544.190873848343,0.0,0.7000020423764242,6824701535.088664,6824.701535088664,0.8853755292275944,0.5523268224997332
SPI3,B,297,-1.7869532638991248,0.0,-1.6303976581405184,0.7398317098507771,94924855.82849172,94.92485582849172,0.7637065499697584,0.6100348667591704
SPI3,B,298,0.0,1462.543867492624,0.0,0.7,8359826337.2195635,8359.826337219563,0.9114989148610664,0.4141495001245242
SPI3,B,299,0.0,454.3963822434693,0.0,0.7,6581387642.75131,6581.3876427513105,0.8811150247269363,0.5629113743907213
SPI3,B,300,0.0,1388.7226703466017,0.0,0.7,8270261769.582853,8270.261769582854,0.9104226705091256,0.4264240224855018
SPI3,B,301,0.0,2006.0278920831076,0.0,0.7,8930833976.429506,8930.833976429507,0.9176539652043972,0.3371402141815206
SPI3,B,302,0.0,889.1041661488449,0.0,0.7,7542282932.497916,7542.282932497917,0.8992421816629309,0.5070889813925356
SPI3,B,303,0.0,1611.8644292541449,0.0,0.7,8531020112.718104,8531.020112718104,0.9135357740064752,0.3897605578681467
SPI3,B,304,0.0,631.5097201087157,0.0,0.7,7033534103.715889,7033.534103715889,0.8895115095883588,0.5417066922830612
SPI3,B,305,0.0,1739.7251169431092,0.0,0.7,8668206459.743177,8668.206459743178,0.9148076991496779,0.3702102679047925
SPI3,B,306,0.0,727.9942221167418,-1.1750142898574065e-05,0.7000316705721673,7239861766.231746,7239.861766231746,0.89370975201907,0.5298680044117123
SPI3,B,309,0.0,1558.6415203531355,0.0,0.7,8471356589.499396,8471.356589499397,0.9128153129113743,0.3984060910093571
SPI3,B,311,0.0,1095.448399636766,0.0,0.7,7873365674.151426,7873.365674151426,0.9047479275625288,0.4756199523250436
SPI3,B,312,0.0,1641.9883273406858,0.0,0.7,8563948414.920513,8563.948414920513,0.9139093464261571,0.3848863272494397
SPI3,B,313,-0.3752621164773008,0.0,-0.23478638293100218,0.7089562319955057,814529861.2009668,814.5298612009668,0.8305582239299818,0.6100348667591704
SPI3,B,314,0.0,1198.750190460211,0.0,0.7,8021502697.342571,8021.502697342571,0.9070249404063042,0.45845341018251695
SPI3,B,315,-4.0,0.0,-0.3666607747597265,0.7161465145882568,707360441.863774,707.360441863774,0.8207030277155156,0.6100348667591704
SPI3,B,316,0.0,944.5769163843324,0.0,0.7000058979556456,7636536515.864271,7636.536515864271,0.9008787846443945,0.4991816985092682
SPI3,B,318,0.0,1270.2356360427366,0.0,0.7,8118444738.269804,8118.444738269804,0.908528124666453,0.44624114989148606
SPI3,B,320,0.0,347.5588492687485,0.0,0.7,6238523521.968719,6238.523521968718,0.8752357064076567,0.5748123243320169
SPI3,B,321,0.0,678.5103379728245,0.0,0.7,7136867980.691241,7136.867980691241,0.8914594229195573,0.5361208951506742
SPI3,B,322,-0.004375973411142126,0.0,-0.07394788095193514,0.7044310244672543,935336907.7664957,935.3369077664958,0.8417831856832818,0.6100348667591704
SPI3,B,323,-0.014472122729420889,0.0,-0.5336282983720423,0.7110554693496612,606447611.0706681,606.4476110706681,0.8111769310136266,0.6100348667591704
SPI3,B,324,0.0,0.0,-0.017881838803258707,0.7,986336778.5574374,986.3367785574375,0.846292738463728,0.6100348667591704
SPI3,B,325,-0.0007628485215791306,193.69836878963318,0.0,0.7,5562157422.08339,5562.15742208339,0.8640641121428826,0.59087593837834
SPI3,B,326,0.0,31.398792460539255,0.0,0.7,3967975241.1016383,3967.9752411016384,0.8503575621731242,0.6072953356815027
SPI3,B,327,0.0,262.88769267965347,0.0,0.7000058925374013,5903747430.4652605,5903.747430465261,0.8693741772512188,0.5836624328459102
SPI3,B,329,0.0,0.0,-0.41824736651161704,0.8008081557556409,473204458.27091944,473.2044582709194,0.7986978332799659,0.6100348667591704
SPI3,B,330,0.0,1353.009858321796,0.0,0.7,8225599496.248246,8225.599496248245,0.9098267335539189,0.43257017824741184
SPI3,B,333,-0.0047573334276589385,380.523497960673,0.0,0.7,6351977144.826679,6351.977144826679,0.8769790443661721,0.5710410218095137
SPI3,B,334,0.0,1502.9866710350097,0.0,0.7,8407540964.85924,8407.54096485924,0.9121126409791153,0.40736293450030236
SPI3,B,335,-1.7283916839830706,0.0,-1.597346794283155,0.7,117736471.13005409,117.73647113005408,0.766010246557797,0.6100348667591704
SPI3,B,336,0.0,62.398985333092654,0.0,0.7000000013566144,4490739068.450957,4490.739068450957,0.8532571957163698,0.6040399188814173
SPI3,B,338,-8.473376160219627e-05,244.80806332633222,0.0,0.7,5821858608.492322,5821.858608492322,0.8681734087593839,0.5856726082470558
SPI3,B,339,0.0,1902.6599574567986,0.0,0.7,8832316905.930393,8832.316905930393,0.9167289287366134,0.3489166399829224
SPI3,B,341,0.0,703.4417911906339,0.0,0.7,7189509671.338961,7189.50967133896,0.8926779805742342,0.5328387946063259
SPI3,B,343,0.0,1376.1830892608257,0.0,0.7,8254699248.117244,8254.699248117244,0.9102892517878108,0.42870103532927745
SPI3,B,344,-1.0934436479643894,0.0,-0.5061409049648538,0.7462388285222934,548528640.3256559,548.5286403256559,0.8054310314156615,0.6100348667591704
SPI3,B,345,-0.9445219112744168,0.0,-1.8786594842269622,0.7007355760488192,62391126.2552353,62.3911262552353,0.7610203863806171,0.6100348667591704
SPI3,B,346,-0.0007045695340215374,0.0,-0.38476726216742296,0.7992882460951616,491373946.36474156,491.3739463647416,0.8003700145871135,0.6100348667591704
SPI3,B,347,-3.928895922680269,0.0,-2.011725804395679,0.9021338095682307,14430367.70704207,14.43036770704207,0.7566620414843278,0.6100348667591704
SPI3,B,349,-2.7089762114654214,0.0,-0.35041954201710424,0.7004562656545562,757037791.6890738,757.0377916890739,0.8254616287757499,0.6100348667591704
SPI3,B,350,0.0,1127.9073608220942,0.0,0.7,7921120623.020039,7921.120623020039,0.9054239157505246,0.47057672465933753
SPI3,B,352,0.0,395.0710989404704,0.0,0.7,6399680734.208172,6399.680734208172,0.8779841320667451,0.569039740989789
SPI3,B,354,0.0,109.89250955851708,0.0,0.7,4990187645.657454,4990.187645657454,0.857384281495713,0.5989611128900274
SPI3,B,357,0.0,1601.7607562139829,0.0,0.7000547383679204,8519567572.314015,8519.567572314016,0.9133934607037392,0.39153057957092546
SPI3,B,359,-2.7441933567542307,0.0,-1.3501803665770755,0.7012839982406229,191403721.26820815,191.40372126820816,0.7727701284377557,0.6100348667591704
SPI3,B,360,-0.8926671495380916,0.0,-0.2058167108063991,0.7002215650410616,857648344.8153048,857.6483448153048,0.8347386771978511,0.6100348667591704
SPI3,B,361,-0.9562511514828043,0.0,-0.608238053302969,0.7002384345440654,577216545.1257892,577.2165451257891,0.8089354964955349,0.6100348667591704
SPI3,B,362,0.0,783.7972660622388,0.0,0.7,7350012930.639543,7350.012930639543,0.8956220870245846,0.5222453481339168
SPI3,B,363,0.0,31.868461391756227,0.0,0.7,3978405112.096107,3978.405112096107,0.850384245917387,0.6072241790301347
SPI3,B,365,0.0,1465.751485884102,0.0,0.7,8363660770.1133585,8363.660770113358,0.9115789660938555,0.41370477105347425
SPI3,B,366,-0.8681603356784682,0.0,-1.9672687824273563,0.7216139888239826,45847606.82629078,45.84760682629078,0.7595438858647311,0.6100348667591704
SPI3,B,367,0.0,1506.4200620029546,0.0,0.7,8411536983.451547,8411.536983451546,0.9121482193047994,0.40674920838225354
SPI3,B,368,-1.1480072770580494,0.0,-0.4528078438764188,0.7361050348195665,603409113.8841949,603.4091138841949,0.8105809940584197,0.6100348667591704
SPI3,B,369,0.0,1900.773445789608,-0.00044022846047447797,0.7,8830218291.993774,8830.218291993775,0.9166933504109295,0.34914789909986843
SPI3,B,370,-0.024276467047041006,0.0,-0.4639611141647302,0.8143837320555972,419325161.9566006,419.3251619566006,0.7931920873803677,0.6100348667591704
SPI3,B,371,0.0,141.03399897949632,0.0,0.7,5232497269.914311,5232.497269914312,0.8600348667591703,0.595990322695414
SPI3,B,374,0.0,541.2883965197266,0.0,0.7,6817348603.438524,6817.348603438524,0.8852421105062795,0.552735973245099
SPI3,B,375,0.0,245.65873035064112,0.0,0.7000000007497601,5825819827.622145,5825.819827622145,0.868208987085068,0.5855214003628989
SPI3,B,377,-0.15785299906035521,0.0,-0.3087768077879427,0.7001099652380454,789377441.2911408,789.3774412911408,0.8281211086206283,0.6100348667591704
SPI3,B,379,-0.000702192575353287,0.0,-0.42377796911628035,0.7992882460951616,474568906.2686911,474.56890626869114,0.798777884512755,0.6100348667591704
SPI3,B,380,0.0,156.46889328897078,0.0,0.7,5337681953.519335,5337.6819535193345,0.8612890027395311,0.5946116625751593
SPI3,B,384,-3.618324108809563e-05,814.2319553722027,0.0,0.7001462759467103,7407009345.901643,7407.0093459016425,0.8966716476322625,0.5179581598889956
SPI3,B,385,0.0,519.0359105722522,0.0,0.7000027631797335,6759828606.266048,6759.828606266048,0.8843259686199167,0.5553242964386095
SPI3,B,386,-0.0002681939867827471,1102.7811234135468,0.0,0.7005105010148217,7882573957.521868,7882.573957521868,0.9047835058882129,0.4745348133916817
SPI3,B,390,-0.48325111589290826,0.0,-0.1408969104703659,0.7075415086464973,879622542.7319125,879.6225427319125,0.8368111146689435,0.6100348667591704
SPI3,B,392,-0.209122588070499,0.0,-1.6092281068422332,0.7000179685892276,114873698.85468653,114.87369885468652,0.7657700928594301,0.6100348667591704
SPI3,B,393,0.0,48.04330320523101,0.0,0.7000165468874664,4281614201.7486024,4281.614201748603,0.8519141139217988,0.6055164193973033
SPI3,B,394,-0.00025506287159838073,970.9577556202461,-0.0003172691562645935,0.7000165123351131,7679688078.122447,7679.688078122447,0.9016615078094424,0.494938983171452
SPI3,B,395,-0.11005260235866483,0.0,-0.017901356034114104,0.7000337996389979,986225667.6112016,986.2256676112016,0.8462838438823069,0.6100348667591704
SPI3,B,396,-2.9478509247332256e-05,1002.671887455227,-1.3550554677394812e-06,0.7,7730835114.323307,7730.835114323307,0.9025064930444373,0.4902248550183228
SPI3,B,397,0.0,195.82813917314533,0.0,0.7,5573965242.517469,5573.965242517469,0.8642331091898816,0.590537944284342
SPI3,B,398,-0.024276467047041006,0.0,-0.4639611141647302,0.7665295454153259,527397759.6285457,527.3977596285457,0.8035275909915678,0.6100348667591704
SPI3,B,399,-0.9507018854682283,0.0,-1.1214568423981202,0.701867190356745,286161122.9331894,286.1611229331894,0.7805084142740244,0.6100348667591704
SPI3,B,400,0.0,0.0,-0.5004019934964186,0.7991479074283799,436909032.2074075,436.90903220740745,0.7947575337104635,0.6100348667591704
SPI3,B,402,0.0,61.67928666574116,0.0,0.7,4481188177.988484,4481.188177988484,0.8532216173906858,0.6040754972071014
SPI3,B,403,0.0,678.3193108394664,0.0,0.7000448955468932,7136310070.079988,7136.310070079988,0.8914327391752943,0.5361297897320951
SPI3,B,406,-0.0014179533969392033,2.6048238643026025,0.0,0.7,2648453933.357679,2648.453933357679,0.8477870281424558,0.6097680293165403
SPI3,B,407,0.0,1060.9087972446878,0.0,0.7,7821455884.088573,7821.455884088574,0.904000782723165,0.4811168036432204
SPI3,B,408,-0.0007089314764933103,1683.970722415224,0.0,0.7,8609259862.66889,8609.25986266889,0.914300708008681,0.3786956985804248
SPI3,B,409,-0.0013915080076073727,317.14241043464654,0.0,0.7,6126247047.189049,6126.247047189048,0.873332265983563,0.5781211086206283
SPI3,B,410,-0.10435930110304795,0.0,-0.09234031044854721,0.7102037067033566,904693722.5508904,904.6937225508905,0.8389547087914044,0.6100348667591704
SPI3,B,412,-6.439764739243651e-10,280.49794532612566,0.0,0.7000147943843483,5979497073.566717,5979.4970735667175,0.8707172590457892,0.5820614081901306
SPI3,B,413,0.0,1417.288006907207,0.0,0.7000002833609111,8305306194.055034,8305.306194055034,0.9107784537659656,0.42169210516953076
SPI3,B,416,-0.0021001731518827844,0.0,-0.06996297614606606,0.7054271381965197,934260396.732986,934.260396732986,0.8417298181947559,0.6100348667591704
SPI3,B,417,-0.7518089877918992,0.0,-1.7418058807360488,0.7115908677703865,81470026.30882137,81.47002630882136,0.7628437755719216,0.6100348667591704
SPI3,B,419,-0.5877831551683563,0.0,-0.4642740268612168,0.7100013249344195,654823541.6984099,654.8235416984099,0.8158910591667557,0.6100348667591704
SPI3,B,420,0.0,299.4480282413173,-2.965226377600269e-07,0.700001325590998,6057125520.94095,6057.12552094095,0.8719447112818871,0.580015654463301
SPI3,B,423,0.0,1746.778350403038,0.0,0.7000164050632136,8675529016.822874,8675.529016822875,0.9148966449638878,0.36941865015832354
SPI3,B,424,-0.00022937054819313662,331.10570951885177,0.0,0.7000001895538738,6178778062.045471,6178.778062045471,0.8743640374283989,0.5764400327320596
SPI3,B,426,0.0,1271.9241299452522,-4.4325406747756987e-07,0.7000589620182527,8120479776.187949,8120.479776187949,0.9085370192478741,0.4459743124488561
SPI3,B,428,0.0,585.7160444402974,-0.000340330844929391,0.7000025639336531,6926709434.870528,6926.709434870529,0.8875102287686341,0.5472835948340272
SPI3,B,429,-0.15995633012171287,0.0,-0.25784121230145707,0.7029842212763665,816069387.783793,816.069387783793,0.8307716938840858,0.6100348667591704
SPI3,B,430,-9.574981263213371e-07,945.7675915569401,-1.9510791456478776e-07,0.7000589620182527,7638345970.6079855,7638.345970607986,0.9008876792258157,0.49895933397374326
SPI3,B,431,-1.5933436078966322e-07,262.0240617651938,0.0,0.700009845805894,5899928481.333514,5899.928481333514,0.8693119151812718,0.5837780624043832
SPI3,B,432,-3.504647804627981e-06,631.0385167457869,0.0,0.7000000088657743,7032469034.720671,7032.469034720671,0.8895026150069377,0.5418223218415341
SPI3,B,433,-0.0031700108211402053,414.42022548994214,-0.00014846121444235842,0.7000008396571954,6460956574.272272,6460.9565742722725,0.8788824847902659,0.5671096168214325
SPI3,B,435,-0.0012589655505938328,562.974275284378,0.0,0.7000247520635872,6871573395.072334,6871.573395072334,0.8863984060910094,0.5499341800974847
SPI3,B,436,-6.455481118773883e-10,1030.676354705077,0.0,0.7000097749534605,7774866302.812335,7774.866302812335,0.9031913758138542,0.4856441455865086
SPI3,B,437,0.0,80.02036162030203,0.0,0.7002198852392261,4701311632.314415,4701.311632314415,0.8546714341623082,0.6020920055502188
SPI3,B,440,0.0,728.8158884339072,-0.00010950240576215048,0.7000026208981719,7241492001.630634,7241.492001630634,0.8937186466004909,0.5297701640160813
SPI3,B,441,0.0,433.8271953750574,-0.00026596584826354963,0.7000014321526461,6520367390.30435,6520.36739030435,0.8800120966307325,0.5650371793503398
SPI3,B,442,0.0,347.3179938594584,0.0,0.7001143127090735,6237297502.997559,6237.297502997559,0.8751912335005515,0.574847902657701
SPI3,B,446,0.0,886.41319563296,-4.4325406747756987e-07,0.7000589620182527,7537396524.374123,7537.396524374122,0.899117657523037,0.5075248158821646
SPI3,B,447,0.0,212.44767669412485,0.0,0.7,5662900745.262656,5662.9007452626565,0.8655495072401893,0.5888568683957733
SPI3,B,448,-3.655417182393726,0.0,-1.2473629678796818,0.7031099263585894,227845941.67757398,227.845941677574,0.7759632831678942,0.6100348667591704
SPI3,B,449,-2.1427804987546732,0.0,-0.39832902682635324,0.7001133070005918,724270398.3292558,724.2703983292558,0.8227309922795032,0.6100348667591704
SPI3,B,450,0.0,1798.2024626244631,0.0,0.7,8728541080.62201,8728.54108062201,0.9155014765005157,0.3623741416728929
SPI3,B,451,0.0,755.9312899180113,-9.461973437390885e-08,0.7,7295845203.612138,7295.845203612138,0.8946169993240118,0.525972177749315
SPI3,B,452,0.0,366.40136592174093,0.0,0.7000139591328399,6304307672.385077,6304.307672385077,0.8762318995268084,0.5726153627210303
SPI3,B,453,0.0,971.9301059776755,0.0,0.7,7681501598.780417,7681.501598780417,0.9017059807165475,0.49478777528729506
SPI3,B,454,-2.1692679336912226,0.0,-0.24477134150425223,0.7072523508562765,813057963.9099207,813.0579639099207,0.830344753975878,0.6100348667591704
SPI3,B,455,0.0,280.580587936851,0.0,0.7,5979893467.380152,5979.893467380151,0.8707350482086312,0.5820614081901306
SPI3,B,456,0.0,587.1707139041207,0.0,0.7,6930420438.094348,6930.420438094348,0.8876347529085281,0.5470523357170811
SPI3,B,457,-3.286385521681152,0.0,-2.0249159570236186,0.7,42724148.058977924,42.724148058977924,0.7594015725619953,0.6100348667591704
SPI3,B,458,0.0,244.88208812501884,0.0,0.7,5822207776.992692,5822.207776992692,0.8681823033408049,0.5856370299213718
SPI3,B,459,0.0,396.0521111957406,0.0,0.7,6402847661.683541,6402.847661683541,0.8780374995552711,0.568888533105632
SPI3,B,460,0.0,542.2728312022832,0.0,0.7,6819848899.33855,6819.84889933855,0.8852598996691216,0.552593659942363
SPI3,B,461,0.0,365.517427341998,0.0,0.7000017294575521,6301317246.334261,6301.317246334261,0.8761963212011243,0.5727220976980822
SPI3,B,462,-2.473718249288006,0.0,-0.25259150945852404,0.7,827873627.3662162,827.8736273662162,0.8319635677944996,0.6100348667591704
SPI3,B,464,0.0,816.4167573406476,0.0,0.7000990796608104,7411227863.833523,7411.227863833523,0.8967516988650515,0.5176557441206817
SPI3,B,466,-0.0017451327107313543,157.7505325057578,0.0,0.7,5346053329.581621,5346.053329581621,0.8613690539723202,0.5946116625751593
SPI3,B,467,0.0,1643.270878985688,-4.834531726211457e-06,0.7,8565351629.3383,8565.3516293383,0.9139271355889991,0.3846995410395987
SPI3,B,470,0.0,1840.5197030462887,0.0,0.7000000679926249,8771031707.036076,8771.031707036076,0.9160351513857755,0.35677055537766394
SPI3,B,472,-1.08960539993181,0.0,-0.5809862190305024,0.7674484162829113,463737928.13339394,463.73792813339395,0.797256911089764,0.6100348667591704
SPI3,B,473,0.0,498.1992390618474,0.0,0.7003838497763751,6702967894.419023,6702.967894419023,0.8832052513608709,0.55791261963212
SPI3,B,474,0.0,79.27596505211362,0.0,0.7000806741025871,4693608601.038497,4693.608601038497,0.8546447504180453,0.6021364784573238
SPI3,B,477,-0.0012503617015624524,0.0,-0.09321297171421858,0.700010386936661,935664363.497597,935.6643634975969,0.8419699718931227,0.6100348667591704
SPI3,B,478,-2.599924732657466e-07,171.7541412630104,-0.0002724113977889705,0.7000379619371606,5434013381.091844,5434.013381091843,0.8623563525100509,0.5931529512221155
SPI3,B,479,-0.12821585733793694,0.0,-0.19063744767165314,0.7018337919591677,864252176.3173845,864.2521763173845,0.835192300850322,0.6100348667591704
SPI3,B,480,-1.086776282309177,0.0,-0.12128553580967419,0.7013239790535187,912093764.5637709,912.093764563771,0.8399686910733982,0.6100348667591704
SPI3,B,481,-8.522297311311556e-05,1095.4346660837643,-2.8075749869486944e-06,0.7000379619371606,7873218407.742336,7873.218407742336,0.9047390329811079,0.4756199523250436
SPI3,B,482,0.0,299.1908146997978,0.0,0.7,6056102128.183071,6056.102128183071,0.8719269221190452,0.5800334436261428
SPI3,B,483,-2.5560315512191583e-07,664.8248753485271,-0.0002589071920216909,0.7000000599416244,7107173881.003064,7107.173881003064,0.8908812751271925,0.5376863414807699
SPI3,B,484,0.0,45.87484883281282,0.0,0.7000031297282628,4246041626.582923,4246.041626582923,0.8517540114562209,0.6057476785142493
SPI3,B,485,-3.195546466928226,0.0,-1.3865373369686922,0.7112334353307125,172369571.3768338,172.3695713768338,0.770911160920767,0.6100348667591704
SPI3,B,487,0.0,1001.6071256438454,-7.574166466546843e-05,0.7000103059978143,7729066710.281965,7729.066710281965,0.9024709147187534,0.49039385206532177
SPI3,B,491,-6.15155216263866e-05,2007.1733408947543,0.0,0.700000163831506,8931903883.6456,8931.9038836456,0.9176895435300813,0.3369801117159426
SPI3,B,493,0.0,1791.6291984811392,0.0,0.7000000013512846,8721864395.287094,8721.864395287093,0.9154658981748317,0.36321023232646676
SPI3,B,494,-2.4069214516644557,0.0,-0.17778756187982203,0.7,878302814.7388206,878.3028147388205,0.8366421176219447,0.6100348667591704
SPI3,B,495,-2.2254628104391716,0.0,-0.4376976829642796,0.729666603471497,628965897.9614296,628.9658979614296,0.8132048955776142,0.6100348667591704
SPI3,B,496,-1.2677321898908396,0.0,-0.07388414622967676,0.7000025220606265,949454832.8018781,949.4548328018781,0.8431707403849573,0.6100348667591704
SPI3,B,497,-3.0428415857103737,0.0,-1.0956759815156527,0.708955377974476,291351265.2573416,291.35126525734165,0.7807129896467072,0.6100348667591704
SPI3,B,498,0.0,867.1537299525157,0.0,0.7000000128717698,7503642950.363097,7503.642950363097,0.898575088056356,0.510282136122674
SPI3,B,499,-0.0018909733820753945,198.47887223748495,-0.001582274683259804,0.7000268129312608,5587268734.644894,5587.268734644894,0.8643042658412496,0.5903244743302382
SPI3,B,501,-0.002391284923466388,379.87810729880636,0.0,0.700000001486764,6349831386.841836,6349.831386841836,0.8769701497847512,0.5710321272280926
SPI3,B,502,-0.00015571358065515311,1956.7089339233967,0.0,0.7000283301187474,8884338202.449953,8884.338202449953,0.9172537090404524,0.34293058668659043
SPI3,B,503,0.0,706.8841006901521,0.0,0.7000870120824643,7196352019.958537,7196.352019958537,0.8928025047141283,0.5323940655352759
SPI3,B,505,0.0,1378.325490418965,0.0,0.7000227429535781,8257286804.584155,8257.286804584155,0.9103248301134946,0.42840751414238454
SPI3,B,507,-9.003900535984975e-05,126.38978711843305,0.0,0.7,5124254559.046077,5124.254559046077,0.8587807307788096,0.5974312448856158
SPI3,B,509,-1.290832234144876,0.0,-0.47140358239809654,0.7000000011729136,671845711.6114936,671.8457116114936,0.8176966591952182,0.6100348667591704
SPI3,B,510,-0.6295931962525797,0.0,-0.4001609862449014,0.7057915799051999,709345221.4855886,709.3452214855886,0.8213078592521436,0.6100348667591704
SPI3,B,511,-2.090722283496344,0.0,-0.3171491062279974,0.8131447734905178,488102451.3246003,488.1024513246003,0.7996050805849078,0.6100348667591704
SPI3,B,512,0.0,519.1771613002977,0.0,0.7000041510314863,6760194719.863301,6760.1947198633015,0.8843437577827586,0.5552798235315045
SPI3,B,513,-0.0024016031412421035,63.21727402973191,-2.6326052393988924e-06,0.700008374959346,4501472996.58641,4501.47299658641,0.8533461415305799,0.6040043405557334
SPI3,B,514,-3.524336636563194,0.0,-0.3081612719294846,0.7000237840050403,790037636.7365365,790.0376367365365,0.8282011598534171,0.6100348667591704
SPI3,B,515,-0.00015669496334178284,410.8707807240636,0.0,0.7,6450018521.707115,6450.018521707115,0.8787579606503718,0.5673586651012202
SPI3,B,516,-3.123157986620662,0.0,-1.5171083313174494,0.7001416179850151,140087408.48131555,140.08740848131555,0.7676201657949976,0.6100348667591704
SPI3,B,518,-0.00016701869427628127,1602.0010494300077,-1.401634681953577e-07,0.7000000848270957,8520006851.090554,8520.006851090555,0.9134112498665812,0.39151279040808346
SPI3,B,520,-1.1122739145745488e-06,208.13148985612509,0.0,0.7000000107165981,5640323506.580798,5640.3235065807985,0.8652115131461916,0.5893193866296652
SPI3,B,522,-2.2111072003316643,0.0,-0.9546771336748585,0.7016022753417592,366661461.84505546,366.66146184505544,0.7883356459245027,0.6100348667591704
SPI3,B,523,-3.020028823820444,0.0,-1.2605041499143668,0.7000311715176907,225022284.35793325,225.02228435793324,0.7757498132137902,0.6100348667591704
SPI3,B,524,-2.8619499866539835,0.0,-0.841822568384613,0.7136076829889189,412012606.8510589,412.0126068510589,0.791857900167218,0.6100348667591704
SPI3,B,525,0.0,1896.7837703788646,0.0,0.7000160387689651,8826500636.236864,8826.500636236864,0.9166666666666664,0.3495570498452344
SPI3,B,526,0.0,434.1010155138659,0.0,0.7,6521377453.030251,6521.377453030251,0.8800921478635215,0.5650016010246559
SPI3,B,527,-1.1536513418814115e-06,1163.428129973036,0.0,0.7001618675403478,7971502180.31491,7971.50218031491,0.9062333226598355,0.4645995659444267
SPI3,B,528,-0.4073475839699088,0.0,-0.6292384822865005,0.7648939332213784,442069470.8609573,442.0694708609573,0.7952200519443555,0.6100348667591704
SPI3,B,529,-1.565729810901519,0.0,-1.8843941940504354,0.7057858634055093,60859207.424595766,60.859207424595766,0.7608869676593021,0.6100348667591704
SPI3,B,531,-2.471091836999535,0.0,-1.621396034171778,0.7362229969436822,98215548.71961482,98.21554871961482,0.7640534386451774,0.6100348667591704
SPI3,B,532,-1.1536513418814115e-06,1197.5159276503873,0.0,0.7001618675403478,8019244231.003777,8019.244231003777,0.9069626783363575,0.45865798555519993
SPI3,B,533,-0.133152201802738,0.0,-0.39682215927094733,0.7000237840050403,725506532.565771,725.506532565771,0.8228466218379763,0.6100348667591704
SPI3,B,535,-1.4341171111460456,0.0,-0.5202194607046906,0.7562798285161837,519035101.35669434,519.0351013566943,0.802602554523784,0.6100348667591704
SPI3,B,536,-0.024050209771953907,2.519883561122697,0.0,0.7,2635594529.400979,2635.594529400979,0.8477781335610347,0.6097769238979613
SPI3,B,540,-5.960189472290143e-06,142.0566526700951,0.0,0.7000227429535781,5239656126.514153,5239.656126514153,0.8601149179919594,0.595919166044046
SPI3,B,542,0.0,32.67942384049279,0.0,0.7,3996137360.888674,3996.137360888674,0.8505176646387022,0.6071263386345037
SPI3,B,543,0.0,1553.5722479209012,0.0,0.7002083499742652,8464931360.969912,8464.931360969911,0.9127174725157433,0.39917991959298393
SPI3,B,544,0.0,731.3591447982718,-3.030095415291727e-05,0.7000024666192293,7246720171.016298,7246.720171016298,0.893843170740385,0.5295211157362935
SPI3,B,545,0.0,561.6515648170529,0.0,0.7,6868398164.611695,6868.398164611695,0.8863628277653254,0.5499964421674316
SPI3,B,547,-0.0004085960820661774,1266.4486264266186,-3.067207188636697e-06,0.7000367649237728,8113253920.451488,8113.253920451488,0.9084658625965061,0.446917138079482
SPI3,B,549,0.0,1060.0584217339228,0.0,0.7000000014781684,7820161424.293378,7820.161424293377,0.9039829935603231,0.4812235386202724
SPI3,B,550,-0.04407290773918876,0.0,-0.35285033789846887,0.7000000012199594,756105032.5071493,756.1050325071493,0.8254527341943289,0.6100348667591704
SPI3,B,552,0.0,227.1086314137486,0.0,0.7000498070473261,5736900356.515218,5736.900356515218,0.8667680648948661,0.5875315757640446
SPI3,B,553,-0.32271497553852746,0.0,-0.6046472861053032,0.7016022753417592,577509597.0768481,577.5095970768482,0.8089443910769558,0.6100348667591704
SPI3,B,556,-2.4459597804074655,0.0,-1.621396034171778,0.700220233566824,111602583.26499404,111.60258326499404,0.765494360835379,0.6100348667591704
SPI3,B,557,-7.944670565211748e-08,1033.892771230222,-2.705013647942067e-06,0.7001485135346441,7779388213.731948,7779.388213731948,0.9032981107909064,0.4852438894225638
SPI3,B,558,-1.304789097895341,0.0,-0.47211398889222433,0.729666603471497,604993909.5020231,604.9939095020231,0.8109100935709965,0.6100348667591704
SPI3,B,559,-0.01783795225802462,0.0,-0.018516605322414323,0.7000004001624544,985990497.5430475,985.9904975430476,0.846257160138044,0.6100348667591704
SPI3,B,560,-0.0001424018014572398,915.1566906790074,-1.9736269508464665e-07,0.7001463998140642,7586630007.773754,7586.630007773754,0.8998914861066639,0.5035578325683994
SPI3,B,561,-2.9795357314110547,0.0,-1.215076699058817,0.7000021702305803,242831728.6666151,242.8317286666151,0.7773152595438858,0.6100348667591704
SPI3,B,562,0.0,263.9601508712832,-1.4519318691865487e-05,0.7000024084675324,5908476102.015804,5908.476102015804,0.8694453339025868,0.5835645924502794
SPI3,B,563,0.0,1465.3787031352572,0.0,0.700016580531125,8363162678.229765,8363.162678229764,0.9115700715124345,0.4137403493791582
SPI3,B,564,0.0,831.8589660413236,-2.7060161060396877e-05,0.7000398396225868,7439879494.516898,7439.879494516898,0.8972942683317323,0.515512149998221
SPI3,B,565,0.0,314.2287507919196,0.0,0.7,6115077819.556041,6115.077819556041,0.873092112285196,0.5783790514818372
SPI3,B,566,0.0,943.3030523893037,0.0,0.7,7634443751.932909,7634.443751932909,0.9008432063187107,0.4993684847191091
SPI3,B,568,0.0,226.70261839876434,0.0,0.7,5735060587.01157,5735.06058701157,0.8667591703134453,0.5875849432525706
SPI3,B,569,-0.6903176430357427,0.0,-0.5276209455051724,0.8016233021630028,419173285.0839553,419.1732850839553,0.792969722844843,0.6100348667591704
SPI3,B,571,-0.8503162033973068,0.0,-0.2904842775991381,0.702234798372069,795568970.429718,795.568970429718,0.8285124702031522,0.6100348667591704
SPI3,B,573,-0.008293723599629044,0.0,-0.07416204641883192,0.7000185229054888,949298394.938306,949.2983949383059,0.8431262674778524,0.6100348667591704
SPI3,B,574,0.0,140.5464416598775,0.0,0.7,5229034650.191857,5229.0346501918575,0.8599903938520653,0.5960525847653609
SPI3,B,576,-0.8503162033973068,0.0,-0.08511120362326308,0.7014181266773176,937267460.5342115,937.2674605342115,0.8420589177073329,0.6100348667591704
SPI3,B,578,0.0,0.0,-0.5642101989210109,0.7,609195339.5239235,609.1953395239235,0.8117817625502545,0.6100348667591704
SPI3,B,579,-3.18463545600127,0.0,-2.1821079747406094,0.8743149606085947,12113289.539485583,12.113289539485583,0.7563774148788558,0.6100348667591704
SPI3,B,581,0.0,126.75050870909172,0.0,0.7000052701031582,5127017463.192887,5127.017463192888,0.8588252036859145,0.5973867719785106
SPI3,B,582,0.0,1003.0587891580265,-7.356284310588383e-05,0.7000006694517635,7731404361.380306,7731.404361380306,0.9025242822072793,0.4901536983669548
SPI3,B,585,0.0,0.0,-0.5753523556769897,0.8062564108069652,388797181.91345125,388.79718191345125,0.7900078272316505,0.6100348667591704
SPI3,B,586,-2.7062194575073345e-05,15.04034334974397,-1.853752699709809e-07,0.7000014183310241,3494316541.299964,3494.316541299964,0.8489077454015016,0.6086651012203365
SPI3,B,592,0.0,281.4119061972793,0.0,0.7000010543722905,5983374250.401197,5983.374250401197,0.8707884156971573,0.5820080407016046
SPI3,B,594,-0.0004808345922425295,0.0,-0.3712601453254021,0.7001028642986411,744466113.5651312,744.4661135651312,0.8244743302380192,0.6100348667591704
SPI3,B,598,0.0,364.93059754154734,-8.865848176988927e-06,0.7000618831514195,6299117556.889885,6299.117556889885,0.8761340591311774,0.5727843597680293
SPI3,B,599,0.0,1128.8977498988625,-1.929942777864413e-07,0.7000006498334299,7922545937.751989,7922.545937751989,0.9054328103319456,0.4703988330309176
SPI3,B,601,0.0,1603.5577016370162,0.0,0.7001723780438269,8521159428.311291,8521.15942831129,0.9134112498665813,0.39122816380261144
SPI3,B,602,-1.2728648630658097,0.0,-0.17750297023220246,0.7344583427465896,777597273.0671588,777.5972730671588,0.8272138613156866,0.6100348667591704
SPI3,B,606,-0.0002823717751223001,0.0,-0.22062163460012557,0.7079865944598195,827318036.5948701,827.3180365948701,0.8318568328174476,0.6100348667591704
SPI3,B,607,-1.3848865344208032,0.0,-0.1875431277986917,0.703182086028375,862290152.1705753,862.2901521705753,0.835014409221902,0.6100348667591704
SPI3,B,608,0.0,208.89443588591902,0.0,0.7000015358345837,5644340334.686997,5644.340334686997,0.8652381968904544,0.5892660191411393
SPI3,B,610,-0.11173449480125502,0.0,-1.3954161479382388,0.7004184162734577,176124341.60282445,176.12434160282444,0.771453730387448,0.6100348667591704
SPI3,B,611,0.0,78.71554531610126,-4.934992334021491e-06,0.7001598332445349,4687154556.570746,4687.1545565707465,0.8546091720923613,0.6022076351086918
SPI3,B,613,0.0,759.6815983205292,-7.186365935278319e-07,0.7000018038860464,7303223070.524616,7303.223070524617,0.8947859963710108,0.5255185540968442
SPI3,B,615,0.0,263.3926422647497,-1.1734791604528523e-07,0.7000024544535892,5905978669.0590925,5905.978669059093,0.8694097555769027,0.5836268545202263
SPI3,B,617,-0.009220485558012477,0.0,-0.09332597254340003,0.7101808386669495,903933522.3028581,903.9335223028581,0.8388479738143523,0.6100348667591704
SPI3,B,619,-6.089184353813971e-05,62.87393478254302,0.0,0.700003967967273,4496988534.019469,4496.98853401947,0.8533372469491587,0.6039954459743123
SPI3,B,621,-2.59540165504176,0.0,-1.7550192337413875,0.7104096680726597,79241297.72039904,79.24129772039903,0.7626036218735548,0.6100348667591704
SPI3,B,623,-0.007979407965554186,0.0,-1.2038250493825937,0.7001987077993311,248267073.36884096,248.26707336884095,0.7775909915679369,0.6100348667591704
SPI3,B,625,0.0,411.8422457706437,-1.0697668220979895e-07,0.7000002361995876,6453058751.065422,6453.058751065422,0.8788024335574768,0.5671985626356423
SPI3,B,626,-0.06880431081637672,0.0,-0.1639298814085662,0.7032098014977595,877157999.6243654,877.1579996243654,0.8364108585049986,0.6100348667591704
SPI3,B,627,-0.0013707805511625928,0.0,-0.4895303717212877,0.7019798735869487,654836431.2647418,654.8364312647418,0.8161223182837014,0.6100348667591704
SPI3,B,628,0.0,564.6706271355478,-3.773400234428032e-08,0.7003616239742262,6874622990.343433,6874.622990343433,0.8864161952538514,0.5496851318176967
SPI3,B,629,0.0,2006.6954148967627,0.0,0.70005218399016,8931305064.361538,8931.305064361539,0.9176539652043973,0.33704237378588964
SPI3,B,630,-0.08138632585098216,0.0,-1.8679137764344826,0.710750106498355,61767636.107680425,61.767636107680424,0.760904756822144,0.6100348667591704
SPI3,B,634,0.0,915.0627330044921,0.0,0.70005218399016,7586796306.168504,7586.796306168504,0.899900380688085,0.5035667271498203
SPI3,B,638,0.0,887.973387015115,0.0,0.7,7540316739.583793,7540.316739583793,0.8991888141744049,0.5072668730209555
SPI3,B,639,0.0,518.7914502100037,-1.3906605120907087e-08,0.7001151270280823,6758803599.411321,6758.803599411321,0.8842814957128118,0.5553331910200305
SPI3,B,642,-0.06534141835003887,32.366310926714924,0.0,0.7,3989317576.5988255,3989.3175765988253,0.8502864055217563,0.6074198598213968
SPI3,B,643,0.0,972.6938403136328,0.0,0.7,7682743793.237592,7682.7437932375915,0.9017237698793896,0.4947077240545061
SPI3,B,644,-2.276688945358849e-05,1029.897839932213,0.0,0.7000402180655668,7773554478.172105,7773.554478172105,0.9031646920695914,0.48583093179634956
SPI3,B,645,0.0,435.4505010782788,0.0,0.7000001232274702,6525431562.439551,6525.431562439551,0.8801544099334685,0.5649037606290249
SPI3,B,646,0.0,590.2737543670669,-3.765649689723099e-08,0.7003559034477262,6936609951.386922,6936.609951386922,0.8876614366527912,0.5466876578788202
SPI3,B,647,0.0,171.82022408391333,0.0,0.7,5434718904.431657,5434.7189044316565,0.8624452983242608,0.5931351620592735
SPI3,B,649,0.0,862.1150976646172,-8.82652614007422e-06,0.7000001209443071,7494683712.844321,7494.683712844321,0.8984060910093571,0.5108780730778809
SPI3,B,650,-0.08138632585098216,0.0,-0.5128341668048332,0.7103878467638357,621697210.1990522,621.6972101990522,0.8127245881808803,0.6100348667591704
SPI3,B,651,-0.11173449480125502,0.0,-1.120422500538881,0.7004184162734577,287962571.4633653,287.9625714633653,0.7807040950652864,0.6100348667591704
SPI3,B,653,0.0,1301.479736366654,0.0,0.7,8159452597.682008,8159.452597682008,0.9090084320631869,0.441153449318675
SPI3,B,655,-2.980967018516028,0.0,-0.5122252384426951,0.7556123668467443,525005427.6791505,525.0054276791506,0.8032429643860959,0.6100348667591704
SPI3,B,659,-6.087303314096895e-05,1198.067057799487,0.0,0.7000041215382098,8020542284.287489,8020.542284287489,0.9069982566620413,0.45863130181093686
SPI3,B,660,-2.2268700766002915e-05,676.2313642729621,-1.720691979332434e-05,0.7000000369916225,7131968332.141964,7131.968332141964,0.8913882662681895,0.5364233109189882
SPI3,B,663,-0.06880431081637672,0.0,-0.3983250050165429,0.7002194158689204,724014177.3914487,724.0141773914487,0.8226865193723983,0.6100348667591704
SPI3,B,664,0.0,51.24142521656807,-0.0051130766623044555,0.7000005605609073,4328789614.1845875,4328.789614184588,0.8520386380616929,0.6052140036289892
SPI3,B,667,-2.1984393335753465e-06,835.5865912411537,-0.0005136563729745139,0.7,7446530267.4692135,7446.530267469214,0.8974454762158892,0.5147650051588571
SPI3,B,669,-0.0006864096190097261,1161.124195265619,0.0,0.7,7968770906.876036,7968.770906876036,0.9062155334969935,0.46510655708542364
SPI3,B,671,0.0,656.8512590746433,-9.464466669600596e-10,0.7000014889720553,7089934822.326441,7089.934822326441,0.8905165972889315,0.5387092183441848
SPI3,B,672,-0.009290423404442971,95.24156887245277,-8.63473908150436e-06,0.7000000594040465,4857531515.8389845,4857.531515838985,0.85611235635251,0.600579926708649
SPI3,B,673,0.0,472.0074966021724,0.0,0.7000288126445274,6631737985.687226,6631.737985687227,0.8819777991247733,0.5609812502223646
SPI3,B,674,0.0,0.0,-1.2627437854068888,0.7000010256204293,224303629.46812493,224.30362946812494,0.7756964457252642,0.6100348667591704
SPI3,B,676,0.0,347.27504478764104,-2.8847579290513007e-09,0.7000024544535892,6237507345.694231,6237.507345694231,0.8752090226633937,0.574847902657701
SPI3,B,677,-2.980967018516028,0.0,-0.5210732924799633,0.7938091392381603,438679174.48966897,438.679174489669,0.7949887928274095,0.6100348667591704
SPI3,B,678,-0.007004979436405656,0.0,-2.0628206872862087,0.8929795464796043,13770642.846238228,13.770642846238228,0.7566175685772228,0.6100348667591704
SPI3,B,680,-1.3755799773993809,0.0,-0.4924712871505387,0.7008069961953457,655760460.4513254,655.7604604513255,0.8163891557263314,0.6100348667591704
SPI3,B,681,-3.02524170351845,0.0,-0.5103097921063432,0.7357809899651633,568901753.9854302,568.9017539854302,0.8072722097698084,0.6100348667591704
SPI3,B,682,-0.004135340810365151,0.0,-0.40801144399661704,0.7462821405759502,607434716.7054434,607.4347167054434,0.8113815063863095,0.6100348667591704
SPI3,B,684,-1.4565816689878848,0.0,-0.501567651720658,0.7973096178577596,440264635.36115974,440.2646353611597,0.7950243711530935,0.6100348667591704
SPI3,B,685,-2.5941489452956565,0.0,-0.07208298512828107,0.7395460102743111,825143614.2737176,825.1436142737176,0.8313498416764505,0.6100348667591704
SPI3,B,686,-0.0006221496266567947,2070.0429529623852,-1.487629662255067e-05,0.7000050474405675,8990020131.40378,8990.02013140378,0.9182232184153413,0.33070943181413875
SPI3,B,689,0.0,1230.7571896963836,0.0,0.7,8065481289.486549,8065.481289486549,0.9077987689899312,0.4532945529583377
SPI3,B,692,-2.0134957412913086,0.0,-1.6212088945328451,0.7339465605411453,99099950.08445556,99.09995008445557,0.7641779627850714,0.6100348667591704
SPI3,B,693,-0.17426771852905554,85.93567870094034,0.0,0.7000986783295654,4764553648.844012,4764.553648844012,0.8543423346497313,0.6024388942256377
SPI3,B,694,0.0,708.8506930283355,-0.0008747017158513073,0.700032165670052,7200060749.295533,7200.060749295533,0.8928825559469172,0.532207279325435
SPI3,B,695,-0.8967635998383028,0.0,-0.07339586538068765,0.7000673313416129,949429771.9324218,949.4297719324218,0.8431351620592734,0.6100348667591704
SPI3,B,696,-0.09414395654915642,0.0,-1.3515878780444408,0.7017120345241569,190630974.28817347,190.63097428817346,0.7726367097164406,0.6100348667591704
SPI3,B,697,-3.528912610936705,0.0,-0.4211589854199901,0.8453912300143684,366365867.373909,366.365867373909,0.7883000675988187,0.6100348667591704
SPI3,B,698,0.0,1383.6665915291533,0.0,0.7,8264007397.852162,8264.007397852163,0.9103515138577576,0.42735795353470657
SPI3,B,699,-0.09427645196048856,207.9713856113499,-9.986936059046426e-06,0.7000022673088123,5639352558.905626,5639.352558905626,0.8641797417013557,0.5908403600526559
SPI3,B,700,-1.427599740439506e-06,1317.0059224402285,-0.0011918690380198647,0.7005758584929882,8176921644.256841,8176.92164425684,0.9091062724588181,0.4385829152880066
SPI3,B,702,-0.11241911589352016,0.0,-0.6187893358617892,0.7394254723356836,495711532.40893275,495.7115324089327,0.8003789091685346,0.6100348667591704
SPI3,B,703,0.0,2004.1954516190876,0.0,0.7000001535243717,8929122944.607313,8929.122944607314,0.9176450706229763,0.33733589497278255
SPI3,B,705,-1.6424238257208894,0.0,-0.3928048830459221,0.7444843916183158,620389476.7857935,620.3894767857936,0.8126712206923542,0.6100348667591704
SPI3,B,706,0.0,1954.8081906886057,0.0,0.7,8882616451.118216,8882.616451118216,0.9172181307147684,0.34313516205927347
SPI3,B,707,-0.0013782832550459367,496.7314753405486,-6.62957394702079e-06,0.7000622538723168,6700069503.900389,6700.069503900389,0.8831874621980289,0.558197246237592
SPI3,B,708,-0.0021776929130288107,0.0,-1.909475427386731,0.8475323602350402,29597317.799804743,29.597317799804742,0.7579606503717935,0.6100348667591704
SPI3,B,709,-0.6683073333789116,0.0,-0.17075582315266757,0.7000115425385868,882241953.3510345,882.2419533510346,0.8369356388088376,0.6100348667591704
SPI3,B,711,0.0,31.302265185804174,0.0,0.7,3965817491.3142357,3965.8174913142357,0.8503486675917032,0.6073042302629238
SPI3,B,712,-0.7438394875275648,0.0,-0.3090759704461754,0.700067132290321,789282333.5672275,789.2823335672275,0.8280944248763652,0.6100348667591704
SPI3,B,717,0.0,676.9654924163968,0.0,0.7000000070254716,7133542808.18442,7133.542808184419,0.8914060554310314,0.5363610488490411
SPI3,B,718,-0.005909649617487217,209.6584055179476,-5.922061734245756e-07,0.7000593035890244,5648142133.422352,5648.142133422351,0.8652559860532963,0.5893816486996122
SPI3,B,719,-3.1460418470699025,0.0,-0.4830156889945495,0.8522072924825677,327136673.54454714,327.13667354454714,0.7844842921692106,0.6100348667591704
SPI3,B,720,-3.234537483551421e-05,454.00119371753914,0.0,0.7000000004951488,6580237973.063598,6580.237973063598,0.8811061301455154,0.5629380581349841
SPI3,B,721,0.0,1267.616165981459,0.0,0.7,8114926284.634022,8114.926284634022,0.908492546340769,0.44676593019532507
SPI3,B,727,-2.115633280509066,0.0,-0.018973379649343012,0.7000211152717497,985402081.309136,985.4020813091361,0.8461948980680971,0.6100348667591704
SPI3,B,728,-0.17381178699615327,0.0,-1.2531118716589917,0.7018874509866707,226853986.73297504,226.85398673297505,0.775874337353684,0.6100348667591704
SPI3,B,729,-0.18935173683300371,0.0,-0.09135816625724813,0.7001457225419437,936780669.4672921,936.7806694672921,0.8420411285444908,0.6100348667591704
SPI3,B,730,-3.5695991272798415e-07,610.39186237282,0.0,0.7000003768795446,6985121205.128454,6985.121205128454,0.8886843135162058,0.5444106450350447
SPI3,B,732,-2.4163424797058754e-05,1066.9971836424259,0.0,0.7002508205581404,7829868503.368909,7829.868503368909,0.9040986231187961,0.48020955633827866
SPI3,B,733,-1.9358110013099001,0.0,-0.35347776935250147,0.7000501103033787,755490430.46294,755.49043046294,0.825390472124382,0.6100348667591704
SPI3,B,734,-6.340002755255737e-05,544.2307054971678,0.0,0.7000945808772402,6824484257.438495,6824.484257438495,0.8853399509019105,0.5523179279183122
SPI3,B,735,-0.6473063389764849,0.0,-0.38368811583713464,0.7011587242444506,732162372.4644473,732.1623724644472,0.8232913509090262,0.6100348667591704
SPI3,B,737,0.0,863.0359588286333,0.0,0.7000342056584106,7496199870.986711,7496.19987098671,0.89843277475362,0.510771338100829
SPI3,B,738,-1.1008173071959694e-06,411.5549003604824,-3.194074229914001e-06,0.7000091077213831,6452128953.256799,6452.128953256799,0.8787935389760558,0.5672341409613263
SPI3,B,739,0.0,1645.969939238856,0.0,0.7000240707651944,8568205456.650123,8568.205456650123,0.9139449247518412,0.3842726011313907
SPI3,B,741,-1.8913172894022555e-06,160.45208112475638,0.0,0.7006403911796653,5361396521.6107645,5361.3965216107645,0.8614046322980042,0.5942647738997403
SPI3,B,743,-0.6433084155576055,0.0,-0.2749504908839061,0.7011300846402624,809090270.6941327,809.0902706941326,0.8300067598818799,0.6100348667591704
SPI3,B,744,-7.875794440881015e-05,946.5253155480633,-0.0002833145153820351,0.7000002267415946,7639620041.996928,7639.620041996928,0.9009143629700787,0.49887038815953316
SPI3,B,746,-2.1553366764433604e-05,112.66324665201572,0.0,0.7000086768733967,5013702586.948022,5013.702586948022,0.8575888568683959,0.5987031700288185
SPI3,B,749,-0.0011030151264219427,197.0783380434869,0.0,0.700250339674285,5580018536.2838125,5580.018536283813,0.8642953712598285,0.5904312093072901
SPI3,B,751,0.0,313.7308100929079,-2.7563998638756936e-06,0.7000006621193187,6113154520.365989,6113.154520365989,0.8730654285409329,0.5784502081332052
SPI3,B,753,-2.940317786710133e-10,1503.7940332365351,0.0,0.7000260501645862,8408394801.483821,8408.39480148382,0.9121215355605364,0.4072739886860925
SPI3,B,754,-0.0004467837286007382,93.64971874563284,0.0,0.7000640268357071,4842004308.757082,4842.004308757082,0.8559967267940372,0.6006243996157539
SPI3,B,757,-2.408744963188653e-05,729.9463295763253,0.0,0.7002582063825809,7243060978.434209,7243.060978434209,0.8937275411819121,0.5296634290390295
SPI3,B,761,0.0,1896.7409752806834,0.0,0.7000628702523309,8826318111.804743,8826.318111804743,0.9166488775038246,0.3495659444266554
SPI3,B,762,-2.111391490022814e-08,916.3262898771346,-0.0008883808768264647,0.7000002553279798,7588511225.898095,7588.511225898095,0.8999448535951898,0.5033176788700324
SPI3,B,763,-0.011705329755590656,0.0,-0.09309158636183501,0.7105280365568,903010526.0443808,903.0105260443808,0.8387501334187213,0.6100348667591704
SPI3,B,765,-4.615904178256492e-05,473.8888720225286,0.0,0.7000009092047743,6637133219.783503,6637.133219783503,0.8821112178460884,0.5607055181983136
SPI3,B,766,-2.4744400518188345,0.0,-1.1218074845821897,0.7025961948113455,285265465.28935087,285.26546528935086,0.7803661009712883,0.6100348667591704
SPI3,B,768,-1.2080440599357384e-08,520.7674048512703,-1.0501845563498437e-07,0.7000000070254716,6764378425.542031,6764.378425542031,0.8844593873412318,0.5550485644145586
SPI3,B,770,-2.5112165892096954e-05,1790.5038347476616,0.0,0.700005603111408,8720698157.954727,8720.698157954726,0.9154481090119896,0.3633258618849397
SPI3,B,772,-0.06605618234741199,0.0,-1.2053564102811207,0.7006860030923756,246950633.91250435,246.95063391250434,0.7775287294979898,0.6100348667591704
SPI3,B,774,-2.2937698295967057,0.0,-0.42028279060036877,0.7016258771391373,707564297.0197891,707.5642970197891,0.821067705553777,0.6100348667591704
SPI3,B,775,-0.12317279031642814,2.8089786250618545,-9.512882913090715e-05,0.7000055653848805,2677951210.3674684,2677.9512103674683,0.8477336606539297,0.6097947130608034
SPI3,B,778,-0.014315991643883752,0.0,-0.40754500570032726,0.8036713537858082,470220546.8444252,470.2205468444252,0.7983420500231259,0.6100348667591704
SPI3,B,779,-1.7732891452527796e-06,591.3488574491491,0.0,0.7000003495076655,6940362591.770911,6940.362591770911,0.8878215391183691,0.5465631337389263
SPI3,B,780,0.0,657.8320810431794,0.0,0.7,7092093890.659405,7092.093890659405,0.8905877539402995,0.5385669050414488
SPI3,B,784,-1.30939688016941e-06,815.3828071176009,-0.0008315069142915129,0.7000050612538556,7409091373.45259,7409.09137345259,0.8967161205393673,0.5178336357491017
SPI3,B,785,0.0,1423.019268707601,-0.0009233226221568154,0.7,8311672447.366044,8311.672447366043,0.9108140320916497,0.4206781228875368
SPI3,B,787,0.0,1032.2908120781635,-6.045290005524432e-06,0.7000628702523309,7777196245.406333,7777.196245406333,0.9032269541395382,0.48547514853950974
SPI3,B,789,0.0,757.1954028278088,-1.5976805288279265e-08,0.7000135087036711,7298300967.574235,7298.300967574235,0.8946970505568008,0.5257409186323692
SPI3,B,790,-0.18192181049722253,0.0,-1.3325311671510387,0.7394254723356836,172290279.18856847,172.29027918856846,0.7704486426868752,0.6100348667591704
SPI3,B,793,-2.4356281134878895e-05,347.29235844300456,-5.1298563720865025e-08,0.7000317565602854,6237470919.250508,6237.470919250508,0.8752001280819727,0.574847902657701
SPI6,B,0,-0.08190427293292694,0.0,-0.4320825783567378,0.7,706251027.154203,706.251027154203,0.8278898495036825,0.6100348667591704
SPI6,B,1,-2.8567570169328063,0.0,-2.488320080986748,0.7485551166159767,11470183.956149124,11.470183956149123,0.7564129932045398,0.6100348667591704
SPI6,B,3,-0.14779649153621785,0.0,-0.885543767268526,0.7782622633033432,308890018.80315644,308.8900188031564,0.7862187355463052,0.6100348667591704
SPI6,B,5,-0.0005479731633970045,428.95317700568336,0.0,0.7000005788866285,6515860960.201335,6515.860960201335,0.8914505283381362,0.5647970256519729
SPI6,B,9,-1.4438817907074981,0.0,-0.7499707991041917,0.733032464431931,442399020.5983224,442.3990205983224,0.8005568007969545,0.6100348667591704
SPI6,B,10,0.0,872.0135424881984,0.0,0.7,7522436921.061791,7522.4369210617915,0.9114989148610666,0.5065642010886967
SPI6,B,12,-0.15114489910292697,0.0,-1.1397286174558767,0.7790040481447249,210059120.15302062,210.05912015302061,0.7757676023766321,0.6100348667591704
SPI6,B,13,0.0,1304.12873364482,-9.801536806930216e-06,0.7,8173136034.260634,8173.136034260634,0.9222079908919484,0.4333173230867755
SPI6,B,14,-0.6615278200111536,0.0,-0.5929255924628622,0.700184983825294,596982340.8357857,596.9823408357857,0.8163091044935425,0.6100348667591704
SPI6,B,15,0.0,37.71335271686223,0.0,0.700000255088687,4108984466.0346594,4108.98446603466,0.8595723485252783,0.606325826306614
SPI6,B,18,0.0,258.27359913178924,0.0,0.7000000277496037,5893221901.851038,5893.221901851038,0.8793627921869996,0.5839292702885402
SPI6,B,19,0.0,298.12939096521774,0.0,0.7,6061820613.941862,6061.820613941862,0.8825292631728752,0.5796331874621979
SPI6,B,22,-0.0006542372430312558,53.55806906233636,-0.002458059217013162,0.7,4375286663.766624,4375.286663766625,0.8610666382040061,0.6048048528836233
SPI6,B,23,0.0,960.1418076048735,0.0,0.7,7672647387.450366,7672.647387450366,0.9142651296829969,0.4931956452129363
SPI6,B,24,0.0,1859.6184968388682,0.0,0.7002201057979729,8799768003.291407,8799.768003291407,0.9295727043085351,0.3449318675063151
SPI6,B,25,-0.002247127936815474,0.0,-0.5437043763430507,0.706579582182909,616265771.1356069,616.2657711356069,0.8184082257088983,0.6100348667591704
SPI6,B,26,0.0,1468.943382788697,0.0,0.7000000020140396,8377952288.092284,8377.952288092285,0.9248674707368271,0.404445511794215
SPI6,B,28,0.0,1607.5226046702978,0.0,0.7000014495914506,8536710895.484307,8536.710895484308,0.9267798057423415,0.3811417084711994
SPI6,B,29,-0.11561394582674045,0.0,-1.628476021494838,0.7001746143768033,112883460.48318145,112.88346048318145,0.7663838189774789,0.6100348667591704
SPI6,B,30,0.0,223.06265029969455,0.0,0.700000371961692,5726858202.266851,5726.858202266852,0.8763920019923861,0.5877361511367275
SPI6,B,31,-9.921351360439969e-06,66.9499159987185,0.0,0.7000108420948267,4559008788.694389,4559.008788694389,0.862623189952681,0.6032216173906856
SPI6,B,33,0.0,739.6783126444977,0.0,0.7,7273658577.9243,7273.6585779243005,0.9064645817767814,0.5261500693777351
SPI6,B,34,-2.9683782195411923e-07,1119.7766295252993,0.0,0.7000045670801363,7919561388.068458,7919.561388068458,0.9183566371366562,0.46652079553136233
SPI6,B,35,-1.3652071127121355,0.0,-1.9222572347899565,0.706579582182909,55933197.90456976,55.93319790456976,0.7607802326822498,0.6100348667591704
SPI6,B,36,-0.8054309818399008,0.0,-1.8336303099822047,0.8728789893847143,30314891.726476837,30.314891726476837,0.7579606503717935,0.6100348667591704
SPI6,B,38,-0.0005321785015578054,851.8428751116728,0.0,0.7000076598141874,7486498812.914672,7486.498812914672,0.9108585049987546,0.5097395666559933
SPI6,B,39,-4.985005845098867e-07,98.59781919615519,0.0,0.7000108420948267,4898960410.8467,4898.9604108467,0.8656918205429253,0.6000551464048102
SPI6,B,40,-1.3964072998001809,0.0,-1.4466492873454913,0.7009700266270484,163859169.04009655,163.85916904009656,0.77093784466503,0.6100348667591704
SPI6,B,44,0.0,1157.8074948051376,0.0,0.7,7974398451.413116,7974.398451413116,0.9192016223716512,0.46006332941971756
SPI6,B,46,-1.4438817907074981,0.0,-0.7573685619181004,0.7616208329211218,391940599.2019746,391.9405992019746,0.7949087415946207,0.6100348667591704
SPI6,B,47,-0.011060854677309134,0.0,-0.014473455153208435,0.728055578934517,904723044.9120946,904.7230449120946,0.8455455936243639,0.6100348667591704
SPI6,B,55,-5.054038377036412e-07,1518.9914863984995,0.0,0.7,8436496710.127911,8436.49671012791,0.9256679830647168,0.39575550574589957
SPI6,B,56,-0.08665085005109197,0.0,-0.9056485302874052,0.7990887127322479,272221385.2472659,272.22138524726586,0.78260753548938,0.6100348667591704
SPI6,B,61,0.0,0.0,-0.00957578970366274,0.7000007933426196,1001377737.6374208,1001.3777376374208,0.8549204824420963,0.6100348667591704
SPI6,B,63,-1.2100694877552765e-05,81.54359752371069,0.0,0.7000000455247426,4728325346.244817,4728.3253462448165,0.8639662717472516,0.6018696410146939
SPI6,B,64,0.0,1009.2278332385526,0.0,0.700011622880376,7751656546.84997,7751.65654684997,0.9154747927562527,0.4851104707012488
SPI6,B,65,-0.45749874423665426,0.0,-0.8625718608644259,0.7488793916410419,360808342.43627656,360.8083424362766,0.791920162237165,0.6100348667591704
SPI6,B,66,-0.00011103997108705675,0.0,-0.6497342045858165,0.7005953740759324,560328466.9832823,560.3284669832823,0.8123332265983563,0.6100348667591704
SPI6,B,67,0.0,1042.5740212475048,0.0,0.7,7803778654.834864,7803.778654834864,0.9163998292240365,0.47955135731312487
SPI6,B,68,-0.0006163472120499239,169.1281257770294,0.0,0.700160620564043,5427552996.554785,5427.552996554785,0.8720247625146761,0.5932241078734835
SPI6,B,70,0.0,118.02732028415721,0.0,0.7000071268454243,5067849385.57067,5067.84938557067,0.86733731810581,0.5982228626320846
SPI6,B,75,0.0,370.83316846757475,-2.543635820440945e-07,0.7000000520822083,6329480996.235594,6329.480996235594,0.8879282740954211,0.5710943892980397
SPI6,B,77,-0.0005821427385620348,353.2166260868013,-2.9323482233152977e-05,0.7001201209414575,6268129982.547685,6268.129982547684,0.8866296652079553,0.5733980858860782
SPI6,B,78,-5.022405456666756e-06,820.8624162591257,0.0,0.7001102126060365,7429639685.147987,7429.639685147988,0.9096399473440778,0.5143024869249653
SPI6,B,79,0.0,152.79637911428915,0.0,0.7000121182502486,5323206617.612644,5323.206617612645,0.8705215782545274,0.5949318675063153
SPI6,B,82,-2.0969462458588195e-07,1264.3868738636609,0.0,0.7000000448081858,8121010663.609913,8121.010663609913,0.9214786352154266,0.4407176148290461
SPI6,B,83,-1.0076204017927697,0.0,-0.35474241462471506,0.727991079128588,686525722.5436345,686.5257225436345,0.8252659479844878,0.6100348667591704
SPI6,B,84,-3.4241963767280703e-07,1751.7643975735673,0.0,0.7000015068048229,8691186006.51727,8691.18600651727,0.9283630412352794,0.3588429928487565
SPI6,B,85,0.0,1696.8189505307655,0.0,0.7002140289390191,8632888465.192999,8632.888465192998,0.9278204717685985,0.36680364322055004
SPI6,B,86,-0.0004916937348561139,1197.3028742670633,0.0,0.7000097366794092,8029908350.284387,8029.908350284387,0.920037713025225,0.45316113423702287
SPI6,B,88,-0.00044222445257530857,0.0,-0.8872693808816556,0.7000026308579455,416785652.4832321,416.78565248323207,0.7980129505105489,0.6100348667591704
SPI6,B,90,-0.30856877160340357,0.0,-0.9053788354520576,0.7454490884612475,344918974.2452311,344.9189742452311,0.7905237129540684,0.6100348667591704
SPI6,B,91,0.0,1077.6921026109042,0.0,0.700000352942138,7857331283.9543705,7857.3312839543705,0.9172626036218735,0.4736186715053189
SPI6,B,92,-1.804921358296554e-08,588.8234451899045,0.0,0.7000073618304709,6944472866.236296,6944.472866236296,0.8998736969438217,0.5453001031771445
SPI6,B,93,-0.0005595258986114282,933.0431615492819,0.0,0.7002986385644714,7626632026.114973,7626.632026114973,0.9134201444480021,0.4975450955278045
SPI6,B,94,0.0,137.91738975630585,0.0,0.7002136898999783,5219298673.906345,5219.298673906345,0.8693208097626927,0.59631052762657
SPI6,B,95,-1.0025805033918322,0.0,-1.0329912615075414,0.7966949159691077,229391989.22419187,229.39198922419186,0.7778133561034619,0.6100348667591704
SPI6,B,97,0.0,1801.8829125797924,0.0,0.7000739201225034,8742414777.738937,8742.414777738937,0.9288878215391182,0.3524033158999537
SPI6,B,98,-6.317722382523296e-05,1344.7448191894207,0.0,0.7000000297498998,8225438634.158931,8225.43863415893,0.9228661899171023,0.4263795495783968
SPI6,B,100,-6.34081872657867e-09,510.9442178920919,0.0,0.7,6748610930.722606,6748.610930722606,0.8960401323513716,0.5551908777172946
SPI6,B,102,0.0,689.6016610251056,-0.0028490633562862763,0.7002585149347698,7168076538.108273,7168.076538108273,0.9042409364215318,0.5326786921407478
SPI6,B,103,-1.5044618149569555e-10,188.07727891431125,0.0,0.7000167008024275,5540348061.673324,5540.348061673324,0.8735012630305619,0.5912228270537588
SPI6,B,104,-1.9596904193465903e-05,711.4133636817734,-3.00616110044741e-05,0.7001216947065155,7215724949.919505,7215.724949919505,0.9054061265876826,0.5297167965275554
SPI6,B,105,-0.0007569315801872637,206.32043821599476,0.0,0.7000003303917844,5640647272.920494,5640.647272920494,0.8749066068950797,0.5893816486996122
SPI6,B,108,0.0,662.2580003736202,-0.0011113895287178685,0.700009822417391,7111132107.4339285,7111.1321074339285,0.9031557974881702,0.5362365247091471
SPI6,B,109,-6.317722382523296e-05,7.367520566857593,0.0,0.7000000297498998,3117001267.1241603,3117.00126712416,0.8563969829579821,0.6091898815241755
SPI6,B,110,-1.3639971634904502,0.0,-0.7499707991041917,0.701004231089832,495457734.1221069,495.4577341221069,0.8061870708364465,0.6100348667591704
SPI6,B,111,-3.475645490799948,0.0,-0.02616645498704606,0.742379674124403,850049445.7409984,850.0494457409984,0.8399509019105561,0.6100348667591704
SPI6,B,112,-0.027832874023705156,0.0,-0.47837240788521773,0.7085781374068353,657034780.3838559,657.034780383856,0.8227132031166614,0.6100348667591704
SPI6,B,113,0.0,1425.7627911683198,0.0,0.700000063459121,8325952964.016863,8325.952964016862,0.9241559042231472,0.4120148005834845
SPI6,B,114,-8.00839992671407e-09,483.6522050964351,0.0,0.7000147750646527,6674480594.093798,6674.480594093798,0.8946169993240117,0.558748710285694
SPI6,B,117,-0.03405903097646795,0.0,-0.06494452999186881,0.9954690149974704,14685645.650249053,14.685645650249052,0.7568844060198529,0.6100348667591704
SPI6,B,119,-0.00026069484712053573,1123.875734355805,0.0,0.7001789878920925,7924957041.627406,7924.957041627406,0.9184544775322872,0.46594264773899746
SPI6,B,120,0.0,1344.4835106925545,-8.29893708985414e-06,0.7000048143612262,8225049957.31842,8225.04995731842,0.9228661899171023,0.4263706549969758
SPI6,B,121,-1.666804341887745,0.0,-1.74560422118418,0.7889551463537567,61811979.18721613,61.81197918721613,0.7614384317074039,0.6100348667591704
SPI6,B,122,0.0,82.35679377342389,-1.6714294084357645e-05,0.7,4737013413.410035,4737.013413410035,0.8639840609100935,0.6017273277119578
SPI6,B,123,-1.5758348189599236,0.0,-0.9539927436907661,0.7406059087092929,327687308.18162584,327.68730818162584,0.7884512754829757,0.6100348667591704
SPI6,B,124,-0.009819719123546487,37.308158155075375,-0.0007888207826970949,0.7000328166602522,4100441389.002541,4100.441389002541,0.8594656135482263,0.6064147721208241
SPI6,B,125,-0.0005755002774961192,2028.0893885232394,-8.106087508972486e-05,0.7000048937590196,8961605194.952684,8961.605194952685,0.9311381506386307,0.32660013519763753
SPI6,B,126,-1.677195153973048,0.0,-0.7479984598730338,0.7010917342781274,496607391.70822114,496.60739170822114,0.8062315437435515,0.6100348667591704
SPI6,B,128,-7.259799782397331e-11,1517.1326612567038,-1.0359482852234745e-05,0.7000135520385293,8434254825.173792,8434.254825173792,0.925632404739033,0.3960045540256875
SPI6,B,131,-1.464689847347462,0.0,-0.08224773834207816,0.7042427546106445,938025182.2358687,938.0251822358687,0.8488187995872913,0.6100348667591704
SPI6,B,132,-0.030511493221359348,0.0,-0.6816370244642991,0.7514944703205243,447620963.4229526,447.62096342295257,0.8006724303554273,0.6100348667591704
SPI6,B,133,-0.7239766452217755,0.0,-0.06911844758913727,0.739831692253569,832961118.5238187,832.9611185238188,0.8383054043476714,0.6100348667591704
SPI6,B,135,0.0,537.9938172439249,-0.0002907587657537407,0.700011267567455,6818758965.036165,6818.758965036165,0.8972675845874695,0.5520421958942612
SPI6,B,136,0.0,1299.9088127506757,0.0,0.7,8167687430.509159,8167.687430509159,0.9221012559148966,0.4340644679261394
SPI6,B,137,-0.03735373718699776,0.0,-0.00303732497419177,0.7469466839606191,849108917.7312201,849.1089177312201,0.8398263777706623,0.6100348667591704
SPI6,B,139,0.0,0.0,-0.5977662642772309,0.7029409745869456,588219732.8884284,588.2197328884284,0.8153573842814957,0.6100348667591704
SPI6,B,140,0.0,660.7055278948192,-5.494784982193978e-07,0.7000000001670691,7108492817.859898,7108.4928178598975,0.9031380083253283,0.536414416337567
SPI6,B,142,-1.563120648604532e-07,905.2574699983229,-4.52421297168136e-11,0.7000223494785395,7580316314.353783,7580.316314353782,0.9124595296545343,0.5016721813071476
SPI6,B,143,0.0,681.6671162890633,-0.00034531046554062443,0.7000043962194913,7153390366.646263,7153.390366646263,0.9040363610488489,0.5338171985626357
SPI6,B,145,0.0,937.7431504725926,0.0,0.7009866750509327,7632165865.020457,7632.165865020457,0.913535774006475,0.4967801615255987
SPI6,B,147,-8.851069551861874e-09,1231.994261856048,-8.656906436654149e-05,0.7000220572294735,8077323745.80451,8077.3237458045105,0.9208738036787987,0.4470416622193759
SPI6,B,148,0.0,185.94326359655253,-0.0008476229767216993,0.7000000128186273,5527631864.943842,5527.631864943842,0.8732966876578788,0.5914807699149678
SPI6,B,149,-1.6207650556880253,0.0,-0.9011849399475582,0.7196248610608368,382233380.94814926,382.23338094814926,0.7945351691749385,0.6100348667591704
SPI6,B,150,-7.283093643142315e-05,0.0,-0.4319716687718295,0.7001276866068756,706108066.5457983,706.1080665457984,0.8278631657594195,0.6100348667591704
SPI6,B,152,0.0,589.4720205509776,-2.4219916787176753e-06,0.7000001281251703,6946058040.781071,6946.05804078107,0.8999092752695056,0.5452200519443555
SPI6,B,155,0.0,821.0443559041503,-2.652523246964875e-06,0.7,7430349452.526381,7430.34945252638,0.9096577365069197,0.5142669085992813
SPI6,B,157,0.0,206.6919909118215,-1.6085886029209122e-10,0.7000100759770094,5642585374.477234,5642.585374477234,0.8749332906393427,0.5893015974668232
SPI6,B,158,-0.05498746983390851,0.0,-0.00017248192614750888,0.7068424226995897,985171400.414408,985.1714004144079,0.8533283523677374,0.6100348667591704
SPI6,B,159,-1.5560468432744634,0.0,-0.9156021272572722,0.7405910909375766,346079139.0421037,346.0791390421037,0.7906482370939624,0.6100348667591704
SPI6,B,160,-1.512756097537102,0.0,-0.3862914343138699,0.7001276866068756,736764626.3539099,736.7646263539099,0.8304603835343508,0.6100348667591704
SPI6,B,161,-0.5206292338900598,0.0,-0.7812020603515231,0.7503051135632708,397929519.62974906,397.92951962974905,0.7956825701782473,0.6100348667591704
SPI6,B,162,-0.00033364957789593715,1976.0899203265872,-0.0020882516064805712,0.7000216087697959,8911807605.057732,8911.807605057731,0.9306400540790549,0.3319013057245527
SPI6,B,165,0.0,333.12128707738077,-0.00032982329513667153,0.7002795228857118,6194969099.179391,6194.9690991793905,0.8852776888319637,0.5755505745899598
SPI6,B,167,-0.6449909474242382,0.0,-1.276413869085654,0.7000000132664467,224984816.7612128,224.98481676121278,0.7771462624968868,0.6100348667591704
SPI6,B,169,-0.0010461742902679616,640.5222999045883,-3.5958159669688075e-07,0.7000120984300945,7063829001.572532,7063.8290015725315,0.9022663393460704,0.5392162094851817
SPI6,B,170,-2.57995196983301e-05,766.1518759099378,0.0,0.7000203921935796,7325973768.246957,7325.973768246957,0.9075586152915641,0.5221297185754439
SPI6,B,173,-7.259799782397331e-11,1077.8631465245307,-2.926792285249226e-07,0.7001023539308291,7857239549.788011,7857.239549788011,0.9172626036218735,0.47360977692389783
SPI6,B,174,-1.7196292539367104,0.0,-1.2296744832953035,0.7903248722373515,171634186.64562103,171.63418664562104,0.771542676201658,0.6100348667591704
SPI6,B,175,-1.7338178025031778e-05,52.0679393626675,-8.819733682029431e-08,0.700113604174424,4353994743.780748,4353.994743780749,0.8610132707154804,0.6049115878606751
SPI6,B,178,-1.5560468432744634,0.0,-1.9907372803405714,0.7405910909375766,41682097.56764274,41.68209756764274,0.7594549400505214,0.6100348667591704
SPI6,B,179,-1.5758348189599236,0.0,-1.6464347461346618,0.7406059087092929,93350313.13923416,93.35031313923416,0.7644536948091222,0.6100348667591704
SPI6,B,180,-0.00032625493729911527,1476.2212643600844,-0.0020882516064805712,0.7000221085927476,8385205274.457811,8385.20527445781,0.924929732806774,0.4031913758138542
SPI6,B,184,0.0,432.8384715721803,-0.0028066415448954113,0.7000016423061731,6525926090.104374,6525.9260901043735,0.8916551037108192,0.564334507418081
SPI6,B,185,0.0,739.3130752914026,-0.00032524514078709026,0.7000002873346185,7272635000.183324,7272.635000183323,0.9064467926139395,0.5262034368662611
SPI6,B,186,-3.603796334172892e-07,612.2394484048613,-0.000924827344110357,0.7000149663403121,6998913705.044899,6998.913705044899,0.9010388871099724,0.5426584124951079
SPI6,B,187,0.0,226.71634431090538,0.0,0.7003766193388287,5743753626.507879,5743.753626507879,0.8765876827836481,0.5874070516241505
SPI6,B,189,-0.0004391971330461421,136.15622617233765,-0.000334527873370084,0.7000383414082281,5206782923.211503,5206.782923211503,0.8691873910413777,0.5965862596506208
SPI6,B,190,-0.00743807769901586,0.0,-0.04647403064118029,0.7018817104413162,971002469.0183599,971.0024690183599,0.8518251681075889,0.6100348667591704
SPI6,B,191,-6.203200091459855e-09,99.37014797868812,-5.072444079963023e-06,0.7000210143025443,4906104690.4374275,4906.104690437428,0.8657362934500301,0.6000106734977052
SPI6,B,194,-0.22963704975620358,0.0,-0.6445224035169281,0.7031370441843997,558183743.5345173,558.1837435345172,0.8122976482726725,0.6100348667591704
SPI6,B,195,-1.2516229434990378,0.0,-1.531287040917968,0.7011854603726361,138713109.19165495,138.71310919165495,0.7686964101469385,0.6100348667591704
SPI6,B,197,0.0,711.8684179632269,0.0,0.7,7217148831.114221,7217.14883111422,0.9054417049133666,0.5296812182018714
SPI6,B,198,-7.259799782397331e-11,1051.885165643831,-2.953018479477839e-07,0.7001023539308291,7817792172.024772,7817.792172024771,0.9166044045967193,0.4779147543316612
SPI6,B,199,-0.0030003469401558964,320.87402745148825,-3.939652298514451e-09,0.7003077365929807,6149397277.121813,6149.397277121813,0.8842014444800228,0.5770181805244244
SPI6,B,200,-1.2778846421140065e-06,20.166221203731993,-0.0009025078019915629,0.7000153590253545,3682307295.9746714,3682.3072959746714,0.8575177002170278,0.6080157967766037
SPI6,B,201,-2.750506761094709e-08,562.4611015665951,-1.1965548915800981e-05,0.7000313800213248,6880372598.758803,6880.372598758803,0.8985128259864091,0.5487423061870709
SPI6,B,202,-5.635033159542968e-09,801.9446758917993,-0.004443792332841839,0.7000223810585193,7391751120.339527,7391.751120339527,0.908919486248977,0.5168908101184757
SPI6,B,203,0.0,6.75790592512644,-8.089807485448e-08,0.7000006146850086,3074436773.494485,3074.436773494485,0.8563169317251932,0.6092432490127017
SPI6,B,204,-0.1621012648715593,0.0,-0.6088884481417463,0.7071165860832137,571989721.1409762,571.9897211409761,0.813711886718611,0.6100348667591704
SPI6,B,205,-1.6101431231067678,0.0,-1.6136556955509447,0.7031370441843997,115514327.19200791,115.51432719200791,0.7666328672572668,0.6100348667591704
SPI6,B,207,-1.2922066676172924e-06,352.2818540389796,-0.0008968599241216197,0.7000006062341658,6264731290.582935,6264.731290582935,0.8865318248123243,0.5734692425374462
SPI6,B,211,-0.6700100179726061,0.0,-0.46178011530401186,0.7207156760229405,640473600.8344442,640.4736008344441,0.8210588109723559,0.6100348667591704
SPI6,B,213,-3.6085387126125743e-07,1196.1581042882362,-2.5609238078953816e-06,0.7000112329365702,8028330653.966448,8028.330653966448,0.9200021346995408,0.4532322908883909
SPI6,B,214,-1.512756097537102,0.0,-0.35505778752524175,0.7001305517891023,756579306.5547918,756.5793065547919,0.8324527697726545,0.6100348667591704
SPI6,B,215,0.0,1158.6409923329563,-3.3106746964639378e-06,0.70000875648289,7975558096.613378,7975.5580966133775,0.9192105169530721,0.45992101611698155
SPI6,B,217,-7.073369063098305e-10,1749.4099917814895,-0.0013862412381661772,0.7000355645217693,8687808605.186766,8687.808605186765,0.9283274629095953,0.3592521435941225
SPI6,B,218,-0.00012445897475198532,0.0,-0.678150450876787,0.7147960022926131,515313723.64770246,515.3137236477024,0.8077525171665422,0.6100348667591704
SPI6,B,219,0.0,387.4550925627618,-1.9913939379510008e-07,0.7000037136369874,6384931752.375547,6384.931752375547,0.8890845696801508,0.569253210943893
SPI6,B,221,0.0,2080.827548605251,-0.0013184586184437808,0.7000684996399278,9009187466.949589,9009.187466949588,0.9315384068025758,0.32121891343793363
SPI6,B,222,-2.5053007208385207e-06,1915.279956691128,-0.004384699651332181,0.700000424900579,8852205547.260536,8852.205547260537,0.9300885900309531,0.3383765609990394
SPI6,B,225,-0.0003363573868903416,1709.889761913144,-0.0009459155839864706,0.7000216087697959,8646862219.307308,8646.862219307308,0.9279272067456504,0.36495357028498243
SPI6,B,226,0.0,989.3234754511082,-3.924928611087489e-05,0.7000046131808384,7719910781.307644,7719.910781307643,0.9150033799409399,0.4882769416871242
SPI6,B,227,-3.5509042278775137e-07,242.84175187638834,-0.0019374326312107206,0.7000281291269814,5821363094.079419,5821.363094079419,0.877806240438325,0.5856103461771089
SPI6,B,229,0.0,820.3444129303906,0.0,0.7,7429053588.692428,7429.053588692427,0.9096310527626569,0.5143825381577544
SPI6,B,230,-3.8279908736767227,0.0,-0.30571604713464984,0.7007155719587281,788148601.3035551,788.1486013035551,0.834969936314797,0.6100348667591704
SPI6,B,233,0.0,1429.634385539613,0.0,0.7,8330722073.815057,8330.722073815057,0.9241825879674102,0.41136549613975176
SPI6,B,234,0.0,960.8319603565908,0.0,0.7,7673780373.505901,7673.7803735059015,0.9142918134272598,0.4930266481659374
SPI6,B,235,-0.9993243370565335,0.0,-1.4077985347703075,0.7167074163900641,167118745.3801343,167.11874538013433,0.7710801579677659,0.6100348667591704
SPI6,B,236,0.0,467.8144357477881,0.0,0.7,6630065546.152728,6630.0655461527285,0.8937364357633327,0.5606610452912085
SPI6,B,237,0.0,313.8453707878266,0.0,0.7,6123587861.837873,6123.587861837874,0.8837922937346571,0.5778186928523144
SPI6,B,238,0.0,536.6134001231397,0.0,0.7,6815545564.054639,6815.545564054639,0.8972053225175224,0.5521667200341551
SPI6,B,239,-1.4021565984210338,0.0,-1.0466493332435916,0.7875890510251017,234911062.49740455,234.91106249740454,0.7782491905930906,0.6100348667591704
SPI6,B,240,-0.4744262569904756,0.0,-0.5317670708047222,0.7275793347540586,580130262.87676,580.13026287676,0.8145657665350269,0.6100348667591704
SPI6,B,241,-1.4416040647034576,0.0,-1.725082398179389,0.7997589453692485,61763382.284883395,61.76338228488339,0.7613583804746149,0.6100348667591704
SPI6,B,244,0.0,1800.6416934874114,0.0,0.7,8741404585.369524,8741.404585369524,0.9288789269576972,0.35250115629558476
SPI6,B,245,0.0,1195.1338538595369,0.0,0.7,8026950336.677849,8026.950336677849,0.9199843455366989,0.4534190770982318
SPI6,B,246,0.0,84.19901480656569,0.0,0.7,4756594286.5785,4756.5942865785,0.8641441633756716,0.6015316469206958
SPI6,B,247,0.0,1918.4572821283234,0.0,0.7,8857942642.425272,8857.942642425272,0.9302220087522679,0.33803856690504147
SPI6,B,249,0.0,563.0034406314044,-8.480165991782721e-05,0.7,6881789222.218098,6881.789222218098,0.8985217205678302,0.5486266766285978
SPI6,B,250,-0.5470617331843257,0.0,-1.64877174410088,0.7362248041998426,94609458.0006706,94.6094580006706,0.7646493756003844,0.6100348667591704
SPI6,B,251,0.0,639.9670796495411,0.0,0.7,7062640966.351315,7062.640966351314,0.9022841285089123,0.5391717365780766
SPI6,B,252,-1.0914342460641797,0.0,-0.5901931023272871,0.7337356358780633,531618513.1629563,531.6185131629563,0.8093357526594797,0.6100348667591704
SPI6,B,253,-0.0025194547432427616,0.0,-0.07424269282657253,0.7065260874036909,936904585.8090777,936.9045858090777,0.8487743266801865,0.6100348667591704
SPI6,B,254,-0.021829871991185912,20.457582083686702,0.0,0.7,3691997901.1465816,3691.9979011465816,0.8575888568683957,0.6080246913580247
SPI6,B,255,0.0,1968.6904031232648,0.0,0.7,8906087279.610823,8906.087279610823,0.93059558117195,0.3324794535169175
SPI6,B,256,0.0,713.2542878938448,0.0,0.7,7220006640.594139,7220.006640594139,0.9054772832390506,0.5295300103177145
SPI6,B,257,-1.7293402351611769,0.0,-0.6561732158325886,0.7336647524799877,494660081.89746976,494.66008189746975,0.8054755043227665,0.6100348667591704
SPI6,B,258,0.0,208.0379555938675,0.0,0.7001242804247191,5649318675.451506,5649.318675451505,0.8750044472907107,0.5891770733269291
SPI6,B,259,0.0,350.88271060005513,0.0,0.7,6260358135.778434,6260.358135778434,0.8864873519052193,0.5736382395844452
SPI6,B,260,0.0,429.0394959122365,0.0,0.7,6516126519.891542,6516.126519891543,0.8914594229195573,0.5647347635820259
SPI6,B,263,-0.0002537022973297333,1044.3052351236956,-0.00026020553523197284,0.7,7806180427.237924,7806.180427237924,0.9164620912939836,0.47933788735902094
SPI6,B,264,0.0,239.57734738172394,0.0,0.7,5807201060.959221,5807.201060959221,0.8776906108798521,0.5859661294339489
SPI6,B,265,-1.2362669216463182,0.0,-0.37082464353004774,0.7032052474212607,738779938.7784816,738.7799387784816,0.8307183263955601,0.6100348667591704
SPI6,B,267,-4.6072034510389475e-05,1263.337975695833,0.0,0.7,8119615900.25556,8119.61590025556,0.9214608460525846,0.44093108478315013
SPI6,B,268,-1.0379169178077405,0.0,-0.569870455255489,0.7,614072053.1819693,614.0720531819693,0.8181769665919523,0.6100348667591704
SPI6,B,269,0.0,849.1041748548115,0.0,0.7,7481569689.103241,7481.569689103241,0.9107873483473866,0.5100064040986232
SPI6,B,270,0.0,1230.502694325712,0.0,0.7000024756129417,8075436943.453633,8075.436943453633,0.9208471199345358,0.44728181591774285
SPI6,B,271,-0.0005184225718663825,67.72161555364855,0.0,0.7,4568669580.991599,4568.669580991599,0.8626854520226277,0.6031237769950546
SPI6,B,272,0.0,7.1680229579451975,0.0,0.7000016992838771,3103373298.354008,3103.373298354008,0.856370299213719,0.6092165652684386
SPI6,B,273,0.0,934.4867296267078,0.0,0.7001222792596793,7629638817.079626,7629.638817079626,0.9135090902622122,0.4973138364108586
SPI6,B,274,-3.8032084748506954,0.0,-0.7365892962556541,0.7179705058177708,475046541.8142911,475.0465418142911,0.8037321663642508,0.6100348667591704
SPI6,B,276,0.0,100.31042470307128,0.0,0.7002505191865062,4914015178.0868025,4914.015178086803,0.8657451880314512,0.5999217276834953
SPI6,B,277,-0.4796847825453877,75.55996708239059,0.0,0.7000006818408387,4661812393.751012,4661.812393751012,0.8607820115985342,0.6051072686519371
SPI6,B,278,-0.056967254227839215,0.0,-0.0663491663885058,0.7409228064409503,831323355.3106049,831.3233553106049,0.8381897747891984,0.6100348667591704
SPI6,B,280,0.0,407.659091340152,0.0,0.7,6449949947.064787,6449.949947064787,0.8901963923577755,0.5669850926815384
SPI6,B,281,0.0,1378.143701465932,0.0,0.7000022128987027,8267452175.697845,8267.452175697845,0.9234621268723093,0.42061586081759
SPI6,B,282,0.0,2077.8620125914485,0.0,0.7000027551579491,9007481331.316057,9007.481331316058,0.9315117230583128,0.3214145942291956
SPI6,B,285,-0.14391144358028174,0.0,-0.7591991996444833,0.7409224962479843,424847021.18350446,424.84702118350447,0.7984221012559151,0.6100348667591704
SPI6,B,286,-0.00034646585178721434,1612.2693946912113,0.0,0.7002984363615306,8540963509.901111,8540.96350990111,0.9268153840680257,0.3803323015618886
SPI6,B,287,0.0,187.31165998229787,0.0,0.7,5536041714.811642,5536.041714811642,0.8734656847048777,0.5913384566122318
SPI6,B,288,0.0,386.53327141520765,-4.668450401792729e-06,0.7000027681059722,6381903053.710796,6381.9030537107965,0.8890223076102038,0.569359945920945
SPI6,B,289,0.0,0.0,-1.4611344277347824,0.7314506720531563,143073094.67911455,143.07309467911455,0.7689810367524105,0.6100348667591704
SPI6,B,290,0.0,449.592254683746,0.0,0.7000001611514682,6577438638.760522,6577.438638760522,0.892669085992813,0.5625911694595652
SPI6,B,292,-1.5828602090842603,0.0,-0.3799836177576982,0.7162601566141938,701580878.2022573,701.5808782022573,0.8267958159888996,0.6100348667591704
SPI6,B,293,-0.5089093213431102,0.0,-0.5317670708047222,0.7013454290470934,635983427.9521372,635.9834279521373,0.8204006119472017,0.6100348667591704
SPI6,B,294,0.0,767.3687472113506,0.0,0.7,7328418613.83851,7328.418613838509,0.9076119827800901,0.5219162486213399
SPI6,B,295,-0.1786635635728655,0.0,-0.034784552956928616,0.7,985011520.9060565,985.0115209060565,0.8530704095065287,0.6100348667591704
SPI6,B,296,-0.00011445143469370964,138.9570874173825,-1.8286632010204427e-06,0.7000016097335047,5227496020.919328,5227.496020919328,0.8694809122282706,0.5962749493008859
SPI6,B,298,0.0,1302.1442935770554,0.0,0.7000042097537345,8170582399.704554,8170.582399704554,0.9221546234034226,0.4337353684135624
SPI6,B,300,-0.3092368998671336,0.0,-0.24103130282204133,0.709798570159967,810982542.178334,810.982542178334,0.8371135304372578,0.6100348667591704
SPI6,B,301,-2.668363583738116,0.0,-1.1831587181440393,0.7024797676036356,263208101.46930653,263.20810146930654,0.781397872416124,0.6100348667591704
SPI6,B,302,0.0,683.749518195529,0.0,0.7001245061034098,7157807950.556972,7157.807950556971,0.9041342014444799,0.5335592557014267
SPI6,B,303,0.0,1854.0437721271974,-0.0001924352330568102,0.7000025488252729,8794829643.535654,8794.829643535653,0.9295638097271142,0.34551001529868003
SPI6,B,304,-1.3635985195407994,0.0,-0.7513801759046091,0.7947955614251012,339553206.38459885,339.55320638459887,0.7894029956950226,0.6100348667591704
SPI6,B,305,0.0,372.2595255177349,0.0,0.7001287009082924,6333884110.837406,6333.884110837406,0.8880083253282102,0.5709520759953036
SPI6,B,306,0.0,511.372584163079,0.0,0.7,6749749126.407092,6749.749126407092,0.8960846052584766,0.5551464048101896
SPI6,B,307,0.0,36.24013323922509,-1.930135196328193e-06,0.7000025554769713,4079940137.937107,4079.940137937107,0.8594211406411214,0.606503717935034
SPI6,B,308,0.0,2026.0493918511152,-1.9875548020149505e-06,0.7000017007279842,8959792443.285452,8959.792443285452,0.9311203614757888,0.3263866652435336
SPI6,B,309,-1.0017537205976417,0.0,-0.009813058430339971,0.700000026670919,1001167119.1858467,1001.1671191858467,0.8548671149535703,0.6100348667591704
SPI6,B,311,0.0,739.4876408368109,0.0,0.7,7273283993.855546,7273.283993855546,0.9064556871953605,0.5261767531219982
SPI6,B,312,0.0,1156.2052724244334,0.0,0.7,7972120134.662188,7972.120134662187,0.9191660440459671,0.4603835343508735
SPI6,B,313,0.0,1563.1669100836668,0.0,0.7000000011225518,8487032551.294795,8487.032551294795,0.9261660796242929,0.388488632724944
SPI6,B,315,-0.027528896526830965,0.0,-0.04081065430158932,0.7291749545417413,885636068.9898878,885.6360689898878,0.8435176290603763,0.6100348667591704
SPI6,B,318,-4.0,0.0,-0.7821687678707726,0.7517801143463457,395006207.0438558,395.0062070438558,0.7952645248514605,0.6100348667591704
SPI6,B,320,-0.009793395191845855,0.0,-0.5071806924593099,0.7000000076690256,656083400.3251587,656.0834003251587,0.8226064681396094,0.6100348667591704
SPI6,B,321,0.0,996.7318929726871,0.0,0.7000001360002384,7731867383.268175,7731.867383268175,0.9151723769879387,0.48726295940513037
SPI6,B,322,0.0,278.14248970124515,0.0,0.7,5979566042.943434,5979.566042943434,0.8810527626569893,0.5818390436546056
SPI6,B,323,0.0,799.7329008764897,0.0,0.700074774441883,7390233572.198668,7390.233572198667,0.9089194862489769,0.5172821717009997
SPI6,B,324,0.0,1650.9799451190224,0.0,0.7000472926384655,8584261036.058358,8584.261036058359,0.9273757426975485,0.37369694382182367
SPI6,B,325,-0.15801294441433744,0.0,-0.05419073511857035,0.7013294841184122,967659273.5384886,967.6592735384886,0.8516116981534849,0.6100348667591704
SPI6,B,327,-0.001187387114944538,170.14503689194748,0.0,0.7000023554918143,5434347406.3555155,5434.347406355516,0.8720781300032021,0.5931974241292207
SPI6,B,328,-2.560052042129551e-06,1471.7864762773922,0.0,0.7000000578570683,8381280488.380871,8381.280488380871,0.924885259899669,0.4040363610488491
SPI6,B,329,0.0,121.7563594171576,-5.123670577653184e-08,0.7000025042613505,5097803992.154931,5097.803992154931,0.8677197851069129,0.5978848685380866
SPI6,B,330,-0.5327626994050937,184.30353790449902,0.0,0.7,5518275534.768124,5518.275534768123,0.86698153484897,0.5984363325861886
SPI6,B,331,-2.890547067480008,0.0,-1.1831587181440393,0.768320164437791,204990629.06410542,204.99062906410543,0.7751360870957413,0.6100348667591704
SPI6,B,332,0.0,659.8530762660484,0.0,0.7000005728986993,7106617601.483611,7106.617601483611,0.9030757462553812,0.5365211513146191
SPI6,B,334,0.0,297.0029673674943,0.0,0.7,6057298841.510834,6057.298841510834,0.8824670011029282,0.579766606183513
SPI6,B,335,-1.2890084411388246e-05,611.6819756724144,-0.0010682210294814531,0.7000015869301588,6997548435.354335,6997.548435354335,0.9010122033657095,0.542747358309318
SPI6,B,336,-0.0003070450738142484,153.48134563895104,0.0,0.700122717756083,5327400823.204859,5327.400823204859,0.8705393674173693,0.5948518162735262
SPI6,B,337,-1.0763932009647195,0.0,-0.9723298628240097,0.7343532057309793,326143842.1510591,326.1438421510591,0.7882733838545559,0.6100348667591704
SPI6,B,340,-3.7745281579040313,0.0,-1.5870625138909467,0.7023207662939721,122683817.35236381,122.6838173523638,0.7672110150496317,0.6100348667591704
SPI6,B,342,-0.00028729094986182894,1516.3589358335425,0.0,0.7,8433449332.163121,8433.449332163122,0.9256057209947699,0.39620023481694955
SPI6,B,343,-1.4514475729707076e-05,902.6033037055477,-1.4010172390835181e-05,0.7000026344315056,7575747674.791808,7575.747674791808,0.9124061621660082,0.5021258049596186
SPI6,B,344,-0.5470617331843257,0.0,-0.7463442881199444,0.7362248041998426,438984216.03631926,438.98421603631925,0.8000231259116947,0.6100348667591704
SPI6,B,345,-0.473772105832938,0.0,-0.727979252041344,0.7505086133045455,425347732.83058465,425.3477328305846,0.7985377308143877,0.6100348667591704
SPI6,B,346,-3.1135440548615376,0.0,-1.4031919296289859,0.7315757880830709,159796886.74843982,159.79688674843982,0.7705020101754013,0.6100348667591704
SPI6,B,347,-0.2289013678871498,0.0,-0.43415687534696695,0.7054676735572171,692353613.0267419,692.3536130267419,0.8264400327320597,0.6100348667591704
SPI6,B,348,-7.40628718893582e-05,850.0811614707987,0.0,0.7000193766588548,7483283724.059166,7483.283724059166,0.9107962429288077,0.5099174582844133
SPI6,B,349,-3.4283837286644436,0.0,-0.6867596337884737,0.7001178535826863,536125240.8106177,536.1252408106177,0.8102341053830008,0.6100348667591704
SPI6,B,353,0.0,258.4310366787154,0.0,0.7,5893925745.031573,5893.925745031574,0.8793805813498417,0.5839114811256982
SPI6,B,354,-0.40656606997584055,0.0,-0.07811748733172645,0.7049678104445263,938875304.8298943,938.8753048298943,0.8489433237271853,0.6100348667591704
SPI6,B,355,0.0,169.25416076697638,0.0,0.7,5428883413.98014,5428.88341398014,0.8720425516775181,0.5931707403849574
SPI6,B,356,-0.3241504613531338,65.24553927697497,-0.0009694830832258712,0.7000432508261816,4536654203.849455,4536.6542038494545,0.8606130145515352,0.6051962144661474
SPI6,B,357,-2.3370293802827513,0.0,-1.0514527791515753,0.7891384744627199,231460630.41203535,231.46063041203536,0.7779111964990929,0.6100348667591704
SPI6,B,358,-1.5923465534070567,0.0,-0.007919112458264044,0.7598487688542546,802672942.0088471,802.6729420088471,0.8354858220372151,0.6100348667591704
SPI6,B,360,0.0,1076.8695607872248,0.0,0.7000008714619731,7856092015.420327,7856.092015420327,0.9172537090404523,0.47374319564521294
SPI6,B,361,0.0,371.15382006669415,0.0,0.700000024108103,6330568698.145851,6330.568698145851,0.8879460632582631,0.5710410218095137
SPI6,B,364,0.0,405.580941769977,0.0,0.7000050296048383,6443354728.377742,6443.354728377742,0.8901163411249867,0.5672074572170634
SPI6,B,365,0.0,591.1442690864469,-3.559149541523534e-08,0.7000049081695565,6950027617.789373,6950.027617789374,0.8999982210837155,0.5450154765716726
SPI6,B,366,-0.00039216216000228826,1301.3772082504468,-0.00031461374755814347,0.7000976759118095,8168997507.632682,8168.997507632682,0.9221190450777386,0.4338776817162984
SPI6,B,368,-1.5923465534070567,0.0,-0.09143417421062094,0.7121102026743802,907073963.245728,907.073963245728,0.846159319742413,0.6100348667591704
SPI6,B,370,-0.0010696626833667853,1514.906670188734,0.0,0.7000000007161337,8431681002.301843,8431.681002301842,0.9255345643434019,0.3965827018180525
SPI6,B,372,0.0,720.0826880874097,-0.0022764427527190434,0.7000008465956641,7232687285.379565,7232.687285379565,0.9056640694488917,0.5286138684313517
SPI6,B,373,0.0,473.29086422442475,0.0,0.7005668781379273,6643676431.262936,6643.676431262936,0.8939321165545947,0.5600117408474757
SPI6,B,374,-1.785339950323081e-05,1754.7528405975904,0.0,0.7000884320652933,8694013492.798475,8694.013492798475,0.9283986195609634,0.35848720959191666
SPI6,B,377,-1.5923465534070567,0.0,-0.007919112458264044,0.7007594549986916,1000137892.2509604,1000.1378922509604,0.8548137474650445,0.6100348667591704
SPI6,B,378,0.0,208.44265039232027,0.0,0.7001478255676439,5651371522.077163,5651.371522077163,0.8750578147792366,0.5891503895826663
SPI6,B,379,-0.27943081640408884,0.0,-0.40905166451332614,0.7055296985784695,708690997.7456378,708.6909977456378,0.8280054790621554,0.6100348667591704
SPI6,B,380,-0.02851245773507864,0.0,-0.530129289812702,0.7021519741560749,635324342.2646105,635.3243422646106,0.8203561390400965,0.6100348667591704
SPI6,B,382,0.0,332.09746816380994,-0.0008654663567851612,0.7,6191864112.087443,6191.864112087444,0.8852332159248587,0.5756573095670119
SPI6,B,383,-0.0009004063658266115,1971.2932527706846,-0.0021078088738071196,0.7000412154904919,8907119403.54836,8907.11940354836,0.930560002846266,0.33265734514533746
SPI6,B,386,-0.45427738771239556,0.0,-0.07866708705997971,0.7320015058270085,852627874.4878775,852.6278744878775,0.84069804674992,0.6100348667591704
SPI6,B,387,-0.27943081640408884,0.0,-0.38135112934331017,0.7002049619478636,740212652.1063241,740.2126521063241,0.8307983776283486,0.6100348667591704
SPI6,B,388,0.0,7.371683881250661,0.0,0.7000915832388999,3116973842.831005,3116.973842831005,0.8563702992137192,0.6091898815241755
SPI6,B,389,-2.014902680439726,0.0,-0.045666490219227966,0.7591823488450107,784833588.9197675,784.8335889197675,0.8336535382644892,0.6100348667591704
SPI6,B,390,-0.44777873085600706,0.0,-0.8041964600401235,0.7419898395501727,399164812.7464971,399.1648127464971,0.7958604618066674,0.6100348667591704
SPI6,B,391,0.0,779.3283366554031,-0.0008603087853904844,0.7000000463364611,7351023422.595921,7351.02342259592,0.908083395595403,0.5201640160814031
SPI6,B,393,0.0,2033.345887297585,-0.0008661925542322627,0.7000466128166011,8965855850.13622,8965.85585013622,0.9311737289643147,0.32559504749706475
SPI6,B,394,0.0,1915.7883385780524,0.0,0.7000382155188037,8855391668.422802,8855.391668422802,0.9301864304265841,0.3383054043476714
SPI6,B,396,0.0,1043.3514805956852,-0.00041605002215288744,0.700041312859239,7804478323.189067,7804.478323189067,0.9164087238054575,0.4794357277546518
SPI6,B,398,0.0,485.97589435218777,-0.0007130639226426731,0.7000397050090135,6680292737.938521,6680.292737938521,0.8946792613939587,0.558401821610275
SPI6,B,400,0.0,139.54423384926412,0.0,0.7000540715662454,5231525076.954694,5231.525076954694,0.8694987013911125,0.5961860034866759
SPI6,B,401,-0.013857587678565375,0.0,-0.6354619661867213,0.7066753888772769,557414038.7462705,557.4140387462705,0.8122353862027254,0.6100348667591704
SPI6,B,402,0.0,153.82808325695532,-0.0005530583909380654,0.7000049918075103,5329701804.772603,5329.701804772603,0.8705482619987903,0.5947984487850002
SPI6,B,403,0.0,1485.6026113669664,0.0,0.7012953025035958,8393264767.1204,8393.264767120401,0.9249831002953001,0.4017059807165475
SPI6,B,406,0.0,908.8506541882216,0.0,0.7000017487501823,7586556578.227071,7586.5565782270705,0.9125573700501652,0.5011474010033088
SPI6,B,408,-1.8204669386272666e-05,1009.2301171866377,-0.0001018434368000433,0.700041315099264,7751470620.28211,7751.47062028211,0.9154658981748318,0.4851104707012488
SPI6,B,410,-2.530947519840698,0.0,-0.941040160323177,0.759337587399981,309504572.6780017,309.5045726780017,0.7867524104315651,0.6100348667591704
SPI6,B,413,-0.007002063464016772,0.0,-0.6280033583675457,0.7,574933590.8471047,574.9335908471047,0.8140409862311879,0.6100348667591704
SPI6,B,415,0.0,2080.984502981979,-0.0008048370428589708,0.7,9009795543.368107,9009.795543368107,0.9315473013839968,0.32121891343793363
SPI6,B,416,-0.30443933728569195,0.0,-0.5290111689978315,0.7198602002968524,598042000.0046045,598.0420000046045,0.8165136798662255,0.6100348667591704
SPI6,B,418,0.0,683.7553944719895,0.0,0.7,7158245224.596284,7158.245224596284,0.9041519906073218,0.5335592557014267
SPI6,B,419,0.0,1128.887054028853,0.0,0.7005450229271097,7931007220.859871,7931.007220859871,0.9185078450208132,0.4649820329455296
SPI6,B,421,0.0,1231.690998677878,0.0,0.7000412156290856,8076921369.782109,8076.92136978211,0.9208649090973778,0.44711281887074394
SPI6,B,423,0.0,511.2544040139802,-5.1651663465835274e-05,0.7000000619204113,6749362894.234816,6749.362894234816,0.8960668160956345,0.5551641939730317
SPI6,B,426,0.0,536.9917172791883,-0.0005122711230856954,0.7,6816100093.984338,6816.100093984338,0.8972053225175225,0.5521133525456292
SPI6,B,428,0.0,240.62718688819692,0.0,0.7002375849967029,5811365744.477347,5811.365744477347,0.8776995054612731,0.5858593944568968
SPI6,B,429,-1.6230470019077138e-05,225.07460065338609,0.0,0.7000609721093813,5736685394.299592,5736.685394299592,0.8765343152951223,0.5875582595083076
SPI6,B,430,-0.5902399354199691,0.0,-0.5106961211105631,0.700000366642855,653238780.9404917,653.2387809404917,0.8223218415341373,0.6100348667591704
SPI6,B,431,0.0,741.1587012369987,0.0,0.7000849562504734,7276331273.071874,7276.3312730718735,0.9065268438467284,0.5258832319351051
SPI6,B,434,0.0,298.82463478670866,-6.808009467707857e-06,0.7000425967197207,6064415948.864319,6064.415948864319,0.8825381577542961,0.579535347066567
SPI6,B,435,-0.0001138131318275358,0.0,-1.6437883031223364,0.7348260003692275,95989906.66605318,95.98990666605317,0.7647472159960151,0.6100348667591704
SPI6,B,437,0.0,81.72502051245935,0.0,0.7000000170547518,4730281642.158982,4730.281642158982,0.8639751663286726,0.6018251681075888
SPI6,B,438,0.0,989.5692444295044,-0.0005639908106817026,0.7000000000142729,7719968993.296487,7719.968993296487,0.9150122745223608,0.4882502579428613
SPI6,B,440,-0.47344011014193227,0.0,-1.5315010581711417,0.7303993272317751,125123999.54524496,125.12399954524496,0.767380012096631,0.6100348667591704
SPI6,B,441,0.0,967.3027141409234,-0.0007980781968408913,0.7,7683806928.233343,7683.806928233344,0.9144341267299958,0.49180809051126056
SPI6,B,443,0.0,385.6888837853754,-0.0004158229480491336,0.7000016858914283,6378769529.785734,6378.769529785734,0.8889689401216779,0.569475575479418
SPI6,B,445,0.0,186.73335398806697,-0.00032705333723383797,0.700028000612417,5532340570.598988,5532.340570598987,0.8734034226349309,0.5913829295193368
SPI6,B,446,0.0,1612.6737924689864,-1.029212651744633e-05,0.7000003454692773,8542382028.960621,8542.382028960621,0.9268509623937097,0.3801899882591525
SPI6,B,447,-3.858465799263489e-06,314.92770800056957,0.0,0.7000016902283642,6127740156.707985,6127.740156707985,0.8838901341302879,0.5776408012238944
SPI6,B,448,0.0,943.7052301243818,-0.0005920607027321888,0.7,7645078927.592511,7645.078927592511,0.9138292951933681,0.4957572846621839
SPI6,B,449,-1.617287353114418e-05,51.51781272331095,0.0,0.7000202010573864,4345927281.905691,4345.927281905691,0.8609954815526384,0.6049916390934642
SPI6,B,450,0.0,642.23487196733,-0.00031359796309194516,0.7000001335522084,7067443279.613128,7067.443279613128,0.9023552851602802,0.5389048991354467
SPI6,B,451,-7.098072073513334e-08,1437.026356460209,-0.004654395033470839,0.7000445052944996,8336609302.562798,8336.609302562798,0.9241825879674103,0.4100135197637599
SPI6,B,456,-3.6915163504470403,0.0,-0.7365674835709941,0.7401160444301841,437796650.06382537,437.7966500638254,0.7996228697477495,0.6100348667591704
SPI6,B,457,0.0,1209.0442649082997,-0.005862730572746801,0.7000001034734961,8042259678.978273,8042.259678978274,0.9201266588394351,0.45101754011456224
SPI6,B,458,-6.4336277433030824e-09,1696.9277300616475,-2.2707274821253426e-05,0.7000003730216382,8633688159.629385,8633.688159629384,0.9278293663500194,0.3667947486391291
SPI6,B,459,-0.48191190962309116,0.0,-1.4458431651456847,0.7360864694796393,144952392.1450579,144.9523921450579,0.7692122958693566,0.6100348667591704
SPI6,B,461,0.0,563.6942109113417,0.0,0.7000019585555003,6883559899.452125,6883.559899452124,0.8985484043120932,0.5485555199772298
SPI6,B,463,0.0,1514.7865308703265,0.0,0.7,8431627555.624432,8431.62755562443,0.9255612480876648,0.3963692318639485
SPI6,B,465,-0.0002438124943345654,739.6020824880344,0.0,0.7000029031345429,7273495548.611238,7273.495548611238,0.9064556871953605,0.5261945422848401
SPI6,B,467,-0.00011118019841468421,872.0520353168529,0.0,0.7,7522506838.240105,7522.506838240105,0.9114989148610666,0.5065997794143807
SPI6,B,468,0.0,2080.0072223259544,0.0,0.700132884329902,9009002425.690142,9009.002425690142,0.9315384068025757,0.3212455971821966
SPI6,B,469,0.0,620.1020282248419,-0.0011259491816830143,0.701539994669965,7011693353.340794,7011.693353340794,0.9011011491799196,0.5416977977016403
SPI6,B,470,-5.41824133156852e-06,990.4888003903106,0.0,0.7000120529287174,7721813266.106223,7721.813266106223,0.9150211691037818,0.48813462838438826
SPI6,B,472,-0.002764172425965403,406.15804334571413,0.0,0.7000215566244654,6445111777.703127,6445.111777703127,0.8900985519621445,0.5672697192870104
SPI6,B,473,0.0,1380.0164472935376,0.0,0.7,8269784513.550786,8269.784513550787,0.9234799160351513,0.42025118297932906
SPI6,B,474,-0.16159831171244488,0.0,-1.4515483387967731,0.7009966956847652,162289877.03633383,162.28987703633382,0.7708222151065571,0.6100348667591704
SPI6,B,475,-2.7716634081391116,0.0,-1.1839552717178976,0.7042832755745054,261300470.28806576,261.30047028806575,0.7811755078805993,0.6100348667591704
SPI6,B,476,-0.0006935684032831719,81.48998956328239,-1.3819656968525057e-05,0.7000038494501062,4727691053.768874,4727.691053768875,0.8639129042587256,0.6018963247589568
SPI6,B,477,0.0,428.9853428248066,0.0,0.7000893999348629,6515659770.916963,6515.659770916963,0.8914416337567154,0.5647525527448678
SPI6,B,478,-2.934202162913077,0.0,-1.2116516120449532,0.7552783913236026,205802155.39272666,205.80215539272666,0.7752250329099513,0.6100348667591704
SPI6,B,480,-0.0001983242977591955,223.01802743930807,0.0,0.7000070551851383,5726612491.782826,5726.6124917828265,0.8763831074109653,0.5877539402995695
SPI6,B,482,-0.32489922430773077,0.0,-1.871094650177443,0.7395223725146856,56440052.00090918,56.440052000909176,0.7609225459849859,0.6100348667591704
SPI6,B,483,-2.8050569636216967,0.0,-0.6612665835681364,0.7196712899110875,516839066.21169674,516.8390662116967,0.807939303376383,0.6100348667591704
SPI6,B,484,0.0,468.5075773397658,0.0,0.7,6632033115.59049,6632.0331155904905,0.8937631195075958,0.5605809940584197
SPI6,B,485,-2.8050569636216967,0.0,-0.6612665835681364,0.7008383771338419,551552077.3279272,551.5520773279272,0.8115771871775714,0.6100348667591704
SPI6,B,488,0.0,1165.2221866762152,-0.00043091211709640406,0.7006123493687081,7982524294.444751,7982.524294444751,0.9192638844415981,0.45873803678798875
SPI6,B,492,0.0,484.93557305980016,-0.00042973964224284067,0.700189758475286,6677121211.083392,6677.121211083392,0.8946347884868537,0.558526345750169
SPI6,B,493,0.0,1232.8184963626763,0.0,0.7000986635826375,8078258627.647248,8078.258627647248,0.9208826982602198,0.446926032660903
SPI6,B,494,-0.2706866448355762,0.0,-0.08791326120495946,0.7015898010771777,942478709.891297,942.478709891297,0.8494058419610773,0.6100348667591704
SPI6,B,495,-9.576242120791452e-07,185.94124405917995,-8.438493067858776e-07,0.7000151112389646,5528140711.486308,5528.140711486308,0.8733767388906679,0.5914807699149678
SPI6,B,496,-7.312240651307381e-06,297.00145177596266,0.0,0.7000140665223372,6057245211.629919,6057.245211629919,0.8824581065215071,0.579766606183513
SPI6,B,497,-4.0,0.0,-0.9035805987609443,0.7012006369085872,405972882.48053986,405.97288248053985,0.7971857544383961,0.6100348667591704
SPI6,B,498,-2.8041856841446995,0.0,-0.43201033971686953,0.7113058430058868,679775265.5323062,679.7752655323062,0.8252125804959618,0.6100348667591704
SPI6,B,499,-1.3613912032716544,0.0,-0.16724475729010457,0.7002239248521562,890375653.4749811,890.375653474981,0.8445405059237913,0.6100348667591704
SPI6,B,500,-0.4870038851340128,0.0,-1.0386324935063662,0.7276357585547987,304757469.41963273,304.75746941963274,0.7861297897320952,0.6100348667591704
SPI6,B,501,-0.0004592561605751852,0.0,-0.920997315708866,0.7381132257342539,346962168.9802339,346.9621689802339,0.7908172341409615,0.6100348667591704
SPI6,B,503,0.0,1121.7559302647085,-0.00019999854831127817,0.7000163522728137,7922241095.34719,7922.24109534719,0.9184100046251822,0.4662094851816274
SPI6,B,504,-7.312240651307381e-06,639.7761016599434,0.0,0.7000190691926422,7062148102.930888,7062.148102930888,0.9022752339274914,0.5391895257409186
SPI6,B,505,0.0,448.2211464764749,0.0,0.7000221652477445,6573328609.100594,6573.328609100594,0.8926068239228662,0.5627156935994593
SPI6,B,508,-0.4976222316954608,0.0,-1.1329393520323052,0.700452169903841,287835823.5127474,287.8358235127474,0.7842886113779485,0.6100348667591704
SPI6,B,509,-0.7180118483585693,0.0,-0.38318615318188376,0.701159126396756,736317317.8928611,736.3173178928612,0.83045148895293,0.6100348667591704
SPI6,B,510,-1.5528512609983564e-06,65.96567614253553,-4.4322071325595505e-09,0.7001038810815535,4546295726.883256,4546.295726883256,0.8624897712313659,0.6033372469491586
SPI6,B,514,-2.964262865066166,0.0,-1.2644443404096266,0.7084713737939821,222973874.32033196,222.97387432033196,0.77681716298431,0.6100348667591704
SPI6,B,516,-0.000451019254747804,1662.4613657394948,-1.505329565683258e-08,0.7000148068476211,8596787405.915565,8596.787405915566,0.9274824776746006,0.37211370832888596
SPI6,B,517,0.0,710.8473547573587,0.0,0.7000217462805538,7214958118.924644,7214.958118924645,0.9053883374248407,0.5297790585975025
SPI6,B,518,-0.002752622079047386,171.50946238374476,-3.3662079145446724e-05,0.7001554487323088,5442134383.061216,5442.134383061217,0.8721226029103072,0.5930106379193796
SPI6,B,520,-0.00713366770217716,0.0,-0.6090957838583269,0.7010355633379493,583815543.5090272,583.8155435090273,0.8150193901874978,0.6100348667591704
SPI6,B,521,0.0,352.36525025842536,0.0,0.7000048360782336,6265581488.137761,6265.581488137761,0.8865762977194293,0.5734603479560252
SPI6,B,522,-7.548416220895788e-06,1302.8722042433817,-0.0010381258763076993,0.7001525035395509,8170352636.892675,8170.352636892675,0.9221368342405805,0.4336108442736684
SPI6,B,524,-2.8050569636216967,0.0,-0.6612665835681364,0.7400783783256891,479224518.98977935,479.22451898977937,0.8038122175970399,0.6100348667591704
SPI6,B,525,-0.03262423201862319,0.0,-0.03565322106642433,0.7468788390267376,830663393.632634,830.6633936326341,0.8380207777421995,0.6100348667591704
SPI6,B,526,0.0,963.6301541016352,-1.832502644146356e-06,0.7002937024713668,7677379027.271813,7677.379027271813,0.9143718646600489,0.4924840786992565
SPI6,B,529,-2.776409101839303e-07,0.0,-0.036667189241403456,0.700061471636241,983723466.4834157,983.7234664834157,0.8529369907852136,0.6100348667591704
SPI6,B,530,-0.0009186056455483729,1802.4804040938934,-0.0006356729482725407,0.7000413499143325,8742594240.981716,8742.594240981716,0.9288611377948554,0.35264346959832066
SPI6,B,531,-7.312240651307381e-06,101.01577417363035,0.0,0.7001371785034344,4920872361.616319,4920.872361616319,0.8658786067527662,0.5998238872878643
SPI6,B,532,-0.00011196420525605303,332.38261571814735,-3.3090912468693916e-05,0.7001615514896765,6192886248.322907,6192.886248322908,0.8852598996691218,0.5756306258227488
SPI6,B,533,-3.865911179318008,0.0,-1.5361982831752263,0.7004376281039344,137401030.9782096,137.4010309782096,0.7686341480769916,0.6100348667591704
SPI6,B,534,0.0,0.0,-0.007103570490907957,0.7008744482245156,1000566056.7869719,1000.5660567869719,0.8548493257907284,0.6100348667591704
SPI6,B,536,-8.853728428461627e-05,768.7660058893566,-0.0006245320406202473,0.7000970291096192,7330377428.358272,7330.377428358272,0.907647561105774,0.5217650407371829
SPI6,B,537,-0.0020180291388671202,316.93590563938096,-3.07275868646879e-05,0.7000079045299854,6135364363.387322,6135.364363387323,0.8839879745259188,0.5775162770840003
SPI6,B,538,-0.00017379857201297477,1698.2393378291795,0.0,0.7000030505975233,8635119269.614351,8635.119269614352,0.9278560500942825,0.3667235919877611
SPI6,B,539,-0.0001983242977591955,934.9983295682389,-4.4121626833099294e-07,0.7000070551851383,7630887761.777229,7630.88776177723,0.9135268794250541,0.49726046892233267
SPI6,B,541,-2.841198146659937e-07,280.61173882095034,-0.00012171420847496102,0.7000340556588291,5989763665.335462,5989.763665335462,0.8811950759597253,0.5815811007933965
SPI6,B,543,-0.00018667346095048074,1749.047646237837,-0.00015609811507109037,0.700000899531484,8688231763.33074,8688.23176333074,0.9283363574910164,0.35942114064112146
SPI6,B,544,-0.00017379857201297477,1971.6644422299298,0.0,0.7000548637603295,8908727075.336424,8908.727075336425,0.9306222649162129,0.33239050770270745
SPI6,B,545,-0.00014570175857030057,20.50412400656205,-4.219368371837274e-10,0.7000060807733123,3693419546.551706,3693.419546551706,0.8576244351940796,0.6079980076137617
SPI6,B,546,0.0,1854.195362248969,-0.003065772400807242,0.700052392254041,8793251614.965508,8793.251614965508,0.9295193368200091,0.345492226135838
SPI6,B,547,-0.011531892737946858,0.0,-0.7497063766799767,0.7000221628795124,497406803.2628264,497.4068032628264,0.8063738570462874,0.6100348667591704
SPI6,B,548,-0.0017742596949021638,0.0,-0.043816241520579835,0.739909203985879,848816059.5069903,848.8160595069903,0.839657380723663,0.6100348667591704
SPI6,B,549,-1.1452957997680609e-08,589.3870067112343,-0.0005956517932780622,0.7000631232795825,6945224977.486385,6945.224977486386,0.8998825915252426,0.5452289465257766
SPI6,B,552,-4.0,0.0,-1.9816364091778258,0.7592021726675336,39596612.34043195,39.59661234043195,0.7592592592592593,0.6100348667591704
SPI6,B,554,-1.1452957997680609e-08,1009.4352014850441,-0.0005956517932780622,0.7000631232795825,7751393997.584133,7751.393997584133,0.9154747927562527,0.4850659977941438
SPI6,B,555,-0.00014570175857030057,1199.2673458762624,-4.219368371837274e-10,0.7002864611111616,8031665466.713573,8031.665466713574,0.9200555021880669,0.452760878073078
SPI6,B,556,-3.4256252837431314,0.0,-2.389653281865095,0.7883563842597315,11748776.990570238,11.748776990570239,0.7565019390187498,0.6100348667591704
SPI6,B,557,-1.3585446247268806,258.33643301120765,-1.9499477972443049e-07,0.7000120570884686,5891923321.81975,5891.92332181975,0.860292809620379,0.6054986302344612
SPI6,B,558,-1.5235413989351717e-05,6.714146149927174,-4.008070029701763e-06,0.7000127903292346,3071229272.6198955,3071.2292726198953,0.8562991425623511,0.6092432490127017
SPI6,B,559,-0.0030609551854107048,0.0,-0.5740162121254052,0.7000506169573668,610804283.5026234,610.8042835026234,0.8177767104280074,0.6100348667591704
SPI6,B,560,-3.612549805977051,0.0,-0.6599691244505712,0.7570237335418653,448847840.05428,448.84784005427997,0.8006813249368484,0.6100348667591704
SPI6,B,561,0.0,247.70106331029478,-0.003592372355571554,0.7000019226714521,5843110517.745274,5843.110517745274,0.8782687586722168,0.5850410929661651
SPI6,B,563,-1.4754589250166992e-08,389.8362857037473,-1.7194654121933782e-06,0.7000676612709205,6392518673.205944,6392.518673205944,0.8892624613085708,0.5689241114313162
SPI6,B,564,-0.021722174926816384,0.0,-0.29760991058713837,0.7024637500308155,789651421.2094537,789.6514212094537,0.8350321983847441,0.6100348667591704
SPI6,B,565,-4.0,0.0,-0.9181802546855397,0.7256746990942285,364734731.1457729,364.73473114577286,0.7928540932863699,0.6100348667591704
SPI6,B,569,-0.00011145601856698336,820.1314307706903,-3.43409341280168e-07,0.7000281851431261,7428565684.010736,7428.565684010737,0.9096043690183938,0.5144625893905432
SPI6,B,570,-0.00014570175857030057,119.66870835028101,-3.2650115048214344e-05,0.7002899075055556,5080102862.041027,5080.102862041027,0.867417369338599,0.5980716547479276
SPI6,B,571,-4.7276650126579754e-07,796.9612743236694,-9.050362304182074e-07,0.700000899531484,7385264123.281325,7385.264123281326,0.9088038566905039,0.5176379549578397
SPI6,B,572,-0.00019900717055469576,1278.1425403331648,-3.276118797554082e-08,0.7011316199718975,8135384127.426629,8135.384127426629,0.9216387376810047,0.43836055075248154
SPI6,B,574,0.0,1012.9039780388206,0.0,0.7,7757507091.2145195,7757.507091214519,0.9155370548261997,0.4845323229088839
SPI6,B,575,0.0,136.30406817800926,0.0,0.7,5208330193.043215,5208.330193043214,0.8692585476927456,0.5965506813249368
SPI6,B,576,0.0,373.90112028780885,0.0,0.7,6339856821.462668,6339.856821462668,0.8880794819795781,0.5707475006226207
SPI6,B,577,-3.8296668422919047,0.0,-0.17924747468027835,0.7066981990164429,863414495.7279658,863.4144957279658,0.8420322339630696,0.6100348667591704
SPI6,B,578,0.0,740.2167823492123,0.0,0.7,7274736817.357056,7274.736817357056,0.9065001601024655,0.5260433344006832
SPI6,B,579,0.0,1913.0905280816678,0.0,0.7,8852891670.23291,8852.89167023291,0.9301597466823209,0.33867008218593236
SPI6,B,580,-0.742300605450482,0.0,-1.7183028761571384,0.8049457907513199,61145292.22095997,61.145292220959966,0.7612516454975631,0.6100348667591704
SPI6,B,581,0.0,1235.6232050451551,0.0,0.7,8082389352.220491,8082.389352220492,0.9209093820044828,0.4462589390543282
SPI6,B,582,0.0,681.5179802667158,0.0,0.7,7153428261.660938,7153.428261660938,0.9040363610488489,0.5338438823068987
SPI6,B,585,-4.0,0.0,-0.2813268643795179,0.7,807704493.1093767,807.7044931093767,0.8368555875760487,0.6100348667591704
SPI6,B,586,0.0,640.3609955429736,0.0,0.7,7063536449.252836,7063.536449252836,0.9022930230903333,0.5391272636709716
SPI6,B,587,-0.07239535931819709,0.0,-0.1431443676863733,0.7,909177818.4376915,909.1778184376915,0.8462215818123598,0.6100348667591704
SPI6,B,588,0.0,1470.7827602126551,0.0,0.7,8380100466.758264,8380.100466758264,0.924876365318248,0.4042231472586901
SPI6,B,589,0.0,97.96884538079975,0.0,0.7,4893123965.383052,4893.123965383052,0.8656028747287152,0.6001440922190201
SPI6,B,591,-4.0,0.0,-0.09489145060852308,0.7,942911120.9849436,942.9111209849436,0.8495214715195503,0.6100348667591704
SPI6,B,593,-1.1217558399913752,0.0,-2.3843851741060704,0.7839639689586622,12181475.092415143,12.181475092415143,0.7565553065072756,0.6100348667591704
SPI6,B,594,0.0,1081.7623700172708,0.0,0.7005742513394186,7861504926.134932,7861.504926134931,0.9172803927847154,0.4728003700145871
SPI6,B,597,-0.0031195914637586726,591.0940434762962,0.0,0.7,6949902307.139424,6949.902307139424,0.8999715373394527,0.5451933682000925
SPI6,B,599,0.0,188.87269184828978,0.0,0.7,5544925514.599753,5544.925514599753,0.8736168925890347,0.5911694595652329
SPI6,B,600,0.0,1203.1410347544906,0.0,0.7001038417301543,8037632963.823015,8037.632963823015,0.920117764258014,0.4520048386522931
SPI6,B,601,-2.9840026589495294,0.0,-0.4102173762850045,0.7137662035688759,688183897.470706,688.183897470706,0.8258707795211156,0.6100348667591704
SPI6,B,602,0.0,427.9275794934031,0.0,0.7,6512752864.964916,6512.752864964917,0.8914060554310312,0.5648503931404988
SPI6,B,603,0.0,798.6635501900025,0.0,0.7,7388470508.134455,7388.470508134455,0.9088839079232929,0.5174066958408937
SPI6,B,605,0.0,0.0,-1.1367692698219056,0.7618722465785294,227130343.56610677,227.13034356610677,0.7776799373821469,0.6100348667591704
SPI6,B,608,-4.0,0.0,-0.3857199596018708,0.7,737416273.8915701,737.4162738915701,0.8305582239299819,0.6100348667591704
SPI6,B,609,0.0,536.3565059735474,0.0,0.7,6814887703.583141,6814.887703583141,0.8971964279361013,0.5522022983598391
SPI6,B,610,-4.0,0.0,-0.35871958922662517,0.7,754312860.8774817,754.3128608774817,0.8322481943999717,0.6100348667591704
SPI6,B,613,0.0,333.1139646705197,0.0,0.7,6196175450.689417,6196.175450689417,0.8853844238090156,0.5755505745899598
SPI6,B,614,-3.9789466213499134,0.0,-0.5039141878782024,0.7,658798246.6660036,658.7982466660036,0.8229266730707653,0.6100348667591704
SPI6,B,615,0.0,1617.1286358629513,0.0,0.7,8547387434.068668,8547.387434068669,0.9269043298822356,0.3795762621411036
SPI6,B,616,0.0,167.96772458876285,0.0,0.7,5420910461.065975,5420.910461065975,0.8719358167004662,0.5932596861991676
SPI6,B,618,-3.900628088138931,0.0,0.0,0.7374972417203247,882310320.7687361,882.3103207687361,0.8430640054079056,0.6100348667591704
SPI6,B,619,-0.006826489224042165,0.0,-0.6567709669586083,0.7003754925620659,555905801.7728244,555.9058017728244,0.8118796029458855,0.6100348667591704
SPI6,B,620,0.0,36.455700509837925,0.0,0.7,4084252344.2367425,4084.2523442367424,0.8594567189668053,0.6064770341907709
SPI6,B,621,-3.9721702583075955,0.0,-0.041115804296724956,0.7605025217698135,782996677.8813446,782.9966778813446,0.8332888604262284,0.6100348667591704
SPI6,B,623,-0.6827593936295411,0.0,-0.7945216222828724,0.7351608831263058,414650739.8504249,414.6507398504249,0.7975237485323939,0.6100348667591704
SPI6,B,624,0.0,0.0,-1.211080956597288,0.7540587762751212,206999563.38402244,206.99956338402245,0.7753584516312663,0.6100348667591704
SPI6,B,626,0.0,612.3211486664962,0.0,0.7,6999723412.971658,6999.723412971658,0.9010744654356564,0.5426584124951079
SPI6,B,628,-2.683380568858721e-05,51.51552453609611,-0.00025169647653756433,0.7000533633907324,4345582400.155484,4345.582400155484,0.8609687978083753,0.6049916390934642
SPI6,B,629,-0.08907407163070868,0.0,-1.5848405258260612,0.7000997808462265,124173696.72952825,124.17369672952825,0.7673088554452626,0.6100348667591704
SPI6,B,631,0.0,20.201735870148873,0.0,0.7,3684037094.189313,3684.037094189313,0.8575888568683957,0.6080069021951827
SPI6,B,632,-0.00011291611134550865,1698.3156507717156,0.0,0.7002070088987041,8634504497.96443,8634.50449796443,0.9278382609314405,0.36670580282491905
SPI6,B,633,0.0,1044.2952088689542,-0.0003325997384410603,0.7,7806131695.531452,7806.131695531452,0.9164620912939836,0.4792934144519159
SPI6,B,634,0.0,1568.018999106255,-0.0008785996975896881,0.7,8491913990.294874,8491.913990294874,0.9261838687871348,0.387874906606895
SPI6,B,635,0.0,280.71514124275586,0.0,0.7,5990404111.395299,5990.404111395299,0.8812573380296724,0.5815722062119756
SPI6,B,636,0.0,154.65572919512027,0.0,0.7,5335613322.618731,5335.61332261873,0.8707083644643683,0.5947006083893692
SPI6,B,637,0.0,405.7236575981097,0.0,0.700002470414844,6443815651.064082,6443.815651064082,0.8901252357064076,0.5671985626356424
SPI6,B,638,0.0,1265.910329975518,0.0,0.7,8123037375.069117,8123.037375069117,0.9215053189596896,0.44046856654925814
SPI6,B,639,-3.3656750877362085,0.0,-0.529137626759472,0.7019826320565863,636026526.2617762,636.0265262617762,0.8204361902728856,0.6100348667591704
SPI6,B,642,0.0,565.5861872633886,0.0,0.7,6888223039.654699,6888.223039654699,0.8987174013590922,0.548324260860284
SPI6,B,643,-3.8296668422919047,0.0,-0.7991284944115038,0.7066981990164429,456829492.54113245,456.8294925411324,0.8022111929412603,0.6100348667591704
SPI6,B,644,0.0,1657.5771826686284,0.0,0.7,8591559184.298111,8591.55918429811,0.9274291101860745,0.37263848863272486
SPI6,B,645,0.0,1526.4095179332442,0.0,0.7,8445057724.490997,8445.057724490996,0.9257480342975059,0.3945369480912228
SPI6,B,646,-2.643216852225497,0.0,-0.07671069302897182,0.7379810170595329,834638352.2370446,834.6383522370446,0.8386256092788272,0.6100348667591704
SPI6,B,647,0.0,82.35575512684089,0.0,0.7,4737046653.59945,4737.04665359945,0.8640107446543566,0.6017273277119578
SPI6,B,649,-3.9789466213499134,0.0,-0.7708968602013604,0.7,484869881.1389601,484.8698811389601,0.8050307752517166,0.6100348667591704
SPI6,B,651,0.0,1165.966442405044,0.0,0.700000113905803,7986002369.99265,7986.00236999265,0.9193706194186502,0.45863130181093675
SPI6,B,652,-1.9467703388501747,0.0,-0.7348744338506302,0.706813457838057,494711813.6191333,494.7118136191333,0.8058046038353436,0.6100348667591704
SPI6,B,653,0.0,827.9607231321252,0.0,0.7,7443118873.730205,7443.1188737302045,0.9098801010424448,0.5133329775500765
SPI6,B,654,-3.7461367681902837,0.0,-0.9913028891181223,0.7273539320589449,326726350.3746447,326.7263503746447,0.7883445405059238,0.6100348667591704
SPI6,B,655,0.0,314.8951114272799,-0.0005670833878478317,0.7,6127222979.05897,6127.222979058971,0.883854555804604,0.5776408012238944
SPI6,B,657,-0.0002044621024688809,261.022903005381,-0.00251574408846017,0.7000384450591063,5903844992.323969,5903.844992323969,0.8794250542569466,0.5836446436830683
SPI6,B,660,-4.0,0.0,-0.5688194903938144,0.7,614807532.766468,614.8075327664681,0.8182392286618992,0.6100348667591704
SPI6,B,661,0.0,120.29007263161867,0.0,0.7,5086123363.623043,5086.123363623043,0.86751520973423,0.5980004980965596
SPI6,B,662,0.0,240.47948855979172,0.0,0.7,5811467089.219659,5811.467089219659,0.87776176753122,0.5858682890383179
SPI6,B,664,0.0,355.3532277120797,-0.0009799940812626959,0.7,6275482084.837536,6275.482084837536,0.8867008218593233,0.5731757213505533
SPI6,B,665,0.0,222.71797948450566,0.0,0.7,5725130009.925237,5725.130009925237,0.8763653182481232,0.5877895186252534
SPI6,B,666,-3.942314371388713,0.0,-0.7483777786653606,0.7646345323576045,390898979.4013786,390.8989794013786,0.7947219553847796,0.6100348667591704
SPI6,B,667,-0.0007756192109245741,1307.634690334995,-0.00301283738636076,0.7,8175988791.046808,8175.988791046808,0.9222346746362114,0.4328281211086206
SPI6,B,668,0.0,0.0,-0.42538815440930583,0.7000027101134745,710583405.5361259,710.583405536126,0.8284057352261002,0.6100348667591704
SPI6,B,669,-3.765545457834959,0.0,-0.03472337753274727,0.7,985011520.9060565,985.0115209060565,0.8530704095065287,0.6100348667591704
SPI6,B,670,-0.097983060748568,286.16648930931046,-0.0006136667766386897,0.7,6012574874.610935,6012.574874610935,0.8805279823531504,0.5827551855409685
SPI6,B,672,0.0,69.74831937356305,-7.133668334159457e-05,0.7,4593478079.468811,4593.478079468811,0.8628455544882058,0.6029636745294766
SPI6,B,673,-4.0,0.0,-0.5615351326083418,0.7200589508451697,577468618.7003237,577.4686187003236,0.8143078236738178,0.6100348667591704
SPI6,B,674,0.0,932.2469765098797,0.0,0.700083328975904,7625976762.178343,7625.976762178343,0.9133845661223181,0.49762514676059344
SPI6,B,675,0.0,451.98242351480053,0.0,0.7,6584419477.840263,6584.419477840263,0.892766926388444,0.5623688049240402
SPI6,B,676,-4.0,0.0,-0.05727976825690494,0.700047711393395,969355395.4798332,969.3553954798332,0.851754011456221,0.6100348667591704
SPI6,B,678,-0.0010139865546509585,0.0,-0.9547081135573583,0.7000102644533498,378644056.69022954,378.64405669022955,0.7943572775465186,0.6100348667591704
SPI6,B,679,0.0,483.78202681140755,0.0,0.7,6674890257.72201,6674.89025772201,0.8946258939054327,0.5587398157042729
SPI6,B,680,-0.41971785879100765,75.14386563427843,0.0,0.7002603141805428,4656212250.296705,4656.212250296705,0.861039954459743,0.6048137474650443
SPI6,B,681,-0.0027328326027614286,0.0,-1.6541395353559585,0.727081492598767,96654522.80197842,96.65452280197843,0.7647561105774362,0.6100348667591704
SPI6,B,682,-0.17735254251268562,0.0,-1.5308159095366132,0.7000997808462265,139231026.83802316,139.23102683802315,0.7687497776354645,0.6100348667591704
SPI6,B,683,-0.07239535931819709,0.0,-0.7158802758706453,0.7,518924969.0018368,518.9249690018368,0.808615291564379,0.6100348667591704
SPI6,B,685,-0.6827593936295411,0.0,-1.1493181365424112,0.7351608831263058,248064601.10900056,248.06460110900056,0.7800458960401323,0.6100348667591704
SPI6,B,686,0.0,659.9660354107539,0.0,0.7,7106866518.492735,7106.866518492735,0.9030935354182232,0.5365033621517771
SPI6,B,687,-3.645540970240637,0.0,-0.924773847711886,0.7956325850439333,269115856.1353376,269.1158561353376,0.7823673817910128,0.6100348667591704
SPI6,B,688,-1.363890735638643e-05,871.7260037979277,-7.835712761236425e-05,0.7000564545078776,7521659582.171633,7521.659582171633,0.9114900202796455,0.5066175685772228
SPI6,B,689,-1.634661153140256,0.0,-0.46191861397925715,0.7119948104294247,660391688.6096964,660.3916886096964,0.8232913509090262,0.6100348667591704
SPI6,B,690,0.0,429.3666585275879,-4.739012781487112e-05,0.700000761958583,6517058332.261932,6517.058332261932,0.8914772120823992,0.5646991852563419
SPI6,B,692,0.0,1076.4805955987197,0.0,0.7,7855509711.91685,7855.50971191685,0.9172359198776104,0.4737965631337389
SPI6,B,695,0.0,188.67688215954357,0.0,0.7000000105469584,5543815030.849593,5543.815030849593,0.8735991034261928,0.5911872487280748
SPI6,B,697,-2.927023741774855,0.0,-0.1718240144522007,0.7382287299936435,774729606.4437828,774.7296064437828,0.8328797096808623,0.6100348667591704
SPI6,B,699,-0.5279940221371369,0.0,-1.382701649396446,0.70307293656686,184067445.70975494,184.06744570975494,0.7729658092290177,0.6100348667591704
SPI6,B,700,-0.9511804270380286,0.0,-0.04803126186320821,0.712471471832558,935439515.8313735,935.4395158313735,0.8485163838189776,0.6100348667591704
SPI6,B,702,-2.2306240755747193e-08,932.5382838538769,-0.0002793159147735885,0.7000535381473711,7626333854.5462475,7626.3338545462475,0.9134023552851601,0.4975717792720675
SPI6,B,703,-0.33866178065972896,0.0,-0.3974595266388401,0.7017768168200038,726779614.0991393,726.7796140991393,0.829624292880777,0.6100348667591704
SPI6,B,705,-3.313516182523281,0.0,-0.6797225783509281,0.7134072643841058,517110025.98837537,517.1100259883754,0.8080638275162771,0.6100348667591704
SPI6,B,707,-0.7278439646681167,228.79727829249848,-1.0064133568158992e-07,0.7000288142885154,5754308266.298529,5754.308266298529,0.866385597893763,0.5987120646102393
SPI6,B,710,-0.049554923302221665,0.0,-0.08426864251816257,0.74719851881977,800548056.9865983,800.5480569865982,0.8352456683388482,0.6100348667591704
SPI6,B,711,-0.27621601222542913,0.0,-0.9265121006906036,0.7229216708225233,364015579.0563237,364.0155790563237,0.7928185149606859,0.6100348667591704
SPI6,B,712,-0.6219280646969991,99.87579980493794,-0.000462288511679436,0.7005868857811429,4908267235.776623,4908.267235776622,0.8611111111111112,0.6042533888355215
SPI6,B,715,0.0,1572.2212169135855,0.0,0.7000084737575661,8497228322.912548,8497.228322912548,0.9262550254385027,0.3869943430462163
SPI6,B,716,0.0,1650.2005704778362,-0.0011113653148175518,0.7000000212149474,8582851124.796404,8582.851124796403,0.9273579535347065,0.3738570462874017
SPI6,B,717,0.0,611.346102007597,-2.820804760118249e-06,0.7000047066463774,6997451134.357324,6997.451134357324,0.9010033087842885,0.54276514747216
SPI6,B,719,0.0,468.4718487675938,-6.63216240055626e-06,0.7000510348325084,6631705472.996416,6631.705472996416,0.8937453303447539,0.5605809940584197
SPI6,B,721,-0.9687648256910255,0.0,-0.6067864715367772,0.7079209915868724,572078173.1580261,572.0781731580261,0.8137919379514,0.6100348667591704
SPI6,B,722,-2.1170701101268623,0.0,-2.4014553559697855,0.7938152236629732,10957369.981429268,10.957369981429268,0.7564040986231189,0.6100348667591704
SPI6,B,723,-2.2389714644658802e-08,989.3408563614902,-8.473594990809351e-08,0.7000523940643592,7719831487.175374,7719.831487175374,0.9149855907780979,0.4882769416871242
SPI6,B,724,-0.0015357963949776642,484.2329885857227,0.0,0.700000000011859,6676125307.778721,6676.1253077787205,0.8946258939054326,0.5587753940299569
SPI6,B,726,0.0,137.00773279466983,0.0,0.7001660100807962,5212880845.279908,5212.8808452799085,0.8692852314370086,0.5964706300921478
SPI6,B,727,-0.5685287532695988,144.97529961395568,-2.593085847459216e-05,0.7000000118880924,5269560337.102507,5269.560337102506,0.8644021062368802,0.6011580745010141
SPI6,B,728,-2.3930278485334842e-06,314.7255862341432,-0.00022343365235624906,0.7001220941672845,6126400814.896587,6126.400814896588,0.883801188316078,0.5776674849681575
SPI6,B,729,0.0,152.79724499678522,-0.00023036084400035478,0.7001215494629168,5322680211.020812,5322.680211020812,0.8704771053474223,0.5949318675063153
SPI6,B,730,-0.003447618361653408,0.0,-0.7596163865161317,0.706022033913871,481879985.37402064,481.87998537402063,0.8047016757391398,0.6100348667591704
SPI6,B,731,-3.8033652515744596e-06,258.0191053799111,-9.868081611981124e-07,0.7000039057411208,5892070421.990996,5892.070421990997,0.8793361084427367,0.5839648486142243
SPI6,B,732,-3.926652147519182e-05,1377.7007521984674,-2.1839269197803133e-05,0.7000001129294681,8266849752.427006,8266.849752427006,0.9234532322908884,0.42064254456185296
SPI6,B,733,-1.4344753288875406e-05,0.0,-0.03760171112399599,0.7189760041491585,920991060.1858443,920.9910601858443,0.8469064645817768,0.6100348667591704
SPI6,B,734,0.0,1238.718447853336,-0.0002264091773697659,0.7000256650881675,8086341418.899095,8086.341418899095,0.9209271711673248,0.4455829508663322
SPI6,B,735,-3.603264716664124,0.0,-0.4125365165241798,0.7120558760280252,690859826.3952985,690.8598263952985,0.8261731952894296,0.6100348667591704
SPI6,B,739,-5.569108057636685e-05,510.42616711525636,0.0,0.7000096440444185,6747202688.322079,6747.202688322079,0.8960223431885296,0.5552531397872417
SPI6,B,742,-3.387850095276418e-05,797.1448109732978,0.0,0.7000084608010724,7385586005.790828,7385.586005790828,0.9088127512719248,0.5175934820507346
SPI6,B,743,-3.9152273804250486,0.0,-1.5150184025031856,0.7051070445082894,141786277.83489388,141.7862778348939,0.7688209342868325,0.6100348667591704
SPI6,B,745,-9.684384965588925e-07,1697.1340922028705,-0.0032366901238354766,0.7000022118400743,8632051741.39038,8632.051741390382,0.9277937880243355,0.366776959476287
SPI6,B,746,-0.010996311030731065,0.0,-1.604985773710276,0.7062055715726497,116569001.51408671,116.56900151408671,0.7667129184900559,0.6100348667591704
SPI6,B,747,-2.190438659327181e-08,1045.7019050204526,-0.0004806393295811584,0.7000004444459951,7808225760.353273,7808.2257603532735,0.9164798804568254,0.479044366172128
SPI6,B,748,-1.8895268034383372e-06,2090.7630554326656,-0.000366342555702953,0.7000552008362733,9018712523.522678,9018.712523522678,0.9316718255238908,0.3201782474116768
SPI6,B,751,-0.004441112894408961,0.0,-1.0409450590872802,0.8043894244136865,218017291.8969148,218.0172918969148,0.7764169068203651,0.6100348667591704
SPI6,B,752,0.0,710.9247026877443,0.0,0.7,7215191386.58129,7215.19138658129,0.9053972320062618,0.5297701640160815
SPI6,B,755,-2.2389714644658802e-08,663.5784892746198,-8.473594990809351e-08,0.7000523940643592,7114590255.655255,7114.5902556552555,0.9032536378838011,0.5360230547550432
SPI6,B,756,0.0,1302.8793659766388,0.0,0.7000305171769986,8171462134.003393,8171.462134003393,0.9221635179848435,0.4336108442736684
SPI6,B,757,0.0,1970.6280595119888,0.0,0.7000318716143379,8907821487.455467,8907.821487455467,0.9306222649162129,0.3322659835628135
SPI6,B,758,-0.042606192402911136,0.0,-1.6897535509539232,0.7062055715726497,97123433.08676183,97.12343308676184,0.7648005834845412,0.6100348667591704
SPI6,B,759,0.0,206.11634431155582,0.0,0.7000227116183606,5639488965.884807,5639.488965884807,0.8748799231508166,0.5893460703739282
SPI6,B,760,0.0,902.3973503259392,0.0,0.7,7575446329.296615,7575.446329296615,0.9123972675845872,0.5021435941224606
SPI6,B,763,-1.215831099160536e-08,167.9643871746163,-0.0002241639617628138,0.7000000219514837,5420726304.152594,5420.726304152594,0.8719091329562032,0.5932685807805884
SPI6,B,764,-4.4590788067018693e-10,682.1055491843267,-3.941132354129506e-07,0.7000551061651911,7154496667.338279,7154.496667338279,0.9040541502116909,0.5337371473298467
SPI6,B,765,-0.0048612208069813145,66.59138979949876,0.0,0.7,4554544662.225005,4554.544662225006,0.8626054007898388,0.6032838794606326
SPI6,B,766,-2.470575926044236e-06,1267.6814443937428,-0.0006201610077700353,0.700050580204299,8124807263.96341,8124.80726396341,0.9215497918667945,0.44024620201373316
SPI6,B,767,-3.122422914599121,0.0,-1.8881019988691472,0.7186895361341117,58351830.550107464,58.351830550107465,0.7610915430319848,0.6100348667591704
SPI6,B,770,-3.83499994795522,0.0,-1.0371892697528757,0.7110966804026989,323999674.97859615,323.99967497859615,0.7881933326217667,0.6100348667591704
SPI6,B,771,0.0,1474.4249042299293,-0.0012879572940639856,0.7000001182069703,8383629306.860979,8383.62930686098,0.9249297328067739,0.40352936990785215
SPI6,B,772,0.0,387.56356291891905,0.0,0.7000061798004914,6385279208.273286,6385.279208273286,0.8890934642615718,0.569235421781051
SPI6,B,773,-0.7119020486657811,0.0,-0.36178629178723587,0.7000290588184008,752139352.2373953,752.1393522373953,0.8320969865158145,0.6100348667591704
SPI6,B,774,-2.45713689343747,0.0,-0.8217477272672581,0.7229216326750536,419092218.08491945,419.09221808491947,0.798217525883232,0.6100348667591704
SPI6,B,775,-1.6420464738358053e-06,1197.3581509918758,-0.000581785901302342,0.7000341396353711,8029494195.710981,8029.494195710981,0.920037713025225,0.45304550467854987
SPI6,B,776,-0.0013560035157499286,741.3496928152978,-7.100493590591333e-09,0.7000507006409683,7276804419.628083,7276.804419628083,0.9065179492653075,0.5260166506564201
SPI6,B,778,0.0,765.8245874517904,-4.572626492382707e-06,0.7000000080132107,7325404012.513821,7325.404012513821,0.9075497207101431,0.5221830860639699
SPI6,B,779,-3.878710375272029e-06,351.57359925680646,-2.0641002807247552e-05,0.7000061790850951,6262736818.295091,6262.73681829509,0.8865229302309033,0.5735670829330771
SPI6,B,780,-2.42023845601223,0.0,-0.7493957167286796,0.7612061568122444,396207737.051562,396.207737051562,0.7954424164798803,0.6100348667591704
SPI6,B,781,-0.0004273481005543976,1518.4337070542724,-0.0012611220079617722,0.7000001213142408,8435120248.98222,8435.120248982219,0.9256412993204539,0.3960490269327925
SPI6,B,782,-0.0002205384402986857,0.0,-0.0354228664812144,0.7000010454966801,984538208.9043329,984.5382089043329,0.8530259365994235,0.6100348667591704
SPI6,B,783,-5.512175706649477e-05,2028.1633405496382,-0.00022050246551779464,0.7002006133002218,8960922524.305504,8960.922524305504,0.9311381506386307,0.3263955598249546
SPI6,B,784,-0.9974462408232724,0.0,-0.5647926603168127,0.7003458759194472,616686139.257623,616.6861392576229,0.8184171202903192,0.6100348667591704
SPI6,B,786,0.0,588.7276310406714,-0.0004096098489977042,0.7000305171769986,6943808940.120828,6943.808940120828,0.8998648023624006,0.5453089977585655
SPI6,B,787,-3.123926912890566,0.0,-1.8682684762423714,0.7956325850439333,44593015.45537332,44.59301545537332,0.7597217774931513,0.6100348667591704
SPI6,B,788,-3.172602560470346e-05,0.0,-0.00991026230247749,0.7000300180263642,1000999827.0007036,1000.9998270007036,0.8548582203721493,0.6100348667591704
SPI6,B,789,-3.1238666370183136e-09,1853.7955250367324,-0.0004737914548438584,0.7000006152269839,8794372826.129543,8794.372826129544,0.9295549151456932,0.34551001529868003
SPI6,B,790,-0.0013332557088709058,120.24386160955135,-7.64766941019244e-09,0.7000515470615327,5085576609.844174,5085.5766098441745,0.867479631408546,0.5980360764222437
SPI6,B,791,-3.4301058434089526e-05,849.2380579421767,-0.0007439812340116455,0.7001454643945604,7480786874.189262,7480.786874189263,0.9107517700217028,0.5099797203543601
SPI6,B,792,0.0,1810.3508470825743,-4.541676032076391e-05,0.7000297160387567,8751076652.830532,8751.076652830532,0.9289589781904861,0.351184758245277
SPI6,B,793,-2.2306240755747193e-08,22.827932834985933,-0.00010530739342390691,0.700000014511709,3762279586.6225514,3762.2795866225515,0.8579090617995517,0.6077845376596578
SPI6,B,794,-2.45713689343747,0.0,-0.07060302495307869,0.7229216326750536,886513149.639372,886.513149639372,0.8438645177357953,0.6100348667591704
SPI6,B,796,0.0,277.9785648762527,0.0,0.7,5978873584.668489,5978.8735846684895,0.8810438680755683,0.5818746219802895
SPI6,B,797,-0.05347440572299117,0.0,-0.7626842131120053,0.7228001597003533,452418206.4470105,452.4182064470105,0.8014907318461594,0.6100348667591704
SPI6,B,798,-0.029978376027045117,0.0,-0.6602480508246881,0.7002893301492147,553515520.8513304,553.5155208513304,0.8117017113174655,0.6100348667591704
SPI12,B,3,-0.042426367577777,0.0,-0.14603825061645953,0.7322057312308892,794545261.5425682,794.5452615425683,0.8381986693706195,0.6100348667591704
SPI12,B,5,-3.095524954631323,0.0,-0.32897806091102044,0.7005617762227938,766898305.0044477,766.8983050044477,0.8362774397836839,0.6100348667591704
SPI12,B,6,-2.016958586848271e-08,494.80150329051827,0.0,0.7,6684375440.720489,6684.375440720489,0.8947682072081687,0.558766499448536
SPI12,B,7,-2.597689182866022,0.0,-1.53123598982745,0.8556210815609956,68338789.70405212,68.33878970405212,0.7611804888461949,0.6100348667591704
SPI12,B,11,-3.6932582887080283,0.0,-1.353929605767141,0.7535862147823936,161877307.3015688,161.8773073015688,0.7717650407371828,0.6100348667591704
SPI12,B,12,0.0,684.4840014999058,-1.4145535152457658e-07,0.7,7138987631.434704,7138.987631434704,0.9034493186750631,0.5356316931725194
SPI12,B,13,-2.963647205273441,0.0,-0.693410679056126,0.9279197701736398,128943902.62503092,128.94390262503092,0.7670775963283168,0.6100348667591704
SPI12,B,15,0.0,198.22069764292516,-2.896584814318822e-08,0.7000000136218967,5576433929.510969,5576.433929510969,0.8746397694524497,0.5906713630056569
SPI12,B,16,-0.06892400420785616,0.0,-1.6137375293768006,0.8807273246763052,47733568.89992282,47.733568899922815,0.7592058917707334,0.6100348667591704
SPI12,B,17,0.0,132.37849496926444,0.0,0.7,5158976466.034564,5158.976466034564,0.8689116590173266,0.5972622478386168
SPI12,B,18,0.0,1223.0040844095568,-0.0007620288971872989,0.7000001223172715,8043673088.875458,8043.673088875457,0.9185967908350231,0.45647881310705524
SPI12,B,19,-0.0002782389333141358,158.86246090655754,-0.0007620288971872989,0.7000001223172715,5342244201.159395,5342.244201159395,0.8712064610239442,0.5946472409008433
SPI12,B,21,-2.5511095552912235,0.0,-0.6095158070063607,0.700005005838656,590522402.5621425,590.5224025621425,0.8175899242181663,0.6100348667591704
SPI12,B,23,-3.330763287372845,0.0,-0.6716951271756361,0.7914156570299772,383235667.3987703,383.23566739877026,0.7941260184295729,0.6100348667591704
SPI12,B,26,-5.5841137605597215e-08,715.0443405992532,0.0,0.7000165632687894,7202745449.10016,7202.74544910016,0.9047034546554239,0.531513501974597
SPI12,B,27,-0.002160575240074708,148.04978209075097,0.0,0.7,5270694805.615596,5270.694805615596,0.8702547408118974,0.5956879069270999
SPI12,B,29,0.0,339.8040668444341,0.0,0.7,6199911016.213091,6199.911016213091,0.8856601558330666,0.5763066140107447
SPI12,B,30,-6.916804115426599e-09,455.434933242983,-0.001005447270484776,0.7,6573225059.834815,6573.225059834815,0.8925801401786032,0.563293841391824
SPI12,B,31,0.0,231.64418494010124,-1.7209622932311948e-09,0.7000015486634695,5748551596.381257,5748.551596381257,0.8774771409257481,0.5874159462055716
SPI12,B,32,-0.0011901004543900878,600.0915520776797,-0.0004023562714598177,0.7000313233704086,6950070528.508777,6950.070528508777,0.8997669619667699,0.5458070943181413
SPI12,B,33,-0.20794324418795673,0.0,-0.16748831461056551,0.7000051463191183,876921696.2314832,876.9216962314832,0.8468264133489879,0.6100348667591704
SPI12,B,36,-2.125036910671051,0.0,-0.1433088333946133,0.7000082830087584,891955809.1552458,891.9558091552458,0.8482050734692427,0.6100348667591704
SPI12,B,37,0.0,804.4529046067321,0.0,0.7000000015786292,7378479630.838386,7378.479630838386,0.9079321877112462,0.5199149678016153
SPI12,B,38,-3.522512753913101e-09,1102.682687682392,0.0,0.7000015479045752,7873300165.331091,7873.300165331091,0.9159195218273027,0.4756377414878856
SPI12,B,39,-0.0003011981566607738,830.3709605288982,-0.0027358524760299416,0.700000080223738,7425202908.857658,7425.202908857658,0.9086704379691892,0.5164371864660049
SPI12,B,40,-2.709175154771228,0.0,-0.6606592131785036,0.7459154032350788,472402156.9548716,472.4021569548716,0.8037410609456719,0.6100348667591704
SPI12,B,41,0.0,215.94312238929493,0.0,0.7000296189434941,5670142001.811749,5670.14200181175,0.8761785320382823,0.5889369196285622
SPI12,B,43,-2.692982545091885,0.0,-0.017346717917641863,0.7000066864216438,975690746.1430265,975.6907461430264,0.855694311025723,0.6100348667591704
SPI12,B,44,0.0,21.532630341181516,-0.0008831943003283771,0.7,3703867021.8200073,3703.8670218200073,0.8588074145230726,0.6080335859394457
SPI12,B,45,-3.1605084041550313,0.0,-0.8198823896706409,0.8694075900347579,198353271.97315902,198.35327197315902,0.7737307432312235,0.6100348667591704
SPI12,B,46,-8.312267133807843e-06,413.3960821941647,-0.0010641859091113802,0.7000000019829122,6446594083.422184,6446.594083422184,0.8901074465435656,0.5678122887536913
SPI12,B,47,-0.0008477382861755388,319.93005774788145,-5.2701388345992095e-08,0.7000369086534357,6126049914.882429,6126.049914882429,0.8841302878286548,0.5783078948304692
SPI12,B,48,-0.013286869928903267,6.112405211447481,0.0,0.7000079278337918,3005752524.61044,3005.7525246104397,0.8573842814957128,0.6094300352225426
SPI12,B,51,-0.000518531287247612,1438.8316381008249,-2.8803907473242542e-05,0.7000233485775712,8320507777.374393,8320.507777374394,0.9224926174974205,0.42041128544490697
SPI12,B,52,-1.258281156807248e-05,861.8244293935411,-0.0010050920625039007,0.7000003357211717,7482882407.504199,7482.882407504199,0.9099334685309709,0.5118831607784537
SPI12,B,53,0.0,98.66279241799509,-0.001244637155582882,0.7,4878459380.653388,4878.459380653388,0.8660387092183442,0.6003842459173873
SPI12,B,54,-2.125036910671051,0.0,-0.10561243567553574,0.7000082830087584,917112924.3222649,917.1129243222649,0.850633294197175,0.6100348667591704
SPI12,B,55,0.0,2059.728078922607,-0.0010715088276755038,0.7000008222847108,8968988884.623213,8968.988884623213,0.9303910057992671,0.33933717579250716
SPI12,B,56,0.0,1712.2681726881144,-4.255156119866654e-12,0.7000050066577486,8628468693.496714,8628.468693496714,0.9265129682997119,0.37858896360337285
SPI12,B,57,-0.0005184215032503969,1540.2888508965898,0.0,0.7006401690623315,8437554592.7090845,8437.554592709084,0.9241203258974632,0.4044633009570569
SPI12,B,58,-0.000272862784176461,286.9180930259443,0.0,0.7000403465640935,5995436139.295333,5995.436139295333,0.8817910129149321,0.5818034653289216
SPI12,B,59,-7.684458725585501e-07,1180.8640211323611,-0.0010638091937101028,0.7000003929777808,7985147045.748823,7985.147045748823,0.9175739139716085,0.4633187462198029
SPI12,B,61,-0.0003301078267825743,53.52000742731184,0.0,0.7000259382435663,4355717370.842063,4355.717370842063,0.8621695663002099,0.6049827445120433
SPI12,B,63,-2.707589699899049,0.0,-0.21379590846483332,0.7000043343227808,845747471.2247808,845.7474712247808,0.8438022556658485,0.6100348667591704
SPI12,B,64,-3.330763287372845,0.0,-0.7483583560187616,0.7356478617186947,442098323.2826413,442.0983232826413,0.8006190628669013,0.6100348667591704
SPI12,B,65,-0.20151585446889908,0.0,-0.4333622153064294,0.7000050610184589,705024141.1059293,705.0241411059293,0.8299800761376169,0.6100348667591704
SPI12,B,67,-0.2067710575554061,0.0,-0.46254060442385636,0.700005251537147,685058096.7367116,685.0580967367116,0.8278009036894723,0.6100348667591704
SPI12,B,68,-0.0010525759444560585,249.02893589854176,-0.001094663830730827,0.7000000957358042,5830107104.318422,5830.107104318422,0.8789180631159498,0.5856370299213718
SPI12,B,70,-0.0008085809935348292,1295.2301853890729,0.0,0.7004239505910567,8138915005.019082,8138.915005019082,0.9200288184438039,0.44373287793076455
SPI12,B,71,0.0,355.6648722590742,-0.0001237493793747775,0.7,6256377753.272215,6256.377753272215,0.8866029814636923,0.5746433272850179
SPI12,B,72,-2.7333841195621047,0.0,-0.05377661648309424,0.7000484449018779,952487993.8127273,952.4879938127274,0.8535418223218416,0.6100348667591704
SPI12,B,73,-1.1588209570579366e-10,545.2148562530688,-2.681951971243951e-06,0.7000050375386968,6816594921.938703,6816.594921938703,0.8970452200519444,0.5527270786636781
SPI12,B,74,-2.8001544557167017,0.0,-0.6377594818911229,0.700001388137592,572544593.4858327,572.5445934858327,0.8155975379798627,0.6100348667591704
SPI12,B,75,0.0,523.7548120640312,-1.243901460268231e-08,0.7000212727939443,6761426958.620686,6761.426958620686,0.8961023944213186,0.5551197210659267
SPI12,B,77,-2.489935513664853e-05,1901.2432042279381,-0.0001251322732979572,0.7000000379397967,8819878504.533022,8819.878504533022,0.9288967161205393,0.35537410609456715
SPI12,B,79,-1.935825883658835e-07,993.5991369250112,-0.0010022272132801878,0.7000066412215882,7705320996.713081,7705.3209967130815,0.9132422528195824,0.4928843348632014
SPI12,B,80,-0.0005266526323060145,82.33610352033212,-0.0010951107298038305,0.7000003375950855,4715758330.162308,4715.758330162308,0.8645444195396164,0.6020208488988508
SPI12,B,81,0.0,301.60886634726114,-5.189138505303208e-06,0.7000152637631158,6054979976.613348,6054.979976613348,0.882867257266873,0.5802380189988259
SPI12,B,82,0.0,114.92224167848326,-4.916037311578913e-06,0.700000147457906,5021937088.358101,5021.9370883581005,0.867257266873021,0.5989344291457646
SPI12,B,84,-0.0011829221507905787,1063.9923477325879,-2.825948982761769e-08,0.7000403962467867,7815377553.356358,7815.377553356358,0.9149766961966769,0.4816949514355855
SPI12,B,85,-2.0131737156801797,0.0,-1.3952303532034231,0.7667711082707326,143332937.65983385,143.33293765983385,0.7697548653360373,0.6100348667591704
SPI12,B,86,0.0,1610.1647471101408,-0.0001237493793747775,0.7,8518140464.965609,8518.140464965609,0.925267726900772,0.393585227879176
SPI12,B,87,-0.0005350852406633287,398.6824169286253,-4.79457387283179e-06,0.700125863634319,6400236759.080815,6400.236759080815,0.8892446721457289,0.569546732130786
SPI12,B,88,0.0,1773.7513507655244,-4.916037311578913e-06,0.700000147457906,8692482512.440006,8692.482512440007,0.9272601131390756,0.3706549969758423
SPI12,B,90,-7.031849640672654e-08,35.095508457811036,-0.00010906760830604531,0.7000066458330938,4036272292.588817,4036.272292588817,0.8602394421318533,0.6067794499590851
SPI12,B,92,-0.002325682497523995,0.0,-0.5080783640721944,0.7114332040764372,630748985.5197179,630.748985519718,0.8219126907887715,0.6100348667591704
SPI12,B,94,-6.662784434416559e-08,1831.0526704079978,-6.528301924231726e-06,0.7000066458330938,8750456185.637022,8750.456185637022,0.9279627850713345,0.3636994343046216
SPI12,B,95,-8.312267133807843e-06,1384.5462150491294,-0.0010641859091113802,0.7000000759720453,8253499741.617884,8253.499741617883,0.9215408972853736,0.42903013484185437
SPI12,B,96,-2.755572191796974,0.0,-0.5190471821741776,0.7000122575912254,648292707.9718215,648.2927079718215,0.8239762336784431,0.6100348667591704
SPI12,B,97,-1.9391816346312658,0.0,-0.6597556791639367,0.7018781965891399,554930609.8049849,554.9306098049849,0.8134539438574022,0.6100348667591704
SPI12,B,98,-0.0009764798880907156,478.6511400914296,0.0,0.700037986487553,6639705295.122825,6639.705295122824,0.8938253815775428,0.5606877290354715
SPI12,B,99,-0.000839029015375684,434.52697445912736,-4.657739962951134e-09,0.7000000258661859,6511982054.187811,6511.982054187811,0.8914861066638203,0.5655530650727577
SPI12,B,101,-3.2201415185880693,0.0,-0.30748853717290314,0.7002983206490592,780439247.096936,780.439247096936,0.8376649944853596,0.6100348667591704
SPI12,B,102,-1.9727000174683567,0.0,-0.6541573208064833,0.716887344304813,530621711.9090107,530.6217119090107,0.8106788344540506,0.6100348667591704
SPI12,B,103,-9.785930202962875e-08,573.9124719610945,-2.4541173737141963e-05,0.7000172738374218,6887727202.603131,6887.727202603131,0.8984505639164622,0.5491336677695947
SPI12,B,104,-2.753569766781275,0.0,-0.2323423858301986,0.7000122575912254,832740108.2335386,832.7401082335386,0.8425303305226457,0.6100348667591704
SPI12,B,105,0.0,158.09569639658537,0.0,0.7,5337652437.872554,5337.6524378725535,0.871153093535418,0.5947272921336321
SPI12,B,108,0.0,1899.3224875098228,0.0,0.7,8818077020.876375,8818.077020876375,0.9288700323762763,0.3555519977229872
SPI12,B,109,-0.5651641741574309,0.0,-0.74855041366191,0.7371182395387573,439561201.3911492,439.5612013911492,0.8002188067029564,0.6100348667591704
SPI12,B,111,0.0,320.93611568316254,0.0,0.7,6129994870.842522,6129.994870842522,0.8842281282242859,0.5781566869463122
SPI12,B,113,-2.02170274086584,0.0,-0.6886163628134138,0.7941220394317507,370746113.9258706,370.7461139258706,0.7927918312164229,0.6100348667591704
SPI12,B,114,0.0,35.27447409582851,0.0,0.7,4040048618.646068,4040.048618646068,0.8602572312946953,0.6067438716334009
SPI12,B,115,0.0,545.8597490974087,0.0,0.7,6818243240.275168,6818.243240275168,0.8970719037962073,0.552602554523784
SPI12,B,117,0.0,1392.8714988249164,0.0,0.7,8264418883.904089,8264.418883904089,0.9217543672394776,0.42770484221012556
SPI12,B,118,-3.0079999585094703,0.0,-0.7131982113957803,0.7,524219819.7739751,524.219819773975,0.8102429999644215,0.6100348667591704
SPI12,B,120,-3.564126087854051,0.0,-0.14073393928190148,0.7,893485015.2760469,893.4850152760469,0.8483740705162416,0.6100348667591704
SPI12,B,121,0.0,895.7810996349217,0.0,0.7,7543071080.095012,7543.071080095012,0.9108673995801757,0.5074180809051126
SPI12,B,122,0.0,270.62512862122696,0.0,0.7,5926857532.575786,5926.857532575786,0.8806258227487815,0.5834311737289642
SPI12,B,123,0.0,198.22577496673418,-0.0011939889748316603,0.7,5575776071.276061,5575.776071276061,0.8746041911267656,0.5906713630056569
SPI12,B,124,0.0,418.09090022363443,0.0,0.7,6461836060.703341,6461.83606070334,0.8904721243818265,0.5672074572170634
SPI12,B,125,-0.021927782462539236,69.40923992814058,-1.637792331705398e-06,0.7,4569007842.907775,4569.007842907775,0.8635749101647278,0.6032571957163696
SPI12,B,126,-2.566808434392954,0.0,-0.6400238191709089,0.7,570562175.0860348,570.5621750860348,0.8152773330487068,0.6100348667591704
SPI12,B,127,-4.0,0.0,-0.05486034761737934,0.7,951737480.6395813,951.7374806395813,0.8534795602518945,0.6100348667591704
SPI12,B,128,-2.239326042833436,0.0,-0.520240648876595,0.7,647533030.7231914,647.5330307231914,0.823905077027075,0.6100348667591704
SPI12,B,129,-0.001337836146494787,600.585703252624,0.0,0.7,6951563049.126761,6951.563049126761,0.8998025402924539,0.5457626214110364
SPI12,B,131,-3.3309205843074827,0.0,-0.6639165217892032,0.7000437586606113,555963342.4573131,555.963342457313,0.8136051517415592,0.6100348667591704
SPI12,B,132,0.0,118.55920100895256,-0.0023398193530370813,0.7000052502371028,5050561361.355674,5050.561361355673,0.8674262639200199,0.5986142242146085
SPI12,B,133,-3.871731244388197,0.0,-0.5401697955299933,0.7,634347860.1975591,634.3478601975592,0.8223307361155583,0.6100348667591704
SPI12,B,134,0.0,84.23828758350271,0.0,0.7,4736559975.416044,4736.559975416044,0.8646867328423524,0.6018696410146936
SPI12,B,135,0.0,20.08958928622647,0.0,0.7,3660179422.1964054,3660.1794221964055,0.8587095741274416,0.6081936884050236
SPI12,B,136,-0.008519223713510327,55.51446291414959,0.0,0.7,4385030139.442039,4385.0301394420385,0.8624186145799979,0.6047159070694134
SPI12,B,137,0.0,858.9601985820455,0.0,0.7,7478311074.481795,7478.311074481795,0.9098712064610239,0.5123367844309248
SPI12,B,138,0.0,1603.7627204817454,0.0,0.7,8511119878.031588,8511.119878031588,0.925178781086562,0.39460810474259084
SPI12,B,139,0.0,1344.992205989945,0.0,0.7000142948223919,8204323885.150224,8204.323885150223,0.9208915928416407,0.4353630768136051
SPI12,B,141,0.0,679.0844403722405,0.0,0.7,7127444123.77404,7127.44412377404,0.9032269541395381,0.5363165759419362
SPI12,B,142,0.0,213.14904061192715,0.0,0.7000032690714821,5655837463.840402,5655.837463840402,0.8759205891770735,0.5892126516526133
SPI12,B,143,0.0,97.27406498783108,0.0,0.7,4866155006.439797,4866.155006439797,0.8659230796598711,0.6005265592201232
SPI12,B,144,0.0,1981.82214770013,-0.0012710244535770775,0.7000134634643618,8896387451.649109,8896.387451649109,0.9295727043085351,0.34706656704735467
SPI12,B,145,0.0,1435.1283429229752,0.0,0.7,8316092695.280463,8316.092695280464,0.9224481445903154,0.42099832781869284
SPI12,B,146,0.0,713.694859264984,-0.0006226203913355724,0.7,7199646422.039068,7199.646422039068,0.9046411925854769,0.531655815277333
SPI12,B,149,0.0,376.29333156274606,0.0,0.7,6327174552.790664,6327.174552790664,0.8879638524211051,0.5720994769986124
SPI12,B,150,0.0,525.1663005814522,0.0,0.7,6765175482.7308655,6765.175482730865,0.8962180239797914,0.5550129860888746
SPI12,B,151,0.0,1290.8922212224866,0.0,0.7,8134646970.943168,8134.646970943168,0.9200021346995411,0.4443643932116555
SPI12,B,153,0.0,1263.0640881063418,-0.00418689659583067,0.7,8095738213.845037,8095.7382138450375,0.9193261465115451,0.44937204255167745
SPI12,B,155,-1.9264400855332955,0.0,-1.0424504709014688,0.9552179056048519,49756646.384976655,49.756646384976655,0.7594460454691001,0.6100348667591704
SPI12,B,156,-3.4284914642462834,0.0,-1.0739227327663512,0.7000499049960346,314724567.831577,314.724567831577,0.7882555946917137,0.6100348667591704
SPI12,B,157,-3.873510692534831,0.0,-1.0855123787147591,0.8790296082185544,124762130.80108444,124.76213080108444,0.766535026861636,0.6100348667591704
SPI12,B,159,-2.9054441907973136,0.0,-0.4325924813006072,0.700000079397327,705429327.6653186,705.4293276653186,0.8300245490447219,0.6100348667591704
SPI12,B,161,-0.35652853327833256,0.0,-0.4597261867431492,0.7012568122277038,683845954.9162301,683.8459549162301,0.8276585903867364,0.6100348667591704
SPI12,B,162,-0.029131689447792375,0.0,-0.07091346927504721,0.7,940852560.6951829,940.8525606951829,0.8525901021097949,0.6100348667591704
SPI12,B,164,0.0,179.17289053350947,0.0,0.7,5468200380.652035,5468.200380652035,0.8730031664709857,0.5926815384068026
SPI12,B,165,0.0,573.4902922305064,0.0,0.7,6886753348.26644,6886.75334826644,0.8984238801721991,0.5491692460952787
SPI12,B,166,-2.583792646302617,0.0,-0.6456438602369575,0.7510677092879837,470721952.6648918,470.7219526648918,0.8035809584800938,0.6100348667591704
SPI12,B,167,-0.044788357039998505,186.42998772944713,0.0,0.7,5510399183.93797,5510.3991839379705,0.8732611093321948,0.5923791226384885
SPI12,B,168,-3.323537203332297,0.0,-0.18983737959911134,0.700046874338987,862113210.3590989,862.113210359099,0.8453765965773651,0.6100348667591704
SPI12,B,170,-3.3022418728352214,0.0,-0.30705590976144975,0.7000000001693146,781398750.7770188,781.3987507770188,0.8377895186252535,0.6100348667591704
SPI12,B,172,-7.543479110045181e-06,628.9890604473815,0.0,0.7000138085820398,7017107989.694334,7017.107989694334,0.9010922545984984,0.5422492617497421
SPI12,B,173,0.0,335.9061018173573,-0.00012135865649798294,0.700003969444558,6185637380.353863,6185.637380353863,0.8854288967161206,0.5766890810118476
SPI12,B,174,0.0,286.47158798381014,0.0,0.7,5993728116.997294,5993.728116997295,0.881764329170669,0.5818123599103425
SPI12,B,175,0.0,143.97834526912098,0.0,0.7,5242582605.007542,5242.582605007542,0.8699523250435837,0.5961237414167291
SPI12,B,176,-2.8962557855283246,0.0,-0.01679204987252611,0.7000000060081744,976188096.388552,976.1880963885519,0.8557032056071441,0.6100348667591704
SPI12,B,177,-0.0008710870215202574,355.45136578352094,0.0,0.7,6255718941.2253895,6255.718941225389,0.8865762977194294,0.574687800192123
SPI12,B,179,-3.4834210597196877,0.0,-0.2357296530804781,0.7000722380015444,830503615.9629207,830.5036159629207,0.8423257551499629,0.6100348667591704
SPI12,B,180,-0.0024203180019037856,131.70921822790365,0.0,0.7,5153985033.509485,5153.985033509485,0.8688227132031167,0.5973156153271426
SPI12,B,181,0.0,1827.1476234668544,0.0,0.7,8746571288.092503,8746.571288092502,0.9279272067456504,0.36414416337567157
SPI12,B,182,0.0,926.7875287836931,0.0,0.7,7596106547.65627,7596.10654765627,0.9116768064894865,0.5029441064503506
SPI12,B,183,0.0,1106.5886174890816,0.0,0.7,7879074427.384899,7879.0744273848995,0.9160262568043548,0.4750951720212047
SPI12,B,184,-9.619522540862447e-05,434.56429871884586,-1.2151270850779594e-07,0.7,6512094353.799846,6512.0943537998455,0.8914950012452414,0.5655530650727577
SPI12,B,185,-3.9954220647215863,0.0,-0.6240099571423309,0.8039428145646766,380204721.7417753,380.2047217417753,0.7938413918241009,0.6100348667591704
SPI12,B,186,-3.764368837826435,0.0,-0.6456438602369575,0.7328505382926153,505160127.0737005,505.1601270737005,0.8076635713523322,0.6100348667591704
SPI12,B,189,-0.0005018747190334699,1142.2096495820495,0.0,0.7000000000346782,7930951876.561615,7930.951876561615,0.9168356637136655,0.4695805315401857
SPI12,B,190,0.0,1539.3544536175566,-0.0011939889748316603,0.7,8437930895.274505,8437.930895274505,0.9241381150603053,0.404498879282741
SPI12,B,191,-2.02170274086584,0.0,-0.6886163628134138,0.9510714456557928,88213268.06280279,88.2132680628028,0.7632351371544457,0.6100348667591704
SPI12,B,193,0.0,473.55398844088995,0.0,0.7,6625532852.610783,6625.532852610782,0.8936385953677018,0.5612569822464154
SPI12,B,194,0.0,1219.8726904469654,0.0,0.7000384862542365,8039648349.611518,8039.648349611518,0.9185256341836552,0.4570658554808411
SPI12,B,196,-3.9375560512901524,0.0,-0.2801756718389645,0.7000000819953853,799909462.7093616,799.9094627093616,0.8393104920482444,0.6100348667591704
SPI12,B,199,-4.0,0.0,-2.540891246948595,0.7608955571084999,9500943.160263984,9.500943160263983,0.7565108336001707,0.6100348667591704
SPI12,B,203,0.0,302.4105525048969,-2.400791040035286e-05,0.7000001239008721,6058211029.107963,6058.2110291079625,0.8829650976625039,0.5801579677660369
SPI12,B,204,0.0,250.44085060332543,0.0,0.7000418893645907,5837070429.47794,5837.07042947794,0.8790247980930017,0.5855036112000569
SPI12,B,205,-0.001459268260929139,6.157714056847833,0.0,0.7,3009299650.4351296,3009.2996504351295,0.8573931760771337,0.6094211406411216
SPI12,B,206,0.0,235.56289391668574,-0.001122835311690966,0.7,5766782012.648372,5766.782012648372,0.8776995054612732,0.5869890062973636
SPI12,B,207,-1.4949446315058923,0.0,-0.902382747812229,0.8828639255682418,160002191.8957033,160.00219189570328,0.7698704948945105,0.6100348667591704
SPI12,B,209,0.0,1178.5304795247807,-0.0006514481978391812,0.7,7982140049.324804,7982.140049324805,0.9175383356459245,0.46373679154658987
SPI12,B,210,0.0,1769.8665536479784,0.0,0.7,8688480376.639534,8688.480376639534,0.9272156402319707,0.3711264097911553
SPI12,B,211,-0.6517763887373463,0.0,-1.0872881064709217,0.8820145867100742,121377168.03224652,121.37716803224652,0.766250400256164,0.6100348667591704
SPI12,B,213,-1.664929325007968,0.0,-0.23572744176036603,0.7003350313269353,829776055.8257991,829.7760558257991,0.8422457039171739,0.6100348667591704
SPI12,B,214,-0.0016183252752109828,0.0,-0.66298898351326,0.7008856622282439,554967467.8040049,554.9674678040049,0.8135428896716121,0.6100348667591704
SPI12,B,215,-0.1641888975287192,0.0,-1.0717971161369466,0.8684039440922059,138576604.2254008,138.5766042254008,0.7680293165403634,0.6100348667591704
SPI12,B,217,0.0,286.92874191024544,0.0,0.700003241922775,5995604681.7509165,5995.604681750917,0.8818088020777741,0.5817767815846585
SPI12,B,218,-0.1317162934037251,0.0,-0.6594771505401357,0.7114768836519626,537390219.8977617,537.3902198977617,0.8114437684562564,0.6100348667591704
SPI12,B,219,-5.835909456158773e-07,376.124018930923,0.0,0.7000000919260227,6326605147.056902,6326.605147056902,0.887937168676842,0.5721172661614544
SPI12,B,221,-0.1317454333179528,0.0,-0.6621055941942224,0.8822384689917545,218712654.32896695,218.71265432896695,0.775972177749315,0.6100348667591704
SPI12,B,222,-0.6732520466728719,0.0,-0.6384470440501465,0.7003920965522842,571497948.3515259,571.4979483515259,0.8154374355142848,0.6100348667591704
SPI12,B,224,-8.022216456186572e-07,1219.9200521737916,-0.0009196446119035428,0.7,8039362035.024053,8039.362035024053,0.9185167396022343,0.4570658554808411
SPI12,B,227,-0.18764510529585532,0.0,-0.5723708102030096,0.7935377236799893,422243664.82406497,422.243664824065,0.7987778845127549,0.6100348667591704
SPI12,B,228,-0.000532031798601604,864.7281763920203,-1.3469135516355518e-05,0.7000146075232627,7488536334.123686,7488.536334123686,0.9100224143451809,0.5115451666844558
SPI12,B,229,-0.000508686930148597,1292.7919778331432,-5.350685534578885e-05,0.7000529718680585,8136882171.803893,8136.8821718038935,0.9200110292809619,0.4440975557690255
SPI12,B,230,-0.21126920992754783,0.0,-0.7549745503509601,0.7018508463959662,494298101.13078713,494.29810113078713,0.8070587398157042,0.6100348667591704
SPI12,B,231,-2.1019153511204296,0.0,-1.3026909839580136,0.9071891118730145,66728950.99763526,66.72895099763527,0.7607891272636712,0.6100348667591704
SPI12,B,233,-1.9876901373919837e-05,742.463972567781,0.0,0.7000016244592796,7258380638.933549,7258.380638933549,0.9057352261002597,0.5282669797559327
SPI12,B,234,-0.025267200811871282,0.0,-0.21210307294068081,0.7005162984066556,845135436.6016525,845.1354366016525,0.8437577827587435,0.6100348667591704
SPI12,B,235,-6.904756856369326e-07,1484.1476978882126,-0.0006606371788402678,0.700011849881523,8374165396.461902,8374.165396461902,0.9233020244067313,0.4132867257266873
SPI12,B,236,-4.0,0.0,-0.8274449990107875,0.9775138322421626,33925269.463291615,33.92526946329161,0.7583075390472124,0.6100348667591704
SPI12,B,237,-2.857014022704125,0.0,-0.518479423502264,0.7000549062175607,648649151.8135417,648.6491518135416,0.8240029174227061,0.6100348667591704
SPI12,B,238,-0.0005979558563164235,715.6179833705808,0.0,0.7000067685604815,7203955018.639225,7203.955018639225,0.9047212438182659,0.531433450741808
SPI12,B,239,0.0,433.7198087959957,0.0,0.7,6509556200.914055,6509.556200914055,0.8914505283381364,0.5655886433984417
SPI12,B,240,0.0,68.96999732965975,0.0,0.7000108053143913,4563609476.975514,4563.609476975515,0.8635838047461486,0.6032127228092646
SPI12,B,241,-3.7566258597796343,0.0,-0.12464523324103642,0.7065299309637116,884194697.3374217,884.1946973374216,0.8474490340484576,0.6100348667591704
SPI12,B,242,-1.550509333808726,0.0,-1.0859622094976968,0.714445898395775,294099992.5336745,294.0999925336745,0.7857295335681505,0.6100348667591704
SPI12,B,243,-0.0005530231674729931,335.9204002842714,0.0,0.7000000030650745,6185792250.632025,6185.792250632025,0.8854288967161206,0.5767157647561105
SPI12,B,245,-0.18764510529585532,0.0,-0.5727353340963234,0.7010517048420721,611198283.7087755,611.1982837087755,0.8201248799231509,0.6100348667591704
SPI12,B,246,-7.896276574709648e-05,143.60725540213932,-0.000290434429960848,0.7000135934974155,5239762720.686515,5239.7627206865145,0.8698989575550576,0.596194898068097
SPI12,B,247,-8.126571546338696e-08,213.71434106618517,-1.0181774609226584e-07,0.7000000838552688,5658770739.743513,5658.770739743513,0.8760006404098625,0.5891503895826662
SPI12,B,248,-7.71945530936638e-07,6.007784008912978,0.0,0.7000000222117383,2997572120.9173017,2997.5721209173016,0.8573753869142918,0.6094389298039636
SPI12,B,249,-0.1641888975287192,0.0,-1.0717971161369466,0.898461216817832,106955636.46762656,106.95563646762656,0.7648717401359093,0.6100348667591704
SPI12,B,251,-6.008539425833936e-08,774.4029095378072,-0.0007040441487862566,0.7,7320798070.450121,7320.798070450121,0.9067581029636744,0.5239708969295905
SPI12,B,254,-0.0005445384881807955,1097.7957298547365,0.0,0.7000002950823703,7866089689.165319,7866.089689165319,0.9158661543387767,0.4764382538157755
SPI12,B,255,0.0,249.32003421689603,-0.000725238162625002,0.7000233292706886,5831626863.98093,5831.6268639809305,0.8789447468602128,0.5856103461771089
SPI12,B,258,-0.8049120892658639,0.0,-0.5372293091189755,0.7015539801402522,632801287.0657744,632.8012870657744,0.8221261607428754,0.6100348667591704
SPI12,B,259,-4.522016433138745e-06,548.5822120440567,-5.0221253677320924e-08,0.700114560500355,6824716136.592982,6824.716136592982,0.8971875333546803,0.5523179279183121
SPI12,B,260,-1.468797147688682,0.0,-0.9991203293585513,0.7003337001445357,357563695.12798584,357.56369512798585,0.7926495179136871,0.6100348667591704
SPI12,B,261,-1.688530169155337e-05,826.887366697789,0.0,0.7000008665326141,7420198716.569317,7420.198716569317,0.9086348596435052,0.5168463372113709
SPI12,B,262,-0.0005794779978189597,629.6859540826813,-1.9360945167571546e-05,0.7000033229884717,7018726310.131359,7018.726310131359,0.9011100437613405,0.5422136834240581
SPI12,B,263,0.0,454.00954249289833,-0.0009148841381204201,0.7,6569149823.42559,6569.14982342559,0.8925356672714982,0.563400576368876
SPI12,B,265,-8.076995147391508e-05,496.1192993678979,-0.0002878806385028845,0.700000023293035,6687778001.295903,6687.778001295903,0.8948660476037996,0.558641975308642
SPI12,B,266,-6.437605919246173e-07,415.49841338425733,-9.939554747148986e-05,0.7000103753290475,6453660531.834123,6453.660531834123,0.8903387056605114,0.5675365567296404
SPI12,B,267,-2.13679719409156,0.0,-0.2785528521140541,0.7,800979671.2992212,800.9796712992212,0.8393905432810332,0.6100348667591704
SPI12,B,268,-6.518970498224591e-07,321.44793137803856,-0.0005093768717985615,0.7000004402402585,6131623056.511432,6131.623056511432,0.8842370228057068,0.5780944248763652
SPI12,B,270,-6.513763263163525e-05,35.03523639205746,0.0,0.700057124520306,4034960036.86231,4034.96003686231,0.8602038638061694,0.6067794499590851
SPI12,B,272,-0.014248485085941232,0.0,-0.014010739980948917,0.7003221897494893,977221661.5531701,977.2216615531701,0.8557298893514071,0.6100348667591704
SPI12,B,273,-4.792377959068313e-09,523.1596371945,-0.00045354728216326357,0.7000134144653722,6759672283.306525,6759.672283306525,0.8960757106770555,0.5552353506243995
SPI12,B,274,-1.891510564439105e-06,574.2882067628616,-0.00014239984243543205,0.7000034357047167,6888553033.50524,6888.553033505241,0.898477247660725,0.5490891948624897
SPI12,B,276,-0.18636054288476817,96.46209429489954,-0.0006908783622636156,0.7000147740246808,4857968895.443852,4857.9688954438525,0.8650247269363504,0.6015494360835378
SPI12,B,277,-5.8279926442769345e-05,355.15777096051124,-0.0007384799010521192,0.700002981583503,6254293512.501948,6254.2935125019485,0.8865585085565875,0.5747055893549649
SPI12,B,281,-0.00020548714062140067,82.53385727908721,-0.0007172505244470176,0.7000247629872774,4718043615.154392,4718.043615154393,0.8645711032838794,0.6020030597360088
SPI12,B,282,-0.00989582519748336,0.0,-0.2971872739712462,0.7018508463959662,783463664.2384958,783.4636642384959,0.8378162023695166,0.6100348667591704
SPI12,B,284,-0.00011231468363859243,0.0,-0.0520963005809498,0.7001049566957369,953457010.0315639,953.4570100315639,0.8536129789732094,0.6100348667591704
SPI12,B,285,-1.7852910448017654,0.0,-0.4327354723555855,0.7000794668345065,705242689.0973251,705.2426890973251,0.8299978653004589,0.6100348667591704
SPI12,B,286,0.0,198.13947386262936,0.0,0.7000199953474915,5575923330.749278,5575.923330749278,0.8746219802896077,0.590680257587078
SPI12,B,287,-7.71945530936638e-07,1654.029071781772,0.0,0.7000000654248608,8566128219.715852,8566.128219715853,0.9258547692745579,0.3866385597893764
SPI12,B,289,-6.437605919246173e-07,394.80468085283985,-0.00010118717021544792,0.7000103753290475,6388042994.715741,6388.042994715741,0.889102358842993,0.5698758316433629
SPI12,B,290,0.0,1264.6434188999604,0.0,0.7000051971032683,8099983681.954078,8099.983681954078,0.919477354395702,0.4490429430391006
SPI12,B,291,0.0,1897.921858189246,-7.149087222702699e-06,0.7000000871661741,8816707509.975193,8816.707509975193,0.9288433486320135,0.35573878393282815
SPI12,B,292,-0.02783539582855199,54.927966197721,-0.0011880437495617319,0.700318892576263,4374776361.9338,4374.776361933799,0.8621873554630519,0.6048760095349912
SPI12,B,293,-2.565679197860673,0.0,-0.9795653210977897,0.8364008711439938,201049664.42157313,201.04966442157314,0.7742999964421675,0.6100348667591704
SPI12,B,294,-0.0005238927916232092,1390.145241597192,-7.162255522871752e-06,0.700000974386264,8261028720.53354,8261.028720533539,0.9216832105881096,0.4281762550254385
SPI12,B,296,0.0,1028.4449277574827,-6.623541900835814e-07,0.7000117671591771,7760810943.584459,7760.810943584459,0.9142117621944711,0.4873252214750774
SPI12,B,297,0.0,962.1741677310574,0.0,0.7000003962494703,7654932544.707733,7654.9325447077335,0.9125751592130074,0.4977763546447504
SPI12,B,298,-4.050537624258843e-06,233.99782911167335,-0.0005588656095938327,0.7000199342721213,5759572613.166576,5759.572613166576,0.8776283488099051,0.5871668979257836
SPI12,B,299,-0.0005230311398369307,1766.9692843377054,-1.4890834981686916e-05,0.7000003237085595,8685481977.065578,8685.481977065578,0.9271711673248656,0.3716156117693102
SPI12,B,301,-0.15355347786332763,0.0,-0.1311581734636184,0.7002136455158235,899544906.6633779,899.5449066633779,0.8489077454015015,0.6100348667591704
SPI12,B,302,-3.5739006540010883e-06,302.07723789200526,-0.0006926610721119567,0.7000015005681155,6056499837.052327,6056.499837052327,0.8828939410111359,0.5801846515102999
SPI12,B,303,-0.2178417201321543,0.0,-0.6922288889118846,0.7367691844661732,471438516.79539883,471.4385167953988,0.803625431387199,0.6100348667591704
SPI12,B,305,-1.3084855865008396,0.0,-1.1993618992155795,0.7071209260354027,252440351.04697782,252.4403510469778,0.781620236951649,0.6100348667591704
SPI12,B,306,-0.16391900407997448,0.0,-0.07036598139627065,0.7013878160386632,936751107.9113917,936.7511079113917,0.8520653218059558,0.6100348667591704
SPI12,B,308,-0.022571642289465517,0.0,-0.6821753921427528,0.9011538016938665,179371767.23048025,179.37176723048026,0.7720229835983917,0.6100348667591704
SPI12,B,309,-0.1918099206813143,0.0,-0.6609010999411264,0.7935377236799893,383841384.12260896,383.841384122609,0.7942238588252036,0.6100348667591704
SPI12,B,310,0.0,178.40722052334485,0.0,0.700000325551568,5463667267.719013,5463.667267719014,0.87294979898246,0.5927971679652756
SPI12,B,312,-0.0004484913753789345,1062.1975256516594,-0.0007022495866009781,0.7000173324741472,7812342422.672395,7812.342422672395,0.9149500124524139,0.48205073469242543
SPI12,B,313,-4.050537624258843e-06,1982.2651029598242,-0.0005588656095938327,0.7000044070928028,8897282087.067142,8897.282087067142,0.9295904934713772,0.34698651581456574
SPI12,B,314,-0.035517854768780444,0.0,-0.4945607235001545,0.7000553599657806,663744859.7910509,663.7448597910509,0.8257373607998006,0.6100348667591704
SPI12,B,315,-1.891510564439105e-06,992.9448613678585,-0.00014780054392955072,0.7000207673671076,7704644083.7340555,7704.644083734055,0.9132333582381612,0.4929999644216743
SPI12,B,316,-1.8325443896075115,0.0,-1.1509858251435183,0.8869933920183669,105604148.00684163,105.60414800684163,0.7646849539260683,0.6100348667591704
SPI12,B,320,0.0,1484.4061891806314,0.0,0.7,8374886406.562384,8374.886406562384,0.9233198135695733,0.4132600419824243
SPI12,B,321,-0.9275292493472544,0.0,-1.1244595584862904,0.9506088107750008,48087669.1621817,48.0876691621817,0.7592592592592593,0.6100348667591704
SPI12,B,322,-3.864441426632341,0.0,-0.8382023449736585,0.8797110996440487,178333033.07687247,178.33303307687248,0.7717650407371832,0.6100348667591704
SPI12,B,323,0.0,415.1469209812999,-0.0003637465259479142,0.7,6452460455.462245,6452.460455462245,0.8903209164976694,0.5675899242181663
SPI12,B,325,0.0,678.8015224343644,0.0,0.7,7126841831.584705,7126.841831584706,0.9032180595581172,0.536334365104778
SPI12,B,329,-0.0012572410436897663,319.58045355601973,-0.00026195327871933634,0.7000000414556817,6124709572.720572,6124.709572720572,0.8841036040843918,0.5783345785747322
SPI12,B,330,-1.9690806663168003,0.0,-0.5179428136443296,0.7001009353122358,648933391.5998605,648.9333915998606,0.8240384957483902,0.6100348667591704
SPI12,B,331,-6.9776223186098e-08,959.3041874657763,0.0,0.7000197741913908,7650152699.622127,7650.152699622126,0.9125217917244813,0.49828334578574734
SPI12,B,332,-0.00015070052128790534,1030.9877538245516,0.0,0.7000151051202887,7764776229.227977,7764.776229227977,0.914220656775892,0.4869961219625005
SPI12,B,333,0.0,0.0,-0.1516553739539098,0.7000581687807859,886092893.3949859,886.0928933949859,0.8476625040025617,0.6100348667591704
SPI12,B,334,0.0,377.52380968594076,0.0,0.7000000001914015,6331298221.024177,6331.298221024176,0.8880705873981571,0.5719037962073505
SPI12,B,335,0.0,116.60373276812058,-0.00028898221600423486,0.7000000105145655,5035625955.801861,5035.625955801861,0.867372896431494,0.5987921158430285
SPI12,B,336,0.0,453.87059696941367,0.0,0.7,6569228125.586926,6569.228125586927,0.8925445618529191,0.563409470950297
SPI12,B,337,-1.2803231983588361,0.0,-0.5009449450751855,0.7130184560434017,631615151.2860432,631.6151512860432,0.8219838474401394,0.6100348667591704
SPI12,B,338,-1.222589639509194e-05,198.60394936748688,0.0,0.7000055700137655,5578509676.854268,5578.509676854268,0.8746842423595547,0.5906624684242359
SPI12,B,339,-3.902935107400913e-06,271.4485948371747,0.0,0.7000165190559464,5930349631.898415,5930.349631898414,0.8806880848187284,0.5833333333333333
SPI12,B,340,-2.818830829234246e-06,714.6582241285388,-0.000548553290088161,0.7000000026609254,7201706302.836188,7201.706302836188,0.9046767709111607,0.531531291137439
SPI12,B,341,-0.00015070052128790534,992.5554299458458,-7.604852926649397e-05,0.7000013167021483,7704124861.878688,7704.124861878688,0.9132244636567403,0.49309780481730525
SPI12,B,342,-0.21658615429817196,0.0,-0.23728184730824287,0.7000182218550802,829357211.2824296,829.3572112824296,0.8422101255914898,0.6100348667591704
SPI12,B,343,0.0,37.10834337980242,-2.6463829051081076e-06,0.7,4076802190.85741,4076.80219085741,0.8604262283416941,0.6066638204006118
SPI12,B,346,-2.496710552069624e-07,1533.5675309151366,0.0,0.7000002032906145,8431957943.560817,8431.957943560818,0.9241025367346212,0.4054683886576298
SPI12,B,347,-0.8078046610314029,0.0,-0.6490998756680748,0.7054919644094839,555034894.9831812,555.0348949831813,0.8135606788344542,0.6100348667591704
SPI12,B,348,-6.286928079983152e-06,546.4697454554441,0.0,0.7000115994047486,6819730977.350975,6819.730977350975,0.8971074821218913,0.5525225032909952
SPI12,B,349,-7.068592667552317e-08,1062.0855967737216,0.0,0.7000000655783766,7812611251.103343,7812.611251103343,0.9149589070338349,0.4820240509481625
SPI12,B,350,-2.5677628831946895,0.0,-0.9413241505556958,0.8419602934349844,205385935.96866086,205.38593596866087,0.7745490447219555,0.6100348667591704
SPI12,B,354,0.0,924.7600109180321,0.0,0.7000000818438017,7592746255.206636,7592.746255206636,0.9116056498381185,0.5032376276372434
SPI12,B,355,-0.0019982841581727417,0.0,-0.29728551957132376,0.7019094822699924,783254094.4923543,783.2540944923543,0.8377984132066745,0.6100348667591704
SPI12,B,356,-0.8078046610314029,0.0,-0.644531155455201,0.7346280747872377,502316539.23015875,502.31653923015875,0.8072633151883872,0.6100348667591704
SPI12,B,357,-0.0004854988915655306,1985.601371220686,0.0,0.7,8900736694.06758,8900.73669406758,0.9296260717970611,0.34682641334898784
SPI12,B,358,-1.3264548005613583,0.0,-0.6086660813081007,0.797039699903,399980497.776207,399.98049777620696,0.7962607179706122,0.6100348667591704
SPI12,B,360,-0.049506433129605565,0.0,-0.3307876184877493,0.7004790026815446,766134569.8565664,766.1345698565664,0.8362062831323159,0.6100348667591704
SPI12,B,365,0.0,213.47602445480322,0.0,0.700009124913439,5657509396.184096,5657.509396184097,0.8759739566655995,0.5891770733269293
SPI12,B,366,-0.8788260698502013,0.0,-0.7129681919570461,0.7000053367268536,524486216.3227733,524.4862163227733,0.8102607891272635,0.6100348667591704
SPI12,B,367,-0.0012465521153078398,53.17588188321531,-7.246195483274999e-05,0.7000053919947362,4350567095.656277,4350.567095656276,0.8621339879745258,0.6050005336748852
SPI12,B,368,0.0,355.49633773440416,0.0,0.7000000142726193,6255878555.589918,6255.8785555899185,0.8865851923008502,0.5746522218664389
SPI12,B,370,-0.0004895019149187932,250.10367668450323,-3.381937568885647e-06,0.7,5835679671.984922,5835.679671984923,0.8790159035115807,0.5855658732700039
SPI12,B,371,0.0,826.5620266857736,-0.00028898221600423486,0.7000000105145655,7419426636.761666,7419.4266367616665,0.9086259650620842,0.5169085992813178
SPI12,B,372,-1.3224305577408948,0.0,-0.6332652883140673,0.8388167429433873,309539476.6709869,309.5394766709869,0.7859163197779913,0.6100348667591704
SPI12,B,373,0.0,0.0,-0.20185273671427995,0.7,853594644.686952,853.594644686952,0.8445938734123173,0.6100348667591704
SPI12,B,375,0.0,657.5964588792849,0.0,0.7,7080884692.691198,7080.884692691198,0.9023286014160173,0.5389137937168675
SPI12,B,376,-0.0012199205878347325,1766.8208636468496,0.0,0.7003086686495765,8684293675.53255,8684.29367553255,0.9271533781620236,0.3716245063507312
SPI12,B,377,-1.3676653958490366,0.0,-0.5737586645900072,0.7007263756201263,611064170.5097303,611.0641705097304,0.8200181449460989,0.6100348667591704
SPI12,B,379,-0.0528343311233086,0.0,-0.01817770884841166,0.7,975134309.3871347,975.1343093871346,0.855614259792934,0.6100348667591704
SPI12,B,381,0.0,84.30906958255939,-0.00028898221600423486,0.7000000113634235,4737125190.277867,4737.125190277868,0.8646956274237733,0.6018607464332726
SPI12,B,382,-3.864441426632341,0.0,-0.8382023449736585,0.7003999429801898,443968517.68436086,443.96851768436085,0.8019532500800511,0.6100348667591704
SPI12,B,384,-1.7535716629161576e-09,1178.329383132998,0.0,0.7000063123269586,7982214516.404653,7982.214516404652,0.9175472302273454,0.4637812644536949
SPI12,B,385,0.0,527.5526161217313,-0.00034986221682713995,0.7,6771159537.984745,6771.159537984745,0.8962891806311595,0.5547995161347706
SPI12,B,387,-6.758272825612889e-08,337.40614546282586,-2.4714941659886305e-06,0.7000044478534011,6191171104.168597,6191.171104168598,0.8855000533674885,0.5764934002205857
SPI12,B,389,-0.00015070052128790534,803.1210344059209,0.0,0.7000151051202887,7375924865.417462,7375.924865417463,0.9078877148041413,0.5200839648486143
SPI12,B,393,0.0,96.87334759706783,-4.200120043955938e-05,0.7000151912132162,4862269370.171151,4862.269370171151,0.8658875013341871,0.6005621375458071
SPI12,B,394,0.0,746.4640242766498,-0.0005755779722321273,0.7000011570860193,7266038224.415001,7266.0382244150005,0.9058241719144696,0.5276710428007259
SPI12,B,395,-0.9333574619270428,0.0,-1.090735277143286,0.7137377390714518,292580638.44348496,292.580638443485,0.7856316931725195,0.6100348667591704
SPI12,B,397,-1.100222799434023,0.0,-0.3975283194112382,0.7,726183547.4554162,726.1835474554161,0.8322215106557087,0.6100348667591704
SPI12,B,398,-0.8675638619063931,0.0,-1.3942130511113802,0.8888855969183821,68495244.05096345,68.49524405096345,0.7612071725904579,0.6100348667591704
SPI12,B,399,0.0,394.5494319395299,0.0,0.700005772999511,6387324490.567031,6387.324490567031,0.8890934642615719,0.5698936208062049
SPI12,B,400,-4.127351034324609e-06,232.88513356513386,0.0,0.700014656098709,5754529117.51836,5754.52911751836,0.8775660867399581,0.5872914220656776
SPI12,B,401,-6.450001218390873e-05,1384.2445564330847,-5.107252969765217e-07,0.7000398963271335,8253628768.531633,8253.628768531633,0.9215408972853736,0.42911018607464335
SPI12,B,403,-1.2760483544753662,0.0,-0.49143953887625624,0.7000089364393441,666292658.7039874,666.2926587039874,0.8260130928238517,0.6100348667591704
SPI12,B,404,0.0,604.0654974585367,-0.003810482152532406,0.7000175517030627,6957767731.680212,6957.767731680212,0.8998203294552959,0.5452645248514605
SPI12,B,405,0.0,286.344693249581,-6.859523195918484e-07,0.7000056014370495,5993185281.478621,5993.185281478621,0.8817376454264062,0.5818123599103425
SPI12,B,406,-1.1466402703360907e-06,1711.0621473768801,-0.00038274344410036846,0.7001559351471002,8626462015.9642,8626.4620159642,0.9264773899740276,0.37875796065037187
SPI12,B,407,-0.00048560738943783624,1605.3660452625913,-4.1118327602505435e-06,0.7000000427677259,8512895649.065755,8512.895649065755,0.925205464830825,0.39448358060269684
SPI12,B,408,-0.19203790661661807,0.0,-0.6355820318216706,0.7003752298687816,573275776.030328,573.2757760303281,0.8156953783754937,0.6100348667591704
SPI12,B,409,-1.898291905127358e-07,1226.3422387280307,-0.0009745116272433633,0.7000006308581664,8048121888.639593,8048.121888639593,0.9186946312306543,0.45598071654747935
SPI12,B,410,-0.0012874639418564908,573.5476533196695,0.0,0.7000000415305546,6886893357.639496,6886.893357639496,0.8984238801721991,0.5492048244209627
SPI12,B,411,-6.321398154513153e-05,20.410650423440284,0.0,0.7000245181010569,3670119913.5723414,3670.1199135723414,0.8587273632902837,0.6081492154979187
SPI12,B,413,-0.00015284100830956302,1654.6309770982534,-3.2966320978639903e-06,0.7000005379207509,8566761173.6123295,8566.761173612329,0.9258636638559788,0.3867186110221653
SPI12,B,414,-1.8325443896075115,0.0,-0.07073649923008613,0.7006496249321116,938936685.3601727,938.9366853601728,0.8524033158999537,0.6100348667591704
SPI12,B,415,0.0,2053.906700200905,0.0,0.7000053783474683,8964310900.515957,8964.310900515957,0.930355427473583,0.3397463265378732
SPI12,B,420,-0.8078046610314029,0.0,-0.644531155455201,0.7771215869060535,421903050.99685717,421.9030509968572,0.7984843633258618,0.6100348667591704
SPI12,B,422,-2.9769523333358814,0.0,-1.006002707606071,0.9410181312947394,69810143.2525162,69.8101432525162,0.7612783292418259,0.6100348667591704
SPI12,B,423,-1.8571155392232153,0.0,-0.6837800114713185,0.8401477494314963,289413114.5970544,289.4131145970544,0.7835948340271104,0.6100348667591704
SPI12,B,424,-0.01764308550473248,6.283340910891525,0.0,0.7,3018959201.878393,3018.9592018783933,0.8574109652399757,0.6094033514782795
SPI12,B,427,-0.0008841378115041472,336.3286813567382,0.0,0.7,6187285389.510552,6187.285389510553,0.8854466858789626,0.5766357135233217
SPI12,B,429,-3.1943363616558473,0.0,-1.0857145765524938,0.8803193559591471,123390186.89962175,123.39018689962175,0.7664193973031631,0.6100348667591704
SPI12,B,430,-0.0004984708628866692,1711.5557577546986,0.0,0.7,8627744092.486061,8627.74409248606,0.9264951791368697,0.3788380118831608
SPI12,B,431,-2.691998468407429,0.0,-2.225860246975408,0.7179901545571772,26854204.26877489,26.85420426877489,0.7579695449532146,0.6100348667591704
SPI12,B,432,0.0,231.83810444632945,0.0,0.7000339451195637,5749385921.089409,5749.385921089409,0.877486035507169,0.5873892624613086
SPI12,B,433,0.0,631.1514448288739,0.0,0.7,7022056499.864659,7022.05649986466,0.9011723058312876,0.5420624755399011
SPI12,B,434,0.0,143.1994050286737,0.0,0.7,5237130644.357675,5237.130644357675,0.8698722738107946,0.5962215818123598
SPI12,B,435,-0.000997180871893013,34.60713019125001,0.0,0.7,4026316139.456982,4026.316139456982,0.8601949692247483,0.60682392286619
SPI12,B,436,-3.7607527951650765,0.0,-0.9959794657458892,0.8809305846612582,142775061.55653766,142.77506155653765,0.7681894190059415,0.6100348667591704
SPI12,B,437,0.0,1766.2156440362623,0.0,0.7003931177269928,8683401640.79216,8683.40164079216,0.9271533781620236,0.3716067171878892
SPI12,B,438,0.0,959.8735868428648,0.0,0.7,7651146642.263262,7651.146642263262,0.9125395808873233,0.4982299782972213
SPI12,B,439,-1.446742045994784,0.0,-1.036436891414765,0.7,335875156.4457705,335.87515644577053,0.7903280321628066,0.6100348667591704
SPI12,B,440,0.0,0.0,-0.07102058771256436,0.7,940769849.9697993,940.7698499697992,0.8525812075283737,0.6100348667591704
SPI12,B,442,-2.026693128136627e-05,803.025027204488,0.0,0.7,7375796087.1495905,7375.796087149591,0.9078877148041413,0.5200572811043512
SPI12,B,444,-0.0008794053007159693,455.7745203430672,0.0,0.7,6574753571.523006,6574.753571523006,0.8926335076671291,0.563293841391824
SPI12,B,445,-0.0009395094236027941,158.16877369771024,0.0,0.7,5338126492.258746,5338.126492258746,0.87117088269826,0.5947361867150531
SPI12,B,446,0.0,320.00797000449677,-0.00026691871745317466,0.7,6126335810.744062,6126.335810744063,0.8841480769914968,0.5782634219233642
SPI12,B,447,-0.07830612950746085,0.0,-0.5923552401152394,0.7033010410848165,595009095.5916133,595.0090955916133,0.8181235991034261,0.6100348667591704
SPI12,B,448,0.0,1100.4110798977495,0.0,0.7,7869957000.63755,7869.957000637551,0.9158839435016186,0.4759401572561996
SPI12,B,449,-0.0007339267019226727,599.4326415901513,0.0,0.7000024481211048,6948848090.549661,6948.848090549661,0.8997669619667698,0.5458604618066674
SPI12,B,450,0.0,0.0,-0.632350614536884,0.700442547171043,575684061.6334801,575.68406163348,0.8160956345394385,0.6100348667591704
SPI12,B,453,0.0,859.222017763926,-9.01130261974869e-06,0.7000000095187409,7478779058.988688,7478.779058988688,0.9098801010424448,0.5122834169423988
SPI12,B,454,-6.183156913045527e-05,1484.0757482753836,0.0,0.7,8374487961.405892,8374.487961405892,0.9233109189881523,0.4133667769594762
SPI12,B,457,-0.0004697321036331791,177.58916151958124,0.0,0.7,5458810286.649996,5458.810286649996,0.8728697477496709,0.5928772191980646
SPI12,B,462,0.0,1139.9030968510979,0.0,0.7,7927618939.437788,7927.618939437788,0.9167467178994556,0.4699541039598677
SPI12,B,464,0.0,993.7596105362489,-5.775333798898209e-07,0.7,7706157987.327179,7706.157987327179,0.9132778311452663,0.49286654570035937
SPI12,B,465,0.0,1533.9533224717604,-0.0005440764740515159,0.7000000035463969,8432097336.231548,8432.097336231549,0.9241114313160423,0.4054239157505248
SPI12,B,466,0.0,271.94581838043274,-0.00033929163942889723,0.7000001416714399,5932311573.65855,5932.3115736585505,0.8807147685629915,0.5832621766819653
SPI12,B,467,-0.009185659887869594,0.0,-0.7009911731904788,0.7136774005969572,507642450.1157822,507.6424501157822,0.8083840324474331,0.6100348667591704
SPI12,B,468,-0.05063193587708886,0.0,-0.2792569952941566,0.7000038655022055,800532626.1183119,800.5326261183119,0.8393460703739282,0.6100348667591704
SPI12,B,469,-0.9724888494161898,0.0,-0.16153230069397972,0.7003864794197862,878730083.5108832,878.7300835108832,0.8470309887216708,0.6100348667591704
SPI12,B,470,-0.0008841378115041472,574.6726486680035,0.0,0.7,6889632925.241154,6889.632925241153,0.8984861422421461,0.5490891948624897
SPI12,B,471,-0.1683784256129314,0.0,-0.49559110787495086,0.7,663360959.6040143,663.3609596040143,0.8257106770555377,0.6100348667591704
SPI12,B,472,-2.832403509084153,0.0,-0.7619029934954387,0.711659079830231,473073977.7258718,473.0739777258718,0.8046572028320347,0.6100348667591704
SPI12,B,474,-0.629976300302824,0.0,-0.21160810952459802,0.70028836935574,846297960.8147696,846.2979608147697,0.8438823068986374,0.6100348667591704
SPI12,B,475,0.0,495.019444197163,0.0,0.7,6684968814.306657,6684.968814306657,0.8947948909524318,0.558739815704273
SPI12,B,477,-0.0008702370378293659,1828.145473800616,-7.117128572632463e-05,0.7,8747472138.252947,8747.472138252946,0.9279361013270715,0.3641263742128295
SPI12,B,478,-0.0008794053007159693,473.82018659977916,0.0,0.7,6626279347.595387,6626.279347595388,0.8936563845305439,0.5612480876649945
SPI12,B,479,-0.0008702370378293659,56.126116736040444,-7.117128572632463e-05,0.7,4393739807.281359,4393.7398072813585,0.8624808766499448,0.6046447504180453
SPI12,B,480,-2.689421270959575,0.0,-0.5377262300694053,0.7000254109794702,635759051.5303706,635.7590515303706,0.8224819439997154,0.6100348667591704
SPI12,B,481,-0.03555073872414721,0.0,-2.5763662025743086,0.7096200792653433,10459170.173119448,10.459170173119448,0.7566264631586438,0.6100348667591704
SPI12,B,482,-8.302839853322753e-06,656.9385254750634,-0.00029794691272171754,0.7000021528095063,7079254592.813961,7079.254592813961,0.9022574447646495,0.5389938449496566
SPI12,B,483,-8.212168357621101e-08,414.01332377463643,0.0,0.7000032144529336,6449143836.468563,6449.143836468563,0.8902230761020385,0.5677589212651654
SPI12,B,484,0.0,1254.2845000048987,0.0,0.7000078031790645,8086133068.795083,8086.133068795083,0.91928167360444,0.45101754011456213
SPI12,B,485,0.0,355.2220979500191,-7.978315294440924e-05,0.7000018128046706,6254820245.168297,6254.820245168296,0.8865674031380085,0.5746700110292808
SPI12,B,486,-0.0015149236072849292,1615.3516098590671,-0.0005677863026904686,0.7000018281748589,8523638205.958345,8523.638205958345,0.925303305226456,0.393015974668232
SPI12,B,487,-0.01693276778277153,0.0,-0.7049563856126286,0.702687965050348,525110558.343456,525.110558343456,0.8104920482442096,0.6100348667591704
SPI12,B,488,-0.0004873885629494845,928.2633440586148,0.0,0.7000912404563112,7598286200.810114,7598.286200810114,0.9116945956523284,0.5028462660547195
SPI12,B,489,0.0,286.1368974087711,-1.3818901834138856e-07,0.7000000946448777,5992344627.553869,5992.344627553869,0.8817198562635641,0.5818657273988685
SPI12,B,490,-2.634734560268652e-05,198.144303458234,0.0,0.7,5576015999.913733,5576.015999913732,0.8746308748710286,0.5906713630056569
SPI12,B,493,-1.3755644522011496,0.0,-0.2369516973769607,0.7,829610212.4142646,829.6102124142645,0.8422190201729107,0.6100348667591704
SPI12,B,494,0.0,1065.083533155287,-3.9107879604036885e-07,0.7000000095747715,7817153146.715461,7817.153146715461,0.915012274522361,0.4815259543885865
SPI12,B,496,0.0,1990.4417903961712,-3.4321162147496085e-05,0.7001349173718943,8904854006.379145,8904.854006379144,0.9296349663784822,0.3461237414167289
SPI12,B,497,0.0,302.27059467554227,-1.0264833159192145e-06,0.7000001147986824,6057656181.094939,6057.656181094939,0.8829384139182409,0.5801668623474578
SPI12,B,498,-0.1683784256129314,0.0,-0.01434660144484301,0.7,978191028.8704717,978.1910288704718,0.855889991816985,0.6100348667591704
SPI12,B,499,-0.0009395094236027941,1654.265804112485,0.0,0.7,8566367846.196959,8566.36784619696,0.9258547692745579,0.3867452947664283
SPI12,B,500,-0.0008794053007159693,114.39558510072426,0.0,0.7,5017560913.400652,5017.560913400652,0.867230583128758,0.5989966912157114
SPI12,B,501,-2.5963387623122616,0.0,-0.6643786103633007,0.7921284568012059,385199695.6648355,385.19969566483553,0.7943572775465186,0.6100348667591704
SPI12,B,502,0.0,86.38257018439066,-0.0006843331153233989,0.7,4758498930.796833,4758.498930796833,0.8649891486106666,0.6016739602234317
SPI12,B,503,-0.03136646725129533,0.0,-0.3954813485213174,0.700003683250506,727664621.036346,727.6646210363459,0.8323193510513397,0.6100348667591704
SPI12,B,504,-1.5159246167402321e-05,0.0,-0.053224489079941144,0.7000412527268146,952786443.5728414,952.7864435728414,0.8535596114846834,0.6100348667591704
SPI12,B,505,-0.3652220193515394,0.0,-0.40585711670938107,0.7049067881953257,709656513.70494,709.6565137049399,0.8305404347671399,0.6100348667591704
SPI12,B,506,-0.03136646725129533,0.0,-0.33137888566396,0.7005136577610693,765442719.9821223,765.4427199821223,0.836135126480948,0.6100348667591704
SPI12,B,507,0.0,97.67194242685628,-0.0005491407264825546,0.7000350971830641,4869473653.435836,4869.473653435836,0.8659408688227133,0.6005265592201232
SPI12,B,508,0.0,436.5921184908827,-0.00028404288441314166,0.7000000722998097,6518002204.227045,6518.002204227045,0.8916551037108194,0.5653129113743908
SPI12,B,509,0.0,1442.7603213200523,0.0,0.7,8325308816.4932,8325.3088164932,0.9225815633116304,0.41965524602412213
SPI12,B,510,-0.00046318357611468616,68.42971793994465,0.0,0.7000000700458393,4557007786.960167,4557.007786960167,0.8635393318390436,0.6032571957163696
SPI12,B,511,-0.0003238852353679915,773.9220151686714,0.0,0.7000933711068775,7319938687.368461,7319.938687368461,0.9067225246379904,0.5240954210694845
SPI12,B,512,0.0,713.2127487961475,0.0,0.700019336106744,7198970928.064629,7198.970928064628,0.9046056142597928,0.531709182765859
SPI12,B,513,-0.000933072314936232,1179.18044213297,0.0,0.700007932348205,7983400610.643654,7983.400610643654,0.9175561248087666,0.4636567403138009
SPI12,B,515,-0.018368031190117273,133.15828475453227,0.0,0.700000013957389,5164762097.31812,5164.76209731812,0.8689205535987476,0.5973245099085637
SPI12,B,516,-0.04864001589307082,0.0,-0.5221524081387718,0.7,646194991.4775962,646.1949914775962,0.8238161312128651,0.6100348667591704
SPI12,B,517,-0.0005011668791399062,895.6342881069598,-0.0005676444770740188,0.7,7542508269.354203,7542.508269354204,0.9108585049987548,0.5074714483936386
SPI12,B,518,0.0,1389.4396257156995,-5.275150942651548e-05,0.7000984730296504,8259762230.018762,8259.762230018761,0.9216387376810046,0.42829188458391143
SPI12,B,519,-6.212643788233782e-05,248.59737783412933,0.0,0.7000021552828456,5828752059.946004,5828.752059946004,0.8789002739531079,0.5856726082470559
SPI12,B,520,-2.478396885952487,0.0,-0.13128768705829294,0.7009909604578364,897063756.3686786,897.0637563686786,0.8487387483545026,0.6100348667591704
SPI12,B,521,-0.015364202690239193,0.0,-0.632350614536884,0.8396796892363121,308163133.11275953,308.1631331127595,0.7858095848009392,0.6100348667591704
SPI12,B,523,-6.183156913045527e-05,1027.7452184217154,0.0,0.7000036039444542,7759743355.100053,7759.743355100053,0.91420286761305,0.4874942185220763
SPI12,B,524,0.0,523.268253935306,0.0,0.7000012578835845,6760224112.021829,6760.224112021829,0.8960846052584764,0.5551997722987155
SPI12,B,525,-0.00032546987044435743,2051.6888396048,0.0,0.7001223093495598,8961880492.628824,8961.880492628825,0.93032874372932,0.340111004376134
SPI12,B,527,0.0,0.0,-0.6408268751145173,0.70000013295518,570201259.8273469,570.2012598273469,0.8152239655601808,0.6100348667591704
SPI12,B,528,-0.4774462350983403,0.0,-0.7604591289443103,0.744058106523952,421134850.5939521,421.13485059395214,0.7982531042089159,0.6100348667591704
SPI12,B,529,0.0,213.10489864865718,-0.000522342304032423,0.7000095233136984,5655282463.7538185,5655.282463753819,0.8759028000142315,0.5892126516526133
SPI12,B,532,-0.4774462350983403,0.0,-1.1613547016322134,0.744058106523952,234382471.77177164,234.38247177177163,0.7791297541537694,0.6100348667591704
SPI12,B,533,-1.7327722312037062,0.0,-0.012751618061653924,0.7004950470621342,977446953.943967,977.446953943967,0.8557565730956701,0.6100348667591704
SPI12,B,534,0.0,629.0746075262471,-0.0005108379191784591,0.7,7017043874.495241,7017.043874495241,0.9010922545984984,0.542240367168321
SPI12,B,535,0.0,573.3676281575641,-0.0005665132976294357,0.7,6886149851.9796505,6886.1498519796505,0.8984060910093571,0.5491870352581207
SPI12,B,536,0.0,658.1659121008283,0.0,0.7,7082132389.1673355,7082.1323891673355,0.9023552851602804,0.5388604262283416
SPI12,B,537,-0.007908525951079881,0.0,-2.579691615955346,0.7020035935775875,10656810.133952735,10.656810133952735,0.7566353577400647,0.6100348667591704
SPI12,B,538,-0.4785121824404391,0.0,-0.8126110229733462,0.7449422374823559,391779987.54592216,391.77998754592215,0.7953267869214076,0.6100348667591704
SPI12,B,541,-1.5333358204142946,0.0,-0.6986408678481719,0.7521938984099171,440409599.2102285,440.4095992102285,0.8003522254242716,0.6100348667591704
SPI12,B,542,0.0,806.612403345868,-0.00046628073881960284,0.7000001332693789,7382301454.292305,7382.301454292305,0.9080122389440353,0.5196214466147223
SPI12,B,543,0.0,456.2590861520062,-0.0007666046728083166,0.700013421461369,6575733249.304799,6575.733249304799,0.8926424022485501,0.563204895577614
SPI12,B,547,-2.8609348397991926e-07,336.4860535820402,-0.0002937803844105576,0.7000002275253857,6187650989.829246,6187.650989829245,0.8854555804603835,0.5765912406162167
SPI12,B,550,0.0,1296.5914868282944,0.0,0.7000193312118795,8142026923.624154,8142.026923624154,0.920091080513751,0.4434571459067136
SPI12,B,551,0.0,678.880465207489,-0.00042818995530418747,0.7,7126782573.414965,7126.782573414965,0.9032180595581172,0.5363254705233571
SPI12,B,554,-2.071977106012736,0.0,-0.398737097819013,0.7052739094954636,712834075.8894715,712.8340758894715,0.8308339559540329,0.6100348667591704
SPI12,B,555,0.0,376.97494620379103,-0.0004977544164074727,0.7000095233136984,6329185489.863946,6329.185489863946,0.8879905361653679,0.5720194257658235
SPI12,B,559,0.0,1220.8492426600237,-0.005596916522375546,0.7000000040836794,8037824589.181057,8037.824589181057,0.9183744262994983,0.4568879638524212
SPI12,B,561,-2.1995291725142654e-05,960.6251228991581,-1.3558672655917425e-06,0.7000094044395724,7652358967.002367,7652.358967002367,0.9125573700501654,0.4980965595759064
SPI12,B,562,-0.00023806163068735973,494.58424532862483,-9.784408798454904e-05,0.7000003198978615,6683686525.491567,6683.6865254915665,0.8947504180453267,0.558837656099904
SPI12,B,563,-4.275574749496939e-09,1707.587063731129,-2.539151573410721e-06,0.7001337500651342,8623095196.15332,8623.095196153321,0.9264418116483436,0.37926495179136877
SPI12,B,564,-3.1552804734001975e-07,600.3612123534308,0.0,0.7000121470475882,6951002248.0853615,6951.002248085361,0.8997758565481909,0.5457537268296153
SPI12,B,565,-0.001297352237876537,524.4923166965684,-0.0005952743566904307,0.7000027588212681,6763085394.994424,6763.085394994424,0.8961646564912654,0.5550663535774006
SPI12,B,566,-0.0018399693969607112,0.0,-0.0697221313336937,0.7019143519621028,935358064.7473193,935.3580647473193,0.8518607464332729,0.6100348667591704
SPI12,B,567,-0.0012796768862764916,743.5813390222866,-1.3558672655917425e-06,0.7000098410764304,7260578773.9769945,7260.578773976995,0.9057619098445225,0.5281157718717757
SPI12,B,568,-1.220504185526064e-08,1766.5428696662398,-0.0005009085051345689,0.700006653602422,8684732030.394508,8684.732030394509,0.9271622727434446,0.37155334969936327
SPI12,B,569,-1.7294984336398633,0.0,-0.6876855909800758,0.7187240385856406,507124798.1764789,507.1247981764789,0.8081171950048031,0.6100348667591704
SPI12,B,570,-0.0009319760776171848,713.5252209541044,-1.5072473178128236e-08,0.7000113906388624,7199639264.053391,7199.639264053391,0.9046234034226349,0.531709182765859
SPI12,B,571,0.0,545.8298154015051,-0.0005268619623746602,0.7000095272104053,6817832295.009987,6817.832295009987,0.8970630092147863,0.552611449105205
SPI12,B,572,-3.6920123036767096,0.0,-0.23159027807875204,0.7005100273250001,831660388.4538149,831.6603884538149,0.8424413847084358,0.6100348667591704
SPI12,B,574,0.0,68.26022036278115,-0.00034583641064247746,0.700010240608743,4554655358.30904,4554.65535830904,0.8635126480947807,0.6032571957163696
SPI12,B,575,0.0,129.48619236620834,0.0,0.7000197580828367,5137198094.913354,5137.198094913354,0.8686537161561176,0.5974846123741416
SPI12,B,576,-0.00036113242557443914,898.9002190052984,-0.0004657680808637113,0.7000001337100515,7548258735.533104,7548.258735533104,0.9109207670687018,0.5069021951826946
SPI12,B,577,-0.003447397975886012,54.97324289979859,-0.0003858457504492905,0.7000434339957874,4376805605.091981,4376.805605091981,0.8623474579286298,0.6047781691393602
SPI12,B,578,-0.0009173913720512417,1384.6527599063986,-0.0009018871857661773,0.7000650155940836,8253566027.15409,8253.56602715409,0.9215231081225317,0.4290657131675384
SPI12,B,580,-1.6117809532635032,0.0,-0.14323315395274355,0.700265977508737,891189729.7762384,891.1897297762384,0.8480894439107696,0.6100348667591704
SPI12,B,581,-1.0827426116568283e-05,473.86444967542405,-0.0005538042678739174,0.7000096508307918,6626070948.29429,6626.070948294289,0.893647489949123,0.5612125093393104
SPI12,B,582,-7.768585853943393e-05,157.94453634430485,-0.0004812961955464757,0.7000066382678133,5336402145.628693,5336.402145628693,0.8711264097911551,0.5947539758778951
SPI12,B,583,-0.001310960821837165,393.71524405290637,0.0,0.7000016751545568,6384623313.996138,6384.623313996138,0.889040096773046,0.5700448286903618
SPI12,B,584,-2.0678640550880663,0.0,-0.39786284856050896,0.7001873021663514,725617646.0038536,725.6176460038536,0.8321592485857616,0.6100348667591704
SPI12,B,585,-3.79564023935156e-08,1359.9600378560071,-0.0063675467887237824,0.700459046781012,8218148081.162868,8218.148081162868,0.9209182765859038,0.4329437506670936
SPI12,B,586,-2.874343975565084e-07,356.026950462786,-0.0002937803844105576,0.7000002279753571,6257560869.42577,6257.56086942577,0.8866207706265343,0.5746077489593339
SPI12,B,589,-2.3936642934663213,0.0,-0.18241123449176647,0.7054175275276016,851869124.0815157,851.8691240815157,0.8443804034582132,0.6100348667591704
SPI12,B,591,-1.6200362445099718e-05,288.5772577232781,-0.0008010918055372168,0.7000069938152198,6001998530.77646,6001.99853077646,0.881879958729142,0.5816522574447646
SPI12,B,592,-2.55472359800231,0.0,-0.5413121803696183,0.7000216454929996,633632033.0959945,633.6320330959944,0.8222595794641904,0.6100348667591704
SPI12,B,594,-0.0030051559529971628,0.0,-0.6621160996283292,0.9530587617930721,87262470.36025801,87.262470360258,0.7631017184331305,0.6100348667591704
SPI12,B,595,-0.0782063216933635,0.0,-0.677130362293027,0.9298469532356859,128084717.11689645,128.08471711689646,0.7669530721884229,0.6100348667591704
SPI12,B,596,0.0,773.0209810202846,-0.0005537967316373283,0.700013421461369,7318145014.846371,7318.145014846371,0.9066869463123064,0.5242288397907996
SPI12,B,597,-0.031371374321536916,0.0,-1.642530267281412,0.8706123319823293,48764456.794395976,48.764456794395976,0.7593215213292063,0.6100348667591704
SPI12,B,599,0.0,826.064594584998,-0.0005235633316083018,0.7000094712524085,7418353877.620229,7418.353877620229,0.9086170704806632,0.5169708613512649
SPI12,B,600,-0.030668889121749747,0.0,-1.8380295461597922,0.7000304511546713,74170730.10619466,74.17073010619465,0.7628971430604475,0.6100348667591704
SPI12,B,601,-9.87858053080724e-06,177.3384186781541,-0.0005028562039859826,0.7000578206567201,5456815956.244032,5456.815956244032,0.8728341694239868,0.5928861137794855
SPI12,B,602,-0.00034518676680859626,924.1559015899884,-0.0004657680808637113,0.7000006314741211,7591489721.515484,7591.489721515484,0.9115967552566974,0.5033265734514534
SPI12,B,603,-1.8853900145686158,0.0,-0.29937255711950916,0.7011045147930496,783738409.5881913,783.7384095881913,0.8379585156722525,0.6100348667591704
SPI12,B,604,-0.0012945882521438867,1140.7519083032264,-0.00046303066208525513,0.7000494089266758,7928460701.127302,7928.460701127302,0.9167645070622976,0.46984736898281565
SPI12,B,605,-0.00013268271735567935,84.12080672595619,0.0,0.7002587092274771,4734469476.0976095,4734.46947609761,0.8646333653538265,0.6018963247589567
SPI12,B,607,-0.0013339181298120603,1258.6392204415288,-0.0014586238025547935,0.7000369987656523,8091018093.806405,8091.018093806405,0.9192905681858612,0.45027039527519835
SPI12,B,608,-3.3035351396556904e-09,1903.165230212107,0.0,0.7000118433738175,8821825584.733644,8821.825584733644,0.9289056107019604,0.3551339523962002
SPI12,B,610,-0.054951227709214456,0.0,-0.48626921494001196,0.7005773114327882,668226001.3295609,668.2260013295609,0.8261998790336926,0.6100348667591704
SPI12,B,611,-0.0013653410881217056,1542.1969869052436,-0.0005657862171200523,0.700226424731166,8440822752.564307,8440.822752564307,0.9241647988045683,0.404303198491479
SPI12,B,613,-1.5621922878930359e-07,143.883489394689,-0.0007826722755322551,0.7000001708949746,5241538340.594277,5241.5383405942775,0.8699345358807415,0.5961326359981499
SPI12,B,614,-0.0012266839254244217,251.3311566276471,-4.120303924248054e-05,0.7000098410764304,5841197893.721877,5841.197893721877,0.8790870601629488,0.5854591382929519
SPI12,B,615,-0.0012945882521438867,1106.764847063861,-0.0008194533818271235,0.7000244449118067,7878868850.851222,7878.868850851222,0.9160173622229337,0.4751307503468887
SPI12,B,617,-0.4785121824404391,0.0,-0.8095737867054016,0.872703650168307,196333342.56940955,196.33334256940955,0.7734105383000676,0.6100348667591704
SPI12,B,619,-1.5007523601190218,0.0,-0.16659031183460882,0.7000238803045551,877261326.9905719,877.2613269905719,0.8469064645817768,0.6100348667591704
SPI12,B,621,-3.4008587745359693e-12,302.4002193688192,-1.055392116143777e-05,0.7000111620917481,6058133487.725758,6058.133487725758,0.8829562030810829,0.5801579677660369
SPI12,B,622,-2.417542236645261,0.0,-0.5785705723517239,0.7001862316262423,609952910.690752,609.952910690752,0.819822464154837,0.6100348667591704
SPI12,B,623,-0.06479657455368615,0.0,-0.05405174164437998,0.7004228034234357,950994609.232205,950.994609232205,0.8533817198562633,0.6100348667591704
SPI12,B,624,-0.0001238806174910824,35.669369315865865,-0.0003813128510012908,0.7000000245642127,4047851216.1481028,4047.8512161481026,0.8602928096203792,0.60673497705198
SPI12,B,627,-0.0013653410881217056,1490.035664234704,-0.0005548351712831288,0.700014053411229,8381120879.054516,8381.120879054515,0.9233820756395203,0.4123616892589035
SPI12,B,631,0.0,454.43420374170745,0.0,0.7,6570866699.225768,6570.866699225768,0.8925534564343403,0.563373892624613
SPI12,B,632,0.0,495.904303261199,0.0,0.7,6687375925.531506,6687.375925531505,0.8948304692781156,0.5586241861458
SPI12,B,634,-2.553977797724241,0.0,-0.691957154885636,0.8381453765179369,290226859.274239,290.226859274239,0.7837371473298467,0.6100348667591704
SPI12,B,635,0.0,213.23299857630232,0.0,0.7,5656282889.54105,5656.28288954105,0.8759383783399154,0.5891859679083503
SPI12,B,636,0.0,129.34322951579077,0.0,0.7,5136180946.432277,5136.180946432277,0.8686448215746966,0.5974935069555627
SPI12,B,638,-0.00028552804820236355,178.59511393474918,0.0,0.7000152259390223,5464730300.128875,5464.730300128875,0.8729586935638808,0.5927615896395915
SPI12,B,641,-1.960186090735978,0.0,-0.5726505883376273,0.8109176239502893,386627364.03298336,386.62736403298334,0.7946241149891484,0.6100348667591704
SPI12,B,643,0.0,657.5302272287086,0.0,0.7000006684260697,7080735485.463801,7080.7354854638015,0.9023197068345964,0.5389226882982886
SPI12,B,644,0.0,232.81200131427715,-0.0007655786340763794,0.7,5753841583.673683,5753.841583673683,0.877548297577116,0.5873092112285195
SPI12,B,646,-1.4952277015822004,0.0,-0.6909130413594327,0.9512083966809854,87718633.85604048,87.71863385604048,0.7631817696659197,0.6100348667591704
SPI12,B,647,0.0,1764.1888977191904,-0.0043598748322297,0.7,8680275177.66878,8680.27517766878,0.9270466431849717,0.3718557654676771
SPI12,B,649,0.0,1218.8817606732177,0.0,0.7,8038420641.975898,8038.4206419758975,0.9184989504393923,0.45727043085352403
SPI12,B,650,0.0,199.80724333671003,0.0,0.7,5585086021.67077,5585.08602167077,0.8748087664994486,0.590529049702921
SPI12,B,651,0.0,925.3368452077852,0.0,0.7000257067175797,7593632457.292805,7593.632457292805,0.9116234390009607,0.5031842601487174
SPI12,B,652,0.0,249.67780002452224,-4.231306418068834e-05,0.7000000383168282,5833672595.814495,5833.672595814495,0.8789803251858967,0.5855836624328459
SPI12,B,653,-1.2529340116059653,0.0,-0.6860518919561458,0.7099803144557492,523611793.4181427,523.6117934181427,0.8100740029174227,0.6100348667591704
SPI12,B,654,0.0,336.4474124706554,0.0,0.7,6187687753.7472105,6187.68775374721,0.8854555804603835,0.5766001351976376
SPI12,B,655,0.0,713.5369681150329,-0.0011133962728398384,0.7000640665877234,7198805585.647176,7198.805585647176,0.9045522467712668,0.531673604440175
SPI12,B,657,-1.2529340116059653,0.0,-0.7128535739507396,0.7091904159087647,508446559.5939614,508.4465595939614,0.808472978261643,0.6100348667591704
SPI12,B,658,0.0,2050.8735250162363,0.0,0.7000022998120552,8961543700.712563,8961.543700712562,0.930346532892162,0.339995374817661
SPI12,B,660,-1.876770829168759,0.0,-0.016159125327739332,0.7000135622297813,976474608.6468085,976.4746086468085,0.855712100188565,0.6100348667591704
SPI12,B,661,-1.960186090735978,0.0,-0.5726505883376273,0.7006244461658592,612071619.8136883,612.0716198136882,0.8201871419930976,0.6100348667591704
SPI12,B,662,0.0,82.66496374087671,-2.0778116992258922e-05,0.7000059762994301,4719885390.941541,4719.885390941541,0.8646066816095633,0.6019674814103247
SPI12,B,665,-2.866725775265483,0.0,-0.8361288625652833,0.8674726078200996,197047540.93349057,197.04754093349058,0.7736862703241185,0.6100348667591704
SPI12,B,666,-7.573892136453928e-10,1441.8070127548285,-0.0006194259948684357,0.700002931744523,8323832618.408259,8323.83261840826,0.9225548795673675,0.41983313765254204
SPI12,B,668,-1.1243131876549655,0.0,-0.3548867867482746,0.7000095916890197,752727729.3456001,752.7277293456001,0.835094460454691,0.6100348667591704
SPI12,B,669,-0.11491723946861923,0.0,-0.1206558744362014,0.7188479200198445,849733446.2559288,849.7334462559288,0.8439979364571103,0.6100348667591704
SPI12,B,673,-2.111529816835691e-05,1100.8599841285572,0.0,0.7000000171533062,7870620734.69244,7870.62073469244,0.9158928380830397,0.47586010602341056
SPI12,B,674,0.0,158.05790478017838,0.0,0.7,5337406749.297959,5337.406749297959,0.8711441989539971,0.5947272921336321
SPI12,B,676,-0.001226189758129191,356.76134555344345,-0.00238725039228882,0.7000038980902045,6259128725.936668,6259.128725936668,0.8866296652079553,0.5745188031451239
SPI12,B,678,-1.0148929438296887e-05,773.8536976169812,0.0,0.7000152259390223,7320066703.452638,7320.066703452638,0.9067492083822534,0.5240598427438005
SPI12,B,679,-1.0062862945827142e-08,300.94452817770946,-0.0002449544582490186,0.700008702498768,6052222905.331096,6052.222905331096,0.8828316789411889,0.5802913864873518
SPI12,B,680,0.0,827.7202765602519,0.0,0.7,7421729419.421825,7421.729419421826,0.9086615433877681,0.5167751805600029
SPI12,B,681,-0.0011937942905040425,34.83621910805156,-0.0009849570093963397,0.70000134970224,4030553090.377021,4030.553090377021,0.8602038638061692,0.606797239121927
SPI12,B,682,0.0,97.40081775504046,0.0,0.7,4867348038.445398,4867.348038445399,0.8659408688227132,0.6005265592201232
SPI12,B,684,0.0,0.0,-0.4299014569972195,0.7000005338247337,706878906.9547875,706.8789069547875,0.8302202298359839,0.6100348667591704
SPI12,B,685,0.0,117.09217452004464,0.0,0.7,5039802868.216433,5039.802868216432,0.8674084747571779,0.5987476429359235
SPI12,B,686,0.0,859.8296809732722,-6.759296669350972e-06,0.7000000173198807,7479866215.351001,7479.866215351,0.9098978902052869,0.5122033657096098
SPI12,B,690,-2.718151799319178,0.0,-0.15376288751735928,0.9951095243206036,14555914.167332565,14.555914167332565,0.7568844060198527,0.6100348667591704
SPI12,B,691,-0.09936523588022306,0.0,-0.05179063042695742,0.7008174796768908,951568568.2457814,951.5685682457814,0.8534617710890524,0.6100348667591704
SPI12,B,692,-1.4723778017404206e-05,53.00036899018666,0.0,0.7000262241068375,4347966411.107647,4347.966411107647,0.862098409648842,0.6050094282563061
SPI12,B,693,-7.349560369161441e-05,1257.4369736452659,-0.012243400437349769,0.7000095602012875,8081474001.048363,8081.474001048363,0.9189436795104421,0.45053723271782825
SPI12,B,695,0.0,896.0026836406986,-0.00010350449401925815,0.7,7543363763.6458845,7543.363763645884,0.9108762941615969,0.5073469242537446
SPI12,B,696,-0.18440403421046314,0.0,-0.14251579257990132,0.7000411550011091,892170367.6259656,892.1703676259656,0.8482762301206106,0.6100348667591704
SPI12,B,697,-9.748459119432104e-05,143.8323162377103,-2.0356504394401917e-05,0.7000000065151608,5241561869.310047,5241.561869310047,0.8699434304621626,0.5961504251609919
SPI12,B,702,0.0,1900.2607604766522,-5.387414771295452e-07,0.7000013872299825,8818986824.287111,8818.98682428711,0.9288789269576974,0.3554452627459352
SPI12,B,704,-0.18493848216721398,0.0,-0.16198176770335218,0.7,879600333.4588224,879.6003334588223,0.8471021453730389,0.6100348667591704
SPI12,B,705,-0.0009713602021259825,1140.2877747191555,-0.0009805967870667284,0.7001297487881326,7927232701.209802,7927.232701209801,0.9167111395737715,0.4699274202156047
SPI12,B,707,-1.108768860225911,0.0,-0.39695422995422713,0.7000002086130032,726674843.3078268,726.6748433078268,0.8322481943999717,0.6100348667591704
SPI12,B,710,0.0,600.5163954404591,-0.0005320500102530675,0.7000032500240997,6951089510.467461,6951.089510467461,0.8997847511296118,0.5457359376667733
SPI12,B,711,-0.6130747968403903,0.0,-0.3085547675935083,0.7000021228989546,780616452.7857208,780.6164527857209,0.8376916782296226,0.6100348667591704
SPI12,B,712,-1.3084980381573292,0.0,-0.6920460227796694,0.9299740998139623,125599400.4670148,125.5994004670148,0.7667396022343189,0.6100348667591704
SPI12,B,714,-0.09539507592479701,0.0,-0.4632684210162441,0.7000012647187995,684510280.7374932,684.5102807374932,0.8277920091080513,0.6100348667591704
SPI12,B,715,0.0,630.4039250153743,-2.1108225321680193e-06,0.700000431862591,7020366469.176861,7020.366469176861,0.9011189383427615,0.542115843028427
SPI12,B,716,-0.20426898671326987,99.18344800613426,0.0,0.7,4883888348.171556,4883.888348171557,0.8651225673319813,0.6015850144092219
SPI12,B,717,0.0,413.5530685091732,0.0,0.7000013471565539,6447714968.52851,6447.71496852851,0.8901608140320916,0.5677944995908493
SPI12,B,719,0.0,1615.8082977589015,-2.854144483006075e-08,0.7000060917472046,8524437588.5558,8524.4375885558,0.9253121998078769,0.3928558722026541
SPI12,B,720,-0.0004673114399969803,680.5870752321993,-0.0010647908503574168,0.7000000112276702,7130020706.000935,7130.020706000934,0.9032358487209592,0.5361297897320951
SPI12,B,721,0.0,270.21721083828857,-0.00045757265078214676,0.7000004429336599,5924866120.490998,5924.866120490999,0.8805991390045185,0.5834489628918063
SPI12,B,723,-4.863760400424817e-08,69.894151753519,0.0,0.7000002825323458,4574902702.890971,4574.902702890971,0.8636549613975167,0.6031237769950546
SPI12,B,724,0.0,433.7360852433321,-0.0007831728191815849,0.7000033251206104,6509212449.900023,6509.212449900024,0.8914416337567154,0.5655886433984417
SPI12,B,725,-1.1442450718220019,0.0,-0.5214155964714451,0.700038791309975,646549002.2545937,646.5490022545937,0.8238606041199701,0.6100348667591704
SPI12,B,727,-1.108768860225911,0.0,-0.07101993557262977,0.7,940769849.9697993,940.7698499697992,0.8525812075283737,0.6100348667591704
SPI12,B,730,-0.0013763415635137744,1486.692708586806,-0.00021458554894248944,0.7,8377450661.470153,8377.450661470153,0.9233464973138362,0.4128775749813214
SPI12,B,731,0.0,0.0,-0.7952887589351562,0.8512077412010056,233830822.66492787,233.83082266492787,0.7776621482193049,0.6100348667591704
SPI12,B,732,0.0,1063.7639843783788,-0.001098584494828588,0.7000014113199725,7814517940.238301,7814.517940238301,0.9149678016152559,0.4816949514355855
SPI12,B,734,-0.00021999120258982263,0.0,-0.27530170407798693,0.7002415421281042,801812437.5810606,801.8124375810606,0.8394172270252963,0.6100348667591704
SPI12,B,736,0.0,1387.987945325685,-0.0011502650892442285,0.7000012420586788,8257683860.95881,8257.68386095881,0.9216209485181627,0.4285231437008574
